sep=,
"Time","Electrolyser Power (W)","Electrolyser Production Rate (%)","Hydrogen Flow Rate (NL/h)","Electrolyser Stack Voltage (V)","Electrolyser Stack Current (A)","Container PV Power (W)"
2024-07-16 08:46:02,,,,,,505
2024-07-16 08:46:03,,,,,,508
2024-07-16 08:46:04,,,,,,505
2024-07-16 08:46:05,,,,,,506
2024-07-16 08:46:06,,,,,,507
2024-07-16 08:46:07,,,,,,503
2024-07-16 08:46:08,,,,,,504
2024-07-16 08:46:09,,,,,,502
2024-07-16 08:46:10,,,,,,500
2024-07-16 08:46:11,,,,,,508
2024-07-16 08:46:12,,,,,,498
2024-07-16 08:46:13,,,,,,498
2024-07-16 08:46:14,,,,,,496
2024-07-16 08:46:15,,,,,,498
2024-07-16 08:46:16,,,,,,495
2024-07-16 08:46:17,,,,,,493
2024-07-16 08:46:18,,,,,,489
2024-07-16 08:46:19,,,,,,488
2024-07-16 08:46:20,,,,,,485
2024-07-16 08:46:21,,,,,,483
2024-07-16 08:46:22,,,,,,491
2024-07-16 08:46:23,,,,,,479
2024-07-16 08:46:24,,,,,,475
2024-07-16 08:46:25,,,,,,474
2024-07-16 08:46:26,,,,,,474
2024-07-16 08:46:27,,,,,,471
2024-07-16 08:46:28,,,,,,469
2024-07-16 08:46:29,,,,,,467
2024-07-16 08:46:30,,,,,,466
2024-07-16 08:46:31,,,,,,464
2024-07-16 08:46:32,,,,,,461
2024-07-16 08:46:33,,,,,,469
2024-07-16 08:46:34,,,,,,457
2024-07-16 08:46:35,,,,,,455
2024-07-16 08:46:36,,,,,,454
2024-07-16 08:46:37,,,,,,451
2024-07-16 08:46:38,,,,,,451
2024-07-16 08:46:39,,,,,,453
2024-07-16 08:46:40,,,,,,450
2024-07-16 08:46:41,,,,,,448
2024-07-16 08:46:42,,,,,,445
2024-07-16 08:46:43,,,,,,443
2024-07-16 08:46:44,,,,,,441
2024-07-16 08:46:45,,,,,,439
2024-07-16 08:46:46,,,,,,444
2024-07-16 08:46:47,,,,,,442
2024-07-16 08:46:48,,,,,,441
2024-07-16 08:46:49,,,,,,438
2024-07-16 08:46:50,,,,,,437
2024-07-16 08:46:51,,,,,,441
2024-07-16 08:46:52,,,,,,440
2024-07-16 08:46:53,,,,,,437
2024-07-16 08:46:54,,,,,,440
2024-07-16 08:46:55,,,,,,437
2024-07-16 08:46:56,,,,,,440
2024-07-16 08:46:57,,,,,,436
2024-07-16 08:46:58,,,,,,436
2024-07-16 08:46:59,,,,,,435
2024-07-16 08:47:00,,,,,,435
2024-07-16 08:47:01,,,,,,441
2024-07-16 08:47:02,,,,,,436
2024-07-16 08:47:03,,,,,,436
2024-07-16 08:47:04,,,,,,432
2024-07-16 08:47:05,,,,,,439
2024-07-16 08:47:06,,,,,,436
2024-07-16 08:47:07,,,,,,435
2024-07-16 08:47:08,,,,,,433
2024-07-16 08:47:09,,,,,,437
2024-07-16 08:47:10,,,,,,440
2024-07-16 08:47:11,,,,,,433
2024-07-16 08:47:12,,,,,,429
2024-07-16 08:47:13,,,,,,428
2024-07-16 08:47:14,,,,,,427
2024-07-16 08:47:15,,,,,,427
2024-07-16 08:47:16,,,,,,426
2024-07-16 08:47:17,,,,,,426
2024-07-16 08:47:18,,,,,,424
2024-07-16 08:47:19,,,,,,423
2024-07-16 08:47:20,,,,,,421
2024-07-16 08:47:21,,,,,,420
2024-07-16 08:47:22,,,,,,416
2024-07-16 08:47:23,,,,,,416
2024-07-16 08:47:24,,,,,,413
2024-07-16 08:47:25,,,,,,413
2024-07-16 08:47:26,,,,,,413
2024-07-16 08:47:27,,,,,,413
2024-07-16 08:47:28,,,,,,408
2024-07-16 08:47:29,,,,,,409
2024-07-16 08:47:30,,,,,,402
2024-07-16 08:47:31,,,,,,400
2024-07-16 08:47:32,,,,,,395
2024-07-16 08:47:33,,,,,,390
2024-07-16 08:47:34,,,,,,392
2024-07-16 08:47:35,,,,,,388
2024-07-16 08:47:36,,,,,,381
2024-07-16 08:47:37,,,,,,385
2024-07-16 08:47:38,,,,,,372
2024-07-16 08:47:39,,,,,,375
2024-07-16 08:47:40,,,,,,371
2024-07-16 08:47:41,,,,,,369
2024-07-16 08:47:42,,,,,,370
2024-07-16 08:47:43,,,,,,365
2024-07-16 08:47:44,,,,,,360
2024-07-16 08:47:45,,,,,,364
2024-07-16 08:47:46,,,,,,355
2024-07-16 08:47:47,,,,,,347
2024-07-16 08:47:48,,,,,,351
2024-07-16 08:47:49,,,,,,345
2024-07-16 08:47:50,,,,,,343
2024-07-16 08:47:51,,,,,,344
2024-07-16 08:47:52,,,,,,336
2024-07-16 08:47:53,,,,,,333
2024-07-16 08:47:54,,,,,,328
2024-07-16 08:47:55,,,,,,329
2024-07-16 08:47:56,,,,,,326
2024-07-16 08:47:57,,,,,,324
2024-07-16 08:47:58,,,,,,324
2024-07-16 08:47:59,,,,,,319
2024-07-16 08:48:00,,,,,,320
2024-07-16 08:48:01,,,,,,316
2024-07-16 08:48:02,,,,,,313
2024-07-16 08:48:03,,,,,,315
2024-07-16 08:48:04,,,,,,311
2024-07-16 08:48:05,,,,,,312
2024-07-16 08:48:06,,,,,,308
2024-07-16 08:48:07,,,,,,308
2024-07-16 08:48:08,,,,,,308
2024-07-16 08:48:09,,,,,,305
2024-07-16 08:48:10,,,,,,304
2024-07-16 08:48:11,,,,,,302
2024-07-16 08:48:12,,,,,,302
2024-07-16 08:48:13,,,,,,302
2024-07-16 08:48:14,,,,,,307
2024-07-16 08:48:15,,,,,,300
2024-07-16 08:48:16,,,,,,300
2024-07-16 08:48:17,,,,,,300
2024-07-16 08:48:18,,,,,,296
2024-07-16 08:48:19,,,,,,301
2024-07-16 08:48:20,,,,,,298
2024-07-16 08:48:21,,,,,,300
2024-07-16 08:48:22,,,,,,299
2024-07-16 08:48:23,,,,,,298
2024-07-16 08:48:24,,,,,,303
2024-07-16 08:48:25,,,,,,299
2024-07-16 08:48:26,,,,,,297
2024-07-16 08:48:27,,,,,,298
2024-07-16 08:48:28,,,,,,299
2024-07-16 08:48:29,,,,,,299
2024-07-16 08:48:30,,,,,,297
2024-07-16 08:48:31,,,,,,298
2024-07-16 08:48:32,,,,,,300
2024-07-16 08:48:33,,,,,,299
2024-07-16 08:48:34,,,,,,305
2024-07-16 08:48:35,,,,,,299
2024-07-16 08:48:36,,,,,,300
2024-07-16 08:48:37,,,,,,300
2024-07-16 08:48:38,,,,,,303
2024-07-16 08:48:39,,,,,,304
2024-07-16 08:48:40,,,,,,304
2024-07-16 08:48:41,,,,,,299
2024-07-16 08:48:42,,,,,,304
2024-07-16 08:48:43,,,,,,306
2024-07-16 08:48:44,,,,,,308
2024-07-16 08:48:45,,,,,,305
2024-07-16 08:48:46,,,,,,310
2024-07-16 08:48:47,,,,,,315
2024-07-16 08:48:48,,,,,,313
2024-07-16 08:48:49,,,,,,313
2024-07-16 08:48:50,,,,,,311
2024-07-16 08:48:51,,,,,,316
2024-07-16 08:48:52,,,,,,322
2024-07-16 08:48:53,,,,,,315
2024-07-16 08:48:54,,,,,,317
2024-07-16 08:48:55,,,,,,320
2024-07-16 08:48:56,,,,,,326
2024-07-16 08:48:57,,,,,,326
2024-07-16 08:48:58,,,,,,327
2024-07-16 08:48:59,,,,,,326
2024-07-16 08:49:00,,,,,,331
2024-07-16 08:49:01,,,,,,331
2024-07-16 08:49:02,,,,,,333
2024-07-16 08:49:03,,,,,,335
2024-07-16 08:49:04,,,,,,335
2024-07-16 08:49:05,,,,,,340
2024-07-16 08:49:06,,,,,,343
2024-07-16 08:49:07,,,,,,344
2024-07-16 08:49:08,,,,,,347
2024-07-16 08:49:09,,,,,,349
2024-07-16 08:49:10,,,,,,351
2024-07-16 08:49:11,,,,,,352
2024-07-16 08:49:12,,,,,,358
2024-07-16 08:49:13,,,,,,358
2024-07-16 08:49:14,,,,,,359
2024-07-16 08:49:15,,,,,,360
2024-07-16 08:49:16,,,,,,366
2024-07-16 08:49:17,,,,,,361
2024-07-16 08:49:18,,,,,,366
2024-07-16 08:49:19,,,,,,378
2024-07-16 08:49:20,,,,,,373
2024-07-16 08:49:21,,,,,,370
2024-07-16 08:49:22,,,,,,381
2024-07-16 08:49:23,,,,,,381
2024-07-16 08:49:24,,,,,,379
2024-07-16 08:49:25,,,,,,382
2024-07-16 08:49:26,,,,,,387
2024-07-16 08:49:27,,,,,,387
2024-07-16 08:49:28,,,,,,387
2024-07-16 08:49:29,,,,,,385
2024-07-16 08:49:30,,,,,,385
2024-07-16 08:49:31,,,,,,396
2024-07-16 08:49:32,,,,,,386
2024-07-16 08:49:33,,,,,,386
2024-07-16 08:49:34,,,,,,386
2024-07-16 08:49:35,,,,,,388
2024-07-16 08:49:36,,,,,,392
2024-07-16 08:49:37,,,,,,393
2024-07-16 08:49:38,,,,,,390
2024-07-16 08:49:39,,,,,,391
2024-07-16 08:49:40,,,,,,391
2024-07-16 08:49:41,,,,,,396
2024-07-16 08:49:42,,,,,,393
2024-07-16 08:49:43,,,,,,399
2024-07-16 08:49:44,,,,,,400
2024-07-16 08:49:45,,,,,,397
2024-07-16 08:49:46,,,,,,395
2024-07-16 08:49:47,,,,,,395
2024-07-16 08:49:48,,,,,,398
2024-07-16 08:49:49,,,,,,395
2024-07-16 08:49:50,,,,,,397
2024-07-16 08:49:51,,,,,,399
2024-07-16 08:49:52,,,,,,400
2024-07-16 08:49:53,,,,,,397
2024-07-16 08:49:54,,,,,,396
2024-07-16 08:49:55,,,,,,396
2024-07-16 08:49:56,,,,,,398
2024-07-16 08:49:57,,,,,,400
2024-07-16 08:49:58,,,,,,400
2024-07-16 08:49:59,,,,,,403
2024-07-16 08:50:00,,,,,,410
2024-07-16 08:50:01,,,,,,400
2024-07-16 08:50:02,,,,,,401
2024-07-16 08:50:03,,,,,,405
2024-07-16 08:50:04,,,,,,401
2024-07-16 08:50:05,,,,,,404
2024-07-16 08:50:06,,,,,,403
2024-07-16 08:50:07,,,,,,404
2024-07-16 08:50:08,,,,,,396
2024-07-16 08:50:09,,,,,,400
2024-07-16 08:50:10,,,,,,404
2024-07-16 08:50:11,,,,,,409
2024-07-16 08:50:12,,,,,,408
2024-07-16 08:50:13,,,,,,403
2024-07-16 08:50:14,,,,,,406
2024-07-16 08:50:15,,,,,,403
2024-07-16 08:50:16,,,,,,403
2024-07-16 08:50:17,,,,,,405
2024-07-16 08:50:18,,,,,,402
2024-07-16 08:50:19,,,,,,407
2024-07-16 08:50:20,,,,,,403
2024-07-16 08:50:21,,,,,,402
2024-07-16 08:50:22,,,,,,399
2024-07-16 08:50:23,,,,,,399
2024-07-16 08:50:24,,,,,,398
2024-07-16 08:50:25,,,,,,397
2024-07-16 08:50:26,,,,,,395
2024-07-16 08:50:27,,,,,,396
2024-07-16 08:50:28,,,,,,396
2024-07-16 08:50:29,,,,,,390
2024-07-16 08:50:30,,,,,,388
2024-07-16 08:50:31,,,,,,390
2024-07-16 08:50:32,,,,,,388
2024-07-16 08:50:33,,,,,,383
2024-07-16 08:50:34,,,,,,383
2024-07-16 08:50:35,,,,,,382
2024-07-16 08:50:36,,,,,,377
2024-07-16 08:50:37,,,,,,375
2024-07-16 08:50:38,,,,,,379
2024-07-16 08:50:39,,,,,,375
2024-07-16 08:50:40,,,,,,371
2024-07-16 08:50:41,,,,,,367
2024-07-16 08:50:42,,,,,,370
2024-07-16 08:50:43,,,,,,367
2024-07-16 08:50:44,,,,,,359
2024-07-16 08:50:45,,,,,,358
2024-07-16 08:50:46,,,,,,356
2024-07-16 08:50:47,,,,,,356
2024-07-16 08:50:48,,,,,,355
2024-07-16 08:50:49,,,,,,351
2024-07-16 08:50:50,,,,,,348
2024-07-16 08:50:51,,,,,,345
2024-07-16 08:50:52,,,,,,346
2024-07-16 08:50:53,,,,,,342
2024-07-16 08:50:54,,,,,,339
2024-07-16 08:50:55,,,,,,336
2024-07-16 08:50:56,,,,,,336
2024-07-16 08:50:57,,,,,,339
2024-07-16 08:50:58,,,,,,334
2024-07-16 08:50:59,,,,,,336
2024-07-16 08:51:00,,,,,,333
2024-07-16 08:51:01,,,,,,338
2024-07-16 08:51:02,,,,,,331
2024-07-16 08:51:03,,,,,,331
2024-07-16 08:51:04,,,,,,327
2024-07-16 08:51:05,,,,,,328
2024-07-16 08:51:06,,,,,,328
2024-07-16 08:51:07,,,,,,329
2024-07-16 08:51:08,,,,,,326
2024-07-16 08:51:09,,,,,,332
2024-07-16 08:51:10,,,,,,327
2024-07-16 08:51:11,,,,,,331
2024-07-16 08:51:12,,,,,,328
2024-07-16 08:51:13,,,,,,327
2024-07-16 08:51:14,,,,,,324
2024-07-16 08:51:15,,,,,,325
2024-07-16 08:51:16,,,,,,335
2024-07-16 08:51:17,,,,,,331
2024-07-16 08:51:18,,,,,,324
2024-07-16 08:51:19,,,,,,324
2024-07-16 08:51:20,,,,,,323
2024-07-16 08:51:21,,,,,,328
2024-07-16 08:51:22,,,,,,328
2024-07-16 08:51:23,,,,,,323
2024-07-16 08:51:24,,,,,,327
2024-07-16 08:51:25,,,,,,327
2024-07-16 08:51:26,,,,,,334
2024-07-16 08:51:27,,,,,,325
2024-07-16 08:51:28,,,,,,336
2024-07-16 08:51:29,,,,,,329
2024-07-16 08:51:30,,,,,,328
2024-07-16 08:51:31,,,,,,330
2024-07-16 08:51:32,,,,,,327
2024-07-16 08:51:33,,,,,,328
2024-07-16 08:51:34,,,,,,334
2024-07-16 08:51:35,,,,,,330
2024-07-16 08:51:36,,,,,,330
2024-07-16 08:51:37,,,,,,335
2024-07-16 08:51:38,,,,,,332
2024-07-16 08:51:39,,,,,,333
2024-07-16 08:51:40,,,,,,330
2024-07-16 08:51:41,,,,,,334
2024-07-16 08:51:42,,,,,,335
2024-07-16 08:51:43,,,,,,335
2024-07-16 08:51:44,,,,,,334
2024-07-16 08:51:45,,,,,,333
2024-07-16 08:51:46,,,,,,335
2024-07-16 08:51:47,,,,,,335
2024-07-16 08:51:48,,,,,,335
2024-07-16 08:51:49,,,,,,336
2024-07-16 08:51:50,,,,,,334
2024-07-16 08:51:51,,,,,,335
2024-07-16 08:51:52,,,,,,336
2024-07-16 08:51:53,,,,,,337
2024-07-16 08:51:54,,,,,,338
2024-07-16 08:51:55,,,,,,341
2024-07-16 08:51:56,,,,,,336
2024-07-16 08:51:57,,,,,,338
2024-07-16 08:51:58,,,,,,339
2024-07-16 08:51:59,,,,,,338
2024-07-16 08:52:00,,,,,,340
2024-07-16 08:52:01,,,,,,343
2024-07-16 08:52:02,,,,,,340
2024-07-16 08:52:03,,,,,,341
2024-07-16 08:52:04,,,,,,343
2024-07-16 08:52:05,,,,,,346
2024-07-16 08:52:06,,,,,,346
2024-07-16 08:52:07,,,,,,344
2024-07-16 08:52:08,,,,,,347
2024-07-16 08:52:09,,,,,,347
2024-07-16 08:52:10,,,,,,346
2024-07-16 08:52:11,,,,,,348
2024-07-16 08:52:12,,,,,,344
2024-07-16 08:52:13,,,,,,344
2024-07-16 08:52:14,,,,,,351
2024-07-16 08:52:15,,,,,,348
2024-07-16 08:52:16,,,,,,351
2024-07-16 08:52:17,,,,,,350
2024-07-16 08:52:18,,,,,,351
2024-07-16 08:52:19,,,,,,356
2024-07-16 08:52:20,,,,,,353
2024-07-16 08:52:21,,,,,,357
2024-07-16 08:52:22,,,,,,352
2024-07-16 08:52:23,,,,,,362
2024-07-16 08:52:24,,,,,,353
2024-07-16 08:52:25,,,,,,357
2024-07-16 08:52:26,,,,,,360
2024-07-16 08:52:27,,,,,,364
2024-07-16 08:52:28,,,,,,358
2024-07-16 08:52:29,,,,,,358
2024-07-16 08:52:30,,,,,,360
2024-07-16 08:52:31,,,,,,360
2024-07-16 08:52:32,,,,,,359
2024-07-16 08:52:33,,,,,,359
2024-07-16 08:52:34,,,,,,360
2024-07-16 08:52:35,,,,,,366
2024-07-16 08:52:36,,,,,,372
2024-07-16 08:52:37,,,,,,362
2024-07-16 08:52:38,,,,,,370
2024-07-16 08:52:39,,,,,,363
2024-07-16 08:52:40,,,,,,365
2024-07-16 08:52:41,,,,,,371
2024-07-16 08:52:42,,,,,,367
2024-07-16 08:52:43,,,,,,366
2024-07-16 08:52:44,,,,,,368
2024-07-16 08:52:45,,,,,,372
2024-07-16 08:52:46,,,,,,374
2024-07-16 08:52:47,,,,,,370
2024-07-16 08:52:48,,,,,,370
2024-07-16 08:52:49,,,,,,371
2024-07-16 08:52:50,,,,,,369
2024-07-16 08:52:51,,,,,,373
2024-07-16 08:52:52,,,,,,371
2024-07-16 08:52:53,,,,,,377
2024-07-16 08:52:54,,,,,,378
2024-07-16 08:52:55,,,,,,378
2024-07-16 08:52:57,,,,,,373
2024-07-16 08:52:58,,,,,,370
2024-07-16 08:52:59,,,,,,372
2024-07-16 08:53:00,,,,,,373
2024-07-16 08:53:01,,,,,,373
2024-07-16 08:53:02,,,,,,374
2024-07-16 08:53:03,,,,,,375
2024-07-16 08:53:04,,,,,,377
2024-07-16 08:53:05,,,,,,381
2024-07-16 08:53:06,,,,,,377
2024-07-16 08:53:07,,,,,,378
2024-07-16 08:53:08,,,,,,372
2024-07-16 08:53:09,,,,,,375
2024-07-16 08:53:10,,,,,,377
2024-07-16 08:53:11,,,,,,375
2024-07-16 08:53:12,,,,,,376
2024-07-16 08:53:13,,,,,,375
2024-07-16 08:53:14,,,,,,376
2024-07-16 08:53:15,,,,,,375
2024-07-16 08:53:16,,,,,,374
2024-07-16 08:53:17,,,,,,376
2024-07-16 08:53:18,,,,,,375
2024-07-16 08:53:19,,,,,,377
2024-07-16 08:53:20,,,,,,377
2024-07-16 08:53:21,,,,,,376
2024-07-16 08:53:22,,,,,,383
2024-07-16 08:53:23,,,,,,377
2024-07-16 08:53:24,,,,,,375
2024-07-16 08:53:25,,,,,,377
2024-07-16 08:53:26,,,,,,380
2024-07-16 08:53:27,,,,,,381
2024-07-16 08:53:28,,,,,,377
2024-07-16 08:53:29,,,,,,380
2024-07-16 08:53:30,,,,,,377
2024-07-16 08:53:31,,,,,,378
2024-07-16 08:53:32,,,,,,376
2024-07-16 08:53:33,,,,,,379
2024-07-16 08:53:34,,,,,,380
2024-07-16 08:53:35,,,,,,383
2024-07-16 08:53:36,,,,,,391
2024-07-16 08:53:37,,,,,,383
2024-07-16 08:53:38,,,,,,389
2024-07-16 08:53:39,,,,,,386
2024-07-16 08:53:40,,,,,,383
2024-07-16 08:53:41,,,,,,386
2024-07-16 08:53:42,,,,,,393
2024-07-16 08:53:43,,,,,,390
2024-07-16 08:53:44,,,,,,395
2024-07-16 08:53:45,,,,,,395
2024-07-16 08:53:46,,,,,,394
2024-07-16 08:53:47,,,,,,396
2024-07-16 08:53:48,,,,,,397
2024-07-16 08:53:49,,,,,,401
2024-07-16 08:53:50,,,,,,406
2024-07-16 08:53:51,,,,,,402
2024-07-16 08:53:52,,,,,,412
2024-07-16 08:53:53,,,,,,416
2024-07-16 08:53:54,,,,,,413
2024-07-16 08:53:55,,,,,,419
2024-07-16 08:53:56,,,,,,423
2024-07-16 08:53:57,,,,,,421
2024-07-16 08:53:58,,,,,,424
2024-07-16 08:53:59,,,,,,432
2024-07-16 08:54:00,,,,,,433
2024-07-16 08:54:01,,,,,,440
2024-07-16 08:54:02,,,,,,439
2024-07-16 08:54:03,,,,,,444
2024-07-16 08:54:04,,,,,,458
2024-07-16 08:54:05,,,,,,455
2024-07-16 08:54:06,,,,,,459
2024-07-16 08:54:07,,,,,,461
2024-07-16 08:54:08,,,,,,469
2024-07-16 08:54:09,,,,,,473
2024-07-16 08:54:10,,,,,,483
2024-07-16 08:54:11,,,,,,481
2024-07-16 08:54:12,,,,,,489
2024-07-16 08:54:13,,,,,,489
2024-07-16 08:54:14,,,,,,496
2024-07-16 08:54:15,,,,,,507
2024-07-16 08:54:16,,,,,,504
2024-07-16 08:54:17,,,,,,512
2024-07-16 08:54:18,,,,,,515
2024-07-16 08:54:19,,,,,,528
2024-07-16 08:54:20,,,,,,521
2024-07-16 08:54:21,,,,,,530
2024-07-16 08:54:22,,,,,,534
2024-07-16 08:54:23,,,,,,544
2024-07-16 08:54:24,,,,,,547
2024-07-16 08:54:25,,,,,,546
2024-07-16 08:54:26,,,,,,549
2024-07-16 08:54:27,,,,,,555
2024-07-16 08:54:28,,,,,,558
2024-07-16 08:54:29,,,,,,562
2024-07-16 08:54:30,,,,,,567
2024-07-16 08:54:31,,,,,,567
2024-07-16 08:54:32,,,,,,569
2024-07-16 08:54:33,,,,,,573
2024-07-16 08:54:34,,,,,,575
2024-07-16 08:54:35,,,,,,584
2024-07-16 08:54:36,,,,,,596
2024-07-16 08:54:37,,,,,,592
2024-07-16 08:54:38,,,,,,591
2024-07-16 08:54:39,,,,,,595
2024-07-16 08:54:40,,,,,,596
2024-07-16 08:54:41,,,,,,603
2024-07-16 08:54:42,,,,,,601
2024-07-16 08:54:43,,,,,,606
2024-07-16 08:54:44,,,,,,609
2024-07-16 08:54:45,,,,,,611
2024-07-16 08:54:46,,,,,,612
2024-07-16 08:54:47,,,,,,625
2024-07-16 08:54:48,,,,,,615
2024-07-16 08:54:49,,,,,,619
2024-07-16 08:54:50,,,,,,623
2024-07-16 08:54:51,,,,,,622
2024-07-16 08:54:52,,,,,,632
2024-07-16 08:54:53,,,,,,622
2024-07-16 08:54:54,,,,,,626
2024-07-16 08:54:55,,,,,,628
2024-07-16 08:54:56,,,,,,633
2024-07-16 08:54:57,,,,,,630
2024-07-16 08:54:58,,,,,,629
2024-07-16 08:54:59,,,,,,631
2024-07-16 08:55:00,,,,,,632
2024-07-16 08:55:01,,,,,,632
2024-07-16 08:55:02,,,,,,634
2024-07-16 08:55:03,,,,,,632
2024-07-16 08:55:04,,,,,,633
2024-07-16 08:55:05,,,,,,633
2024-07-16 08:55:06,,,,,,635
2024-07-16 08:55:07,,,,,,635
2024-07-16 08:55:08,,,,,,634
2024-07-16 08:55:09,,,,,,634
2024-07-16 08:55:10,,,,,,637
2024-07-16 08:55:11,,,,,,633
2024-07-16 08:55:12,,,,,,629
2024-07-16 08:55:13,,,,,,634
2024-07-16 08:55:14,,,,,,634
2024-07-16 08:55:15,,,,,,631
2024-07-16 08:55:16,,,,,,631
2024-07-16 08:55:17,,,,,,628
2024-07-16 08:55:18,,,,,,630
2024-07-16 08:55:19,,,,,,630
2024-07-16 08:55:20,,,,,,630
2024-07-16 08:55:21,,,,,,635
2024-07-16 08:55:22,,,,,,631
2024-07-16 08:55:23,,,,,,629
2024-07-16 08:55:24,,,,,,635
2024-07-16 08:55:25,,,,,,635
2024-07-16 08:55:26,,,,,,633
2024-07-16 08:55:27,,,,,,633
2024-07-16 08:55:28,,,,,,628
2024-07-16 08:55:29,,,,,,634
2024-07-16 08:55:30,,,,,,634
2024-07-16 08:55:31,,,,,,634
2024-07-16 08:55:32,,,,,,634
2024-07-16 08:55:33,,,,,,639
2024-07-16 08:55:34,,,,,,637
2024-07-16 08:55:35,,,,,,638
2024-07-16 08:55:36,,,,,,638
2024-07-16 08:55:37,,,,,,640
2024-07-16 08:55:38,,,,,,640
2024-07-16 08:55:39,,,,,,642
2024-07-16 08:55:40,,,,,,641
2024-07-16 08:55:41,,,,,,647
2024-07-16 08:55:42,,,,,,645
2024-07-16 08:55:43,,,,,,646
2024-07-16 08:55:44,,,,,,660
2024-07-16 08:55:45,,,,,,651
2024-07-16 08:55:46,,,,,,654
2024-07-16 08:55:47,,,,,,653
2024-07-16 08:55:48,,,,,,654
2024-07-16 08:55:49,,,,,,655
2024-07-16 08:55:50,,,,,,656
2024-07-16 08:55:51,,,,,,653
2024-07-16 08:55:52,,,,,,651
2024-07-16 08:55:53,,,,,,647
2024-07-16 08:55:54,,,,,,648
2024-07-16 08:55:55,,,,,,647
2024-07-16 08:55:56,,,,,,645
2024-07-16 08:55:57,,,,,,645
2024-07-16 08:55:58,,,,,,644
2024-07-16 08:55:59,,,,,,646
2024-07-16 08:56:00,,,,,,642
2024-07-16 08:56:01,,,,,,642
2024-07-16 08:56:02,,,,,,647
2024-07-16 08:56:03,,,,,,647
2024-07-16 08:56:04,,,,,,642
2024-07-16 08:56:05,,,,,,641
2024-07-16 08:56:06,,,,,,643
2024-07-16 08:56:07,,,,,,643
2024-07-16 08:56:08,,,,,,645
2024-07-16 08:56:09,,,,,,642
2024-07-16 08:56:10,,,,,,644
2024-07-16 08:56:11,,,,,,649
2024-07-16 08:56:12,,,,,,645
2024-07-16 08:56:13,,,,,,642
2024-07-16 08:56:14,,,,,,642
2024-07-16 08:56:15,,,,,,644
2024-07-16 08:56:16,,,,,,650
2024-07-16 08:56:17,,,,,,656
2024-07-16 08:56:18,,,,,,648
2024-07-16 08:56:19,,,,,,650
2024-07-16 08:56:20,,,,,,651
2024-07-16 08:56:21,,,,,,650
2024-07-16 08:56:22,,,,,,652
2024-07-16 08:56:23,,,,,,655
2024-07-16 08:56:24,,,,,,655
2024-07-16 08:56:25,,,,,,656
2024-07-16 08:56:26,,,,,,661
2024-07-16 08:56:27,,,,,,657
2024-07-16 08:56:28,,,,,,661
2024-07-16 08:56:29,,,,,,661
2024-07-16 08:56:30,,,,,,657
2024-07-16 08:56:31,,,,,,659
2024-07-16 08:56:32,,,,,,664
2024-07-16 08:56:33,,,,,,664
2024-07-16 08:56:34,,,,,,668
2024-07-16 08:56:35,,,,,,660
2024-07-16 08:56:36,,,,,,664
2024-07-16 08:56:37,,,,,,665
2024-07-16 08:56:38,,,,,,663
2024-07-16 08:56:39,,,,,,669
2024-07-16 08:56:40,,,,,,663
2024-07-16 08:56:41,,,,,,663
2024-07-16 08:56:42,,,,,,665
2024-07-16 08:56:43,,,,,,663
2024-07-16 08:56:44,,,,,,659
2024-07-16 08:56:45,,,,,,663
2024-07-16 08:56:46,,,,,,659
2024-07-16 08:56:47,,,,,,663
2024-07-16 08:56:48,,,,,,661
2024-07-16 08:56:49,,,,,,659
2024-07-16 08:56:50,,,,,,657
2024-07-16 08:56:51,,,,,,658
2024-07-16 08:56:52,,,,,,657
2024-07-16 08:56:53,,,,,,657
2024-07-16 08:56:54,,,,,,654
2024-07-16 08:56:55,,,,,,650
2024-07-16 08:56:56,,,,,,646
2024-07-16 08:56:57,,,,,,648
2024-07-16 08:56:58,,,,,,648
2024-07-16 08:56:59,,,,,,646
2024-07-16 08:57:00,,,,,,641
2024-07-16 08:57:01,,,,,,647
2024-07-16 08:57:02,,,,,,637
2024-07-16 08:57:03,,,,,,638
2024-07-16 08:57:04,,,,,,634
2024-07-16 08:57:05,,,,,,634
2024-07-16 08:57:06,,,,,,636
2024-07-16 08:57:07,,,,,,634
2024-07-16 08:57:08,,,,,,625
2024-07-16 08:57:09,,,,,,627
2024-07-16 08:57:10,,,,,,622
2024-07-16 08:57:11,,,,,,625
2024-07-16 08:57:12,,,,,,622
2024-07-16 08:57:13,,,,,,618
2024-07-16 08:57:14,,,,,,615
2024-07-16 08:57:15,,,,,,614
2024-07-16 08:57:16,,,,,,609
2024-07-16 08:57:17,,,,,,612
2024-07-16 08:57:18,,,,,,610
2024-07-16 08:57:19,,,,,,606
2024-07-16 08:57:20,,,,,,608
2024-07-16 08:57:21,,,,,,605
2024-07-16 08:57:22,,,,,,609
2024-07-16 08:57:23,,,,,,602
2024-07-16 08:57:24,,,,,,602
2024-07-16 08:57:25,,,,,,599
2024-07-16 08:57:26,,,,,,598
2024-07-16 08:57:27,,,,,,598
2024-07-16 08:57:28,,,,,,596
2024-07-16 08:57:29,,,,,,594
2024-07-16 08:57:30,,,,,,594
2024-07-16 08:57:31,,,,,,595
2024-07-16 08:57:32,,,,,,598
2024-07-16 08:57:33,,,,,,596
2024-07-16 08:57:34,,,,,,591
2024-07-16 08:57:35,,,,,,592
2024-07-16 08:57:36,,,,,,595
2024-07-16 08:57:37,,,,,,590
2024-07-16 08:57:38,,,,,,592
2024-07-16 08:57:39,,,,,,593
2024-07-16 08:57:40,,,,,,592
2024-07-16 08:57:41,,,,,,589
2024-07-16 08:57:42,,,,,,589
2024-07-16 08:57:43,,,,,,589
2024-07-16 08:57:44,,,,,,590
2024-07-16 08:57:45,,,,,,590
2024-07-16 08:57:46,,,,,,586
2024-07-16 08:57:47,,,,,,584
2024-07-16 08:57:48,,,,,,587
2024-07-16 08:57:49,,,,,,585
2024-07-16 08:57:50,,,,,,592
2024-07-16 08:57:51,,,,,,584
2024-07-16 08:57:52,,,,,,582
2024-07-16 08:57:53,,,,,,585
2024-07-16 08:57:54,,,,,,585
2024-07-16 08:57:55,,,,,,586
2024-07-16 08:57:56,,,,,,585
2024-07-16 08:57:57,,,,,,586
2024-07-16 08:57:58,,,,,,587
2024-07-16 08:57:59,,,,,,586
2024-07-16 08:58:00,,,,,,587
2024-07-16 08:58:01,,,,,,587
2024-07-16 08:58:02,,,,,,588
2024-07-16 08:58:03,,,,,,587
2024-07-16 08:58:04,,,,,,580
2024-07-16 08:58:05,,,,,,584
2024-07-16 08:58:06,,,,,,584
2024-07-16 08:58:07,,,,,,585
2024-07-16 08:58:08,,,,,,584
2024-07-16 08:58:09,,,,,,589
2024-07-16 08:58:10,,,,,,590
2024-07-16 08:58:11,,,,,,588
2024-07-16 08:58:12,,,,,,587
2024-07-16 08:58:13,,,,,,585
2024-07-16 08:58:14,,,,,,584
2024-07-16 08:58:15,,,,,,583
2024-07-16 08:58:16,,,,,,587
2024-07-16 08:58:17,,,,,,586
2024-07-16 08:58:18,,,,,,586
2024-07-16 08:58:19,,,,,,584
2024-07-16 08:58:20,,,,,,586
2024-07-16 08:58:21,,,,,,585
2024-07-16 08:58:22,,,,,,589
2024-07-16 08:58:23,,,,,,589
2024-07-16 08:58:24,,,,,,590
2024-07-16 08:58:25,,,,,,589
2024-07-16 08:58:26,,,,,,590
2024-07-16 08:58:27,,,,,,590
2024-07-16 08:58:28,,,,,,595
2024-07-16 08:58:29,,,,,,595
2024-07-16 08:58:30,,,,,,589
2024-07-16 08:58:31,,,,,,596
2024-07-16 08:58:32,,,,,,597
2024-07-16 08:58:33,,,,,,599
2024-07-16 08:58:34,,,,,,605
2024-07-16 08:58:35,,,,,,599
2024-07-16 08:58:36,,,,,,603
2024-07-16 08:58:37,,,,,,603
2024-07-16 08:58:38,,,,,,603
2024-07-16 08:58:39,,,,,,609
2024-07-16 08:58:40,,,,,,610
2024-07-16 08:58:41,,,,,,612
2024-07-16 08:58:42,,,,,,613
2024-07-16 08:58:43,,,,,,616
2024-07-16 08:58:44,,,,,,616
2024-07-16 08:58:45,,,,,,616
2024-07-16 08:58:46,,,,,,618
2024-07-16 08:58:47,,,,,,620
2024-07-16 08:58:48,,,,,,616
2024-07-16 08:58:49,,,,,,621
2024-07-16 08:58:50,,,,,,624
2024-07-16 08:58:51,,,,,,624
2024-07-16 08:58:52,,,,,,627
2024-07-16 08:58:53,,,,,,626
2024-07-16 08:58:54,,,,,,635
2024-07-16 08:58:55,,,,,,628
2024-07-16 08:58:56,,,,,,637
2024-07-16 08:58:57,,,,,,630
2024-07-16 08:58:58,,,,,,634
2024-07-16 08:58:59,,,,,,630
2024-07-16 08:59:00,,,,,,632
2024-07-16 08:59:01,,,,,,634
2024-07-16 08:59:02,,,,,,635
2024-07-16 08:59:03,,,,,,634
2024-07-16 08:59:04,,,,,,631
2024-07-16 08:59:05,,,,,,639
2024-07-16 08:59:06,,,,,,644
2024-07-16 08:59:07,,,,,,638
2024-07-16 08:59:08,,,,,,637
2024-07-16 08:59:09,,,,,,638
2024-07-16 08:59:10,,,,,,638
2024-07-16 08:59:11,,,,,,635
2024-07-16 08:59:12,,,,,,640
2024-07-16 08:59:13,,,,,,638
2024-07-16 08:59:14,,,,,,638
2024-07-16 08:59:15,,,,,,638
2024-07-16 08:59:16,,,,,,640
2024-07-16 08:59:17,,,,,,637
2024-07-16 08:59:18,,,,,,643
2024-07-16 08:59:19,,,,,,640
2024-07-16 08:59:20,,,,,,639
2024-07-16 08:59:21,,,,,,641
2024-07-16 08:59:22,,,,,,641
2024-07-16 08:59:23,,,,,,646
2024-07-16 08:59:24,,,,,,642
2024-07-16 08:59:25,,,,,,642
2024-07-16 08:59:26,,,,,,641
2024-07-16 08:59:27,,,,,,641
2024-07-16 08:59:28,,,,,,642
2024-07-16 08:59:29,,,,,,641
2024-07-16 08:59:30,,,,,,643
2024-07-16 08:59:31,,,,,,645
2024-07-16 08:59:32,,,,,,645
2024-07-16 08:59:33,,,,,,642
2024-07-16 08:59:34,,,,,,645
2024-07-16 08:59:35,,,,,,644
2024-07-16 08:59:36,,,,,,642
2024-07-16 08:59:37,,,,,,643
2024-07-16 08:59:38,,,,,,643
2024-07-16 08:59:39,,,,,,638
2024-07-16 08:59:40,,,,,,638
2024-07-16 08:59:41,,,,,,645
2024-07-16 08:59:42,,,,,,639
2024-07-16 08:59:43,,,,,,641
2024-07-16 08:59:44,,,,,,641
2024-07-16 08:59:45,,,,,,641
2024-07-16 08:59:46,,,,,,638
2024-07-16 08:59:47,,,,,,637
2024-07-16 08:59:48,,,,,,637
2024-07-16 08:59:49,,,,,,632
2024-07-16 08:59:50,,,,,,633
2024-07-16 08:59:51,,,,,,630
2024-07-16 08:59:52,,,,,,628
2024-07-16 08:59:53,,,,,,627
2024-07-16 08:59:54,,,,,,624
2024-07-16 08:59:55,,,,,,622
2024-07-16 08:59:56,,,,,,618
2024-07-16 08:59:57,,,,,,619
2024-07-16 08:59:58,,,,,,615
2024-07-16 08:59:59,,,,,,614
2024-07-16 09:00:00,,,,,,610
2024-07-16 09:00:01,,,,,,611
2024-07-16 09:00:02,,,,,,611
2024-07-16 09:00:03,,,,,,605
2024-07-16 09:00:04,,,,,,605
2024-07-16 09:00:05,,,,,,605
2024-07-16 09:00:06,,,,,,603
2024-07-16 09:00:07,,,,,,603
2024-07-16 09:00:08,,,,,,600
2024-07-16 09:00:09,,,,,,598
2024-07-16 09:00:10,,,,,,594
2024-07-16 09:00:11,,,,,,592
2024-07-16 09:00:12,,,,,,589
2024-07-16 09:00:13,,,,,,589
2024-07-16 09:00:14,,,,,,588
2024-07-16 09:00:15,,,,,,585
2024-07-16 09:00:16,,,,,,582
2024-07-16 09:00:17,,,,,,580
2024-07-16 09:00:18,,,,,,583
2024-07-16 09:00:19,,,,,,579
2024-07-16 09:00:20,,,,,,577
2024-07-16 09:00:21,,,,,,578
2024-07-16 09:00:22,,,,,,574
2024-07-16 09:00:23,,,,,,574
2024-07-16 09:00:24,,,,,,570
2024-07-16 09:00:25,,,,,,566
2024-07-16 09:00:26,,,,,,565
2024-07-16 09:00:27,,,,,,566
2024-07-16 09:00:28,,,,,,567
2024-07-16 09:00:29,,,,,,565
2024-07-16 09:00:30,,,,,,561
2024-07-16 09:00:31,,,,,,565
2024-07-16 09:00:32,,,,,,565
2024-07-16 09:00:33,,,,,,561
2024-07-16 09:00:34,,,,,,565
2024-07-16 09:00:35,,,,,,563
2024-07-16 09:00:36,,,,,,564
2024-07-16 09:00:37,,,,,,565
2024-07-16 09:00:38,,,,,,562
2024-07-16 09:00:39,,,,,,561
2024-07-16 09:00:40,,,,,,571
2024-07-16 09:00:41,,,,,,561
2024-07-16 09:00:42,,,,,,564
2024-07-16 09:00:43,,,,,,566
2024-07-16 09:00:44,,,,,,559
2024-07-16 09:00:45,,,,,,565
2024-07-16 09:00:46,,,,,,564
2024-07-16 09:00:47,,,,,,566
2024-07-16 09:00:48,,,,,,566
2024-07-16 09:00:49,,,,,,567
2024-07-16 09:00:50,,,,,,567
2024-07-16 09:00:51,,,,,,568
2024-07-16 09:00:52,,,,,,570
2024-07-16 09:00:53,,,,,,557
2024-07-16 09:00:54,,,,,,564
2024-07-16 09:00:55,,,,,,563
2024-07-16 09:00:56,,,,,,567
2024-07-16 09:00:57,,,,,,570
2024-07-16 09:00:58,,,,,,572
2024-07-16 09:00:59,,,,,,573
2024-07-16 09:01:00,,,,,,577
2024-07-16 09:01:01,,,,,,578
2024-07-16 09:01:02,,,,,,581
2024-07-16 09:01:03,,,,,,582
2024-07-16 09:01:04,,,,,,586
2024-07-16 09:01:05,,,,,,588
2024-07-16 09:01:06,,,,,,589
2024-07-16 09:01:07,,,,,,598
2024-07-16 09:01:08,,,,,,596
2024-07-16 09:01:09,,,,,,598
2024-07-16 09:01:10,,,,,,598
2024-07-16 09:01:11,,,,,,605
2024-07-16 09:01:12,,,,,,604
2024-07-16 09:01:13,,,,,,609
2024-07-16 09:01:14,,,,,,613
2024-07-16 09:01:15,,,,,,624
2024-07-16 09:01:16,,,,,,622
2024-07-16 09:01:17,,,,,,624
2024-07-16 09:01:18,,,,,,630
2024-07-16 09:01:19,,,,,,632
2024-07-16 09:01:20,,,,,,633
2024-07-16 09:01:21,,,,,,632
2024-07-16 09:01:22,,,,,,635
2024-07-16 09:01:23,,,,,,636
2024-07-16 09:01:24,,,,,,643
2024-07-16 09:01:25,,,,,,643
2024-07-16 09:01:26,,,,,,657
2024-07-16 09:01:27,,,,,,659
2024-07-16 09:01:28,,,,,,665
2024-07-16 09:01:29,,,,,,658
2024-07-16 09:01:30,,,,,,662
2024-07-16 09:01:31,,,,,,673
2024-07-16 09:01:32,,,,,,675
2024-07-16 09:01:33,,,,,,674
2024-07-16 09:01:34,,,,,,671
2024-07-16 09:01:35,,,,,,671
2024-07-16 09:01:36,,,,,,676
2024-07-16 09:01:37,,,,,,679
2024-07-16 09:01:38,,,,,,689
2024-07-16 09:01:39,,,,,,695
2024-07-16 09:01:40,,,,,,692
2024-07-16 09:01:41,,,,,,688
2024-07-16 09:01:42,,,,,,690
2024-07-16 09:01:43,,,,,,703
2024-07-16 09:01:44,,,,,,702
2024-07-16 09:01:45,,,,,,700
2024-07-16 09:01:46,,,,,,698
2024-07-16 09:01:47,,,,,,711
2024-07-16 09:01:48,,,,,,708
2024-07-16 09:01:49,,,,,,718
2024-07-16 09:01:50,,,,,,712
2024-07-16 09:01:51,,,,,,721
2024-07-16 09:01:52,,,,,,721
2024-07-16 09:01:53,,,,,,713
2024-07-16 09:01:54,,,,,,715
2024-07-16 09:01:55,,,,,,715
2024-07-16 09:01:56,,,,,,724
2024-07-16 09:01:57,,,,,,715
2024-07-16 09:01:58,,,,,,722
2024-07-16 09:01:59,,,,,,723
2024-07-16 09:02:00,,,,,,718
2024-07-16 09:02:01,,,,,,727
2024-07-16 09:02:02,,,,,,726
2024-07-16 09:02:03,,,,,,718
2024-07-16 09:02:04,,,,,,719
2024-07-16 09:02:05,,,,,,717
2024-07-16 09:02:06,,,,,,724
2024-07-16 09:02:07,,,,,,725
2024-07-16 09:02:08,,,,,,724
2024-07-16 09:02:09,,,,,,715
2024-07-16 09:02:10,,,,,,718
2024-07-16 09:02:11,,,,,,712
2024-07-16 09:02:12,,,,,,721
2024-07-16 09:02:13,,,,,,717
2024-07-16 09:02:14,,,,,,707
2024-07-16 09:02:15,,,,,,709
2024-07-16 09:02:16,,,,,,712
2024-07-16 09:02:17,,,,,,700
2024-07-16 09:02:18,,,,,,705
2024-07-16 09:02:19,,,,,,710
2024-07-16 09:02:20,,,,,,704
2024-07-16 09:02:21,,,,,,713
2024-07-16 09:02:22,,,,,,703
2024-07-16 09:02:23,,,,,,703
2024-07-16 09:02:24,,,,,,714
2024-07-16 09:02:25,,,,,,709
2024-07-16 09:02:26,,,,,,716
2024-07-16 09:02:27,,,,,,717
2024-07-16 09:02:28,,,,,,715
2024-07-16 09:02:29,,,,,,737
2024-07-16 09:02:30,,,,,,726
2024-07-16 09:02:31,,,,,,717
2024-07-16 09:02:32,,,,,,704
2024-07-16 09:02:33,,,,,,695
2024-07-16 09:02:34,,,,,,695
2024-07-16 09:02:35,,,,,,694
2024-07-16 09:02:36,,,,,,691
2024-07-16 09:02:37,,,,,,697
2024-07-16 09:02:38,,,,,,703
2024-07-16 09:02:39,,,,,,716
2024-07-16 09:02:40,,,,,,724
2024-07-16 09:02:41,,,,,,721
2024-07-16 09:02:42,,,,,,718
2024-07-16 09:02:43,,,,,,702
2024-07-16 09:02:44,,,,,,685
2024-07-16 09:02:45,,,,,,670
2024-07-16 09:02:46,,,,,,661
2024-07-16 09:02:47,,,,,,665
2024-07-16 09:02:48,,,,,,661
2024-07-16 09:02:49,,,,,,665
2024-07-16 09:02:50,,,,,,670
2024-07-16 09:02:51,,,,,,669
2024-07-16 09:02:52,,,,,,662
2024-07-16 09:02:53,,,,,,671
2024-07-16 09:02:54,,,,,,670
2024-07-16 09:02:55,,,,,,671
2024-07-16 09:02:56,,,,,,644
2024-07-16 09:02:57,,,,,,649
2024-07-16 09:02:58,,,,,,645
2024-07-16 09:02:59,,,,,,648
2024-07-16 09:03:00,,,,,,658
2024-07-16 09:03:01,,,,,,638
2024-07-16 09:03:02,,,,,,635
2024-07-16 09:03:03,,,,,,629
2024-07-16 09:03:04,,,,,,629
2024-07-16 09:03:05,,,,,,627
2024-07-16 09:03:06,,,,,,617
2024-07-16 09:03:07,,,,,,617
2024-07-16 09:03:08,,,,,,615
2024-07-16 09:03:09,,,,,,620
2024-07-16 09:03:10,,,,,,620
2024-07-16 09:03:11,,,,,,619
2024-07-16 09:03:12,,,,,,628
2024-07-16 09:03:13,,,,,,631
2024-07-16 09:03:14,,,,,,628
2024-07-16 09:03:15,,,,,,622
2024-07-16 09:03:16,,,,,,627
2024-07-16 09:03:17,,,,,,639
2024-07-16 09:03:18,,,,,,637
2024-07-16 09:03:19,,,,,,635
2024-07-16 09:03:20,,,,,,643
2024-07-16 09:03:21,,,,,,642
2024-07-16 09:03:22,,,,,,647
2024-07-16 09:03:23,,,,,,653
2024-07-16 09:03:24,,,,,,646
2024-07-16 09:03:25,,,,,,648
2024-07-16 09:03:26,,,,,,648
2024-07-16 09:03:27,,,,,,653
2024-07-16 09:03:28,,,,,,664
2024-07-16 09:03:29,,,,,,657
2024-07-16 09:03:30,,,,,,657
2024-07-16 09:03:31,,,,,,666
2024-07-16 09:03:32,,,,,,670
2024-07-16 09:03:33,,,,,,666
2024-07-16 09:03:34,,,,,,667
2024-07-16 09:03:35,,,,,,673
2024-07-16 09:03:36,,,,,,670
2024-07-16 09:03:37,,,,,,677
2024-07-16 09:03:38,,,,,,677
2024-07-16 09:03:39,,,,,,679
2024-07-16 09:03:40,,,,,,677
2024-07-16 09:03:41,,,,,,677
2024-07-16 09:03:42,,,,,,681
2024-07-16 09:03:43,,,,,,687
2024-07-16 09:03:44,0,100,0,32.0,0.144,682
2024-07-16 09:03:45,0,100,0,32.0,0.144,685
2024-07-16 09:03:46,26.2,100,0,32.0,0.144,680
2024-07-16 09:03:47,26.2,100,0,32.0,0.144,688
2024-07-16 09:03:48,26.2,100,0,32.0,0.144,689
2024-07-16 09:03:49,26.2,100,0,32.0,0.144,701
2024-07-16 09:03:50,26.2,100,0,32.0,0.144,696
2024-07-16 09:03:51,12.3,100,0,32.0,0.144,693
2024-07-16 09:03:52,12.3,100,0,32.0,0.144,700
2024-07-16 09:03:53,12.3,100,0,32.0,0.144,699
2024-07-16 09:03:54,12.3,100,0,32.0,0.144,699
2024-07-16 09:03:55,12.3,100,0,32.0,0.144,707
2024-07-16 09:03:56,32.7,100,0,32.0,0.144,705
2024-07-16 09:03:57,32.7,100,0,32.0,0.144,711
2024-07-16 09:03:58,32.7,100,0,0.310,-0.00400,707
2024-07-16 09:03:59,32.7,100,0,0.310,-0.00300,714
2024-07-16 09:04:00,32.7,100,0,0.310,-0.00600,711
2024-07-16 09:04:01,33.2,100,0,0.310,-0.00500,725
2024-07-16 09:04:02,33.2,100,0,0.308,-0.0100,716
2024-07-16 09:04:03,33.2,100,0,0.311,-0.00100,718
2024-07-16 09:04:04,33.2,100,0,0.311,-0.00400,715
2024-07-16 09:04:05,33.2,100,0,0.311,0.00200,722
2024-07-16 09:04:06,33.2,100,0,0.311,0.00200,729
2024-07-16 09:04:07,33.2,100,0,0.311,0.00500,728
2024-07-16 09:04:08,33.2,100,0,0.311,0.00300,730
2024-07-16 09:04:09,33.2,100,0,0.311,0.00200,734
2024-07-16 09:04:10,33.2,100,0,0.310,-0.00200,735
2024-07-16 09:04:11,41.7,100,0,0.308,0.00200,735
2024-07-16 09:04:12,41.7,100,0,0.302,-0.00100,739
2024-07-16 09:04:13,41.7,100,0,0.301,-0.00200,742
2024-07-16 09:04:14,41.7,100,0,0.270,-0.00100,743
2024-07-16 09:04:15,41.7,100,0,0.268,-0.00100,745
2024-07-16 09:04:16,261,100,0,0.267,0,747
2024-07-16 09:04:17,261,100,0,0.265,0.00100,754
2024-07-16 09:04:18,261,100,0,0.263,-0.00500,751
2024-07-16 09:04:19,261,100,0,0.262,0,758
2024-07-16 09:04:20,261,100,0,0.260,0.00200,753
2024-07-16 09:04:21,259,100,0,0.259,0.00100,760
2024-07-16 09:04:22,259,100,0,0.258,-0.0130,766
2024-07-16 09:04:23,259,100,0,0.258,0.00100,762
2024-07-16 09:04:24,259,100,0,0.257,0.00100,771
2024-07-16 09:04:25,259,100,0,0.256,0.00500,766
2024-07-16 09:04:26,259,100,0,0.256,0.00200,761
2024-07-16 09:04:27,259,100,0,0.255,0.00100,766
2024-07-16 09:04:28,259,100,0,0.257,-0.00100,760
2024-07-16 09:04:29,259,100,0,0.257,-0.00300,772
2024-07-16 09:04:30,259,100,0,0.257,0.00100,772
2024-07-16 09:04:31,258,100,0,0.255,0.00200,770
2024-07-16 09:04:32,258,100,0,0.256,0.00100,778
2024-07-16 09:04:33,258,100,0,0.256,0.00200,773
2024-07-16 09:04:34,258,100,0,0.257,0.00300,691
2024-07-16 09:04:35,258,100,0,0.256,-0.00100,768
2024-07-16 09:04:36,258,100,0,0.256,0.00200,771
2024-07-16 09:04:37,258,100,0,0.256,0.00400,778
2024-07-16 09:04:38,258,100,0,0.256,0,780
2024-07-16 09:04:39,258,100,0,0.255,-0.0210,774
2024-07-16 09:04:40,258,100,0,0.255,0.00200,779
2024-07-16 09:04:41,258,100,0,0.254,0.00100,767
2024-07-16 09:04:42,258,100,0,0.254,0.00200,767
2024-07-16 09:04:43,258,100,0,0.251,-0.00300,777
2024-07-16 09:04:44,258,100,0,0.251,-0.00300,770
2024-07-16 09:04:45,258,100,0,0.253,0.00300,771
2024-07-16 09:04:46,258,100,0,0.253,-0.00200,776
2024-07-16 09:04:47,258,100,0,0.252,0.00100,767
2024-07-16 09:04:48,258,100,0,0.249,0.00400,767
2024-07-16 09:04:49,258,100,0,0.252,0.00100,764
2024-07-16 09:04:50,258,100,0,0.251,-0.00100,769
2024-07-16 09:04:51,257,100,0,0.250,0.00200,763
2024-07-16 09:04:52,257,100,0,0.249,0.00300,758
2024-07-16 09:04:53,257,100,0,0.249,0.00300,766
2024-07-16 09:04:54,257,100,0,0.249,0.00100,759
2024-07-16 09:04:55,257,100,0,0.249,0.00400,763
2024-07-16 09:04:56,257,100,0,0.247,-0.00200,760
2024-07-16 09:04:57,257,100,0,0.247,0.00300,760
2024-07-16 09:04:58,257,100,0,0.247,0.00400,758
2024-07-16 09:04:59,257,100,0,0.246,0.00200,758
2024-07-16 09:05:00,257,100,0,0.243,0.00100,756
2024-07-16 09:05:01,257,100,0,0.243,0.00100,755
2024-07-16 09:05:02,257,100,0,0.245,0.00300,759
2024-07-16 09:05:03,257,100,0,0.244,0.00400,756
2024-07-16 09:05:04,257,100,0,0.243,0.00100,758
2024-07-16 09:05:05,257,100,0,0.244,0,757
2024-07-16 09:05:06,257,100,0,0.242,0,769
2024-07-16 09:05:07,257,100,0,0.242,0,781
2024-07-16 09:05:08,257,100,0,0.240,0.00400,793
2024-07-16 09:05:09,257,100,0,0.242,0.00700,784
2024-07-16 09:05:10,257,100,0,0.241,0.00100,772
2024-07-16 09:05:11,257,100,0,0.241,0.00200,752
2024-07-16 09:05:12,257,100,0,0.241,0,742
2024-07-16 09:05:13,257,100,0,0.241,-0.00400,724
2024-07-16 09:05:14,257,100,0,0.239,0.00200,709
2024-07-16 09:05:15,257,100,0,0.238,0.00300,701
2024-07-16 09:05:16,257,100,0,0.239,-0.0100,694
2024-07-16 09:05:17,257,100,0,0.239,0.00200,695
2024-07-16 09:05:18,257,100,0,0.239,0.00300,685
2024-07-16 09:05:19,257,100,0,0.239,0.00200,684
2024-07-16 09:05:20,257,100,0,0.236,-0.00200,681
2024-07-16 09:05:21,257,100,0,0.235,0.00300,681
2024-07-16 09:05:22,257,100,0,0.237,-0.00100,668
2024-07-16 09:05:23,257,100,0,0.236,0.00200,661
2024-07-16 09:05:24,257,100,0,0.236,0.00200,652
2024-07-16 09:05:25,257,100,0,0.235,0,655
2024-07-16 09:05:26,257,100,0,0.236,0.00400,643
2024-07-16 09:05:27,257,100,0,0.236,0.00500,640
2024-07-16 09:05:28,257,100,0,0.235,0.00500,631
2024-07-16 09:05:29,257,100,0,0.235,0.00600,628
2024-07-16 09:05:30,257,100,0,0.235,0.00200,628
2024-07-16 09:05:31,257,100,0,0.234,0.00100,620
2024-07-16 09:05:32,257,100,0,0.233,0.00700,609
2024-07-16 09:05:33,257,100,0,0.233,0.00800,611
2024-07-16 09:05:34,257,100,0,0.234,0.00800,603
2024-07-16 09:05:35,257,100,0,0.234,0.00900,601
2024-07-16 09:05:36,257,100,0,0.234,0.00500,603
2024-07-16 09:05:37,257,100,0,0.231,0.00200,588
2024-07-16 09:05:38,257,100,0,0.232,0,584
2024-07-16 09:05:39,257,100,0,0.232,0.00400,584
2024-07-16 09:05:40,257,100,0,0.233,0.00500,579
2024-07-16 09:05:41,257,100,0,0.232,0.00400,574
2024-07-16 09:05:42,257,100,0,0.233,0.00400,571
2024-07-16 09:05:43,257,100,0,0.233,0.00600,568
2024-07-16 09:05:44,257,100,0,0.233,0.00200,573
2024-07-16 09:05:45,257,100,0,0.231,0,569
2024-07-16 09:05:46,257,100,0,0.232,0.00200,565
2024-07-16 09:05:47,257,100,0,0.231,0.00400,558
2024-07-16 09:05:48,257,100,0,0.231,0.00300,559
2024-07-16 09:05:49,257,100,0,0.230,0.00200,561
2024-07-16 09:05:50,256,100,0,0.232,0.00600,562
2024-07-16 09:05:51,256,100,0,0.231,0.00300,555
2024-07-16 09:05:52,256,100,0,0.232,0,557
2024-07-16 09:05:53,256,100,0,0.231,-0.00200,552
2024-07-16 09:05:54,256,100,0,0.229,0.00500,554
2024-07-16 09:05:55,256,100,0,0.231,0.00600,553
2024-07-16 09:05:56,256,100,0,0.230,0.00200,556
2024-07-16 09:05:57,256,100,0,0.229,-0.00600,554
2024-07-16 09:05:58,256,100,0,0.231,0.00500,553
2024-07-16 09:05:59,256,100,0,0.231,0.00200,558
2024-07-16 09:06:00,256,100,0,0.231,0,559
2024-07-16 09:06:01,256,100,0,0.228,0.00500,557
2024-07-16 09:06:02,256,100,0,0.227,0.00500,561
2024-07-16 09:06:03,256,100,0,0.230,0.00600,554
2024-07-16 09:06:04,256,100,0,0.229,0.00800,561
2024-07-16 09:06:05,256,100,0,0.229,0.00500,560
2024-07-16 09:06:06,256,100,0,0.229,0.00600,565
2024-07-16 09:06:07,256,100,0,0.229,0.00300,563
2024-07-16 09:06:08,256,100,0,0.229,0.00200,570
2024-07-16 09:06:09,256,100,0,0.226,0.00200,567
2024-07-16 09:06:10,256,100,0,0.229,0.00200,563
2024-07-16 09:06:11,256,100,0,0.229,0.00300,564
2024-07-16 09:06:12,256,100,0,0.229,-0.00100,566
2024-07-16 09:06:13,256,100,0,0.229,0.00300,571
2024-07-16 09:06:14,256,100,0,0.227,0.00600,566
2024-07-16 09:06:15,256,100,0,0.229,0.00700,565
2024-07-16 09:06:16,256,100,0,0.228,0.00500,569
2024-07-16 09:06:17,256,100,0,0.228,0.00700,573
2024-07-16 09:06:18,256,100,0,0.228,0.00100,572
2024-07-16 09:06:19,256,100,0,0.229,0.00200,572
2024-07-16 09:06:20,256,100,0,0.228,0.00100,439
2024-07-16 09:06:21,256,100,0,0.228,-0.00700,576
2024-07-16 09:06:22,256,100,0,0.227,-0.00500,579
2024-07-16 09:06:23,256,100,0,0.228,-0.00200,579
2024-07-16 09:06:24,256,100,0,0.228,-0.00400,589
2024-07-16 09:06:25,256,100,0,0.228,0.00600,594
2024-07-16 09:06:26,256,100,0,0.226,0.00500,598
2024-07-16 09:06:27,256,100,0,0.228,0.00400,593
2024-07-16 09:06:28,256,100,0,0.227,0.00100,597
2024-07-16 09:06:29,256,100,0,0.228,0.00100,604
2024-07-16 09:06:30,256,100,0,0.228,0.00400,599
2024-07-16 09:06:31,256,100,0,0.228,0.00300,598
2024-07-16 09:06:32,256,100,0,0.229,0.00300,598
2024-07-16 09:06:33,256,100,0,0.228,0.00200,607
2024-07-16 09:06:34,256,100,0,0.226,0,611
2024-07-16 09:06:35,256,100,0,0.228,0.00300,612
2024-07-16 09:06:36,256,100,0,0.229,0.00700,618
2024-07-16 09:06:37,256,100,0,0.228,0.00100,615
2024-07-16 09:06:38,256,100,0,0.226,0.00100,626
2024-07-16 09:06:39,256,100,0,0.226,0.00300,623
2024-07-16 09:06:40,256,100,0,0.227,0,633
2024-07-16 09:06:41,256,100,0,0.227,0.00300,630
2024-07-16 09:06:42,256,100,0,0.228,0.00200,627
2024-07-16 09:06:43,256,100,0,0.227,0.00400,642
2024-07-16 09:06:44,256,100,0,0.227,0.00300,637
2024-07-16 09:06:45,256,100,0,0.228,0.00400,641
2024-07-16 09:06:46,256,100,0,0.225,0.00200,646
2024-07-16 09:06:47,256,100,0,0.227,0.00500,644
2024-07-16 09:06:48,256,100,0,0.227,0.00700,651
2024-07-16 09:06:49,256,100,0,0.227,0.00300,649
2024-07-16 09:06:50,256,100,0,0.225,0.00400,653
2024-07-16 09:06:51,256,100,0,0.225,0.00300,653
2024-07-16 09:06:52,256,100,0,0.227,0.00400,666
2024-07-16 09:06:53,256,100,0,0.227,0.0100,663
2024-07-16 09:06:54,256,100,0,0.227,0.00500,659
2024-07-16 09:06:55,256,100,0,0.227,0.00500,662
2024-07-16 09:06:56,256,100,0,0.227,-0.00300,662
2024-07-16 09:06:57,256,100,0,0.227,-0.00400,663
2024-07-16 09:06:58,256,100,0,0.225,0,668
2024-07-16 09:06:59,256,100,0,0.226,0,672
2024-07-16 09:07:00,256,100,0,0.226,0.00200,663
2024-07-16 09:07:01,256,100,0,0.226,0.00300,671
2024-07-16 09:07:02,256,100,0,0.226,0.00600,669
2024-07-16 09:07:03,256,100,0,0.225,0.00400,663
2024-07-16 09:07:04,256,100,0,0.226,0.00500,677
2024-07-16 09:07:05,256,100,0,0.226,0.00100,677
2024-07-16 09:07:06,256,100,0,0.226,0.00200,674
2024-07-16 09:07:07,256,100,0,0.225,-0.00100,674
2024-07-16 09:07:08,256,100,0,0.225,0.00100,667
2024-07-16 09:07:09,256,100,0,0.226,0.00600,670
2024-07-16 09:07:10,256,100,0,0.226,0.00700,675
2024-07-16 09:07:11,256,100,0,0.226,0.00400,671
2024-07-16 09:07:12,256,100,0,0.226,0.00300,658
2024-07-16 09:07:13,256,100,0,0.226,0,663
2024-07-16 09:07:14,256,100,0,0.226,0.00200,662
2024-07-16 09:07:15,256,100,0,0.224,-0.00200,667
2024-07-16 09:07:16,256,100,0,0.226,0.00500,668
2024-07-16 09:07:17,256,100,0,0.226,0.00500,670
2024-07-16 09:07:18,256,100,0,0.226,0.00700,672
2024-07-16 09:07:19,256,100,0,0.226,0.00500,664
2024-07-16 09:07:20,256,100,0,0.224,0.00500,668
2024-07-16 09:07:21,256,100,0,0.225,0.00500,666
2024-07-16 09:07:22,256,100,0,0.225,0.00900,667
2024-07-16 09:07:23,256,100,0,0.226,0.00600,666
2024-07-16 09:07:24,256,100,0,0.226,0.00400,658
2024-07-16 09:07:25,256,100,0,0.225,0.00400,667
2024-07-16 09:07:26,256,100,0,0.226,0.00200,662
2024-07-16 09:07:27,256,100,0,0.222,0.00100,654
2024-07-16 09:07:28,256,100,0,0.222,0.00100,655
2024-07-16 09:07:29,256,100,0,0.226,0.0100,653
2024-07-16 09:07:30,255,100,0,0.225,0.0110,663
2024-07-16 09:07:31,255,100,0,0.226,0.00200,662
2024-07-16 09:07:32,255,100,0,0.224,0.00800,661
2024-07-16 09:07:33,255,100,0,0.226,0.00800,650
2024-07-16 09:07:34,255,100,0,0.226,0.00800,657
2024-07-16 09:07:35,255,100,0,0.226,0.00300,656
2024-07-16 09:07:36,255,100,0,0.224,0.00400,653
2024-07-16 09:07:37,255,100,0,0.225,0.00600,651
2024-07-16 09:07:38,255,100,0,0.226,0.00600,655
2024-07-16 09:07:39,255,100,0,0.226,0.00300,650
2024-07-16 09:07:40,255,100,0,0.225,0.00700,641
2024-07-16 09:07:41,255,100,0,0.225,0.00500,645
2024-07-16 09:07:42,255,100,0,0.224,0.00300,646
2024-07-16 09:07:43,255,100,0,0.226,-0.00200,646
2024-07-16 09:07:44,255,100,0,0.225,-0.00500,641
2024-07-16 09:07:45,255,100,0,0.225,-0.00200,643
2024-07-16 09:07:46,255,100,0,0.225,-0.00200,646
2024-07-16 09:07:47,255,100,0,0.225,0.00100,645
2024-07-16 09:07:48,255,100,0,0.225,0.00500,644
2024-07-16 09:07:49,255,100,0,0.225,0.00700,644
2024-07-16 09:07:50,255,100,0,0.226,0.00900,642
2024-07-16 09:07:51,255,100,0,0.226,0.00700,644
2024-07-16 09:07:52,255,100,0,0.225,0.00800,644
2024-07-16 09:07:53,255,100,0,0.224,0.00300,645
2024-07-16 09:07:54,255,100,0,0.225,0.00600,641
2024-07-16 09:07:55,255,100,0,0.225,0.00600,643
2024-07-16 09:07:56,255,100,0,0.224,0.00300,647
2024-07-16 09:07:57,255,100,0,0.224,0.00500,644
2024-07-16 09:07:58,255,100,0,0.225,0.00800,639
2024-07-16 09:07:59,255,100,0,0.225,0.0110,641
2024-07-16 09:08:00,255,100,0,0.225,0.00300,648
2024-07-16 09:08:01,255,100,0,0.222,0.00500,647
2024-07-16 09:08:02,255,100,0,0.225,0.00900,642
2024-07-16 09:08:03,255,100,0,0.224,0.0150,644
2024-07-16 09:08:04,255,100,0,0.225,0.0110,651
2024-07-16 09:08:05,255,100,0,0.223,0.00500,655
2024-07-16 09:08:06,255,100,0,0.223,0.00700,652
2024-07-16 09:08:07,255,100,0,0.225,0.00100,655
2024-07-16 09:08:08,255,100,0,0.225,0.00500,656
2024-07-16 09:08:09,255,100,0,0.225,0.00900,659
2024-07-16 09:08:10,255,100,0,0.224,0.00300,661
2024-07-16 09:08:11,255,100,0,0.225,0.00700,655
2024-07-16 09:08:12,255,100,0,0.225,0.00900,661
2024-07-16 09:08:13,255,100,0,0.220,0.00600,660
2024-07-16 09:08:14,255,100,0,0.225,0.00400,668
2024-07-16 09:08:15,255,100,0,0.224,0.00600,669
2024-07-16 09:08:16,255,100,0,0.225,0.00900,667
2024-07-16 09:08:17,255,100,0,0.224,0.00600,670
2024-07-16 09:08:18,255,100,0,0.223,0.00100,678
2024-07-16 09:08:19,255,100,0,0.224,0.00300,686
2024-07-16 09:08:20,255,100,0,0.224,0.00500,686
2024-07-16 09:08:21,255,100,0,0.224,0.00100,689
2024-07-16 09:08:22,255,100,0,0.223,0.00300,687
2024-07-16 09:08:23,255,100,0,0.224,0.00100,692
2024-07-16 09:08:24,255,100,0,0.223,0.00600,686
2024-07-16 09:08:25,255,100,0,0.221,0.00400,697
2024-07-16 09:08:26,255,100,0,0.222,0.00700,700
2024-07-16 09:08:27,255,100,0,0.224,0.00500,706
2024-07-16 09:08:28,255,100,0,0.224,0.00500,703
2024-07-16 09:08:29,255,100,0,0.224,0.0110,706
2024-07-16 09:08:30,255,100,0,0.223,0.00500,711
2024-07-16 09:08:31,255,100,0,0.224,0.00400,710
2024-07-16 09:08:32,255,100,0,0.224,0.00200,722
2024-07-16 09:08:33,255,100,0,0.224,-0.0170,716
2024-07-16 09:08:34,255,100,0,0.224,0.00300,726
2024-07-16 09:08:35,255,100,0,0.224,0.00200,728
2024-07-16 09:08:36,255,100,0,0.223,0.00100,728
2024-07-16 09:08:37,255,100,0,0.224,0.00700,731
2024-07-16 09:08:38,255,100,0,0.220,-0.00200,729
2024-07-16 09:08:39,255,100,0,0.223,0.00400,729
2024-07-16 09:08:40,255,100,0,0.224,0.00500,724
2024-07-16 09:08:41,255,100,0,0.224,0.0110,733
2024-07-16 09:08:42,255,100,0,0.223,0.00300,734
2024-07-16 09:08:43,255,100,0,0.222,0,745
2024-07-16 09:08:44,255,100,0,0.223,0.0100,746
2024-07-16 09:08:45,255,100,0,0.223,0.00800,749
2024-07-16 09:08:46,255,100,0,0.223,0.0100,757
2024-07-16 09:08:47,255,100,0,0.221,0.00300,760
2024-07-16 09:08:48,255,100,0,0.222,0.00100,763
2024-07-16 09:08:49,255,100,0,0.223,0.00600,762
2024-07-16 09:08:50,255,100,0,0.223,0.00600,773
2024-07-16 09:08:51,255,100,0,0.223,0.00200,775
2024-07-16 09:08:52,255,100,0,0.222,0.00400,773
2024-07-16 09:08:53,255,100,0,0.223,0.00300,776
2024-07-16 09:08:54,255,100,0,0.221,0.00400,779
2024-07-16 09:08:55,255,100,0,0.222,0,782
2024-07-16 09:08:56,255,100,0,0.222,0.0150,781
2024-07-16 09:08:57,255,100,0,0.222,0.0130,786
2024-07-16 09:08:58,255,100,0,0.222,0.0140,780
2024-07-16 09:08:59,255,100,0,0.220,0.0110,785
2024-07-16 09:09:00,255,100,0,0.222,0.00500,787
2024-07-16 09:09:01,255,100,0,0.222,0.0110,793
2024-07-16 09:09:02,255,100,0,0.223,0.00800,797
2024-07-16 09:09:03,255,100,0,0.222,0.00800,797
2024-07-16 09:09:04,255,100,0,0.221,0.00800,814
2024-07-16 09:09:05,255,100,0,0.222,0.00800,825
2024-07-16 09:09:06,255,100,0,0.222,0.00800,839
2024-07-16 09:09:07,255,100,0,0.222,0.00300,842
2024-07-16 09:09:08,255,100,0,0.222,0.00600,842
2024-07-16 09:09:09,255,100,0,0.223,0.00100,837
2024-07-16 09:09:10,255,100,0,0.223,0.00300,841
2024-07-16 09:09:11,255,100,0,0.221,0.00400,838
2024-07-16 09:09:12,255,100,0,0.221,0.00500,840
2024-07-16 09:09:13,255,100,0,0.222,0.00300,839
2024-07-16 09:09:14,255,100,0,0.223,0.00700,831
2024-07-16 09:09:15,255,100,0,0.222,0.00200,823
2024-07-16 09:09:16,255,100,0,0.222,0.00400,814
2024-07-16 09:09:17,255,100,0,0.222,0.00900,809
2024-07-16 09:09:18,255,100,0,0.223,0.00900,810
2024-07-16 09:09:19,255,100,0,0.222,0.00300,800
2024-07-16 09:09:20,255,100,0,0.221,0.00900,787
2024-07-16 09:09:21,255,100,0,0.222,0.0110,793
2024-07-16 09:09:22,255,100,0,0.221,0.00700,798
2024-07-16 09:09:23,255,100,0,0.221,0.0100,798
2024-07-16 09:09:24,255,100,0,0.219,0.00600,792
2024-07-16 09:09:25,255,100,0,0.222,0.00500,792
2024-07-16 09:09:26,255,100,0,0.221,0.00800,787
2024-07-16 09:09:27,255,100,0,0.222,0.00900,791
2024-07-16 09:09:28,255,100,0,0.221,0.00900,789
2024-07-16 09:09:29,255,100,0,0.222,0.0100,783
2024-07-16 09:09:30,255,100,0,0.221,0.00900,783
2024-07-16 09:09:31,255,100,0,0.222,0.00100,787
2024-07-16 09:09:32,255,100,0,0.221,-0.00300,781
2024-07-16 09:09:33,255,100,0,0.221,0.00600,783
2024-07-16 09:09:34,255,100,0,0.222,0.00900,780
2024-07-16 09:09:35,255,100,0,0.222,0.00800,780
2024-07-16 09:09:36,255,100,0,0.221,0.00300,781
2024-07-16 09:09:37,255,100,0,0.221,0.00800,781
2024-07-16 09:09:38,255,100,0,0.222,0.00700,775
2024-07-16 09:09:39,255,100,0,0.222,0.00500,775
2024-07-16 09:09:40,255,100,0,0.220,0.0100,776
2024-07-16 09:09:41,255,100,0,0.219,0.0120,774
2024-07-16 09:09:42,255,100,0,0.221,0.0130,770
2024-07-16 09:09:43,255,100,0,0.221,0.0170,771
2024-07-16 09:09:44,255,100,0,0.221,0.0110,770
2024-07-16 09:09:45,255,100,0,0.221,0.0100,766
2024-07-16 09:09:46,255,100,0,0.221,0.00700,764
2024-07-16 09:09:47,255,100,0,0.221,0.00600,768
2024-07-16 09:09:48,255,100,0,0.219,-0.00200,762
2024-07-16 09:09:49,255,100,0,0.221,0.00600,757
2024-07-16 09:09:50,255,100,0,0.221,0.00400,756
2024-07-16 09:09:51,255,100,0,0.220,0.00400,755
2024-07-16 09:09:52,255,100,0,0.221,0.00400,751
2024-07-16 09:09:53,255,100,0,0.218,0.00900,749
2024-07-16 09:09:54,255,100,0,0.221,0.00600,748
2024-07-16 09:09:55,255,100,0,0.221,0.00700,744
2024-07-16 09:09:56,255,100,0,0.221,0.00900,746
2024-07-16 09:09:57,255,100,0,0.221,0.0100,741
2024-07-16 09:09:58,255,100,0,0.220,0.0100,732
2024-07-16 09:09:59,255,100,0,0.220,0.0100,733
2024-07-16 09:10:00,255,100,0,0.217,-0.00500,730
2024-07-16 09:10:01,255,100,0,0.217,-0.00100,729
2024-07-16 09:10:02,255,100,0,0.220,0.00400,719
2024-07-16 09:10:03,255,100,0,0.220,0.00800,723
2024-07-16 09:10:04,255,100,0,0.221,0.00300,719
2024-07-16 09:10:05,255,100,0,0.218,0.00500,707
2024-07-16 09:10:06,255,100,0,0.220,0.00600,701
2024-07-16 09:10:07,255,100,0,0.220,0.0100,707
2024-07-16 09:10:08,255,100,0,0.220,0.00800,702
2024-07-16 09:10:09,255,100,0,0.221,0,704
2024-07-16 09:10:10,254,100,0,0.221,0.00300,702
2024-07-16 09:10:11,254,100,0,0.219,0.00500,702
2024-07-16 09:10:12,254,100,0,0.220,0.00400,702
2024-07-16 09:10:13,254,100,0,0.219,-0.00600,698
2024-07-16 09:10:14,254,100,0,0.220,0.00100,698
2024-07-16 09:10:15,255,100,0,0.221,0.00400,697
2024-07-16 09:10:16,255,100,0,0.221,0,698
2024-07-16 09:10:17,255,100,0,0.220,0.00300,694
2024-07-16 09:10:18,255,100,0,0.219,0.00300,691
2024-07-16 09:10:19,255,100,0,0.219,0.00600,693
2024-07-16 09:10:20,254,100,0,0.220,-0.00200,691
2024-07-16 09:10:21,254,100,0,0.220,0.00500,696
2024-07-16 09:10:22,254,100,0,0.220,0.00300,692
2024-07-16 09:10:23,254,100,0,0.220,0.00500,693
2024-07-16 09:10:24,254,100,0,0.220,0,695
2024-07-16 09:10:25,254,100,0,0.219,0.00300,693
2024-07-16 09:10:26,254,100,0,0.220,0,688
2024-07-16 09:10:27,254,100,0,0.219,0.00300,696
2024-07-16 09:10:28,254,100,0,0.219,0.00600,697
2024-07-16 09:10:29,254,100,0,0.219,0.00400,695
2024-07-16 09:10:30,254,100,0,0.220,0.00200,700
2024-07-16 09:10:31,254,100,0,0.219,0.00700,700
2024-07-16 09:10:32,254,100,0,0.219,0.00300,701
2024-07-16 09:10:33,254,100,0,0.219,0.00200,701
2024-07-16 09:10:34,254,100,0,0.218,0,706
2024-07-16 09:10:35,254,100,0,0.220,0,707
2024-07-16 09:10:36,254,100,0,0.221,0.00400,713
2024-07-16 09:10:37,254,100,0,0.216,0.00500,714
2024-07-16 09:10:38,254,100,0,0.219,0.00600,714
2024-07-16 09:10:39,254,100,0,0.219,0.00600,716
2024-07-16 09:10:40,254,100,0,0.219,0.0120,730
2024-07-16 09:10:41,254,100,0,0.219,0.0110,725
2024-07-16 09:10:42,254,100,0,0.217,0.0130,722
2024-07-16 09:10:43,254,100,0,0.219,0.00800,730
2024-07-16 09:10:44,254,100,0,0.220,0.00500,727
2024-07-16 09:10:45,254,100,0,0.220,0.00400,728
2024-07-16 09:10:46,254,100,0,0.219,0.00500,736
2024-07-16 09:10:47,254,100,0,0.219,-0.00100,737
2024-07-16 09:10:48,254,100,0,0.219,0.00200,740
2024-07-16 09:10:49,254,100,0,0.216,0.00400,745
2024-07-16 09:10:50,254,100,0,0.216,0.0100,746
2024-07-16 09:10:51,254,100,0,0.220,0.00300,750
2024-07-16 09:10:52,254,100,0,0.219,0.00300,752
2024-07-16 09:10:53,254,100,0,0.218,0.00400,757
2024-07-16 09:10:54,254,100,0,0.217,0.00300,756
2024-07-16 09:10:55,254,100,0,0.219,0.0100,762
2024-07-16 09:10:56,254,100,0,0.218,0.00800,762
2024-07-16 09:10:57,254,100,0,0.219,0.00600,758
2024-07-16 09:10:58,254,100,0,0.219,0.00600,758
2024-07-16 09:10:59,254,100,0,0.219,0.00300,759
2024-07-16 09:11:00,254,100,0,0.218,0.00400,759
2024-07-16 09:11:01,254,100,0,0.219,0.00600,759
2024-07-16 09:11:02,254,100,0,0.218,0.00300,765
2024-07-16 09:11:03,254,100,0,0.218,0.00400,770
2024-07-16 09:11:04,254,100,0,0.218,0.00500,772
2024-07-16 09:11:05,254,100,0,0.218,0.00700,764
2024-07-16 09:11:06,254,100,0,0.217,0.00500,763
2024-07-16 09:11:07,254,100,0,0.217,0.00300,759
2024-07-16 09:11:08,254,100,0,0.218,0.00600,760
2024-07-16 09:11:09,254,100,0,0.218,0.00700,757
2024-07-16 09:11:10,254,100,0,0.219,0.00300,754
2024-07-16 09:11:11,254,100,0,0.219,0.00400,755
2024-07-16 09:11:12,254,100,0,0.219,0.00300,754
2024-07-16 09:11:13,254,100,0,0.218,0.00900,753
2024-07-16 09:11:14,254,100,0,0.217,0.00700,752
2024-07-16 09:11:15,254,100,0,0.218,0.00700,748
2024-07-16 09:11:16,254,100,0,0.219,0.00800,747
2024-07-16 09:11:17,254,100,0,0.219,0.00800,748
2024-07-16 09:11:18,254,100,0,0.218,0.00800,741
2024-07-16 09:11:19,254,100,0,0.218,0.0140,742
2024-07-16 09:11:20,254,100,0,0.218,0.0120,736
2024-07-16 09:11:21,254,100,0,0.218,0.00700,736
2024-07-16 09:11:22,254,100,0,0.216,0,734
2024-07-16 09:11:23,254,100,0,0.218,0.0120,733
2024-07-16 09:11:24,254,100,0,0.218,0.0110,729
2024-07-16 09:11:25,254,100,0,0.218,0.0110,729
2024-07-16 09:11:26,254,100,0,0.216,0.00800,727
2024-07-16 09:11:27,254,100,0,0.216,0.00500,724
2024-07-16 09:11:28,254,100,0,0.218,0.0110,720
2024-07-16 09:11:29,254,100,0,0.218,0.0120,720
2024-07-16 09:11:30,254,100,0,0.218,0.00700,723
2024-07-16 09:11:31,254,100,0,0.218,0.00700,712
2024-07-16 09:11:32,254,100,0,0.218,0.00800,712
2024-07-16 09:11:33,254,100,0,0.217,0.0130,706
2024-07-16 09:11:34,254,100,0,0.214,0.00700,709
2024-07-16 09:11:35,254,100,0,0.217,0.0110,706
2024-07-16 09:11:36,254,100,0,0.217,0.00800,702
2024-07-16 09:11:37,254,100,0,0.218,0.00800,703
2024-07-16 09:11:38,254,100,0,0.218,0.00900,699
2024-07-16 09:11:39,254,100,0,0.216,-0.00200,697
2024-07-16 09:11:40,254,100,0,0.218,0.00100,693
2024-07-16 09:11:41,254,100,0,0.218,0.00800,693
2024-07-16 09:11:42,254,100,0,0.217,0.0110,693
2024-07-16 09:11:43,254,100,0,0.217,0.00800,691
2024-07-16 09:11:44,254,100,0,0.218,0.00900,691
2024-07-16 09:11:45,254,100,0,0.218,0.00600,684
2024-07-16 09:11:46,254,100,0,0.214,0.00800,680
2024-07-16 09:11:47,254,100,0,0.213,0.00400,684
2024-07-16 09:11:48,254,100,0,0.217,0.0100,687
2024-07-16 09:11:49,254,100,0,0.218,0.0130,680
2024-07-16 09:11:50,254,100,0,0.218,0.0130,678
2024-07-16 09:11:51,254,100,0,0.216,0.0110,677
2024-07-16 09:11:52,254,100,0,0.218,0.00600,676
2024-07-16 09:11:53,254,100,0,0.218,0.00700,676
2024-07-16 09:11:54,254,100,0,0.217,0.00100,673
2024-07-16 09:11:55,254,100,0,0.218,0.00800,670
2024-07-16 09:11:56,254,100,0,0.216,0.0100,672
2024-07-16 09:11:57,254,100,0,0.218,0.0110,669
2024-07-16 09:11:58,254,100,0,0.217,0.00900,670
2024-07-16 09:11:59,254,100,0,0.213,0.00800,668
2024-07-16 09:12:00,254,100,0,0.218,0.00700,668
2024-07-16 09:12:01,254,100,0,0.217,0.0100,669
2024-07-16 09:12:02,254,100,0,0.217,0.00800,666
2024-07-16 09:12:03,254,100,0,0.214,0.00600,667
2024-07-16 09:12:04,254,100,0,0.216,0.00700,667
2024-07-16 09:12:05,254,100,0,0.217,0.00500,668
2024-07-16 09:12:06,254,100,0,0.217,0.00700,668
2024-07-16 09:12:07,254,100,0,0.217,0.0110,667
2024-07-16 09:12:08,254,100,0,0.217,0.00900,664
2024-07-16 09:12:09,254,100,0,0.216,0.0130,659
2024-07-16 09:12:10,254,100,0,0.216,0.00900,659
2024-07-16 09:12:11,254,100,0,0.217,0.00300,664
2024-07-16 09:12:12,254,100,0,0.217,0.0120,659
2024-07-16 09:12:13,254,100,0,0.216,0.0140,665
2024-07-16 09:12:14,254,100,0,0.217,0.00800,665
2024-07-16 09:12:15,254,100,0,0.215,0.0120,667
2024-07-16 09:12:16,254,100,0,0.215,0.0100,666
2024-07-16 09:12:17,254,100,0,0.217,0.0150,668
2024-07-16 09:12:18,254,100,0,0.217,0.0150,667
2024-07-16 09:12:19,254,100,0,0.217,0.00900,663
2024-07-16 09:12:20,254,100,0,0.217,0.00700,668
2024-07-16 09:12:21,254,100,0,0.217,0.0130,667
2024-07-16 09:12:22,254,100,0,0.218,0.0160,667
2024-07-16 09:12:23,254,100,0,0.215,0.00900,668
2024-07-16 09:12:24,254,100,0,0.217,0.00900,668
2024-07-16 09:12:25,254,100,0,0.216,0.0110,666
2024-07-16 09:12:26,254,100,0,0.216,0.00600,667
2024-07-16 09:12:27,254,100,0,0.217,0.00900,667
2024-07-16 09:12:28,254,100,0,0.217,0.0120,667
2024-07-16 09:12:29,254,100,0,0.217,0.0120,669
2024-07-16 09:12:30,254,100,0,0.217,0.0130,661
2024-07-16 09:12:31,254,100,0,0.217,0.0120,663
2024-07-16 09:12:32,254,100,0,0.217,0.00700,666
2024-07-16 09:12:33,254,100,0,0.217,0.00700,667
2024-07-16 09:12:34,254,100,0,0.217,0.0110,671
2024-07-16 09:12:35,254,100,0,0.214,0.0100,670
2024-07-16 09:12:36,254,100,0,0.215,0.0120,671
2024-07-16 09:12:37,254,100,0,0.216,0.0120,670
2024-07-16 09:12:38,254,100,0,0.216,0.0140,672
2024-07-16 09:12:39,254,100,0,0.216,0.00900,666
2024-07-16 09:12:40,254,100,0,0.216,0.0100,672
2024-07-16 09:12:41,254,100,0,0.216,0.00800,669
2024-07-16 09:12:42,254,100,0,0.216,0.00300,669
2024-07-16 09:12:43,254,100,0,0.214,0.00300,671
2024-07-16 09:12:44,254,100,0,0.216,0.00700,669
2024-07-16 09:12:45,254,100,0,0.216,0.00800,667
2024-07-16 09:12:46,254,100,0,0.217,0.00900,667
2024-07-16 09:12:47,254,100,0,0.216,0.00500,668
2024-07-16 09:12:48,254,100,0,0.214,0.00900,668
2024-07-16 09:12:49,254,100,0,0.216,0.00800,670
2024-07-16 09:12:50,254,100,0,0.216,0.00900,667
2024-07-16 09:12:51,254,100,0,0.216,0.00900,666
2024-07-16 09:12:52,254,100,0,0.216,0.00800,670
2024-07-16 09:12:53,254,100,0,0.216,0.00800,662
2024-07-16 09:12:54,254,100,0,0.216,0.00500,665
2024-07-16 09:12:55,254,100,0,0.214,0.0120,664
2024-07-16 09:12:56,254,100,0,0.214,0.00700,667
2024-07-16 09:12:57,254,100,0,0.216,0.0120,664
2024-07-16 09:12:58,254,100,0,0.216,0.00900,665
2024-07-16 09:12:59,254,100,0,0.215,0.00600,666
2024-07-16 09:13:00,254,100,0,0.215,0.0110,664
2024-07-16 09:13:01,254,100,0,0.216,0.00500,666
2024-07-16 09:13:02,254,100,0,0.216,0.00600,665
2024-07-16 09:13:03,254,100,0,0.216,0.00500,659
2024-07-16 09:13:04,254,100,0,0.217,0.00600,660
2024-07-16 09:13:05,254,100,0,0.217,0.0140,651
2024-07-16 09:13:06,254,100,0,0.216,0.00800,648
2024-07-16 09:13:07,254,100,0,0.215,0.00700,649
2024-07-16 09:13:08,254,100,0,0.211,0.00200,644
2024-07-16 09:13:09,254,100,0,0.216,0.00300,639
2024-07-16 09:13:10,254,100,0,0.217,0.00500,635
2024-07-16 09:13:11,254,100,0,0.215,0.00500,635
2024-07-16 09:13:12,254,100,0,0.214,0.0130,634
2024-07-16 09:13:13,254,100,0,0.213,0.0100,634
2024-07-16 09:13:14,254,100,0,0.215,0.00900,628
2024-07-16 09:13:15,254,100,0,0.216,0.00800,625
2024-07-16 09:13:16,254,100,0,0.216,0.00500,627
2024-07-16 09:13:17,254,100,0,0.216,0.00900,626
2024-07-16 09:13:18,254,100,0,0.216,0.0100,626
2024-07-16 09:13:19,254,100,0,0.216,0.00700,623
2024-07-16 09:13:20,253,100,0,0.216,-0.00500,623
2024-07-16 09:13:21,253,100,0,0.217,0.0130,625
2024-07-16 09:13:22,253,100,0,0.216,0.00800,620
2024-07-16 09:13:23,253,100,0,0.216,0.00400,623
2024-07-16 09:13:24,253,100,0,0.215,0.00300,624
2024-07-16 09:13:25,253,100,0,0.214,0.00400,629
2024-07-16 09:13:26,253,100,0,0.215,0.00700,621
2024-07-16 09:13:27,253,100,0,0.215,0.0100,616
2024-07-16 09:13:28,253,100,0,0.216,0.00400,624
2024-07-16 09:13:29,253,100,0,0.214,0.00400,629
2024-07-16 09:13:30,254,100,0,0.216,0.00600,622
2024-07-16 09:13:31,254,100,0,0.216,0.00100,616
2024-07-16 09:13:32,254,100,0,0.215,0.00800,619
2024-07-16 09:13:33,254,100,0,0.215,0.00700,623
2024-07-16 09:13:34,254,100,0,0.216,0.00500,621
2024-07-16 09:13:35,254,100,0,0.216,0.00600,625
2024-07-16 09:13:36,254,100,0,0.215,0.00900,630
2024-07-16 09:13:37,254,100,0,0.214,0.00200,628
2024-07-16 09:13:38,254,100,0,0.216,0.00700,634
2024-07-16 09:13:39,254,100,0,0.215,0.00500,632
2024-07-16 09:13:40,253,100,0,0.215,0.00500,630
2024-07-16 09:13:41,253,100,0,0.214,0.00300,636
2024-07-16 09:13:42,253,100,0,0.214,0.00600,640
2024-07-16 09:13:43,253,100,0,0.216,0.0120,647
2024-07-16 09:13:44,253,100,0,0.216,0.0110,650
2024-07-16 09:13:45,254,100,0,0.216,0.00400,647
2024-07-16 09:13:46,254,100,0,0.215,0.00800,653
2024-07-16 09:13:47,254,100,0,0.216,0.00400,654
2024-07-16 09:13:48,254,100,0,0.215,0.0120,616
2024-07-16 09:13:49,254,100,0,0.215,0.0130,646
2024-07-16 09:13:50,253,100,0,0.216,0.00400,650
2024-07-16 09:13:51,253,100,0,0.216,0.00400,656
2024-07-16 09:13:52,253,100,0,0.214,0.00700,660
2024-07-16 09:13:53,253,100,0,0.216,0.0120,664
2024-07-16 09:13:54,253,100,0,0.216,0.00700,670
2024-07-16 09:13:55,253,100,0,0.216,0.00700,669
2024-07-16 09:13:56,253,100,0,0.214,0.0110,678
2024-07-16 09:13:57,253,100,0,0.216,0.00900,683
2024-07-16 09:13:58,253,100,0,0.216,0.0110,683
2024-07-16 09:13:59,253,100,0,0.216,0.00900,691
2024-07-16 09:14:00,253,100,0,0.215,0.00600,683
2024-07-16 09:14:01,253,100,0,0.215,0.00600,691
2024-07-16 09:14:02,253,100,0,0.216,0.0100,687
2024-07-16 09:14:03,253,100,0,0.215,0.00800,692
2024-07-16 09:14:04,253,100,0,0.211,0.00600,695
2024-07-16 09:14:05,253,100,0,0.215,0.0110,697
2024-07-16 09:14:06,253,100,0,0.215,0.0100,701
2024-07-16 09:14:07,253,100,0,0.216,0.0130,705
2024-07-16 09:14:08,253,100,0,0.214,0.00900,708
2024-07-16 09:14:09,253,100,0,0.214,0.00800,710
2024-07-16 09:14:10,253,100,0,0.216,0.00700,713
2024-07-16 09:14:11,253,100,0,0.215,0.00700,713
2024-07-16 09:14:12,253,100,0,0.215,0.00400,709
2024-07-16 09:14:13,253,100,0,0.215,0.00600,716
2024-07-16 09:14:14,253,100,0,0.215,0.00800,718
2024-07-16 09:14:15,253,100,0,0.215,0.00800,717
2024-07-16 09:14:16,253,100,0,0.214,0.0170,715
2024-07-16 09:14:17,253,100,0,0.214,0.0140,720
2024-07-16 09:14:18,253,100,0,0.215,0.0130,719
2024-07-16 09:14:19,253,100,0,0.215,0.0130,721
2024-07-16 09:14:20,253,100,0,0.215,0.00900,727
2024-07-16 09:14:21,253,100,0,0.216,0.0130,727
2024-07-16 09:14:22,253,100,0,0.215,0.0130,723
2024-07-16 09:14:23,253,100,0,0.216,0.0140,720
2024-07-16 09:14:24,253,100,0,0.211,0.00800,729
2024-07-16 09:14:25,253,100,0,0.215,0.0130,727
2024-07-16 09:14:26,253,100,0,0.215,0.0190,726
2024-07-16 09:14:27,253,100,0,0.216,0.0110,726
2024-07-16 09:14:28,253,100,0,0.213,0.00700,723
2024-07-16 09:14:29,253,100,0,0.213,0.0110,724
2024-07-16 09:14:30,253,100,0,0.216,0.0150,721
2024-07-16 09:14:31,253,100,0,0.216,0.0160,719
2024-07-16 09:14:32,253,100,0,0.216,0.00800,719
2024-07-16 09:14:33,253,100,0,0.216,0.00900,724
2024-07-16 09:14:34,253,100,0,0.216,0.00900,715
2024-07-16 09:14:35,253,100,0,0.215,0.0110,725
2024-07-16 09:14:36,253,100,0,0.216,0.0150,716
2024-07-16 09:14:37,253,100,0,0.216,0.0120,718
2024-07-16 09:14:38,253,100,0,0.216,0.0120,718
2024-07-16 09:14:39,253,100,0,0.215,0.0130,717
2024-07-16 09:14:40,253,100,0,0.215,0.0120,710
2024-07-16 09:14:41,253,100,0,0.215,0.0100,716
2024-07-16 09:14:42,253,100,0,0.216,0.0160,707
2024-07-16 09:14:43,253,100,0,0.215,0.0110,703
2024-07-16 09:14:44,253,100,0,0.215,0.00800,703
2024-07-16 09:14:45,253,100,0,0.216,0.0120,701
2024-07-16 09:14:46,253,100,0,0.217,0.0140,696
2024-07-16 09:14:47,253,100,0,0.214,0.0100,693
2024-07-16 09:14:48,253,100,0,0.215,0.0120,694
2024-07-16 09:14:49,253,100,0,0.212,0.00300,695
2024-07-16 09:14:50,253,100,0,0.216,0.00600,693
2024-07-16 09:14:51,253,100,0,0.216,0.00700,692
2024-07-16 09:14:52,253,100,0,0.216,0.00900,687
2024-07-16 09:14:53,253,100,0,0.215,0.00300,687
2024-07-16 09:14:54,253,100,0,0.215,0.0110,683
2024-07-16 09:14:55,253,100,0,0.216,0.00600,679
2024-07-16 09:14:56,253,100,0,0.217,0.00700,674
2024-07-16 09:14:57,253,100,0,0.217,0.00800,675
2024-07-16 09:14:58,253,100,0,0.214,0.00700,682
2024-07-16 09:14:59,253,100,0,0.216,0.00400,668
2024-07-16 09:15:00,253,100,0,0.215,0.0110,662
2024-07-16 09:15:01,253,100,0,0.215,0.0140,672
2024-07-16 09:15:02,253,100,0,0.215,0.0130,661
2024-07-16 09:15:03,253,100,0,0.215,0.0170,661
2024-07-16 09:15:04,253,100,0,0.215,0.0130,660
2024-07-16 09:15:05,253,100,0,0.213,0.00500,656
2024-07-16 09:15:06,253,100,0,0.213,0.00600,658
2024-07-16 09:15:07,253,100,0,0.216,0.00600,656
2024-07-16 09:15:08,253,100,0,0.216,0.00700,655
2024-07-16 09:15:09,253,100,0,0.215,0.0130,652
2024-07-16 09:15:10,253,100,0,0.213,0.00900,650
2024-07-16 09:15:11,253,100,0,0.215,0.0130,642
2024-07-16 09:15:12,253,100,0,0.215,0.0100,641
2024-07-16 09:15:13,253,100,0,0.216,0.00500,641
2024-07-16 09:15:14,253,100,0,0.216,0.0140,638
2024-07-16 09:15:15,253,100,0,0.216,0.0180,638
2024-07-16 09:15:16,253,100,0,0.216,0.0120,638
2024-07-16 09:15:17,253,100,0,0.216,0.0120,637
2024-07-16 09:15:18,253,100,0,0.211,0.00900,637
2024-07-16 09:15:19,253,100,0,0.216,0.0100,638
2024-07-16 09:15:20,253,100,0,0.216,0.00900,636
2024-07-16 09:15:21,,,,,,633
2024-07-16 09:15:22,253,100,0,0.214,0.00700,632
2024-07-16 09:15:23,253,100,0,0.215,0.00700,633
2024-07-16 09:15:24,253,100,0,0.215,0.0100,635
2024-07-16 09:15:25,,,,,,635
2024-07-16 09:15:26,253,100,0,0.215,0.0120,632
2024-07-16 09:15:27,253,100,0,0.216,0.0100,630
2024-07-16 09:15:28,253,100,0,0.215,0.00700,630
2024-07-16 09:15:29,,,,,,629
2024-07-16 09:15:30,253,100,0,0.214,0.00900,630
2024-07-16 09:15:31,253,100,0,0.211,0.00900,630
2024-07-16 09:15:32,253,100,0,0.215,0.0110,630
2024-07-16 09:15:33,253,100,0,0.215,0.00800,631
2024-07-16 09:15:34,253,100,0,0.216,0.0100,629
2024-07-16 09:15:35,253,100,0,0.212,0.00600,627
2024-07-16 09:15:36,253,100,0,0.213,0.00700,631
2024-07-16 09:15:37,253,100,0,0.216,0.00900,627
2024-07-16 09:15:38,253,100,0,0.216,0.0120,634
2024-07-16 09:15:39,253,100,0,0.215,0.0100,627
2024-07-16 09:15:40,253,100,0,0.215,0.00800,629
2024-07-16 09:15:41,253,100,0,0.216,0.0100,628
2024-07-16 09:15:42,253,100,0,0.215,0.00800,639
2024-07-16 09:15:43,253,100,0,0.212,0.0120,630
2024-07-16 09:15:44,253,100,0,0.215,0.0120,636
2024-07-16 09:15:45,253,100,0,0.215,0.0100,633
2024-07-16 09:15:46,253,100,0,0.215,0.00600,638
2024-07-16 09:15:47,253,100,0,0.214,0.00400,633
2024-07-16 09:15:48,253,100,0,0.213,0.0130,631
2024-07-16 09:15:49,253,100,0,0.217,0.0100,631
2024-07-16 09:15:50,253,100,0,0.215,0.0120,638
2024-07-16 09:15:51,253,100,0,0.215,0.0130,631
2024-07-16 09:15:52,253,100,0,0.216,0.00900,631
2024-07-16 09:15:53,253,100,0,0.216,0.0130,630
2024-07-16 09:15:54,253,100,0,0.216,0.0160,629
2024-07-16 09:15:55,253,100,0,0.214,0.00100,626
2024-07-16 09:15:56,253,100,0,0.214,0.00100,631
2024-07-16 09:15:57,253,100,0,0.215,0.0100,629
2024-07-16 09:15:58,253,100,0,0.216,0.0110,627
2024-07-16 09:15:59,253,100,0,0.215,0.00900,623
2024-07-16 09:16:00,253,100,0,0.213,0.00900,627
2024-07-16 09:16:01,253,100,0,0.216,0.0150,621
2024-07-16 09:16:02,253,100,0,0.216,0.0140,620
2024-07-16 09:16:03,253,100,0,0.215,0.0170,617
2024-07-16 09:16:04,253,100,0,0.215,0.00700,614
2024-07-16 09:16:05,253,100,0,0.214,0.00400,610
2024-07-16 09:16:06,253,100,0,0.216,0.0100,609
2024-07-16 09:16:07,253,100,0,0.216,0.00800,607
2024-07-16 09:16:08,253,100,0,0.216,0.00700,607
2024-07-16 09:16:09,253,100,0,0.216,0.00800,602
2024-07-16 09:16:10,253,100,0,0.216,0.0100,597
2024-07-16 09:16:11,253,100,0,0.216,0.00800,596
2024-07-16 09:16:12,253,100,0,0.212,0.00900,594
2024-07-16 09:16:13,253,100,0,0.216,0.00600,591
2024-07-16 09:16:14,253,100,0,0.216,0.00500,586
2024-07-16 09:16:15,253,100,0,0.215,0.00900,582
2024-07-16 09:16:16,253,100,0,0.216,0.0100,579
2024-07-16 09:16:17,253,100,0,0.214,0.00800,579
2024-07-16 09:16:18,253,100,0,0.215,0.00300,576
2024-07-16 09:16:19,253,100,0,0.217,0.0110,574
2024-07-16 09:16:20,253,100,0,0.216,0.00500,568
2024-07-16 09:16:21,253,100,0,0.215,0.00900,566
2024-07-16 09:16:22,253,100,0,0.215,0.00600,561
2024-07-16 09:16:23,253,100,0,0.215,0.0120,561
2024-07-16 09:16:24,253,100,0,0.215,0.0100,554
2024-07-16 09:16:25,253,100,0,0.214,0.0140,549
2024-07-16 09:16:26,253,100,0,0.216,0.0110,542
2024-07-16 09:16:27,253,100,0,0.216,0.0110,542
2024-07-16 09:16:28,253,100,0,0.217,0.0100,536
2024-07-16 09:16:29,253,100,0,0.214,0.00400,533
2024-07-16 09:16:30,253,100,0,0.216,0.00500,527
2024-07-16 09:16:31,253,100,0,0.216,0.0100,522
2024-07-16 09:16:32,253,100,0,0.216,0.0120,516
2024-07-16 09:16:33,253,100,0,0.216,0.0140,516
2024-07-16 09:16:34,253,100,0,0.216,0.00800,509
2024-07-16 09:16:35,253,100,0,0.216,0.00700,506
2024-07-16 09:16:36,253,100,0,0.216,0.00700,503
2024-07-16 09:16:37,253,100,0,0.216,0.00700,496
2024-07-16 09:16:38,253,100,0,0.215,0.0110,496
2024-07-16 09:16:39,253,100,0,0.215,0.00900,489
2024-07-16 09:16:40,253,100,0,0.215,0.0100,485
2024-07-16 09:16:41,253,100,0,0.215,0.0120,479
2024-07-16 09:16:42,253,100,0,0.214,0.00900,480
2024-07-16 09:16:43,253,100,0,0.216,0.0100,476
2024-07-16 09:16:44,253,100,0,0.217,0.00900,473
2024-07-16 09:16:45,253,100,0,0.216,0.00900,470
2024-07-16 09:16:46,253,100,0,0.215,0.00600,462
2024-07-16 09:16:47,253,100,0,0.216,0.0100,458
2024-07-16 09:16:48,253,100,0,0.215,0.0130,457
2024-07-16 09:16:49,253,100,0,0.215,0.0100,455
2024-07-16 09:16:50,253,100,0,0.217,0.0130,446
2024-07-16 09:16:51,253,100,0,0.217,0.0100,443
2024-07-16 09:16:52,253,100,0,0.216,0.00900,440
2024-07-16 09:16:53,253,100,0,0.217,0.00600,436
2024-07-16 09:16:54,253,100,0,0.215,0.00100,435
2024-07-16 09:16:55,253,100,0,0.216,0.00900,431
2024-07-16 09:16:56,253,100,0,0.216,0.0110,434
2024-07-16 09:16:57,253,100,0,0.217,0.00600,427
2024-07-16 09:16:58,253,100,0,0.216,0.00700,426
2024-07-16 09:16:59,253,100,0,0.217,0.00400,426
2024-07-16 09:17:00,253,100,0,0.217,0.00900,421
2024-07-16 09:17:01,253,100,0,0.214,0.00200,417
2024-07-16 09:17:02,253,100,0,0.213,0.00300,417
2024-07-16 09:17:03,253,100,0,0.216,0.0130,420
2024-07-16 09:17:04,253,100,0,0.217,0.0150,413
2024-07-16 09:17:05,253,100,0,0.217,0.0130,407
2024-07-16 09:17:06,253,100,0,0.216,0.0100,414
2024-07-16 09:17:07,253,100,0,0.217,0.0100,406
2024-07-16 09:17:08,253,100,0,0.216,0.00800,406
2024-07-16 09:17:09,253,100,0,0.213,0,407
2024-07-16 09:17:10,253,100,0,0.216,0.0120,406
2024-07-16 09:17:11,253,100,0,0.217,0.00900,402
2024-07-16 09:17:12,253,100,0,0.215,0.00800,409
2024-07-16 09:17:13,253,100,0,0.216,0.00900,401
2024-07-16 09:17:14,253,100,0,0.215,0.0120,400
2024-07-16 09:17:15,253,100,0,0.217,0.0140,400
2024-07-16 09:17:16,253,100,0,0.217,0.0100,400
2024-07-16 09:17:17,253,100,0,0.215,0.0120,401
2024-07-16 09:17:18,253,100,0,0.215,0.0100,401
2024-07-16 09:17:19,253,100,0,0.216,0.0100,397
2024-07-16 09:17:20,253,100,0,0.216,0.00800,394
2024-07-16 09:17:21,253,100,0,0.217,-0.0110,394
2024-07-16 09:17:22,253,100,0,0.217,-0.0120,396
2024-07-16 09:17:23,253,100,0,0.216,0.00200,399
2024-07-16 09:17:24,253,100,0,0.216,0.00600,394
2024-07-16 09:17:25,253,100,0,0.217,0.0130,394
2024-07-16 09:17:26,253,100,0,0.215,0.00900,396
2024-07-16 09:17:27,253,100,0,0.215,0.00900,396
2024-07-16 09:17:28,253,100,0,0.217,0.00800,396
2024-07-16 09:17:29,253,100,0,0.217,0.00800,396
2024-07-16 09:17:30,253,100,0,0.216,0.00700,391
2024-07-16 09:17:31,253,100,0,0.217,0.00700,393
2024-07-16 09:17:32,253,100,0,0.217,0.00500,392
2024-07-16 09:17:33,253,100,0,0.216,0.00600,396
2024-07-16 09:17:34,253,100,0,0.215,-0.00700,394
2024-07-16 09:17:35,253,100,0,0.217,0.00700,391
2024-07-16 09:17:36,253,100,0,0.217,0.00400,392
2024-07-16 09:17:37,253,100,0,0.217,0.00300,394
2024-07-16 09:17:38,253,100,0,0.216,0.00500,397
2024-07-16 09:17:39,253,100,0,0.217,0.00500,395
2024-07-16 09:17:40,253,100,0,0.217,0.00900,392
2024-07-16 09:17:41,253,100,0,0.217,0.0100,393
2024-07-16 09:17:42,253,100,0,0.217,0.00900,395
2024-07-16 09:17:43,253,100,0,0.217,0.0130,397
2024-07-16 09:17:44,253,100,0,0.217,0.0130,394
2024-07-16 09:17:45,253,100,0,0.218,0.00900,394
2024-07-16 09:17:46,253,100,0,0.214,0.00800,396
2024-07-16 09:17:47,253,100,0,0.217,0.00600,391
2024-07-16 09:17:48,253,100,0,0.217,0.0110,397
2024-07-16 09:17:49,253,100,0,0.216,0.0100,398
2024-07-16 09:17:50,253,100,0,0.218,0.00600,398
2024-07-16 09:17:51,253,100,0,0.219,0.00600,398
2024-07-16 09:17:52,253,100,0,0.218,0.0130,399
2024-07-16 09:17:53,253,100,0,0.218,0.00900,400
2024-07-16 09:17:54,253,100,0,0.217,0.00800,399
2024-07-16 09:17:55,253,100,0,0.215,0.00900,399
2024-07-16 09:17:56,253,100,0,0.217,0.0120,405
2024-07-16 09:17:57,253,100,0,0.218,0.0100,404
2024-07-16 09:17:58,253,100,0,0.218,0.0100,407
2024-07-16 09:17:59,253,100,0,0.218,0.0140,406
2024-07-16 09:18:00,253,100,0,0.217,0.0110,404
2024-07-16 09:18:01,253,100,0,0.217,0.0100,414
2024-07-16 09:18:02,253,100,0,0.218,0.00900,408
2024-07-16 09:18:03,253,100,0,0.217,0.00100,411
2024-07-16 09:18:04,253,100,0,0.217,0.0110,411
2024-07-16 09:18:05,253,100,0,0.217,0.0140,408
2024-07-16 09:18:06,253,100,0,0.217,0.0130,408
2024-07-16 09:18:07,253,100,0,0.217,0.00200,409
2024-07-16 09:18:08,253,100,0,0.217,0.00200,413
2024-07-16 09:18:09,253,100,0,0.217,0.0100,414
2024-07-16 09:18:10,253,100,0,0.218,0.00800,416
2024-07-16 09:18:11,253,100,0,0.218,0.0110,
2024-07-16 09:18:12,253,100,0,0.216,0.0100,412
2024-07-16 09:18:13,253,100,0,0.217,0.00700,414
2024-07-16 09:18:14,253,100,0,0.217,0.0120,416
2024-07-16 09:18:15,253,100,0,0.218,0.00900,
2024-07-16 09:18:16,253,100,0,0.217,0.00700,418
2024-07-16 09:18:17,253,100,0,0.218,0.0140,419
2024-07-16 09:18:18,253,100,0,0.218,0.0130,420
2024-07-16 09:18:19,253,100,0,0.214,0.00300,421
2024-07-16 09:18:20,253,100,0,0.215,0.00400,420
2024-07-16 09:18:21,253,100,0,0.218,0.0120,422
2024-07-16 09:18:22,253,100,0,0.218,0.0130,423
2024-07-16 09:18:23,253,100,0,0.219,0.0110,422
2024-07-16 09:18:24,253,100,0,0.217,0.0120,423
2024-07-16 09:18:25,253,100,0,0.217,0.00800,424
2024-07-16 09:18:26,253,100,0,0.217,0.00900,428
2024-07-16 09:18:27,253,100,0,0.217,0.00500,425
2024-07-16 09:18:28,253,100,0,0.217,0.00900,423
2024-07-16 09:18:29,253,100,0,0.217,0.00900,429
2024-07-16 09:18:30,253,100,0,0.218,0.00800,427
2024-07-16 09:18:31,253,100,0,0.218,0.00700,426
2024-07-16 09:18:32,253,100,0,0.214,0.00900,426
2024-07-16 09:18:33,253,100,0,0.218,0.00600,428
2024-07-16 09:18:34,253,100,0,0.218,0.0140,431
2024-07-16 09:18:35,253,100,0,0.218,0.0150,428
2024-07-16 09:18:36,253,100,0,0.217,0.00700,430
2024-07-16 09:18:37,253,100,0,0.217,0.00700,430
2024-07-16 09:18:38,253,100,0,0.218,0.0110,427
2024-07-16 09:18:39,253,100,0,0.218,0.00800,434
2024-07-16 09:18:40,253,100,0,0.218,0.00700,434
2024-07-16 09:18:41,253,100,0,0.218,0.00900,431
2024-07-16 09:18:42,253,100,0,0.217,0.00800,430
2024-07-16 09:18:43,253,100,0,0.218,0.00600,430
2024-07-16 09:18:44,253,100,0,0.217,0.00500,431
2024-07-16 09:18:45,253,100,0,0.219,0.00700,430
2024-07-16 09:18:46,253,100,0,0.220,0.00700,432
2024-07-16 09:18:47,253,100,0,0.219,0.0120,428
2024-07-16 09:18:48,253,100,0,0.218,0.0120,427
2024-07-16 09:18:49,253,100,0,0.216,0.0110,432
2024-07-16 09:18:50,253,100,0,0.219,0.0110,431
2024-07-16 09:18:51,253,100,0,0.218,0.0120,427
2024-07-16 09:18:52,253,100,0,0.218,0.0100,427
2024-07-16 09:18:53,253,100,0,0.218,0.0110,431
2024-07-16 09:18:54,253,100,0,0.219,0.00600,431
2024-07-16 09:18:55,253,100,0,0.219,0.00800,432
2024-07-16 09:18:56,253,100,0,0.217,0.00400,432
2024-07-16 09:18:57,253,100,0,0.217,0.00400,433
2024-07-16 09:18:58,253,100,0,0.218,0.0160,435
2024-07-16 09:18:59,253,100,0,0.219,0.0130,433
2024-07-16 09:19:00,253,100,0,0.220,0.0100,434
2024-07-16 09:19:01,253,100,0,0.219,0.0120,441
2024-07-16 09:19:02,253,100,0,0.219,0.0140,435
2024-07-16 09:19:03,253,100,0,0.219,0.0130,434
2024-07-16 09:19:04,253,100,0,0.219,0.0160,438
2024-07-16 09:19:05,253,100,0,0.217,0.0130,441
2024-07-16 09:19:06,253,100,0,0.217,0.0110,438
2024-07-16 09:19:07,253,100,0,0.220,0.0110,440
2024-07-16 09:19:08,253,100,0,0.219,0.00900,439
2024-07-16 09:19:09,253,100,0,0.219,0.0140,444
2024-07-16 09:19:10,253,100,0,0.219,0.0130,442
2024-07-16 09:19:11,253,100,0,0.218,0.0150,444
2024-07-16 09:19:12,253,100,0,0.219,0.0120,446
2024-07-16 09:19:13,253,100,0,0.217,0.0140,445
2024-07-16 09:19:14,253,100,0,0.219,0.0150,448
2024-07-16 09:19:15,253,100,0,0.220,0.0100,451
2024-07-16 09:19:16,253,100,0,0.220,0.0140,451
2024-07-16 09:19:17,253,100,0,0.219,0.0170,455
2024-07-16 09:19:18,253,100,0,0.219,0.0170,451
2024-07-16 09:19:19,253,100,0,0.220,0.0150,456
2024-07-16 09:19:20,253,100,0,0.219,0.0150,456
2024-07-16 09:19:21,253,100,0,0.220,0.00700,461
2024-07-16 09:19:22,253,100,0,0.220,0.0110,459
2024-07-16 09:19:23,253,100,0,0.219,0.00800,463
2024-07-16 09:19:24,253,100,0,0.219,0.0110,465
2024-07-16 09:19:25,253,100,0,0.219,0.00500,467
2024-07-16 09:19:26,253,100,0,0.219,0.00800,467
2024-07-16 09:19:27,253,100,0,0.220,0.00900,473
2024-07-16 09:19:28,253,100,0,0.220,0.0100,474
2024-07-16 09:19:29,253,100,0,0.219,0.00900,474
2024-07-16 09:19:30,253,100,0,0.219,0.0110,479
2024-07-16 09:19:31,253,100,0,0.219,0.0100,479
2024-07-16 09:19:32,253,100,0,0.220,0.0170,483
2024-07-16 09:19:33,253,100,0,0.220,0.0190,481
2024-07-16 09:19:34,253,100,0,0.220,0.0170,485
2024-07-16 09:19:35,253,100,0,0.220,0.0170,488
2024-07-16 09:19:36,253,100,0,0.220,0.0150,490
2024-07-16 09:19:37,253,100,0,0.219,0.0180,493
2024-07-16 09:19:38,253,100,0,0.216,0.0100,497
2024-07-16 09:19:39,253,100,0,0.220,0.0190,496
2024-07-16 09:19:40,253,100,0,0.220,0.0150,498
2024-07-16 09:19:41,253,100,0,0.221,0.0170,503
2024-07-16 09:19:42,253,100,0,0.218,0.0110,501
2024-07-16 09:19:43,253,100,0,0.220,0.0130,507
2024-07-16 09:19:44,253,100,0,0.220,0.0120,509
2024-07-16 09:19:45,253,100,0,0.221,0.0180,514
2024-07-16 09:19:46,253,100,0,0.220,0.0120,516
2024-07-16 09:19:47,253,100,0,0.220,0.0150,515
2024-07-16 09:19:48,253,100,0,0.220,0.0140,518
2024-07-16 09:19:49,253,100,0,0.220,0.0160,523
2024-07-16 09:19:50,253,100,0,0.216,0.0110,528
2024-07-16 09:19:51,253,100,0,0.220,0.0100,530
2024-07-16 09:19:52,253,100,0,0.220,0.00700,541
2024-07-16 09:19:53,253,100,0,0.219,0.0100,537
2024-07-16 09:19:54,253,100,0,0.218,0.0140,540
2024-07-16 09:19:55,253,100,0,0.218,0.0130,541
2024-07-16 09:19:56,253,100,0,0.220,0.0130,544
2024-07-16 09:19:57,253,100,0,0.220,0.0120,551
2024-07-16 09:19:58,253,100,0,0.220,0.00800,551
2024-07-16 09:19:59,253,100,0,0.218,0.0100,553
2024-07-16 09:20:00,253,100,0,0.221,0.0130,559
2024-07-16 09:20:01,253,100,0,0.220,0.0130,560
2024-07-16 09:20:02,253,100,0,0.220,0.0140,564
2024-07-16 09:20:03,253,100,0,0.221,0.00900,570
2024-07-16 09:20:04,253,100,0,0.221,0.00700,572
2024-07-16 09:20:05,253,100,0,0.221,0.00700,575
2024-07-16 09:20:06,253,100,0,0.221,0.0110,577
2024-07-16 09:20:07,253,100,0,0.217,0.00500,583
2024-07-16 09:20:08,253,100,0,0.222,0.0120,585
2024-07-16 09:20:09,253,100,0,0.221,0.0140,589
2024-07-16 09:20:10,253,100,0,0.221,0.0130,595
2024-07-16 09:20:11,253,100,0,0.218,0.0100,598
2024-07-16 09:20:12,253,100,0,0.221,0.0140,598
2024-07-16 09:20:13,253,100,0,0.221,0.0150,601
2024-07-16 09:20:14,253,100,0,0.221,0.00900,605
2024-07-16 09:20:15,253,100,0,0.220,0.0160,609
2024-07-16 09:20:16,253,100,0,0.222,0.0150,615
2024-07-16 09:20:17,253,100,0,0.221,0.0120,618
2024-07-16 09:20:18,253,100,0,0.220,0.0160,623
2024-07-16 09:20:19,253,100,0,0.219,0.0120,626
2024-07-16 09:20:20,253,100,0,0.221,0.00900,635
2024-07-16 09:20:21,253,100,0,0.221,0.0130,642
2024-07-16 09:20:22,253,100,0,0.221,0.0150,640
2024-07-16 09:20:23,253,100,0,0.221,0.0110,643
2024-07-16 09:20:24,253,100,0,0.221,0.0110,650
2024-07-16 09:20:25,253,100,0,0.221,0.0120,654
2024-07-16 09:20:26,253,100,0,0.222,0.0160,658
2024-07-16 09:20:27,253,100,0,0.220,-0.00700,664
2024-07-16 09:20:28,253,100,0,0.221,0.0120,667
2024-07-16 09:20:29,253,100,0,0.221,0.0130,673
2024-07-16 09:20:30,253,100,0,0.221,0.0130,675
2024-07-16 09:20:31,253,100,0,0.220,0.0110,678
2024-07-16 09:20:32,253,100,0,0.222,0.0110,682
2024-07-16 09:20:33,253,100,0,0.222,0.0140,689
2024-07-16 09:20:34,253,100,0,0.221,0.0140,692
2024-07-16 09:20:35,253,100,0,0.221,0.0160,693
2024-07-16 09:20:36,253,100,0,0.222,0.0190,697
2024-07-16 09:20:37,253,100,0,0.222,0.0160,699
2024-07-16 09:20:38,253,100,0,0.222,0.0160,700
2024-07-16 09:20:39,253,100,0,0.217,0.0140,707
2024-07-16 09:20:40,253,100,0,0.221,0.0160,709
2024-07-16 09:20:41,253,100,0,0.221,0.0150,708
2024-07-16 09:20:42,253,100,0,0.221,0.0130,713
2024-07-16 09:20:43,253,100,0,0.221,0.0110,710
2024-07-16 09:20:44,253,100,0,0.221,0.0150,715
2024-07-16 09:20:45,253,100,0,0.222,0.0160,719
2024-07-16 09:20:46,253,100,0,0.222,0.0160,719
2024-07-16 09:20:47,253,100,0,0.222,0.0140,720
2024-07-16 09:20:48,253,100,0,0.222,0.0110,723
2024-07-16 09:20:49,253,100,0,0.222,0.0130,721
2024-07-16 09:20:50,253,100,0,0.222,0.0110,720
2024-07-16 09:20:51,253,100,0,0.219,0.0140,726
2024-07-16 09:20:52,253,100,0,0.219,0.0140,726
2024-07-16 09:20:53,253,100,0,0.221,0.0110,726
2024-07-16 09:20:54,253,100,0,0.222,0.0100,725
2024-07-16 09:20:55,253,100,0,0.222,0.0100,729
2024-07-16 09:20:56,253,100,0,0.221,0.00400,725
2024-07-16 09:20:57,253,100,0,0.222,0.00900,725
2024-07-16 09:20:58,253,100,0,0.223,0.00900,727
2024-07-16 09:20:59,253,100,0,0.223,0.00900,725
2024-07-16 09:21:00,253,100,0,0.219,0.0120,724
2024-07-16 09:21:01,253,100,0,0.220,0.00900,728
2024-07-16 09:21:02,253,100,0,0.223,0.0150,727
2024-07-16 09:21:03,253,100,0,0.223,0.0170,730
2024-07-16 09:21:04,253,100,0,0.224,0.0130,720
2024-07-16 09:21:05,253,100,0,0.223,0.0180,728
2024-07-16 09:21:06,253,100,0,0.223,0.0160,717
2024-07-16 09:21:07,253,100,0,0.223,0.0150,720
2024-07-16 09:21:08,253,100,0,0.220,0.0140,721
2024-07-16 09:21:09,253,100,0,0.223,0.00900,722
2024-07-16 09:21:10,253,100,0,0.224,0.0110,722
2024-07-16 09:21:11,253,100,0,0.223,0.0110,717
2024-07-16 09:21:12,253,100,0,0.223,0.0170,723
2024-07-16 09:21:13,253,100,0,0.221,0.0160,720
2024-07-16 09:21:14,253,100,0,0.223,0.0140,720
2024-07-16 09:21:15,253,100,0,0.224,0.0130,721
2024-07-16 09:21:16,253,100,0,0.223,0.0170,718
2024-07-16 09:21:17,253,100,0,0.223,0.0130,720
2024-07-16 09:21:18,253,100,0,0.223,0.0180,717
2024-07-16 09:21:19,253,100,0,0.223,0.0160,719
2024-07-16 09:21:20,253,100,0,0.220,0.0110,721
2024-07-16 09:21:21,253,100,0,0.220,0.0120,717
2024-07-16 09:21:22,253,100,0,0.223,0.0140,723
2024-07-16 09:21:23,253,100,0,0.225,0.0150,723
2024-07-16 09:21:24,253,100,0,0.224,0.0120,717
2024-07-16 09:21:25,253,100,0,0.221,0.0110,718
2024-07-16 09:21:26,253,100,0,0.223,0.0120,720
2024-07-16 09:21:27,253,100,0,0.224,0.0190,728
2024-07-16 09:21:28,253,100,0,0.223,0.0170,723
2024-07-16 09:21:29,253,100,0,0.224,0.00800,722
2024-07-16 09:21:30,253,100,0,0.223,0.00900,723
2024-07-16 09:21:31,253,100,0,0.224,0.00900,725
2024-07-16 09:21:32,253,100,0,0.224,0.00600,725
2024-07-16 09:21:33,253,100,0,0.218,0.00300,727
2024-07-16 09:21:34,253,100,0,0.223,0.00200,724
2024-07-16 09:21:35,253,100,0,0.223,0.00900,731
2024-07-16 09:21:36,253,100,0,0.224,0.00700,732
2024-07-16 09:21:37,253,100,0,0.224,0.0100,747
2024-07-16 09:21:38,253,100,0,0.224,0.0180,742
2024-07-16 09:21:39,253,100,0,0.224,0.0140,744
2024-07-16 09:21:40,253,100,0,0.224,0.0130,750
2024-07-16 09:21:41,253,100,0,0.224,0.0120,750
2024-07-16 09:21:42,253,100,0,0.224,0.0140,757
2024-07-16 09:21:43,253,100,0,0.224,0.0140,762
2024-07-16 09:21:44,253,100,0,0.224,0.0150,771
2024-07-16 09:21:45,253,100,0,0.223,0.00900,790
2024-07-16 09:21:46,253,100,0,0.224,0.0120,796
2024-07-16 09:21:47,253,100,0,0.224,0.00700,802
2024-07-16 09:21:48,253,100,0,0.224,0.00700,806
2024-07-16 09:21:49,253,100,0,0.222,0.00900,791
2024-07-16 09:21:50,253,100,0,0.222,0.0110,794
2024-07-16 09:21:51,253,100,0,0.223,0.0120,798
2024-07-16 09:21:52,253,100,0,0.224,0.0110,807
2024-07-16 09:21:53,253,100,0,0.223,0.0110,837
2024-07-16 09:21:54,253,100,0,0.224,0.0100,870
2024-07-16 09:21:55,253,100,0,0.224,0.00900,882
2024-07-16 09:21:56,253,100,0,0.223,0.0120,887
2024-07-16 09:21:57,253,100,0,0.223,-0.00200,890
2024-07-16 09:21:58,253,100,0,0.225,0.0140,889
2024-07-16 09:21:59,253,100,0,0.225,0.0120,880
2024-07-16 09:22:00,253,100,0,0.225,0.0110,873
2024-07-16 09:22:01,252,100,0,0.225,0.0150,867
2024-07-16 09:22:02,252,100,0,0.225,0.00800,866
2024-07-16 09:22:03,252,100,0,0.226,0.0100,859
2024-07-16 09:22:04,252,100,0,0.225,0.0130,865
2024-07-16 09:22:05,252,100,0,0.225,-0.00600,864
2024-07-16 09:22:06,252,100,0,0.225,0.0160,852
2024-07-16 09:22:07,252,100,0,0.225,0.0110,851
2024-07-16 09:22:08,252,100,0,0.225,0.0100,852
2024-07-16 09:22:09,252,100,0,0.222,0.0110,843
2024-07-16 09:22:10,252,100,0,0.222,0.0130,835
2024-07-16 09:22:11,252,100,0,0.224,0.0110,832
2024-07-16 09:22:12,252,100,0,0.224,0.0110,834
2024-07-16 09:22:13,252,100,0,0.225,0.0110,842
2024-07-16 09:22:14,252,100,0,0.225,0.0110,833
2024-07-16 09:22:15,252,100,0,0.225,0.0110,830
2024-07-16 09:22:16,252,100,0,0.225,0.0130,850
2024-07-16 09:22:17,252,100,0,0.223,0.0100,854
2024-07-16 09:22:18,252,100,0,0.225,0.0180,852
2024-07-16 09:22:19,252,100,0,0.225,0.0140,838
2024-07-16 09:22:20,252,100,0,0.225,0.0140,842
2024-07-16 09:22:21,252,100,0,0.225,0.0120,850
2024-07-16 09:22:22,252,100,0,0.223,0.0100,857
2024-07-16 09:22:23,252,100,0,0.225,0.0120,863
2024-07-16 09:22:24,252,100,0,0.226,0.0170,868
2024-07-16 09:22:25,252,100,0,0.226,0.0170,877
2024-07-16 09:22:26,252,100,0,0.225,0.0200,878
2024-07-16 09:22:27,252,100,0,0.225,0.0170,878
2024-07-16 09:22:28,252,100,0,0.226,0.0150,888
2024-07-16 09:22:29,252,100,0,0.226,0.0200,899
2024-07-16 09:22:30,252,100,0,0.226,0.0190,899
2024-07-16 09:22:31,252,100,0,0.226,0.00700,892
2024-07-16 09:22:32,252,100,0,0.226,0.0100,899
2024-07-16 09:22:33,252,100,0,0.226,0.0150,916
2024-07-16 09:22:34,252,100,0,0.223,0.0110,917
2024-07-16 09:22:35,252,100,0,0.227,0.0130,907
2024-07-16 09:22:36,252,100,0,0.227,0.0140,896
2024-07-16 09:22:37,252,100,0,0.226,0.0170,888
2024-07-16 09:22:38,252,100,0,0.226,0.0140,881
2024-07-16 09:22:39,252,100,0,0.226,0.0140,882
2024-07-16 09:22:40,252,100,0,0.227,0.0140,889
2024-07-16 09:22:41,252,100,0,0.226,0.0100,893
2024-07-16 09:22:42,252,100,0,0.226,0.00800,901
2024-07-16 09:22:43,252,100,0,0.226,0.0150,897
2024-07-16 09:22:44,252,100,0,0.225,0.0130,889
2024-07-16 09:22:45,252,100,0,0.226,0.0150,875
2024-07-16 09:22:46,252,100,0,0.224,0.00900,875
2024-07-16 09:22:47,252,100,0,0.227,0.00800,867
2024-07-16 09:22:48,252,100,0,0.227,0.0100,868
2024-07-16 09:22:49,252,100,0,0.226,0.0110,877
2024-07-16 09:22:50,252,100,0,0.226,0.0160,886
2024-07-16 09:22:51,252,100,0,0.224,0.0100,888
2024-07-16 09:22:52,252,100,0,0.227,0.00900,884
2024-07-16 09:22:53,252,100,0,0.226,0.0150,884
2024-07-16 09:22:54,252,100,0,0.227,0.0150,871
2024-07-16 09:22:55,252,100,0,0.228,0.0120,876
2024-07-16 09:22:56,253,100,0,0.227,0.0100,877
2024-07-16 09:22:57,253,100,0,0.227,0.0120,885
2024-07-16 09:22:58,253,100,0,0.223,0.0100,886
2024-07-16 09:22:59,253,100,0,0.224,0.0120,881
2024-07-16 09:23:00,253,100,0,0.226,0.00900,882
2024-07-16 09:23:01,252,100,0,0.226,0.00800,881
2024-07-16 09:23:02,252,100,0,0.227,0.00500,879
2024-07-16 09:23:03,252,100,0,0.225,0.0100,876
2024-07-16 09:23:04,252,100,0,0.227,0.0110,870
2024-07-16 09:23:05,252,100,0,0.227,0.0190,862
2024-07-16 09:23:06,252,100,0,0.227,0.0150,863
2024-07-16 09:23:07,252,100,0,0.228,0.0160,874
2024-07-16 09:23:08,252,100,0,0.227,0.0140,885
2024-07-16 09:23:09,252,100,0,0.226,0.0190,885
2024-07-16 09:23:10,252,100,0,0.227,0.0200,878
2024-07-16 09:23:11,252,100,0,0.224,0.0100,877
2024-07-16 09:23:12,252,100,0,0.227,0.0180,888
2024-07-16 09:23:13,252,100,0,0.228,0.0160,894
2024-07-16 09:23:14,252,100,0,0.228,0.0160,897
2024-07-16 09:23:15,252,100,0,0.225,0.00900,897
2024-07-16 09:23:16,252,100,0,0.226,0.00700,890
2024-07-16 09:23:17,252,100,0,0.228,0.00900,886
2024-07-16 09:23:18,252,100,0,0.227,0.0100,879
2024-07-16 09:23:19,252,100,0,0.228,0.0100,864
2024-07-16 09:23:20,252,100,0,0.227,0.0160,858
2024-07-16 09:23:21,252,100,0,0.228,0.0120,857
2024-07-16 09:23:22,252,100,0,0.229,0.0150,852
2024-07-16 09:23:23,252,100,0,0.225,0.0150,851
2024-07-16 09:23:24,252,100,0,0.228,0.0160,853
2024-07-16 09:23:25,252,100,0,0.228,0.0140,852
2024-07-16 09:23:26,252,100,0,0.227,0.0150,857
2024-07-16 09:23:27,252,100,0,0.228,0.0120,854
2024-07-16 09:23:28,252,100,0,0.227,0.0130,856
2024-07-16 09:23:29,252,100,0,0.228,0.00600,853
2024-07-16 09:23:30,252,100,0,0.229,0.00800,852
2024-07-16 09:23:31,252,100,0,0.229,0.0160,852
2024-07-16 09:23:32,252,100,0,0.228,0.0130,863
2024-07-16 09:23:33,252,100,0,0.229,0.00800,862
2024-07-16 09:23:34,252,100,0,0.229,0.0100,858
2024-07-16 09:23:35,252,100,0,0.228,0.00800,866
2024-07-16 09:23:36,252,100,0,0.227,0.0130,863
2024-07-16 09:23:37,252,100,0,0.229,0.0100,871
2024-07-16 09:23:38,252,100,0,0.229,0.00700,873
2024-07-16 09:23:39,252,100,0,0.229,0.00600,879
2024-07-16 09:23:40,252,100,0,0.228,0.0150,890
2024-07-16 09:23:41,252,100,0,0.229,0.0190,904
2024-07-16 09:23:42,252,100,0,0.229,0.0200,918
2024-07-16 09:23:43,252,100,0,0.229,0.0130,918
2024-07-16 09:23:44,252,100,0,0.228,0.00900,903
2024-07-16 09:23:45,252,100,0,0.228,0.00800,908
2024-07-16 09:23:46,252,100,0,0.229,0.0100,924
2024-07-16 09:23:47,252,100,0,0.230,0.0140,918
2024-07-16 09:23:48,252,100,0,0.227,0.00900,918
2024-07-16 09:23:49,252,100,0,0.230,0.0110,927
2024-07-16 09:23:50,252,100,0,0.230,0.0130,934
2024-07-16 09:23:51,252,100,0,0.229,0.00800,925
2024-07-16 09:23:52,252,100,0,0.228,0.0120,920
2024-07-16 09:23:53,252,100,0,0.230,0.00800,917
2024-07-16 09:23:54,252,100,0,0.230,0.0100,905
2024-07-16 09:23:55,252,100,0,0.230,0.0140,876
2024-07-16 09:23:56,252,100,0,0.230,0.0180,852
2024-07-16 09:23:57,252,100,0,0.230,0.00900,834
2024-07-16 09:23:58,252,100,0,0.231,0.0100,817
2024-07-16 09:23:59,252,100,0,0.228,0.0120,817
2024-07-16 09:24:00,252,100,0,0.229,0.0100,811
2024-07-16 09:24:01,252,100,0,0.229,0.0120,813
2024-07-16 09:24:02,252,100,0,0.230,0.0130,808
2024-07-16 09:24:03,252,100,0,0.229,0.0140,810
2024-07-16 09:24:04,252,100,0,0.231,0.0100,799
2024-07-16 09:24:05,252,100,0,0.231,0.0100,805
2024-07-16 09:24:06,252,100,0,0.230,0.0120,803
2024-07-16 09:24:07,252,100,0,0.230,0.0100,803
2024-07-16 09:24:08,252,100,0,0.230,0.00800,800
2024-07-16 09:24:09,252,100,0,0.230,0.0120,801
2024-07-16 09:24:10,252,100,0,0.231,0.0110,801
2024-07-16 09:24:11,252,100,0,0.228,0.0110,799
2024-07-16 09:24:12,252,100,0,0.230,0.0130,798
2024-07-16 09:24:13,252,100,0,0.231,0.0140,797
2024-07-16 09:24:14,252,100,0,0.231,0.0130,799
2024-07-16 09:24:15,252,100,0,0.230,0.0120,802
2024-07-16 09:24:16,252,100,0,0.230,0.0150,807
2024-07-16 09:24:17,252,100,0,0.231,0.0140,809
2024-07-16 09:24:18,252,100,0,0.231,0.0150,817
2024-07-16 09:24:19,252,100,0,0.231,0.00900,831
2024-07-16 09:24:20,252,100,0,0.231,0.0130,843
2024-07-16 09:24:21,252,100,0,0.231,0.00800,860
2024-07-16 09:24:22,252,100,0,0.230,0.0140,866
2024-07-16 09:24:23,252,100,0,0.230,0.00700,858
2024-07-16 09:24:24,252,100,0,0.232,0.0130,844
2024-07-16 09:24:25,252,100,0,0.232,0.0120,832
2024-07-16 09:24:26,252,100,0,0.231,0.0100,822
2024-07-16 09:24:27,252,100,0,0.231,0.0120,811
2024-07-16 09:24:28,252,100,0,0.231,0.0120,805
2024-07-16 09:24:29,252,100,0,0.231,0.0140,804
2024-07-16 09:24:30,252,100,0,0.231,0.0110,802
2024-07-16 09:24:31,252,100,0,0.231,0.0120,798
2024-07-16 09:24:32,252,100,0,0.231,0.0130,806
2024-07-16 09:24:33,252,100,0,0.232,0.00900,801
2024-07-16 09:24:34,252,100,0,0.232,0.0110,795
2024-07-16 09:24:35,252,100,0,0.229,0.00800,790
2024-07-16 09:24:36,252,100,0,0.229,0.00800,791
2024-07-16 09:24:37,252,100,0,0.232,0.0140,797
2024-07-16 09:24:38,252,100,0,0.233,0.0100,788
2024-07-16 09:24:39,252,100,0,0.231,0.0160,784
2024-07-16 09:24:40,252,100,0,0.230,0.0170,786
2024-07-16 09:24:41,252,100,0,0.232,0.0120,785
2024-07-16 09:24:42,252,100,0,0.232,0.00300,783
2024-07-16 09:24:43,252,100,0,0.232,0.00700,784
2024-07-16 09:24:44,252,100,0,0.232,0.0130,788
2024-07-16 09:24:45,252,100,0,0.232,0.0120,788
2024-07-16 09:24:46,252,100,0,0.232,0.0100,789
2024-07-16 09:24:47,252,100,0,0.232,0.0130,794
2024-07-16 09:24:48,252,100,0,0.231,0.00500,794
2024-07-16 09:24:49,252,100,0,0.232,0.0100,802
2024-07-16 09:24:50,252,100,0,0.231,0.00800,800
2024-07-16 09:24:51,252,100,0,0.232,0.00800,801
2024-07-16 09:24:52,252,100,0,0.230,0.00600,808
2024-07-16 09:24:53,252,100,0,0.233,0.00900,812
2024-07-16 09:24:54,252,100,0,0.232,0.00900,812
2024-07-16 09:24:55,252,100,0,0.233,0.0130,805
2024-07-16 09:24:56,252,100,0,0.232,0.0180,794
2024-07-16 09:24:57,252,100,0,0.232,0.0170,788
2024-07-16 09:24:58,252,100,0,0.233,0.0180,785
2024-07-16 09:24:59,252,100,0,0.232,0.0100,789
2024-07-16 09:25:00,252,100,0,0.232,-0.00600,785
2024-07-16 09:25:01,252,100,0,0.233,0.0130,788
2024-07-16 09:25:02,252,100,0,0.233,0.0100,794
2024-07-16 09:25:03,252,100,0,0.233,0.00700,806
2024-07-16 09:25:04,252,100,0,0.232,0.00700,817
2024-07-16 09:25:05,252,100,0,0.231,0.00500,832
2024-07-16 09:25:06,252,100,0,0.233,0.0160,845
2024-07-16 09:25:07,252,100,0,0.233,0.0180,849
2024-07-16 09:25:08,252,100,0,0.233,0.00700,850
2024-07-16 09:25:09,252,100,0,0.231,0.0100,836
2024-07-16 09:25:10,252,100,0,0.234,0.0150,819
2024-07-16 09:25:11,252,100,0,0.233,0.0130,800
2024-07-16 09:25:12,252,100,0,0.233,0.0170,777
2024-07-16 09:25:13,252,100,0,0.231,0.0130,774
2024-07-16 09:25:14,252,100,0,0.232,0.0180,773
2024-07-16 09:25:15,252,100,0,0.234,0.0120,770
2024-07-16 09:25:16,252,100,0,0.234,0.0140,764
2024-07-16 09:25:17,252,100,0,0.233,0.00800,766
2024-07-16 09:25:18,252,100,0,0.234,0.00800,766
2024-07-16 09:25:19,252,100,0,0.234,0.0110,740
2024-07-16 09:25:20,252,100,0,0.234,0.0130,744
2024-07-16 09:25:21,252,100,0,0.229,0.00700,745
2024-07-16 09:25:22,252,100,0,0.229,0.00700,746
2024-07-16 09:25:23,252,100,0,0.235,0.0130,747
2024-07-16 09:25:24,252,100,0,0.234,0.0130,749
2024-07-16 09:25:25,252,100,0,0.234,0.0120,752
2024-07-16 09:25:26,252,100,0,0.233,0.00900,750
2024-07-16 09:25:27,252,100,0,0.234,0.0100,751
2024-07-16 09:25:28,252,100,0,0.235,0.00700,748
2024-07-16 09:25:29,252,100,0,0.235,0.00900,752
2024-07-16 09:25:30,252,100,0,0.234,0.0110,750
2024-07-16 09:25:31,252,100,0,0.235,0.0130,750
2024-07-16 09:25:32,252,100,0,0.235,0.0140,753
2024-07-16 09:25:33,252,100,0,0.233,0.0120,752
2024-07-16 09:25:34,252,100,0,0.233,0.00900,755
2024-07-16 09:25:35,252,100,0,0.234,0.0100,753
2024-07-16 09:25:36,252,100,0,0.235,0.00600,753
2024-07-16 09:25:37,252,100,0,0.235,0.0130,752
2024-07-16 09:25:38,252,100,0,0.233,0.0130,749
2024-07-16 09:25:39,252,100,0,0.234,0.0140,745
2024-07-16 09:25:40,252,100,0,0.234,0.0130,745
2024-07-16 09:25:41,252,100,0,0.235,0.0110,745
2024-07-16 09:25:42,252,100,0,0.236,0.00800,744
2024-07-16 09:25:43,252,100,0,0.236,0.0150,744
2024-07-16 09:25:44,252,100,0,0.235,0.0140,739
2024-07-16 09:25:45,252,100,0,0.235,0.0130,739
2024-07-16 09:25:46,252,100,0,0.233,0.0100,733
2024-07-16 09:25:47,252,100,0,0.235,0.0120,733
2024-07-16 09:25:48,252,100,0,0.235,0.0130,730
2024-07-16 09:25:49,252,100,0,0.235,0.0100,726
2024-07-16 09:25:50,252,100,0,0.235,0.0120,726
2024-07-16 09:25:51,252,100,0,0.234,0.0150,721
2024-07-16 09:25:52,252,100,0,0.236,0.0150,723
2024-07-16 09:25:53,252,100,0,0.237,0.0170,718
2024-07-16 09:25:54,252,100,0,0.236,0.0150,714
2024-07-16 09:25:55,252,100,0,0.237,0.0110,709
2024-07-16 09:25:56,252,100,0,0.236,0.0100,706
2024-07-16 09:25:57,252,100,0,0.236,0.0190,706
2024-07-16 09:25:58,252,100,0,0.235,0.00900,699
2024-07-16 09:25:59,252,100,0,0.237,0.0170,703
2024-07-16 09:26:00,252,100,0,0.236,0.0130,699
2024-07-16 09:26:01,252,100,0,0.236,0.0180,704
2024-07-16 09:26:02,252,100,0,0.235,0.0180,692
2024-07-16 09:26:03,252,100,0,0.234,0.0130,685
2024-07-16 09:26:04,252,100,0,0.236,0.0150,686
2024-07-16 09:26:05,252,100,0,0.236,0.0180,684
2024-07-16 09:26:06,252,100,0,0.236,0.0130,681
2024-07-16 09:26:07,252,100,0,0.234,0.0150,678
2024-07-16 09:26:08,252,100,0,0.236,0.0180,677
2024-07-16 09:26:09,252,100,0,0.236,0.0160,669
2024-07-16 09:26:10,252,100,0,0.237,0.0150,668
2024-07-16 09:26:11,252,100,0,0.237,0.0140,665
2024-07-16 09:26:12,252,100,0,0.237,0.0160,663
2024-07-16 09:26:13,252,100,0,0.237,0.0180,662
2024-07-16 09:26:14,252,100,0,0.237,0.0180,658
2024-07-16 09:26:15,252,100,0,0.234,0.0150,658
2024-07-16 09:26:16,252,100,0,0.236,0.0160,655
2024-07-16 09:26:17,252,100,0,0.237,0.0180,653
2024-07-16 09:26:18,252,100,0,0.237,0.0170,649
2024-07-16 09:26:19,252,100,0,0.235,0.0150,644
2024-07-16 09:26:20,252,100,0,0.234,0.0190,642
2024-07-16 09:26:21,252,100,0,0.237,0.0170,644
2024-07-16 09:26:22,252,100,0,0.238,0.0160,642
2024-07-16 09:26:23,252,100,0,0.238,0.0140,639
2024-07-16 09:26:24,252,100,0,0.237,0.0130,639
2024-07-16 09:26:25,252,100,0,0.237,0.0160,642
2024-07-16 09:26:26,252,100,0,0.237,0.0100,636
2024-07-16 09:26:27,252,100,0,0.234,0.00700,630
2024-07-16 09:26:28,252,100,0,0.237,0.0120,636
2024-07-16 09:26:29,252,100,0,0.237,0.0130,642
2024-07-16 09:26:30,252,100,0,0.237,0.0150,641
2024-07-16 09:26:31,252,100,0,0.237,0.0160,631
2024-07-16 09:26:32,252,100,0,0.236,0.0110,621
2024-07-16 09:26:33,252,100,0,0.237,0.0160,617
2024-07-16 09:26:34,252,100,0,0.238,0.0180,614
2024-07-16 09:26:35,252,100,0,0.238,0.0150,611
2024-07-16 09:26:36,252,100,0,0.238,0.0170,610
2024-07-16 09:26:37,252,100,0,0.238,0.0100,609
2024-07-16 09:26:38,252,100,0,0.238,0.0140,606
2024-07-16 09:26:39,252,100,0,0.235,0.0120,606
2024-07-16 09:26:40,252,100,0,0.235,0.0130,599
2024-07-16 09:26:41,252,100,0,0.238,0.0210,601
2024-07-16 09:26:42,252,100,0,0.238,0.0190,610
2024-07-16 09:26:43,252,100,0,0.239,0.0170,599
2024-07-16 09:26:44,252,100,0,0.237,0.0190,599
2024-07-16 09:26:45,252,100,0,0.238,0.0220,597
2024-07-16 09:26:46,252,100,0,0.239,0.0160,606
2024-07-16 09:26:47,252,100,0,0.239,0.0160,601
2024-07-16 09:26:48,252,100,0,0.238,0.0200,598
2024-07-16 09:26:49,252,100,0,0.238,0.0170,600
2024-07-16 09:26:50,252,100,0,0.239,0.0160,601
2024-07-16 09:26:51,252,100,0,0.238,0.0190,601
2024-07-16 09:26:52,252,100,0,0.239,0.0140,600
2024-07-16 09:26:53,252,100,0,0.240,0.0190,601
2024-07-16 09:26:54,252,100,0,0.240,0.0140,601
2024-07-16 09:26:55,252,100,0,0.239,0.0150,599
2024-07-16 09:26:56,252,100,0,0.237,0.0130,602
2024-07-16 09:26:57,252,100,0,0.240,0.0150,607
2024-07-16 09:26:58,252,100,0,0.239,0.0170,610
2024-07-16 09:26:59,252,100,0,0.239,0.0170,602
2024-07-16 09:27:00,252,100,0,0.239,0.0170,609
2024-07-16 09:27:01,252,100,0,0.237,0.0160,609
2024-07-16 09:27:02,252,100,0,0.239,0.0180,607
2024-07-16 09:27:03,252,100,0,0.240,0.0190,614
2024-07-16 09:27:04,252,100,0,0.240,0.0170,614
2024-07-16 09:27:05,252,100,0,0.240,0.0160,615
2024-07-16 09:27:06,252,100,0,0.240,0.0180,622
2024-07-16 09:27:07,252,100,0,0.240,0.0170,619
2024-07-16 09:27:08,252,100,0,0.239,0.0140,616
2024-07-16 09:27:09,252,100,0,0.239,0.0150,622
2024-07-16 09:27:10,252,100,0,0.240,0.0160,623
2024-07-16 09:27:11,252,100,0,0.240,0.0160,623
2024-07-16 09:27:12,252,100,0,0.240,0.0210,625
2024-07-16 09:27:13,252,100,0,0.238,0.0170,625
2024-07-16 09:27:14,252,100,0,0.240,0.0160,630
2024-07-16 09:27:15,252,100,0,0.241,0.0180,631
2024-07-16 09:27:16,252,100,0,0.241,0.0210,632
2024-07-16 09:27:17,252,100,0,0.240,0.0190,633
2024-07-16 09:27:18,252,100,0,0.240,0.0150,631
2024-07-16 09:27:19,252,100,0,0.240,0.0210,641
2024-07-16 09:27:20,252,100,0,0.240,0.0220,640
2024-07-16 09:27:21,252,100,0,0.239,0.0170,641
2024-07-16 09:27:22,252,100,0,0.241,0.0130,642
2024-07-16 09:27:23,252,100,0,0.242,0.0130,643
2024-07-16 09:27:24,252,100,0,0.241,0.0140,646
2024-07-16 09:27:25,252,100,0,0.241,0.0140,648
2024-07-16 09:27:26,252,100,0,0.241,0.0150,650
2024-07-16 09:27:27,252,100,0,0.240,0.0100,649
2024-07-16 09:27:28,252,100,0,0.241,0.0130,659
2024-07-16 09:27:29,252,100,0,0.241,0.0180,666
2024-07-16 09:27:30,252,100,0,0.242,0.0160,659
2024-07-16 09:27:31,252,100,0,0.242,0.0170,662
2024-07-16 09:27:32,252,100,0,0.242,0.0140,664
2024-07-16 09:27:33,252,100,0,0.239,0.0100,661
2024-07-16 09:27:34,252,100,0,0.241,0.0110,664
2024-07-16 09:27:35,252,100,0,0.242,0.0140,668
2024-07-16 09:27:36,252,100,0,0.242,0.0180,666
2024-07-16 09:27:37,252,100,0,0.242,0.0160,673
2024-07-16 09:27:38,252,100,0,0.240,0.0190,670
2024-07-16 09:27:39,252,100,0,0.242,0.0160,673
2024-07-16 09:27:40,252,100,0,0.242,0.0150,672
2024-07-16 09:27:41,252,100,0,0.241,0.0210,673
2024-07-16 09:27:42,252,100,0,0.242,0.0170,673
2024-07-16 09:27:43,252,100,0,0.242,0.0160,674
2024-07-16 09:27:44,252,100,0,0.243,0.0140,682
2024-07-16 09:27:45,252,100,0,0.241,0.0180,677
2024-07-16 09:27:46,252,100,0,0.241,0.0120,677
2024-07-16 09:27:47,252,100,0,0.242,0.0150,684
2024-07-16 09:27:48,252,100,0,0.242,0.0110,683
2024-07-16 09:27:49,252,100,0,0.242,0.0120,687
2024-07-16 09:27:50,252,100,0,0.240,0.0150,683
2024-07-16 09:27:51,252,100,0,0.242,0.0170,686
2024-07-16 09:27:52,252,100,0,0.242,0.0140,688
2024-07-16 09:27:53,252,100,0,0.242,0.0150,686
2024-07-16 09:27:54,252,100,0,0.243,0.0160,685
2024-07-16 09:27:55,252,100,0,0.242,0.0180,695
2024-07-16 09:27:56,252,100,0,0.243,0.0160,693
2024-07-16 09:27:57,252,100,0,0.244,0.0190,684
2024-07-16 09:27:58,252,100,0,0.243,-0.00200,687
2024-07-16 09:27:59,252,100,0,0.243,0.0170,693
2024-07-16 09:28:00,252,100,0,0.243,0.0140,696
2024-07-16 09:28:01,252,100,0,0.243,0.0100,692
2024-07-16 09:28:02,252,100,0,0.241,0.0140,696
2024-07-16 09:28:03,252,100,0,0.243,0.0150,701
2024-07-16 09:28:04,252,100,0,0.244,0.0130,698
2024-07-16 09:28:05,252,100,0,0.243,0.0190,698
2024-07-16 09:28:06,252,100,0,0.243,0.0200,700
2024-07-16 09:28:07,252,100,0,0.243,0.0190,704
2024-07-16 09:28:08,252,100,0,0.244,0.0170,706
2024-07-16 09:28:09,252,100,0,0.245,0.0220,700
2024-07-16 09:28:10,252,100,0,0.243,0.0160,706
2024-07-16 09:28:11,252,100,0,0.243,0.0180,709
2024-07-16 09:28:12,252,100,0,0.243,0.0210,707
2024-07-16 09:28:13,252,100,0,0.244,0.0170,706
2024-07-16 09:28:14,252,100,0,0.242,0.0170,709
2024-07-16 09:28:15,252,100,0,0.242,0.0150,705
2024-07-16 09:28:16,252,100,0,0.244,0.0180,707
2024-07-16 09:28:17,252,100,0,0.243,0.0180,708
2024-07-16 09:28:18,252,100,0,0.244,0.0140,704
2024-07-16 09:28:19,252,100,0,0.243,0.0150,705
2024-07-16 09:28:20,252,100,0,0.244,0.0140,710
2024-07-16 09:28:21,252,100,0,0.244,0.0190,706
2024-07-16 09:28:22,252,100,0,0.244,0.0150,705
2024-07-16 09:28:23,252,100,0,0.244,0.0120,703
2024-07-16 09:28:24,252,100,0,0.244,0.0130,704
2024-07-16 09:28:25,252,100,0,0.245,0.0120,700
2024-07-16 09:28:26,252,100,0,0.245,0.0140,701
2024-07-16 09:28:27,252,100,0,0.241,0.0130,701
2024-07-16 09:28:28,252,100,0,0.244,0.0160,701
2024-07-16 09:28:29,252,100,0,0.244,0.0140,698
2024-07-16 09:28:30,252,100,0,0.244,0.0120,695
2024-07-16 09:28:31,252,100,0,0.245,0.0110,695
2024-07-16 09:28:32,252,100,0,0.245,0.0150,696
2024-07-16 09:28:33,252,100,0,0.245,0.0200,695
2024-07-16 09:28:34,252,100,0,0.242,0.0180,695
2024-07-16 09:28:35,252,100,0,0.242,0.0170,690
2024-07-16 09:28:36,252,100,0,0.244,0.0150,687
2024-07-16 09:28:37,252,100,0,0.244,0.0120,687
2024-07-16 09:28:38,252,100,0,0.246,0.0230,687
2024-07-16 09:28:39,252,100,0,0.244,0.0190,685
2024-07-16 09:28:40,252,100,0,0.246,0.0200,684
2024-07-16 09:28:41,252,100,0,0.246,0.0150,677
2024-07-16 09:28:42,252,100,0,0.246,0.0160,677
2024-07-16 09:28:43,252,100,0,0.245,0.0150,675
2024-07-16 09:28:44,252,100,0,0.246,0.0150,673
2024-07-16 09:28:45,252,100,0,0.246,0.0170,675
2024-07-16 09:28:46,252,100,0,0.246,0.0180,670
2024-07-16 09:28:47,252,100,0,0.241,0.0130,668
2024-07-16 09:28:48,252,100,0,0.246,0.0130,667
2024-07-16 09:28:49,252,100,0,0.246,0.0170,662
2024-07-16 09:28:50,252,100,0,0.246,0.0180,666
2024-07-16 09:28:51,252,100,0,0.245,0.0140,665
2024-07-16 09:28:52,252,100,0,0.247,0.0130,657
2024-07-16 09:28:53,252,100,0,0.246,0.0150,656
2024-07-16 09:28:54,252,100,0,0.246,0.0170,656
2024-07-16 09:28:55,252,100,0,0.247,0.0170,658
2024-07-16 09:28:56,252,100,0,0.246,0.0170,656
2024-07-16 09:28:57,252,100,0,0.247,0.0160,651
2024-07-16 09:28:58,252,100,0,0.246,0.0170,647
2024-07-16 09:28:59,252,100,0,0.241,0.0210,651
2024-07-16 09:29:00,252,100,0,0.247,0.0190,650
2024-07-16 09:29:01,252,100,0,0.247,0.0200,644
2024-07-16 09:29:02,252,100,0,0.246,0.0140,645
2024-07-16 09:29:03,252,100,0,0.247,0.0160,641
2024-07-16 09:29:04,252,100,0,0.246,0.0100,635
2024-07-16 09:29:05,252,100,0,0.247,0.0190,638
2024-07-16 09:29:06,252,100,0,0.248,0.0200,630
2024-07-16 09:29:07,252,100,0,0.247,0.0190,640
2024-07-16 09:29:08,252,100,0,0.246,0.0190,635
2024-07-16 09:29:09,252,100,0,0.247,0.0190,635
2024-07-16 09:29:10,252,100,0,0.247,0.0190,633
2024-07-16 09:29:11,252,100,0,0.247,0.0160,628
2024-07-16 09:29:12,252,100,0,0.248,0.0150,630
2024-07-16 09:29:13,252,100,0,0.247,0.0130,624
2024-07-16 09:29:14,252,100,0,0.247,0.0160,628
2024-07-16 09:29:15,252,100,0,0.248,0.0190,627
2024-07-16 09:29:16,252,100,0,0.243,0.0130,623
2024-07-16 09:29:17,252,100,0,0.247,0.0180,621
2024-07-16 09:29:18,252,100,0,0.248,0.0130,625
2024-07-16 09:29:19,252,100,0,0.248,0.0140,617
2024-07-16 09:29:20,252,100,0,0.247,0.0160,625
2024-07-16 09:29:21,252,100,0,0.247,0.0170,626
2024-07-16 09:29:22,252,100,0,0.249,0.0140,626
2024-07-16 09:29:23,252,100,0,0.248,0.0140,630
2024-07-16 09:29:24,252,100,0,0.248,0.0130,628
2024-07-16 09:29:25,252,100,0,0.248,0.0160,631
2024-07-16 09:29:26,252,100,0,0.248,0.0160,625
2024-07-16 09:29:27,252,100,0,0.248,0.0150,639
2024-07-16 09:29:28,252,100,0,0.247,0.0140,630
2024-07-16 09:29:29,252,100,0,0.248,0.0190,630
2024-07-16 09:29:30,252,100,0,0.249,0.0160,634
2024-07-16 09:29:31,252,100,0,0.249,0.0150,643
2024-07-16 09:29:32,252,100,0,0.249,0.0130,636
2024-07-16 09:29:33,252,100,0,0.249,0.0110,643
2024-07-16 09:29:34,252,100,0,0.249,0.00900,634
2024-07-16 09:29:35,252,100,0,0.249,0.0140,639
2024-07-16 09:29:36,252,100,0,0.248,0.0100,640
2024-07-16 09:29:37,252,100,0,0.249,0.0110,641
2024-07-16 09:29:38,252,100,0,0.249,0.00700,641
2024-07-16 09:29:39,252,100,0,0.249,0.0100,642
2024-07-16 09:29:40,252,100,0,0.249,0.00500,644
2024-07-16 09:29:41,252,100,0,0.248,0.00400,644
2024-07-16 09:29:42,252,100,0,0.249,0.0140,647
2024-07-16 09:29:43,252,100,0,0.249,0.0160,651
2024-07-16 09:29:44,252,100,0,0.250,0.0140,651
2024-07-16 09:29:45,252,100,0,0.248,0.0170,653
2024-07-16 09:29:46,252,100,0,0.250,0.0150,653
2024-07-16 09:29:47,252,100,0,0.250,0.0150,654
2024-07-16 09:29:48,252,100,0,0.250,0.0190,655
2024-07-16 09:29:49,252,100,0,0.249,0.0170,657
2024-07-16 09:29:50,252,100,0,0.250,0.0170,662
2024-07-16 09:29:51,252,100,0,0.250,0.0130,664
2024-07-16 09:29:52,252,100,0,0.250,0.0120,664
2024-07-16 09:29:53,252,100,0,0.245,0.0120,668
2024-07-16 09:29:54,252,100,0,0.251,0.0180,670
2024-07-16 09:29:55,252,100,0,0.251,0.0140,671
2024-07-16 09:29:56,252,100,0,0.250,0.0170,672
2024-07-16 09:29:57,252,100,0,0.251,0.0170,673
2024-07-16 09:29:58,252,100,0,0.250,0.0110,675
2024-07-16 09:29:59,252,100,0,0.250,0.0150,679
2024-07-16 09:30:00,252,100,0,0.251,0.0180,681
2024-07-16 09:30:01,252,100,0,0.251,0.0220,680
2024-07-16 09:30:02,252,100,0,0.250,0.0150,684
2024-07-16 09:30:03,252,100,0,0.251,0.0170,683
2024-07-16 09:30:04,252,100,0,0.251,0.0160,688
2024-07-16 09:30:05,252,100,0,0.252,0.00400,687
2024-07-16 09:30:06,252,100,0,0.250,0.0170,687
2024-07-16 09:30:07,252,100,0,0.251,0.0200,690
2024-07-16 09:30:08,252,100,0,0.251,0.0180,694
2024-07-16 09:30:09,252,100,0,0.249,0.0180,694
2024-07-16 09:30:10,252,100,0,0.249,0.0160,694
2024-07-16 09:30:11,252,100,0,0.251,0.0180,699
2024-07-16 09:30:12,252,100,0,0.251,0.0180,704
2024-07-16 09:30:13,252,100,0,0.252,0.0150,703
2024-07-16 09:30:14,252,100,0,0.251,0.00900,701
2024-07-16 09:30:15,252,100,0,0.251,0.0130,707
2024-07-16 09:30:16,252,100,0,0.251,0.0120,702
2024-07-16 09:30:17,252,100,0,0.250,0.00600,709
2024-07-16 09:30:18,252,100,0,0.252,0.0150,709
2024-07-16 09:30:19,252,100,0,0.252,0.0180,710
2024-07-16 09:30:20,252,100,0,0.251,0.0160,710
2024-07-16 09:30:21,252,100,0,0.252,0.0140,710
2024-07-16 09:30:22,252,100,0,0.250,0.0180,717
2024-07-16 09:30:23,252,100,0,0.252,0.0130,717
2024-07-16 09:30:24,252,100,0,0.253,0.0180,717
2024-07-16 09:30:25,252,100,0,0.252,0.0180,718
2024-07-16 09:30:26,252,100,0,0.251,0.0180,716
2024-07-16 09:30:27,252,100,0,0.252,0.0210,713
2024-07-16 09:30:28,252,100,0,0.251,0.0220,721
2024-07-16 09:30:29,252,100,0,0.249,0.0120,716
2024-07-16 09:30:30,252,100,0,0.249,0.00600,724
2024-07-16 09:30:31,252,100,0,0.252,0.0140,731
2024-07-16 09:30:32,252,100,0,0.253,0.0150,723
2024-07-16 09:30:33,252,100,0,0.253,0.0120,731
2024-07-16 09:30:34,252,100,0,0.253,0.00600,727
2024-07-16 09:30:35,252,100,0,0.252,0.00800,732
2024-07-16 09:30:36,252,100,0,0.253,0.0140,730
2024-07-16 09:30:37,252,100,0,0.252,0.0140,731
2024-07-16 09:30:38,252,100,0,0.251,0.0110,731
2024-07-16 09:30:39,252,100,0,0.251,0.0130,736
2024-07-16 09:30:40,252,100,0,0.252,0.0140,733
2024-07-16 09:30:41,252,100,0,0.253,0.0170,733
2024-07-16 09:30:42,252,100,0,0.254,0.0160,735
2024-07-16 09:30:43,252,100,0,0.254,0.0170,731
2024-07-16 09:30:44,252,100,0,0.253,0.0180,733
2024-07-16 09:30:45,252,100,0,0.253,0.0140,734
2024-07-16 09:30:46,252,100,0,0.252,0.0150,735
2024-07-16 09:30:47,252,100,0,0.253,0.0140,734
2024-07-16 09:30:48,252,100,0,0.253,0.0170,737
2024-07-16 09:30:49,252,100,0,0.253,0.0140,732
2024-07-16 09:30:50,252,100,0,0.253,0.0150,733
2024-07-16 09:30:51,252,100,0,0.251,0.0120,732
2024-07-16 09:30:52,252,100,0,0.255,0.0130,734
2024-07-16 09:30:53,252,100,0,0.253,0.0110,734
2024-07-16 09:30:54,252,100,0,0.255,0.0110,733
2024-07-16 09:30:55,252,100,0,0.255,0.0130,731
2024-07-16 09:30:56,252,100,0,0.254,0.0120,733
2024-07-16 09:30:57,252,100,0,0.255,0.0120,729
2024-07-16 09:30:58,252,100,0,0.251,0.00900,728
2024-07-16 09:30:59,252,100,0,0.250,0.00900,728
2024-07-16 09:31:00,252,100,0,0.255,0.0120,732
2024-07-16 09:31:01,252,100,0,0.254,0.0100,728
2024-07-16 09:31:02,252,100,0,0.254,0.0110,736
2024-07-16 09:31:03,252,100,0,0.253,0.0130,728
2024-07-16 09:31:04,252,100,0,0.255,0.0130,730
2024-07-16 09:31:05,252,100,0,0.255,0.0150,729
2024-07-16 09:31:06,252,100,0,0.254,0.0140,733
2024-07-16 09:31:07,252,100,0,0.252,0.0160,730
2024-07-16 09:31:08,252,100,0,0.252,0.0150,731
2024-07-16 09:31:09,252,100,0,0.255,0.0160,728
2024-07-16 09:31:10,252,100,0,0.255,0.0150,729
2024-07-16 09:31:11,252,100,0,0.254,0.0160,733
2024-07-16 09:31:12,252,100,0,0.255,0.0170,734
2024-07-16 09:31:13,252,100,0,0.255,0.0150,731
2024-07-16 09:31:14,252,100,0,0.256,0.0150,734
2024-07-16 09:31:15,252,100,0,0.251,0.0140,730
2024-07-16 09:31:16,252,100,0,0.251,0.0160,734
2024-07-16 09:31:17,252,100,0,0.256,0.0110,735
2024-07-16 09:31:18,252,100,0,0.256,0.0220,732
2024-07-16 09:31:19,252,100,0,0.256,0.0150,733
2024-07-16 09:31:20,252,100,0,0.255,0.0150,732
2024-07-16 09:31:21,252,100,0,0.255,0.0140,728
2024-07-16 09:31:22,252,100,0,0.256,0.0110,737
2024-07-16 09:31:23,252,100,0,0.256,0.0100,734
2024-07-16 09:31:24,252,100,0,0.255,0.0140,730
2024-07-16 09:31:25,252,100,0,0.255,0.0180,735
2024-07-16 09:31:26,252,100,0,0.256,0.0100,735
2024-07-16 09:31:27,252,100,0,0.255,0.0110,737
2024-07-16 09:31:28,252,100,0,0.256,0.0110,738
2024-07-16 09:31:29,252,100,0,0.256,0.0120,740
2024-07-16 09:31:30,252,100,0,0.257,0.0130,739
2024-07-16 09:31:31,252,100,0,0.256,0.0150,735
2024-07-16 09:31:32,252,100,0,0.257,0.0150,734
2024-07-16 09:31:33,252,100,0,0.257,0.0110,742
2024-07-16 09:31:34,252,100,0,0.257,0.0130,744
2024-07-16 09:31:35,252,100,0,0.256,0,741
2024-07-16 09:31:36,252,100,0,0.256,-0.00300,743
2024-07-16 09:31:37,252,100,0,0.257,0.00900,740
2024-07-16 09:31:38,252,100,0,0.257,0.0130,739
2024-07-16 09:31:39,252,100,0,0.257,0.0130,742
2024-07-16 09:31:40,252,100,0,0.257,0.0150,739
2024-07-16 09:31:41,252,100,0,0.258,0.0120,739
2024-07-16 09:31:42,252,100,0,0.258,0.0170,745
2024-07-16 09:31:43,252,100,0,0.257,0.0130,740
2024-07-16 09:31:44,252,100,0,0.256,0.0100,740
2024-07-16 09:31:45,252,100,0,0.256,0.00900,746
2024-07-16 09:31:46,252,100,0,0.257,0.0130,744
2024-07-16 09:31:47,252,100,0,0.258,0.00900,737
2024-07-16 09:31:48,252,100,0,0.257,0.0170,738
2024-07-16 09:31:49,252,100,0,0.258,0.0140,733
2024-07-16 09:31:50,252,100,0,0.258,0.0150,741
2024-07-16 09:31:51,252,100,0,0.258,0.0190,736
2024-07-16 09:31:52,252,100,0,0.254,0.0140,728
2024-07-16 09:31:53,252,100,0,0.258,0.0180,733
2024-07-16 09:31:54,252,100,0,0.258,0.0150,727
2024-07-16 09:31:55,252,100,0,0.258,0.0180,721
2024-07-16 09:31:56,252,100,0,0.258,0.0220,725
2024-07-16 09:31:57,252,100,0,0.257,0.0160,724
2024-07-16 09:31:58,252,100,0,0.258,0.0160,728
2024-07-16 09:31:59,252,100,0,0.258,0.0130,720
2024-07-16 09:32:00,252,100,0,0.258,0.0180,716
2024-07-16 09:32:01,252,100,0,0.258,0.0190,721
2024-07-16 09:32:02,252,100,0,0.258,0.0170,714
2024-07-16 09:32:03,252,100,0,0.258,0.0180,706
2024-07-16 09:32:04,252,100,0,0.254,0.0140,708
2024-07-16 09:32:05,252,100,0,0.254,0.0130,704
2024-07-16 09:32:06,252,100,0,0.259,0.0170,702
2024-07-16 09:32:07,252,100,0,0.258,0.0160,696
2024-07-16 09:32:08,252,100,0,0.258,0.0210,692
2024-07-16 09:32:09,252,100,0,0.256,0.0200,689
2024-07-16 09:32:10,252,100,0,0.259,0.0190,686
2024-07-16 09:32:11,252,100,0,0.259,0.0190,682
2024-07-16 09:32:12,252,100,0,0.259,0.0200,683
2024-07-16 09:32:13,252,100,0,0.258,0.0180,676
2024-07-16 09:32:14,252,100,0,0.260,0.0140,670
2024-07-16 09:32:15,252,100,0,0.259,0.0160,665
2024-07-16 09:32:16,252,100,0,0.260,0.0120,665
2024-07-16 09:32:17,252,100,0,0.256,0.00700,659
2024-07-16 09:32:18,252,100,0,0.259,0.0170,659
2024-07-16 09:32:19,252,100,0,0.260,0.0110,647
2024-07-16 09:32:20,252,100,0,0.259,0.0110,651
2024-07-16 09:32:21,252,100,0,0.257,0.0140,644
2024-07-16 09:32:22,252,100,0,0.260,0.0180,642
2024-07-16 09:32:23,252,100,0,0.260,0.0160,635
2024-07-16 09:32:24,252,100,0,0.259,0.0150,631
2024-07-16 09:32:25,252,100,0,0.260,0.0130,626
2024-07-16 09:32:26,252,100,0,0.260,0.0160,620
2024-07-16 09:32:27,252,100,0,0.260,0.0120,620
2024-07-16 09:32:28,252,100,0,0.259,0.0180,617
2024-07-16 09:32:29,252,100,0,0.260,0.0120,613
2024-07-16 09:32:30,252,100,0,0.261,0.0140,607
2024-07-16 09:32:31,252,100,0,0.260,0.0190,607
2024-07-16 09:32:32,252,100,0,0.261,0.0140,607
2024-07-16 09:32:33,252,100,0,0.259,0.0160,596
2024-07-16 09:32:34,252,100,0,0.259,0.0190,597
2024-07-16 09:32:35,252,100,0,0.261,0.0200,598
2024-07-16 09:32:36,252,100,0,0.261,0.0200,591
2024-07-16 09:32:37,252,100,0,0.260,0.0150,595
2024-07-16 09:32:38,252,100,0,0.261,0.0210,585
2024-07-16 09:32:39,252,100,0,0.261,0.0200,585
2024-07-16 09:32:40,252,100,0,0.262,0.0210,581
2024-07-16 09:32:41,252,100,0,0.257,0.0160,582
2024-07-16 09:32:42,252,100,0,0.261,0.0190,578
2024-07-16 09:32:43,252,100,0,0.261,0.0190,575
2024-07-16 09:32:44,252,100,0,0.261,0.0120,571
2024-07-16 09:32:45,252,100,0,0.261,0.0160,571
2024-07-16 09:32:46,252,100,0,0.258,0.0180,572
2024-07-16 09:32:47,252,100,0,0.261,0.0170,568
2024-07-16 09:32:48,252,100,0,0.261,0.0190,564
2024-07-16 09:32:49,252,100,0,0.262,0.0170,563
2024-07-16 09:32:50,252,100,0,0.261,0.0190,569
2024-07-16 09:32:51,252,100,0,0.261,0.0220,561
2024-07-16 09:32:52,252,100,0,0.262,0.0180,556
2024-07-16 09:32:53,252,100,0,0.257,0.0170,559
2024-07-16 09:32:54,252,100,0,0.262,0.0170,555
2024-07-16 09:32:55,252,100,0,0.261,0.0180,550
2024-07-16 09:32:56,252,100,0,0.262,0.0200,556
2024-07-16 09:32:57,252,100,0,0.262,0.0150,552
2024-07-16 09:32:58,252,100,0,0.261,0.0140,551
2024-07-16 09:32:59,252,100,0,0.262,0.0170,553
2024-07-16 09:33:00,252,100,0,0.263,0.0120,550
2024-07-16 09:33:01,252,100,0,0.263,0.0150,549
2024-07-16 09:33:02,252,100,0,0.259,0.0140,548
2024-07-16 09:33:03,252,100,0,0.260,0.0150,551
2024-07-16 09:33:04,252,100,0,0.262,0.0160,546
2024-07-16 09:33:05,252,100,0,0.262,0.0130,544
2024-07-16 09:33:06,252,100,0,0.263,0.0160,546
2024-07-16 09:33:07,252,100,0,0.262,0.0190,546
2024-07-16 09:33:08,252,100,0,0.262,0.0150,543
2024-07-16 09:33:09,252,100,0,0.261,0.0150,544
2024-07-16 09:33:10,252,100,0,0.258,0.0130,543
2024-07-16 09:33:11,252,100,0,0.263,0.0120,540
2024-07-16 09:33:12,252,100,0,0.262,0.0170,543
2024-07-16 09:33:13,252,100,0,0.263,0.0220,543
2024-07-16 09:33:14,252,100,0,0.263,0.0190,543
2024-07-16 09:33:15,252,100,0,0.263,0.0190,542
2024-07-16 09:33:16,252,100,0,0.264,0.0190,541
2024-07-16 09:33:17,252,100,0,0.264,0.0200,541
2024-07-16 09:33:18,252,100,0,0.264,0.0170,541
2024-07-16 09:33:19,252,100,0,0.264,0.0210,543
2024-07-16 09:33:20,252,100,0,0.264,0.0200,543
2024-07-16 09:33:21,252,100,0,0.263,0.0170,543
2024-07-16 09:33:22,252,100,0,0.262,0.0160,541
2024-07-16 09:33:23,252,100,0,0.261,0.0150,538
2024-07-16 09:33:24,252,100,0,0.264,0.0140,541
2024-07-16 09:33:25,252,100,0,0.264,0.0120,542
2024-07-16 09:33:26,252,100,0,0.264,0.0180,541
2024-07-16 09:33:27,252,100,0,0.263,0.0210,543
2024-07-16 09:33:28,252,100,0,0.264,0.0130,542
2024-07-16 09:33:29,252,100,0,0.265,0.0160,542
2024-07-16 09:33:30,252,100,0,0.264,0.0170,545
2024-07-16 09:33:31,252,100,0,0.264,0.0170,543
2024-07-16 09:33:32,252,100,0,0.263,0.0170,542
2024-07-16 09:33:33,252,100,0,0.264,0.0220,544
2024-07-16 09:33:34,252,100,0,0.265,0.0200,544
2024-07-16 09:33:35,252,100,0,0.263,0.0150,542
2024-07-16 09:33:36,252,100,0,0.264,0.0190,545
2024-07-16 09:33:37,252,100,0,0.265,0.0150,544
2024-07-16 09:33:38,252,100,0,0.265,0.0140,545
2024-07-16 09:33:39,252,100,0,0.264,0.0190,546
2024-07-16 09:33:40,252,100,0,0.265,0.0170,547
2024-07-16 09:33:41,252,100,0,0.264,0.0260,549
2024-07-16 09:33:42,252,100,0,0.264,0.0190,547
2024-07-16 09:33:43,252,100,0,0.264,0.0150,550
2024-07-16 09:33:44,252,100,0,0.266,0.0160,551
2024-07-16 09:33:45,252,100,0,0.266,0.0150,553
2024-07-16 09:33:46,252,100,0,0.265,0.0150,551
2024-07-16 09:33:47,252,100,0,0.265,0.0120,554
2024-07-16 09:33:48,252,100,0,0.265,0.0190,554
2024-07-16 09:33:49,252,100,0,0.265,0.0200,555
2024-07-16 09:33:50,252,100,0,0.266,0.0220,556
2024-07-16 09:33:51,252,100,0,0.265,0.0200,560
2024-07-16 09:33:52,252,100,0,0.266,0.0130,562
2024-07-16 09:33:53,252,100,0,0.266,0.0140,560
2024-07-16 09:33:54,252,100,0,0.266,0.00900,564
2024-07-16 09:33:55,252,100,0,0.266,0.0220,567
2024-07-16 09:33:56,252,100,0,0.265,0.0150,569
2024-07-16 09:33:57,252,100,0,0.267,0.0120,568
2024-07-16 09:33:58,252,100,0,0.267,0.0120,568
2024-07-16 09:33:59,252,100,0,0.267,0.00800,573
2024-07-16 09:34:00,252,100,0,0.267,0.00700,572
2024-07-16 09:34:01,252,100,0,0.267,0.0210,573
2024-07-16 09:34:02,252,100,0,0.266,0.0150,579
2024-07-16 09:34:03,252,100,0,0.265,0.0100,579
2024-07-16 09:34:04,252,100,0,0.267,0.0180,578
2024-07-16 09:34:05,252,100,0,0.268,0.0210,581
2024-07-16 09:34:06,252,100,0,0.267,0.0190,581
2024-07-16 09:34:07,252,100,0,0.267,0.0150,582
2024-07-16 09:34:08,252,100,0,0.266,0.0130,584
2024-07-16 09:34:09,252,100,0,0.267,0.0140,586
2024-07-16 09:34:10,252,100,0,0.267,0.0200,588
2024-07-16 09:34:11,252,100,0,0.268,0.0220,589
2024-07-16 09:34:12,252,100,0,0.268,0.0200,591
2024-07-16 09:34:13,252,100,0,0.267,0.0220,595
2024-07-16 09:34:14,252,100,0,0.267,0.0190,593
2024-07-16 09:34:15,252,100,0,0.267,-0.00100,596
2024-07-16 09:34:16,252,100,0,0.267,0,603
2024-07-16 09:34:17,252,100,0,0.268,0.0220,607
2024-07-16 09:34:18,252,100,0,0.268,0.0230,608
2024-07-16 09:34:19,252,100,0,0.267,0.0180,608
2024-07-16 09:34:20,252,100,0,0.265,0.0180,615
2024-07-16 09:34:21,252,100,0,0.268,0.0160,613
2024-07-16 09:34:22,252,100,0,0.267,0.0160,616
2024-07-16 09:34:23,252,100,0,0.267,0.0140,618
2024-07-16 09:34:24,252,100,0,0.267,0.0170,623
2024-07-16 09:34:25,252,100,0,0.267,0.0200,625
2024-07-16 09:34:26,252,100,0,0.268,0.0200,628
2024-07-16 09:34:27,252,100,0,0.268,0.0160,629
2024-07-16 09:34:28,252,100,0,0.265,0.0100,636
2024-07-16 09:34:29,252,100,0,0.269,0.0110,640
2024-07-16 09:34:30,252,100,0,0.268,0.0150,640
2024-07-16 09:34:31,252,100,0,0.269,0.0170,647
2024-07-16 09:34:32,252,100,0,0.268,0.0160,654
2024-07-16 09:34:33,252,100,0,0.269,0.0140,655
2024-07-16 09:34:34,252,100,0,0.269,0.0190,659
2024-07-16 09:34:35,252,100,0,0.269,0.0210,665
2024-07-16 09:34:36,252,100,0,0.270,0.0150,664
2024-07-16 09:34:37,252,100,0,0.269,0.0180,673
2024-07-16 09:34:38,252,100,0,0.269,0.0170,672
2024-07-16 09:34:39,252,100,0,0.269,0.0190,679
2024-07-16 09:34:40,252,100,0,0.270,0.0120,682
2024-07-16 09:34:41,252,100,0,0.270,0.0140,689
2024-07-16 09:34:42,252,100,0,0.270,0.0140,690
2024-07-16 09:34:43,252,100,0,0.269,0.0160,697
2024-07-16 09:34:44,252,100,0,0.269,0.0150,704
2024-07-16 09:34:45,252,100,0,0.269,0.0130,704
2024-07-16 09:34:46,252,100,0,0.270,0.0160,708
2024-07-16 09:34:47,252,100,0,0.270,0.0140,716
2024-07-16 09:34:48,252,100,0,0.270,0.0170,721
2024-07-16 09:34:49,252,100,0,0.268,0.0170,721
2024-07-16 09:34:50,252,100,0,0.270,0.0250,725
2024-07-16 09:34:51,252,100,0,0.270,0.0270,720
2024-07-16 09:34:52,252,100,0,0.270,0.0240,734
2024-07-16 09:34:53,252,100,0,0.270,0.0210,736
2024-07-16 09:34:54,252,100,0,0.270,0.0160,744
2024-07-16 09:34:55,252,100,0,0.271,0.0170,745
2024-07-16 09:34:56,252,100,0,0.271,0.0220,746
2024-07-16 09:34:57,252,100,0,0.266,0.0150,750
2024-07-16 09:34:58,252,100,0,0.270,0.0200,757
2024-07-16 09:34:59,252,100,0,0.271,0.0220,759
2024-07-16 09:35:00,252,100,0,0.270,0.0200,759
2024-07-16 09:35:01,252,100,0,0.270,0.0170,763
2024-07-16 09:35:02,252,100,0,0.269,0.0170,768
2024-07-16 09:35:03,252,100,0,0.271,0.0160,770
2024-07-16 09:35:04,252,100,0,0.270,0.0200,767
2024-07-16 09:35:05,252,100,0,0.271,0.0160,772
2024-07-16 09:35:06,252,100,0,0.270,0.0170,782
2024-07-16 09:35:07,252,100,0,0.271,0.0250,775
2024-07-16 09:35:08,252,100,0,0.270,0.0180,775
2024-07-16 09:35:09,252,100,0,0.271,0.0180,780
2024-07-16 09:35:10,252,100,0,0.271,0.0240,777
2024-07-16 09:35:11,252,100,0,0.271,0.0240,779
2024-07-16 09:35:12,252,100,0,0.272,0.0190,780
2024-07-16 09:35:13,252,100,0,0.272,0.0220,783
2024-07-16 09:35:14,252,100,0,0.269,0.0170,786
2024-07-16 09:35:15,252,100,0,0.271,0.0210,787
2024-07-16 09:35:16,252,100,0,0.273,0.0210,793
2024-07-16 09:35:17,252,100,0,0.271,0.0190,787
2024-07-16 09:35:18,252,100,0,0.271,0.0220,788
2024-07-16 09:35:19,252,100,0,0.273,0.0200,787
2024-07-16 09:35:20,252,100,0,0.272,0.0190,789
2024-07-16 09:35:21,252,100,0,0.272,0.0200,790
2024-07-16 09:35:22,252,100,0,0.273,0.0230,788
2024-07-16 09:35:23,252,100,0,0.272,0.0180,787
2024-07-16 09:35:24,252,100,0,0.272,0.0160,787
2024-07-16 09:35:25,252,100,0,0.273,0.0220,788
2024-07-16 09:35:26,252,100,0,0.270,0.0180,790
2024-07-16 09:35:27,252,100,0,0.272,0.0230,787
2024-07-16 09:35:28,252,100,0,0.272,0.0250,784
2024-07-16 09:35:29,252,100,0,0.273,0.0250,787
2024-07-16 09:35:30,252,100,0,0.273,0.0200,783
2024-07-16 09:35:31,252,100,0,0.273,0.0230,781
2024-07-16 09:35:32,252,100,0,0.273,0.0230,781
2024-07-16 09:35:33,252,100,0,0.273,0.0200,777
2024-07-16 09:35:34,252,100,0,0.271,0.0170,781
2024-07-16 09:35:35,252,100,0,0.273,0.0260,779
2024-07-16 09:35:36,252,100,0,0.273,0.0220,779
2024-07-16 09:35:37,252,100,0,0.274,0.0210,778
2024-07-16 09:35:38,252,100,0,0.271,0.0280,775
2024-07-16 09:35:39,252,100,0,0.273,0.0290,768
2024-07-16 09:35:40,252,100,0,0.273,0.0280,769
2024-07-16 09:35:41,252,100,0,0.274,0.0210,770
2024-07-16 09:35:42,252,100,0,0.273,0.0230,770
2024-07-16 09:35:43,252,100,0,0.272,0.0240,766
2024-07-16 09:35:44,252,100,0,0.273,0.0230,766
2024-07-16 09:35:45,252,100,0,0.274,0.0240,765
2024-07-16 09:35:46,252,100,0,0.274,0.0210,762
2024-07-16 09:35:47,252,100,0,0.274,0.0260,761
2024-07-16 09:35:48,252,100,0,0.275,0.0280,755
2024-07-16 09:35:49,252,100,0,0.275,0.0210,756
2024-07-16 09:35:50,252,100,0,0.272,0.0190,754
2024-07-16 09:35:51,252,100,0,0.273,0.0150,764
2024-07-16 09:35:52,252,100,0,0.274,0.0260,747
2024-07-16 09:35:53,252,100,0,0.274,0.0230,753
2024-07-16 09:35:54,252,100,0,0.275,0.0240,749
2024-07-16 09:35:55,252,100,0,0.274,0.0230,747
2024-07-16 09:35:56,252,100,0,0.275,0.0270,752
2024-07-16 09:35:57,252,100,0,0.275,0.0290,748
2024-07-16 09:35:58,252,100,0,0.274,0.0210,745
2024-07-16 09:35:59,252,100,0,0.274,0.0240,746
2024-07-16 09:36:00,252,100,0,0.275,0.0190,749
2024-07-16 09:36:01,252,100,0,0.276,0.0220,748
2024-07-16 09:36:02,252,100,0,0.276,0.0180,743
2024-07-16 09:36:03,252,100,0,0.272,0.0200,742
2024-07-16 09:36:04,252,100,0,0.276,0.0230,756
2024-07-16 09:36:05,252,100,0,0.274,0.0230,747
2024-07-16 09:36:06,252,100,0,0.274,0.0220,749
2024-07-16 09:36:07,252,100,0,0.276,0.0180,751
2024-07-16 09:36:08,252,100,0,0.275,0.0210,749
2024-07-16 09:36:09,252,100,0,0.276,0.0270,752
2024-07-16 09:36:10,252,100,0,0.275,0.0300,746
2024-07-16 09:36:11,252,100,0,0.275,0.0230,753
2024-07-16 09:36:12,252,100,0,0.276,0.0270,752
2024-07-16 09:36:13,252,100,0,0.277,0.0260,757
2024-07-16 09:36:14,252,100,0,0.277,0.0260,761
2024-07-16 09:36:15,252,100,0,0.276,0.0200,757
2024-07-16 09:36:16,252,100,0,0.276,0.0250,759
2024-07-16 09:36:17,252,100,0,0.276,0.0240,763
2024-07-16 09:36:18,252,100,0,0.276,0.0240,765
2024-07-16 09:36:19,252,100,0,0.274,0.0240,755
2024-07-16 09:36:20,252,100,0,0.274,0.0230,765
2024-07-16 09:36:21,252,100,0,0.277,0.0260,765
2024-07-16 09:36:22,252,100,0,0.277,0.0230,765
2024-07-16 09:36:23,252,100,0,0.277,0.0220,767
2024-07-16 09:36:24,252,100,0,0.277,0.0220,770
2024-07-16 09:36:25,252,100,0,0.276,0.0230,768
2024-07-16 09:36:26,252,100,0,0.276,0.0200,770
2024-07-16 09:36:27,252,100,0,0.274,0.0200,775
2024-07-16 09:36:28,252,100,0,0.274,0.0240,769
2024-07-16 09:36:29,252,100,0,0.277,0.0230,777
2024-07-16 09:36:30,252,100,0,0.278,0.0180,776
2024-07-16 09:36:31,252,100,0,0.278,0.0220,779
2024-07-16 09:36:32,252,100,0,0.275,0.0170,785
2024-07-16 09:36:33,252,100,0,0.278,0.0170,784
2024-07-16 09:36:34,252,100,0,0.277,0.0270,784
2024-07-16 09:36:35,252,100,0,0.277,0.0200,790
2024-07-16 09:36:36,252,100,0,0.278,0.0150,787
2024-07-16 09:36:37,252,100,0,0.277,0.0140,794
2024-07-16 09:36:38,252,100,0,0.278,0.0240,792
2024-07-16 09:36:39,252,100,0,0.278,0.0170,796
2024-07-16 09:36:40,252,100,0,0.276,0.0120,801
2024-07-16 09:36:41,252,100,0,0.278,0.0230,803
2024-07-16 09:36:42,252,100,0,0.279,0.0190,803
2024-07-16 09:36:43,252,100,0,0.278,0.0200,804
2024-07-16 09:36:44,252,100,0,0.278,0.0220,819
2024-07-16 09:36:45,252,100,0,0.277,0.0160,810
2024-07-16 09:36:46,252,100,0,0.278,0.0190,811
2024-07-16 09:36:47,252,100,0,0.275,0.00800,815
2024-07-16 09:36:48,252,100,0,0.274,0.0130,828
2024-07-16 09:36:49,252,100,0,0.279,0.0200,816
2024-07-16 09:36:50,252,100,0,0.279,0.0220,820
2024-07-16 09:36:51,252,100,0,0.278,0.0190,835
2024-07-16 09:36:52,252,100,0,0.280,0.0180,838
2024-07-16 09:36:53,252,100,0,0.279,0.0170,833
2024-07-16 09:36:54,252,100,0,0.279,0.0190,825
2024-07-16 09:36:55,252,100,0,0.279,0.0220,837
2024-07-16 09:36:56,252,100,0,0.277,0.0180,836
2024-07-16 09:36:57,252,100,0,0.277,0.0200,834
2024-07-16 09:36:58,252,100,0,0.279,0.0230,841
2024-07-16 09:36:59,252,100,0,0.280,0.0270,853
2024-07-16 09:37:00,252,100,0,0.279,0.0230,848
2024-07-16 09:37:01,252,100,0,0.279,0.0220,844
2024-07-16 09:37:02,252,100,0,0.279,0.0230,848
2024-07-16 09:37:03,252,100,0,0.280,0.0290,853
2024-07-16 09:37:04,252,100,0,0.280,0.0220,851
2024-07-16 09:37:05,252,100,0,0.279,0.0260,856
2024-07-16 09:37:06,252,100,0,0.279,0.0230,860
2024-07-16 09:37:07,252,100,0,0.280,0.0270,862
2024-07-16 09:37:08,252,100,0,0.281,0.0300,862
2024-07-16 09:37:09,252,100,0,0.278,0.0240,858
2024-07-16 09:37:10,252,100,0,0.281,0.0240,861
2024-07-16 09:37:11,252,100,0,0.280,0.0260,863
2024-07-16 09:37:12,252,100,0,0.281,0.0270,861
2024-07-16 09:37:13,252,100,0,0.280,0.0190,864
2024-07-16 09:37:14,252,100,0,0.280,0.0240,875
2024-07-16 09:37:15,252,100,0,0.280,0.0260,860
2024-07-16 09:37:16,252,100,0,0.276,0.0180,863
2024-07-16 09:37:17,252,100,0,0.276,0.0170,865
2024-07-16 09:37:18,252,100,0,0.281,0.0250,875
2024-07-16 09:37:19,252,100,0,0.281,0.0250,866
2024-07-16 09:37:20,252,100,0,0.280,0.0230,873
2024-07-16 09:37:21,252,100,0,0.279,0.0250,874
2024-07-16 09:37:22,252,100,0,0.282,0.0270,868
2024-07-16 09:37:23,252,100,0,0.281,0.0310,861
2024-07-16 09:37:24,252,100,0,0.282,0.0280,858
2024-07-16 09:37:25,252,100,0,0.280,0.0270,858
2024-07-16 09:37:26,252,100,0,0.281,0.0220,855
2024-07-16 09:37:27,252,100,0,0.282,0.0240,860
2024-07-16 09:37:28,252,100,0,0.280,0.0140,853
2024-07-16 09:37:29,252,100,0,0.280,0.0150,853
2024-07-16 09:37:30,252,100,0,0.282,0.0280,851
2024-07-16 09:37:31,252,100,0,0.281,0.0220,857
2024-07-16 09:37:32,252,100,0,0.282,0.0240,853
2024-07-16 09:37:33,252,100,0,0.279,0.0240,853
2024-07-16 09:37:34,252,100,0,0.282,0.0260,850
2024-07-16 09:37:35,252,100,0,0.282,0.0270,850
2024-07-16 09:37:36,252,100,0,0.283,0.0250,854
2024-07-16 09:37:37,252,100,0,0.283,0.0270,853
2024-07-16 09:37:38,252,100,0,0.280,0.0270,850
2024-07-16 09:37:39,252,100,0,0.282,0.0240,850
2024-07-16 09:37:40,252,100,0,0.283,0.0270,849
2024-07-16 09:37:41,252,100,0,0.283,0.0240,855
2024-07-16 09:37:42,252,100,0,0.283,0.0300,850
2024-07-16 09:37:43,252,100,0,0.283,0.0270,845
2024-07-16 09:37:44,252,100,0,0.283,0.0260,842
2024-07-16 09:37:45,252,100,0,0.281,0.0210,843
2024-07-16 09:37:46,252,100,0,0.281,0.0220,840
2024-07-16 09:37:47,252,100,0,0.283,0.0250,840
2024-07-16 09:37:48,252,100,0,0.283,0.0260,840
2024-07-16 09:37:49,252,100,0,0.283,0.0230,848
2024-07-16 09:37:50,252,100,0,0.283,0.0200,841
2024-07-16 09:37:51,252,100,0,0.283,0.0160,838
2024-07-16 09:37:52,252,100,0,0.283,0.0200,836
2024-07-16 09:37:53,252,100,0,0.284,0.0240,838
2024-07-16 09:37:54,252,100,0,0.283,0.0210,839
2024-07-16 09:37:55,252,100,0,0.284,0.0240,839
2024-07-16 09:37:56,252,100,0,0.284,0.0180,833
2024-07-16 09:37:57,252,100,0,0.284,0.0240,832
2024-07-16 09:37:58,252,100,0,0.283,0.0160,834
2024-07-16 09:37:59,252,100,0,0.284,0.0300,836
2024-07-16 09:38:00,252,100,0,0.284,0.0240,848
2024-07-16 09:38:01,252,100,0,0.284,0.0230,838
2024-07-16 09:38:02,252,100,0,0.283,0.0250,849
2024-07-16 09:38:03,252,100,0,0.283,0.0220,832
2024-07-16 09:38:04,252,100,0,0.284,0.0240,849
2024-07-16 09:38:05,252,100,0,0.283,0.0220,844
2024-07-16 09:38:06,252,100,0,0.283,0.0210,853
2024-07-16 09:38:07,252,100,0,0.285,0.0270,866
2024-07-16 09:38:08,252,100,0,0.285,0.0290,877
2024-07-16 09:38:09,252,100,0,0.284,0.0260,873
2024-07-16 09:38:10,252,100,0,0.282,0.0230,864
2024-07-16 09:38:11,252,100,0,0.285,0.0280,860
2024-07-16 09:38:12,252,100,0,0.285,0.0230,860
2024-07-16 09:38:13,252,100,0,0.285,0.0230,850
2024-07-16 09:38:14,252,100,0,0.285,0.0200,853
2024-07-16 09:38:15,252,100,0,0.284,0.0290,842
2024-07-16 09:38:16,252,100,0,0.286,0.0250,837
2024-07-16 09:38:17,252,100,0,0.285,0.0240,832
2024-07-16 09:38:18,252,100,0,0.286,0.0260,827
2024-07-16 09:38:19,252,100,0,0.286,0.0280,835
2024-07-16 09:38:20,252,100,0,0.285,0.0260,839
2024-07-16 09:38:21,252,100,0,0.286,0.0250,827
2024-07-16 09:38:22,252,100,0,0.286,0.0230,819
2024-07-16 09:38:23,252,100,0,0.286,0.0210,820
2024-07-16 09:38:24,252,100,0,0.286,0.0230,824
2024-07-16 09:38:25,252,100,0,0.286,0.0210,826
2024-07-16 09:38:26,252,100,0,0.286,0.0230,825
2024-07-16 09:38:27,252,100,0,0.283,0.0230,825
2024-07-16 09:38:28,252,100,0,0.287,0.0180,828
2024-07-16 09:38:29,252,100,0,0.286,0.0210,829
2024-07-16 09:38:30,252,100,0,0.286,0.0210,825
2024-07-16 09:38:31,252,100,0,0.286,0.0230,827
2024-07-16 09:38:32,252,100,0,0.287,0.0220,833
2024-07-16 09:38:33,252,100,0,0.287,0.0230,838
2024-07-16 09:38:34,252,100,0,0.286,0.0200,833
2024-07-16 09:38:35,252,100,0,0.283,0.0210,828
2024-07-16 09:38:36,252,100,0,0.287,0.0260,831
2024-07-16 09:38:37,252,100,0,0.288,0.0260,832
2024-07-16 09:38:38,252,100,0,0.287,0.0250,844
2024-07-16 09:38:39,252,100,0,0.285,0.0230,832
2024-07-16 09:38:40,252,100,0,0.287,0.0190,832
2024-07-16 09:38:41,252,100,0,0.287,0.0200,821
2024-07-16 09:38:42,252,100,0,0.286,0.0230,833
2024-07-16 09:38:43,252,100,0,0.287,0.0230,842
2024-07-16 09:38:44,252,100,0,0.288,0.0250,842
2024-07-16 09:38:45,252,100,0,0.288,0.0230,846
2024-07-16 09:38:46,252,100,0,0.287,0.0240,849
2024-07-16 09:38:47,252,100,0,0.287,0.0240,851
2024-07-16 09:38:48,252,100,0,0.287,0.0260,849
2024-07-16 09:38:49,252,100,0,0.287,0.0230,853
2024-07-16 09:38:50,252,100,0,0.288,0.0230,856
2024-07-16 09:38:51,252,100,0,0.286,0.0240,862
2024-07-16 09:38:52,252,100,0,0.287,0.0200,864
2024-07-16 09:38:53,252,100,0,0.288,0.0200,865
2024-07-16 09:38:54,252,100,0,0.288,0.0170,871
2024-07-16 09:38:55,252,100,0,0.289,0.0220,867
2024-07-16 09:38:56,252,100,0,0.289,0.0240,870
2024-07-16 09:38:57,252,100,0,0.289,0.0250,875
2024-07-16 09:38:58,252,100,0,0.288,0.0240,876
2024-07-16 09:38:59,252,100,0,0.287,0.0110,881
2024-07-16 09:39:00,252,100,0,0.289,0.0170,885
2024-07-16 09:39:01,252,100,0,0.289,0.0200,888
2024-07-16 09:39:02,252,100,0,0.289,0.0270,895
2024-07-16 09:39:03,252,100,0,0.289,0.0270,899
2024-07-16 09:39:04,252,100,0,0.289,0.0220,901
2024-07-16 09:39:05,252,100,0,0.290,0.0190,898
2024-07-16 09:39:06,252,100,0,0.290,0.0230,876
2024-07-16 09:39:07,252,100,0,0.290,0.0100,883
2024-07-16 09:39:08,252,100,0,0.290,0.0200,891
2024-07-16 09:39:09,252,100,0,0.289,0.0230,893
2024-07-16 09:39:10,252,100,0,0.290,0.0250,909
2024-07-16 09:39:11,252,100,0,0.288,0.0290,906
2024-07-16 09:39:12,252,100,0,0.288,0.0260,906
2024-07-16 09:39:13,252,100,0,0.289,0.0280,913
2024-07-16 09:39:14,252,100,0,0.290,0.0260,915
2024-07-16 09:39:15,252,100,0,0.290,0.0260,924
2024-07-16 09:39:16,252,100,0,0.291,0.0230,924
2024-07-16 09:39:17,252,100,0,0.291,0.0300,931
2024-07-16 09:39:18,252,100,0,0.291,0.0250,935
2024-07-16 09:39:19,252,100,0,0.289,0.0210,940
2024-07-16 09:39:20,252,100,0,0.291,0.0260,944
2024-07-16 09:39:21,252,100,0,0.290,0.0260,944
2024-07-16 09:39:22,252,100,0,0.290,0.0280,946
2024-07-16 09:39:23,252,100,0,0.291,0.0290,953
2024-07-16 09:39:24,252,100,0,0.290,0.0260,959
2024-07-16 09:39:25,252,100,0,0.291,0.0280,962
2024-07-16 09:39:26,252,100,0,0.291,0.0250,966
2024-07-16 09:39:27,252,100,0,0.291,0.0240,975
2024-07-16 09:39:28,252,100,0,0.291,0.0210,975
2024-07-16 09:39:29,252,100,0,0.292,0.0260,966
2024-07-16 09:39:30,252,100,0,0.291,0.0230,971
2024-07-16 09:39:31,252,100,0,0.290,0.0200,969
2024-07-16 09:39:32,252,100,0,0.289,0.0210,984
2024-07-16 09:39:33,252,100,0,0.292,0.0150,983
2024-07-16 09:39:34,252,100,0,0.292,0.0200,975
2024-07-16 09:39:35,252,100,0,0.292,0.0280,983
2024-07-16 09:39:36,252,100,0,0.291,0.0270,980
2024-07-16 09:39:37,252,100,0,0.291,0.0280,983
2024-07-16 09:39:38,252,100,0,0.292,0.0270,998
2024-07-16 09:39:39,252,100,0,0.293,0.0240,998
2024-07-16 09:39:40,252,100,0,0.291,0.0260,995
2024-07-16 09:39:41,252,100,0,0.293,0.0270,995
2024-07-16 09:39:42,252,100,0,0.291,0.0260,994
2024-07-16 09:39:43,252,100,0,0.292,0.0230,999
2024-07-16 09:39:44,252,100,0,0.289,0.0240,1002
2024-07-16 09:39:45,252,100,0,0.292,0.0210,1002
2024-07-16 09:39:46,252,100,0,0.293,0.0280,1005
2024-07-16 09:39:47,252,100,0,0.293,0.0280,1008
2024-07-16 09:39:48,252,100,0,0.290,0.0230,1008
2024-07-16 09:39:49,252,100,0,0.292,0.0210,1008
2024-07-16 09:39:50,252,100,0,0.293,0.0170,1015
2024-07-16 09:39:51,252,100,0,0.293,0.0200,1024
2024-07-16 09:39:52,252,100,0,0.293,0.0200,1026
2024-07-16 09:39:53,252,100,0,0.293,0.0180,1018
2024-07-16 09:39:54,252,100,0,0.292,0.0190,1034
2024-07-16 09:39:55,252,100,0,0.293,0.0180,1034
2024-07-16 09:39:56,252,100,0,0.288,0.0210,1024
2024-07-16 09:39:57,252,100,0,0.293,0.0210,1028
2024-07-16 09:39:58,252,100,0,0.293,0.0190,1031
2024-07-16 09:39:59,252,100,0,0.295,0.0190,1038
2024-07-16 09:40:00,252,100,0,0.291,0.0230,1039
2024-07-16 09:40:01,252,100,0,0.292,0.0220,1044
2024-07-16 09:40:02,252,100,0,0.294,0.0260,1034
2024-07-16 09:40:03,252,100,0,0.294,0.0240,1042
2024-07-16 09:40:04,252,100,0,0.294,0.0230,1044
2024-07-16 09:40:05,252,100,0,0.292,0.0230,1039
2024-07-16 09:40:06,252,100,0,0.295,0.0210,1037
2024-07-16 09:40:07,252,100,0,0.295,0.0250,1040
2024-07-16 09:40:08,252,100,0,0.294,0.0200,1025
2024-07-16 09:40:09,252,100,0,0.295,0.0200,1027
2024-07-16 09:40:10,252,100,0,0.294,0.0270,1034
2024-07-16 09:40:11,252,100,0,0.294,0.0200,1029
2024-07-16 09:40:12,252,100,0,0.295,0.0190,1021
2024-07-16 09:40:13,252,100,0,0.290,0.0210,1022
2024-07-16 09:40:14,252,100,0,0.294,0.0230,1034
2024-07-16 09:40:15,252,100,0,0.295,0.0210,1018
2024-07-16 09:40:16,252,100,0,0.295,0.0190,1035
2024-07-16 09:40:17,252,100,0,0.294,0.0220,1035
2024-07-16 09:40:18,252,100,0,0.294,0.0190,1025
2024-07-16 09:40:19,252,100,0,0.295,0.0200,1025
2024-07-16 09:40:20,252,100,0,0.295,0.0170,1025
2024-07-16 09:40:21,252,100,0,0.295,0.0200,1030
2024-07-16 09:40:22,252,100,0,0.296,0.0220,1037
2024-07-16 09:40:23,252,100,0,0.295,0.0210,1034
2024-07-16 09:40:24,252,100,0,0.296,0.0240,1042
2024-07-16 09:40:25,252,100,0,0.294,0.0230,1042
2024-07-16 09:40:26,252,100,0,0.296,0.0200,1046
2024-07-16 09:40:27,252,100,0,0.296,0.0190,1046
2024-07-16 09:40:28,252,100,0,0.295,0.0210,1046
2024-07-16 09:40:29,252,100,0,0.292,0.0220,1053
2024-07-16 09:40:30,252,100,0,0.294,0.0200,1077
2024-07-16 09:40:31,252,100,0,0.297,0.0220,1079
2024-07-16 09:40:32,252,100,0,0.297,0.0210,1076
2024-07-16 09:40:33,252,100,0,0.297,0.0170,1063
2024-07-16 09:40:34,252,100,0,0.296,0.0170,1055
2024-07-16 09:40:35,252,100,0,0.297,0.0210,1030
2024-07-16 09:40:36,252,100,0,0.297,0.0210,1032
2024-07-16 09:40:37,252,100,0,0.293,0.0170,1025
2024-07-16 09:40:38,252,100,0,0.294,0.0200,1024
2024-07-16 09:40:39,252,100,0,0.297,0.0210,1025
2024-07-16 09:40:40,252,100,0,0.296,0.0180,1017
2024-07-16 09:40:41,252,100,0,0.297,0.0190,1019
2024-07-16 09:40:42,252,100,0,0.294,0.0210,1027
2024-07-16 09:40:43,252,100,0,0.297,0.0220,1020
2024-07-16 09:40:44,252,100,0,0.297,0.0230,1010
2024-07-16 09:40:45,252,100,0,0.297,0.0250,1009
2024-07-16 09:40:46,252,100,0,0.298,0.0210,1018
2024-07-16 09:40:47,252,100,0,0.298,0.0180,1021
2024-07-16 09:40:48,252,100,0,0.298,0.0190,1013
2024-07-16 09:40:49,252,100,0,0.298,0.0150,1015
2024-07-16 09:40:50,252,100,0,0.296,0.0210,1009
2024-07-16 09:40:51,252,100,0,0.297,0.0200,1010
2024-07-16 09:40:52,252,100,0,0.298,0.0170,1002
2024-07-16 09:40:53,252,100,0,0.298,0.0190,1002
2024-07-16 09:40:54,252,100,0,0.298,0.0190,1003
2024-07-16 09:40:55,252,100,0,0.298,0.0200,997
2024-07-16 09:40:56,252,100,0,0.298,0.0180,1003
2024-07-16 09:40:57,252,100,0,0.293,0.0200,990
2024-07-16 09:40:58,252,100,0,0.294,0.0150,995
2024-07-16 09:40:59,252,100,0,0.299,0.0220,997
2024-07-16 09:41:00,252,100,0,0.299,0.0210,986
2024-07-16 09:41:01,252,100,0,0.299,0.0180,982
2024-07-16 09:41:02,252,100,0,0.296,0.0210,977
2024-07-16 09:41:03,252,100,0,0.298,0.0220,977
2024-07-16 09:41:04,252,100,0,0.298,0.0190,977
2024-07-16 09:41:05,252,100,0,0.299,0.0220,973
2024-07-16 09:41:06,252,100,0,0.298,0.0210,973
2024-07-16 09:41:07,252,100,0,0.298,0.0210,966
2024-07-16 09:41:08,252,100,0,0.299,0.0200,960
2024-07-16 09:41:09,252,100,0,0.299,0.0240,955
2024-07-16 09:41:10,252,100,0,0.294,0.0240,961
2024-07-16 09:41:11,252,100,0,0.299,0.0230,955
2024-07-16 09:41:12,252,100,0,0.299,0.0250,955
2024-07-16 09:41:13,252,100,0,0.300,0.0270,951
2024-07-16 09:41:14,252,100,0,0.299,0.0230,955
2024-07-16 09:41:15,252,100,0,0.299,0.0220,945
2024-07-16 09:41:16,252,100,0,0.299,0.0220,937
2024-07-16 09:41:17,252,100,0,0.300,0.0180,937
2024-07-16 09:41:18,252,100,0,0.300,0.0190,946
2024-07-16 09:41:19,252,100,0,0.300,0.0170,937
2024-07-16 09:41:20,252,100,0,0.300,0.0160,931
2024-07-16 09:41:21,252,100,0,0.300,0.0240,944
2024-07-16 09:41:22,252,100,0,0.300,0.0110,934
2024-07-16 09:41:23,252,100,0,0.301,0.0200,939
2024-07-16 09:41:24,252,100,0,0.300,0.0270,944
2024-07-16 09:41:25,252,100,0,0.300,0.0220,944
2024-07-16 09:41:26,252,100,0,0.298,0.0170,959
2024-07-16 09:41:27,252,100,0,0.298,0.0190,950
2024-07-16 09:41:28,252,100,0,0.301,0.0230,947
2024-07-16 09:41:29,252,100,0,0.301,0.0270,942
2024-07-16 09:41:30,252,100,0,0.300,0.0210,945
2024-07-16 09:41:31,252,100,0,0.300,0.0160,946
2024-07-16 09:41:32,252,100,0,0.301,0.0180,956
2024-07-16 09:41:33,252,100,0,0.301,0.0170,946
2024-07-16 09:41:34,252,100,0,0.301,0.0170,954
2024-07-16 09:41:35,252,100,0,0.301,0.0220,956
2024-07-16 09:41:36,252,100,0,0.301,0.0160,955
2024-07-16 09:41:37,252,100,0,0.301,0.0140,914
2024-07-16 09:41:38,252,100,0,0.301,0.0170,931
2024-07-16 09:41:39,252,100,0,0.299,0.0200,923
2024-07-16 09:41:40,252,100,0,0.302,0.0190,905
2024-07-16 09:41:41,252,100,0,0.301,0.0230,909
2024-07-16 09:41:42,252,100,0,0.301,0.0220,907
2024-07-16 09:41:43,252,100,0,0.301,0.0200,888
2024-07-16 09:41:44,252,100,0,0.302,0.0160,895
2024-07-16 09:41:45,252,100,0,0.303,0.0140,877
2024-07-16 09:41:46,252,100,0,0.299,0.0170,870
2024-07-16 09:41:47,252,100,0,0.299,0.0150,863
2024-07-16 09:41:48,252,100,0,0.302,0.0200,865
2024-07-16 09:41:49,252,100,0,0.302,0.0200,870
2024-07-16 09:41:50,252,100,0,0.303,0.0180,858
2024-07-16 09:41:51,252,100,0,0.300,0.0270,855
2024-07-16 09:41:52,252,100,0,0.303,0.0240,860
2024-07-16 09:41:53,252,100,0,0.303,0.0210,857
2024-07-16 09:41:54,252,100,0,0.302,0.0210,857
2024-07-16 09:41:55,252,100,0,0.302,0.0240,857
2024-07-16 09:41:56,252,100,0,0.302,0.0210,855
2024-07-16 09:41:57,252,100,0,0.303,0.0220,851
2024-07-16 09:41:58,252,100,0,0.303,0.0250,848
2024-07-16 09:41:59,252,100,0,0.305,0.0120,847
2024-07-16 09:42:00,252,100,0,0.304,0.0220,851
2024-07-16 09:42:01,252,100,0,0.303,0.0230,843
2024-07-16 09:42:02,252,100,0,0.303,0.0220,842
2024-07-16 09:42:03,252,100,0,0.303,0.0230,845
2024-07-16 09:42:04,252,100,0,0.303,0.0210,843
2024-07-16 09:42:05,252,100,0,0.303,0.0200,844
2024-07-16 09:42:06,252,100,0,0.304,0.0230,842
2024-07-16 09:42:07,252,100,0,0.304,0.0220,841
2024-07-16 09:42:08,252,100,0,0.303,0.0240,840
2024-07-16 09:42:09,252,100,0,0.304,0.0230,841
2024-07-16 09:42:10,252,100,0,0.303,0.0220,839
2024-07-16 09:42:11,252,100,0,0.303,0.0220,836
2024-07-16 09:42:12,252,100,0,0.305,0.0190,844
2024-07-16 09:42:13,252,100,0,0.305,0.0240,843
2024-07-16 09:42:14,252,100,0,0.305,0.0240,842
2024-07-16 09:42:15,252,100,0,0.303,0.0230,849
2024-07-16 09:42:16,252,100,0,0.303,0.0200,843
2024-07-16 09:42:17,252,100,0,0.305,0.0200,848
2024-07-16 09:42:18,252,100,0,0.305,0.0150,852
2024-07-16 09:42:19,252,100,0,0.305,0.0200,848
2024-07-16 09:42:20,252,100,0,0.304,0.0170,850
2024-07-16 09:42:21,252,100,0,0.305,0.0190,843
2024-07-16 09:42:22,252,100,0,0.305,0.0180,856
2024-07-16 09:42:23,252,100,0,0.303,0.0120,857
2024-07-16 09:42:24,252,100,0,0.306,0.0120,856
2024-07-16 09:42:25,252,100,0,0.306,0.0200,850
2024-07-16 09:42:26,252,100,0,0.305,0.0250,858
2024-07-16 09:42:27,252,100,0,0.305,0.0220,872
2024-07-16 09:42:28,252,100,0,0.303,0.0230,877
2024-07-16 09:42:29,252,100,0,0.306,0.0240,880
2024-07-16 09:42:30,252,100,0,0.305,0.0200,885
2024-07-16 09:42:31,252,100,0,0.305,0.0210,870
2024-07-16 09:42:32,252,100,0,0.304,0.0220,861
2024-07-16 09:42:33,252,100,0,0.306,0.0270,848
2024-07-16 09:42:34,252,100,0,0.307,0.0240,841
2024-07-16 09:42:35,252,100,0,0.305,0.0200,839
2024-07-16 09:42:36,252,100,0,0.306,0.0250,845
2024-07-16 09:42:37,252,100,0,0.306,0.0240,836
2024-07-16 09:42:38,252,100,0,0.307,0.0280,843
2024-07-16 09:42:39,252,100,0,0.306,0.0220,828
2024-07-16 09:42:40,252,100,0,0.302,0.0200,817
2024-07-16 09:42:41,252,100,0,0.306,0.0220,818
2024-07-16 09:42:42,252,100,0,0.305,0.0250,818
2024-07-16 09:42:43,252,100,0,0.306,0.0230,812
2024-07-16 09:42:44,252,100,0,0.303,0.0230,811
2024-07-16 09:42:45,252,100,0,0.304,0.0200,806
2024-07-16 09:42:46,252,100,0,0.307,0.0230,806
2024-07-16 09:42:47,252,100,0,0.308,0.0200,811
2024-07-16 09:42:48,252,100,0,0.308,0.0210,802
2024-07-16 09:42:49,252,100,0,0.305,0.0210,801
2024-07-16 09:42:50,252,100,0,0.307,0.0210,805
2024-07-16 09:42:51,252,100,0,0.309,0.0250,798
2024-07-16 09:42:52,252,100,0,0.308,0.0250,810
2024-07-16 09:42:53,252,100,0,0.309,0.0260,801
2024-07-16 09:42:54,252,100,0,0.308,0.0220,800
2024-07-16 09:42:55,252,100,0,0.309,0.0250,805
2024-07-16 09:42:56,252,100,0,0.303,0.0250,814
2024-07-16 09:42:57,252,100,0,0.303,0.0170,832
2024-07-16 09:42:58,252,100,0,0.308,0.0230,842
2024-07-16 09:42:59,252,100,0,0.309,0.0200,838
2024-07-16 09:43:00,252,100,0,0.308,0.0250,847
2024-07-16 09:43:01,252,100,0,0.304,0.0220,850
2024-07-16 09:43:02,252,100,0,0.309,0.0170,855
2024-07-16 09:43:03,252,100,0,0.308,0.0190,870
2024-07-16 09:43:04,252,100,0,0.309,0.0200,881
2024-07-16 09:43:05,252,100,0,0.308,0.0210,892
2024-07-16 09:43:06,252,100,0,0.307,0.0200,897
2024-07-16 09:43:07,252,100,0,0.309,0.0170,891
2024-07-16 09:43:08,252,100,0,0.309,0.0230,892
2024-07-16 09:43:09,252,100,0,0.309,0.0180,890
2024-07-16 09:43:10,252,100,0,0.308,0.0190,896
2024-07-16 09:43:11,252,100,0,0.309,0.0200,905
2024-07-16 09:43:12,252,100,0,0.309,0.0170,898
2024-07-16 09:43:13,252,100,0,0.307,0.0150,887
2024-07-16 09:43:14,252,100,0,0.306,0.0150,893
2024-07-16 09:43:15,252,100,0,0.309,0.0180,884
2024-07-16 09:43:16,252,100,0,0.309,0.0210,887
2024-07-16 09:43:17,252,100,0,0.309,0.0240,900
2024-07-16 09:43:18,252,100,0,0.307,0.0240,898
2024-07-16 09:43:19,252,100,0,0.310,0.0170,898
2024-07-16 09:43:20,252,100,0,0.309,0.0130,911
2024-07-16 09:43:21,252,100,0,0.310,0.0170,901
2024-07-16 09:43:22,252,100,0,0.310,0.0230,905
2024-07-16 09:43:23,252,100,0,0.310,0.0210,907
2024-07-16 09:43:24,252,100,0,0.310,0.0160,902
2024-07-16 09:43:25,252,100,0,0.310,0.0200,902
2024-07-16 09:43:26,252,100,0,0.308,0.0150,911
2024-07-16 09:43:27,252,100,0,0.311,0.0210,915
2024-07-16 09:43:28,252,100,0,0.310,0.0170,921
2024-07-16 09:43:29,252,100,0,0.310,0.0150,918
2024-07-16 09:43:30,252,100,0,0.308,0.0140,918
2024-07-16 09:43:31,252,100,0,0.312,0.0180,925
2024-07-16 09:43:32,252,100,0,0.311,0.0170,922
2024-07-16 09:43:33,252,100,0,0.311,0.0190,923
2024-07-16 09:43:34,252,100,0,0.311,0.0220,933
2024-07-16 09:43:35,252,100,0,0.311,0.0180,924
2024-07-16 09:43:36,252,100,0,0.312,0.0180,926
2024-07-16 09:43:37,252,100,0,0.311,0.0160,928
2024-07-16 09:43:38,252,100,0,0.308,0.0190,924
2024-07-16 09:43:39,252,100,0,0.311,0.0210,921
2024-07-16 09:43:40,252,100,0,0.311,0.0210,902
2024-07-16 09:43:41,252,100,0,0.311,0.0210,901
2024-07-16 09:43:42,252,100,0,0.309,0.0250,923
2024-07-16 09:43:43,252,100,0,0.309,0.0190,946
2024-07-16 09:43:44,252,100,0,0.311,0.0170,945
2024-07-16 09:43:45,252,100,0,0.311,0.0180,945
2024-07-16 09:43:46,252,100,0,0.313,0.0250,944
2024-07-16 09:43:47,252,100,0,0.312,0.0260,948
2024-07-16 09:43:48,252,100,0,0.311,0.0240,948
2024-07-16 09:43:49,252,100,0,0.313,0.0220,946
2024-07-16 09:43:50,252,100,0,0.313,0.0210,947
2024-07-16 09:43:51,252,100,0,0.313,0.0250,948
2024-07-16 09:43:52,252,100,0,0.312,0.0230,942
2024-07-16 09:43:53,252,100,0,0.313,0.0210,940
2024-07-16 09:43:54,252,100,0,0.312,0.0230,933
2024-07-16 09:43:55,252,100,0,0.312,0.0220,904
2024-07-16 09:43:56,252,100,0,0.311,0.0240,866
2024-07-16 09:43:57,252,100,0,0.313,0.0260,859
2024-07-16 09:43:58,252,100,0,0.314,0.0280,845
2024-07-16 09:43:59,252,100,0,0.312,0.0250,846
2024-07-16 09:44:00,252,100,0,0.313,0.0220,843
2024-07-16 09:44:01,252,100,0,0.313,0.0260,839
2024-07-16 09:44:02,252,100,0,0.314,0.0250,838
2024-07-16 09:44:03,252,100,0,0.314,0.0210,843
2024-07-16 09:44:04,252,100,0,0.310,0.0220,837
2024-07-16 09:44:05,252,100,0,0.313,0.0230,842
2024-07-16 09:44:06,252,100,0,0.314,0.0240,847
2024-07-16 09:44:07,252,100,0,0.313,0.0220,846
2024-07-16 09:44:08,252,100,0,0.312,0.0230,842
2024-07-16 09:44:09,252,100,0,0.314,0.0250,845
2024-07-16 09:44:10,252,100,0,0.314,0.0250,845
2024-07-16 09:44:11,252,100,0,0.314,0.0170,857
2024-07-16 09:44:12,252,100,0,0.314,0.0150,851
2024-07-16 09:44:13,252,100,0,0.314,0.0190,856
2024-07-16 09:44:14,252,100,0,0.314,0.0230,853
2024-07-16 09:44:15,252,100,0,0.314,0.0230,863
2024-07-16 09:44:16,252,100,0,0.313,0.00800,856
2024-07-16 09:44:17,252,100,0,0.315,0.0220,856
2024-07-16 09:44:18,252,100,0,0.314,0.0220,854
2024-07-16 09:44:19,252,100,0,0.315,0.0220,859
2024-07-16 09:44:20,252,100,0,0.313,0.0240,860
2024-07-16 09:44:21,252,100,0,0.314,0.0200,862
2024-07-16 09:44:22,252,100,0,0.315,0.0160,867
2024-07-16 09:44:23,252,100,0,0.315,0.0140,867
2024-07-16 09:44:24,252,100,0,0.315,0.0180,868
2024-07-16 09:44:25,252,100,0,0.315,0.0230,868
2024-07-16 09:44:26,252,100,0,0.315,0.0190,871
2024-07-16 09:44:27,252,100,0,0.316,0.0200,875
2024-07-16 09:44:28,252,100,0,0.315,0.0150,876
2024-07-16 09:44:29,252,100,0,0.315,0.0150,874
2024-07-16 09:44:30,252,100,0,0.317,0.0220,873
2024-07-16 09:44:31,252,100,0,0.316,0.0200,876
2024-07-16 09:44:32,252,100,0,0.316,0.0220,874
2024-07-16 09:44:33,252,100,0,0.313,0.0210,879
2024-07-16 09:44:34,252,100,0,0.316,0.0210,880
2024-07-16 09:44:35,252,100,0,0.316,0.0240,882
2024-07-16 09:44:36,252,100,0,0.316,0.0240,884
2024-07-16 09:44:37,252,100,0,0.314,0.0180,883
2024-07-16 09:44:38,252,100,0,0.316,0.0220,888
2024-07-16 09:44:39,252,100,0,0.317,0.0250,892
2024-07-16 09:44:40,252,100,0,0.317,0.0290,897
2024-07-16 09:44:41,252,100,0,0.317,0.0210,901
2024-07-16 09:44:42,252,100,0,0.317,0.0260,904
2024-07-16 09:44:43,252,100,0,0.317,0.0260,923
2024-07-16 09:44:44,252,100,0,0.317,0.0280,943
2024-07-16 09:44:45,252,100,0,0.317,0.0230,977
2024-07-16 09:44:46,252,100,0,0.317,0.0210,980
2024-07-16 09:44:47,252,100,0,0.316,0.0190,981
2024-07-16 09:44:48,252,100,0,0.317,0.0240,983
2024-07-16 09:44:49,252,100,0,0.317,0.0210,979
2024-07-16 09:44:50,252,100,0,0.315,0.0160,976
2024-07-16 09:44:51,252,100,0,0.318,0.0180,970
2024-07-16 09:44:52,252,100,0,0.318,0.0220,961
2024-07-16 09:44:53,252,100,0,0.318,0.0210,954
2024-07-16 09:44:54,252,100,0,0.318,0.0220,953
2024-07-16 09:44:55,252,100,0,0.318,0.0270,942
2024-07-16 09:44:56,252,100,0,0.318,0.0250,914
2024-07-16 09:44:57,252,100,0,0.316,0.0160,886
2024-07-16 09:44:58,252,100,0,0.314,0.0160,878
2024-07-16 09:44:59,252,100,0,0.319,0.0220,864
2024-07-16 09:45:00,252,100,0,0.318,0.0230,859
2024-07-16 09:45:01,252,100,0,0.319,0.0170,862
2024-07-16 09:45:02,252,100,0,0.316,0.0210,859
2024-07-16 09:45:03,252,100,0,0.319,0.0230,858
2024-07-16 09:45:04,252,100,0,0.318,0.0240,857
2024-07-16 09:45:05,252,100,0,0.318,0.0250,857
2024-07-16 09:45:06,252,100,0,0.317,0.0250,853
2024-07-16 09:45:07,252,100,0,0.317,0.0250,846
2024-07-16 09:45:08,252,100,0,0.318,0.0250,841
2024-07-16 09:45:09,252,100,0,0.318,0.0300,846
2024-07-16 09:45:10,252,100,0,0.319,0.0190,849
2024-07-16 09:45:11,252,100,0,0.319,0.0200,845
2024-07-16 09:45:12,252,100,0,0.319,0.0230,855
2024-07-16 09:45:13,252,100,0,0.319,0.0250,846
2024-07-16 09:45:14,252,100,0,0.317,0.0230,846
2024-07-16 09:45:15,252,100,0,0.319,0.0250,844
2024-07-16 09:45:16,252,100,0,0.320,0.0250,847
2024-07-16 09:45:17,252,100,0,0.319,0.0230,845
2024-07-16 09:45:18,252,100,0,0.319,0.0230,845
2024-07-16 09:45:19,252,100,0,0.318,0.0230,839
2024-07-16 09:45:20,252,100,0,0.320,0.0190,838
2024-07-16 09:45:21,252,100,0,0.319,0.0220,838
2024-07-16 09:45:22,252,100,0,0.320,0.0230,834
2024-07-16 09:45:23,252,100,0,0.321,0.0220,835
2024-07-16 09:45:24,252,100,0,0.320,0.0210,835
2024-07-16 09:45:25,252,100,0,0.320,0.0230,835
2024-07-16 09:45:26,252,100,0,0.318,0.0140,827
2024-07-16 09:45:27,252,100,0,0.318,0.0160,831
2024-07-16 09:45:28,252,100,0,0.320,0.0230,832
2024-07-16 09:45:29,252,100,0,0.320,0.0190,834
2024-07-16 09:45:30,252,100,0,0.321,0.0240,835
2024-07-16 09:45:31,252,100,0,0.320,0.0240,830
2024-07-16 09:45:32,252,100,0,0.321,0.0200,834
2024-07-16 09:45:33,252,100,0,0.321,0.0240,835
2024-07-16 09:45:34,252,100,0,0.321,0.0230,854
2024-07-16 09:45:35,252,100,0,0.321,0.0210,865
2024-07-16 09:45:36,252,100,0,0.321,0.0220,840
2024-07-16 09:45:37,252,100,0,0.321,0.0280,818
2024-07-16 09:45:38,252,100,0,0.321,0.0260,817
2024-07-16 09:45:39,252,100,0,0.321,0.0210,816
2024-07-16 09:45:40,252,100,0,0.322,0.0230,802
2024-07-16 09:45:41,252,100,0,0.322,0.0230,785
2024-07-16 09:45:42,252,100,0,0.322,0.0220,778
2024-07-16 09:45:43,252,100,0,0.320,0.0240,773
2024-07-16 09:45:44,252,100,0,0.321,0.0220,765
2024-07-16 09:45:45,252,100,0,0.322,0.0230,765
2024-07-16 09:45:46,252,100,0,0.323,0.0270,761
2024-07-16 09:45:47,252,100,0,0.322,0.0240,759
2024-07-16 09:45:48,252,100,0,0.321,0.0300,758
2024-07-16 09:45:49,252,100,0,0.322,0.0300,755
2024-07-16 09:45:50,252,100,0,0.323,0.0260,752
2024-07-16 09:45:51,252,100,0,0.321,0.0230,752
2024-07-16 09:45:52,252,100,0,0.323,0.0260,749
2024-07-16 09:45:53,252,100,0,0.323,0.0270,751
2024-07-16 09:45:54,252,100,0,0.322,0.0250,744
2024-07-16 09:45:55,252,100,0,0.323,0.0240,744
2024-07-16 09:45:56,252,100,0,0.322,0.0280,740
2024-07-16 09:45:57,252,100,0,0.322,0.0230,742
2024-07-16 09:45:58,252,100,0,0.323,0.0230,736
2024-07-16 09:45:59,252,100,0,0.324,0.00700,734
2024-07-16 09:46:00,252,100,0,0.323,0.0230,729
2024-07-16 09:46:01,252,100,0,0.323,0.0190,732
2024-07-16 09:46:02,252,100,0,0.323,0.0230,732
2024-07-16 09:46:03,252,100,0,0.322,0.0230,731
2024-07-16 09:46:04,252,100,0,0.324,0.0190,731
2024-07-16 09:46:05,252,100,0,0.324,0.0260,729
2024-07-16 09:46:06,252,100,0,0.323,0.0220,729
2024-07-16 09:46:07,252,100,0,0.323,0.0240,729
2024-07-16 09:46:08,252,100,0,0.325,0.0260,728
2024-07-16 09:46:09,252,100,0,0.324,0.0230,727
2024-07-16 09:46:10,252,100,0,0.325,0.0140,729
2024-07-16 09:46:11,252,100,0,0.322,0.00500,730
2024-07-16 09:46:12,252,100,0,0.325,0.0190,729
2024-07-16 09:46:13,252,100,0,0.324,0.0160,728
2024-07-16 09:46:14,252,100,0,0.324,0.0260,730
2024-07-16 09:46:15,252,100,0,0.323,0.0290,731
2024-07-16 09:46:16,252,100,0,0.322,0.0260,733
2024-07-16 09:46:17,252,100,0,0.325,0.0250,732
2024-07-16 09:46:18,252,100,0,0.325,0.0270,735
2024-07-16 09:46:19,252,100,0,0.324,0.0300,737
2024-07-16 09:46:20,252,100,0,0.324,0.0310,740
2024-07-16 09:46:21,252,100,0,0.325,0.0270,737
2024-07-16 09:46:22,252,100,0,0.326,0.0240,739
2024-07-16 09:46:23,252,100,0,0.322,0.0250,744
2024-07-16 09:46:24,252,100,0,0.321,0.0240,736
2024-07-16 09:46:25,252,100,0,0.325,0.0300,747
2024-07-16 09:46:26,252,100,0,0.325,0.0250,744
2024-07-16 09:46:27,252,100,0,0.326,0.0270,747
2024-07-16 09:46:28,252,100,0,0.325,0.0210,747
2024-07-16 09:46:29,252,100,0,0.326,0.0250,750
2024-07-16 09:46:30,252,100,0,0.326,0.0200,751
2024-07-16 09:46:31,252,100,0,0.326,0.0260,754
2024-07-16 09:46:32,252,100,0,0.325,0.0270,754
2024-07-16 09:46:33,252,100,0,0.325,0.0260,757
2024-07-16 09:46:34,252,100,0,0.325,0.0230,756
2024-07-16 09:46:35,252,100,0,0.324,0.0280,757
2024-07-16 09:46:36,252,100,0,0.324,0.0130,759
2024-07-16 09:46:37,252,100,0,0.326,0.0270,762
2024-07-16 09:46:38,252,100,0,0.326,0.0250,765
2024-07-16 09:46:39,252,100,0,0.327,0.0310,765
2024-07-16 09:46:40,252,100,0,0.324,0.0300,763
2024-07-16 09:46:41,252,100,0,0.327,0.0270,765
2024-07-16 09:46:42,252,100,0,0.327,0.0260,767
2024-07-16 09:46:43,252,100,0,0.327,0.0220,767
2024-07-16 09:46:44,252,100,0,0.327,0.0200,766
2024-07-16 09:46:45,252,100,0,0.327,0.0220,768
2024-07-16 09:46:46,252,100,0,0.328,0.0260,768
2024-07-16 09:46:47,252,100,0,0.328,0.0280,764
2024-07-16 09:46:48,252,100,0,0.328,0.00600,771
2024-07-16 09:46:49,252,100,0,0.328,0.0220,775
2024-07-16 09:46:50,252,100,0,0.328,0.0200,774
2024-07-16 09:46:51,252,100,0,0.327,0.0180,775
2024-07-16 09:46:52,252,100,0,0.326,0.0210,778
2024-07-16 09:46:53,252,100,0,0.326,0.0240,781
2024-07-16 09:46:54,252,100,0,0.328,0.0210,781
2024-07-16 09:46:55,252,100,0,0.328,0.0210,781
2024-07-16 09:46:56,252,100,0,0.328,0.0190,786
2024-07-16 09:46:57,252,100,0,0.327,0.0210,792
2024-07-16 09:46:58,252,100,0,0.328,0.0170,797
2024-07-16 09:46:59,252,100,0,0.329,0.0210,803
2024-07-16 09:47:00,252,100,0,0.328,0.0120,815
2024-07-16 09:47:01,252,100,0,0.328,0.0220,835
2024-07-16 09:47:02,252,100,0,0.328,0.0230,853
2024-07-16 09:47:03,252,100,0,0.328,0.0230,871
2024-07-16 09:47:04,252,100,0,0.328,0.0240,885
2024-07-16 09:47:05,252,100,0,0.327,0.0210,886
2024-07-16 09:47:06,252,100,0,0.329,0.0240,886
2024-07-16 09:47:07,252,100,0,0.329,0.0230,888
2024-07-16 09:47:08,252,100,0,0.328,0.0200,884
2024-07-16 09:47:09,252,100,0,0.326,0.0160,878
2024-07-16 09:47:10,252,100,0,0.329,0.0210,877
2024-07-16 09:47:11,252,100,0,0.330,0.0160,875
2024-07-16 09:47:12,252,100,0,0.329,0.0260,869
2024-07-16 09:47:13,252,100,0,0.329,0.0240,861
2024-07-16 09:47:14,252,100,0,0.330,0.0190,845
2024-07-16 09:47:15,252,100,0,0.330,0.0160,846
2024-07-16 09:47:16,252,100,0,0.329,0.0230,852
2024-07-16 09:47:17,252,100,0,0.328,0.0170,854
2024-07-16 09:47:18,252,100,0,0.330,0.0160,854
2024-07-16 09:47:19,252,100,0,0.330,0.0190,858
2024-07-16 09:47:20,252,100,0,0.330,0.0240,861
2024-07-16 09:47:21,252,100,0,0.328,0.0210,848
2024-07-16 09:47:22,252,100,0,0.328,0.0210,844
2024-07-16 09:47:23,252,100,0,0.330,0.0230,849
2024-07-16 09:47:24,252,100,0,0.330,0.0230,832
2024-07-16 09:47:25,252,100,0,0.330,0.0220,814
2024-07-16 09:47:26,252,100,0,0.330,0.0210,814
2024-07-16 09:47:27,252,100,0,0.330,0.0220,808
2024-07-16 09:47:28,252,100,0,0.331,0.0250,793
2024-07-16 09:47:29,252,100,0,0.329,0.0210,793
2024-07-16 09:47:30,252,100,0,0.331,0.0180,781
2024-07-16 09:47:31,252,100,0,0.331,0.0220,785
2024-07-16 09:47:32,252,100,0,0.331,0.0280,785
2024-07-16 09:47:33,252,100,0,0.331,0.0280,778
2024-07-16 09:47:34,252,100,0,0.332,0.0290,778
2024-07-16 09:47:35,252,100,0,0.332,0.0290,777
2024-07-16 09:47:36,252,100,0,0.332,0.0210,773
2024-07-16 09:47:37,252,100,0,0.333,0.00800,775
2024-07-16 09:47:38,252,100,0,0.331,0.0270,767
2024-07-16 09:47:39,252,100,0,0.331,0.0240,772
2024-07-16 09:47:40,252,100,0,0.332,0.0240,773
2024-07-16 09:47:41,252,100,0,0.332,0.0230,769
2024-07-16 09:47:42,252,100,0,0.333,0.0220,768
2024-07-16 09:47:43,252,100,0,0.332,0.0220,768
2024-07-16 09:47:44,252,100,0,0.333,0.0220,767
2024-07-16 09:47:45,252,100,0,0.332,0.0260,766
2024-07-16 09:47:46,252,100,0,0.332,0.0230,767
2024-07-16 09:47:47,252,100,0,0.332,0.0250,767
2024-07-16 09:47:48,252,100,0,0.333,0.0290,765
2024-07-16 09:47:49,252,100,0,0.329,0.0230,764
2024-07-16 09:47:50,252,100,0,0.333,0.0250,761
2024-07-16 09:47:51,252,100,0,0.333,0.0260,765
2024-07-16 09:47:52,,100,0,0.332,0.0250,765
2024-07-16 09:47:53,252,100,0,0.333,0.0260,770
2024-07-16 09:47:54,252,100,0,0.331,0.0310,765
2024-07-16 09:47:55,252,100,0,0.333,0.0310,767
2024-07-16 09:47:56,252,100,0,0.334,0.0250,765
2024-07-16 09:47:57,252,100,0,0.334,0.0230,765
2024-07-16 09:47:58,252,100,0,0.331,0.0260,768
2024-07-16 09:47:59,252,100,0,0.334,0.0250,769
2024-07-16 09:48:00,,100,0,0.335,0.0280,770
2024-07-16 09:48:01,252,100,0,0.334,0.0290,770
2024-07-16 09:48:02,252,100,0,0.335,0.0290,771
2024-07-16 09:48:03,252,100,0,0.333,0.0290,773
2024-07-16 09:48:04,252,100,0,0.334,0.0300,780
2024-07-16 09:48:05,252,100,0,0.334,0.0220,778
2024-07-16 09:48:06,,,,,,774
2024-07-16 09:48:07,252,100,0,0.331,0.0220,784
2024-07-16 09:48:08,252,100,0,0.334,0.0320,781
2024-07-16 09:48:09,252,100,0,0.334,0.0310,789
2024-07-16 09:48:10,252,100,0,0.335,0.0290,795
2024-07-16 09:48:11,252,100,0,0.332,0.0300,798
2024-07-16 09:48:12,252,100,0,0.332,0.0300,804
2024-07-16 09:48:13,252,100,0,0.335,0.0320,814
2024-07-16 09:48:14,252,100,0,0.335,0.0320,822
2024-07-16 09:48:15,252,100,0,0.335,0.0280,830
2024-07-16 09:48:16,252,100,0,0.336,0.0310,830
2024-07-16 09:48:17,252,100,0,0.335,0.0300,843
2024-07-16 09:48:18,252,100,0,0.336,0.0290,849
2024-07-16 09:48:19,252,100,0,0.332,0.0200,851
2024-07-16 09:48:20,252,100,0,0.333,0.0240,816
2024-07-16 09:48:21,252,100,0,0.335,0.0300,834
2024-07-16 09:48:22,252,100,0,0.335,0.0220,816
2024-07-16 09:48:23,252,100,0,0.335,0.0210,822
2024-07-16 09:48:24,252,100,0,0.335,0.0260,824
2024-07-16 09:48:25,252,100,0,0.336,0.0210,831
2024-07-16 09:48:26,252,100,0,0.336,0.0260,835
2024-07-16 09:48:27,252,100,0,0.337,0.0200,838
2024-07-16 09:48:28,252,100,0,0.335,0.0250,842
2024-07-16 09:48:29,252,100,0,0.336,0.0260,847
2024-07-16 09:48:30,252,100,0,0.336,0.0280,866
2024-07-16 09:48:31,252,100,0,0.333,0.0280,893
2024-07-16 09:48:32,252,100,0,0.333,0.0210,897
2024-07-16 09:48:33,252,100,0,0.336,0.0200,886
2024-07-16 09:48:34,252,100,0,0.336,0.0220,878
2024-07-16 09:48:35,252,100,0,0.336,0.0210,869
2024-07-16 09:48:36,252,100,0,0.337,0.0240,852
2024-07-16 09:48:37,252,100,0,0.336,0.0190,845
2024-07-16 09:48:38,252,100,0,0.337,0.0180,847
2024-07-16 09:48:39,252,100,0,0.336,0.0100,848
2024-07-16 09:48:40,252,100,0,0.337,0.00900,852
2024-07-16 09:48:41,252,100,0,0.337,0.0270,853
2024-07-16 09:48:42,252,100,0,0.337,0.0250,857
2024-07-16 09:48:43,252,100,0,0.337,0.0290,856
2024-07-16 09:48:44,252,100,0,0.337,0.0270,862
2024-07-16 09:48:45,252,100,0,0.338,0.0240,869
2024-07-16 09:48:46,252,100,0,0.338,0.0280,873
2024-07-16 09:48:47,252,100,0,0.337,0.0200,872
2024-07-16 09:48:48,252,100,0,0.337,0.0200,872
2024-07-16 09:48:49,252,100,0,0.338,0.0190,874
2024-07-16 09:48:50,252,100,0,0.338,0.0220,870
2024-07-16 09:48:51,252,100,0,0.338,0.0240,873
2024-07-16 09:48:52,252,100,0,0.336,0.0180,878
2024-07-16 09:48:53,252,100,0,0.338,0.0260,875
2024-07-16 09:48:54,252,100,0,0.338,0.0250,878
2024-07-16 09:48:55,252,100,0,0.338,0.0230,880
2024-07-16 09:48:56,252,100,0,0.338,0.0240,886
2024-07-16 09:48:57,252,100,0,0.339,0.0270,886
2024-07-16 09:48:58,252,100,0,0.340,0.0280,893
2024-07-16 09:48:59,252,100,0,0.338,0.0130,885
2024-07-16 09:49:00,252,100,0,0.339,0.00700,889
2024-07-16 09:49:01,252,100,0,0.339,0.0240,880
2024-07-16 09:49:02,252,100,0,0.339,0.0210,880
2024-07-16 09:49:03,252,100,0,0.339,0.0190,890
2024-07-16 09:49:04,252,100,0,0.336,0.0180,888
2024-07-16 09:49:05,252,100,0,0.339,0.0160,890
2024-07-16 09:49:06,252,100,0,0.339,0.0180,894
2024-07-16 09:49:07,252,100,0,0.339,0.0210,886
2024-07-16 09:49:08,252,100,0,0.339,0.0250,889
2024-07-16 09:49:09,252,100,0,0.340,0.0240,881
2024-07-16 09:49:10,252,100,0,0.339,0.0280,873
2024-07-16 09:49:11,252,100,0,0.339,0.0290,876
2024-07-16 09:49:12,252,100,0,0.340,0.0200,872
2024-07-16 09:49:13,252,100,0,0.339,0.0260,874
2024-07-16 09:49:14,252,100,0,0.340,0.0300,877
2024-07-16 09:49:15,252,100,0,0.341,0.0220,873
2024-07-16 09:49:16,252,100,0,0.338,0.0210,876
2024-07-16 09:49:17,252,100,0,0.341,0.0270,873
2024-07-16 09:49:18,252,100,0,0.341,0.0240,873
2024-07-16 09:49:19,252,100,0,0.341,0.0250,873
2024-07-16 09:49:20,252,100,0,0.340,0.0270,870
2024-07-16 09:49:21,252,100,0,0.341,0.0240,871
2024-07-16 09:49:22,252,100,0,0.340,0.0230,864
2024-07-16 09:49:23,252,100,0,0.341,0.0240,866
2024-07-16 09:49:24,252,100,0,0.340,0.0170,863
2024-07-16 09:49:25,252,100,0,0.341,0.0260,868
2024-07-16 09:49:26,252,100,0,0.341,0.0290,865
2024-07-16 09:49:27,252,100,0,0.341,0.0300,866
2024-07-16 09:49:28,252,100,0,0.340,0.0290,857
2024-07-16 09:49:29,252,100,0,0.340,0.0250,860
2024-07-16 09:49:30,252,100,0,0.341,0.0250,858
2024-07-16 09:49:31,252,100,0,0.341,0.0300,861
2024-07-16 09:49:32,252,100,0,0.341,0.0310,860
2024-07-16 09:49:33,252,100,0,0.339,0.0270,860
2024-07-16 09:49:34,252,100,0,0.342,0.0320,859
2024-07-16 09:49:35,252,100,0,0.342,0.0340,853
2024-07-16 09:49:36,252,100,0,0.341,0.0310,856
2024-07-16 09:49:37,252,100,0,0.341,0.0260,847
2024-07-16 09:49:38,252,100,0,0.341,0.0270,851
2024-07-16 09:49:39,252,100,0,0.343,0.0270,853
2024-07-16 09:49:40,252,100,0,0.342,0.0280,848
2024-07-16 09:49:41,252,100,0,0.343,0.0260,842
2024-07-16 09:49:42,252,100,0,0.343,0.0280,846
2024-07-16 09:49:43,252,100,0,0.343,0.0250,844
2024-07-16 09:49:44,252,100,0,0.343,0.0240,853
2024-07-16 09:49:45,252,100,0,0.341,0.0200,847
2024-07-16 09:49:46,252,100,0,0.343,0.0210,847
2024-07-16 09:49:47,252,100,0,0.343,0.0250,849
2024-07-16 09:49:48,252,100,0,0.344,0.0260,849
2024-07-16 09:49:49,252,100,0,0.344,0.0300,849
2024-07-16 09:49:50,252,100,0,0.342,0.0260,849
2024-07-16 09:49:51,252,100,0,0.344,0.0290,856
2024-07-16 09:49:52,252,100,0,0.343,0.0270,852
2024-07-16 09:49:53,252,100,0,0.343,0.0290,860
2024-07-16 09:49:54,252,100,0,0.343,0.0330,859
2024-07-16 09:49:55,252,100,0,0.343,0.0350,857
2024-07-16 09:49:56,252,100,0,0.343,0.0300,863
2024-07-16 09:49:57,252,100,0,0.344,0.0210,864
2024-07-16 09:49:58,252,100,0,0.343,0.0200,863
2024-07-16 09:49:59,252,100,0,0.345,0.0300,866
2024-07-16 09:50:00,252,100,0,0.344,0.0310,865
2024-07-16 09:50:01,252,100,0,0.344,0.0340,874
2024-07-16 09:50:02,252,100,0,0.342,0.0340,881
2024-07-16 09:50:03,252,100,0,0.343,0.0310,889
2024-07-16 09:50:04,252,100,0,0.344,0.0290,892
2024-07-16 09:50:05,252,100,0,0.343,0.0340,904
2024-07-16 09:50:06,252,100,0,0.344,0.0280,927
2024-07-16 09:50:07,252,100,0,0.345,0.0370,953
2024-07-16 09:50:08,252,100,0,0.344,0.0310,963
2024-07-16 09:50:09,252,100,0,0.345,0.0310,970
2024-07-16 09:50:10,252,100,0,0.344,0.0200,968
2024-07-16 09:50:11,252,100,0,0.345,0.0310,969
2024-07-16 09:50:12,252,100,0,0.345,0.0320,960
2024-07-16 09:50:13,252,100,0,0.345,0.0300,954
2024-07-16 09:50:14,252,100,0,0.343,0.0280,964
2024-07-16 09:50:15,252,100,0,0.343,0.0310,960
2024-07-16 09:50:16,252,100,0,0.346,0.0290,944
2024-07-16 09:50:17,252,100,0,0.345,0.0280,950
2024-07-16 09:50:18,252,100,0,0.345,0.0320,965
2024-07-16 09:50:19,252,100,0,0.345,0.0260,974
2024-07-16 09:50:20,252,100,0,0.345,0.0260,975
2024-07-16 09:50:21,252,100,0,0.347,0.0260,975
2024-07-16 09:50:22,252,100,0,0.343,0.0270,967
2024-07-16 09:50:23,252,100,0,0.346,0.0260,970
2024-07-16 09:50:24,252,100,0,0.346,0.0290,952
2024-07-16 09:50:25,252,100,0,0.346,0.0280,942
2024-07-16 09:50:26,252,100,0,0.347,0.0260,944
2024-07-16 09:50:27,252,100,0,0.346,0.0270,961
2024-07-16 09:50:28,252,100,0,0.346,0.0220,971
2024-07-16 09:50:29,252,100,0,0.346,0.0240,983
2024-07-16 09:50:30,252,100,0,0.346,0.0140,980
2024-07-16 09:50:31,252,100,0,0.346,0.0230,967
2024-07-16 09:50:32,252,100,0,0.347,0.0210,951
2024-07-16 09:50:33,252,100,0,0.348,0.0220,951
2024-07-16 09:50:34,252,100,0,0.347,0.0240,951
2024-07-16 09:50:35,252,100,0,0.347,0.0260,951
2024-07-16 09:50:36,252,100,0,0.347,0.0240,951
2024-07-16 09:50:37,252,100,0,0.348,0.0260,945
2024-07-16 09:50:38,252,100,0,0.347,0.0300,940
2024-07-16 09:50:39,252,100,0,0.347,0.0280,928
2024-07-16 09:50:40,252,100,0,0.348,0.0240,923
2024-07-16 09:50:41,252,100,0,0.348,0.0280,892
2024-07-16 09:50:42,252,100,0,0.344,0.0240,922
2024-07-16 09:50:43,252,100,0,0.347,0.0310,938
2024-07-16 09:50:44,252,100,0,0.348,0.0330,954
2024-07-16 09:50:45,252,100,0,0.349,0.0270,955
2024-07-16 09:50:46,252,100,0,0.348,0.0270,954
2024-07-16 09:50:47,252,100,0,0.346,0.0310,949
2024-07-16 09:50:48,252,100,0,0.348,0.0300,942
2024-07-16 09:50:49,252,100,0,0.348,0.0250,944
2024-07-16 09:50:50,252,100,0,0.350,0.0260,945
2024-07-16 09:50:51,252,100,0,0.349,0.0310,943
2024-07-16 09:50:52,252,100,0,0.349,0.0300,942
2024-07-16 09:50:53,252,100,0,0.349,0.0270,916
2024-07-16 09:50:54,252,100,0,0.348,0.0130,899
2024-07-16 09:50:55,252,100,0,0.348,0.0140,896
2024-07-16 09:50:56,252,100,0,0.349,0.0300,889
2024-07-16 09:50:57,252,100,0,0.349,0.0280,882
2024-07-16 09:50:58,252,100,0,0.349,0.0290,875
2024-07-16 09:50:59,252,100,0,0.349,0.0330,875
2024-07-16 09:51:00,252,100,0,0.350,0.0290,869
2024-07-16 09:51:01,252,100,0,0.349,0.0350,856
2024-07-16 09:51:02,252,100,0,0.349,0.0330,811
2024-07-16 09:51:03,252,100,0,0.347,0.0320,804
2024-07-16 09:51:04,252,100,0,0.348,0.0300,790
2024-07-16 09:51:05,252,100,0,0.349,0.0310,784
2024-07-16 09:51:06,252,100,0,0.350,0.0320,783
2024-07-16 09:51:07,252,100,0,0.350,0.0320,790
2024-07-16 09:51:08,252,100,0,0.349,0.0270,791
2024-07-16 09:51:09,252,100,0,0.350,0.0260,782
2024-07-16 09:51:10,252,100,0,0.350,0.0280,769
2024-07-16 09:51:11,252,100,0,0.348,0.0260,761
2024-07-16 09:51:12,252,100,0,0.351,0.0250,757
2024-07-16 09:51:13,252,100,0,0.351,0.0220,754
2024-07-16 09:51:14,252,100,0,0.350,0.0320,752
2024-07-16 09:51:15,252,100,0,0.351,0.0310,749
2024-07-16 09:51:16,252,100,0,0.350,0.0280,743
2024-07-16 09:51:17,252,100,0,0.351,0.0330,749
2024-07-16 09:51:18,252,100,0,0.351,0.0340,748
2024-07-16 09:51:19,252,100,0,0.351,0.0300,743
2024-07-16 09:51:20,252,100,0,0.348,0.0230,741
2024-07-16 09:51:21,252,100,0,0.352,0.0250,736
2024-07-16 09:51:22,252,100,0,0.352,0.0240,736
2024-07-16 09:51:23,252,100,0,0.352,0.0230,740
2024-07-16 09:51:24,252,100,0,0.352,0.0230,741
2024-07-16 09:51:25,252,100,0,0.351,0.0240,737
2024-07-16 09:51:26,252,100,0,0.351,0.0260,739
2024-07-16 09:51:27,252,100,0,0.352,0.0260,738
2024-07-16 09:51:28,252,100,0,0.351,0.0230,743
2024-07-16 09:51:29,252,100,0,0.351,0.0270,734
2024-07-16 09:51:30,252,100,0,0.352,0.0260,745
2024-07-16 09:51:31,252,100,0,0.353,0.0260,741
2024-07-16 09:51:32,252,100,0,0.352,0.0310,751
2024-07-16 09:51:33,252,100,0,0.352,0.0290,749
2024-07-16 09:51:34,252,100,0,0.352,0.0320,742
2024-07-16 09:51:35,252,100,0,0.352,0.0340,750
2024-07-16 09:51:36,252,100,0,0.353,0.0100,751
2024-07-16 09:51:37,252,100,0,0.353,0.0250,755
2024-07-16 09:51:38,252,100,0,0.353,0.0250,760
2024-07-16 09:51:39,252,100,0,0.352,0.0260,763
2024-07-16 09:51:40,252,100,0,0.350,0.0230,775
2024-07-16 09:51:41,252,100,0,0.353,0.0290,773
2024-07-16 09:51:42,252,100,0,0.353,0.0270,778
2024-07-16 09:51:43,252,100,0,0.352,0.0230,785
2024-07-16 09:51:44,252,100,0,0.353,0.0280,790
2024-07-16 09:51:45,252,100,0,0.353,0.0230,804
2024-07-16 09:51:46,252,100,0,0.353,0.0260,840
2024-07-16 09:51:47,252,100,0,0.353,0.0260,849
2024-07-16 09:51:48,252,100,0,0.352,0.0250,805
2024-07-16 09:51:49,252,100,0,0.353,0.0230,813
2024-07-16 09:51:50,252,100,0,0.354,0.0260,818
2024-07-16 09:51:51,252,100,0,0.354,0.0220,818
2024-07-16 09:51:52,252,100,0,0.352,0.0200,812
2024-07-16 09:51:53,252,100,0,0.353,0.0220,820
2024-07-16 09:51:54,252,100,0,0.354,0.0230,824
2024-07-16 09:51:55,252,100,0,0.354,0.0240,839
2024-07-16 09:51:56,254,100,0,0.353,0.0120,850
2024-07-16 09:51:57,254,100,0,0.354,0.0240,865
2024-07-16 09:51:58,254,100,0,0.353,0.0250,876
2024-07-16 09:51:59,254,100,0,0.354,0.0220,865
2024-07-16 09:52:00,254,100,0,0.353,0.0270,875
2024-07-16 09:52:01,255,100,0,0.354,0.0210,887
2024-07-16 09:52:02,255,100,0,0.354,0.0240,920
2024-07-16 09:52:03,255,100,0,0.355,0.0280,935
2024-07-16 09:52:04,255,100,0,0.355,0.0250,940
2024-07-16 09:52:05,255,100,0,0.351,0.0240,945
2024-07-16 09:52:06,256,100,0,0.353,0.0240,948
2024-07-16 09:52:07,256,100,0,0.355,0.0300,953
2024-07-16 09:52:08,256,100,0,0.355,0.0280,961
2024-07-16 09:52:09,256,100,0,0.355,0.0300,961
2024-07-16 09:52:10,256,100,0,0.355,0.0240,968
2024-07-16 09:52:11,258,100,0,0.355,0.0290,971
2024-07-16 09:52:12,258,100,0,0.351,0.0300,971
2024-07-16 09:52:13,258,100,0,0.351,0.0290,971
2024-07-16 09:52:14,258,100,0,0.355,0.0290,989
2024-07-16 09:52:15,258,100,0,0.354,0.0240,982
2024-07-16 09:52:16,259,100,0,0.355,0.0250,987
2024-07-16 09:52:17,259,100,0,0.354,0.0250,992
2024-07-16 09:52:18,259,100,0,0.354,0.0290,995
2024-07-16 09:52:19,259,100,0,0.354,0.0230,1000
2024-07-16 09:52:20,259,100,0,0.355,0.0230,997
2024-07-16 09:52:21,259,100,0,0.355,0.0290,999
2024-07-16 09:52:22,259,100,0,0.355,0.0290,998
2024-07-16 09:52:23,259,100,0,0.356,0.0270,999
2024-07-16 09:52:24,259,100,0,0.356,0.0250,997
2024-07-16 09:52:25,259,100,0,0.353,0.0200,1007
2024-07-16 09:52:26,259,100,0,0.357,0.0220,999
2024-07-16 09:52:27,259,100,0,0.356,0.0260,993
2024-07-16 09:52:28,259,100,0,0.357,0.0220,965
2024-07-16 09:52:29,259,100,0,0.354,0.0250,974
2024-07-16 09:52:30,259,100,0,0.358,0.0240,981
2024-07-16 09:52:31,259,100,0,0.357,0.0260,981
2024-07-16 09:52:32,259,100,0,0.356,0.0260,985
2024-07-16 09:52:33,259,100,0,0.356,0.0300,998
2024-07-16 09:52:34,259,100,0,0.357,0.0290,1002
2024-07-16 09:52:35,259,100,0,0.357,0.0330,1002
2024-07-16 09:52:36,259,100,0,0.357,0.0260,1002
2024-07-16 09:52:37,259,100,0,0.354,0.0250,1005
2024-07-16 09:52:38,259,100,0,0.358,0.0230,1005
2024-07-16 09:52:39,259,100,0,0.357,0.0270,1004
2024-07-16 09:52:40,259,100,56.6,34.7,5.89,999
2024-07-16 09:52:41,493,100,51.0,34.8,5.30,1001
2024-07-16 09:52:42,493,100,46.8,34.9,4.87,1000
2024-07-16 09:52:43,493,100,46.5,35.0,4.83,999
2024-07-16 09:52:44,493,100,46.5,35.0,4.83,996
2024-07-16 09:52:45,493,100,45.9,35.2,4.78,994
2024-07-16 09:52:46,478,100,45.7,35.2,4.75,991
2024-07-16 09:52:47,478,100,45.3,35.4,4.71,987
2024-07-16 09:52:48,478,100,45.0,35.4,4.68,984
2024-07-16 09:52:49,478,100,44.6,35.6,4.64,982
2024-07-16 09:52:50,478,100,44.3,35.6,4.60,954
2024-07-16 09:52:51,473,100,43.7,35.7,4.55,976
2024-07-16 09:52:52,473,100,43.3,35.9,4.46,978
2024-07-16 09:52:53,473,100,42.6,35.9,4.43,973
2024-07-16 09:52:54,473,100,42.0,36.1,4.37,966
2024-07-16 09:52:55,473,100,41.7,36.1,4.34,967
2024-07-16 09:52:56,464,100,41.0,36.3,4.26,967
2024-07-16 09:52:57,464,100,40.7,36.3,4.24,966
2024-07-16 09:52:58,464,100,40.5,36.5,4.21,966
2024-07-16 09:52:59,464,100,40.2,36.5,4.18,958
2024-07-16 09:53:00,464,100,40.0,36.6,4.16,959
2024-07-16 09:53:01,460,100,39.9,36.7,4.15,952
2024-07-16 09:53:02,460,100,40.0,36.8,4.16,954
2024-07-16 09:53:03,460,100,40.0,37.0,4.17,947
2024-07-16 09:53:04,460,100,40.4,37.0,4.20,944
2024-07-16 09:53:05,460,100,41.0,37.2,4.27,946
2024-07-16 09:53:06,467,100,41.4,37.2,4.30,940
2024-07-16 09:53:07,467,100,42.2,37.3,4.39,927
2024-07-16 09:53:08,467,100,42.5,37.4,4.42,925
2024-07-16 09:53:09,467,100,44.1,37.6,4.59,933
2024-07-16 09:53:10,467,100,44.5,37.6,4.62,920
2024-07-16 09:53:11,488,100,46.4,37.8,4.83,918
2024-07-16 09:53:12,488,100,46.9,37.9,4.87,913
2024-07-16 09:53:13,488,100,48.8,37.9,5.08,912
2024-07-16 09:53:14,488,100,49.5,38.1,5.29,687
2024-07-16 09:53:15,488,100,52.2,38.1,5.43,895
2024-07-16 09:53:16,524,100,54.2,38.2,5.64,885
2024-07-16 09:53:17,524,100,55.4,38.3,5.76,884
2024-07-16 09:53:18,524,100,58.0,38.4,6.03,884
2024-07-16 09:53:19,524,100,58.9,38.5,6.13,877
2024-07-16 09:53:20,524,100,62.0,38.6,6.45,868
2024-07-16 09:53:21,573,100,63.2,38.7,6.57,858
2024-07-16 09:53:22,573,100,66.6,38.8,6.92,855
2024-07-16 09:53:23,573,100,68.0,39.0,7.07,842
2024-07-16 09:53:24,573,100,71.7,39.0,7.46,821
2024-07-16 09:53:25,573,100,74.9,39.2,7.79,817
2024-07-16 09:53:26,630,100,76.8,39.2,7.99,815
2024-07-16 09:53:27,630,100,80.7,39.3,8.39,810
2024-07-16 09:53:28,630,100,82.3,39.4,8.56,806
2024-07-16 09:53:29,630,100,86.4,39.5,8.98,818
2024-07-16 09:53:30,630,100,88.1,39.6,9.16,841
2024-07-16 09:53:31,696,100,92.4,39.7,9.60,843
2024-07-16 09:53:32,696,100,94.5,39.8,9.82,824
2024-07-16 09:53:33,696,100,96.6,39.8,10.0,809
2024-07-16 09:53:34,696,100,97.8,39.8,10.3,797
2024-07-16 09:53:35,696,100,99.9,39.8,10.4,794
2024-07-16 09:53:36,728,100,102,39.9,10.6,788
2024-07-16 09:53:37,728,100,103,39.9,10.7,796
2024-07-16 09:53:38,728,100,106,39.9,11.0,807
2024-07-16 09:53:39,728,100,107,39.9,11.1,815
2024-07-16 09:53:40,728,100,109,39.9,11.4,822
2024-07-16 09:53:41,768,100,111,39.9,11.5,824
2024-07-16 09:53:42,768,100,113,39.9,11.7,838
2024-07-16 09:53:43,768,100,114,39.9,11.8,835
2024-07-16 09:53:44,768,100,116,39.9,12.1,811
2024-07-16 09:53:45,768,100,118,40.0,12.3,788
2024-07-16 09:53:46,808,100,120,40.0,12.5,793
2024-07-16 09:53:47,808,100,122,40.0,12.7,801
2024-07-16 09:53:48,808,100,123,40.0,12.8,801
2024-07-16 09:53:49,808,100,126,40.0,13.1,801
2024-07-16 09:53:50,808,100,127,40.0,13.2,804
2024-07-16 09:53:51,847,100,129,40.0,13.4,797
2024-07-16 09:53:52,847,100,130,40.0,13.6,778
2024-07-16 09:53:53,847,100,132,40.0,13.7,762
2024-07-16 09:53:54,847,100,134,40.1,13.9,763
2024-07-16 09:53:55,847,100,136,40.1,14.1,771
2024-07-16 09:53:56,887,100,137,40.1,14.4,771
2024-07-16 09:53:57,887,100,139,40.1,14.5,780
2024-07-16 09:53:58,887,100,141,40.1,14.7,793
2024-07-16 09:53:59,887,100,143,40.1,14.8,794
2024-07-16 09:54:00,887,100,145,40.1,15.1,797
2024-07-16 09:54:01,926,100,146,40.1,15.2,801
2024-07-16 09:54:02,926,100,148,40.1,15.4,815
2024-07-16 09:54:03,926,100,150,40.1,15.6,846
2024-07-16 09:54:04,926,100,153,40.1,15.9,859
2024-07-16 09:54:05,926,100,154,40.1,16.0,858
2024-07-16 09:54:06,956,100,156,40.1,16.2,863
2024-07-16 09:54:07,956,100,158,40.2,16.5,860
2024-07-16 09:54:08,956,100,160,40.2,16.6,865
2024-07-16 09:54:09,956,100,162,40.2,16.9,862
2024-07-16 09:54:10,956,100,164,40.2,17.0,875
2024-07-16 09:54:11,1014,100,166,40.2,17.2,868
2024-07-16 09:54:12,1014,100,167,40.2,17.4,872
2024-07-16 09:54:13,1014,100,169,40.2,17.5,875
2024-07-16 09:54:14,1014,100,170,40.2,17.7,880
2024-07-16 09:54:15,1014,100,173,40.3,17.9,882
2024-07-16 09:54:16,1052,100,173,40.3,18.0,886
2024-07-16 09:54:17,1052,100,176,40.3,18.3,884
2024-07-16 09:54:18,1052,100,178,40.3,18.5,892
2024-07-16 09:54:19,1052,100,179,40.3,18.6,889
2024-07-16 09:54:20,1052,100,181,40.3,18.8,893
2024-07-16 09:54:21,1090,100,182,40.3,18.9,896
2024-07-16 09:54:22,1090,100,184,40.3,19.2,901
2024-07-16 09:54:23,1090,100,185,40.3,19.3,906
2024-07-16 09:54:24,1090,100,187,40.3,19.5,908
2024-07-16 09:54:25,1090,100,189,40.4,19.6,913
2024-07-16 09:54:26,1127,100,190,40.4,19.8,919
2024-07-16 09:54:27,1127,100,191,40.4,20.0,924
2024-07-16 09:54:28,1127,100,194,40.4,20.2,924
2024-07-16 09:54:29,1127,100,196,40.4,20.4,927
2024-07-16 09:54:30,1127,100,197,40.4,20.5,923
2024-07-16 09:54:31,1157,100,199,40.4,20.7,926
2024-07-16 09:54:32,1157,100,200,40.4,20.8,930
2024-07-16 09:54:33,1157,100,203,40.5,21.1,934
2024-07-16 09:54:34,1157,100,203,40.5,21.1,942
2024-07-16 09:54:35,1157,100,206,40.5,21.4,942
2024-07-16 09:54:36,1187,100,207,40.5,21.5,935
2024-07-16 09:54:37,1187,100,210,40.5,21.8,938
2024-07-16 09:54:38,1187,100,211,40.5,22.0,942
2024-07-16 09:54:39,1187,100,213,40.5,22.1,943
2024-07-16 09:54:40,1187,100,215,40.5,22.4,946
2024-07-16 09:54:41,1228,100,217,40.5,22.5,948
2024-07-16 09:54:42,1228,100,219,40.5,22.8,954
2024-07-16 09:54:43,1228,100,221,40.6,22.9,949
2024-07-16 09:54:44,1228,100,222,40.6,23.1,951
2024-07-16 09:54:45,1228,100,223,40.6,23.2,949
2024-07-16 09:54:46,1273,100,225,40.6,23.4,950
2024-07-16 09:54:47,1273,100,226,40.6,23.5,953
2024-07-16 09:54:48,1273,100,229,40.6,23.8,962
2024-07-16 09:54:49,1273,100,230,40.6,23.9,961
2024-07-16 09:54:50,1273,100,231,40.6,24.0,963
2024-07-16 09:54:51,1312,100,233,40.6,24.2,965
2024-07-16 09:54:52,1312,100,234,40.6,24.3,966
2024-07-16 09:54:53,1312,100,237,40.7,24.6,968
2024-07-16 09:54:54,1312,100,237,40.7,24.7,960
2024-07-16 09:54:55,1312,100,239,40.7,24.9,960
2024-07-16 09:54:56,1348,100,240,40.7,25.0,958
2024-07-16 09:54:57,1348,100,242,40.7,25.2,961
2024-07-16 09:54:58,1348,100,244,40.7,25.4,960
2024-07-16 09:54:59,1348,100,245,40.7,25.5,943
2024-07-16 09:55:00,1348,100,247,40.7,25.7,924
2024-07-16 09:55:01,1384,100,249,40.7,25.8,906
2024-07-16 09:55:02,1384,100,250,40.8,26.0,902
2024-07-16 09:55:03,1384,100,251,40.8,26.1,899
2024-07-16 09:55:04,1384,100,253,40.8,26.3,899
2024-07-16 09:55:05,1384,100,254,40.8,26.4,897
2024-07-16 09:55:06,1418,100,256,40.8,26.6,897
2024-07-16 09:55:07,1418,100,257,40.8,26.7,899
2024-07-16 09:55:08,1418,100,259,40.8,26.9,899
2024-07-16 09:55:09,1418,100,260,40.8,27.1,898
2024-07-16 09:55:10,1418,100,261,40.8,27.2,905
2024-07-16 09:55:11,1452,100,263,40.9,27.4,905
2024-07-16 09:55:12,1452,100,264,40.9,27.5,903
2024-07-16 09:55:13,1452,100,267,40.9,27.7,907
2024-07-16 09:55:14,1452,100,267,40.9,27.8,907
2024-07-16 09:55:15,1452,100,269,40.9,28.0,912
2024-07-16 09:55:16,1488,100,270,40.9,28.1,915
2024-07-16 09:55:17,1488,100,272,40.9,28.3,920
2024-07-16 09:55:18,1488,100,273,40.9,28.4,919
2024-07-16 09:55:19,1488,100,274,40.9,28.5,926
2024-07-16 09:55:20,1488,100,276,40.9,28.7,926
2024-07-16 09:55:21,1513,100,277,41.0,28.8,930
2024-07-16 09:55:22,1513,100,279,41.0,29.0,930
2024-07-16 09:55:23,1513,100,280,41.0,29.1,933
2024-07-16 09:55:24,1513,100,282,41.0,29.4,935
2024-07-16 09:55:25,1513,100,283,41.0,29.4,937
2024-07-16 09:55:26,1546,100,285,41.0,29.6,940
2024-07-16 09:55:27,1546,100,285,41.0,29.7,947
2024-07-16 09:55:28,1546,100,287,41.0,29.9,953
2024-07-16 09:55:29,1546,100,289,41.0,30.1,966
2024-07-16 09:55:30,1546,100,290,41.0,30.2,956
2024-07-16 09:55:31,1581,100,292,41.1,30.5,955
2024-07-16 09:55:32,1581,100,294,41.1,30.5,955
2024-07-16 09:55:33,1581,100,295,41.1,30.7,968
2024-07-16 09:55:34,1581,100,297,41.1,30.8,985
2024-07-16 09:55:35,1581,100,298,41.1,31.0,990
2024-07-16 09:55:36,1615,100,299,41.1,31.1,986
2024-07-16 09:55:37,1615,100,300,41.1,31.2,988
2024-07-16 09:55:38,1615,100,301,41.1,31.3,990
2024-07-16 09:55:39,1615,100,303,41.2,31.5,987
2024-07-16 09:55:40,1615,100,304,41.1,31.6,989
2024-07-16 09:55:41,1646,100,305,41.2,31.7,986
2024-07-16 09:55:42,1646,100,307,41.2,32.0,986
2024-07-16 09:55:43,1646,100,308,41.2,32.1,981
2024-07-16 09:55:44,1646,100,310,41.2,32.3,981
2024-07-16 09:55:45,1646,100,312,41.2,32.4,980
2024-07-16 09:55:46,1681,100,313,41.2,32.5,976
2024-07-16 09:55:47,1681,100,314,41.2,32.6,974
2024-07-16 09:55:48,1681,100,315,41.2,32.8,971
2024-07-16 09:55:49,1681,100,316,41.2,32.8,970
2024-07-16 09:55:50,1681,100,318,41.3,33.1,967
2024-07-16 09:55:51,1713,100,319,41.3,33.2,960
2024-07-16 09:55:52,1713,100,321,41.3,33.4,960
2024-07-16 09:55:53,1713,100,322,41.3,33.5,957
2024-07-16 09:55:54,1713,100,323,41.3,33.6,958
2024-07-16 09:55:55,1713,100,324,41.3,33.7,935
2024-07-16 09:55:56,1743,100,325,41.3,33.8,932
2024-07-16 09:55:57,1743,100,328,41.3,34.1,933
2024-07-16 09:55:58,1743,100,328,41.3,34.1,935
2024-07-16 09:55:59,1743,100,330,41.4,34.3,934
2024-07-16 09:56:00,1743,100,331,41.4,34.4,935
2024-07-16 09:56:01,1777,100,332,41.4,34.6,932
2024-07-16 09:56:02,1777,100,333,41.4,34.8,931
2024-07-16 09:56:03,1777,100,335,41.4,34.8,938
2024-07-16 09:56:04,1777,100,337,41.4,35.0,933
2024-07-16 09:56:05,1777,100,337,41.4,35.1,927
2024-07-16 09:56:06,1809,100,339,41.4,35.3,931
2024-07-16 09:56:07,1809,100,340,41.4,35.3,928
2024-07-16 09:56:08,1809,100,342,41.4,35.5,928
2024-07-16 09:56:09,1809,100,342,41.5,35.6,922
2024-07-16 09:56:10,1809,100,344,41.5,35.7,925
2024-07-16 09:56:11,1843,100,345,41.5,35.8,912
2024-07-16 09:56:12,1843,100,347,41.5,36.1,906
2024-07-16 09:56:13,1843,100,348,41.5,36.2,898
2024-07-16 09:56:14,1843,100,349,41.5,36.2,889
2024-07-16 09:56:15,1843,100,350,41.5,36.4,894
2024-07-16 09:56:16,1861,100,351,41.5,36.5,889
2024-07-16 09:56:17,1861,100,353,41.5,36.7,877
2024-07-16 09:56:18,1861,100,353,41.5,36.7,863
2024-07-16 09:56:19,1861,100,355,41.6,37.0,853
2024-07-16 09:56:20,1861,100,356,41.6,37.1,845
2024-07-16 09:56:21,1898,100,358,41.6,37.2,837
2024-07-16 09:56:22,1898,100,359,41.6,37.3,834
2024-07-16 09:56:23,1898,100,360,41.6,37.5,838
2024-07-16 09:56:24,1898,100,362,41.6,37.6,845
2024-07-16 09:56:25,1898,100,363,41.6,37.7,836
2024-07-16 09:56:26,1930,100,364,41.6,37.9,840
2024-07-16 09:56:27,1930,100,365,41.6,37.9,841
2024-07-16 09:56:28,1930,100,366,41.7,38.1,847
2024-07-16 09:56:29,1930,100,367,41.7,38.1,851
2024-07-16 09:56:30,1930,100,370,41.7,38.4,852
2024-07-16 09:56:31,1959,100,370,41.7,38.5,856
2024-07-16 09:56:32,1959,100,372,41.7,38.7,865
2024-07-16 09:56:33,1959,100,372,41.7,38.9,859
2024-07-16 09:56:34,1959,100,375,41.7,39.0,869
2024-07-16 09:56:35,1959,100,377,41.7,39.2,877
2024-07-16 09:56:36,1993,100,377,41.7,39.2,881
2024-07-16 09:56:37,1993,100,379,41.8,39.4,878
2024-07-16 09:56:38,1993,100,380,41.8,39.5,882
2024-07-16 09:56:39,1993,100,381,41.8,39.6,886
2024-07-16 09:56:40,1993,100,382,41.8,39.8,889
2024-07-16 09:56:41,2028,100,384,41.8,39.9,893
2024-07-16 09:56:42,2028,100,385,41.8,40.0,898
2024-07-16 09:56:43,2028,100,386,41.8,40.1,902
2024-07-16 09:56:44,2028,100,387,41.8,40.3,909
2024-07-16 09:56:45,2028,100,389,41.8,40.4,912
2024-07-16 09:56:46,2059,100,391,41.8,40.6,919
2024-07-16 09:56:47,2059,100,391,41.9,40.7,922
2024-07-16 09:56:48,2059,100,394,41.9,41.0,914
2024-07-16 09:56:49,2059,100,394,41.9,41.0,930
2024-07-16 09:56:50,2059,100,396,41.9,41.2,933
2024-07-16 09:56:51,2090,100,396,41.9,41.2,938
2024-07-16 09:56:52,2090,100,398,41.9,41.4,938
2024-07-16 09:56:53,2090,100,400,41.9,41.6,943
2024-07-16 09:56:54,2090,100,401,41.9,41.7,942
2024-07-16 09:56:55,2090,100,402,41.9,41.9,948
2024-07-16 09:56:56,2126,100,404,41.9,42.0,953
2024-07-16 09:56:57,2126,100,405,42.0,42.1,954
2024-07-16 09:56:58,2126,100,406,42.0,42.2,943
2024-07-16 09:56:59,2126,100,408,42.0,42.4,956
2024-07-16 09:57:00,2126,100,409,42.0,42.5,953
2024-07-16 09:57:01,2157,100,410,42.0,42.6,960
2024-07-16 09:57:02,2157,100,411,42.0,42.7,966
2024-07-16 09:57:03,2157,100,413,42.0,42.9,969
2024-07-16 09:57:04,2157,100,414,42.0,43,977
2024-07-16 09:57:05,2157,100,415,42.0,43.2,976
2024-07-16 09:57:06,2190,100,416,42.0,43.3,981
2024-07-16 09:57:07,2190,100,417,42.1,43.4,981
2024-07-16 09:57:08,2190,100,420,42.1,43.6,984
2024-07-16 09:57:09,2190,100,420,42.1,43.7,988
2024-07-16 09:57:10,2190,100,422,42.1,43.9,993
2024-07-16 09:57:11,2218,100,423,42.1,43.9,993
2024-07-16 09:57:12,2218,100,424,42.1,44.1,988
2024-07-16 09:57:13,2218,100,425,42.1,44.2,997
2024-07-16 09:57:14,2218,100,427,42.1,44.4,997
2024-07-16 09:57:15,2218,100,428,42.2,44.5,1002
2024-07-16 09:57:16,2254,100,430,42.2,44.7,999
2024-07-16 09:57:17,2254,100,431,42.2,44.8,994
2024-07-16 09:57:18,2254,100,433,42.2,45.0,999
2024-07-16 09:57:19,2254,100,433,42.2,45.1,998
2024-07-16 09:57:20,2254,100,434,42.2,45.2,1000
2024-07-16 09:57:21,2288,100,437,42.2,45.5,1001
2024-07-16 09:57:22,2288,100,438,42.2,45.5,1009
2024-07-16 09:57:23,2288,100,439,42.2,45.6,1006
2024-07-16 09:57:24,2288,100,440,42.3,45.8,1004
2024-07-16 09:57:25,2288,100,442,42.3,46.0,1007
2024-07-16 09:57:26,2324,100,444,42.3,46.2,1001
2024-07-16 09:57:27,2324,100,445,42.3,46.2,1007
2024-07-16 09:57:28,2324,100,446,42.3,46.4,1007
2024-07-16 09:57:29,2324,100,446,42.3,46.4,1009
2024-07-16 09:57:30,2324,100,449,42.3,46.6,1007
2024-07-16 09:57:31,2358,100,450,42.3,46.8,1013
2024-07-16 09:57:32,2358,100,452,42.3,47.0,1006
2024-07-16 09:57:33,2358,100,453,42.3,47.1,1010
2024-07-16 09:57:34,2358,100,454,42.4,47.2,1014
2024-07-16 09:57:35,2358,100,455,42.4,47.3,1017
2024-07-16 09:57:36,2394,100,457,42.4,47.5,1015
2024-07-16 09:57:37,2394,100,458,42.4,47.7,1017
2024-07-16 09:57:38,2394,100,459,42.4,47.8,1020
2024-07-16 09:57:39,2394,100,461,42.4,48.0,1020
2024-07-16 09:57:40,2394,100,462,42.4,48.1,1020
2024-07-16 09:57:41,2431,100,464,42.4,48.3,1022
2024-07-16 09:57:42,2431,100,465,42.4,48.4,1022
2024-07-16 09:57:43,2431,100,466,42.4,48.5,1017
2024-07-16 09:57:44,2431,100,468,42.5,48.7,1035
2024-07-16 09:57:45,2431,100,470,42.5,48.8,1027
2024-07-16 09:57:46,2465,100,470,42.5,48.9,1031
2024-07-16 09:57:47,2465,100,472,42.5,49.1,1031
2024-07-16 09:57:48,2465,100,474,42.5,49.3,1033
2024-07-16 09:57:49,2465,100,475,42.5,49.4,926
2024-07-16 09:57:50,2465,100,477,42.5,49.6,1035
2024-07-16 09:57:51,2506,100,478,42.5,49.7,1038
2024-07-16 09:57:52,2506,100,479,42.5,49.8,1043
2024-07-16 09:57:53,2506,100,480,42.5,49.9,1044
2024-07-16 09:57:54,2506,100,483,42.6,50.3,1047
2024-07-16 09:57:55,2506,100,484,42.6,50.4,1052
2024-07-16 09:57:56,2541,100,485,42.6,50.4,1059
2024-07-16 09:57:57,2541,100,486,42.6,50.6,1055
2024-07-16 09:57:58,2541,100,488,42.6,50.7,1062
2024-07-16 09:57:59,2541,100,490,42.6,51.0,1062
2024-07-16 09:58:00,2541,100,490,42.6,51.0,1067
2024-07-16 09:58:01,2567,100,493,42.6,51.2,1074
2024-07-16 09:58:02,2567,100,494,42.7,51.3,1075
2024-07-16 09:58:03,2567,100,495,42.7,51.5,1081
2024-07-16 09:58:04,2567,100,496,42.7,51.6,1081
2024-07-16 09:58:05,2567,100,498,42.7,51.8,1087
2024-07-16 09:58:06,2609,100,499,42.7,51.8,1092
2024-07-16 09:58:07,2609,100,500,42.7,52.0,1105
2024-07-16 09:58:08,2609,100,501,42.7,52.3,1104
2024-07-16 09:58:09,2609,100,504,42.7,52.4,1110
2024-07-16 09:58:10,2609,100,505,42.7,52.5,1110
2024-07-16 09:58:11,2644,100,506,42.7,52.6,1114
2024-07-16 09:58:12,2644,100,509,42.8,52.9,1121
2024-07-16 09:58:13,2644,100,510,42.8,53.0,1135
2024-07-16 09:58:14,2644,100,511,42.8,53.1,1154
2024-07-16 09:58:15,2644,100,512,42.8,53.2,1170
2024-07-16 09:58:16,2679,100,513,42.8,53.3,1175
2024-07-16 09:58:17,2679,100,513,42.8,53.3,1180
2024-07-16 09:58:18,2679,100,509,42.7,53.0,1183
2024-07-16 09:58:19,2679,100,509,42.7,53.1,1184
2024-07-16 09:58:20,2679,100,510,42.7,53.1,1189
2024-07-16 09:58:21,2670,100,512,42.7,53.2,1186
2024-07-16 09:58:22,2670,100,511,42.7,53.1,1191
2024-07-16 09:58:23,2670,100,511,42.7,53.1,1188
2024-07-16 09:58:24,2670,100,511,42.7,53.1,1193
2024-07-16 09:58:25,2670,100,512,42.7,53.2,1190
2024-07-16 09:58:26,2669,100,511,42.7,53.2,1196
2024-07-16 09:58:27,2669,100,509,42.7,53.0,1191
2024-07-16 09:58:28,2669,100,510,42.7,53.0,1192
2024-07-16 09:58:29,2669,100,510,42.7,53.0,1192
2024-07-16 09:58:30,2669,100,511,42.7,53.2,1190
2024-07-16 09:58:31,2671,100,512,42.7,53.2,1193
2024-07-16 09:58:32,2671,100,512,42.7,53.3,1182
2024-07-16 09:58:33,2671,100,512,42.7,53.3,
2024-07-16 09:58:34,2671,100,512,42.6,53.3,1179
2024-07-16 09:58:35,2671,100,510,42.6,53.0,1187
2024-07-16 09:58:36,2660,100,510,42.6,53.0,1194
2024-07-16 09:58:37,2660,100,510,42.6,53.1,1195
2024-07-16 09:58:38,2660,100,511,42.6,53.1,1194
2024-07-16 09:58:39,2660,100,511,42.6,53.2,1195
2024-07-16 09:58:40,2660,100,512,42.6,53.3,1193
2024-07-16 09:58:41,2673,100,513,42.6,53.3,1190
2024-07-16 09:58:42,2673,100,513,42.6,53.3,1193
2024-07-16 09:58:43,2673,100,514,42.6,53.4,1188
2024-07-16 09:58:44,2673,100,513,42.6,53.4,1179
2024-07-16 09:58:45,2673,100,511,42.6,53.2,1179
2024-07-16 09:58:46,2668,100,512,42.6,53.2,1182
2024-07-16 09:58:47,2668,100,512,42.6,53.2,1170
2024-07-16 09:58:48,2668,100,513,42.6,53.3,1164
2024-07-16 09:58:49,2668,100,512,42.6,53.3,1159
2024-07-16 09:58:50,2668,100,512,42.6,53.2,1152
2024-07-16 09:58:51,2667,100,512,42.6,53.3,1147
2024-07-16 09:58:52,2667,100,512,42.5,53.3,1143
2024-07-16 09:58:53,2667,100,513,42.5,53.3,1138
2024-07-16 09:58:54,2667,100,512,42.5,53.3,1131
2024-07-16 09:58:55,2667,100,513,42.5,53.3,1127
2024-07-16 09:58:56,2667,100,512,42.5,53.3,1120
2024-07-16 09:58:57,2667,100,512,42.5,53.2,1115
2024-07-16 09:58:58,2667,100,512,42.5,53.2,1117
2024-07-16 09:58:59,2667,100,512,42.5,53.3,1115
2024-07-16 09:59:00,2667,100,513,42.5,53.4,1115
2024-07-16 09:59:01,2669,100,513,42.5,53.4,1111
2024-07-16 09:59:02,2669,100,514,42.5,53.4,1107
2024-07-16 09:59:03,2669,100,512,42.5,53.2,1119
2024-07-16 09:59:04,2669,100,512,42.5,53.3,1110
2024-07-16 09:59:05,2669,100,513,42.5,53.3,1109
2024-07-16 09:59:06,2668,100,513,42.5,53.3,1113
2024-07-16 09:59:07,2668,100,512,42.5,53.2,1112
2024-07-16 09:59:08,2668,100,512,42.5,53.2,1122
2024-07-16 09:59:09,2668,100,513,42.5,53.3,1118
2024-07-16 09:59:10,2668,100,512,42.5,53.3,1127
2024-07-16 09:59:11,2667,100,513,42.5,53.4,1131
2024-07-16 09:59:12,2667,100,513,42.5,53.4,1131
2024-07-16 09:59:13,2667,100,513,42.5,53.4,1120
2024-07-16 09:59:14,2667,100,512,42.4,53.2,1120
2024-07-16 09:59:15,2667,100,511,42.4,53.2,1120
2024-07-16 09:59:16,2660,100,512,42.4,53.3,1115
2024-07-16 09:59:17,2660,100,512,42.4,53.3,1111
2024-07-16 09:59:18,2660,100,513,42.4,53.4,1109
2024-07-16 09:59:19,2660,100,513,42.4,53.4,1109
2024-07-16 09:59:20,2660,100,514,42.4,53.4,1111
2024-07-16 09:59:21,2669,100,514,42.4,53.5,1122
2024-07-16 09:59:22,2669,100,513,42.4,53.3,1114
2024-07-16 09:59:23,2669,100,512,42.4,53.3,1116
2024-07-16 09:59:24,2669,100,513,42.4,53.3,1118
2024-07-16 09:59:25,2669,100,513,42.4,53.4,1121
2024-07-16 09:59:26,2666,100,514,42.4,53.4,1126
2024-07-16 09:59:27,2666,100,513,42.4,53.3,1124
2024-07-16 09:59:28,2666,100,512,42.4,53.3,1132
2024-07-16 09:59:29,2666,100,513,42.4,53.3,1124
2024-07-16 09:59:30,2666,100,513,42.4,53.3,1126
2024-07-16 09:59:31,2661,100,513,42.4,53.4,1134
2024-07-16 09:59:32,2661,100,512,42.4,53.3,1125
2024-07-16 09:59:33,2661,100,513,42.4,53.4,1129
2024-07-16 09:59:34,2661,100,512,42.3,53.2,1124
2024-07-16 09:59:35,2661,100,511,42.3,53.2,1124
2024-07-16 09:59:36,2656,100,512,42.3,53.2,1127
2024-07-16 09:59:37,2656,100,512,42.3,53.2,1128
2024-07-16 09:59:38,2656,100,513,42.3,53.3,1136
2024-07-16 09:59:39,2656,100,513,42.3,53.4,1130
2024-07-16 09:59:40,2656,100,514,42.3,53.4,1126
2024-07-16 09:59:41,2665,100,514,42.3,53.4,1129
2024-07-16 09:59:42,2665,100,514,42.3,53.4,1126
2024-07-16 09:59:43,2665,100,514,42.3,53.4,1128
2024-07-16 09:59:44,2665,100,514,42.3,53.4,1129
2024-07-16 09:59:45,2665,100,512,42.3,53.3,1129
2024-07-16 09:59:46,2655,100,512,42.3,53.2,1136
2024-07-16 09:59:47,2655,100,513,42.3,53.3,1130
2024-07-16 09:59:48,2655,100,512,42.3,53.3,1124
2024-07-16 09:59:49,2655,100,513,42.3,53.3,1121
2024-07-16 09:59:50,2655,100,513,42.3,53.3,1116
2024-07-16 09:59:51,2660,100,513,42.3,53.4,1124
2024-07-16 09:59:52,2660,100,514,42.3,53.4,1118
2024-07-16 09:59:53,2660,100,514,42.3,53.5,1116
2024-07-16 09:59:54,2660,100,513,42.3,53.4,1118
2024-07-16 09:59:55,2660,100,514,42.3,53.4,1092
2024-07-16 09:59:56,2659,100,512,42.3,53.3,1099
2024-07-16 09:59:57,2659,100,512,42.3,53.2,1100
2024-07-16 09:59:58,2659,100,511,42.3,53.2,1096
2024-07-16 09:59:59,2659,100,512,42.3,53.2,1101
2024-07-16 10:00:00,2659,100,513,42.3,53.3,1092
2024-07-16 10:00:01,2659,100,514,42.3,53.5,1081
2024-07-16 10:00:02,2659,100,515,42.3,53.5,1090
2024-07-16 10:00:03,2659,100,515,42.3,53.5,1090
2024-07-16 10:00:04,2659,100,513,42.3,53.4,1060
2024-07-16 10:00:05,2659,100,513,42.3,53.4,1089
2024-07-16 10:00:06,2655,100,513,42.3,53.3,1087
2024-07-16 10:00:07,2655,100,513,42.2,53.3,1090
2024-07-16 10:00:08,2655,100,511,42.2,53.2,1061
2024-07-16 10:00:09,2655,100,512,42.2,53.2,1067
2024-07-16 10:00:10,2655,100,512,42.2,53.2,1074
2024-07-16 10:00:11,2650,100,512,42.2,53.2,1070
2024-07-16 10:00:12,2650,100,513,42.2,53.4,1075
2024-07-16 10:00:13,2650,100,514,42.2,53.4,1080
2024-07-16 10:00:14,2650,100,514,42.2,53.4,1084
2024-07-16 10:00:15,2650,100,514,42.2,53.5,1093
2024-07-16 10:00:16,2662,100,514,42.2,53.4,1096
2024-07-16 10:00:17,2662,100,512,42.2,53.3,1096
2024-07-16 10:00:18,2662,100,511,42.2,53.1,1098
2024-07-16 10:00:19,2662,100,511,42.2,53.1,1093
2024-07-16 10:00:20,2662,100,514,42.2,53.4,1096
2024-07-16 10:00:21,2658,100,514,42.2,53.4,1095
2024-07-16 10:00:22,2658,100,514,42.2,53.5,1095
2024-07-16 10:00:23,2658,100,514,42.2,53.4,1106
2024-07-16 10:00:24,2658,100,514,42.2,53.4,1115
2024-07-16 10:00:25,2658,100,513,42.2,53.2,1130
2024-07-16 10:00:26,2645,100,511,42.2,53.2,1141
2024-07-16 10:00:27,2645,100,512,42.2,53.2,1140
2024-07-16 10:00:28,2645,100,512,42.2,53.2,1142
2024-07-16 10:00:29,2645,100,513,42.2,53.3,1142
2024-07-16 10:00:30,2645,100,512,42.2,53.3,1140
2024-07-16 10:00:31,2659,100,514,42.2,53.4,1137
2024-07-16 10:00:32,2659,100,514,42.2,53.5,1141
2024-07-16 10:00:33,2659,100,514,42.2,53.5,1148
2024-07-16 10:00:34,2659,100,515,42.2,53.5,1152
2024-07-16 10:00:35,2659,100,513,42.2,53.3,1154
2024-07-16 10:00:36,2652,100,513,42.2,53.3,1152
2024-07-16 10:00:37,2652,100,512,42.1,53.2,1153
2024-07-16 10:00:38,2652,100,511,42.1,53.2,1150
2024-07-16 10:00:39,2652,100,512,42.1,53.2,1150
2024-07-16 10:00:40,2652,100,512,42.1,53.2,1149
2024-07-16 10:00:41,2645,100,513,42.1,53.3,1136
2024-07-16 10:00:42,2645,100,515,42.2,53.5,1142
2024-07-16 10:00:43,2645,100,515,42.2,53.6,1144
2024-07-16 10:00:44,2645,100,514,42.1,53.4,1113
2024-07-16 10:00:45,2645,100,513,42.1,53.3,1113
2024-07-16 10:00:46,2650,100,513,42.1,53.4,1087
2024-07-16 10:00:47,2650,100,512,42.1,53.2,1076
2024-07-16 10:00:48,2650,100,512,42.1,53.3,1076
2024-07-16 10:00:49,2650,100,513,42.1,53.3,1077
2024-07-16 10:00:50,2650,100,513,42.1,53.3,1067
2024-07-16 10:00:51,2651,100,513,42.1,53.4,1072
2024-07-16 10:00:52,2651,100,513,42.1,53.3,1065
2024-07-16 10:00:53,2651,100,512,42.1,53.2,1062
2024-07-16 10:00:54,2651,100,512,42.1,53.2,1061
2024-07-16 10:00:55,2651,100,512,42.1,53.2,1057
2024-07-16 10:00:56,2646,100,512,42.1,53.3,1059
2024-07-16 10:00:57,2646,100,512,42.1,53.3,1057
2024-07-16 10:00:58,2646,100,512,42.1,53.3,1050
2024-07-16 10:00:59,2646,100,513,42.1,53.3,1049
2024-07-16 10:01:00,2646,100,513,42.1,53.3,1046
2024-07-16 10:01:01,2651,100,513,42.1,53.4,1052
2024-07-16 10:01:02,2651,100,514,42.1,53.4,1042
2024-07-16 10:01:03,2651,100,513,42.1,53.4,1036
2024-07-16 10:01:04,2651,100,514,42.1,53.4,1039
2024-07-16 10:01:05,2651,100,513,42.1,53.4,1033
2024-07-16 10:01:06,2644,100,512,42.1,53.2,1036
2024-07-16 10:01:07,2644,100,511,42.1,53.2,1022
2024-07-16 10:01:08,2644,100,512,42.1,53.2,1018
2024-07-16 10:01:09,2644,100,511,42.1,53.2,1013
2024-07-16 10:01:10,2644,100,512,42.1,53.2,1009
2024-07-16 10:01:11,2647,100,513,42.1,53.3,1015
2024-07-16 10:01:12,2647,100,514,42.1,53.5,1004
2024-07-16 10:01:13,2647,100,515,42.1,53.5,979
2024-07-16 10:01:14,2647,100,514,42.1,53.4,981
2024-07-16 10:01:15,2647,100,512,42.0,53.2,983
2024-07-16 10:01:16,2641,100,511,42.0,53.2,964
2024-07-16 10:01:17,2641,100,512,42.0,53.2,980
2024-07-16 10:01:18,2641,100,512,42.0,53.3,965
2024-07-16 10:01:19,2641,100,512,42.0,53.3,967
2024-07-16 10:01:20,2641,100,513,42.0,53.3,961
2024-07-16 10:01:21,2647,100,513,42.0,53.3,940
2024-07-16 10:01:22,2647,100,513,42.0,53.4,946
2024-07-16 10:01:23,2647,100,514,42.0,53.4,940
2024-07-16 10:01:24,2647,100,513,42.0,53.4,923
2024-07-16 10:01:25,2647,100,512,42.0,53.2,926
2024-07-16 10:01:26,2635,100,511,42.0,53.1,914
2024-07-16 10:01:27,2635,100,511,42.0,53.1,908
2024-07-16 10:01:28,2635,100,513,42.0,53.3,895
2024-07-16 10:01:29,2635,100,514,42.0,53.4,890
2024-07-16 10:01:30,2635,100,513,42.0,53.4,883
2024-07-16 10:01:31,2418,100,502,41.9,52.2,873
2024-07-16 10:01:32,2418,100,492,41.8,51.1,865
2024-07-16 10:01:33,2418,100,516,42.1,53.7,855
2024-07-16 10:01:34,2418,100,521,42.1,54.2,847
2024-07-16 10:01:35,2418,100,510,42.0,53.1,842
2024-07-16 10:01:36,2420,100,510,42.0,53.0,842
2024-07-16 10:01:37,2420,100,511,42.0,53.1,841
2024-07-16 10:01:38,2420,100,512,42.0,53.4,838
2024-07-16 10:01:39,2420,100,514,42.0,53.5,822
2024-07-16 10:01:40,2420,100,514,42.0,53.5,826
2024-07-16 10:01:41,2441,100,514,42.0,53.4,811
2024-07-16 10:01:42,2441,100,511,42.0,53.1,812
2024-07-16 10:01:43,2441,100,511,42.0,53.2,805
2024-07-16 10:01:44,2441,100,512,42.0,53.2,794
2024-07-16 10:01:45,2441,100,512,42.0,53.3,798
2024-07-16 10:01:46,2428,100,512,42.0,53.3,795
2024-07-16 10:01:47,2428,100,512,42.0,53.2,776
2024-07-16 10:01:48,2428,100,512,42.0,53.3,773
2024-07-16 10:01:49,2428,100,512,42.0,53.3,768
2024-07-16 10:01:50,2428,100,513,42.0,53.3,768
2024-07-16 10:01:51,2432,100,513,42.0,53.3,755
2024-07-16 10:01:52,2432,100,512,42.0,53.2,756
2024-07-16 10:01:53,2432,100,511,42.0,53.1,751
2024-07-16 10:01:54,2432,100,511,42.0,53.1,756
2024-07-16 10:01:55,2432,100,511,42.0,53.2,747
2024-07-16 10:01:56,2424,100,512,42.0,53.2,744
2024-07-16 10:01:57,2424,100,511,42.0,53.2,739
2024-07-16 10:01:58,2424,100,511,42.0,53.2,739
2024-07-16 10:01:59,2424,100,513,42.0,53.3,740
2024-07-16 10:02:00,2424,100,513,42.0,53.4,732
2024-07-16 10:02:01,2432,100,513,42.0,53.3,732
2024-07-16 10:02:02,2432,100,513,42.0,53.3,736
2024-07-16 10:02:03,2432,100,513,42.0,53.3,734
2024-07-16 10:02:04,2432,100,513,42,53.4,727
2024-07-16 10:02:05,2432,100,512,42.0,53.2,728
2024-07-16 10:02:06,2422,100,511,42.0,53.1,729
2024-07-16 10:02:07,2422,100,511,42.0,53.1,727
2024-07-16 10:02:08,2422,100,511,42.0,53.1,720
2024-07-16 10:02:09,2422,100,511,42.0,53.2,722
2024-07-16 10:02:10,2422,100,511,42.0,53.2,725
2024-07-16 10:02:11,2425,100,512,42.0,53.2,730
2024-07-16 10:02:12,2425,100,513,42.0,53.3,729
2024-07-16 10:02:13,2425,100,513,42.0,53.3,720
2024-07-16 10:02:14,2425,100,513,42.0,53.3,733
2024-07-16 10:02:15,2425,100,512,42.0,53.3,730
2024-07-16 10:02:16,2431,100,512,42.0,53.2,725
2024-07-16 10:02:17,2431,100,513,42.0,53.3,719
2024-07-16 10:02:18,2431,100,512,42.0,53.3,732
2024-07-16 10:02:19,2431,100,511,42.0,53.2,730
2024-07-16 10:02:20,2431,100,512,42.0,53.2,730
2024-07-16 10:02:21,2424,100,512,42.0,53.2,735
2024-07-16 10:02:22,2424,100,510,42.0,53.0,742
2024-07-16 10:02:23,2424,100,510,42.0,53.1,745
2024-07-16 10:02:24,2424,100,511,42.0,53.1,748
2024-07-16 10:02:25,2424,100,511,42.0,53.1,748
2024-07-16 10:02:26,2422,100,511,42.0,53.1,745
2024-07-16 10:02:27,2422,100,511,42.0,53.1,749
2024-07-16 10:02:28,2422,100,512,42.0,53.2,748
2024-07-16 10:02:29,2422,100,512,42.0,53.2,756
2024-07-16 10:02:30,2422,100,512,42.0,53.3,757
2024-07-16 10:02:31,2428,100,512,42.0,53.2,767
2024-07-16 10:02:32,2428,100,512,42.0,53.3,762
2024-07-16 10:02:33,2428,100,512,42.0,53.2,773
2024-07-16 10:02:34,2428,100,512,42.0,53.3,766
2024-07-16 10:02:35,2428,100,511,42.0,53.2,779
2024-07-16 10:02:36,2422,100,510,42.0,53.0,780
2024-07-16 10:02:37,2422,100,510,42.0,53.0,787
2024-07-16 10:02:38,2422,100,511,42.0,53.1,782
2024-07-16 10:02:39,2422,100,510,42.0,53.1,788
2024-07-16 10:02:40,2422,100,510,42.0,53.1,794
2024-07-16 10:02:41,2420,100,511,41.9,53.1,791
2024-07-16 10:02:42,2420,100,511,42.0,53.2,798
2024-07-16 10:02:43,2420,100,512,42.0,53.2,800
2024-07-16 10:02:44,2420,100,512,42.0,53.2,809
2024-07-16 10:02:45,2420,100,512,42.0,53.2,817
2024-07-16 10:02:46,2427,100,512,42.0,53.2,813
2024-07-16 10:02:47,2427,100,511,42.0,53.2,812
2024-07-16 10:02:48,2427,100,512,42.0,53.2,815
2024-07-16 10:02:49,2427,100,512,42.0,53.2,819
2024-07-16 10:02:50,2427,100,511,42.0,53.2,832
2024-07-16 10:02:51,2422,100,511,41.9,53.1,830
2024-07-16 10:02:52,2422,100,511,41.9,53.2,838
2024-07-16 10:02:53,2422,100,511,42.0,53.1,838
2024-07-16 10:02:54,2422,100,511,42.0,53.2,846
2024-07-16 10:02:55,2422,100,511,41.9,53.2,854
2024-07-16 10:02:56,2423,100,511,41.9,53.1,851
2024-07-16 10:02:57,2423,100,511,41.9,53.2,857
2024-07-16 10:02:58,2423,100,511,41.9,53.1,869
2024-07-16 10:02:59,2423,100,511,42.0,53.2,863
2024-07-16 10:03:00,2423,100,511,41.9,53.1,865
2024-07-16 10:03:01,2418,100,510,41.9,53.0,868
2024-07-16 10:03:02,2418,100,510,41.9,53.1,876
2024-07-16 10:03:03,2418,100,511,41.9,53.1,888
2024-07-16 10:03:04,2418,100,511,41.9,53.1,892
2024-07-16 10:03:05,2418,100,511,41.9,53.1,894
2024-07-16 10:03:06,2420,60,511,41.9,53.1,896
2024-07-16 10:03:07,2420,60,510,41.9,53.1,896
2024-07-16 10:03:08,2420,60,461,41.4,47.9,902
2024-07-16 10:03:09,2420,60,415,40.2,43.1,900
2024-07-16 10:03:10,2420,60,290,39.4,30.1,909
2024-07-16 10:03:11,1408,60,319,39.6,33.2,917
2024-07-16 10:03:12,1408,60,363,40.1,37.7,914
2024-07-16 10:03:13,1408,60,335,39.9,34.9,920
2024-07-16 10:03:14,1408,60,316,39.6,32.9,920
2024-07-16 10:03:15,1408,60,336,39.8,35.0,930
2024-07-16 10:03:16,1531,60,338,39.9,35.2,925
2024-07-16 10:03:17,1531,60,331,39.8,34.4,930
2024-07-16 10:03:18,1531,60,328,39.8,34.2,929
2024-07-16 10:03:19,1531,60,327,39.7,34.0,944
2024-07-16 10:03:20,1531,60,329,39.8,34.3,941
2024-07-16 10:03:21,1504,60,331,39.8,34.4,942
2024-07-16 10:03:22,1504,60,332,39.8,34.5,944
2024-07-16 10:03:23,1504,60,330,39.8,34.3,954
2024-07-16 10:03:24,1504,60,329,39.8,34.2,958
2024-07-16 10:03:25,1504,60,329,39.8,34.2,953
2024-07-16 10:03:26,1499,60,328,39.8,34.1,955
2024-07-16 10:03:27,1499,60,328,39.8,34.1,964
2024-07-16 10:03:28,1499,60,327,39.8,34.0,958
2024-07-16 10:03:29,1499,60,326,39.8,33.9,956
2024-07-16 10:03:30,1499,60,325,39.8,33.8,963
2024-07-16 10:03:31,1484,60,325,39.8,33.8,965
2024-07-16 10:03:32,1484,60,326,39.8,33.9,963
2024-07-16 10:03:33,1484,60,327,39.8,34.0,972
2024-07-16 10:03:34,1484,60,327,39.8,34.0,975
2024-07-16 10:03:35,1484,60,326,39.8,33.9,977
2024-07-16 10:03:36,1489,60,326,39.8,33.9,982
2024-07-16 10:03:37,1489,60,325,39.8,33.8,978
2024-07-16 10:03:38,1489,60,325,39.8,33.8,976
2024-07-16 10:03:39,1489,60,324,39.8,33.7,979
2024-07-16 10:03:40,1489,60,323,39.8,33.6,981
2024-07-16 10:03:41,1474,60,323,39.8,33.6,979
2024-07-16 10:03:42,1474,60,323,39.8,33.6,989
2024-07-16 10:03:43,1474,60,323,39.8,33.5,983
2024-07-16 10:03:44,1474,60,323,39.8,33.6,979
2024-07-16 10:03:45,1474,60,323,39.8,33.5,981
2024-07-16 10:03:46,1472,60,323,39.8,33.5,987
2024-07-16 10:03:47,1472,60,322,39.8,33.5,994
2024-07-16 10:03:48,1472,60,322,39.7,33.5,984
2024-07-16 10:03:49,1472,60,322,39.7,33.5,985
2024-07-16 10:03:50,1472,60,322,39.8,33.5,986
2024-07-16 10:03:51,1470,60,322,39.8,33.5,985
2024-07-16 10:03:52,1470,60,322,39.8,33.5,989
2024-07-16 10:03:53,1470,60,322,39.8,33.4,985
2024-07-16 10:03:54,1470,60,322,39.8,33.5,985
2024-07-16 10:03:55,1470,60,321,39.7,33.4,985
2024-07-16 10:03:56,1462,60,321,39.7,33.3,986
2024-07-16 10:03:57,1462,60,320,39.7,33.3,986
2024-07-16 10:03:58,1462,60,319,39.7,33.2,979
2024-07-16 10:03:59,1462,60,319,39.7,33.2,983
2024-07-16 10:04:00,1462,60,319,39.7,33.2,973
2024-07-16 10:04:01,1454,60,319,39.7,33.1,973
2024-07-16 10:04:02,1454,60,319,39.7,33.1,982
2024-07-16 10:04:03,1454,60,318,39.7,33.1,982
2024-07-16 10:04:04,1454,60,319,39.7,33.2,984
2024-07-16 10:04:05,1454,60,319,39.7,33.2,979
2024-07-16 10:04:06,1456,60,319,39.7,33.2,988
2024-07-16 10:04:07,1456,60,319,39.7,33.1,984
2024-07-16 10:04:08,1456,60,319,39.7,33.2,984
2024-07-16 10:04:09,1456,60,319,39.7,33.2,988
2024-07-16 10:04:10,1456,60,319,39.7,33.1,987
2024-07-16 10:04:11,1452,60,319,39.7,33.2,992
2024-07-16 10:04:12,1452,60,317,39.7,33.0,989
2024-07-16 10:04:13,1452,60,317,39.7,33.0,991
2024-07-16 10:04:14,1452,60,317,39.7,33.0,986
2024-07-16 10:04:15,1452,60,316,39.7,32.9,997
2024-07-16 10:04:16,1444,60,315,39.7,32.8,983
2024-07-16 10:04:17,1444,60,315,39.7,32.8,988
2024-07-16 10:04:18,1444,60,315,39.7,32.8,996
2024-07-16 10:04:19,1444,60,316,39.7,32.8,988
2024-07-16 10:04:20,1444,60,317,39.7,32.9,990
2024-07-16 10:04:21,1447,60,317,39.7,33.0,989
2024-07-16 10:04:22,1447,60,317,39.7,32.9,989
2024-07-16 10:04:23,1447,60,316,39.7,32.9,991
2024-07-16 10:04:24,1447,60,316,39.7,32.9,989
2024-07-16 10:04:25,1447,60,317,39.7,32.9,991
2024-07-16 10:04:26,1444,60,315,39.7,32.7,989
2024-07-16 10:04:27,1444,60,314,39.7,32.6,988
2024-07-16 10:04:28,1444,60,313,39.7,32.6,988
2024-07-16 10:04:29,1444,60,314,39.7,32.6,984
2024-07-16 10:04:30,1444,60,314,39.7,32.7,985
2024-07-16 10:04:31,1435,60,315,39.7,32.7,985
2024-07-16 10:04:32,1435,60,315,39.7,32.7,987
2024-07-16 10:04:33,1435,60,314,39.7,32.7,984
2024-07-16 10:04:34,1435,60,314,39.7,32.6,987
2024-07-16 10:04:35,1435,60,314,39.7,32.6,992
2024-07-16 10:04:36,1432,60,314,39.7,32.6,983
2024-07-16 10:04:37,1432,60,314,39.7,32.7,985
2024-07-16 10:04:38,1432,60,315,39.7,32.7,982
2024-07-16 10:04:39,1432,60,315,39.7,32.7,983
2024-07-16 10:04:40,1432,60,315,39.7,32.7,982
2024-07-16 10:04:41,1434,60,314,39.7,32.7,980
2024-07-16 10:04:42,1434,60,314,39.7,32.7,981
2024-07-16 10:04:43,1434,60,313,39.7,32.6,951
2024-07-16 10:04:44,1434,60,312,39.7,32.4,976
2024-07-16 10:04:45,1434,60,311,39.7,32.4,976
2024-07-16 10:04:46,1422,60,312,39.7,32.4,977
2024-07-16 10:04:47,1422,60,313,39.7,32.5,983
2024-07-16 10:04:48,1422,60,313,39.7,32.5,983
2024-07-16 10:04:49,1422,60,313,39.7,32.5,976
2024-07-16 10:04:50,1422,60,313,39.7,32.5,974
2024-07-16 10:04:51,1428,60,313,39.7,32.5,974
2024-07-16 10:04:52,1428,60,313,39.7,32.5,973
2024-07-16 10:04:53,1428,60,313,39.7,32.5,970
2024-07-16 10:04:54,1428,60,312,39.7,32.5,967
2024-07-16 10:04:55,1428,60,312,39.7,32.5,971
2024-07-16 10:04:56,1425,60,312,39.7,32.5,969
2024-07-16 10:04:57,1425,60,312,39.7,32.4,974
2024-07-16 10:04:58,1425,60,312,39.7,32.4,971
2024-07-16 10:04:59,1425,60,310,39.7,32.2,979
2024-07-16 10:05:00,1425,60,310,39.7,32.2,970
2024-07-16 10:05:01,1414,60,310,39.7,32.3,967
2024-07-16 10:05:02,1414,60,311,39.7,32.3,971
2024-07-16 10:05:03,1414,60,311,39.7,32.3,967
2024-07-16 10:05:04,1414,60,311,39.7,32.3,963
2024-07-16 10:05:05,1414,60,311,39.7,32.4,962
2024-07-16 10:05:06,1419,60,311,39.7,32.3,961
2024-07-16 10:05:07,1419,60,310,39.7,32.3,963
2024-07-16 10:05:08,1419,60,310,39.7,32.3,962
2024-07-16 10:05:09,1419,60,310,39.7,32.3,962
2024-07-16 10:05:10,1419,60,311,39.8,32.4,960
2024-07-16 10:05:11,1421,60,311,39.7,32.4,964
2024-07-16 10:05:12,1421,60,311,39.8,32.3,961
2024-07-16 10:05:13,1421,60,311,39.8,32.3,957
2024-07-16 10:05:14,1421,60,311,39.7,32.3,959
2024-07-16 10:05:15,1421,60,311,39.8,32.3,956
2024-07-16 10:05:16,1418,60,310,39.8,32.3,952
2024-07-16 10:05:17,1418,60,310,39.8,32.3,956
2024-07-16 10:05:18,1418,60,310,39.8,32.2,958
2024-07-16 10:05:19,1418,60,310,39.7,32.2,954
2024-07-16 10:05:20,1418,60,310,39.7,32.2,952
2024-07-16 10:05:21,1416,60,310,39.8,32.2,952
2024-07-16 10:05:22,1416,60,310,39.8,32.2,954
2024-07-16 10:05:23,1416,60,310,39.7,32.2,947
2024-07-16 10:05:24,1416,60,309,39.7,32.2,948
2024-07-16 10:05:25,1416,60,309,39.7,32.2,951
2024-07-16 10:05:26,1413,60,309,39.7,32.2,945
2024-07-16 10:05:27,1413,60,309,39.7,32.2,946
2024-07-16 10:05:28,1413,60,309,39.7,32.1,943
2024-07-16 10:05:29,1413,60,309,39.7,32.1,937
2024-07-16 10:05:30,1413,60,309,39.8,32.2,940
2024-07-16 10:05:31,1411,60,309,39.8,32.1,935
2024-07-16 10:05:32,1411,60,309,39.8,32.1,932
2024-07-16 10:05:33,1411,60,310,39.8,32.2,932
2024-07-16 10:05:34,1411,60,309,39.8,32.2,933
2024-07-16 10:05:35,1411,60,309,39.8,32.1,928
2024-07-16 10:05:36,1413,60,309,39.8,32.1,931
2024-07-16 10:05:37,1413,60,309,39.8,32.1,926
2024-07-16 10:05:38,1413,60,309,39.8,32.1,926
2024-07-16 10:05:39,1413,60,308,39.8,32.1,927
2024-07-16 10:05:40,1413,60,308,39.8,32.1,918
2024-07-16 10:05:41,1410,60,309,39.8,32.1,926
2024-07-16 10:05:42,1410,60,308,39.8,32.0,920
2024-07-16 10:05:43,1410,60,308,39.8,32.1,906
2024-07-16 10:05:44,1410,60,308,39.8,32.1,917
2024-07-16 10:05:45,1410,60,308,39.8,32.1,909
2024-07-16 10:05:46,1410,60,309,39.8,32.1,902
2024-07-16 10:05:47,1410,60,309,39.8,32.1,901
2024-07-16 10:05:48,1410,60,309,39.8,32.1,898
2024-07-16 10:05:49,1410,60,309,39.8,32.1,894
2024-07-16 10:05:50,1410,60,308,39.8,32.0,891
2024-07-16 10:05:51,1410,60,308,39.8,32.0,888
2024-07-16 10:05:52,1410,60,308,39.8,32.0,896
2024-07-16 10:05:53,1410,60,308,39.8,32.1,888
2024-07-16 10:05:54,1410,60,308,39.8,32.0,881
2024-07-16 10:05:55,1410,60,308,39.8,32.0,879
2024-07-16 10:05:56,1408,60,308,39.8,32.0,873
2024-07-16 10:05:57,1408,60,308,39.8,32.0,871
2024-07-16 10:05:58,1408,60,308,39.8,32.0,874
2024-07-16 10:05:59,1408,60,308,39.8,32.0,864
2024-07-16 10:06:00,1408,60,308,39.8,32.0,869
2024-07-16 10:06:01,1406,60,307,39.8,32.0,857
2024-07-16 10:06:02,1406,60,307,39.8,31.9,851
2024-07-16 10:06:03,1406,60,307,39.8,31.9,853
2024-07-16 10:06:04,1406,60,308,39.8,32.0,847
2024-07-16 10:06:05,1406,60,308,39.8,32.0,855
2024-07-16 10:06:06,1409,60,308,39.8,32.0,843
2024-07-16 10:06:07,1409,60,308,39.8,32.0,833
2024-07-16 10:06:08,1409,60,308,39.8,32.0,834
2024-07-16 10:06:09,1409,60,308,39.8,32.0,835
2024-07-16 10:06:10,1409,60,308,39.8,32.0,819
2024-07-16 10:06:11,1407,60,307,39.8,32.0,815
2024-07-16 10:06:12,1407,60,307,39.8,32.0,819
2024-07-16 10:06:13,1407,60,307,39.8,31.9,813
2024-07-16 10:06:14,1407,60,307,39.8,32.0,807
2024-07-16 10:06:15,1407,60,307,39.8,31.9,805
2024-07-16 10:06:16,1404,60,307,39.8,31.9,797
2024-07-16 10:06:17,1404,60,307,39.8,31.9,790
2024-07-16 10:06:18,1404,60,307,39.8,31.9,788
2024-07-16 10:06:19,1404,60,307,39.8,31.9,784
2024-07-16 10:06:20,1404,60,307,39.8,31.9,779
2024-07-16 10:06:21,1403,60,307,39.8,31.9,776
2024-07-16 10:06:22,1403,60,306,39.8,31.9,776
2024-07-16 10:06:23,1403,60,307,39.8,31.9,780
2024-07-16 10:06:24,1403,60,308,39.8,32.0,777
2024-07-16 10:06:25,1403,60,308,39.8,32.0,768
2024-07-16 10:06:26,1409,60,308,39.8,32.0,763
2024-07-16 10:06:27,1409,60,308,39.8,32.0,767
2024-07-16 10:06:28,1409,60,308,39.8,32.0,756
2024-07-16 10:06:29,1409,60,308,39.8,32.0,753
2024-07-16 10:06:30,1409,60,305,39.8,31.8,760
2024-07-16 10:06:31,1398,60,306,39.8,31.8,753
2024-07-16 10:06:32,1398,60,306,39.8,31.8,755
2024-07-16 10:06:33,1398,60,306,39.8,31.8,748
2024-07-16 10:06:34,1398,60,306,39.8,31.8,740
2024-07-16 10:06:35,1398,60,307,39.8,31.9,739
2024-07-16 10:06:36,1406,60,307,39.8,31.9,743
2024-07-16 10:06:37,1406,60,307,39.8,31.9,738
2024-07-16 10:06:38,1406,60,307,39.8,32.0,732
2024-07-16 10:06:39,1406,60,307,39.8,31.9,727
2024-07-16 10:06:40,1406,60,306,39.8,31.9,739
2024-07-16 10:06:41,1403,60,306,39.8,31.9,733
2024-07-16 10:06:42,1403,60,306,39.8,31.9,729
2024-07-16 10:06:43,1403,60,306,39.8,31.9,724
2024-07-16 10:06:44,1403,60,306,39.8,31.9,722
2024-07-16 10:06:45,1403,60,306,39.8,31.9,722
2024-07-16 10:06:46,1402,60,306,39.8,31.9,721
2024-07-16 10:06:47,1402,60,306,39.8,31.8,718
2024-07-16 10:06:48,1402,60,306,39.8,31.8,722
2024-07-16 10:06:49,1402,60,306,39.8,31.8,714
2024-07-16 10:06:50,1402,60,306,39.8,31.8,723
2024-07-16 10:06:51,1403,60,306,39.8,31.9,723
2024-07-16 10:06:52,1403,60,307,39.8,31.9,730
2024-07-16 10:06:53,1403,60,307,39.8,31.9,736
2024-07-16 10:06:54,1403,60,307,39.8,31.9,727
2024-07-16 10:06:55,1403,60,307,39.8,31.9,736
2024-07-16 10:06:56,1403,60,306,39.8,31.8,734
2024-07-16 10:06:57,1403,60,306,39.8,31.8,742
2024-07-16 10:06:58,1403,60,306,39.8,31.8,735
2024-07-16 10:06:59,1403,60,306,39.8,31.8,729
2024-07-16 10:07:00,1403,60,306,39.8,31.8,743
2024-07-16 10:07:01,1402,60,306,39.8,31.8,748
2024-07-16 10:07:02,1402,60,306,39.8,31.8,745
2024-07-16 10:07:03,1402,60,306,39.8,31.8,750
2024-07-16 10:07:04,1402,60,306,39.8,31.8,752
2024-07-16 10:07:05,1402,60,306,39.8,31.8,759
2024-07-16 10:07:06,1400,60,306,39.8,31.8,759
2024-07-16 10:07:07,1400,60,306,39.8,31.8,771
2024-07-16 10:07:08,1400,60,306,39.8,31.8,763
2024-07-16 10:07:09,1400,60,305,39.8,31.8,771
2024-07-16 10:07:10,1400,60,306,39.8,31.9,782
2024-07-16 10:07:11,1403,60,306,39.8,31.8,779
2024-07-16 10:07:12,1403,60,307,39.8,31.9,779
2024-07-16 10:07:13,1403,60,307,39.8,31.9,782
2024-07-16 10:07:14,1403,60,307,39.8,31.9,786
2024-07-16 10:07:15,1403,60,307,39.8,31.9,802
2024-07-16 10:07:16,1405,60,306,39.8,31.9,807
2024-07-16 10:07:17,1405,60,306,39.8,31.8,804
2024-07-16 10:07:18,1405,60,306,39.8,31.8,804
2024-07-16 10:07:19,1405,60,306,39.8,31.8,816
2024-07-16 10:07:20,1405,60,306,39.8,31.8,811
2024-07-16 10:07:21,1399,60,305,39.8,31.8,816
2024-07-16 10:07:22,1399,60,305,39.8,31.8,820
2024-07-16 10:07:23,1399,60,306,39.8,31.8,830
2024-07-16 10:07:24,1399,60,306,39.8,31.8,830
2024-07-16 10:07:25,1399,60,306,39.8,31.8,842
2024-07-16 10:07:26,1398,60,305,39.8,31.7,844
2024-07-16 10:07:27,1398,60,305,39.8,31.7,850
2024-07-16 10:07:28,1398,60,305,39.8,31.7,855
2024-07-16 10:07:29,1398,60,305,39.8,31.7,859
2024-07-16 10:07:30,1398,60,307,39.9,31.9,876
2024-07-16 10:07:31,1406,60,307,39.9,31.9,868
2024-07-16 10:07:32,1406,60,307,39.9,31.9,883
2024-07-16 10:07:33,1406,60,307,39.9,31.9,890
2024-07-16 10:07:34,1406,60,306,39.9,31.8,883
2024-07-16 10:07:35,1406,60,306,39.8,31.8,892
2024-07-16 10:07:36,1401,60,306,39.8,31.8,896
2024-07-16 10:07:37,1401,60,306,39.9,31.8,901
2024-07-16 10:07:38,1401,60,305,39.9,31.8,915
2024-07-16 10:07:39,1401,60,306,39.8,31.8,913
2024-07-16 10:07:40,1401,60,305,39.9,31.7,920
2024-07-16 10:07:41,1400,60,305,39.8,31.8,928
2024-07-16 10:07:42,1400,60,305,39.8,31.8,930
2024-07-16 10:07:43,1400,60,305,39.9,31.8,932
2024-07-16 10:07:44,1400,60,306,39.8,31.8,943
2024-07-16 10:07:45,1400,60,305,39.8,31.8,944
2024-07-16 10:07:46,1399,60,305,39.8,31.7,951
2024-07-16 10:07:47,1399,60,305,39.8,31.7,958
2024-07-16 10:07:48,1399,60,305,39.8,31.7,957
2024-07-16 10:07:49,1399,60,305,39.9,31.8,965
2024-07-16 10:07:50,1399,60,306,39.9,31.8,966
2024-07-16 10:07:51,1403,60,306,39.9,31.8,976
2024-07-16 10:07:52,1403,60,306,39.9,31.8,978
2024-07-16 10:07:53,1403,60,306,39.9,31.8,991
2024-07-16 10:07:54,1403,60,305,39.9,31.8,989
2024-07-16 10:07:55,1403,60,306,39.9,31.8,993
2024-07-16 10:07:56,1401,60,306,39.9,31.8,988
2024-07-16 10:07:57,1401,60,306,39.9,31.8,997
2024-07-16 10:07:58,1401,60,306,39.9,31.8,1003
2024-07-16 10:07:59,1401,60,305,39.9,31.8,1003
2024-07-16 10:08:00,1401,60,305,39.9,31.7,1002
2024-07-16 10:08:01,1401,60,306,39.9,31.8,1013
2024-07-16 10:08:02,1401,60,306,39.9,31.8,1023
2024-07-16 10:08:03,1401,60,306,39.9,31.8,1014
2024-07-16 10:08:04,1401,60,306,39.9,31.8,1023
2024-07-16 10:08:05,1401,60,306,39.9,31.8,1024
2024-07-16 10:08:06,1403,60,306,39.9,31.8,1029
2024-07-16 10:08:07,1403,60,306,39.9,31.8,1037
2024-07-16 10:08:08,1403,60,306,39.9,31.8,1032
2024-07-16 10:08:09,1403,60,306,39.9,31.8,1036
2024-07-16 10:08:10,1403,60,306,39.9,31.8,1035
2024-07-16 10:08:11,1402,60,306,39.9,31.8,1038
2024-07-16 10:08:12,1402,60,306,39.9,31.8,1050
2024-07-16 10:08:13,1402,60,305,39.9,31.7,1041
2024-07-16 10:08:14,1402,60,305,39.9,31.7,1049
2024-07-16 10:08:15,1402,60,304,39.9,31.7,1047
2024-07-16 10:08:16,1397,60,305,39.9,31.7,1046
2024-07-16 10:08:17,1397,60,305,39.9,31.7,1050
2024-07-16 10:08:18,1397,60,305,39.9,31.7,1049
2024-07-16 10:08:19,1397,60,306,39.9,31.8,1051
2024-07-16 10:08:20,1397,60,306,39.9,31.8,1052
2024-07-16 10:08:21,1401,60,306,39.9,31.8,1049
2024-07-16 10:08:22,1401,60,306,39.9,31.8,1052
2024-07-16 10:08:23,1401,60,305,39.9,31.8,1054
2024-07-16 10:08:24,1401,60,305,39.9,31.7,1047
2024-07-16 10:08:25,1401,60,306,39.9,31.8,1059
2024-07-16 10:08:26,1408,60,307,39.9,31.9,1060
2024-07-16 10:08:27,1408,60,307,39.9,31.9,1057
2024-07-16 10:08:28,1408,60,307,39.9,31.9,1049
2024-07-16 10:08:29,1408,60,305,39.9,31.7,1051
2024-07-16 10:08:30,1408,60,305,39.9,31.7,1050
2024-07-16 10:08:31,1398,60,305,39.9,31.7,1053
2024-07-16 10:08:32,1398,60,305,39.9,31.7,1049
2024-07-16 10:08:33,1398,60,305,39.9,31.7,1051
2024-07-16 10:08:34,1398,60,305,39.9,31.7,1046
2024-07-16 10:08:35,1398,60,305,39.9,31.7,1054
2024-07-16 10:08:36,1399,60,305,39.9,31.7,1043
2024-07-16 10:08:37,1399,60,306,39.9,31.8,1046
2024-07-16 10:08:38,1399,60,306,39.9,31.9,1040
2024-07-16 10:08:39,1399,60,306,39.9,31.8,1041
2024-07-16 10:08:40,1399,60,306,39.9,31.8,1042
2024-07-16 10:08:41,1405,60,306,39.9,31.9,1042
2024-07-16 10:08:42,1405,60,306,39.9,31.8,1040
2024-07-16 10:08:43,1405,60,307,39.9,31.8,1040
2024-07-16 10:08:44,1405,60,304,39.9,31.6,1040
2024-07-16 10:08:45,1405,60,304,39.9,31.6,1037
2024-07-16 10:08:46,1396,60,305,39.9,31.7,1035
2024-07-16 10:08:47,1396,60,304,39.9,31.7,1035
2024-07-16 10:08:48,1396,60,305,39.9,31.7,1034
2024-07-16 10:08:49,1396,60,306,39.9,31.8,1022
2024-07-16 10:08:50,1396,60,306,39.9,31.8,1031
2024-07-16 10:08:51,1404,60,306,39.9,31.8,1033
2024-07-16 10:08:52,1404,60,306,39.9,31.8,1026
2024-07-16 10:08:53,1404,60,306,39.9,31.8,1024
2024-07-16 10:08:54,1404,60,306,39.9,31.8,1023
2024-07-16 10:08:55,1404,60,306,39.9,31.8,1010
2024-07-16 10:08:56,1403,60,306,39.9,31.8,1008
2024-07-16 10:08:57,1403,60,306,39.9,31.8,1004
2024-07-16 10:08:58,1403,60,306,39.9,31.8,1002
2024-07-16 10:08:59,1403,60,306,39.9,31.8,997
2024-07-16 10:09:00,1403,60,306,39.9,31.8,993
2024-07-16 10:09:01,1403,60,306,39.9,31.8,987
2024-07-16 10:09:02,1403,60,305,39.9,31.8,985
2024-07-16 10:09:03,1403,60,305,39.9,31.8,979
2024-07-16 10:09:04,1403,60,306,39.9,31.8,975
2024-07-16 10:09:05,1403,60,305,39.9,31.7,966
2024-07-16 10:09:06,1401,60,305,39.9,31.7,966
2024-07-16 10:09:07,1401,60,304,39.9,31.6,961
2024-07-16 10:09:08,1401,60,305,39.9,31.7,960
2024-07-16 10:09:09,1401,60,304,39.9,31.7,958
2024-07-16 10:09:10,1401,60,305,39.9,31.7,948
2024-07-16 10:09:11,1402,60,306,39.9,31.8,949
2024-07-16 10:09:12,1402,60,306,39.9,31.9,944
2024-07-16 10:09:13,1402,60,306,39.9,31.8,941
2024-07-16 10:09:14,1402,60,306,39.9,31.8,935
2024-07-16 10:09:15,1402,60,306,39.9,31.8,932
2024-07-16 10:09:16,1406,60,306,39.9,31.8,926
2024-07-16 10:09:17,1406,60,306,39.9,31.8,918
2024-07-16 10:09:18,1406,60,306,39.9,31.8,916
2024-07-16 10:09:19,1406,60,306,39.9,31.8,909
2024-07-16 10:09:20,1406,60,304,39.9,31.6,901
2024-07-16 10:09:21,1396,60,304,39.9,31.6,897
2024-07-16 10:09:22,1396,60,304,39.9,31.6,893
2024-07-16 10:09:23,1396,60,304,39.9,31.6,887
2024-07-16 10:09:24,1396,60,306,39.9,31.8,883
2024-07-16 10:09:25,1396,60,306,39.9,31.8,874
2024-07-16 10:09:26,1404,60,306,39.9,31.8,866
2024-07-16 10:09:27,1404,60,306,39.9,31.8,870
2024-07-16 10:09:28,1404,60,306,39.9,31.8,866
2024-07-16 10:09:29,1404,60,306,39.9,31.8,852
2024-07-16 10:09:30,1404,60,306,39.9,31.8,843
2024-07-16 10:09:31,1403,60,305,39.9,31.8,836
2024-07-16 10:09:32,1403,60,306,39.9,31.8,833
2024-07-16 10:09:33,1403,60,306,39.9,31.8,825
2024-07-16 10:09:34,1403,60,306,39.9,31.8,821
2024-07-16 10:09:35,1403,60,305,39.9,31.7,821
2024-07-16 10:09:36,1402,60,305,39.9,31.7,815
2024-07-16 10:09:37,1402,60,305,39.9,31.8,809
2024-07-16 10:09:38,1402,60,305,39.9,31.8,795
2024-07-16 10:09:39,1402,60,306,39.9,31.8,800
2024-07-16 10:09:40,1402,60,305,39.9,31.7,787
2024-07-16 10:09:41,1402,60,305,39.9,31.7,785
2024-07-16 10:09:42,1402,60,306,39.9,31.8,780
2024-07-16 10:09:43,1402,60,305,39.9,31.8,773
2024-07-16 10:09:44,1402,60,306,39.9,31.8,767
2024-07-16 10:09:45,1402,60,305,39.9,31.7,764
2024-07-16 10:09:46,1402,60,305,39.9,31.7,756
2024-07-16 10:09:47,1402,60,305,39.9,31.8,752
2024-07-16 10:09:48,1402,60,305,39.9,31.7,701
2024-07-16 10:09:49,1402,60,305,39.9,31.7,731
2024-07-16 10:09:50,1402,60,305,39.9,31.7,729
2024-07-16 10:09:51,1401,60,306,39.9,31.8,729
2024-07-16 10:09:52,1401,60,306,39.9,31.8,724
2024-07-16 10:09:53,1401,60,306,39.9,31.8,728
2024-07-16 10:09:54,1401,60,306,39.9,31.8,719
2024-07-16 10:09:55,1401,60,306,39.9,31.8,720
2024-07-16 10:09:56,1406,60,306,39.9,31.8,716
2024-07-16 10:09:57,1406,60,306,39.9,31.8,709
2024-07-16 10:09:58,1406,60,306,39.9,31.8,708
2024-07-16 10:09:59,1406,60,306,39.9,31.8,707
2024-07-16 10:10:00,1406,60,305,39.9,31.7,705
2024-07-16 10:10:01,1401,60,305,39.9,31.7,700
2024-07-16 10:10:02,1401,60,305,39.9,31.7,703
2024-07-16 10:10:03,1401,60,305,39.9,31.7,698
2024-07-16 10:10:04,1401,60,305,39.9,31.7,694
2024-07-16 10:10:05,1401,60,305,39.9,31.7,693
2024-07-16 10:10:06,1401,60,305,39.9,31.7,691
2024-07-16 10:10:07,1401,60,305,39.9,31.7,691
2024-07-16 10:10:08,1401,60,306,39.9,31.8,691
2024-07-16 10:10:09,1401,60,307,39.9,31.9,689
2024-07-16 10:10:10,1401,60,307,39.9,31.9,689
2024-07-16 10:10:11,1409,60,307,39.9,31.9,690
2024-07-16 10:10:12,1409,60,306,39.9,31.8,685
2024-07-16 10:10:13,1409,60,306,39.9,31.8,683
2024-07-16 10:10:14,1409,60,305,39.9,31.8,686
2024-07-16 10:10:15,1409,60,306,39.9,31.8,682
2024-07-16 10:10:16,1404,60,306,39.9,31.8,693
2024-07-16 10:10:17,1404,60,305,39.9,31.8,687
2024-07-16 10:10:18,1404,60,305,39.9,31.8,689
2024-07-16 10:10:19,1404,60,306,39.9,31.8,692
2024-07-16 10:10:20,1404,60,305,39.9,31.7,692
2024-07-16 10:10:21,1400,60,304,39.9,31.6,691
2024-07-16 10:10:22,1400,60,304,39.9,31.6,687
2024-07-16 10:10:23,1400,60,304,39.9,31.6,692
2024-07-16 10:10:24,1400,60,305,39.9,31.7,694
2024-07-16 10:10:25,1400,60,306,39.9,31.8,697
2024-07-16 10:10:26,1408,60,306,39.9,31.8,699
2024-07-16 10:10:27,1408,60,307,39.9,31.8,702
2024-07-16 10:10:28,1408,60,306,39.9,31.8,704
2024-07-16 10:10:29,1408,60,306,39.9,31.8,709
2024-07-16 10:10:30,1408,60,306,39.9,31.8,709
2024-07-16 10:10:31,1407,60,305,39.9,31.7,710
2024-07-16 10:10:32,1407,60,305,39.9,31.7,715
2024-07-16 10:10:33,1407,60,306,39.9,31.8,716
2024-07-16 10:10:34,1407,60,305,39.9,31.8,722
2024-07-16 10:10:35,1407,60,305,39.9,31.7,723
2024-07-16 10:10:36,1403,60,305,39.9,31.7,726
2024-07-16 10:10:37,1403,60,306,39.9,31.8,723
2024-07-16 10:10:38,1403,60,305,39.9,31.7,731
2024-07-16 10:10:39,1403,60,305,39.9,31.7,726
2024-07-16 10:10:40,1403,60,305,39.9,31.8,739
2024-07-16 10:10:41,1403,60,305,39.9,31.7,739
2024-07-16 10:10:42,1403,60,305,39.9,31.7,745
2024-07-16 10:10:43,1403,60,305,39.9,31.7,739
2024-07-16 10:10:44,1403,60,305,39.9,31.7,752
2024-07-16 10:10:45,1403,60,305,39.9,31.7,750
2024-07-16 10:10:46,1403,60,305,39.9,31.7,751
2024-07-16 10:10:47,1403,60,306,39.9,31.8,755
2024-07-16 10:10:48,1403,60,307,39.9,31.9,761
2024-07-16 10:10:49,1403,60,307,39.9,31.9,757
2024-07-16 10:10:50,1403,60,307,39.9,31.9,762
2024-07-16 10:10:51,1411,60,306,39.9,31.8,766
2024-07-16 10:10:52,1411,60,305,39.9,31.7,768
2024-07-16 10:10:53,1411,60,304,39.9,31.6,769
2024-07-16 10:10:54,1411,60,304,39.9,31.6,771
2024-07-16 10:10:55,1411,60,305,39.9,31.7,761
2024-07-16 10:10:56,1402,60,305,39.9,31.7,768
2024-07-16 10:10:57,1402,60,305,39.9,31.7,773
2024-07-16 10:10:58,1402,60,305,39.9,31.8,771
2024-07-16 10:10:59,1402,60,306,39.9,31.9,774
2024-07-16 10:11:00,1402,60,307,39.9,31.9,776
2024-07-16 10:11:01,1410,60,307,39.9,31.9,777
2024-07-16 10:11:02,1410,60,306,39.9,31.9,782
2024-07-16 10:11:03,1410,60,307,39.9,31.9,783
2024-07-16 10:11:04,1410,60,305,39.9,31.7,782
2024-07-16 10:11:05,1410,60,305,39.9,31.7,781
2024-07-16 10:11:06,1401,60,305,39.9,31.7,788
2024-07-16 10:11:07,1401,60,305,39.9,31.7,788
2024-07-16 10:11:08,1401,60,305,39.9,31.7,784
2024-07-16 10:11:09,1401,60,305,39.9,31.7,782
2024-07-16 10:11:10,1401,60,305,39.9,31.8,783
2024-07-16 10:11:11,1410,60,306,39.9,31.9,787
2024-07-16 10:11:12,1410,60,307,39.9,31.9,789
2024-07-16 10:11:13,1410,60,307,39.9,31.9,786
2024-07-16 10:11:14,1410,60,306,39.9,31.9,782
2024-07-16 10:11:15,1410,60,307,39.9,31.9,787
2024-07-16 10:11:16,1409,60,306,39.9,31.9,786
2024-07-16 10:11:17,1409,60,305,39.9,31.7,782
2024-07-16 10:11:18,1409,60,305,39.9,31.7,782
2024-07-16 10:11:19,1409,60,304,39.9,31.6,784
2024-07-16 10:11:20,1409,60,304,39.9,31.7,783
2024-07-16 10:11:21,1404,60,305,39.9,31.7,781
2024-07-16 10:11:22,1404,60,305,39.9,31.8,780
2024-07-16 10:11:23,1404,60,306,39.9,31.8,781
2024-07-16 10:11:24,1404,60,306,39.9,31.8,777
2024-07-16 10:11:25,1404,60,306,39.9,31.8,776
2024-07-16 10:11:26,1408,60,306,39.9,31.8,775
2024-07-16 10:11:27,1408,60,306,39.9,31.8,771
2024-07-16 10:11:28,1408,60,306,39.9,31.8,769
2024-07-16 10:11:29,1408,60,306,39.9,31.8,763
2024-07-16 10:11:30,1408,60,306,39.9,31.8,768
2024-07-16 10:11:31,1408,60,306,39.9,31.8,763
2024-07-16 10:11:32,1408,60,306,39.9,31.8,760
2024-07-16 10:11:33,1408,60,305,39.9,31.7,759
2024-07-16 10:11:34,1408,60,305,39.9,31.8,756
2024-07-16 10:11:35,1408,60,305,39.9,31.8,758
2024-07-16 10:11:36,1404,60,305,39.9,31.7,749
2024-07-16 10:11:37,1404,60,305,39.9,31.8,751
2024-07-16 10:11:38,1404,60,305,39.9,31.8,750
2024-07-16 10:11:39,1404,60,305,39.9,31.8,746
2024-07-16 10:11:40,1404,60,305,39.9,31.7,741
2024-07-16 10:11:41,1403,60,305,39.9,31.7,746
2024-07-16 10:11:42,1403,60,305,39.9,31.7,739
2024-07-16 10:11:43,1403,60,305,39.9,31.7,733
2024-07-16 10:11:44,1403,60,306,39.9,31.8,733
2024-07-16 10:11:45,1403,60,306,39.9,31.8,732
2024-07-16 10:11:46,1407,60,306,39.9,31.8,728
2024-07-16 10:11:47,1407,60,306,39.9,31.8,724
2024-07-16 10:11:48,1407,60,306,39.9,31.8,721
2024-07-16 10:11:49,1407,60,306,39.9,31.8,720
2024-07-16 10:11:50,1407,60,306,39.9,31.8,716
2024-07-16 10:11:51,1408,60,306,39.9,31.8,717
2024-07-16 10:11:52,1408,60,306,39.9,31.8,712
2024-07-16 10:11:53,1408,60,306,39.9,31.8,709
2024-07-16 10:11:54,1408,60,306,39.9,31.8,709
2024-07-16 10:11:55,1408,60,306,39.9,31.8,708
2024-07-16 10:11:56,1407,60,306,39.9,31.8,705
2024-07-16 10:11:57,1407,60,306,39.9,31.8,701
2024-07-16 10:11:58,1407,60,306,39.9,31.8,698
2024-07-16 10:11:59,1407,60,306,39.9,31.8,695
2024-07-16 10:12:00,1407,60,306,39.9,31.8,697
2024-07-16 10:12:01,1406,60,305,39.9,31.8,694
2024-07-16 10:12:02,1406,60,305,39.9,31.6,691
2024-07-16 10:12:03,1406,60,304,39.9,31.6,689
2024-07-16 10:12:04,1406,60,304,39.9,31.6,685
2024-07-16 10:12:05,1406,60,305,39.9,31.7,686
2024-07-16 10:12:06,1411,60,306,39.9,31.9,685
2024-07-16 10:12:07,1411,60,307,40.0,31.9,683
2024-07-16 10:12:08,1411,60,306,40.0,31.9,682
2024-07-16 10:12:09,1411,60,307,40.0,31.9,679
2024-07-16 10:12:10,1411,60,306,40.0,31.9,682
2024-07-16 10:12:11,1410,60,307,39.9,31.8,681
2024-07-16 10:12:12,1410,60,305,39.9,31.8,681
2024-07-16 10:12:13,1410,60,306,39.9,31.8,683
2024-07-16 10:12:14,1410,60,306,39.9,31.8,680
2024-07-16 10:12:15,1410,60,305,39.9,31.8,684
2024-07-16 10:12:16,1406,60,306,39.9,31.8,684
2024-07-16 10:12:17,1406,60,306,39.9,31.8,683
2024-07-16 10:12:18,1406,60,306,39.9,31.8,685
2024-07-16 10:12:19,1406,60,306,39.9,31.8,685
2024-07-16 10:12:20,1406,60,306,39.9,31.8,689
2024-07-16 10:12:21,1406,60,306,39.9,31.8,693
2024-07-16 10:12:22,1406,60,305,39.9,31.8,692
2024-07-16 10:12:23,1406,60,306,39.9,31.8,696
2024-07-16 10:12:24,1406,60,305,39.9,31.8,702
2024-07-16 10:12:25,1406,60,306,39.9,31.8,699
2024-07-16 10:12:26,1406,60,306,39.9,31.8,703
2024-07-16 10:12:27,1406,60,306,39.9,31.8,708
2024-07-16 10:12:28,1406,60,305,39.9,31.7,710
2024-07-16 10:12:29,1406,60,305,39.9,31.7,714
2024-07-16 10:12:30,1406,60,305,39.9,31.7,718
2024-07-16 10:12:31,1405,60,305,39.9,31.7,722
2024-07-16 10:12:32,1405,60,306,39.9,31.8,730
2024-07-16 10:12:33,1405,60,305,39.9,31.8,733
2024-07-16 10:12:34,1405,60,306,39.9,31.8,740
2024-07-16 10:12:35,1405,60,306,39.9,31.8,718
2024-07-16 10:12:36,1406,60,306,39.9,31.8,718
2024-07-16 10:12:37,1406,60,305,39.9,31.8,725
2024-07-16 10:12:38,1406,60,305,39.9,31.8,725
2024-07-16 10:12:39,1406,60,305,39.9,31.8,736
2024-07-16 10:12:40,1406,60,305,39.9,31.7,742
2024-07-16 10:12:41,1409,60,307,39.9,31.9,749
2024-07-16 10:12:42,1409,60,306,39.9,31.9,757
2024-07-16 10:12:43,1409,60,306,40.0,31.8,763
2024-07-16 10:12:44,1409,60,306,40.0,31.9,772
2024-07-16 10:12:45,1409,60,306,40.0,31.8,778
2024-07-16 10:12:46,1410,60,306,40.0,31.8,792
2024-07-16 10:12:47,1410,60,306,40.0,31.9,794
2024-07-16 10:12:48,1410,60,306,40.0,31.8,801
2024-07-16 10:12:49,1410,60,305,39.9,31.8,809
2024-07-16 10:12:50,1410,60,305,39.9,31.7,820
2024-07-16 10:12:51,1405,60,305,39.9,31.8,827
2024-07-16 10:12:52,1405,60,305,39.9,31.7,837
2024-07-16 10:12:53,1405,60,305,39.9,31.7,846
2024-07-16 10:12:54,1405,60,306,39.9,31.8,852
2024-07-16 10:12:55,1405,60,305,39.9,31.7,864
2024-07-16 10:12:56,1406,60,306,39.9,31.8,870
2024-07-16 10:12:57,1406,60,305,39.9,31.7,876
2024-07-16 10:12:58,1406,60,305,39.9,31.7,887
2024-07-16 10:12:59,1406,60,306,39.9,31.8,899
2024-07-16 10:13:00,1406,60,306,39.9,31.8,909
2024-07-16 10:13:01,1405,60,306,39.9,31.8,921
2024-07-16 10:13:02,1405,60,305,39.9,31.7,930
2024-07-16 10:13:03,1405,60,305,39.9,31.8,937
2024-07-16 10:13:04,1405,60,306,39.9,31.8,945
2024-07-16 10:13:05,1405,60,306,39.9,31.8,951
2024-07-16 10:13:06,1409,60,306,40.0,31.8,955
2024-07-16 10:13:07,1409,60,306,40.0,31.8,955
2024-07-16 10:13:08,1409,60,306,40.0,31.8,963
2024-07-16 10:13:09,1409,60,306,40.0,31.8,969
2024-07-16 10:13:10,1409,60,306,40.0,31.8,968
2024-07-16 10:13:11,1409,60,306,40.0,31.8,970
2024-07-16 10:13:12,1409,60,306,40.0,31.8,975
2024-07-16 10:13:13,1409,60,306,39.9,31.8,974
2024-07-16 10:13:14,1409,60,306,39.9,31.8,974
2024-07-16 10:13:15,1409,60,306,40.0,31.8,980
2024-07-16 10:13:16,1409,60,306,40.0,31.8,979
2024-07-16 10:13:17,1409,60,306,40.0,31.8,981
2024-07-16 10:13:18,1409,60,306,39.9,31.8,980
2024-07-16 10:13:19,1409,60,305,39.9,31.7,983
2024-07-16 10:13:20,1409,60,305,39.9,31.8,979
2024-07-16 10:13:21,1405,60,305,39.9,31.7,964
2024-07-16 10:13:22,1405,60,305,39.9,31.7,984
2024-07-16 10:13:23,1405,60,305,39.9,31.7,985
2024-07-16 10:13:24,1405,60,305,39.9,31.7,984
2024-07-16 10:13:25,1405,60,305,39.9,31.7,980
2024-07-16 10:13:26,1405,60,306,39.9,31.8,981
2024-07-16 10:13:27,1405,60,306,39.9,31.8,981
2024-07-16 10:13:28,1405,60,306,39.9,31.8,978
2024-07-16 10:13:29,1405,60,306,39.9,31.8,973
2024-07-16 10:13:30,1405,60,306,39.9,31.8,971
2024-07-16 10:13:31,1408,60,306,39.9,31.8,962
2024-07-16 10:13:32,1408,60,306,40.0,31.8,973
2024-07-16 10:13:33,1408,60,306,40.0,31.8,970
2024-07-16 10:13:34,1408,60,306,40.0,31.8,971
2024-07-16 10:13:35,1408,60,306,40.0,31.8,973
2024-07-16 10:13:36,1408,60,306,40.0,31.8,967
2024-07-16 10:13:37,1408,60,306,40.0,31.8,967
2024-07-16 10:13:38,1408,60,306,40.0,31.8,967
2024-07-16 10:13:39,1408,60,306,39.9,31.9,966
2024-07-16 10:13:40,1408,60,306,40.0,31.8,969
2024-07-16 10:13:41,1408,60,306,39.9,31.8,972
2024-07-16 10:13:42,1408,60,306,39.9,31.8,974
2024-07-16 10:13:43,1408,60,306,40.0,31.8,972
2024-07-16 10:13:44,1408,60,305,39.9,31.7,973
2024-07-16 10:13:45,1408,60,305,39.9,31.7,972
2024-07-16 10:13:46,1404,60,305,39.9,31.7,974
2024-07-16 10:13:47,1404,60,305,39.9,31.7,982
2024-07-16 10:13:48,1404,60,305,39.9,31.7,978
2024-07-16 10:13:49,1404,60,305,39.9,31.7,980
2024-07-16 10:13:50,1404,60,306,40.0,31.8,981
2024-07-16 10:13:51,1408,60,306,39.9,31.8,985
2024-07-16 10:13:52,1408,60,306,40.0,31.8,987
2024-07-16 10:13:53,1408,60,306,39.9,31.8,991
2024-07-16 10:13:54,1408,60,306,40.0,31.8,988
2024-07-16 10:13:55,1408,60,307,40.0,31.9,987
2024-07-16 10:13:56,1412,60,307,40.0,31.9,988
2024-07-16 10:13:57,1412,60,307,40.0,31.9,983
2024-07-16 10:13:58,1412,60,307,40.0,31.9,989
2024-07-16 10:13:59,1412,60,306,40.0,31.8,984
2024-07-16 10:14:00,1412,60,305,39.9,31.7,992
2024-07-16 10:14:01,1406,60,305,39.9,31.7,986
2024-07-16 10:14:02,1406,60,305,39.9,31.7,986
2024-07-16 10:14:03,1406,60,305,39.9,31.7,987
2024-07-16 10:14:04,1406,60,305,39.9,31.7,992
2024-07-16 10:14:05,1406,60,305,39.9,31.7,993
2024-07-16 10:14:06,1404,60,305,40.0,31.7,999
2024-07-16 10:14:07,1404,60,307,40.0,31.9,989
2024-07-16 10:14:08,1404,60,307,40.0,32.0,980
2024-07-16 10:14:09,1404,60,307,40.0,31.9,982
2024-07-16 10:14:10,1404,60,306,40.0,31.8,976
2024-07-16 10:14:11,1409,60,305,39.9,31.8,980
2024-07-16 10:14:12,1409,60,305,40.0,31.8,982
2024-07-16 10:14:13,1409,60,306,40.0,31.8,979
2024-07-16 10:14:14,1409,60,306,40.0,31.8,976
2024-07-16 10:14:15,1409,60,306,39.9,31.8,976
2024-07-16 10:14:16,1407,60,306,39.9,31.8,974
2024-07-16 10:14:17,1407,60,306,39.9,31.8,977
2024-07-16 10:14:18,1407,60,305,39.9,31.7,975
2024-07-16 10:14:19,1407,60,306,39.9,31.8,978
2024-07-16 10:14:20,1407,60,306,39.9,31.8,977
2024-07-16 10:14:21,1407,60,305,40.0,31.7,972
2024-07-16 10:14:22,1407,60,305,39.9,31.8,974
2024-07-16 10:14:23,1407,60,305,39.9,31.7,975
2024-07-16 10:14:24,1407,60,305,39.9,31.7,977
2024-07-16 10:14:25,1407,60,305,40.0,31.8,979
2024-07-16 10:14:26,1407,60,305,40.0,31.8,978
2024-07-16 10:14:27,1407,60,305,40.0,31.7,977
2024-07-16 10:14:28,1407,60,305,40.0,31.8,987
2024-07-16 10:14:29,1407,60,306,40.0,31.8,982
2024-07-16 10:14:30,1407,60,306,40.0,31.9,976
2024-07-16 10:14:31,1411,60,306,40.0,31.9,982
2024-07-16 10:14:32,1411,60,306,40.0,31.8,984
2024-07-16 10:14:33,1411,60,306,40.0,31.8,986
2024-07-16 10:14:34,1411,60,306,40.0,31.8,980
2024-07-16 10:14:35,1411,60,306,40.0,31.8,979
2024-07-16 10:14:36,1411,60,306,40.0,31.8,980
2024-07-16 10:14:37,1411,60,306,39.9,31.8,980
2024-07-16 10:14:38,1411,60,306,40.0,31.8,978
2024-07-16 10:14:39,1411,60,306,40.0,31.7,978
2024-07-16 10:14:40,1411,60,305,40.0,31.7,975
2024-07-16 10:14:41,1407,60,305,39.9,31.7,974
2024-07-16 10:14:42,1407,60,305,39.9,31.8,973
2024-07-16 10:14:43,1407,60,305,39.9,31.7,971
2024-07-16 10:14:44,1407,60,306,39.9,31.8,969
2024-07-16 10:14:45,1407,60,306,39.9,31.8,969
2024-07-16 10:14:46,1408,60,306,39.9,31.8,965
2024-07-16 10:14:47,1408,60,305,40.0,31.7,964
2024-07-16 10:14:48,1408,60,306,39.9,31.7,960
2024-07-16 10:14:49,1408,60,305,40.0,31.8,959
2024-07-16 10:14:50,1408,60,306,40.0,31.8,962
2024-07-16 10:14:51,1407,60,305,40.0,31.8,959
2024-07-16 10:14:52,1407,60,306,39.9,31.8,957
2024-07-16 10:14:53,1407,60,306,39.9,31.8,955
2024-07-16 10:14:54,1407,60,306,40.0,31.8,956
2024-07-16 10:14:55,1407,60,307,40.0,31.9,956
2024-07-16 10:14:56,1412,60,306,40.0,31.9,953
2024-07-16 10:14:57,1412,60,307,40.0,31.9,947
2024-07-16 10:14:58,1412,60,306,40.0,31.8,956
2024-07-16 10:14:59,1412,60,307,40.0,31.9,947
2024-07-16 10:15:00,1412,60,306,40.0,31.9,951
2024-07-16 10:15:01,1411,60,306,40.0,31.9,949
2024-07-16 10:15:02,1411,60,305,40.0,31.7,947
2024-07-16 10:15:03,1411,60,304,39.9,31.7,949
2024-07-16 10:15:04,1411,60,304,39.9,31.6,949
2024-07-16 10:15:05,1411,60,304,39.9,31.6,951
2024-07-16 10:15:06,1403,60,305,39.9,31.7,951
2024-07-16 10:15:07,1403,60,305,40.0,31.8,950
2024-07-16 10:15:08,1403,60,305,39.9,31.8,962
2024-07-16 10:15:09,1403,60,306,39.9,31.8,951
2024-07-16 10:15:10,1403,60,306,40.0,31.9,948
2024-07-16 10:15:11,1412,60,306,40.0,31.8,950
2024-07-16 10:15:12,1412,60,306,40.0,31.8,953
2024-07-16 10:15:13,1412,60,306,40.0,31.8,953
2024-07-16 10:15:14,1412,60,306,40.0,31.8,951
2024-07-16 10:15:15,1412,60,306,40.0,31.8,951
2024-07-16 10:15:16,1412,60,306,40.0,31.8,946
2024-07-16 10:15:17,1412,60,306,40.0,31.8,949
2024-07-16 10:15:18,1412,60,306,40.0,31.8,948
2024-07-16 10:15:19,1412,60,306,40.0,31.8,949
2024-07-16 10:15:20,1412,60,305,40.0,31.8,948
2024-07-16 10:15:21,1407,60,305,39.9,31.8,949
2024-07-16 10:15:22,1407,60,306,39.9,31.8,946
2024-07-16 10:15:23,1407,60,306,40.0,31.8,945
2024-07-16 10:15:24,1407,60,306,39.9,31.8,946
2024-07-16 10:15:25,1407,60,305,40.0,31.7,953
2024-07-16 10:15:26,1407,60,306,39.9,31.8,942
2024-07-16 10:15:27,1407,60,305,40.0,31.7,941
2024-07-16 10:15:28,1407,60,306,40.0,31.8,939
2024-07-16 10:15:29,1407,60,305,39.9,31.7,947
2024-07-16 10:15:30,1407,60,305,40.0,31.7,943
2024-07-16 10:15:31,1407,60,306,39.9,31.8,946
2024-07-16 10:15:32,1407,60,306,40.0,31.8,948
2024-07-16 10:15:33,1407,60,306,40.0,31.8,954
2024-07-16 10:15:34,1407,60,307,40.0,31.9,949
2024-07-16 10:15:35,1407,60,306,40.0,31.9,959
2024-07-16 10:15:36,1411,60,306,40.0,31.8,954
2024-07-16 10:15:37,1411,60,306,40.0,31.8,951
2024-07-16 10:15:38,1411,60,306,40.0,31.9,953
2024-07-16 10:15:39,1411,60,306,40.0,31.9,956
2024-07-16 10:15:40,1411,60,306,40.0,31.8,957
2024-07-16 10:15:41,1408,60,306,40.0,31.8,964
2024-07-16 10:15:42,1408,60,306,40.0,31.8,948
2024-07-16 10:15:43,1408,60,305,40.0,31.8,952
2024-07-16 10:15:44,1408,60,306,40.0,31.8,965
2024-07-16 10:15:45,1408,60,306,40.0,31.8,959
2024-07-16 10:15:46,1407,60,306,39.9,31.8,958
2024-07-16 10:15:47,1407,60,306,39.9,31.8,963
2024-07-16 10:15:48,1407,60,305,40.0,31.7,958
2024-07-16 10:15:49,1407,60,305,39.9,31.7,962
2024-07-16 10:15:50,1407,60,305,39.9,31.8,962
2024-07-16 10:15:51,1407,60,305,39.9,31.7,960
2024-07-16 10:15:52,1407,60,305,39.9,31.7,968
2024-07-16 10:15:53,1407,60,305,39.9,31.7,960
2024-07-16 10:15:54,1407,60,306,40.0,31.9,963
2024-07-16 10:15:55,1407,60,307,40.0,31.9,962
2024-07-16 10:15:56,1415,60,307,40.0,31.9,969
2024-07-16 10:15:57,1415,60,307,40.0,32.0,964
2024-07-16 10:15:58,1415,60,306,40.0,31.9,963
2024-07-16 10:15:59,1415,60,306,40.0,31.8,970
2024-07-16 10:16:00,1415,60,305,40.0,31.7,965
2024-07-16 10:16:01,1407,60,306,39.9,31.8,963
2024-07-16 10:16:02,1407,60,305,39.9,31.8,966
2024-07-16 10:16:03,1407,60,305,39.9,31.8,963
2024-07-16 10:16:04,1407,60,305,39.9,31.7,965
2024-07-16 10:16:05,1407,60,305,39.9,31.8,967
2024-07-16 10:16:06,1407,60,305,39.9,31.8,965
2024-07-16 10:16:07,1407,60,305,39.9,31.7,964
2024-07-16 10:16:08,1407,60,305,39.9,31.7,965
2024-07-16 10:16:09,1407,60,306,40.0,31.8,967
2024-07-16 10:16:10,1407,60,307,40.0,31.9,965
2024-07-16 10:16:11,1415,60,307,40.0,31.9,967
2024-07-16 10:16:12,1415,60,307,40.0,31.9,970
2024-07-16 10:16:13,1415,60,307,40.0,31.9,966
2024-07-16 10:16:14,1415,60,307,40.0,31.9,968
2024-07-16 10:16:15,1415,60,305,39.9,31.7,970
2024-07-16 10:16:16,1402,60,304,39.9,31.6,973
2024-07-16 10:16:17,1402,60,304,39.9,31.6,973
2024-07-16 10:16:18,1402,60,305,39.9,31.8,975
2024-07-16 10:16:19,1402,60,307,40.0,31.9,973
2024-07-16 10:16:20,1402,60,307,40.0,31.9,977
2024-07-16 10:16:21,1415,60,307,40.0,31.9,976
2024-07-16 10:16:22,1415,60,307,40.0,31.9,977
2024-07-16 10:16:23,1415,60,307,40.0,31.8,984
2024-07-16 10:16:24,1415,60,305,39.9,31.7,975
2024-07-16 10:16:25,1415,60,305,40.0,31.8,976
2024-07-16 10:16:26,1407,60,305,40.0,31.8,980
2024-07-16 10:16:27,1407,60,305,39.9,31.7,983
2024-07-16 10:16:28,1407,60,305,39.9,31.7,983
2024-07-16 10:16:29,1407,60,305,39.9,31.7,983
2024-07-16 10:16:30,1407,60,305,39.9,31.7,980
2024-07-16 10:16:31,1407,60,305,39.9,31.7,993
2024-07-16 10:16:32,1407,60,305,39.9,31.8,988
2024-07-16 10:16:33,1407,60,306,40.0,31.8,990
2024-07-16 10:16:34,1407,60,306,40.0,31.9,991
2024-07-16 10:16:35,1407,60,306,40.0,31.8,992
2024-07-16 10:16:36,1411,60,306,40.0,31.8,990
2024-07-16 10:16:37,1411,60,306,40.0,31.8,997
2024-07-16 10:16:38,1411,60,306,40.0,31.8,997
2024-07-16 10:16:39,1411,60,306,40.0,31.8,997
2024-07-16 10:16:40,1411,60,306,40.0,31.8,1001
2024-07-16 10:16:41,1411,60,306,40.0,31.8,1002
2024-07-16 10:16:42,1411,60,306,40.0,31.8,1003
2024-07-16 10:16:43,1411,60,306,40.0,31.8,1004
2024-07-16 10:16:44,1411,60,306,40.0,31.8,1008
2024-07-16 10:16:45,1411,60,306,40.0,31.8,1009
2024-07-16 10:16:46,1411,60,306,40.0,31.8,1012
2024-07-16 10:16:47,1411,60,306,40.0,31.8,1012
2024-07-16 10:16:48,1411,60,306,40.0,31.8,1015
2024-07-16 10:16:49,1411,60,306,40.0,31.8,1016
2024-07-16 10:16:50,1411,60,306,40.0,31.8,1024
2024-07-16 10:16:51,1411,60,305,39.9,31.7,1021
2024-07-16 10:16:52,1411,60,305,39.9,31.7,1026
2024-07-16 10:16:53,1411,60,305,39.9,31.8,1029
2024-07-16 10:16:54,1411,60,305,39.9,31.7,1030
2024-07-16 10:16:55,1411,60,305,39.9,31.7,1033
2024-07-16 10:16:56,1406,60,306,39.9,31.8,1036
2024-07-16 10:16:57,1406,60,306,40.0,31.8,1036
2024-07-16 10:16:58,1406,60,306,40.0,31.8,1041
2024-07-16 10:16:59,1406,60,306,40.0,31.8,1041
2024-07-16 10:17:00,1406,60,306,40.0,31.8,1044
2024-07-16 10:17:01,1410,60,305,40.0,31.8,1049
2024-07-16 10:17:02,1410,60,306,40.0,31.8,1053
2024-07-16 10:17:03,1410,60,306,40.0,31.8,1053
2024-07-16 10:17:04,1410,60,306,40.0,31.8,1057
2024-07-16 10:17:05,1410,60,306,40.0,31.8,1064
2024-07-16 10:17:06,1410,60,306,40.0,31.8,1071
2024-07-16 10:17:07,1410,60,306,40.0,31.8,1075
2024-07-16 10:17:08,1410,60,306,40.0,31.8,1075
2024-07-16 10:17:09,1410,60,306,40.0,31.8,1073
2024-07-16 10:17:10,1410,60,306,40.0,31.8,1053
2024-07-16 10:17:11,1411,60,306,40.0,31.8,1059
2024-07-16 10:17:12,1411,60,306,40.0,31.8,1072
2024-07-16 10:17:13,1411,60,306,40.0,31.8,1078
2024-07-16 10:17:14,1411,60,306,40.0,31.8,1084
2024-07-16 10:17:15,1411,60,306,40.0,31.8,1092
2024-07-16 10:17:16,1410,60,306,40.0,31.8,1095
2024-07-16 10:17:17,1410,60,306,40.0,31.8,1043
2024-07-16 10:17:18,1410,60,306,40.0,31.8,1095
2024-07-16 10:17:19,1410,60,306,40.0,31.8,1103
2024-07-16 10:17:20,1410,60,306,40.0,31.8,1101
2024-07-16 10:17:21,1410,60,306,40.0,31.8,1107
2024-07-16 10:17:22,1410,60,306,40.0,31.8,1109
2024-07-16 10:17:23,1410,60,306,40.0,31.8,1112
2024-07-16 10:17:24,1410,60,306,40.0,31.8,1112
2024-07-16 10:17:25,1410,60,306,40.0,31.8,1116
2024-07-16 10:17:26,1410,60,306,40.0,31.8,1116
2024-07-16 10:17:27,1410,60,306,40.0,31.8,1119
2024-07-16 10:17:28,1410,60,306,40.0,31.8,1120
2024-07-16 10:17:29,1410,60,306,40.0,31.8,1124
2024-07-16 10:17:30,1410,60,306,40.0,31.8,1128
2024-07-16 10:17:31,1411,60,306,40.0,31.8,1128
2024-07-16 10:17:32,1411,60,306,40.0,31.8,1135
2024-07-16 10:17:33,1411,60,306,40.0,31.8,1137
2024-07-16 10:17:34,1411,60,306,40.0,31.8,1141
2024-07-16 10:17:35,1411,60,306,40.0,31.8,1150
2024-07-16 10:17:36,1411,60,306,40.0,31.8,1149
2024-07-16 10:17:37,1411,60,306,40.0,31.8,1153
2024-07-16 10:17:38,1411,60,306,40.0,31.8,1159
2024-07-16 10:17:39,1411,60,306,40.0,31.9,1169
2024-07-16 10:17:40,1411,60,306,40.0,31.8,1177
2024-07-16 10:17:41,1411,60,306,40.0,31.8,1186
2024-07-16 10:17:42,1411,60,306,40.0,31.8,1186
2024-07-16 10:17:43,1411,60,306,40.0,31.8,1194
2024-07-16 10:17:44,1411,60,306,40.0,31.8,1210
2024-07-16 10:17:45,1411,60,306,40.0,31.8,1217
2024-07-16 10:17:46,1410,60,306,40.0,31.8,1212
2024-07-16 10:17:47,1410,60,306,40.0,31.8,1208
2024-07-16 10:17:48,1410,60,306,40.0,31.8,1210
2024-07-16 10:17:49,1410,60,306,40.0,31.8,1213
2024-07-16 10:17:50,1410,60,306,40.0,31.8,1221
2024-07-16 10:17:51,1409,60,305,39.9,31.7,1237
2024-07-16 10:17:52,1409,60,305,39.9,31.7,1246
2024-07-16 10:17:53,1409,60,305,39.9,31.7,1261
2024-07-16 10:17:54,1409,60,305,39.9,31.7,1284
2024-07-16 10:17:55,1409,60,305,39.9,31.7,1301
2024-07-16 10:17:56,1407,60,305,39.9,31.7,1327
2024-07-16 10:17:57,1407,60,305,39.9,31.7,1321
2024-07-16 10:17:58,1407,60,306,40.0,31.8,1320
2024-07-16 10:17:59,1407,60,307,40.0,31.9,1343
2024-07-16 10:18:00,1407,60,307,40.0,31.9,1345
2024-07-16 10:18:01,1415,60,307,40.0,31.9,1357
2024-07-16 10:18:02,1415,60,307,40.0,31.9,1354
2024-07-16 10:18:03,1415,60,307,40.0,31.9,1365
2024-07-16 10:18:04,1415,60,305,39.9,31.8,1369
2024-07-16 10:18:05,1415,60,305,39.9,31.7,1379
2024-07-16 10:18:06,1407,60,305,39.9,31.7,1380
2024-07-16 10:18:07,1407,60,305,39.9,31.7,1385
2024-07-16 10:18:08,1407,60,305,39.9,31.7,1391
2024-07-16 10:18:09,1407,60,306,40.0,31.8,1387
2024-07-16 10:18:10,1407,60,306,40.0,31.8,1393
2024-07-16 10:18:11,1416,60,307,40.0,31.9,1391
2024-07-16 10:18:12,1416,60,307,40.0,31.9,1377
2024-07-16 10:18:13,1416,60,307,40.0,31.9,1353
2024-07-16 10:18:14,1416,60,307,40.0,31.9,1353
2024-07-16 10:18:15,1416,60,306,40.0,31.8,1335
2024-07-16 10:18:16,1409,60,305,39.9,31.7,1337
2024-07-16 10:18:17,1409,60,305,40.0,31.7,1348
2024-07-16 10:18:18,1409,60,305,39.9,31.7,1354
2024-07-16 10:18:19,1409,60,305,39.9,31.7,1361
2024-07-16 10:18:20,1409,60,305,39.9,31.7,1372
2024-07-16 10:18:21,1407,60,305,39.9,31.7,1377
2024-07-16 10:18:22,1407,60,305,39.9,31.7,1374
2024-07-16 10:18:23,1407,60,306,40.0,31.8,1368
2024-07-16 10:18:24,1407,60,307,40.0,31.9,1378
2024-07-16 10:18:25,1407,60,307,40.0,31.9,1375
2024-07-16 10:18:26,1416,60,307,40.0,32.0,1346
2024-07-16 10:18:27,1416,60,307,40.0,31.9,1326
2024-07-16 10:18:28,1416,60,306,40.0,31.8,1319
2024-07-16 10:18:29,1416,60,305,39.9,31.7,1317
2024-07-16 10:18:30,1416,60,305,39.9,31.7,1310
2024-07-16 10:18:31,1407,60,305,39.9,31.7,1293
2024-07-16 10:18:32,1407,60,305,39.9,31.7,1292
2024-07-16 10:18:33,1407,60,305,39.9,31.7,1287
2024-07-16 10:18:34,1407,60,305,40.0,31.7,1285
2024-07-16 10:18:35,1407,60,307,40.0,31.9,1263
2024-07-16 10:18:36,1416,60,306,40.0,31.9,1280
2024-07-16 10:18:37,1416,60,307,40.0,31.9,1283
2024-07-16 10:18:38,1416,60,307,40.0,31.9,1282
2024-07-16 10:18:39,1416,60,307,40.0,31.9,1283
2024-07-16 10:18:40,1416,60,307,40.0,31.9,1284
2024-07-16 10:18:41,1415,60,306,40.0,31.8,1285
2024-07-16 10:18:42,1415,60,305,39.9,31.7,1293
2024-07-16 10:18:43,1415,60,306,39.9,31.8,1292
2024-07-16 10:18:44,1415,60,305,39.9,31.7,1290
2024-07-16 10:18:45,1415,60,305,39.9,31.7,1279
2024-07-16 10:18:46,1407,60,305,39.9,31.7,1282
2024-07-16 10:18:47,1407,60,305,40.0,31.7,1276
2024-07-16 10:18:48,1407,60,306,40.0,31.9,1276
2024-07-16 10:18:49,1407,60,307,40.0,31.9,1279
2024-07-16 10:18:50,1407,60,307,40.0,31.9,1275
2024-07-16 10:18:51,1415,60,307,40.0,31.9,1276
2024-07-16 10:18:52,1415,60,307,40.0,31.9,1272
2024-07-16 10:18:53,1415,60,307,40.0,31.9,1270
2024-07-16 10:18:54,1415,60,306,40.0,31.8,1270
2024-07-16 10:18:55,1415,60,305,39.9,31.7,1272
2024-07-16 10:18:56,1407,60,305,39.9,31.7,1271
2024-07-16 10:18:57,1407,60,305,39.9,31.7,1280
2024-07-16 10:18:58,1407,60,305,39.9,31.7,1269
2024-07-16 10:18:59,1407,60,306,40.0,31.8,1269
2024-07-16 10:19:00,1407,60,307,40.0,31.9,1270
2024-07-16 10:19:01,1416,60,307,40.0,31.9,1269
2024-07-16 10:19:02,1416,60,307,40.0,31.9,1269
2024-07-16 10:19:03,1416,60,307,40.0,31.9,1269
2024-07-16 10:19:04,1416,60,307,40.0,31.9,1269
2024-07-16 10:19:05,1416,60,306,40.0,31.9,1267
2024-07-16 10:19:06,1406,60,305,39.9,31.7,1270
2024-07-16 10:19:07,1406,60,304,39.9,31.6,1271
2024-07-16 10:19:08,1406,60,304,39.9,31.6,1271
2024-07-16 10:19:09,1406,60,304,40.0,31.8,1272
2024-07-16 10:19:10,1406,60,307,40.0,31.9,1272
2024-07-16 10:19:11,1415,60,307,40.0,31.9,1267
2024-07-16 10:19:12,1415,60,307,40.0,31.9,1267
2024-07-16 10:19:13,1415,60,307,40.0,31.9,1270
2024-07-16 10:19:14,1415,60,307,40.0,31.9,1266
2024-07-16 10:19:15,1415,60,306,40.0,31.8,1288
2024-07-16 10:19:16,1407,60,305,39.9,31.7,1320
2024-07-16 10:19:17,1407,60,305,39.9,31.7,1357
2024-07-16 10:19:18,1407,60,305,39.9,31.7,1359
2024-07-16 10:19:19,1407,60,305,39.9,31.7,1360
2024-07-16 10:19:20,1407,60,305,39.9,31.7,1364
2024-07-16 10:19:21,1407,60,304,39.9,31.6,1365
2024-07-16 10:19:22,1407,60,307,40.0,32.0,1356
2024-07-16 10:19:23,1407,60,308,40.0,32.0,1352
2024-07-16 10:19:24,1407,60,307,40.0,31.9,1344
2024-07-16 10:19:25,1407,60,307,40.0,31.9,1334
2024-07-16 10:19:26,1418,60,306,40.0,31.9,1321
2024-07-16 10:19:27,1418,60,306,40.0,31.8,1311
2024-07-16 10:19:28,1418,60,305,39.9,31.7,1297
2024-07-16 10:19:29,1418,60,305,39.9,31.7,1297
2024-07-16 10:19:30,1418,60,305,39.9,31.7,1289
2024-07-16 10:19:31,1407,60,305,39.9,31.7,1284
2024-07-16 10:19:32,1407,60,305,39.9,31.7,1284
2024-07-16 10:19:33,1407,60,306,40.0,31.8,1279
2024-07-16 10:19:34,1407,60,307,40.0,31.9,1269
2024-07-16 10:19:35,1407,60,307,40.0,31.9,1253
2024-07-16 10:19:36,1415,60,306,40.0,31.8,1232
2024-07-16 10:19:37,1415,60,307,40.0,31.9,1205
2024-07-16 10:19:38,1415,60,306,40.0,31.9,1202
2024-07-16 10:19:39,1415,60,307,40.0,31.9,1191
2024-07-16 10:19:40,1415,60,307,40.0,31.9,1189
2024-07-16 10:19:41,1415,60,306,40.0,31.8,1183
2024-07-16 10:19:42,1415,60,305,39.9,31.7,1188
2024-07-16 10:19:43,1415,60,305,39.9,31.7,1203
2024-07-16 10:19:44,1415,60,305,39.9,31.7,1217
2024-07-16 10:19:45,1415,60,305,39.9,31.7,1222
2024-07-16 10:19:46,1407,60,305,39.9,31.7,1222
2024-07-16 10:19:47,1407,60,306,40.0,31.8,1214
2024-07-16 10:19:48,1407,60,308,40.0,32.0,1200
2024-07-16 10:19:49,1407,60,308,40.0,32.0,1173
2024-07-16 10:19:50,1407,60,307,40.0,31.9,1154
2024-07-16 10:19:51,1417,60,307,40.0,31.9,1144
2024-07-16 10:19:52,1417,60,305,40.0,31.8,1145
2024-07-16 10:19:53,1417,60,305,39.9,31.7,1142
2024-07-16 10:19:54,1417,60,305,39.9,31.7,1129
2024-07-16 10:19:55,1417,60,305,39.9,31.7,1119
2024-07-16 10:19:56,1408,60,305,39.9,31.7,1113
2024-07-16 10:19:57,1408,60,306,40.0,31.8,1098
2024-07-16 10:19:58,1408,60,306,40.0,31.8,1089
2024-07-16 10:19:59,1408,60,306,40.0,31.8,1088
2024-07-16 10:20:00,1408,60,306,40.0,31.8,1091
2024-07-16 10:20:01,1412,60,306,40.0,31.8,1093
2024-07-16 10:20:02,1412,60,306,40.0,31.8,1086
2024-07-16 10:20:03,1412,60,306,40.0,31.8,1080
2024-07-16 10:20:04,1412,60,306,40.0,31.8,1079
2024-07-16 10:20:05,1412,60,306,40.0,31.8,1076
2024-07-16 10:20:06,1411,60,305,40.0,31.8,1072
2024-07-16 10:20:07,1411,60,306,40.0,31.8,1071
2024-07-16 10:20:08,1411,60,306,40.0,31.8,1062
2024-07-16 10:20:09,1411,60,306,40.0,31.8,1047
2024-07-16 10:20:10,1411,60,306,40.0,31.8,1034
2024-07-16 10:20:11,1416,60,307,40.0,31.9,1021
2024-07-16 10:20:12,1416,60,307,40.0,31.9,1012
2024-07-16 10:20:13,1416,60,307,40.0,31.9,1009
2024-07-16 10:20:14,1416,60,307,40.0,31.9,1004
2024-07-16 10:20:15,1416,60,307,40.0,31.9,1002
2024-07-16 10:20:16,1411,60,306,40.0,31.8,1000
2024-07-16 10:20:17,1411,60,305,39.9,31.7,1006
2024-07-16 10:20:18,1411,60,305,39.9,31.7,1000
2024-07-16 10:20:19,1411,60,305,39.9,31.7,997
2024-07-16 10:20:20,1411,60,305,39.9,31.7,1001
2024-07-16 10:20:21,1407,60,306,40.0,31.8,1000
2024-07-16 10:20:22,1407,60,307,40.0,31.9,1005
2024-07-16 10:20:23,1407,60,307,40.0,31.9,1014
2024-07-16 10:20:24,1407,60,306,40.0,31.9,1023
2024-07-16 10:20:25,1407,60,306,40.0,31.9,1040
2024-07-16 10:20:26,1416,60,307,40.0,31.9,1039
2024-07-16 10:20:27,1416,60,306,40.0,31.8,1038
2024-07-16 10:20:28,1416,60,305,39.9,31.7,1043
2024-07-16 10:20:29,1416,60,305,39.9,31.7,1031
2024-07-16 10:20:30,1416,60,305,39.9,31.7,1032
2024-07-16 10:20:31,1408,60,305,39.9,31.8,1020
2024-07-16 10:20:32,,,,,,1014
2024-07-16 10:20:33,1408,60,307,40.0,31.9,1014
2024-07-16 10:20:34,1408,60,307,40.0,31.9,1019
2024-07-16 10:20:35,1408,60,307,40.0,31.9,1026
2024-07-16 10:20:36,1416,60,307,40.0,31.9,1024
2024-07-16 10:20:37,1416,60,307,40.0,31.9,1028
2024-07-16 10:20:38,1416,60,307,40.0,31.9,1024
2024-07-16 10:20:39,1416,60,305,39.9,31.8,1025
2024-07-16 10:20:40,1416,60,305,39.9,31.7,1028
2024-07-16 10:20:41,1408,60,305,39.9,31.7,1029
2024-07-16 10:20:42,1408,60,305,39.9,31.7,1031
2024-07-16 10:20:43,1408,60,305,39.9,31.7,1039
2024-07-16 10:20:44,1408,60,305,39.9,31.7,1041
2024-07-16 10:20:45,1408,60,305,39.9,31.7,1043
2024-07-16 10:20:46,1408,60,306,40.0,31.8,1048
2024-07-16 10:20:47,1408,60,307,40.0,31.9,1045
2024-07-16 10:20:48,1408,60,307,40.0,31.9,1056
2024-07-16 10:20:49,1408,60,307,40.0,32.0,1054
2024-07-16 10:20:50,1408,60,307,40.0,31.9,1052
2024-07-16 10:20:51,1416,60,306,40.0,31.8,1068
2024-07-16 10:20:52,1416,60,305,39.9,31.7,1072
2024-07-16 10:20:53,1416,60,305,40.0,31.7,1077
2024-07-16 10:20:54,1416,60,305,40.0,31.7,1077
2024-07-16 10:20:55,1416,60,305,39.9,31.7,1079
2024-07-16 10:20:56,1409,60,305,39.9,31.8,1085
2024-07-16 10:20:57,1409,60,307,40.0,31.9,1088
2024-07-16 10:20:58,1409,60,307,40.0,31.9,1094
2024-07-16 10:20:59,1409,60,307,40.0,31.9,1094
2024-07-16 10:21:00,1409,60,306,40.0,31.9,1097
2024-07-16 10:21:01,1417,60,307,40.0,31.9,1100
2024-07-16 10:21:02,1417,60,307,40.0,31.9,1103
2024-07-16 10:21:03,1417,60,306,40.0,31.8,1105
2024-07-16 10:21:04,1417,60,305,39.9,31.7,1108
2024-07-16 10:21:05,1417,60,305,39.9,31.7,1111
2024-07-16 10:21:06,1408,60,305,39.9,31.7,1114
2024-07-16 10:21:07,1408,60,305,39.9,31.7,1123
2024-07-16 10:21:08,1408,60,305,39.9,31.7,1119
2024-07-16 10:21:09,1408,60,305,39.9,31.7,1121
2024-07-16 10:21:10,1408,60,306,40.0,31.8,1127
2024-07-16 10:21:11,1413,60,306,40.0,31.8,1127
2024-07-16 10:21:12,1413,60,306,40.0,31.8,1132
2024-07-16 10:21:13,1413,60,306,40.0,31.8,1130
2024-07-16 10:21:14,1413,60,305,40.0,31.8,1121
2024-07-16 10:21:15,1413,60,305,40.0,31.8,1125
2024-07-16 10:21:16,1412,60,305,40.0,31.8,1135
2024-07-16 10:21:17,1412,60,306,40.0,31.9,1140
2024-07-16 10:21:18,1412,60,307,40.0,31.9,1137
2024-07-16 10:21:19,1412,60,307,40.0,31.9,1141
2024-07-16 10:21:20,1412,60,307,40.0,31.9,1144
2024-07-16 10:21:21,1418,60,306,40.0,31.8,1144
2024-07-16 10:21:22,1418,60,307,40.0,31.9,1145
2024-07-16 10:21:23,1418,60,305,39.9,31.7,1148
2024-07-16 10:21:24,1418,60,305,39.9,31.7,1149
2024-07-16 10:21:25,1418,60,305,39.9,31.7,1151
2024-07-16 10:21:26,1408,60,305,39.9,31.7,1155
2024-07-16 10:21:27,1408,60,305,39.9,31.7,1152
2024-07-16 10:21:28,1408,60,305,40.0,31.7,1154
2024-07-16 10:21:29,1408,60,306,40.0,31.8,1154
2024-07-16 10:21:30,1408,60,306,40.0,31.8,1155
2024-07-16 10:21:31,1414,60,306,40.0,31.8,1159
2024-07-16 10:21:32,1414,60,306,40.0,31.8,1153
2024-07-16 10:21:33,1414,60,306,40.0,31.8,1154
2024-07-16 10:21:34,1414,60,306,40.0,31.8,1156
2024-07-16 10:21:35,1414,60,306,40.0,31.8,1153
2024-07-16 10:21:36,1413,60,306,40.0,31.8,1154
2024-07-16 10:21:37,1413,60,307,40.0,31.9,1155
2024-07-16 10:21:38,1413,60,307,40.0,31.9,1156
2024-07-16 10:21:39,1413,60,307,40.0,31.9,1150
2024-07-16 10:21:40,1413,60,307,40.0,31.9,1120
2024-07-16 10:21:41,1418,60,307,40.0,31.9,1152
2024-07-16 10:21:42,1418,60,306,40.0,31.8,1146
2024-07-16 10:21:43,1418,60,305,39.9,31.7,1152
2024-07-16 10:21:44,1418,60,305,39.9,31.7,1154
2024-07-16 10:21:45,1418,60,305,39.9,31.7,1165
2024-07-16 10:21:46,1409,60,305,39.9,31.7,1155
2024-07-16 10:21:47,1409,60,305,39.9,31.7,1157
2024-07-16 10:21:48,1409,60,306,40.0,31.9,1158
2024-07-16 10:21:49,1409,60,307,40.0,31.9,1159
2024-07-16 10:21:50,1409,60,307,40.0,31.9,1164
2024-07-16 10:21:51,1417,60,307,40.0,31.9,1158
2024-07-16 10:21:52,1417,60,307,40.0,31.9,1156
2024-07-16 10:21:53,1417,60,307,40.0,31.9,1156
2024-07-16 10:21:54,1417,60,306,40.0,31.8,1111
2024-07-16 10:21:55,1417,60,306,40.0,31.7,1161
2024-07-16 10:21:56,1408,60,305,39.9,31.7,1155
2024-07-16 10:21:57,1408,60,305,39.9,31.7,1158
2024-07-16 10:21:58,1408,60,305,39.9,31.7,1158
2024-07-16 10:21:59,1408,60,305,39.9,31.7,1157
2024-07-16 10:22:00,1408,60,305,39.9,31.7,1156
2024-07-16 10:22:01,1413,60,306,40.0,31.8,1160
2024-07-16 10:22:02,1413,60,306,40.0,31.9,1161
2024-07-16 10:22:03,1413,60,307,40.0,31.9,1164
2024-07-16 10:22:04,1413,60,307,40.0,31.9,1162
2024-07-16 10:22:05,1413,60,306,40.0,31.9,1162
2024-07-16 10:22:06,1417,60,307,40.0,31.9,1164
2024-07-16 10:22:07,1417,60,307,40.0,31.9,1165
2024-07-16 10:22:08,1417,60,306,40.0,31.9,1167
2024-07-16 10:22:09,1417,60,305,40.0,31.8,1167
2024-07-16 10:22:10,1417,60,305,39.9,31.7,1168
2024-07-16 10:22:11,1409,60,305,39.9,31.7,1170
2024-07-16 10:22:12,1409,60,305,39.9,31.7,1179
2024-07-16 10:22:13,1409,60,305,39.9,31.7,1176
2024-07-16 10:22:14,1409,60,305,39.9,31.7,1179
2024-07-16 10:22:15,1409,60,305,40.0,31.7,1179
2024-07-16 10:22:16,1411,60,307,40.0,31.9,1178
2024-07-16 10:22:17,1411,60,307,40.0,31.9,1182
2024-07-16 10:22:18,1411,60,307,40.0,31.9,1184
2024-07-16 10:22:19,1411,60,307,40.0,31.9,1185
2024-07-16 10:22:20,1411,60,307,40.0,31.9,1187
2024-07-16 10:22:21,1417,60,306,40.0,31.8,1185
2024-07-16 10:22:22,1417,60,305,39.9,31.7,1184
2024-07-16 10:22:23,1417,60,305,39.9,31.7,1181
2024-07-16 10:22:24,1417,60,305,39.9,31.7,1185
2024-07-16 10:22:25,1417,60,305,39.9,31.7,1187
2024-07-16 10:22:26,1410,60,305,39.9,31.7,1189
2024-07-16 10:22:27,1410,60,305,39.9,31.7,1185
2024-07-16 10:22:28,1410,60,306,40.0,31.8,1191
2024-07-16 10:22:29,1410,60,306,40.0,31.8,1191
2024-07-16 10:22:30,1410,60,307,40.0,31.9,1189
2024-07-16 10:22:31,1419,60,307,40.0,31.9,1187
2024-07-16 10:22:32,1419,60,307,40.0,31.9,1192
2024-07-16 10:22:33,1419,60,307,40.0,31.9,1190
2024-07-16 10:22:34,1419,60,305,39.9,31.7,1191
2024-07-16 10:22:35,1419,60,305,39.9,31.7,1203
2024-07-16 10:22:36,1410,60,305,39.9,31.7,1193
2024-07-16 10:22:37,1410,60,305,39.9,31.7,1192
2024-07-16 10:22:38,1410,60,305,39.9,31.7,1195
2024-07-16 10:22:39,1410,60,305,39.9,31.7,1197
2024-07-16 10:22:40,1410,60,306,39.9,31.8,1195
2024-07-16 10:22:41,1418,60,307,40.0,31.9,1194
2024-07-16 10:22:42,1418,60,307,40.0,31.9,1193
2024-07-16 10:22:43,1418,60,307,40.0,31.9,1197
2024-07-16 10:22:44,1418,60,307,40.0,31.9,1196
2024-07-16 10:22:45,1418,60,306,40.0,31.9,1197
2024-07-16 10:22:46,1413,60,306,39.9,31.7,1202
2024-07-16 10:22:47,1413,60,305,39.9,31.7,1195
2024-07-16 10:22:48,1413,60,305,39.9,31.7,1202
2024-07-16 10:22:49,1413,60,305,39.9,31.7,1191
2024-07-16 10:22:50,1413,60,305,39.9,31.7,1198
2024-07-16 10:22:51,1410,60,305,39.9,31.8,1196
2024-07-16 10:22:52,1410,60,305,39.9,31.7,1198
2024-07-16 10:22:53,1410,60,306,40.0,31.8,1198
2024-07-16 10:22:54,1410,60,307,40.0,31.9,1197
2024-07-16 10:22:55,1410,60,307,40.0,31.9,1197
2024-07-16 10:22:56,1419,60,307,40.0,31.9,1194
2024-07-16 10:22:57,1419,60,307,40.0,31.9,1190
2024-07-16 10:22:58,1419,60,307,40.0,31.9,1190
2024-07-16 10:22:59,1419,60,305,39.9,31.7,1194
2024-07-16 10:23:00,1419,60,305,39.9,31.7,1193
2024-07-16 10:23:01,1410,60,305,39.9,31.7,1193
2024-07-16 10:23:02,1410,60,305,39.9,31.7,1194
2024-07-16 10:23:03,1410,60,306,39.9,31.8,1192
2024-07-16 10:23:04,1410,60,305,39.9,31.7,1190
2024-07-16 10:23:05,1410,60,306,40.0,31.8,1191
2024-07-16 10:23:06,1413,60,307,40.0,31.9,1191
2024-07-16 10:23:07,1413,60,307,40.0,32.0,1194
2024-07-16 10:23:08,1413,60,307,40.0,31.9,1188
2024-07-16 10:23:09,1413,60,307,40.0,31.9,1189
2024-07-16 10:23:10,1413,60,305,39.9,31.8,1187
2024-07-16 10:23:11,1411,60,305,39.9,31.7,1185
2024-07-16 10:23:12,1411,60,306,39.9,31.8,1189
2024-07-16 10:23:13,1411,60,305,39.9,31.7,1181
2024-07-16 10:23:14,1411,60,305,39.9,31.7,1188
2024-07-16 10:23:15,1411,60,305,39.9,31.7,1182
2024-07-16 10:23:16,1411,60,305,39.9,31.7,1178
2024-07-16 10:23:17,1411,60,305,39.9,31.8,1179
2024-07-16 10:23:18,1411,60,306,40.0,31.8,1174
2024-07-16 10:23:19,1411,60,306,40.0,31.8,1175
2024-07-16 10:23:20,1411,60,306,40.0,31.8,1168
2024-07-16 10:23:21,1415,60,306,40.0,31.8,1169
2024-07-16 10:23:22,1415,60,306,40.0,31.8,1169
2024-07-16 10:23:23,1415,60,306,40.0,31.8,1165
2024-07-16 10:23:24,1415,60,306,40.0,31.9,1162
2024-07-16 10:23:25,1415,60,306,40.0,31.8,1169
2024-07-16 10:23:26,1414,60,306,40.0,31.8,1159
2024-07-16 10:23:27,1414,60,306,40.0,31.8,1157
2024-07-16 10:23:28,1414,60,306,40.0,31.8,1153
2024-07-16 10:23:29,1414,60,306,40.0,31.9,1149
2024-07-16 10:23:30,1414,60,306,40.0,31.8,1145
2024-07-16 10:23:31,1415,60,306,40.0,31.8,1141
2024-07-16 10:23:32,1415,60,306,40.0,31.8,1138
2024-07-16 10:23:33,1415,60,306,40.0,31.9,1134
2024-07-16 10:23:34,1415,60,306,40.0,31.8,1131
2024-07-16 10:23:35,1415,60,306,40.0,31.8,1128
2024-07-16 10:23:36,1414,60,306,40.0,31.8,1126
2024-07-16 10:23:37,1414,60,306,40.0,31.8,1120
2024-07-16 10:23:38,1414,60,306,40.0,31.8,1115
2024-07-16 10:23:39,1414,60,306,40.0,31.8,1110
2024-07-16 10:23:40,1414,60,306,40.0,31.8,1109
2024-07-16 10:23:41,1415,60,306,40.0,31.8,1109
2024-07-16 10:23:42,1415,60,306,40.0,31.8,1100
2024-07-16 10:23:43,1415,60,306,40.0,31.8,1095
2024-07-16 10:23:44,1415,60,306,40.0,31.8,1096
2024-07-16 10:23:45,1415,60,306,40.0,31.8,1090
2024-07-16 10:23:46,1415,60,306,40.0,31.8,1083
2024-07-16 10:23:47,1415,60,306,40.0,31.8,1080
2024-07-16 10:23:48,1415,60,306,39.9,31.7,1069
2024-07-16 10:23:49,1415,60,305,39.9,31.7,1070
2024-07-16 10:23:50,1415,60,306,39.9,31.7,1065
2024-07-16 10:23:51,1412,60,305,39.9,31.7,1063
2024-07-16 10:23:52,1412,60,305,39.9,31.7,1061
2024-07-16 10:23:53,1412,60,305,39.9,31.7,1052
2024-07-16 10:23:54,1412,60,305,39.9,31.7,1050
2024-07-16 10:23:55,1412,60,305,39.9,31.7,1052
2024-07-16 10:23:56,1411,60,306,40.0,31.9,1039
2024-07-16 10:23:57,1411,60,307,40.0,31.9,1039
2024-07-16 10:23:58,1411,60,307,40.0,31.9,1033
2024-07-16 10:23:59,1411,60,307,40.0,31.9,1028
2024-07-16 10:24:00,1411,60,307,40.0,31.9,1010
2024-07-16 10:24:01,1420,60,306,40.0,31.9,1011
2024-07-16 10:24:02,1420,60,306,40.0,31.8,1011
2024-07-16 10:24:03,1420,60,305,39.9,31.7,1006
2024-07-16 10:24:04,1420,60,305,39.9,31.7,1011
2024-07-16 10:24:05,1420,60,305,39.9,31.7,1002
2024-07-16 10:24:06,1411,60,305,39.9,31.7,1001
2024-07-16 10:24:07,1411,60,305,39.9,31.7,994
2024-07-16 10:24:08,1411,60,305,40.0,31.7,993
2024-07-16 10:24:09,1411,60,307,40.0,31.9,990
2024-07-16 10:24:10,1411,60,307,40.0,31.9,988
2024-07-16 10:24:11,1420,60,307,40.0,32.0,986
2024-07-16 10:24:12,1420,60,307,40.0,31.9,976
2024-07-16 10:24:13,1420,60,307,40.0,31.9,978
2024-07-16 10:24:14,1420,60,305,39.9,31.7,975
2024-07-16 10:24:15,1420,60,306,39.9,31.8,970
2024-07-16 10:24:16,1411,60,305,39.9,31.7,971
2024-07-16 10:24:17,1411,60,305,39.9,31.7,964
2024-07-16 10:24:18,1411,60,305,39.9,31.8,949
2024-07-16 10:24:19,1411,60,305,39.9,31.7,961
2024-07-16 10:24:20,1411,60,305,39.9,31.8,961
2024-07-16 10:24:21,1412,60,305,39.9,31.7,957
2024-07-16 10:24:22,1412,60,306,40.0,31.8,952
2024-07-16 10:24:23,1412,60,307,40.0,31.9,948
2024-07-16 10:24:24,1412,60,307,40.0,32.0,951
2024-07-16 10:24:25,1412,60,307,40.0,31.9,804
2024-07-16 10:24:26,1420,60,307,40.0,31.9,937
2024-07-16 10:24:27,1420,60,305,39.9,31.7,939
2024-07-16 10:24:28,1420,60,305,39.9,31.7,940
2024-07-16 10:24:29,1420,60,305,39.9,31.7,941
2024-07-16 10:24:30,1420,60,305,39.9,31.7,941
2024-07-16 10:24:31,1411,60,305,39.9,31.7,941
2024-07-16 10:24:32,1411,60,305,39.9,31.7,940
2024-07-16 10:24:33,1411,60,306,39.9,31.8,937
2024-07-16 10:24:34,1411,60,306,40.0,31.8,936
2024-07-16 10:24:35,1411,60,306,40.0,31.8,902
2024-07-16 10:24:36,1415,60,306,40.0,31.8,930
2024-07-16 10:24:37,1415,60,306,40.0,31.8,928
2024-07-16 10:24:38,1415,60,306,40.0,31.8,931
2024-07-16 10:24:39,1415,60,306,40.0,31.8,932
2024-07-16 10:24:40,1415,60,306,40.0,31.8,927
2024-07-16 10:24:41,1415,60,306,40.0,31.8,928
2024-07-16 10:24:42,1415,60,306,39.9,31.8,930
2024-07-16 10:24:43,1415,60,306,40.0,31.8,929
2024-07-16 10:24:44,1415,60,306,40.0,31.8,926
2024-07-16 10:24:45,1415,60,306,40.0,31.8,927
2024-07-16 10:24:46,1415,60,306,40.0,31.8,925
2024-07-16 10:24:47,1415,60,306,40.0,31.8,928
2024-07-16 10:24:48,1415,60,306,40.0,31.8,925
2024-07-16 10:24:49,1415,60,306,40.0,31.8,928
2024-07-16 10:24:50,1415,60,306,40.0,31.9,928
2024-07-16 10:24:51,1416,60,306,40.0,31.8,926
2024-07-16 10:24:52,1416,60,306,40.0,31.8,915
2024-07-16 10:24:53,1416,60,306,40.0,31.8,925
2024-07-16 10:24:54,1416,60,306,40.0,31.8,920
2024-07-16 10:24:55,1416,60,306,40.0,31.8,925
2024-07-16 10:24:56,1415,60,305,39.9,31.7,924
2024-07-16 10:24:57,1415,60,305,39.9,31.7,926
2024-07-16 10:24:58,1415,60,305,39.9,31.7,925
2024-07-16 10:24:59,1415,60,305,39.9,31.8,923
2024-07-16 10:25:00,1415,60,305,39.9,31.7,930
2024-07-16 10:25:01,1411,60,306,39.9,31.8,923
2024-07-16 10:25:02,1411,60,307,40.0,31.9,924
2024-07-16 10:25:03,1411,60,307,40.0,31.9,922
2024-07-16 10:25:04,1411,60,307,40.0,31.9,920
2024-07-16 10:25:05,1411,60,307,40.0,31.9,926
2024-07-16 10:25:06,1420,60,306,40.0,31.9,920
2024-07-16 10:25:07,1420,60,306,40.0,31.8,921
2024-07-16 10:25:08,1420,60,306,39.9,31.8,918
2024-07-16 10:25:09,1420,60,305,39.9,31.7,926
2024-07-16 10:25:10,1420,60,305,39.9,31.8,922
2024-07-16 10:25:11,1412,60,305,39.9,31.7,918
2024-07-16 10:25:12,1412,60,305,39.9,31.7,920
2024-07-16 10:25:13,1412,60,305,39.9,31.7,920
2024-07-16 10:25:14,1412,60,305,39.9,31.7,919
2024-07-16 10:25:15,1412,60,307,40.0,31.9,913
2024-07-16 10:25:16,1419,60,307,40.0,31.9,913
2024-07-16 10:25:17,1419,60,307,40.0,31.9,917
2024-07-16 10:25:18,1419,60,307,40.0,31.9,918
2024-07-16 10:25:19,1419,60,307,40.0,31.9,910
2024-07-16 10:25:20,1419,60,305,39.9,31.7,914
2024-07-16 10:25:21,1412,60,305,39.9,31.8,909
2024-07-16 10:25:22,1412,60,305,39.9,31.8,914
2024-07-16 10:25:23,1412,60,306,39.9,31.8,919
2024-07-16 10:25:24,1412,60,306,39.9,31.8,912
2024-07-16 10:25:25,1412,60,305,39.9,31.7,912
2024-07-16 10:25:26,1413,60,305,39.9,31.8,910
2024-07-16 10:25:27,1413,60,305,39.9,31.7,908
2024-07-16 10:25:28,1413,60,306,39.9,31.9,909
2024-07-16 10:25:29,1413,60,307,40.0,31.9,909
2024-07-16 10:25:30,1413,60,307,40.0,31.9,914
2024-07-16 10:25:31,1421,60,307,40.0,31.9,904
2024-07-16 10:25:32,1421,60,307,40.0,32.0,908
2024-07-16 10:25:33,1421,60,304,39.9,31.7,903
2024-07-16 10:25:34,1421,60,304,39.9,31.6,904
2024-07-16 10:25:35,1421,60,305,39.9,31.7,909
2024-07-16 10:25:36,1410,60,305,39.9,31.7,907
2024-07-16 10:25:37,1410,60,306,39.9,31.8,915
2024-07-16 10:25:38,1410,60,306,39.9,31.8,906
2024-07-16 10:25:39,1410,60,306,40.0,31.8,904
2024-07-16 10:25:40,1410,60,307,40.0,31.9,909
2024-07-16 10:25:41,1422,60,307,40.0,31.9,904
2024-07-16 10:25:42,1422,60,307,40.0,32.0,902
2024-07-16 10:25:43,1422,60,307,40.0,31.9,912
2024-07-16 10:25:44,1422,60,306,39.9,31.8,913
2024-07-16 10:25:45,1422,60,305,39.9,31.8,903
2024-07-16 10:25:46,1412,60,305,39.9,31.7,906
2024-07-16 10:25:47,1412,60,305,39.9,31.7,907
2024-07-16 10:25:48,1412,60,305,39.9,31.7,906
2024-07-16 10:25:49,1412,60,305,39.9,31.7,909
2024-07-16 10:25:50,1412,60,305,39.9,31.7,911
2024-07-16 10:25:51,1413,60,306,39.9,31.8,911
2024-07-16 10:25:52,1413,60,306,39.9,31.8,912
2024-07-16 10:25:53,1413,60,307,40.0,31.9,910
2024-07-16 10:25:54,1413,60,307,40.0,31.9,911
2024-07-16 10:25:55,1413,60,307,40.0,31.9,911
2024-07-16 10:25:56,1421,60,307,40.0,31.9,913
2024-07-16 10:25:57,1421,60,307,40.0,31.9,914
2024-07-16 10:25:58,1421,60,305,39.9,31.7,913
2024-07-16 10:25:59,1421,60,304,39.9,31.7,922
2024-07-16 10:26:00,1421,60,304,39.9,31.7,922
2024-07-16 10:26:01,1408,60,304,39.9,31.6,911
2024-07-16 10:26:02,1408,60,306,39.9,31.8,919
2024-07-16 10:26:03,1408,60,306,39.9,31.8,920
2024-07-16 10:26:04,1408,60,305,39.9,31.8,919
2024-07-16 10:26:05,1408,60,306,40.0,31.9,918
2024-07-16 10:26:06,1420,60,307,40.0,31.9,921
2024-07-16 10:26:07,1420,60,307,40.0,31.9,920
2024-07-16 10:26:08,1420,60,307,40.0,31.9,923
2024-07-16 10:26:09,1420,60,307,40.0,31.9,923
2024-07-16 10:26:10,1420,60,306,40.0,31.9,925
2024-07-16 10:26:11,1415,60,305,39.9,31.7,924
2024-07-16 10:26:12,1415,60,305,39.9,31.7,932
2024-07-16 10:26:13,1415,60,306,39.9,31.8,927
2024-07-16 10:26:14,1415,60,305,39.9,31.8,931
2024-07-16 10:26:15,1415,60,305,39.9,31.8,934
2024-07-16 10:26:16,1413,60,305,39.9,31.8,943
2024-07-16 10:26:17,1413,60,305,39.9,31.8,933
2024-07-16 10:26:18,1413,60,305,39.9,31.7,938
2024-07-16 10:26:19,1413,60,305,39.9,31.7,933
2024-07-16 10:26:20,1413,60,305,39.9,31.8,926
2024-07-16 10:26:21,1417,60,306,40.0,31.8,937
2024-07-16 10:26:22,1417,60,307,40.0,31.9,940
2024-07-16 10:26:23,1417,60,307,40.0,31.9,941
2024-07-16 10:26:24,1417,60,307,40.0,31.9,940
2024-07-16 10:26:25,1417,60,307,40.0,31.9,941
2024-07-16 10:26:26,1414,60,305,39.9,31.8,943
2024-07-16 10:26:27,1414,60,306,39.9,31.8,940
2024-07-16 10:26:28,1414,60,306,39.9,31.8,942
2024-07-16 10:26:29,1414,60,305,39.9,31.8,943
2024-07-16 10:26:30,1414,60,305,39.9,31.8,938
2024-07-16 10:26:31,1414,60,305,39.9,31.8,943
2024-07-16 10:26:32,1414,60,305,39.9,31.7,940
2024-07-16 10:26:33,1414,60,305,39.9,31.8,941
2024-07-16 10:26:34,1414,60,306,39.9,31.8,943
2024-07-16 10:26:35,1414,60,305,39.9,31.7,943
2024-07-16 10:26:36,1414,60,305,39.9,31.8,942
2024-07-16 10:26:37,1414,60,305,39.9,31.8,941
2024-07-16 10:26:38,1414,60,305,39.9,31.8,941
2024-07-16 10:26:39,1414,60,305,39.9,31.8,939
2024-07-16 10:26:40,1414,60,307,40.0,31.9,940
2024-07-16 10:26:41,1422,60,307,40.0,31.9,938
2024-07-16 10:26:42,1422,60,307,40.0,31.9,939
2024-07-16 10:26:43,1422,60,307,40.0,31.9,935
2024-07-16 10:26:44,1422,60,306,40.0,31.8,935
2024-07-16 10:26:45,1422,60,306,39.9,31.8,936
2024-07-16 10:26:46,1415,60,306,39.9,31.8,936
2024-07-16 10:26:47,1415,60,306,39.9,31.8,936
2024-07-16 10:26:48,1415,60,306,39.9,31.8,930
2024-07-16 10:26:49,1415,60,305,39.9,31.7,928
2024-07-16 10:26:50,1415,60,306,39.9,31.8,927
2024-07-16 10:26:51,1415,60,305,39.9,31.7,926
2024-07-16 10:26:52,1415,60,306,39.9,31.8,927
2024-07-16 10:26:53,1415,60,306,39.9,31.8,929
2024-07-16 10:26:54,1415,60,306,39.9,31.8,920
2024-07-16 10:26:55,1415,60,306,39.9,31.8,920
2024-07-16 10:26:56,1415,60,306,39.9,31.8,916
2024-07-16 10:26:57,1415,60,306,39.9,31.8,914
2024-07-16 10:26:58,1415,60,306,39.9,31.8,913
2024-07-16 10:26:59,1415,60,306,39.9,31.8,912
2024-07-16 10:27:00,1415,60,306,39.9,31.8,906
2024-07-16 10:27:01,1414,60,306,39.9,31.8,904
2024-07-16 10:27:02,1414,60,305,39.9,31.7,904
2024-07-16 10:27:03,1414,60,307,40.0,31.9,900
2024-07-16 10:27:04,1414,60,307,40.0,32.0,903
2024-07-16 10:27:05,1414,60,308,40.0,32.0,894
2024-07-16 10:27:06,1423,60,307,40.0,31.9,892
2024-07-16 10:27:07,1423,60,307,40.0,31.8,885
2024-07-16 10:27:08,1423,60,306,39.9,31.8,880
2024-07-16 10:27:09,1423,60,305,39.9,31.7,881
2024-07-16 10:27:10,1423,60,306,39.9,31.8,878
2024-07-16 10:27:11,1415,60,306,39.9,31.8,878
2024-07-16 10:27:12,1415,60,306,39.9,31.8,874
2024-07-16 10:27:13,1415,60,306,39.9,31.8,871
2024-07-16 10:27:14,1415,60,306,39.9,31.8,864
2024-07-16 10:27:15,1415,60,306,39.9,31.8,864
2024-07-16 10:27:16,1415,60,306,39.9,31.8,857
2024-07-16 10:27:17,1415,60,306,39.9,31.8,859
2024-07-16 10:27:18,1415,60,306,39.9,31.7,855
2024-07-16 10:27:19,1415,60,306,39.9,31.8,849
2024-07-16 10:27:20,1415,60,305,39.9,31.8,854
2024-07-16 10:27:21,1415,60,306,39.9,31.8,846
2024-07-16 10:27:22,1415,60,306,39.9,31.8,839
2024-07-16 10:27:23,1415,60,306,39.9,31.8,840
2024-07-16 10:27:24,1415,60,306,39.9,31.8,836
2024-07-16 10:27:25,1415,60,306,39.9,31.8,834
2024-07-16 10:27:26,1415,60,306,39.9,31.8,829
2024-07-16 10:27:27,1415,60,306,39.9,31.8,828
2024-07-16 10:27:28,1415,60,306,39.9,31.8,826
2024-07-16 10:27:29,1415,60,306,39.9,31.8,830
2024-07-16 10:27:30,1415,60,306,39.9,31.8,818
2024-07-16 10:27:31,1415,60,306,39.9,31.8,813
2024-07-16 10:27:32,1415,60,306,39.9,31.8,812
2024-07-16 10:27:33,1415,60,306,39.9,31.8,805
2024-07-16 10:27:34,1415,60,306,39.9,31.8,805
2024-07-16 10:27:35,1415,60,306,40.0,31.9,807
2024-07-16 10:27:36,1420,60,306,40.0,31.9,804
2024-07-16 10:27:37,1420,60,307,40.0,31.9,810
2024-07-16 10:27:38,1420,60,306,40.0,31.9,799
2024-07-16 10:27:39,1420,60,307,40.0,31.9,796
2024-07-16 10:27:40,1420,60,306,40.0,31.9,793
2024-07-16 10:27:41,1420,60,306,40.0,31.9,788
2024-07-16 10:27:42,1420,60,307,40.0,31.9,786
2024-07-16 10:27:43,1420,60,306,39.9,31.8,783
2024-07-16 10:27:44,1420,60,306,39.9,31.8,786
2024-07-16 10:27:45,1420,60,305,39.9,31.8,788
2024-07-16 10:27:46,1415,60,306,39.9,31.8,780
2024-07-16 10:27:47,1415,60,306,39.9,31.8,774
2024-07-16 10:27:48,1415,60,306,39.9,31.8,776
2024-07-16 10:27:49,1415,60,306,39.9,31.8,774
2024-07-16 10:27:50,1415,60,306,39.9,31.8,772
2024-07-16 10:27:51,1415,60,306,39.9,31.8,771
2024-07-16 10:27:52,1415,60,306,39.9,31.8,769
2024-07-16 10:27:53,1415,60,306,39.9,31.8,772
2024-07-16 10:27:54,1415,60,306,39.9,31.8,773
2024-07-16 10:27:55,1415,60,306,39.9,31.8,770
2024-07-16 10:27:56,1415,60,306,39.9,31.8,759
2024-07-16 10:27:57,1415,60,306,39.9,31.8,757
2024-07-16 10:27:58,1415,60,306,39.9,31.8,743
2024-07-16 10:27:59,1415,60,306,39.9,31.8,749
2024-07-16 10:28:00,1415,60,306,39.9,31.8,749
2024-07-16 10:28:01,1416,60,306,39.9,31.8,748
2024-07-16 10:28:02,1416,60,306,39.9,31.8,746
2024-07-16 10:28:03,1416,60,306,39.9,31.8,754
2024-07-16 10:28:04,1416,60,306,39.9,31.8,741
2024-07-16 10:28:05,1416,60,307,39.9,31.9,739
2024-07-16 10:28:06,1420,60,307,40.0,31.9,739
2024-07-16 10:28:07,1420,60,307,40.0,31.9,740
2024-07-16 10:28:08,1420,60,307,40.0,31.9,733
2024-07-16 10:28:09,1420,60,307,40.0,31.9,734
2024-07-16 10:28:10,1420,60,307,39.9,31.9,733
2024-07-16 10:28:11,1418,60,305,39.9,31.8,735
2024-07-16 10:28:12,1418,60,306,39.9,31.8,726
2024-07-16 10:28:13,1418,60,305,39.9,31.8,731
2024-07-16 10:28:14,1418,60,306,39.9,31.8,731
2024-07-16 10:28:15,1418,60,306,39.9,31.8,724
2024-07-16 10:28:16,1416,60,306,39.9,31.8,730
2024-07-16 10:28:17,1416,60,306,39.9,31.8,725
2024-07-16 10:28:18,1416,60,306,39.9,31.8,728
2024-07-16 10:28:19,1416,60,306,39.9,31.8,723
2024-07-16 10:28:20,1416,60,306,39.9,31.8,725
2024-07-16 10:28:21,1416,60,306,39.9,31.8,725
2024-07-16 10:28:22,1416,60,306,39.9,31.8,727
2024-07-16 10:28:23,1416,60,306,39.9,31.8,728
2024-07-16 10:28:24,1416,60,306,39.9,31.8,724
2024-07-16 10:28:25,1416,60,306,39.9,31.8,724
2024-07-16 10:28:26,1416,60,306,39.9,31.8,725
2024-07-16 10:28:27,1416,60,306,39.9,31.8,725
2024-07-16 10:28:28,1416,60,306,39.9,31.8,725
2024-07-16 10:28:29,1416,60,306,39.9,31.8,724
2024-07-16 10:28:30,1416,60,306,39.9,31.8,727
2024-07-16 10:28:31,1417,60,306,39.9,31.8,725
2024-07-16 10:28:32,1417,60,306,39.9,31.8,724
2024-07-16 10:28:33,1417,60,306,39.9,31.8,723
2024-07-16 10:28:34,1417,60,306,39.9,31.8,723
2024-07-16 10:28:35,1417,60,306,39.9,31.8,721
2024-07-16 10:28:36,1416,60,306,39.9,31.8,723
2024-07-16 10:28:37,1416,60,305,39.9,31.8,725
2024-07-16 10:28:38,1416,60,305,39.9,31.8,726
2024-07-16 10:28:39,1416,60,306,39.9,31.8,725
2024-07-16 10:28:40,1416,60,306,39.9,31.8,724
2024-07-16 10:28:41,1416,60,306,39.9,31.8,725
2024-07-16 10:28:42,1416,60,305,39.9,31.8,724
2024-07-16 10:28:43,1416,60,305,39.9,31.8,727
2024-07-16 10:28:44,1416,60,306,39.9,31.8,727
2024-07-16 10:28:45,1416,60,306,39.9,31.8,728
2024-07-16 10:28:46,1422,60,308,40.0,32.0,728
2024-07-16 10:28:47,1422,60,307,40.0,32.0,726
2024-07-16 10:28:48,1422,60,307,40.0,32.0,734
2024-07-16 10:28:49,1422,60,307,40.0,31.9,730
2024-07-16 10:28:50,1422,60,305,39.9,31.7,732
2024-07-16 10:28:51,1413,60,305,39.9,31.7,732
2024-07-16 10:28:52,1413,60,305,39.9,31.7,732
2024-07-16 10:28:53,1413,60,305,39.9,31.7,733
2024-07-16 10:28:54,1413,60,305,39.9,31.7,735
2024-07-16 10:28:55,1413,60,306,39.9,31.8,734
2024-07-16 10:28:56,1421,60,306,40.0,31.9,735
2024-07-16 10:28:57,1421,60,307,40.0,31.9,739
2024-07-16 10:28:58,1421,60,307,40.0,31.9,735
2024-07-16 10:28:59,1421,60,306,40.0,31.9,744
2024-07-16 10:29:00,1421,60,307,39.9,31.9,743
2024-07-16 10:29:01,1421,60,307,40.0,31.9,750
2024-07-16 10:29:02,1421,60,307,39.9,31.8,751
2024-07-16 10:29:03,1421,60,305,39.9,31.7,759
2024-07-16 10:29:04,1421,60,305,39.9,31.7,759
2024-07-16 10:29:05,1421,60,305,39.9,31.7,779
2024-07-16 10:29:06,1413,60,305,39.9,31.7,777
2024-07-16 10:29:07,1413,60,305,39.9,31.7,781
2024-07-16 10:29:08,1413,60,305,39.9,31.8,781
2024-07-16 10:29:09,1413,60,306,39.9,31.8,778
2024-07-16 10:29:10,1413,60,307,40.0,31.9,770
2024-07-16 10:29:11,1421,60,307,39.9,31.9,770
2024-07-16 10:29:12,1421,60,306,39.9,31.9,771
2024-07-16 10:29:13,1421,60,307,40.0,31.9,776
2024-07-16 10:29:14,1421,60,306,40.0,31.9,773
2024-07-16 10:29:15,1421,60,306,40.0,31.9,767
2024-07-16 10:29:16,1421,60,306,39.9,31.8,769
2024-07-16 10:29:17,1421,60,306,39.9,31.8,774
2024-07-16 10:29:18,1421,60,306,39.9,31.8,773
2024-07-16 10:29:19,1421,60,306,39.9,31.8,772
2024-07-16 10:29:20,1421,60,306,39.9,31.8,779
2024-07-16 10:29:21,1417,60,306,39.9,31.8,779
2024-07-16 10:29:22,1417,60,306,39.9,31.8,779
2024-07-16 10:29:23,1417,60,306,39.9,31.8,790
2024-07-16 10:29:24,1417,60,306,39.9,31.8,783
2024-07-16 10:29:25,1417,60,306,39.9,31.8,787
2024-07-16 10:29:26,1418,60,306,39.9,31.8,792
2024-07-16 10:29:27,1418,60,306,39.9,31.8,792
2024-07-16 10:29:28,1418,60,306,39.9,31.8,797
2024-07-16 10:29:29,1418,60,305,39.9,31.8,799
2024-07-16 10:29:30,1418,60,306,39.9,31.8,805
2024-07-16 10:29:31,1418,60,306,39.9,31.8,803
2024-07-16 10:29:32,1418,60,306,39.9,31.8,805
2024-07-16 10:29:33,1418,60,306,39.9,31.8,807
2024-07-16 10:29:34,1418,60,306,39.9,31.8,811
2024-07-16 10:29:35,1418,60,306,39.9,31.8,825
2024-07-16 10:29:36,1417,60,306,39.9,31.8,821
2024-07-16 10:29:37,1417,60,306,39.9,31.8,820
2024-07-16 10:29:38,1417,60,306,39.9,31.8,822
2024-07-16 10:29:39,1417,60,306,39.9,31.8,832
2024-07-16 10:29:40,1417,60,306,39.9,31.8,833
2024-07-16 10:29:41,1418,60,306,39.9,31.8,836
2024-07-16 10:29:42,1418,60,306,39.9,31.8,839
2024-07-16 10:29:43,1418,60,306,39.9,31.8,849
2024-07-16 10:29:44,1418,60,306,39.9,31.8,849
2024-07-16 10:29:45,1418,60,306,39.9,31.8,844
2024-07-16 10:29:46,1418,60,306,39.9,31.8,847
2024-07-16 10:29:47,1418,60,306,39.9,31.8,852
2024-07-16 10:29:48,1418,60,306,39.9,31.8,850
2024-07-16 10:29:49,1418,60,306,39.9,31.8,857
2024-07-16 10:29:50,1418,60,306,39.9,31.8,858
2024-07-16 10:29:51,1418,60,306,39.9,31.8,863
2024-07-16 10:29:52,1418,60,306,39.9,31.8,861
2024-07-16 10:29:53,1418,60,306,39.9,31.8,862
2024-07-16 10:29:54,1418,60,306,39.9,31.8,861
2024-07-16 10:29:55,1418,60,306,39.9,31.8,866
2024-07-16 10:29:56,1418,60,306,39.9,31.8,870
2024-07-16 10:29:57,1418,60,306,39.9,31.8,870
2024-07-16 10:29:58,1418,60,306,39.9,31.8,876
2024-07-16 10:29:59,1418,60,306,39.9,31.8,840
2024-07-16 10:30:00,1418,60,306,39.9,31.8,835
2024-07-16 10:30:01,1418,60,305,39.9,31.8,852
2024-07-16 10:30:02,1418,60,306,39.9,31.8,852
2024-07-16 10:30:03,1418,60,306,39.9,31.8,862
2024-07-16 10:30:04,1418,60,306,39.9,31.8,863
2024-07-16 10:30:05,1418,60,306,39.9,31.8,856
2024-07-16 10:30:06,1419,60,306,39.9,31.8,869
2024-07-16 10:30:07,1419,60,306,39.9,31.8,873
2024-07-16 10:30:08,1419,60,306,39.9,31.8,873
2024-07-16 10:30:09,1419,60,306,39.9,31.9,878
2024-07-16 10:30:10,1419,60,306,39.9,31.8,882
2024-07-16 10:30:11,1419,60,306,39.9,31.8,894
2024-07-16 10:30:12,1419,60,306,39.9,31.8,891
2024-07-16 10:30:13,1419,60,306,39.9,31.8,895
2024-07-16 10:30:14,1419,60,306,39.9,31.8,895
2024-07-16 10:30:15,1419,60,306,39.9,31.8,895
2024-07-16 10:30:16,1419,60,306,39.9,31.8,900
2024-07-16 10:30:17,1419,60,306,39.9,31.8,909
2024-07-16 10:30:18,1419,60,306,39.9,31.8,911
2024-07-16 10:30:19,1419,60,306,39.9,31.8,911
2024-07-16 10:30:20,1419,60,306,39.9,31.8,920
2024-07-16 10:30:21,1419,60,306,39.9,31.8,921
2024-07-16 10:30:22,1419,60,306,39.9,31.8,921
2024-07-16 10:30:23,,,,,,859
2024-07-16 10:30:24,1419,60,306,39.9,31.8,903
2024-07-16 10:30:25,1419,60,306,39.9,31.8,911
2024-07-16 10:30:26,1419,60,306,39.9,31.8,925
2024-07-16 10:30:27,1419,60,306,39.9,31.8,925
2024-07-16 10:30:28,1419,60,306,39.9,31.8,925
2024-07-16 10:30:29,1419,60,306,39.9,31.8,928
2024-07-16 10:30:30,1419,60,306,39.9,31.8,929
2024-07-16 10:30:31,1419,60,306,39.9,31.9,936
2024-07-16 10:30:32,1419,60,306,39.9,31.8,941
2024-07-16 10:30:33,1419,60,306,39.9,31.8,949
2024-07-16 10:30:34,1419,60,306,39.9,31.8,951
2024-07-16 10:30:35,1419,60,306,39.9,31.8,948
2024-07-16 10:30:36,1419,60,306,39.9,31.8,946
2024-07-16 10:30:37,1419,60,306,39.9,31.8,950
2024-07-16 10:30:38,1419,60,306,39.9,31.8,952
2024-07-16 10:30:39,1419,60,306,39.9,31.8,956
2024-07-16 10:30:40,1419,60,306,39.9,31.8,955
2024-07-16 10:30:41,1419,60,306,39.9,31.8,956
2024-07-16 10:30:42,1419,60,306,39.9,31.8,955
2024-07-16 10:30:43,1419,60,306,39.9,31.8,957
2024-07-16 10:30:44,1419,60,306,39.9,31.8,962
2024-07-16 10:30:45,1419,60,306,39.9,31.8,962
2024-07-16 10:30:46,1419,60,306,39.9,31.8,967
2024-07-16 10:30:47,1419,60,306,39.9,31.8,971
2024-07-16 10:30:48,1419,60,306,39.9,31.8,969
2024-07-16 10:30:49,1419,60,306,39.9,31.8,972
2024-07-16 10:30:50,1419,60,305,39.9,31.7,969
2024-07-16 10:30:51,1415,60,305,39.9,31.7,969
2024-07-16 10:30:52,1415,60,305,39.9,31.7,968
2024-07-16 10:30:53,1415,60,305,39.9,31.7,964
2024-07-16 10:30:54,1415,60,305,39.9,31.7,964
2024-07-16 10:30:55,1415,60,306,39.9,31.8,970
2024-07-16 10:30:56,1420,60,306,39.9,31.8,960
2024-07-16 10:30:57,1420,60,306,39.9,31.8,961
2024-07-16 10:30:58,1420,60,306,39.9,31.8,962
2024-07-16 10:30:59,1420,60,306,39.9,31.8,959
2024-07-16 10:31:00,1420,60,306,39.9,31.8,961
2024-07-16 10:31:01,1419,60,306,39.9,31.8,962
2024-07-16 10:31:02,1419,60,306,39.9,31.8,959
2024-07-16 10:31:03,1419,60,306,39.9,31.8,960
2024-07-16 10:31:04,1419,60,306,39.9,31.9,961
2024-07-16 10:31:05,1419,60,306,39.9,31.8,961
2024-07-16 10:31:06,1420,60,306,39.9,31.8,966
2024-07-16 10:31:07,1420,60,306,39.9,31.8,963
2024-07-16 10:31:08,1420,60,306,39.9,31.8,962
2024-07-16 10:31:09,1420,60,307,39.9,31.9,961
2024-07-16 10:31:10,1420,60,306,39.9,31.8,961
2024-07-16 10:31:11,1420,60,306,39.9,31.8,959
2024-07-16 10:31:12,1420,60,306,39.9,31.9,959
2024-07-16 10:31:13,1420,60,306,39.9,31.9,961
2024-07-16 10:31:14,1420,60,306,39.9,31.8,957
2024-07-16 10:31:15,1420,60,306,39.9,31.8,958
2024-07-16 10:31:16,1415,60,306,39.9,31.8,958
2024-07-16 10:31:17,1415,60,305,39.9,31.7,955
2024-07-16 10:31:18,1415,60,306,39.9,31.8,954
2024-07-16 10:31:19,1415,60,305,39.9,31.8,955
2024-07-16 10:31:20,1415,60,305,39.9,31.8,955
2024-07-16 10:31:21,1415,60,305,39.9,31.7,953
2024-07-16 10:31:22,1415,60,305,39.9,31.7,951
2024-07-16 10:31:23,1415,60,306,39.9,31.9,949
2024-07-16 10:31:24,1415,60,306,39.9,31.8,947
2024-07-16 10:31:25,1415,60,306,39.9,31.8,948
2024-07-16 10:31:26,1420,60,306,39.9,31.8,944
2024-07-16 10:31:27,1420,60,306,39.9,31.8,
2024-07-16 10:31:28,1420,60,306,39.9,31.8,944
2024-07-16 10:31:29,1420,60,306,39.9,31.8,939
2024-07-16 10:31:30,1420,60,306,39.9,31.9,940
2024-07-16 10:31:31,1420,60,306,39.9,31.9,941
2024-07-16 10:31:32,1420,60,306,39.9,31.9,937
2024-07-16 10:31:33,1420,60,306,39.9,31.8,938
2024-07-16 10:31:34,1420,60,306,39.9,31.9,936
2024-07-16 10:31:35,1420,60,306,39.9,31.8,936
2024-07-16 10:31:36,1420,60,306,39.9,31.9,934
2024-07-16 10:31:37,1420,60,306,39.9,31.8,930
2024-07-16 10:31:38,1420,60,306,39.9,31.8,926
2024-07-16 10:31:39,1420,60,305,39.9,31.8,920
2024-07-16 10:31:40,1420,60,305,39.9,31.7,928
2024-07-16 10:31:41,1415,60,305,39.9,31.7,923
2024-07-16 10:31:42,1415,60,305,39.9,31.7,922
2024-07-16 10:31:43,1415,60,306,39.9,31.8,924
2024-07-16 10:31:44,1415,60,306,39.9,31.8,921
2024-07-16 10:31:45,1415,60,306,39.9,31.8,921
2024-07-16 10:31:46,1416,60,305,39.9,31.7,919
2024-07-16 10:31:47,1416,60,305,39.9,31.7,915
2024-07-16 10:31:48,1416,60,307,39.9,31.9,916
2024-07-16 10:31:49,1416,60,306,39.9,31.9,914
2024-07-16 10:31:50,1416,60,306,39.9,31.9,910
2024-07-16 10:31:51,1420,60,306,39.9,31.9,913
2024-07-16 10:31:52,1420,60,306,39.9,31.8,913
2024-07-16 10:31:53,1420,60,306,39.9,31.8,913
2024-07-16 10:31:54,1420,60,306,39.9,31.8,909
2024-07-16 10:31:55,1420,60,306,39.9,31.8,908
2024-07-16 10:31:56,1420,60,306,39.9,31.9,909
2024-07-16 10:31:57,1420,60,306,39.9,31.8,909
2024-07-16 10:31:58,1420,60,306,39.9,31.8,910
2024-07-16 10:31:59,1420,60,306,39.9,31.8,907
2024-07-16 10:32:00,1420,60,306,39.9,31.8,909
2024-07-16 10:32:01,1420,60,306,39.9,31.8,906
2024-07-16 10:32:02,1420,60,305,39.9,31.7,905
2024-07-16 10:32:03,1420,60,305,39.9,31.7,906
2024-07-16 10:32:04,1420,60,305,39.9,31.7,904
2024-07-16 10:32:05,1420,60,306,39.9,31.8,906
2024-07-16 10:32:06,1416,60,305,39.9,31.7,908
2024-07-16 10:32:07,1416,60,305,39.9,31.8,904
2024-07-16 10:32:08,1416,60,305,39.9,31.8,905
2024-07-16 10:32:09,1416,60,305,39.9,31.8,915
2024-07-16 10:32:10,1416,60,306,39.9,31.8,906
2024-07-16 10:32:11,1416,60,305,39.9,31.8,906
2024-07-16 10:32:12,1416,60,306,39.9,31.8,905
2024-07-16 10:32:13,1416,60,306,39.9,31.8,912
2024-07-16 10:32:14,1416,60,306,39.9,31.8,906
2024-07-16 10:32:15,1416,60,306,39.9,31.8,908
2024-07-16 10:32:16,1420,60,306,39.9,31.8,908
2024-07-16 10:32:17,1420,60,306,39.9,31.9,908
2024-07-16 10:32:18,1420,60,306,39.9,31.8,910
2024-07-16 10:32:19,1420,60,306,39.9,31.9,912
2024-07-16 10:32:20,1420,60,306,39.9,31.8,911
2024-07-16 10:32:21,1420,60,306,39.9,31.8,911
2024-07-16 10:32:22,1420,60,306,39.9,31.8,910
2024-07-16 10:32:23,1420,60,305,39.9,31.7,914
2024-07-16 10:32:24,1420,60,306,39.9,31.8,912
2024-07-16 10:32:25,1420,60,305,39.9,31.7,913
2024-07-16 10:32:26,1416,60,305,39.9,31.8,913
2024-07-16 10:32:27,1416,60,306,39.9,31.8,913
2024-07-16 10:32:28,1416,60,306,39.9,31.8,915
2024-07-16 10:32:29,1416,60,306,39.9,31.8,916
2024-07-16 10:32:30,1416,60,305,39.9,31.7,917
2024-07-16 10:32:31,1416,60,306,39.9,31.8,919
2024-07-16 10:32:32,1416,60,305,39.9,31.7,918
2024-07-16 10:32:33,1416,60,305,39.9,31.7,920
2024-07-16 10:32:34,1416,60,306,39.9,31.9,921
2024-07-16 10:32:35,1416,60,306,39.9,31.9,924
2024-07-16 10:32:36,1420,60,306,39.9,31.9,924
2024-07-16 10:32:37,1420,60,306,39.9,31.9,932
2024-07-16 10:32:38,1420,60,306,39.9,31.8,926
2024-07-16 10:32:39,1420,60,306,39.9,31.8,927
2024-07-16 10:32:40,1420,60,306,39.9,31.8,926
2024-07-16 10:32:41,1421,60,306,39.9,31.9,928
2024-07-16 10:32:42,1421,60,306,39.9,31.9,931
2024-07-16 10:32:43,1421,60,306,39.9,31.8,936
2024-07-16 10:32:44,1421,60,305,39.9,31.8,934
2024-07-16 10:32:45,1421,60,305,39.9,31.8,936
2024-07-16 10:32:46,1416,60,306,39.9,31.8,937
2024-07-16 10:32:47,1416,60,305,39.9,31.8,939
2024-07-16 10:32:48,1416,60,306,39.9,31.8,921
2024-07-16 10:32:49,1416,60,305,39.9,31.7,944
2024-07-16 10:32:50,1416,60,306,39.9,31.7,944
2024-07-16 10:32:51,1416,60,305,39.9,31.7,948
2024-07-16 10:32:52,1416,60,305,39.9,31.8,959
2024-07-16 10:32:53,1416,60,305,39.9,31.7,954
2024-07-16 10:32:54,1416,60,306,39.9,31.8,955
2024-07-16 10:32:55,1416,60,306,39.9,31.8,959
2024-07-16 10:32:56,1421,60,306,39.9,31.8,967
2024-07-16 10:32:57,1421,60,306,39.9,31.9,966
2024-07-16 10:32:58,1421,60,306,39.9,31.8,968
2024-07-16 10:32:59,1421,60,307,39.9,31.9,965
2024-07-16 10:33:00,1421,60,306,39.9,31.9,970
2024-07-16 10:33:01,1421,60,307,39.9,31.9,975
2024-07-16 10:33:02,1421,60,306,39.9,31.9,976
2024-07-16 10:33:03,1421,60,306,39.9,31.8,972
2024-07-16 10:33:04,1421,60,305,39.9,31.8,987
2024-07-16 10:33:05,1421,60,305,39.9,31.7,981
2024-07-16 10:33:06,1417,60,306,39.9,31.8,987
2024-07-16 10:33:07,1417,60,305,39.9,31.7,987
2024-07-16 10:33:08,1417,60,306,39.9,31.8,993
2024-07-16 10:33:09,1417,60,306,39.9,31.8,993
2024-07-16 10:33:10,1417,60,305,39.9,31.8,1000
2024-07-16 10:33:11,1417,60,305,39.9,31.7,1004
2024-07-16 10:33:12,1417,60,306,39.9,31.8,1009
2024-07-16 10:33:13,1417,60,306,39.9,31.8,1011
2024-07-16 10:33:14,1417,60,306,39.9,31.8,1017
2024-07-16 10:33:15,1417,60,306,39.9,31.8,1020
2024-07-16 10:33:16,1417,60,306,39.9,31.8,1023
2024-07-16 10:33:17,1417,60,306,39.9,31.8,1013
2024-07-16 10:33:18,1417,60,305,39.9,31.8,1022
2024-07-16 10:33:19,1417,60,305,39.9,31.8,1033
2024-07-16 10:33:20,1417,60,306,39.9,31.8,1032
2024-07-16 10:33:21,1422,60,307,39.9,31.9,1039
2024-07-16 10:33:22,1422,60,306,39.9,31.9,1042
2024-07-16 10:33:23,1422,60,307,39.9,31.9,1049
2024-07-16 10:33:24,1422,60,306,39.9,31.8,1050
2024-07-16 10:33:25,1422,60,306,39.9,31.9,1053
2024-07-16 10:33:26,1421,60,306,39.9,31.8,1057
2024-07-16 10:33:27,1421,60,306,39.9,31.8,1061
2024-07-16 10:33:28,1421,60,306,39.9,31.8,1067
2024-07-16 10:33:29,1421,60,305,39.9,31.7,1070
2024-07-16 10:33:30,1421,60,305,39.9,31.8,1072
2024-07-16 10:33:31,1416,60,305,39.9,31.7,1075
2024-07-16 10:33:32,1416,60,306,39.9,31.8,1079
2024-07-16 10:33:33,1416,60,305,39.9,31.8,1084
2024-07-16 10:33:34,1416,60,305,39.9,31.8,1087
2024-07-16 10:33:35,1416,60,305,39.9,31.8,1092
2024-07-16 10:33:36,1418,60,306,39.9,31.8,1093
2024-07-16 10:33:37,1418,60,306,39.9,31.8,1093
2024-07-16 10:33:38,1418,60,305,39.9,31.8,1101
2024-07-16 10:33:39,1418,60,306,39.9,31.8,1108
2024-07-16 10:33:40,1418,60,305,39.9,31.7,1107
2024-07-16 10:33:41,1417,60,307,39.9,31.9,1113
2024-07-16 10:33:42,1417,60,307,39.9,31.9,1124
2024-07-16 10:33:43,1417,60,307,39.9,31.9,1122
2024-07-16 10:33:44,1417,60,307,39.9,31.9,1128
2024-07-16 10:33:45,1417,60,306,39.9,31.8,1131
2024-07-16 10:33:46,1421,60,306,39.9,31.8,1134
2024-07-16 10:33:47,1421,60,306,39.9,31.9,1140
2024-07-16 10:33:48,1421,60,306,39.9,31.8,1144
2024-07-16 10:33:49,1421,60,305,39.9,31.8,1147
2024-07-16 10:33:50,1421,60,306,39.9,31.8,1153
2024-07-16 10:33:51,1417,60,305,39.9,31.7,1165
2024-07-16 10:33:52,1417,60,305,39.9,31.8,1163
2024-07-16 10:33:53,1417,60,305,39.9,31.7,1167
2024-07-16 10:33:54,1417,60,305,39.9,31.7,1169
2024-07-16 10:33:55,1417,60,305,39.9,31.8,1173
2024-07-16 10:33:56,1417,60,305,39.9,31.8,1173
2024-07-16 10:33:57,1417,60,305,39.9,31.7,1191
2024-07-16 10:33:58,1417,60,305,39.9,31.8,1181
2024-07-16 10:33:59,1417,60,306,39.9,31.8,1194
2024-07-16 10:34:00,1417,60,305,39.9,31.7,1198
2024-07-16 10:34:01,1419,60,306,39.9,31.9,1204
2024-07-16 10:34:02,1419,60,306,39.9,31.9,1212
2024-07-16 10:34:03,1419,60,306,39.9,31.8,1219
2024-07-16 10:34:04,1419,60,306,39.9,31.9,1227
2024-07-16 10:34:05,1419,60,306,39.9,31.9,1237
2024-07-16 10:34:06,1421,60,306,39.9,31.9,1245
2024-07-16 10:34:07,1421,60,307,39.9,31.9,1247
2024-07-16 10:34:08,1421,60,307,39.9,31.9,1266
2024-07-16 10:34:09,1421,60,305,39.9,31.8,1269
2024-07-16 10:34:10,1421,60,306,39.9,31.8,1279
2024-07-16 10:34:11,1417,60,305,39.9,31.8,1288
2024-07-16 10:34:12,1417,60,306,39.9,31.8,1297
2024-07-16 10:34:13,1417,60,306,39.9,31.8,1299
2024-07-16 10:34:14,1417,60,306,39.9,31.8,1302
2024-07-16 10:34:15,1417,60,306,39.9,31.8,1296
2024-07-16 10:34:16,1418,60,306,39.9,31.8,1291
2024-07-16 10:34:17,1418,60,306,39.9,31.8,1299
2024-07-16 10:34:18,1418,60,306,39.9,31.8,1294
2024-07-16 10:34:19,1418,60,306,39.9,31.8,1291
2024-07-16 10:34:20,1418,60,306,39.9,31.8,1295
2024-07-16 10:34:21,1418,60,306,39.9,31.8,1308
2024-07-16 10:34:22,1418,60,306,39.9,31.8,1304
2024-07-16 10:34:23,1418,60,306,39.9,31.8,1310
2024-07-16 10:34:24,1418,60,306,39.9,31.8,1314
2024-07-16 10:34:25,1418,60,306,39.9,31.8,1314
2024-07-16 10:34:26,1418,60,306,39.9,31.8,1328
2024-07-16 10:34:27,1418,60,306,39.9,31.8,1341
2024-07-16 10:34:28,1418,60,306,39.9,31.8,1347
2024-07-16 10:34:29,1418,60,306,39.9,31.8,1364
2024-07-16 10:34:30,1418,60,306,39.9,31.8,1390
2024-07-16 10:34:31,1418,60,306,39.9,31.8,1432
2024-07-16 10:34:32,1418,60,306,39.9,31.8,1434
2024-07-16 10:34:33,1418,60,306,39.9,31.8,1433
2024-07-16 10:34:34,1418,60,306,39.9,31.8,1428
2024-07-16 10:34:35,1418,60,306,39.9,31.8,1434
2024-07-16 10:34:36,1418,60,306,39.9,31.8,1433
2024-07-16 10:34:37,1418,60,306,39.9,31.8,1041
2024-07-16 10:34:38,1418,60,307,39.9,31.9,1432
2024-07-16 10:34:39,1418,60,307,39.9,31.9,1438
2024-07-16 10:34:40,1418,60,307,39.9,31.9,1429
2024-07-16 10:34:41,1423,60,307,39.9,31.9,1433
2024-07-16 10:34:42,1423,60,307,39.9,31.9,1430
2024-07-16 10:34:43,1423,60,306,39.9,31.8,1427
2024-07-16 10:34:44,1423,60,306,39.9,31.8,1427
2024-07-16 10:34:45,1423,60,305,39.9,31.7,1426
2024-07-16 10:34:46,1415,60,305,39.9,31.7,1427
2024-07-16 10:34:47,1415,60,306,39.9,31.8,1417
2024-07-16 10:34:48,1415,60,305,39.9,31.7,1419
2024-07-16 10:34:49,1415,60,305,39.9,31.7,1419
2024-07-16 10:34:50,1415,60,305,39.9,31.8,1421
2024-07-16 10:34:51,1418,60,306,39.9,31.8,1420
2024-07-16 10:34:52,1418,60,306,39.9,31.8,1420
2024-07-16 10:34:53,1418,60,306,39.9,31.8,1421
2024-07-16 10:34:54,1418,60,306,39.9,31.8,1418
2024-07-16 10:34:55,1418,60,306,39.9,31.8,1397
2024-07-16 10:34:56,1418,60,306,39.9,31.8,1432
2024-07-16 10:34:57,1418,60,306,39.9,31.8,1434
2024-07-16 10:34:58,1418,60,306,39.9,31.8,1427
2024-07-16 10:34:59,1418,60,306,39.9,31.8,1429
2024-07-16 10:35:00,1418,60,306,39.9,31.8,1427
2024-07-16 10:35:01,1419,60,306,39.9,31.8,1430
2024-07-16 10:35:02,1419,60,306,39.9,31.8,1428
2024-07-16 10:35:03,1419,60,306,39.9,31.8,1420
2024-07-16 10:35:04,1419,60,306,39.9,31.8,1422
2024-07-16 10:35:05,1419,60,306,39.9,31.8,1424
2024-07-16 10:35:06,1417,60,306,39.9,31.8,1432
2024-07-16 10:35:07,1417,60,307,39.9,31.9,1430
2024-07-16 10:35:08,1417,60,307,39.9,31.9,1433
2024-07-16 10:35:09,1417,60,307,39.9,31.9,1436
2024-07-16 10:35:10,1417,60,306,39.9,31.9,1438
2024-07-16 10:35:11,1423,60,307,39.9,31.9,1443
2024-07-16 10:35:12,1423,60,306,39.9,31.8,1441
2024-07-16 10:35:13,1423,60,306,39.9,31.8,1443
2024-07-16 10:35:14,1423,60,306,39.9,31.8,1444
2024-07-16 10:35:15,1423,60,306,39.9,31.8,1445
2024-07-16 10:35:16,1418,60,306,39.9,31.8,1447
2024-07-16 10:35:17,1418,60,306,39.9,31.8,1443
2024-07-16 10:35:18,1418,60,306,39.9,31.8,1449
2024-07-16 10:35:19,1418,60,306,39.9,31.8,1451
2024-07-16 10:35:20,1418,60,306,39.9,31.8,1452
2024-07-16 10:35:21,1419,60,306,39.9,31.8,1459
2024-07-16 10:35:22,1419,61,306,39.9,31.8,1468
2024-07-16 10:35:23,1419,61,306,39.9,31.8,1472
2024-07-16 10:35:24,1419,61,305,39.9,31.7,1476
2024-07-16 10:35:25,1419,62,309,40.0,32.1,1494
2024-07-16 10:35:26,1444,62,311,40.0,32.3,1492
2024-07-16 10:35:27,1444,62,311,40.0,32.4,1498
2024-07-16 10:35:28,1444,62,312,40.0,32.5,1505
2024-07-16 10:35:29,1444,63,316,40.0,32.8,1515
2024-07-16 10:35:30,1444,63,316,40.1,32.8,1529
2024-07-16 10:35:31,1469,63,316,40.1,32.9,1529
2024-07-16 10:35:32,1469,63,316,40.1,32.9,1532
2024-07-16 10:35:33,1469,64,319,40.1,33.2,1534
2024-07-16 10:35:34,1469,64,320,40.1,33.3,1542
2024-07-16 10:35:35,1469,64,320,40.1,33.3,1545
2024-07-16 10:35:36,1487,64,322,40.1,33.4,1556
2024-07-16 10:35:37,1487,65,324,40.2,33.7,1564
2024-07-16 10:35:38,1487,65,326,40.2,33.9,1576
2024-07-16 10:35:39,1487,66,326,40.2,33.9,1585
2024-07-16 10:35:40,1487,66,326,40.2,33.9,1584
2024-07-16 10:35:41,1517,66,327,40.2,34.0,1587
2024-07-16 10:35:42,1517,66,330,40.3,34.4,1590
2024-07-16 10:35:43,1517,66,332,40.3,34.5,1601
2024-07-16 10:35:44,1517,67,332,40.3,34.5,1617
2024-07-16 10:35:45,1517,67,333,40.3,34.6,1627
2024-07-16 10:35:46,1552,68,334,40.3,34.7,1642
2024-07-16 10:35:47,1552,68,337,40.4,35.0,1649
2024-07-16 10:35:48,1552,68,338,40.4,35.2,1649
2024-07-16 10:35:49,1552,69,341,40.4,35.4,1656
2024-07-16 10:35:50,1552,69,341,40.4,35.5,1659
2024-07-16 10:35:51,1592,69,342,40.4,35.5,1662
2024-07-16 10:35:52,1592,69,344,40.5,35.7,1666
2024-07-16 10:35:53,1592,70,349,40.5,36.2,1681
2024-07-16 10:35:54,1592,70,349,40.5,36.3,1688
2024-07-16 10:35:55,1592,70,349,40.5,36.3,1682
2024-07-16 10:35:56,1631,69,349,40.5,36.3,1663
2024-07-16 10:35:57,1631,68,350,40.5,36.4,1646
2024-07-16 10:35:58,1631,68,346,40.5,36,1646
2024-07-16 10:35:59,1631,69,345,40.4,35.8,1654
2024-07-16 10:36:00,1631,67,342,40.4,35.5,1625
2024-07-16 10:36:01,1592,67,342,40.4,35.6,1608
2024-07-16 10:36:02,1592,66,339,40.4,35.2,1597
2024-07-16 10:36:03,1592,66,336,40.3,34.9,1593
2024-07-16 10:36:04,1592,66,335,40.3,34.9,1588
2024-07-16 10:36:05,1592,66,334,40.3,34.6,1582
2024-07-16 10:36:06,1551,66,333,40.3,34.7,1591
2024-07-16 10:36:07,1551,66,334,40.3,34.7,1594
2024-07-16 10:36:08,1551,66,334,40.3,34.7,1596
2024-07-16 10:36:09,1551,66,333,40.3,34.7,1601
2024-07-16 10:36:10,1551,66,334,40.3,34.7,1602
2024-07-16 10:36:11,1552,66,333,40.3,34.7,1601
2024-07-16 10:36:12,1552,66,334,40.3,34.7,1602
2024-07-16 10:36:13,1552,66,334,40.3,34.7,1595
2024-07-16 10:36:14,1552,66,334,40.3,34.7,1598
2024-07-16 10:36:15,1552,66,334,40.3,34.7,1593
2024-07-16 10:36:16,1557,66,335,40.3,34.8,1582
2024-07-16 10:36:17,1557,65,335,40.3,34.8,1578
2024-07-16 10:36:18,1557,65,335,40.3,34.8,1578
2024-07-16 10:36:19,1557,65,334,40.3,34.8,1571
2024-07-16 10:36:20,1557,64,330,40.2,34.3,1551
2024-07-16 10:36:21,1528,64,330,40.2,34.3,1546
2024-07-16 10:36:22,1528,64,325,40.2,33.8,1543
2024-07-16 10:36:23,1528,63,325,40.2,33.8,1529
2024-07-16 10:36:24,1528,63,325,40.2,33.8,1526
2024-07-16 10:36:25,1528,63,325,40.1,33.7,1526
2024-07-16 10:36:26,1506,63,321,40.1,33.4,1524
2024-07-16 10:36:27,1506,63,319,40.1,33.2,1515
2024-07-16 10:36:28,1506,63,319,40.1,33.2,1517
2024-07-16 10:36:29,1506,63,320,40.1,33.2,1521
2024-07-16 10:36:30,1506,63,320,40.1,33.3,1516
2024-07-16 10:36:31,1494,63,323,40.1,33.6,1518
2024-07-16 10:36:32,1494,63,323,40.1,33.5,1521
2024-07-16 10:36:33,1494,63,323,40.1,33.6,1519
2024-07-16 10:36:34,1494,63,322,40.1,33.5,1519
2024-07-16 10:36:35,1494,63,321,40.1,33.4,1520
2024-07-16 10:36:36,1486,63,319,40.1,33.2,1517
2024-07-16 10:36:37,1486,63,320,40.1,33.2,1518
2024-07-16 10:36:38,1486,63,320,40.1,33.3,1521
2024-07-16 10:36:39,1486,63,321,40.1,33.4,1520
2024-07-16 10:36:40,1486,63,322,40.1,33.5,1523
2024-07-16 10:36:41,1495,63,322,40.1,33.5,1521
2024-07-16 10:36:42,1495,63,322,40.1,33.4,1519
2024-07-16 10:36:43,1495,63,322,40.1,33.5,1524
2024-07-16 10:36:44,1495,63,322,40.1,33.5,1524
2024-07-16 10:36:45,1495,63,322,40.1,33.5,1526
2024-07-16 10:36:46,1495,63,322,40.1,33.5,1522
2024-07-16 10:36:47,1495,63,322,40.1,33.5,1523
2024-07-16 10:36:48,1495,63,322,40.1,33.5,1525
2024-07-16 10:36:49,1495,63,322,40.1,33.4,1525
2024-07-16 10:36:50,1495,63,322,40.1,33.5,1526
2024-07-16 10:36:51,1493,63,321,40.1,33.4,1527
2024-07-16 10:36:52,1493,63,320,40.1,33.3,1526
2024-07-16 10:36:53,1493,63,320,40.1,33.2,1521
2024-07-16 10:36:54,1493,63,320,40.1,33.3,1529
2024-07-16 10:36:55,1493,63,320,40.1,33.3,1519
2024-07-16 10:36:56,1490,63,320,40.1,33.3,1525
2024-07-16 10:36:57,1490,63,321,40.1,33.4,1527
2024-07-16 10:36:58,1490,63,322,40.1,33.5,1519
2024-07-16 10:36:59,1490,63,322,40.1,33.4,1527
2024-07-16 10:37:00,1490,63,322,40.1,33.5,1524
2024-07-16 10:37:01,1495,63,322,40.1,33.4,1527
2024-07-16 10:37:02,1495,63,322,40.1,33.5,1522
2024-07-16 10:37:03,1495,63,322,40.1,33.5,1516
2024-07-16 10:37:04,1495,63,322,40.1,33.5,1525
2024-07-16 10:37:05,1495,63,322,40.1,33.5,1521
2024-07-16 10:37:06,1495,63,322,40.1,33.5,1521
2024-07-16 10:37:07,1495,63,322,40.1,33.4,1520
2024-07-16 10:37:08,1495,63,320,40.1,33.3,1518
2024-07-16 10:37:09,1495,63,320,40.1,33.3,1521
2024-07-16 10:37:10,1495,63,320,40.1,33.3,1511
2024-07-16 10:37:11,1487,62,320,40.1,33.3,1506
2024-07-16 10:37:12,1487,63,321,40.1,33.4,1512
2024-07-16 10:37:13,1487,63,321,40.1,33.4,1511
2024-07-16 10:37:14,1487,63,319,40.1,33.2,1513
2024-07-16 10:37:15,1487,62,319,40.1,33.1,1509
2024-07-16 10:37:16,1479,62,319,40.1,33.1,1500
2024-07-16 10:37:17,1479,62,319,40.1,33.1,1502
2024-07-16 10:37:18,1479,63,318,40.1,33.0,1512
2024-07-16 10:37:19,1479,62,316,40.0,32.9,1498
2024-07-16 10:37:20,1479,62,317,40.0,32.9,1495
2024-07-16 10:37:21,1471,62,317,40.0,33.0,1494
2024-07-16 10:37:22,1471,62,317,40.0,33.0,1499
2024-07-16 10:37:23,1471,61,317,40.0,33.0,1482
2024-07-16 10:37:24,1471,62,317,40.0,33.0,1496
2024-07-16 10:37:25,1471,62,316,40.0,32.9,1488
2024-07-16 10:37:26,1457,61,312,40.0,32.4,1483
2024-07-16 10:37:27,1457,61,312,40.0,32.5,1477
2024-07-16 10:37:28,1457,61,312,40.0,32.5,1472
2024-07-16 10:37:29,1457,61,313,40.0,32.5,1472
2024-07-16 10:37:30,1457,61,312,40.0,32.5,1480
2024-07-16 10:37:31,1450,61,313,40.0,32.5,1466
2024-07-16 10:37:32,1450,61,313,40.0,32.5,1463
2024-07-16 10:37:33,1450,60,313,40.0,32.6,1456
2024-07-16 10:37:34,1450,60,313,40.0,32.5,1457
2024-07-16 10:37:35,1450,60,309,40.0,32.2,1450
2024-07-16 10:37:36,1426,60,307,39.9,31.9,1449
2024-07-16 10:37:37,1426,60,307,39.9,31.9,1446
2024-07-16 10:37:38,1426,60,306,39.9,31.9,1439
2024-07-16 10:37:39,1426,60,308,39.9,32.0,1445
2024-07-16 10:37:40,1426,60,308,39.9,32.1,1434
2024-07-16 10:37:41,1429,60,309,39.9,32.1,1429
2024-07-16 10:37:42,1429,60,309,39.9,32.1,1435
2024-07-16 10:37:43,1429,60,308,39.9,32.1,1422
2024-07-16 10:37:44,1429,60,309,39.9,32.1,1419
2024-07-16 10:37:45,1429,60,308,39.9,32.1,1416
2024-07-16 10:37:46,1428,60,308,39.9,32.1,1409
2024-07-16 10:37:47,1428,60,308,39.9,32.0,1407
2024-07-16 10:37:48,1428,60,308,39.9,32.1,1402
2024-07-16 10:37:49,1428,60,307,39.9,31.9,1401
2024-07-16 10:37:50,1428,60,307,39.9,31.9,1405
2024-07-16 10:37:51,1420,60,306,39.9,31.8,1391
2024-07-16 10:37:52,1420,60,306,39.9,31.9,1390
2024-07-16 10:37:53,1420,60,306,39.9,31.8,1381
2024-07-16 10:37:54,1420,60,307,39.9,32.0,1379
2024-07-16 10:37:55,1420,60,308,39.9,32.0,1379
2024-07-16 10:37:56,1427,60,308,39.9,32.0,1377
2024-07-16 10:37:57,1427,60,308,39.9,32.0,1382
2024-07-16 10:37:58,1427,60,308,39.9,32.0,1379
2024-07-16 10:37:59,1427,60,308,39.9,32.0,1345
2024-07-16 10:38:00,1427,60,308,39.9,32.0,1345
2024-07-16 10:38:01,1427,60,308,39.9,32.0,1358
2024-07-16 10:38:02,1427,60,308,39.9,32.0,1354
2024-07-16 10:38:03,1427,60,308,39.9,32.0,1354
2024-07-16 10:38:04,1427,60,308,39.9,32.0,1361
2024-07-16 10:38:05,1427,60,307,39.9,32.0,1353
2024-07-16 10:38:06,1423,60,307,39.9,31.9,1347
2024-07-16 10:38:07,1423,60,307,39.9,31.9,1344
2024-07-16 10:38:08,1423,60,307,39.9,31.9,1336
2024-07-16 10:38:09,1423,60,306,39.9,31.9,1339
2024-07-16 10:38:10,1423,60,307,39.9,31.9,1336
2024-07-16 10:38:11,1422,60,307,39.9,31.9,1335
2024-07-16 10:38:12,1422,60,307,39.9,31.9,1334
2024-07-16 10:38:13,1422,60,307,39.9,31.9,1333
2024-07-16 10:38:14,1422,60,307,39.9,31.9,1325
2024-07-16 10:38:15,1422,60,307,39.9,31.9,1332
2024-07-16 10:38:16,1422,60,307,39.9,31.9,1326
2024-07-16 10:38:17,1422,60,307,39.9,31.9,1321
2024-07-16 10:38:18,1422,60,307,39.9,32.0,1320
2024-07-16 10:38:19,1422,60,308,39.9,32.0,1315
2024-07-16 10:38:20,1422,60,308,39.9,32.0,1316
2024-07-16 10:38:21,1427,60,308,39.9,32.0,1311
2024-07-16 10:38:22,1427,60,307,39.9,32.0,1312
2024-07-16 10:38:23,1427,60,308,39.9,32.0,1318
2024-07-16 10:38:24,1427,60,307,39.9,31.9,1305
2024-07-16 10:38:25,1427,60,307,39.9,31.9,1306
2024-07-16 10:38:26,1418,60,306,39.9,31.8,1302
2024-07-16 10:38:27,1418,60,306,39.9,31.9,1304
2024-07-16 10:38:28,1418,60,306,39.9,31.8,1304
2024-07-16 10:38:29,1418,60,306,39.9,31.8,1304
2024-07-16 10:38:30,1418,60,306,39.9,31.8,1300
2024-07-16 10:38:31,1421,60,308,39.9,32.0,1297
2024-07-16 10:38:32,1421,60,308,39.9,32.0,1297
2024-07-16 10:38:33,1421,60,307,39.9,32.0,1299
2024-07-16 10:38:34,1421,60,308,39.9,32.0,1296
2024-07-16 10:38:35,1421,60,308,39.9,32.0,1300
2024-07-16 10:38:36,1426,60,308,39.9,32.0,1299
2024-07-16 10:38:37,1426,60,306,39.9,31.9,1295
2024-07-16 10:38:38,1426,60,307,39.9,31.9,1293
2024-07-16 10:38:39,1426,60,306,39.9,31.9,1297
2024-07-16 10:38:40,1426,60,306,39.9,31.9,1301
2024-07-16 10:38:41,1420,60,306,39.9,31.8,1295
2024-07-16 10:38:42,1420,60,306,39.9,31.9,1295
2024-07-16 10:38:43,1420,60,307,39.9,31.9,1303
2024-07-16 10:38:44,1420,60,307,39.9,31.9,1295
2024-07-16 10:38:45,1420,60,307,39.9,31.9,1296
2024-07-16 10:38:46,1421,60,306,39.9,31.9,1291
2024-07-16 10:38:47,1421,60,307,39.9,31.9,1293
2024-07-16 10:38:48,1421,60,306,39.9,31.9,1299
2024-07-16 10:38:49,1421,60,307,39.9,31.9,1299
2024-07-16 10:38:50,1421,60,307,39.9,31.9,1298
2024-07-16 10:38:51,1421,60,307,39.9,31.9,1301
2024-07-16 10:38:52,1421,60,306,39.9,31.9,1304
2024-07-16 10:38:53,1421,60,307,39.9,31.9,1301
2024-07-16 10:38:54,1421,60,307,39.9,31.9,1303
2024-07-16 10:38:55,1421,60,307,39.9,31.9,1306
2024-07-16 10:38:56,1417,60,306,39.9,31.8,1303
2024-07-16 10:38:57,1417,60,305,39.9,31.8,1306
2024-07-16 10:38:58,1417,60,305,39.9,31.8,1314
2024-07-16 10:38:59,1417,60,305,39.9,31.7,1306
2024-07-16 10:39:00,1417,60,306,39.9,31.8,1303
2024-07-16 10:39:01,1426,60,307,39.9,31.9,1303
2024-07-16 10:39:02,1426,60,307,39.9,32.0,1308
2024-07-16 10:39:03,1426,60,308,39.9,32.0,1303
2024-07-16 10:39:04,1426,60,307,39.9,32.0,1292
2024-07-16 10:39:05,1426,60,307,39.9,32.0,1298
2024-07-16 10:39:06,1423,60,306,39.9,31.8,1301
2024-07-16 10:39:07,1423,60,306,39.9,31.8,1308
2024-07-16 10:39:08,1423,60,306,39.9,31.8,1304
2024-07-16 10:39:09,1423,60,306,39.9,31.8,1305
2024-07-16 10:39:10,1423,60,306,39.9,31.8,1300
2024-07-16 10:39:11,1417,60,306,39.9,31.8,1308
2024-07-16 10:39:12,1417,60,306,39.9,31.8,1309
2024-07-16 10:39:13,1417,60,306,39.9,31.8,1312
2024-07-16 10:39:14,1417,60,306,39.9,31.8,1305
2024-07-16 10:39:15,1417,60,306,39.9,31.8,1307
2024-07-16 10:39:16,1420,60,306,39.9,31.8,1311
2024-07-16 10:39:17,1420,60,307,39.9,31.9,1310
2024-07-16 10:39:18,1420,60,307,39.9,31.9,1289
2024-07-16 10:39:19,1420,60,307,39.9,31.9,1300
2024-07-16 10:39:20,1420,60,307,39.9,31.9,1307
2024-07-16 10:39:21,1424,60,307,39.9,31.9,1309
2024-07-16 10:39:22,1424,60,307,39.9,32.0,1307
2024-07-16 10:39:23,1424,60,307,39.9,32.0,1307
2024-07-16 10:39:24,1424,60,305,39.9,31.7,1304
2024-07-16 10:39:25,1424,60,305,39.9,31.7,1304
2024-07-16 10:39:26,1412,60,305,39.9,31.7,1305
2024-07-16 10:39:27,1412,60,305,39.9,31.7,1304
2024-07-16 10:39:28,1412,60,307,39.9,31.9,1312
2024-07-16 10:39:29,1412,60,306,39.9,31.9,1302
2024-07-16 10:39:30,1412,60,306,39.9,31.9,1300
2024-07-16 10:39:31,1420,60,306,39.9,31.9,1300
2024-07-16 10:39:32,1420,60,307,39.9,31.9,1300
2024-07-16 10:39:33,1420,60,306,39.9,31.9,1308
2024-07-16 10:39:34,1420,60,306,39.9,31.8,1298
2024-07-16 10:39:35,1420,60,307,39.9,31.9,1298
2024-07-16 10:39:36,1420,60,306,39.9,31.9,1293
2024-07-16 10:39:37,1420,60,307,39.9,31.9,1296
2024-07-16 10:39:38,1420,60,307,39.9,31.9,1293
2024-07-16 10:39:39,1420,60,307,39.9,31.9,1293
2024-07-16 10:39:40,1420,60,306,39.9,31.9,1289
2024-07-16 10:39:41,1420,60,307,39.9,31.9,1291
2024-07-16 10:39:42,1420,60,306,39.9,31.9,1289
2024-07-16 10:39:43,1420,60,306,39.9,31.9,1288
2024-07-16 10:39:44,1420,60,307,39.9,31.9,1283
2024-07-16 10:39:45,1420,60,306,39.9,31.9,1294
2024-07-16 10:39:46,1420,60,307,39.9,31.9,1281
2024-07-16 10:39:47,1420,60,306,39.9,31.8,1280
2024-07-16 10:39:48,1420,60,306,39.9,31.9,1280
2024-07-16 10:39:49,1420,60,306,39.9,31.8,1273
2024-07-16 10:39:50,1420,60,306,39.9,31.8,1278
2024-07-16 10:39:51,1415,60,305,39.9,31.8,1273
2024-07-16 10:39:52,1415,60,305,39.9,31.7,1283
2024-07-16 10:39:53,1415,60,305,39.9,31.8,1275
2024-07-16 10:39:54,1415,60,305,39.9,31.8,1267
2024-07-16 10:39:55,1415,60,306,39.9,31.8,1271
2024-07-16 10:39:56,1416,60,306,39.9,31.8,1270
2024-07-16 10:39:57,1416,60,307,39.9,31.9,1268
2024-07-16 10:39:58,1416,60,306,39.9,31.8,1269
2024-07-16 10:39:59,1416,60,307,39.9,31.9,1262
2024-07-16 10:40:00,1416,60,306,39.9,31.9,1261
2024-07-16 10:40:01,1420,60,307,39.9,31.9,1254
2024-07-16 10:40:02,1420,60,306,39.9,31.9,1259
2024-07-16 10:40:03,1420,60,307,39.9,31.9,1258
2024-07-16 10:40:04,1420,60,306,39.9,31.9,1256
2024-07-16 10:40:05,1420,60,306,39.9,31.8,1258
2024-07-16 10:40:06,1420,60,307,39.9,31.9,1259
2024-07-16 10:40:07,1420,60,306,39.9,31.9,1260
2024-07-16 10:40:08,1420,60,306,39.9,31.9,1255
2024-07-16 10:40:09,1420,60,306,39.9,31.9,1255
2024-07-16 10:40:10,1420,60,305,39.9,31.8,1249
2024-07-16 10:40:11,1415,60,305,39.9,31.7,1250
2024-07-16 10:40:12,1415,60,306,39.9,31.8,1251
2024-07-16 10:40:13,1415,60,306,39.9,31.8,1251
2024-07-16 10:40:14,1415,60,306,39.9,31.8,1251
2024-07-16 10:40:15,1415,60,306,39.9,31.8,1249
2024-07-16 10:40:16,1416,60,306,39.9,31.8,1242
2024-07-16 10:40:17,1416,60,306,39.9,31.9,1245
2024-07-16 10:40:18,1416,60,307,39.9,31.9,1241
2024-07-16 10:40:19,1416,60,306,39.9,31.8,1241
2024-07-16 10:40:20,1416,60,307,39.9,31.9,1240
2024-07-16 10:40:21,1420,60,306,39.9,31.8,1243
2024-07-16 10:40:22,1420,60,307,39.9,31.9,1248
2024-07-16 10:40:23,1420,60,306,39.9,31.8,1239
2024-07-16 10:40:24,1420,60,306,39.9,31.8,1239
2024-07-16 10:40:25,1420,60,306,39.9,31.9,1235
2024-07-16 10:40:26,1420,60,306,39.9,31.8,1232
2024-07-16 10:40:27,1420,60,306,39.9,31.8,1239
2024-07-16 10:40:28,1420,60,306,39.9,31.9,1233
2024-07-16 10:40:29,1420,60,306,39.9,31.9,1234
2024-07-16 10:40:30,1420,60,306,39.9,31.8,1238
2024-07-16 10:40:31,1420,60,306,39.9,31.8,1227
2024-07-16 10:40:32,1420,60,306,39.9,31.8,1228
2024-07-16 10:40:33,1420,60,306,39.9,31.9,1226
2024-07-16 10:40:34,1420,60,306,39.9,31.9,1224
2024-07-16 10:40:35,1420,60,307,39.9,31.8,1224
2024-07-16 10:40:36,1416,60,305,39.9,31.8,1224
2024-07-16 10:40:37,1416,60,306,39.9,31.8,1222
2024-07-16 10:40:38,1416,60,305,39.9,31.8,1228
2024-07-16 10:40:39,1416,60,305,39.9,31.7,1219
2024-07-16 10:40:40,1416,60,306,39.9,31.8,1230
2024-07-16 10:40:41,1416,60,305,39.9,31.8,1219
2024-07-16 10:40:42,1416,60,306,39.9,31.8,1219
2024-07-16 10:40:43,1416,60,305,39.9,31.7,1217
2024-07-16 10:40:44,1416,60,306,39.9,31.8,1216
2024-07-16 10:40:45,1416,60,306,39.9,31.8,1217
2024-07-16 10:40:46,1420,60,307,39.9,31.9,1215
2024-07-16 10:40:47,1420,60,306,39.9,31.9,1214
2024-07-16 10:40:48,1420,60,306,39.9,31.8,1217
2024-07-16 10:40:49,1420,60,306,39.9,31.8,1221
2024-07-16 10:40:50,1420,60,306,39.9,31.8,1163
2024-07-16 10:40:51,1419,60,306,39.9,31.8,1179
2024-07-16 10:40:52,1419,60,306,39.9,31.8,1152
2024-07-16 10:40:53,1419,60,306,39.9,31.8,1184
2024-07-16 10:40:54,1419,60,306,39.9,31.9,1192
2024-07-16 10:40:55,1419,60,306,39.9,31.9,1197
2024-07-16 10:40:56,1419,60,306,39.9,31.8,1199
2024-07-16 10:40:57,1419,60,305,39.9,31.7,1203
2024-07-16 10:40:58,1419,60,305,39.9,31.7,1206
2024-07-16 10:40:59,1419,60,305,39.9,31.8,1207
2024-07-16 10:41:00,1419,60,305,39.9,31.7,1208
2024-07-16 10:41:01,1416,60,306,39.9,31.8,1204
2024-07-16 10:41:02,1416,60,305,39.9,31.7,1204
2024-07-16 10:41:03,1416,60,306,39.9,31.8,1205
2024-07-16 10:41:04,1416,60,306,39.9,31.8,1207
2024-07-16 10:41:05,1416,60,305,39.9,31.8,1213
2024-07-16 10:41:06,1416,60,306,39.9,31.8,1204
2024-07-16 10:41:07,1416,60,306,39.9,31.8,1205
2024-07-16 10:41:08,1416,60,306,39.9,31.8,1203
2024-07-16 10:41:09,1416,60,306,39.9,31.8,1205
2024-07-16 10:41:10,1416,60,306,39.9,31.8,1202
2024-07-16 10:41:11,1419,60,306,39.9,31.8,1202
2024-07-16 10:41:12,1419,60,307,39.9,31.9,1205
2024-07-16 10:41:13,1419,60,306,39.9,31.9,1202
2024-07-16 10:41:14,1419,60,306,39.9,31.8,1199
2024-07-16 10:41:15,1419,60,306,39.9,31.9,1205
2024-07-16 10:41:16,1419,60,306,39.9,31.8,1202
2024-07-16 10:41:17,1419,60,306,39.9,31.9,1203
2024-07-16 10:41:18,1419,60,306,39.9,31.8,1148
2024-07-16 10:41:19,1419,60,306,39.9,31.9,1204
2024-07-16 10:41:20,1419,60,306,39.9,31.8,1202
2024-07-16 10:41:21,1418,60,306,39.9,31.8,1203
2024-07-16 10:41:22,1418,60,305,39.9,31.7,1204
2024-07-16 10:41:23,1418,60,306,39.9,31.8,1202
2024-07-16 10:41:24,1418,60,306,39.9,31.8,1205
2024-07-16 10:41:25,1418,60,305,39.9,31.8,1199
2024-07-16 10:41:26,1416,60,305,39.9,31.7,1206
2024-07-16 10:41:27,1416,60,306,39.9,31.8,1207
2024-07-16 10:41:28,1416,60,306,39.9,31.8,1205
2024-07-16 10:41:29,1416,60,306,39.9,31.8,1199
2024-07-16 10:41:30,1416,60,306,39.9,31.8,1210
2024-07-16 10:41:31,1416,60,305,39.9,31.7,1203
2024-07-16 10:41:32,1416,60,306,39.9,31.8,1208
2024-07-16 10:41:33,1416,60,306,39.9,31.8,1197
2024-07-16 10:41:34,1416,60,306,39.9,31.8,1219
2024-07-16 10:41:35,1416,60,306,39.9,31.8,1211
2024-07-16 10:41:36,1420,60,306,39.9,31.8,1213
2024-07-16 10:41:37,1420,60,306,39.9,31.8,1211
2024-07-16 10:41:38,1420,60,306,39.9,31.8,1214
2024-07-16 10:41:39,1420,60,306,39.9,31.9,1214
2024-07-16 10:41:40,1420,60,306,39.9,31.8,1209
2024-07-16 10:41:41,1419,60,306,39.9,31.9,1217
2024-07-16 10:41:42,1419,60,306,39.9,31.9,1217
2024-07-16 10:41:43,1419,60,306,39.9,31.9,1217
2024-07-16 10:41:44,1419,60,306,39.9,31.8,1221
2024-07-16 10:41:45,1419,60,307,39.9,31.9,1218
2024-07-16 10:41:46,1420,60,306,39.9,31.8,1225
2024-07-16 10:41:47,1420,60,306,39.9,31.9,1220
2024-07-16 10:41:48,1420,60,306,39.9,31.8,1216
2024-07-16 10:41:49,1420,60,306,39.9,31.8,1216
2024-07-16 10:41:50,1420,60,305,39.9,31.8,1231
2024-07-16 10:41:51,1416,60,306,39.9,31.8,1225
2024-07-16 10:41:52,1416,60,306,39.9,31.8,1226
2024-07-16 10:41:53,1416,60,306,39.9,31.8,1227
2024-07-16 10:41:54,1416,60,306,39.9,31.8,1225
2024-07-16 10:41:55,1416,60,306,39.9,31.8,1230
2024-07-16 10:41:56,1417,60,306,39.9,31.8,1237
2024-07-16 10:41:57,1417,60,306,39.9,31.8,1234
2024-07-16 10:41:58,1417,60,306,39.9,31.8,1234
2024-07-16 10:41:59,1417,60,306,39.9,31.8,1237
2024-07-16 10:42:00,1417,60,306,39.9,31.8,1238
2024-07-16 10:42:01,1417,60,306,39.9,31.8,1237
2024-07-16 10:42:02,1417,60,306,39.9,31.8,1242
2024-07-16 10:42:03,1417,60,305,39.9,31.7,1243
2024-07-16 10:42:04,1417,60,306,39.9,31.8,1239
2024-07-16 10:42:05,1417,60,306,39.9,31.8,1244
2024-07-16 10:42:06,1416,60,306,39.9,31.8,1244
2024-07-16 10:42:07,1416,60,305,39.9,31.7,1253
2024-07-16 10:42:08,1416,60,306,39.9,31.8,1248
2024-07-16 10:42:09,1416,60,306,39.9,31.8,1251
2024-07-16 10:42:10,1416,60,307,39.9,31.9,1252
2024-07-16 10:42:11,1420,60,306,39.9,31.8,1256
2024-07-16 10:42:12,1420,60,307,39.9,31.9,1255
2024-07-16 10:42:13,1420,60,306,39.9,31.9,1262
2024-07-16 10:42:14,1420,60,307,39.9,31.9,1260
2024-07-16 10:42:15,1420,60,306,39.9,31.8,1258
2024-07-16 10:42:16,1419,60,306,39.9,31.9,1262
2024-07-16 10:42:17,1419,60,306,39.9,31.8,1262
2024-07-16 10:42:18,1419,60,306,39.9,31.8,1261
2024-07-16 10:42:19,1419,60,305,39.9,31.8,1262
2024-07-16 10:42:20,1419,60,306,39.9,31.8,1274
2024-07-16 10:42:21,1416,60,305,39.9,31.8,1268
2024-07-16 10:42:22,1416,60,305,39.9,31.8,1271
2024-07-16 10:42:23,1416,60,306,39.9,31.8,1268
2024-07-16 10:42:24,1416,60,306,39.9,31.8,1274
2024-07-16 10:42:25,1416,60,306,39.9,31.8,1275
2024-07-16 10:42:26,1417,60,306,39.9,31.8,1285
2024-07-16 10:42:27,1417,60,306,39.9,31.8,1281
2024-07-16 10:42:28,1417,60,306,39.9,31.8,1280
2024-07-16 10:42:29,1417,60,306,39.9,31.8,1277
2024-07-16 10:42:30,1417,60,305,39.9,31.7,1282
2024-07-16 10:42:31,1417,60,306,39.9,31.8,1284
2024-07-16 10:42:32,1417,60,306,39.9,31.9,1284
2024-07-16 10:42:33,1417,60,307,39.9,31.9,1289
2024-07-16 10:42:34,1417,60,306,39.9,31.9,1287
2024-07-16 10:42:35,1417,60,306,39.9,31.8,1294
2024-07-16 10:42:36,1420,60,306,39.9,31.9,1294
2024-07-16 10:42:37,1420,60,307,39.9,31.9,1294
2024-07-16 10:42:38,1420,60,306,39.9,31.8,1296
2024-07-16 10:42:39,1420,60,306,39.9,31.9,1280
2024-07-16 10:42:40,1420,60,306,39.9,31.8,1288
2024-07-16 10:42:41,1416,60,306,39.9,31.8,1292
2024-07-16 10:42:42,1416,60,305,39.9,31.8,1295
2024-07-16 10:42:43,1416,60,306,39.9,31.8,1306
2024-07-16 10:42:44,1416,60,305,39.9,31.8,1300
2024-07-16 10:42:45,1416,60,306,39.9,31.8,1299
2024-07-16 10:42:46,1416,60,306,39.9,31.8,1312
2024-07-16 10:42:47,1416,60,306,39.9,31.8,1300
2024-07-16 10:42:48,1416,60,306,39.9,31.8,1306
2024-07-16 10:42:49,1416,60,306,39.9,31.8,1303
2024-07-16 10:42:50,1416,60,306,39.9,31.8,1304
2024-07-16 10:42:51,1417,60,306,39.9,31.8,1302
2024-07-16 10:42:52,1417,60,306,39.9,31.8,1317
2024-07-16 10:42:53,1417,60,306,39.9,31.8,1303
2024-07-16 10:42:54,1417,60,306,39.9,31.8,1308
2024-07-16 10:42:55,1417,60,306,39.9,31.8,1309
2024-07-16 10:42:56,1417,60,306,39.9,31.8,1308
2024-07-16 10:42:57,1417,60,306,39.9,31.8,1312
2024-07-16 10:42:58,1417,60,306,39.9,31.8,1314
2024-07-16 10:42:59,1417,60,306,39.9,31.8,1315
2024-07-16 10:43:00,1417,60,306,39.9,31.8,1313
2024-07-16 10:43:01,1417,60,306,39.9,31.8,1316
2024-07-16 10:43:02,1417,60,306,39.9,31.8,1315
2024-07-16 10:43:03,1417,60,306,39.9,31.8,1314
2024-07-16 10:43:04,1417,60,306,39.9,31.8,1318
2024-07-16 10:43:05,1417,60,306,39.9,31.8,1317
2024-07-16 10:43:06,1417,60,306,39.9,31.8,1321
2024-07-16 10:43:07,1417,60,306,39.9,31.8,1316
2024-07-16 10:43:08,1417,60,305,39.9,31.8,1317
2024-07-16 10:43:09,1417,60,305,39.9,31.8,1329
2024-07-16 10:43:10,1417,60,305,39.9,31.8,1324
2024-07-16 10:43:11,1417,60,306,39.9,31.8,1321
2024-07-16 10:43:12,1417,60,307,39.9,31.9,1322
2024-07-16 10:43:13,1417,60,307,39.9,31.9,1324
2024-07-16 10:43:14,1417,60,307,39.9,31.9,1319
2024-07-16 10:43:15,1417,60,307,39.9,31.9,1328
2024-07-16 10:43:16,1420,60,307,39.9,31.9,1329
2024-07-16 10:43:17,1420,60,307,39.9,31.9,1330
2024-07-16 10:43:18,1420,60,306,39.9,31.8,1329
2024-07-16 10:43:19,1420,60,306,39.9,31.8,1332
2024-07-16 10:43:20,1420,60,306,39.9,31.8,1327
2024-07-16 10:43:21,1417,60,306,39.9,31.8,1327
2024-07-16 10:43:22,1417,60,306,39.9,31.8,1330
2024-07-16 10:43:23,1417,60,306,39.9,31.8,1327
2024-07-16 10:43:24,1417,60,306,39.9,31.8,1327
2024-07-16 10:43:25,1417,60,306,39.9,31.8,1333
2024-07-16 10:43:26,1417,60,306,39.9,31.8,1333
2024-07-16 10:43:27,1417,60,306,39.9,31.8,1334
2024-07-16 10:43:28,1417,60,306,39.9,31.8,1339
2024-07-16 10:43:29,1417,60,306,39.9,31.8,1337
2024-07-16 10:43:30,1417,60,306,39.9,31.8,1336
2024-07-16 10:43:31,1418,60,306,39.9,31.8,1339
2024-07-16 10:43:32,1418,60,306,39.9,31.8,1349
2024-07-16 10:43:33,1418,60,306,39.9,31.8,1341
2024-07-16 10:43:34,1418,60,306,39.9,31.8,1337
2024-07-16 10:43:35,1418,60,306,39.9,31.8,1342
2024-07-16 10:43:36,1417,60,306,39.9,31.8,1342
2024-07-16 10:43:37,1417,60,306,39.9,31.8,1344
2024-07-16 10:43:38,1417,60,306,39.9,31.8,1346
2024-07-16 10:43:39,1417,60,306,39.9,31.8,1344
2024-07-16 10:43:40,1417,60,306,39.9,31.8,1349
2024-07-16 10:43:41,1417,60,306,39.9,31.8,1348
2024-07-16 10:43:42,1417,60,306,39.9,31.8,1349
2024-07-16 10:43:43,1417,60,305,39.9,31.8,1346
2024-07-16 10:43:44,1417,60,306,39.9,31.8,1348
2024-07-16 10:43:45,1417,60,305,39.9,31.8,1350
2024-07-16 10:43:46,1416,60,306,39.9,31.8,1351
2024-07-16 10:43:47,1416,60,306,39.9,31.8,1353
2024-07-16 10:43:48,1416,60,306,39.9,31.8,1352
2024-07-16 10:43:49,1416,60,306,39.9,31.8,1362
2024-07-16 10:43:50,1416,60,306,39.9,31.8,1357
2024-07-16 10:43:51,1418,60,306,39.9,31.8,1355
2024-07-16 10:43:52,1418,60,306,39.9,31.8,1356
2024-07-16 10:43:53,1418,60,306,39.9,31.8,1364
2024-07-16 10:43:54,1418,60,306,39.9,31.8,1352
2024-07-16 10:43:55,1418,60,306,39.9,31.8,1357
2024-07-16 10:43:56,1418,60,306,39.9,31.8,1356
2024-07-16 10:43:57,1418,60,306,39.9,31.8,1356
2024-07-16 10:43:58,1418,60,306,39.9,31.8,1358
2024-07-16 10:43:59,1418,60,306,39.9,31.8,1360
2024-07-16 10:44:00,1418,60,306,39.9,31.8,1360
2024-07-16 10:44:01,1417,60,306,39.9,31.8,1361
2024-07-16 10:44:02,1417,60,306,39.9,31.8,1363
2024-07-16 10:44:03,1417,60,306,39.9,31.8,1369
2024-07-16 10:44:04,1417,60,305,39.9,31.8,1360
2024-07-16 10:44:05,1417,60,306,39.9,31.8,1361
2024-07-16 10:44:06,1417,60,306,39.9,31.8,1361
2024-07-16 10:44:07,1417,60,306,39.9,31.8,1357
2024-07-16 10:44:08,1417,60,306,39.9,31.8,1362
2024-07-16 10:44:09,1417,60,306,39.9,31.8,1359
2024-07-16 10:44:10,1417,60,306,39.9,31.8,1368
2024-07-16 10:44:11,1418,60,306,39.9,31.8,1362
2024-07-16 10:44:12,1418,60,306,39.9,31.8,1362
2024-07-16 10:44:13,1418,60,306,39.9,31.8,1358
2024-07-16 10:44:14,1418,60,306,39.9,31.8,1362
2024-07-16 10:44:15,1418,60,307,39.9,31.9,1358
2024-07-16 10:44:16,1418,60,306,39.9,31.8,1357
2024-07-16 10:44:17,1418,60,306,39.9,31.8,1360
2024-07-16 10:44:18,1418,60,306,39.9,31.8,1361
2024-07-16 10:44:19,1418,60,306,39.9,31.8,1361
2024-07-16 10:44:20,1418,60,306,39.9,31.8,1370
2024-07-16 10:44:21,1417,60,306,39.9,31.8,1363
2024-07-16 10:44:22,1417,60,306,39.9,31.8,1364
2024-07-16 10:44:23,1417,60,306,39.9,31.8,1368
2024-07-16 10:44:24,1417,60,306,39.9,31.8,1361
2024-07-16 10:44:25,1417,60,306,39.9,31.8,1361
2024-07-16 10:44:26,1417,60,306,39.9,31.8,1361
2024-07-16 10:44:27,1417,60,306,39.9,31.8,1360
2024-07-16 10:44:28,1417,60,306,39.9,31.8,1362
2024-07-16 10:44:29,1417,60,306,39.9,31.8,1361
2024-07-16 10:44:30,1417,60,306,39.9,31.8,1369
2024-07-16 10:44:31,1418,60,306,39.9,31.8,1360
2024-07-16 10:44:32,1418,60,306,39.9,31.8,1360
2024-07-16 10:44:33,1418,60,306,39.9,31.8,1359
2024-07-16 10:44:34,1418,60,306,39.9,31.8,1360
2024-07-16 10:44:35,1418,60,306,39.9,31.8,1360
2024-07-16 10:44:36,1417,60,306,39.9,31.8,1355
2024-07-16 10:44:37,1417,60,306,39.9,31.8,1359
2024-07-16 10:44:38,1417,60,306,39.9,31.8,1357
2024-07-16 10:44:39,1417,60,306,39.9,31.8,1355
2024-07-16 10:44:40,1417,60,306,39.9,31.8,1351
2024-07-16 10:44:41,1417,60,306,39.9,31.8,1352
2024-07-16 10:44:42,1417,60,306,39.9,31.8,1351
2024-07-16 10:44:43,1417,60,306,39.9,31.8,1351
2024-07-16 10:44:44,1417,60,306,39.9,31.8,1351
2024-07-16 10:44:45,1417,60,306,39.9,31.8,1350
2024-07-16 10:44:46,1418,60,306,39.9,31.8,1349
2024-07-16 10:44:47,1418,60,306,39.9,31.8,1354
2024-07-16 10:44:48,1418,60,306,39.9,31.8,1345
2024-07-16 10:44:49,1418,60,306,39.9,31.8,1340
2024-07-16 10:44:50,1418,60,306,39.9,31.8,1343
2024-07-16 10:44:51,1418,60,306,39.9,31.8,1339
2024-07-16 10:44:52,1418,60,306,39.9,31.8,1336
2024-07-16 10:44:53,1418,60,306,39.9,31.8,1338
2024-07-16 10:44:54,1418,60,306,39.9,31.8,1336
2024-07-16 10:44:55,1418,60,306,39.9,31.8,1345
2024-07-16 10:44:56,1418,60,306,39.9,31.8,1337
2024-07-16 10:44:57,1418,60,306,39.9,31.8,1329
2024-07-16 10:44:58,1418,60,306,39.9,31.8,1329
2024-07-16 10:44:59,1418,60,306,39.9,31.8,1327
2024-07-16 10:45:00,1418,60,306,39.9,31.8,1334
2024-07-16 10:45:01,1415,60,305,39.9,31.8,1326
2024-07-16 10:45:02,1415,60,305,39.9,31.7,1326
2024-07-16 10:45:03,1415,60,305,39.9,31.7,1328
2024-07-16 10:45:04,1415,60,305,39.9,31.7,1325
2024-07-16 10:45:05,1415,60,305,39.9,31.8,1317
2024-07-16 10:45:06,1414,60,305,39.9,31.7,1320
2024-07-16 10:45:07,1414,60,306,39.9,31.8,1320
2024-07-16 10:45:08,1414,60,306,39.9,31.8,1323
2024-07-16 10:45:09,1414,60,306,39.9,31.9,1320
2024-07-16 10:45:10,1414,60,306,39.9,31.9,1323
2024-07-16 10:45:11,1422,60,307,39.9,31.9,1321
2024-07-16 10:45:12,1422,60,307,39.9,31.9,1323
2024-07-16 10:45:13,1422,60,307,39.9,31.9,1320
2024-07-16 10:45:14,1422,60,307,39.9,31.9,1326
2024-07-16 10:45:15,1422,60,306,39.9,31.8,1321
2024-07-16 10:45:16,1414,60,305,39.9,31.7,1315
2024-07-16 10:45:17,1414,60,305,39.9,31.8,1307
2024-07-16 10:45:18,1414,60,305,39.9,31.7,1301
2024-07-16 10:45:19,1414,60,305,39.9,31.7,1295
2024-07-16 10:45:20,1414,60,305,39.9,31.8,1289
2024-07-16 10:45:21,1415,60,305,39.9,31.7,1282
2024-07-16 10:45:22,1415,60,306,39.9,31.8,1288
2024-07-16 10:45:23,1415,60,306,39.9,31.8,1276
2024-07-16 10:45:24,1415,60,307,39.9,31.9,1279
2024-07-16 10:45:25,1415,60,307,39.9,31.9,1271
2024-07-16 10:45:26,1423,60,307,39.9,31.9,1267
2024-07-16 10:45:27,1423,60,307,39.9,31.9,1268
2024-07-16 10:45:28,1423,60,306,39.9,31.8,1262
2024-07-16 10:45:29,1423,60,305,39.9,31.7,1260
2024-07-16 10:45:30,1423,60,305,39.9,31.7,1258
2024-07-16 10:45:31,1414,60,305,39.9,31.8,1253
2024-07-16 10:45:32,1414,60,305,39.9,31.7,1253
2024-07-16 10:45:33,1414,60,305,39.9,31.8,1251
2024-07-16 10:45:34,1414,60,305,39.9,31.7,1252
2024-07-16 10:45:35,1414,60,306,39.9,31.8,1239
2024-07-16 10:45:36,1419,60,306,39.9,31.9,1238
2024-07-16 10:45:37,1419,60,307,39.9,31.9,1238
2024-07-16 10:45:38,1419,60,307,39.9,31.9,1245
2024-07-16 10:45:39,1419,60,307,39.9,31.9,1235
2024-07-16 10:45:40,1419,60,306,39.9,31.9,1233
2024-07-16 10:45:41,1419,60,305,39.9,31.8,1225
2024-07-16 10:45:42,1419,60,305,39.9,31.7,1235
2024-07-16 10:45:43,1419,60,305,39.9,31.7,1221
2024-07-16 10:45:44,1419,60,305,39.9,31.8,1220
2024-07-16 10:45:45,1419,60,305,39.9,31.7,1220
2024-07-16 10:45:46,1413,60,305,39.9,31.7,1214
2024-07-16 10:45:47,1413,60,305,39.9,31.7,1213
2024-07-16 10:45:48,1413,60,306,39.9,31.8,1209
2024-07-16 10:45:49,1413,60,307,39.9,31.9,1203
2024-07-16 10:45:50,1413,60,307,39.9,31.9,1200
2024-07-16 10:45:51,1422,60,307,39.9,31.9,1205
2024-07-16 10:45:52,1422,60,307,39.9,31.9,1201
2024-07-16 10:45:53,1422,60,307,39.9,31.9,1199
2024-07-16 10:45:54,1422,60,307,39.9,31.9,1188
2024-07-16 10:45:55,1422,60,305,39.9,31.8,1189
2024-07-16 10:45:56,1414,60,305,39.9,31.7,1182
2024-07-16 10:45:57,1414,60,305,39.9,31.8,1180
2024-07-16 10:45:58,1414,60,305,39.9,31.8,1178
2024-07-16 10:45:59,1414,60,305,39.9,31.7,1174
2024-07-16 10:46:00,1414,60,305,39.9,31.7,1168
2024-07-16 10:46:01,1414,60,305,39.9,31.7,1165
2024-07-16 10:46:02,1414,60,306,39.9,31.8,1163
2024-07-16 10:46:03,1414,60,305,39.9,31.7,1160
2024-07-16 10:46:04,1414,60,306,39.9,31.8,1158
2024-07-16 10:46:05,1414,60,306,39.9,31.8,1153
2024-07-16 10:46:06,1419,60,306,39.9,31.8,1149
2024-07-16 10:46:07,1419,60,306,39.9,31.8,1147
2024-07-16 10:46:08,1419,60,306,39.9,31.9,1138
2024-07-16 10:46:09,1419,60,307,39.9,31.9,1137
2024-07-16 10:46:10,1419,60,306,39.9,31.8,1138
2024-07-16 10:46:11,1419,60,306,39.9,31.8,1135
2024-07-16 10:46:12,1419,60,306,39.9,31.8,1141
2024-07-16 10:46:13,1419,60,306,39.9,31.9,1130
2024-07-16 10:46:14,1419,60,306,39.9,31.9,1129
2024-07-16 10:46:15,1419,60,306,39.9,31.8,1127
2024-07-16 10:46:16,1417,60,305,39.9,31.8,1127
2024-07-16 10:46:17,1417,60,305,39.9,31.8,1129
2024-07-16 10:46:18,1417,60,306,39.9,31.8,1120
2024-07-16 10:46:19,1417,60,305,39.9,31.7,1122
2024-07-16 10:46:20,1417,60,305,39.9,31.7,897
2024-07-16 10:46:21,1414,60,305,39.9,31.7,1062
2024-07-16 10:46:22,1414,60,305,39.9,31.7,1072
2024-07-16 10:46:23,1414,60,305,39.9,31.8,1083
2024-07-16 10:46:24,1414,60,305,39.9,31.7,1088
2024-07-16 10:46:25,1414,60,306,39.9,31.8,1092
2024-07-16 10:46:26,1418,60,306,39.9,31.8,1093
2024-07-16 10:46:27,1418,60,306,39.9,31.9,1104
2024-07-16 10:46:28,1418,60,306,39.9,31.8,1109
2024-07-16 10:46:29,1418,60,306,39.9,31.8,1107
2024-07-16 10:46:30,1418,60,306,39.9,31.8,1103
2024-07-16 10:46:31,1419,60,306,39.9,31.8,1103
2024-07-16 10:46:32,1419,60,306,39.9,31.8,1103
2024-07-16 10:46:33,1419,60,306,39.9,31.8,1101
2024-07-16 10:46:34,1419,60,307,39.9,31.9,1097
2024-07-16 10:46:35,1419,60,306,39.9,31.9,1098
2024-07-16 10:46:36,1419,60,306,39.9,31.8,1092
2024-07-16 10:46:37,1419,60,306,39.9,31.8,1090
2024-07-16 10:46:38,1419,60,306,39.9,31.8,1087
2024-07-16 10:46:39,1419,60,306,39.9,31.8,1092
2024-07-16 10:46:40,1419,60,305,39.9,31.7,1084
2024-07-16 10:46:41,1415,60,306,39.9,31.8,1082
2024-07-16 10:46:42,1415,60,305,39.9,31.7,1081
2024-07-16 10:46:43,1415,60,306,39.9,31.8,1085
2024-07-16 10:46:44,1415,60,305,39.9,31.8,1075
2024-07-16 10:46:45,1415,60,306,39.9,31.8,1077
2024-07-16 10:46:46,1415,60,306,39.9,31.8,1076
2024-07-16 10:46:47,1415,60,305,39.9,31.7,1075
2024-07-16 10:46:48,1415,60,306,39.9,31.8,1075
2024-07-16 10:46:49,1415,60,306,39.9,31.8,1070
2024-07-16 10:46:50,1415,60,306,39.9,31.9,1069
2024-07-16 10:46:51,1420,60,306,39.9,31.9,1056
2024-07-16 10:46:52,1420,60,306,39.9,31.9,1066
2024-07-16 10:46:53,1420,60,306,39.9,31.9,1064
2024-07-16 10:46:54,1420,60,307,39.9,31.9,1064
2024-07-16 10:46:55,1420,60,306,39.9,31.8,1062
2024-07-16 10:46:56,1419,60,306,39.9,31.8,1057
2024-07-16 10:46:57,1419,60,307,39.9,31.9,1068
2024-07-16 10:46:58,1419,60,306,39.9,31.9,1060
2024-07-16 10:46:59,1419,60,306,39.9,31.8,1055
2024-07-16 10:47:00,1419,60,306,39.9,31.8,1059
2024-07-16 10:47:01,1415,60,306,39.9,31.8,1059
2024-07-16 10:47:02,1415,60,306,39.9,31.8,1057
2024-07-16 10:47:03,1415,60,306,39.9,31.8,1032
2024-07-16 10:47:04,1415,60,306,39.9,31.8,1036
2024-07-16 10:47:05,1415,60,306,39.9,31.8,1035
2024-07-16 10:47:06,1416,60,306,39.9,31.8,1043
2024-07-16 10:47:07,1416,60,306,39.9,31.8,1038
2024-07-16 10:47:08,1416,60,305,39.9,31.8,1038
2024-07-16 10:47:09,1416,60,305,39.9,31.8,1035
2024-07-16 10:47:10,1416,60,306,39.9,31.8,1037
2024-07-16 10:47:11,1416,60,305,39.9,31.8,1040
2024-07-16 10:47:12,1416,60,306,39.9,31.8,1036
2024-07-16 10:47:13,1416,60,306,39.9,31.8,1037
2024-07-16 10:47:14,1416,60,307,39.9,31.9,1032
2024-07-16 10:47:15,1416,60,307,39.9,31.9,1036
2024-07-16 10:47:16,1421,60,307,39.9,31.9,1034
2024-07-16 10:47:17,1421,60,307,39.9,31.9,1035
2024-07-16 10:47:18,1421,60,306,39.9,31.9,1038
2024-07-16 10:47:19,1421,60,306,39.9,31.9,1038
2024-07-16 10:47:20,1421,60,306,39.9,31.9,1035
2024-07-16 10:47:21,1420,60,307,39.9,31.9,1035
2024-07-16 10:47:22,1420,60,306,39.9,31.8,1033
2024-07-16 10:47:23,1420,60,306,39.9,31.8,1032
2024-07-16 10:47:24,1420,60,306,39.9,31.8,1038
2024-07-16 10:47:25,1420,60,306,39.9,31.8,1024
2024-07-16 10:47:26,1416,60,306,39.9,31.8,1027
2024-07-16 10:47:27,1416,60,305,39.9,31.7,1028
2024-07-16 10:47:28,1416,60,305,39.9,31.8,1026
2024-07-16 10:47:29,1416,60,305,39.9,31.7,1033
2024-07-16 10:47:30,1416,60,305,39.9,31.7,1022
2024-07-16 10:47:31,1415,60,305,39.9,31.8,1023
2024-07-16 10:47:32,1415,60,305,39.9,31.7,1018
2024-07-16 10:47:33,1415,60,305,39.9,31.8,1022
2024-07-16 10:47:34,1415,60,305,39.9,31.8,1020
2024-07-16 10:47:35,1415,60,306,39.9,31.8,1022
2024-07-16 10:47:36,1418,60,306,39.9,31.9,1017
2024-07-16 10:47:37,1418,60,306,39.9,31.8,1020
2024-07-16 10:47:38,1418,60,307,39.9,31.9,1018
2024-07-16 10:47:39,1418,60,307,39.9,31.9,1025
2024-07-16 10:47:40,1418,60,307,39.9,31.9,1017
2024-07-16 10:47:41,1420,60,306,39.9,31.9,1016
2024-07-16 10:47:42,1420,60,307,39.9,31.9,1021
2024-07-16 10:47:43,1420,60,306,39.9,31.8,1017
2024-07-16 10:47:44,1420,60,306,39.9,31.8,1014
2024-07-16 10:47:45,1420,60,306,39.9,31.8,1015
2024-07-16 10:47:46,1416,60,306,39.9,31.8,1011
2024-07-16 10:47:47,1416,60,306,39.9,31.8,1009
2024-07-16 10:47:48,1416,60,306,39.9,31.8,1010
2024-07-16 10:47:49,1416,60,306,39.9,31.8,1007
2024-07-16 10:47:50,1416,60,306,39.9,31.8,1005
2024-07-16 10:47:51,1416,60,306,39.9,31.8,1008
2024-07-16 10:47:52,1416,60,305,39.9,31.8,1006
2024-07-16 10:47:53,1416,60,306,39.9,31.8,1003
2024-07-16 10:47:54,1416,60,306,39.9,31.8,1002
2024-07-16 10:47:55,1416,60,306,39.9,31.8,1000
2024-07-16 10:47:56,1416,60,306,39.9,31.8,1005
2024-07-16 10:47:57,1416,60,306,39.9,31.8,1000
2024-07-16 10:47:58,1416,60,306,39.9,31.8,1005
2024-07-16 10:47:59,1416,60,306,39.9,31.8,1000
2024-07-16 10:48:00,1416,60,305,39.9,31.8,997
2024-07-16 10:48:01,1416,60,306,39.9,31.8,998
2024-07-16 10:48:02,1416,60,306,39.9,31.8,998
2024-07-16 10:48:03,1416,60,305,39.9,31.8,998
2024-07-16 10:48:04,1416,60,306,39.9,31.9,996
2024-07-16 10:48:05,1416,60,306,39.9,31.8,997
2024-07-16 10:48:06,1421,60,307,39.9,31.9,997
2024-07-16 10:48:07,1421,60,306,39.9,31.8,994
2024-07-16 10:48:08,1421,60,306,39.9,31.9,994
2024-07-16 10:48:09,1421,60,307,39.9,31.9,995
2024-07-16 10:48:10,1421,60,306,39.9,31.8,993
2024-07-16 10:48:11,1420,60,307,39.9,31.9,994
2024-07-16 10:48:12,1420,60,305,39.9,31.8,993
2024-07-16 10:48:13,1420,60,306,39.9,31.8,997
2024-07-16 10:48:14,1420,60,306,39.9,31.8,989
2024-07-16 10:48:15,1420,60,306,39.9,31.8,992
2024-07-16 10:48:16,1416,60,306,39.9,31.8,990
2024-07-16 10:48:17,1416,60,306,39.9,31.8,990
2024-07-16 10:48:18,1416,60,306,39.9,31.8,977
2024-07-16 10:48:19,1416,60,306,39.9,31.8,982
2024-07-16 10:48:20,1416,60,306,39.9,31.8,980
2024-07-16 10:48:21,1416,60,306,39.9,31.8,985
2024-07-16 10:48:22,1416,60,306,39.9,31.8,989
2024-07-16 10:48:23,1416,60,306,39.9,31.8,991
2024-07-16 10:48:24,1416,60,306,39.9,31.8,994
2024-07-16 10:48:25,1416,60,306,39.9,31.8,988
2024-07-16 10:48:26,1416,60,306,39.9,31.8,988
2024-07-16 10:48:27,1416,60,306,39.9,31.8,991
2024-07-16 10:48:28,1416,60,306,39.9,31.8,990
2024-07-16 10:48:29,1416,60,306,39.9,31.8,991
2024-07-16 10:48:30,1416,60,306,39.9,31.8,986
2024-07-16 10:48:31,1416,60,306,39.9,31.8,987
2024-07-16 10:48:32,1416,60,306,39.9,31.8,998
2024-07-16 10:48:33,1416,60,306,39.9,31.8,990
2024-07-16 10:48:34,1416,60,305,39.9,31.8,990
2024-07-16 10:48:35,1416,60,306,39.9,31.8,992
2024-07-16 10:48:36,1416,60,305,39.9,31.8,991
2024-07-16 10:48:37,1416,60,306,39.9,31.8,989
2024-07-16 10:48:38,1416,60,306,39.9,31.8,992
2024-07-16 10:48:39,1416,60,306,39.9,31.8,993
2024-07-16 10:48:40,1416,60,306,39.9,31.8,990
2024-07-16 10:48:41,1418,60,307,39.9,31.9,990
2024-07-16 10:48:42,1418,60,307,39.9,31.9,990
2024-07-16 10:48:43,1418,60,307,39.9,31.9,984
2024-07-16 10:48:44,1418,60,306,39.9,31.9,989
2024-07-16 10:48:45,1418,60,307,39.9,31.9,991
2024-07-16 10:48:46,1420,60,307,39.9,31.9,992
2024-07-16 10:48:47,1420,60,306,39.9,31.9,981
2024-07-16 10:48:48,1420,60,306,39.9,31.9,988
2024-07-16 10:48:49,1420,60,306,39.9,31.8,990
2024-07-16 10:48:50,1420,60,306,39.9,31.8,989
2024-07-16 10:48:51,1416,60,305,39.9,31.8,994
2024-07-16 10:48:52,1416,60,306,39.9,31.8,988
2024-07-16 10:48:53,1416,60,306,39.9,31.8,989
2024-07-16 10:48:54,1416,60,306,39.9,31.8,989
2024-07-16 10:48:55,1416,60,306,39.9,31.8,987
2024-07-16 10:48:56,1416,60,306,39.9,31.8,989
2024-07-16 10:48:57,1416,60,306,39.9,31.8,986
2024-07-16 10:48:58,1416,60,306,39.9,31.8,987
2024-07-16 10:48:59,1416,60,305,39.9,31.8,992
2024-07-16 10:49:00,1416,60,306,39.9,31.8,985
2024-07-16 10:49:01,1417,60,306,39.9,31.8,984
2024-07-16 10:49:02,1417,60,306,39.9,31.8,988
2024-07-16 10:49:03,1417,60,306,39.9,31.8,988
2024-07-16 10:49:04,1417,60,306,39.9,31.8,984
2024-07-16 10:49:05,1417,60,306,39.9,31.8,982
2024-07-16 10:49:06,1417,60,306,39.9,31.8,951
2024-07-16 10:49:07,1417,60,306,39.9,31.8,967
2024-07-16 10:49:08,1417,60,306,39.9,31.8,974
2024-07-16 10:49:09,1417,60,306,39.9,31.8,972
2024-07-16 10:49:10,1417,60,306,39.9,31.8,972
2024-07-16 10:49:11,1417,60,306,39.9,31.8,971
2024-07-16 10:49:12,1417,60,306,39.9,31.8,971
2024-07-16 10:49:13,1417,60,306,39.9,31.8,973
2024-07-16 10:49:14,1417,60,306,39.9,31.8,973
2024-07-16 10:49:15,1417,60,306,39.9,31.8,963
2024-07-16 10:49:16,1416,60,306,39.9,31.8,966
2024-07-16 10:49:17,1416,60,306,39.9,31.8,964
2024-07-16 10:49:18,1416,60,305,39.9,31.8,966
2024-07-16 10:49:19,1416,60,306,39.9,31.8,950
2024-07-16 10:49:20,1416,60,306,39.9,31.8,953
2024-07-16 10:49:21,1417,60,306,39.9,31.8,958
2024-07-16 10:49:22,1417,60,306,39.9,31.8,955
2024-07-16 10:49:23,1417,60,306,39.9,31.8,948
2024-07-16 10:49:24,1417,60,306,39.9,31.8,953
2024-07-16 10:49:25,1417,60,306,39.9,31.8,956
2024-07-16 10:49:26,1417,60,306,39.9,31.8,946
2024-07-16 10:49:27,1417,60,306,39.9,31.9,944
2024-07-16 10:49:28,1417,60,307,39.9,31.9,944
2024-07-16 10:49:29,1417,60,307,39.9,31.9,940
2024-07-16 10:49:30,1417,60,307,39.9,31.9,939
2024-07-16 10:49:31,1421,60,307,39.9,31.9,923
2024-07-16 10:49:32,1421,60,306,39.9,31.9,933
2024-07-16 10:49:33,1421,60,306,39.9,31.8,927
2024-07-16 10:49:34,1421,60,306,39.9,31.8,926
2024-07-16 10:49:35,1421,60,306,39.9,31.8,923
2024-07-16 10:49:36,1417,60,306,39.9,31.8,912
2024-07-16 10:49:37,1417,60,306,39.9,31.8,908
2024-07-16 10:49:38,1417,60,306,39.9,31.8,907
2024-07-16 10:49:39,1417,60,306,39.9,31.8,907
2024-07-16 10:49:40,1417,60,306,39.9,31.8,896
2024-07-16 10:49:41,1417,60,306,39.9,31.8,900
2024-07-16 10:49:42,1417,60,306,39.9,31.8,893
2024-07-16 10:49:43,1417,60,305,39.9,31.7,895
2024-07-16 10:49:44,1417,60,305,39.9,31.7,888
2024-07-16 10:49:45,1417,60,305,39.9,31.7,883
2024-07-16 10:49:46,1413,60,305,39.9,31.7,881
2024-07-16 10:49:47,1413,60,306,39.9,31.8,876
2024-07-16 10:49:48,1413,60,305,39.9,31.7,876
2024-07-16 10:49:49,1413,60,305,39.9,31.7,863
2024-07-16 10:49:50,1413,60,306,39.9,31.8,864
2024-07-16 10:49:51,1417,60,306,39.9,31.8,859
2024-07-16 10:49:52,1417,60,306,39.9,31.8,857
2024-07-16 10:49:53,1417,60,306,39.9,31.8,848
2024-07-16 10:49:54,1417,60,306,39.9,31.8,845
2024-07-16 10:49:55,1417,60,306,39.9,31.8,839
2024-07-16 10:49:56,1418,60,306,39.9,31.8,831
2024-07-16 10:49:57,1418,60,306,39.9,31.8,828
2024-07-16 10:49:58,1418,60,306,39.9,31.8,825
2024-07-16 10:49:59,1418,60,306,39.9,31.8,819
2024-07-16 10:50:00,1418,60,306,39.9,31.8,809
2024-07-16 10:50:01,1417,60,306,39.9,31.8,805
2024-07-16 10:50:02,1417,60,306,39.9,31.8,805
2024-07-16 10:50:03,1417,60,306,39.9,31.8,799
2024-07-16 10:50:04,1417,60,306,39.9,31.8,791
2024-07-16 10:50:05,1417,60,306,39.9,31.8,787
2024-07-16 10:50:06,1417,60,306,39.9,31.8,777
2024-07-16 10:50:07,1417,60,306,39.9,31.8,775
2024-07-16 10:50:08,1417,60,306,39.9,31.8,768
2024-07-16 10:50:09,1417,60,306,39.9,31.8,766
2024-07-16 10:50:10,1417,60,306,39.9,31.8,757
2024-07-16 10:50:11,1418,60,306,39.9,31.8,750
2024-07-16 10:50:12,1418,60,306,39.9,31.8,746
2024-07-16 10:50:13,1418,60,306,39.9,31.8,742
2024-07-16 10:50:14,1418,60,306,39.9,31.8,738
2024-07-16 10:50:15,1418,60,306,39.9,31.8,727
2024-07-16 10:50:16,1417,60,306,39.9,31.8,725
2024-07-16 10:50:17,1417,60,306,39.9,31.8,719
2024-07-16 10:50:18,1417,60,306,39.9,31.8,713
2024-07-16 10:50:19,1417,60,306,39.9,31.8,707
2024-07-16 10:50:20,1417,60,306,39.9,31.8,702
2024-07-16 10:50:21,1417,60,306,39.9,31.8,696
2024-07-16 10:50:22,1417,60,306,39.9,31.8,690
2024-07-16 10:50:23,1417,60,306,39.9,31.8,684
2024-07-16 10:50:24,1417,60,306,39.9,31.8,680
2024-07-16 10:50:25,1417,60,306,39.9,31.8,680
2024-07-16 10:50:26,1415,60,306,39.9,31.8,675
2024-07-16 10:50:27,1415,60,305,39.9,31.7,669
2024-07-16 10:50:28,1415,60,305,39.9,31.7,662
2024-07-16 10:50:29,1415,60,305,39.9,31.7,656
2024-07-16 10:50:30,1415,60,305,39.9,31.7,654
2024-07-16 10:50:31,1414,60,305,39.9,31.7,647
2024-07-16 10:50:32,1414,60,305,39.9,31.7,643
2024-07-16 10:50:33,1414,60,306,39.9,31.8,637
2024-07-16 10:50:34,1414,60,306,39.9,31.8,634
2024-07-16 10:50:35,1414,60,306,39.9,31.8,626
2024-07-16 10:50:36,1418,60,306,39.9,31.8,623
2024-07-16 10:50:37,1418,60,306,39.9,31.9,616
2024-07-16 10:50:38,1418,60,307,39.9,31.9,609
2024-07-16 10:50:39,1418,60,306,39.9,31.9,606
2024-07-16 10:50:40,1418,60,307,39.9,31.9,600
2024-07-16 10:50:41,1418,60,306,39.9,31.8,594
2024-07-16 10:50:42,1418,60,306,39.9,31.9,591
2024-07-16 10:50:43,1418,60,306,39.9,31.9,595
2024-07-16 10:50:44,1418,60,306,39.9,31.9,582
2024-07-16 10:50:45,1418,60,305,39.9,31.7,576
2024-07-16 10:50:46,1415,60,305,39.9,31.8,573
2024-07-16 10:50:47,1415,60,305,39.9,31.8,570
2024-07-16 10:50:48,1415,60,306,39.9,31.8,564
2024-07-16 10:50:49,1415,60,305,39.9,31.8,559
2024-07-16 10:50:50,1415,60,305,39.9,31.8,560
2024-07-16 10:50:51,1414,60,305,39.9,31.7,555
2024-07-16 10:50:52,1414,60,305,39.9,31.7,548
2024-07-16 10:50:53,1414,60,306,39.9,31.8,549
2024-07-16 10:50:54,1414,60,306,39.9,31.8,545
2024-07-16 10:50:55,1414,60,306,39.9,31.8,541
2024-07-16 10:50:56,1418,60,306,39.9,31.8,539
2024-07-16 10:50:57,1418,60,306,39.9,31.8,534
2024-07-16 10:50:58,1418,60,306,39.9,31.9,533
2024-07-16 10:50:59,1418,60,306,39.9,31.8,531
2024-07-16 10:51:00,1418,60,306,39.9,31.8,527
2024-07-16 10:51:01,1418,60,306,39.9,31.8,525
2024-07-16 10:51:02,1418,60,306,39.9,31.8,522
2024-07-16 10:51:03,1418,60,306,39.9,31.8,521
2024-07-16 10:51:04,1418,60,306,39.9,31.8,520
2024-07-16 10:51:05,1418,60,306,39.9,31.9,520
2024-07-16 10:51:06,1419,60,307,39.9,31.9,516
2024-07-16 10:51:07,1419,60,307,39.9,31.9,515
2024-07-16 10:51:08,1419,60,306,39.9,31.8,514
2024-07-16 10:51:09,1419,60,306,39.9,31.9,510
2024-07-16 10:51:10,1419,60,305,39.9,31.8,512
2024-07-16 10:51:11,1414,60,306,39.9,31.8,513
2024-07-16 10:51:12,1414,60,305,39.9,31.7,515
2024-07-16 10:51:13,1414,60,305,39.9,31.7,509
2024-07-16 10:51:14,1414,60,305,39.9,31.7,510
2024-07-16 10:51:15,1414,60,305,39.9,31.8,510
2024-07-16 10:51:16,1414,60,306,39.9,31.8,510
2024-07-16 10:51:17,1414,60,305,39.9,31.8,507
2024-07-16 10:51:18,1414,60,306,39.9,31.8,513
2024-07-16 10:51:19,1414,60,306,39.9,31.9,515
2024-07-16 10:51:20,1414,60,306,39.9,31.8,514
2024-07-16 10:51:21,1419,60,306,39.9,31.8,513
2024-07-16 10:51:22,1419,60,306,39.9,31.8,515
2024-07-16 10:51:23,1419,60,306,39.9,31.8,514
2024-07-16 10:51:24,1419,60,306,39.9,31.8,518
2024-07-16 10:51:25,1419,60,306,39.9,31.8,516
2024-07-16 10:51:26,1419,60,306,39.9,31.8,518
2024-07-16 10:51:27,1419,60,307,39.9,31.9,517
2024-07-16 10:51:28,1419,60,306,39.9,31.8,522
2024-07-16 10:51:29,1419,60,306,39.9,31.8,521
2024-07-16 10:51:30,1419,60,306,39.9,31.8,527
2024-07-16 10:51:31,1415,60,306,39.9,31.8,528
2024-07-16 10:51:32,1415,60,305,39.8,31.7,529
2024-07-16 10:51:33,1415,60,304,39.8,31.7,531
2024-07-16 10:51:34,1415,60,305,39.9,31.7,535
2024-07-16 10:51:35,1415,60,304,39.9,31.6,536
2024-07-16 10:51:36,1410,60,306,39.9,31.8,535
2024-07-16 10:51:37,1410,60,306,39.9,31.9,541
2024-07-16 10:51:38,1410,60,306,39.9,31.8,542
2024-07-16 10:51:39,1410,60,306,39.9,31.8,547
2024-07-16 10:51:40,1410,60,306,39.9,31.8,551
2024-07-16 10:51:41,1418,60,306,39.9,31.8,552
2024-07-16 10:51:42,1418,60,306,39.9,31.8,559
2024-07-16 10:51:43,1418,60,306,39.9,31.8,562
2024-07-16 10:51:44,1418,60,306,39.9,31.8,566
2024-07-16 10:51:45,1418,60,306,39.9,31.8,567
2024-07-16 10:51:46,1419,60,306,39.9,31.8,563
2024-07-16 10:51:47,1419,60,306,39.9,31.8,572
2024-07-16 10:51:48,1419,60,306,39.9,31.9,578
2024-07-16 10:51:49,1419,60,306,39.9,31.8,582
2024-07-16 10:51:50,1419,60,307,39.9,31.9,589
2024-07-16 10:51:51,1418,60,305,39.9,31.8,593
2024-07-16 10:51:52,1418,60,306,39.9,31.8,598
2024-07-16 10:51:53,1418,60,305,39.9,31.8,596
2024-07-16 10:51:54,1418,60,305,39.9,31.7,605
2024-07-16 10:51:55,1418,60,306,39.9,31.8,609
2024-07-16 10:51:56,1414,60,305,39.9,31.7,615
2024-07-16 10:51:57,1414,60,305,39.9,31.8,618
2024-07-16 10:51:58,1414,60,305,39.9,31.8,621
2024-07-16 10:51:59,1414,60,306,39.9,31.8,630
2024-07-16 10:52:00,1414,60,305,39.9,31.8,632
2024-07-16 10:52:01,1416,60,306,39.9,31.8,646
2024-07-16 10:52:02,1416,60,307,39.9,31.9,646
2024-07-16 10:52:03,1416,60,307,39.9,31.8,643
2024-07-16 10:52:04,1416,60,306,39.9,31.9,650
2024-07-16 10:52:05,1416,60,306,39.9,31.8,656
2024-07-16 10:52:06,1419,60,307,39.9,31.9,658
2024-07-16 10:52:07,1419,60,306,39.9,31.8,666
2024-07-16 10:52:08,1419,60,307,39.9,31.9,670
2024-07-16 10:52:09,1419,60,305,39.9,31.7,674
2024-07-16 10:52:10,1419,60,306,39.9,31.8,681
2024-07-16 10:52:11,1415,60,306,39.9,31.8,688
2024-07-16 10:52:12,1415,60,306,39.9,31.8,698
2024-07-16 10:52:13,1415,60,306,39.9,31.8,691
2024-07-16 10:52:14,1415,60,306,39.9,31.8,704
2024-07-16 10:52:15,1415,60,306,39.9,31.8,712
2024-07-16 10:52:16,1415,60,305,39.9,31.7,718
2024-07-16 10:52:17,,,,,,721
2024-07-16 10:52:18,1415,60,305,39.9,31.7,725
2024-07-16 10:52:19,1415,60,306,39.9,31.8,733
2024-07-16 10:52:20,1415,60,306,39.9,31.8,742
2024-07-16 10:52:21,1415,60,306,39.9,31.8,744
2024-07-16 10:52:22,1415,60,306,39.9,31.8,752
2024-07-16 10:52:23,1415,60,307,39.9,31.8,757
2024-07-16 10:52:24,1415,60,306,39.9,31.8,765
2024-07-16 10:52:25,1415,60,307,39.9,31.8,767
2024-07-16 10:52:26,1419,60,306,39.9,31.8,773
2024-07-16 10:52:27,1419,60,306,39.9,31.8,781
2024-07-16 10:52:28,1419,60,306,39.9,31.9,789
2024-07-16 10:52:29,1419,60,306,39.9,31.9,794
2024-07-16 10:52:30,1419,60,306,39.9,31.9,802
2024-07-16 10:52:31,1420,60,306,39.9,31.8,814
2024-07-16 10:52:32,1420,60,307,39.9,31.9,814
2024-07-16 10:52:33,1420,60,305,39.9,31.7,815
2024-07-16 10:52:34,1420,60,305,39.9,31.8,824
2024-07-16 10:52:35,1420,60,306,39.9,31.8,835
2024-07-16 10:52:36,1416,60,306,39.9,31.8,839
2024-07-16 10:52:37,1416,60,305,39.9,31.8,841
2024-07-16 10:52:38,1416,60,305,39.9,31.8,850
2024-07-16 10:52:39,1416,60,305,39.9,31.8,858
2024-07-16 10:52:40,1416,60,306,39.9,31.8,859
2024-07-16 10:52:41,1415,60,305,39.9,31.8,869
2024-07-16 10:52:42,1415,60,306,39.9,31.8,871
2024-07-16 10:52:43,1415,60,306,39.9,31.8,886
2024-07-16 10:52:44,1415,60,306,39.9,31.8,898
2024-07-16 10:52:45,1415,60,306,39.9,31.8,895
2024-07-16 10:52:46,1416,60,306,39.9,31.8,901
2024-07-16 10:52:47,1416,60,306,39.9,31.8,908
2024-07-16 10:52:48,1416,60,306,39.9,31.8,908
2024-07-16 10:52:49,1416,60,306,39.9,31.8,915
2024-07-16 10:52:50,1416,60,305,39.9,31.8,918
2024-07-16 10:52:51,1415,60,306,39.9,31.8,925
2024-07-16 10:52:52,1415,60,306,39.9,31.8,932
2024-07-16 10:52:53,1415,60,306,39.9,31.8,935
2024-07-16 10:52:54,1415,60,306,39.9,31.8,944
2024-07-16 10:52:55,1415,60,305,39.9,31.8,949
2024-07-16 10:52:56,1415,60,306,39.9,31.8,949
2024-07-16 10:52:57,1415,60,306,39.9,31.8,961
2024-07-16 10:52:58,1415,60,306,39.9,31.8,968
2024-07-16 10:52:59,1415,60,306,39.9,31.9,974
2024-07-16 10:53:00,1415,60,307,39.9,31.9,979
2024-07-16 10:53:01,1420,60,306,39.9,31.9,984
2024-07-16 10:53:02,1420,60,307,39.9,31.9,1001
2024-07-16 10:53:03,1420,60,306,39.9,31.9,998
2024-07-16 10:53:04,1420,60,307,39.9,31.9,1003
2024-07-16 10:53:05,1420,60,306,39.9,31.8,1016
2024-07-16 10:53:06,1416,60,305,39.9,31.7,1014
2024-07-16 10:53:07,1416,60,305,39.9,31.7,1019
2024-07-16 10:53:08,1416,60,305,39.9,31.7,1032
2024-07-16 10:53:09,1416,60,305,39.9,31.7,1028
2024-07-16 10:53:10,1416,60,306,39.9,31.8,1029
2024-07-16 10:53:11,1415,60,305,39.9,31.7,1041
2024-07-16 10:53:12,1415,60,306,39.9,31.8,1047
2024-07-16 10:53:13,1415,60,306,39.9,31.8,1052
2024-07-16 10:53:14,1415,60,306,39.9,31.8,1057
2024-07-16 10:53:15,1415,60,307,39.9,31.9,1061
2024-07-16 10:53:16,1420,60,307,39.9,31.9,1064
2024-07-16 10:53:17,1420,60,307,39.9,31.9,1071
2024-07-16 10:53:18,1420,60,307,39.9,31.9,1072
2024-07-16 10:53:19,1420,60,306,39.9,31.9,1078
2024-07-16 10:53:20,1420,60,306,39.9,31.8,1083
2024-07-16 10:53:21,1416,60,305,39.9,31.8,1087
2024-07-16 10:53:22,1416,60,306,39.9,31.8,1091
2024-07-16 10:53:23,1416,60,306,39.9,31.8,1093
2024-07-16 10:53:24,1416,60,306,39.9,31.8,1108
2024-07-16 10:53:25,1416,60,306,39.9,31.8,1104
2024-07-16 10:53:26,1416,60,306,39.9,31.8,1108
2024-07-16 10:53:27,1416,60,306,39.9,31.8,1109
2024-07-16 10:53:28,1416,60,306,39.9,31.8,1112
2024-07-16 10:53:29,1416,60,306,39.9,31.8,1126
2024-07-16 10:53:30,1416,60,306,39.9,31.8,1122
2024-07-16 10:53:31,1416,60,306,39.9,31.8,1126
2024-07-16 10:53:32,1416,60,306,39.9,31.8,1128
2024-07-16 10:53:33,1416,60,306,39.9,31.8,1127
2024-07-16 10:53:34,1416,60,306,39.9,31.8,1132
2024-07-16 10:53:35,1416,60,306,39.9,31.8,1135
2024-07-16 10:53:36,1416,60,306,39.9,31.8,1135
2024-07-16 10:53:37,1416,60,306,39.9,31.8,1135
2024-07-16 10:53:38,1416,60,306,39.9,31.8,1134
2024-07-16 10:53:39,1416,60,305,39.9,31.8,1139
2024-07-16 10:53:40,1416,60,306,39.9,31.8,1138
2024-07-16 10:53:41,1416,60,306,39.9,31.8,1138
2024-07-16 10:53:42,1416,60,306,39.9,31.8,1138
2024-07-16 10:53:43,1416,60,305,39.9,31.8,1140
2024-07-16 10:53:44,1416,60,306,39.9,31.8,1139
2024-07-16 10:53:45,1416,60,306,39.9,31.8,1150
2024-07-16 10:53:46,1416,60,306,39.9,31.8,1142
2024-07-16 10:53:47,1416,60,306,39.9,31.8,1143
2024-07-16 10:53:48,1416,60,306,39.9,31.8,1142
2024-07-16 10:53:49,1416,60,306,39.9,31.8,1143
2024-07-16 10:53:50,1416,60,306,39.9,31.8,1144
2024-07-16 10:53:51,1417,60,306,39.9,31.9,1139
2024-07-16 10:53:52,1417,60,306,39.9,31.8,1136
2024-07-16 10:53:53,1417,60,306,39.9,31.8,1142
2024-07-16 10:53:54,1417,60,306,39.9,31.8,1142
2024-07-16 10:53:55,1417,60,306,39.9,31.8,1139
2024-07-16 10:53:56,1416,60,306,39.9,31.8,1141
2024-07-16 10:53:57,1416,60,306,39.9,31.8,1140
2024-07-16 10:53:58,1416,60,306,39.9,31.8,1137
2024-07-16 10:53:59,1416,60,306,39.9,31.9,1133
2024-07-16 10:54:00,1416,60,306,39.9,31.8,1134
2024-07-16 10:54:01,1417,60,306,39.9,31.8,1134
2024-07-16 10:54:02,1417,60,306,39.9,31.8,1139
2024-07-16 10:54:03,1417,60,306,39.9,31.8,1127
2024-07-16 10:54:04,1417,60,306,39.9,31.8,1128
2024-07-16 10:54:05,1417,60,306,39.9,31.8,1133
2024-07-16 10:54:06,1418,60,306,39.9,31.8,1120
2024-07-16 10:54:07,1418,60,306,39.9,31.8,1122
2024-07-16 10:54:08,1418,60,306,39.9,31.9,1116
2024-07-16 10:54:09,1418,60,306,39.9,31.9,1116
2024-07-16 10:54:10,1418,60,306,39.9,31.9,1114
2024-07-16 10:54:11,1418,60,306,39.9,31.8,1113
2024-07-16 10:54:12,1418,60,307,39.9,31.9,1111
2024-07-16 10:54:13,1418,60,306,39.9,31.8,1109
2024-07-16 10:54:14,1418,60,306,39.9,31.8,1113
2024-07-16 10:54:15,1418,60,305,39.9,31.8,1101
2024-07-16 10:54:16,1413,60,305,39.9,31.8,1102
2024-07-16 10:54:17,1413,60,305,39.9,31.7,1100
2024-07-16 10:54:18,1413,60,305,39.9,31.7,1101
2024-07-16 10:54:19,1413,60,305,39.9,31.7,1092
2024-07-16 10:54:20,1413,60,306,39.9,31.8,1086
2024-07-16 10:54:21,1417,60,306,39.9,31.9,1088
2024-07-16 10:54:22,1417,60,306,39.9,31.8,1083
2024-07-16 10:54:23,1417,60,306,39.9,31.8,1083
2024-07-16 10:54:24,1417,60,306,39.9,31.8,1079
2024-07-16 10:54:25,1417,60,306,39.9,31.8,1083
2024-07-16 10:54:26,1417,60,306,39.9,31.8,1074
2024-07-16 10:54:27,1417,60,306,39.9,31.8,1070
2024-07-16 10:54:28,1417,60,306,39.9,31.8,1068
2024-07-16 10:54:29,1417,60,306,39.9,31.8,1067
2024-07-16 10:54:30,1417,60,306,39.9,31.8,1056
2024-07-16 10:54:31,1418,60,306,39.9,31.8,1058
2024-07-16 10:54:32,1418,60,306,39.9,31.8,1056
2024-07-16 10:54:33,1418,60,306,39.9,31.8,1053
2024-07-16 10:54:34,1418,60,306,39.9,31.9,1058
2024-07-16 10:54:35,1418,60,306,39.9,31.8,1042
2024-07-16 10:54:36,1418,60,306,39.9,31.8,1035
2024-07-16 10:54:37,1418,60,306,39.9,31.8,1039
2024-07-16 10:54:38,1418,60,306,39.9,31.8,1035
2024-07-16 10:54:39,1418,60,306,39.9,31.8,1030
2024-07-16 10:54:40,1418,60,306,39.9,31.8,1025
2024-07-16 10:54:41,1418,60,306,39.9,31.8,1021
2024-07-16 10:54:42,1418,60,306,39.9,31.8,1019
2024-07-16 10:54:43,1418,60,306,39.9,31.8,1015
2024-07-16 10:54:44,1418,60,305,39.9,31.7,1014
2024-07-16 10:54:45,1418,60,305,39.9,31.8,1009
2024-07-16 10:54:46,1414,60,305,39.9,31.7,1007
2024-07-16 10:54:47,1414,60,306,39.8,31.8,1002
2024-07-16 10:54:48,1414,60,305,39.9,31.7,999
2024-07-16 10:54:49,1414,60,305,39.9,31.8,995
2024-07-16 10:54:50,1414,60,306,39.9,31.8,988
2024-07-16 10:54:51,1415,60,305,39.9,31.8,984
2024-07-16 10:54:52,1415,60,305,39.9,31.8,980
2024-07-16 10:54:53,1415,60,306,39.9,31.8,990
2024-07-16 10:54:54,1415,60,306,39.9,31.8,977
2024-07-16 10:54:55,1415,60,306,39.9,31.8,974
2024-07-16 10:54:56,1418,60,306,39.9,31.8,967
2024-07-16 10:54:57,1418,60,306,39.9,31.8,969
2024-07-16 10:54:58,1418,60,306,39.9,31.8,964
2024-07-16 10:54:59,1418,60,306,39.9,31.8,963
2024-07-16 10:55:00,1418,60,306,39.9,31.9,958
2024-07-16 10:55:01,1418,60,306,39.9,31.9,953
2024-07-16 10:55:02,1418,60,306,39.9,31.9,949
2024-07-16 10:55:03,1418,60,306,39.9,31.8,948
2024-07-16 10:55:04,1418,60,306,39.9,31.8,944
2024-07-16 10:55:05,1418,60,305,39.9,31.7,941
2024-07-16 10:55:06,1414,60,306,39.9,31.8,940
2024-07-16 10:55:07,1414,60,305,39.9,31.7,935
2024-07-16 10:55:08,1414,60,306,39.9,31.8,932
2024-07-16 10:55:09,1414,60,305,39.9,31.7,932
2024-07-16 10:55:10,1414,60,306,39.9,31.8,928
2024-07-16 10:55:11,1415,60,305,39.8,31.8,928
2024-07-16 10:55:12,1415,60,306,39.9,31.8,925
2024-07-16 10:55:13,1415,60,306,39.9,31.8,921
2024-07-16 10:55:14,1415,60,305,39.9,31.8,921
2024-07-16 10:55:15,1415,60,306,39.9,31.9,919
2024-07-16 10:55:16,1418,60,306,39.9,31.8,919
2024-07-16 10:55:17,1418,60,306,39.9,31.8,919
2024-07-16 10:55:18,1418,60,306,39.9,31.8,914
2024-07-16 10:55:19,1418,60,306,39.9,31.9,910
2024-07-16 10:55:20,1418,60,306,39.9,31.8,909
2024-07-16 10:55:21,1418,60,306,39.9,31.9,911
2024-07-16 10:55:22,1418,60,306,39.9,31.8,906
2024-07-16 10:55:23,1418,60,306,39.9,31.8,895
2024-07-16 10:55:24,1418,60,306,39.9,31.8,900
2024-07-16 10:55:25,1418,60,306,39.9,31.8,900
2024-07-16 10:55:26,1419,60,306,39.9,31.8,896
2024-07-16 10:55:27,1419,60,307,39.9,31.9,894
2024-07-16 10:55:28,1419,60,306,39.9,31.8,893
2024-07-16 10:55:29,1419,60,306,39.9,31.8,889
2024-07-16 10:55:30,1419,60,306,39.9,31.8,887
2024-07-16 10:55:31,1415,60,305,39.9,31.8,890
2024-07-16 10:55:32,1415,60,305,39.9,31.8,883
2024-07-16 10:55:33,1415,60,305,39.9,31.8,884
2024-07-16 10:55:34,1415,60,306,39.9,31.8,884
2024-07-16 10:55:35,1415,60,305,39.9,31.8,883
2024-07-16 10:55:36,1415,60,306,39.8,31.8,888
2024-07-16 10:55:37,1415,60,305,39.9,31.8,881
2024-07-16 10:55:38,1415,60,306,39.9,31.8,878
2024-07-16 10:55:39,1415,60,306,39.9,31.8,879
2024-07-16 10:55:40,1415,60,306,39.8,31.8,874
2024-07-16 10:55:41,1416,60,306,39.9,31.8,873
2024-07-16 10:55:42,1416,60,306,39.9,31.8,866
2024-07-16 10:55:43,1416,60,306,39.9,31.8,867
2024-07-16 10:55:44,1416,60,307,39.9,31.9,865
2024-07-16 10:55:45,1416,60,306,39.9,31.9,867
2024-07-16 10:55:46,1419,60,306,39.9,31.9,870
2024-07-16 10:55:47,1419,60,306,39.9,31.8,862
2024-07-16 10:55:48,1419,60,307,39.9,31.9,866
2024-07-16 10:55:49,1419,60,306,39.9,31.8,860
2024-07-16 10:55:50,1419,60,307,39.9,31.9,860
2024-07-16 10:55:51,1419,60,306,39.9,31.9,858
2024-07-16 10:55:52,1419,60,305,39.9,31.8,856
2024-07-16 10:55:53,1419,60,305,39.9,31.8,863
2024-07-16 10:55:54,1419,60,306,39.9,31.8,853
2024-07-16 10:55:55,1419,60,306,39.9,31.8,854
2024-07-16 10:55:56,1415,60,306,39.9,31.8,848
2024-07-16 10:55:57,1415,60,306,39.8,31.8,847
2024-07-16 10:55:58,1415,60,306,39.8,31.8,847
2024-07-16 10:55:59,1415,60,306,39.9,31.8,833
2024-07-16 10:56:00,1415,60,306,39.9,31.8,835
2024-07-16 10:56:01,1416,60,306,39.8,31.8,840
2024-07-16 10:56:02,1416,60,306,39.9,31.8,846
2024-07-16 10:56:03,1416,60,306,39.9,31.8,841
2024-07-16 10:56:04,1416,60,306,39.9,31.8,840
2024-07-16 10:56:05,1416,60,306,39.9,31.8,841
2024-07-16 10:56:06,1415,60,305,39.9,31.7,835
2024-07-16 10:56:07,1415,60,306,39.9,31.8,834
2024-07-16 10:56:08,1415,60,306,39.9,31.8,831
2024-07-16 10:56:09,1415,60,305,39.8,31.8,835
2024-07-16 10:56:10,1415,60,306,39.9,31.8,827
2024-07-16 10:56:11,1415,60,305,39.9,31.8,827
2024-07-16 10:56:12,1415,60,305,39.8,31.8,824
2024-07-16 10:56:13,1415,60,305,39.9,31.8,824
2024-07-16 10:56:14,1415,60,307,39.9,32.0,819
2024-07-16 10:56:15,1415,60,307,39.9,32.0,818
2024-07-16 10:56:16,1423,60,307,39.9,32.0,821
2024-07-16 10:56:17,1423,60,306,39.9,31.8,814
2024-07-16 10:56:18,1423,60,306,39.8,31.8,813
2024-07-16 10:56:19,1423,60,305,39.8,31.7,810
2024-07-16 10:56:20,1423,60,305,39.8,31.7,808
2024-07-16 10:56:21,1411,60,305,39.8,31.7,806
2024-07-16 10:56:22,1411,60,305,39.8,31.7,804
2024-07-16 10:56:23,1411,60,305,39.8,31.7,806
2024-07-16 10:56:24,1411,60,306,39.9,31.8,811
2024-07-16 10:56:25,1411,60,306,39.9,31.8,803
2024-07-16 10:56:26,1419,60,307,39.9,31.9,798
2024-07-16 10:56:27,1419,60,307,39.9,31.9,797
2024-07-16 10:56:28,1419,60,306,39.9,31.9,791
2024-07-16 10:56:29,1419,60,306,39.9,31.9,793
2024-07-16 10:56:30,1419,60,307,39.9,31.9,784
2024-07-16 10:56:31,1420,60,306,39.9,31.9,789
2024-07-16 10:56:32,1420,60,306,39.9,31.9,784
2024-07-16 10:56:33,1420,60,305,39.8,31.8,783
2024-07-16 10:56:34,1420,60,305,39.8,31.7,788
2024-07-16 10:56:35,1420,60,305,39.8,31.7,777
2024-07-16 10:56:36,1411,60,304,39.8,31.7,776
2024-07-16 10:56:37,1411,60,306,39.9,31.8,771
2024-07-16 10:56:38,1411,60,306,39.9,31.8,773
2024-07-16 10:56:39,1411,60,307,39.9,31.9,772
2024-07-16 10:56:40,1411,60,306,39.9,31.8,775
2024-07-16 10:56:41,1420,60,307,39.9,31.9,761
2024-07-16 10:56:42,1420,60,307,39.9,31.9,762
2024-07-16 10:56:43,1420,60,307,39.9,31.9,762
2024-07-16 10:56:44,1420,60,306,39.9,31.8,757
2024-07-16 10:56:45,1420,60,306,39.9,31.9,758
2024-07-16 10:56:46,1415,60,305,39.8,31.7,753
2024-07-16 10:56:47,1415,60,305,39.8,31.7,755
2024-07-16 10:56:48,1415,60,305,39.8,31.7,748
2024-07-16 10:56:49,1415,60,305,39.8,31.7,747
2024-07-16 10:56:50,1415,60,305,39.8,31.7,744
2024-07-16 10:56:51,1413,60,305,39.8,31.7,738
2024-07-16 10:56:52,1413,60,306,39.9,31.9,737
2024-07-16 10:56:53,1413,60,307,39.9,31.9,735
2024-07-16 10:56:54,1413,60,307,39.9,31.9,733
2024-07-16 10:56:55,1413,60,307,39.9,31.9,725
2024-07-16 10:56:56,1420,60,306,39.9,31.8,729
2024-07-16 10:56:57,1420,60,307,39.9,31.9,727
2024-07-16 10:56:58,1420,60,306,39.9,31.9,727
2024-07-16 10:56:59,1420,60,306,39.9,31.8,715
2024-07-16 10:57:00,1420,60,306,39.9,31.8,714
2024-07-16 10:57:01,1416,60,306,39.9,31.8,714
2024-07-16 10:57:02,1416,60,306,39.9,31.8,709
2024-07-16 10:57:03,1416,60,306,39.9,31.8,713
2024-07-16 10:57:04,1416,60,306,39.9,31.8,704
2024-07-16 10:57:05,1416,60,306,39.9,31.8,703
2024-07-16 10:57:06,1417,60,306,39.8,31.8,696
2024-07-16 10:57:07,1417,60,306,39.9,31.8,687
2024-07-16 10:57:08,1417,60,305,39.8,31.7,694
2024-07-16 10:57:09,1417,60,305,39.8,31.7,692
2024-07-16 10:57:10,1417,60,305,39.8,31.7,687
2024-07-16 10:57:11,1411,60,305,39.8,31.7,684
2024-07-16 10:57:12,1411,60,306,39.8,31.8,678
2024-07-16 10:57:13,1411,60,306,39.9,31.8,675
2024-07-16 10:57:14,1411,60,307,39.9,31.9,671
2024-07-16 10:57:15,1411,60,307,39.9,31.9,669
2024-07-16 10:57:16,1420,60,307,39.9,31.9,677
2024-07-16 10:57:17,1420,60,307,39.9,31.9,667
2024-07-16 10:57:18,1420,60,307,39.9,31.9,663
2024-07-16 10:57:19,1420,60,305,39.8,31.8,658
2024-07-16 10:57:20,1420,60,305,39.8,31.7,653
2024-07-16 10:57:21,1412,60,305,39.8,31.7,648
2024-07-16 10:57:22,1412,60,305,39.8,31.7,639
2024-07-16 10:57:23,1412,60,305,39.8,31.7,650
2024-07-16 10:57:24,1412,60,305,39.8,31.7,641
2024-07-16 10:57:25,1412,60,306,39.9,31.9,638
2024-07-16 10:57:26,1420,60,307,39.9,31.9,638
2024-07-16 10:57:27,1420,60,307,39.9,31.9,634
2024-07-16 10:57:28,1420,60,307,39.9,31.9,634
2024-07-16 10:57:29,1420,60,307,39.9,31.9,634
2024-07-16 10:57:30,1420,60,306,39.8,31.8,627
2024-07-16 10:57:31,1414,60,305,39.8,31.7,632
2024-07-16 10:57:32,1414,60,305,39.8,31.7,624
2024-07-16 10:57:33,1414,60,305,39.8,31.7,616
2024-07-16 10:57:34,1414,60,305,39.8,31.7,614
2024-07-16 10:57:35,1414,60,305,39.8,31.7,612
2024-07-16 10:57:36,1413,60,306,39.8,31.8,613
2024-07-16 10:57:37,1413,60,306,39.9,31.9,601
2024-07-16 10:57:38,1413,60,307,39.9,31.9,601
2024-07-16 10:57:39,1413,60,307,39.9,31.9,597
2024-07-16 10:57:40,1413,60,307,39.9,31.9,593
2024-07-16 10:57:41,,,,,,593
2024-07-16 10:57:42,1420,60,306,39.9,31.8,587
2024-07-16 10:57:43,1420,60,305,39.8,31.7,596
2024-07-16 10:57:44,1420,60,305,39.8,31.7,585
2024-07-16 10:57:45,1420,,,,,580
2024-07-16 10:57:46,1420,60,305,39.8,31.8,577
2024-07-16 10:57:47,1414,60,305,39.8,31.8,577
2024-07-16 10:57:48,1414,60,305,39.8,31.8,576
2024-07-16 10:57:49,1414,,,,,571
2024-07-16 10:57:50,1414,60,305,39.8,31.8,565
2024-07-16 10:57:51,1414,60,305,39.8,31.7,562
2024-07-16 10:57:52,1413,60,306,39.9,31.8,560
2024-07-16 10:57:53,1413,60,307,39.9,31.9,559
2024-07-16 10:57:54,1413,60,307,39.9,31.9,562
2024-07-16 10:57:55,1413,60,307,39.9,31.9,553
2024-07-16 10:57:56,1413,,,,,548
2024-07-16 10:57:57,1420,60,306,39.9,31.9,548
2024-07-16 10:57:58,1420,60,306,39.8,31.8,544
2024-07-16 10:57:59,1420,60,305,39.8,31.7,542
2024-07-16 10:58:00,1420,60,305,39.8,31.7,541
2024-07-16 10:58:01,1420,60,305,39.8,31.7,525
2024-07-16 10:58:02,1413,60,305,39.8,31.8,522
2024-07-16 10:58:03,1413,60,305,39.8,31.7,522
2024-07-16 10:58:04,1413,60,306,39.8,31.8,524
2024-07-16 10:58:05,1413,60,305,39.8,31.8,516
2024-07-16 10:58:06,1413,60,306,39.8,31.8,519
2024-07-16 10:58:07,1413,60,305,39.8,31.7,512
2024-07-16 10:58:08,1413,60,307,39.9,31.9,514
2024-07-16 10:58:09,1413,60,307,39.9,31.9,505
2024-07-16 10:58:10,1413,60,307,39.9,31.9,504
2024-07-16 10:58:11,1413,60,307,39.9,31.9,503
2024-07-16 10:58:12,1422,60,307,39.9,31.9,503
2024-07-16 10:58:13,1422,60,305,39.9,31.7,503
2024-07-16 10:58:14,1422,60,305,39.8,31.7,495
2024-07-16 10:58:15,1422,60,305,39.8,31.7,494
2024-07-16 10:58:16,1422,60,305,39.8,31.7,491
2024-07-16 10:58:17,1414,60,305,39.8,31.8,490
2024-07-16 10:58:18,1414,60,305,39.8,31.7,481
2024-07-16 10:58:19,1414,60,306,39.8,31.8,479
2024-07-16 10:58:20,1414,60,305,39.8,31.7,474
2024-07-16 10:58:21,1414,60,306,39.8,31.8,472
2024-07-16 10:58:22,1418,60,306,39.9,31.8,467
2024-07-16 10:58:23,1418,60,307,39.9,31.9,469
2024-07-16 10:58:24,1418,60,306,39.9,31.8,461
2024-07-16 10:58:25,1418,60,306,39.9,31.8,452
2024-07-16 10:58:26,1418,60,306,39.9,31.8,454
2024-07-16 10:58:27,1419,60,307,39.9,31.9,449
2024-07-16 10:58:28,1419,60,306,39.9,31.9,441
2024-07-16 10:58:29,1419,60,307,39.9,31.9,437
2024-07-16 10:58:30,1419,60,307,39.9,31.9,437
2024-07-16 10:58:31,1419,60,306,39.8,31.8,430
2024-07-16 10:58:32,1415,60,306,39.8,31.8,426
2024-07-16 10:58:33,1415,60,306,39.8,31.8,422
2024-07-16 10:58:34,1415,60,306,39.8,31.8,418
2024-07-16 10:58:35,1415,60,305,39.8,31.7,419
2024-07-16 10:58:36,1415,60,306,39.8,31.8,413
2024-07-16 10:58:37,1415,60,306,39.8,31.8,407
2024-07-16 10:58:38,1415,60,306,39.8,31.8,403
2024-07-16 10:58:39,1415,60,306,39.8,31.8,396
2024-07-16 10:58:40,1415,60,306,39.8,31.8,400
2024-07-16 10:58:41,1415,60,305,39.8,31.8,391
2024-07-16 10:58:42,1414,60,305,39.8,31.7,385
2024-07-16 10:58:43,1414,60,305,39.8,31.7,384
2024-07-16 10:58:44,1414,60,305,39.8,31.7,379
2024-07-16 10:58:45,1414,60,305,39.8,31.8,370
2024-07-16 10:58:46,1414,60,307,39.9,31.9,369
2024-07-16 10:58:47,1421,60,307,39.9,31.9,360
2024-07-16 10:58:48,1421,60,307,39.9,31.9,360
2024-07-16 10:58:49,1421,60,307,39.9,31.9,356
2024-07-16 10:58:50,1421,60,305,39.8,31.7,356
2024-07-16 10:58:51,1421,60,305,39.8,31.8,359
2024-07-16 10:58:52,1414,60,306,39.8,31.8,348
2024-07-16 10:58:53,1414,60,306,39.8,31.8,348
2024-07-16 10:58:54,1414,60,306,39.8,31.8,343
2024-07-16 10:58:55,1414,60,306,39.8,31.8,337
2024-07-16 10:58:56,1414,60,306,39.8,31.8,334
2024-07-16 10:58:57,1414,60,305,39.8,31.8,337
2024-07-16 10:58:58,1414,60,306,39.8,31.8,337
2024-07-16 10:58:59,1414,60,305,39.8,31.7,332
2024-07-16 10:59:00,1414,60,306,39.8,31.8,331
2024-07-16 10:59:01,1414,60,305,39.8,31.7,323
2024-07-16 10:59:02,1414,60,307,39.8,31.9,323
2024-07-16 10:59:03,1414,60,306,39.9,31.8,317
2024-07-16 10:59:04,1414,60,307,39.8,31.9,319
2024-07-16 10:59:05,1414,60,306,39.8,31.9,316
2024-07-16 10:59:06,1414,60,306,39.9,31.9,311
2024-07-16 10:59:07,1418,60,306,39.9,31.8,321
2024-07-16 10:59:08,1418,60,307,39.9,31.9,312
2024-07-16 10:59:09,1418,60,306,39.9,31.9,306
2024-07-16 10:59:10,1418,60,306,39.8,31.9,308
2024-07-16 10:59:11,1418,60,306,39.8,31.7,303
2024-07-16 10:59:12,1415,60,305,39.8,31.8,300
2024-07-16 10:59:13,1415,60,305,39.8,31.7,300
2024-07-16 10:59:14,1415,60,305,39.8,31.8,307
2024-07-16 10:59:15,1415,60,306,39.8,31.8,303
2024-07-16 10:59:16,1415,60,306,39.8,31.8,298
2024-07-16 10:59:17,1415,60,306,39.8,31.8,297
2024-07-16 10:59:18,1415,60,306,39.8,31.8,295
2024-07-16 10:59:19,1415,60,306,39.8,31.8,297
2024-07-16 10:59:20,1415,60,306,39.8,31.8,299
2024-07-16 10:59:21,1415,60,306,39.8,31.8,295
2024-07-16 10:59:22,1415,60,306,39.8,31.8,286
2024-07-16 10:59:23,1415,60,306,39.8,31.8,285
2024-07-16 10:59:24,1415,60,306,39.8,31.8,292
2024-07-16 10:59:25,1415,60,306,39.8,31.8,286
2024-07-16 10:59:26,1415,60,306,39.8,31.8,286
2024-07-16 10:59:27,1415,60,306,39.8,31.8,288
2024-07-16 10:59:28,1415,60,306,39.8,31.8,284
2024-07-16 10:59:29,1415,60,306,39.8,31.8,282
2024-07-16 10:59:30,1415,60,306,39.8,31.8,283
2024-07-16 10:59:31,1415,60,306,39.8,31.8,284
2024-07-16 10:59:32,1415,60,306,39.8,31.8,282
2024-07-16 10:59:33,1415,60,306,39.8,31.8,282
2024-07-16 10:59:34,1415,60,306,39.8,31.8,282
2024-07-16 10:59:35,1415,60,306,39.8,31.8,282
2024-07-16 10:59:36,1415,60,306,39.8,31.8,287
2024-07-16 10:59:37,1416,60,306,39.8,31.8,288
2024-07-16 10:59:38,1416,60,306,39.8,31.8,288
2024-07-16 10:59:39,1416,60,306,39.8,31.8,288
2024-07-16 10:59:40,1416,60,306,39.8,31.8,285
2024-07-16 10:59:41,1416,60,306,39.8,31.9,285
2024-07-16 10:59:42,1416,60,306,39.8,31.8,291
2024-07-16 10:59:43,1416,60,306,39.8,31.8,291
2024-07-16 10:59:44,1416,60,306,39.8,31.8,290
2024-07-16 10:59:45,1416,60,306,39.8,31.8,287
2024-07-16 10:59:46,1416,60,306,39.8,31.8,287
2024-07-16 10:59:47,1416,60,306,39.8,31.8,295
2024-07-16 10:59:48,1416,60,306,39.8,31.8,296
2024-07-16 10:59:49,1416,60,306,39.8,31.8,287
2024-07-16 10:59:50,1416,60,306,39.8,31.8,288
2024-07-16 10:59:51,1416,60,306,39.8,31.8,288
2024-07-16 10:59:52,1417,60,307,39.9,31.9,288
2024-07-16 10:59:53,1417,60,306,39.8,31.9,299
2024-07-16 10:59:54,1417,60,307,39.8,31.9,294
2024-07-16 10:59:55,1417,60,307,39.9,31.9,298
2024-07-16 10:59:56,1417,60,307,39.9,31.9,294
2024-07-16 10:59:57,1420,60,306,39.8,31.8,297
2024-07-16 10:59:58,1420,60,306,39.8,31.8,298
2024-07-16 10:59:59,1420,60,306,39.8,31.8,298
2024-07-16 11:00:00,1420,60,306,39.8,31.8,306
2024-07-16 11:00:01,1420,60,306,39.8,31.8,302
2024-07-16 11:00:02,1416,60,306,39.8,31.8,298
2024-07-16 11:00:03,1416,60,306,39.8,31.8,305
2024-07-16 11:00:04,1416,60,306,39.8,31.8,308
2024-07-16 11:00:05,1416,60,306,39.8,31.8,313
2024-07-16 11:00:06,1416,60,306,39.8,31.8,311
2024-07-16 11:00:07,1416,60,306,39.8,31.8,320
2024-07-16 11:00:08,1416,60,306,39.8,31.8,315
2024-07-16 11:00:09,1416,60,306,39.8,31.8,326
2024-07-16 11:00:10,1416,60,306,39.8,31.8,316
2024-07-16 11:00:11,1416,60,306,39.8,31.8,317
2024-07-16 11:00:12,1416,60,306,39.8,31.8,320
2024-07-16 11:00:13,1416,60,306,39.8,31.8,329
2024-07-16 11:00:14,1416,60,306,39.8,31.8,324
2024-07-16 11:00:15,1416,60,306,39.8,31.8,328
2024-07-16 11:00:16,1416,60,306,39.8,31.8,333
2024-07-16 11:00:17,1416,60,306,39.8,31.8,336
2024-07-16 11:00:18,1416,60,306,39.8,31.8,336
2024-07-16 11:00:19,1416,60,306,39.8,31.8,339
2024-07-16 11:00:20,1416,60,306,39.8,31.8,339
2024-07-16 11:00:21,1416,60,306,39.8,31.8,342
2024-07-16 11:00:22,1416,60,306,39.8,31.8,347
2024-07-16 11:00:23,1416,60,306,39.8,31.8,348
2024-07-16 11:00:24,1416,60,306,39.8,31.8,349
2024-07-16 11:00:25,1416,60,306,39.8,31.8,352
2024-07-16 11:00:26,1416,60,306,39.8,31.8,356
2024-07-16 11:00:27,1416,60,306,39.8,31.8,355
2024-07-16 11:00:28,1416,60,306,39.8,31.8,360
2024-07-16 11:00:29,1416,60,306,39.8,31.9,366
2024-07-16 11:00:30,1416,60,306,39.8,31.8,371
2024-07-16 11:00:31,1416,60,306,39.8,31.8,371
2024-07-16 11:00:32,1416,60,306,39.8,31.8,370
2024-07-16 11:00:33,1416,60,306,39.8,31.8,379
2024-07-16 11:00:34,1416,60,306,39.8,31.8,376
2024-07-16 11:00:35,1416,60,306,39.8,31.8,378
2024-07-16 11:00:36,1416,60,306,39.8,31.8,384
2024-07-16 11:00:37,1416,60,305,39.8,31.7,390
2024-07-16 11:00:38,1416,60,305,39.8,31.7,388
2024-07-16 11:00:39,1416,60,305,39.8,31.7,385
2024-07-16 11:00:40,1416,60,305,39.8,31.7,391
2024-07-16 11:00:41,1416,60,305,39.8,31.7,395
2024-07-16 11:00:42,1412,60,306,39.8,31.8,398
2024-07-16 11:00:43,1412,60,306,39.8,31.8,399
2024-07-16 11:00:44,1412,60,306,39.8,31.8,410
2024-07-16 11:00:45,1412,60,306,39.8,31.8,411
2024-07-16 11:00:46,1412,60,306,39.8,31.8,411
2024-07-16 11:00:47,1416,60,306,39.8,31.8,419
2024-07-16 11:00:48,1416,60,306,39.8,31.8,418
2024-07-16 11:00:49,1416,60,306,39.8,31.8,422
2024-07-16 11:00:50,1416,60,306,39.8,31.8,427
2024-07-16 11:00:51,1416,60,306,39.8,31.9,430
2024-07-16 11:00:52,1416,60,306,39.8,31.8,436
2024-07-16 11:00:53,1416,60,306,39.8,31.9,433
2024-07-16 11:00:54,1416,60,306,39.8,31.8,439
2024-07-16 11:00:55,1416,60,306,39.8,31.8,440
2024-07-16 11:00:56,1416,60,306,39.8,31.8,446
2024-07-16 11:00:57,1416,60,306,39.8,31.8,448
2024-07-16 11:00:58,1416,60,306,39.8,31.8,449
2024-07-16 11:00:59,1416,60,306,39.8,31.8,452
2024-07-16 11:01:00,1416,60,306,39.8,31.8,460
2024-07-16 11:01:01,1415,60,306,39.8,31.8,471
2024-07-16 11:01:02,1415,60,306,39.8,31.8,465
2024-07-16 11:01:03,1415,60,306,39.8,31.8,470
2024-07-16 11:01:04,1415,60,306,39.8,31.8,474
2024-07-16 11:01:05,1415,60,306,39.8,31.8,477
2024-07-16 11:01:06,1417,60,306,39.8,31.8,479
2024-07-16 11:01:07,1417,60,306,39.8,31.8,482
2024-07-16 11:01:08,1417,60,307,39.8,31.9,487
2024-07-16 11:01:09,1417,60,306,39.8,31.8,489
2024-07-16 11:01:10,1417,60,306,39.8,31.8,495
2024-07-16 11:01:11,1417,60,306,39.8,31.8,498
2024-07-16 11:01:12,1417,60,306,39.8,31.8,499
2024-07-16 11:01:13,1417,60,306,39.8,31.8,507
2024-07-16 11:01:14,1417,60,306,39.8,31.8,507
2024-07-16 11:01:15,1417,60,306,39.8,31.8,509
2024-07-16 11:01:16,1417,60,306,39.8,31.8,515
2024-07-16 11:01:17,1417,60,306,39.8,31.9,516
2024-07-16 11:01:18,1417,60,306,39.8,31.8,527
2024-07-16 11:01:19,1417,60,306,39.8,31.8,530
2024-07-16 11:01:20,1417,60,306,39.8,31.8,532
2024-07-16 11:01:21,1417,60,306,39.8,31.9,540
2024-07-16 11:01:22,1417,60,306,39.8,31.8,538
2024-07-16 11:01:23,1417,60,306,39.8,31.9,543
2024-07-16 11:01:24,1417,60,305,39.8,31.7,547
2024-07-16 11:01:25,1417,60,305,39.8,31.7,550
2024-07-16 11:01:26,1412,60,305,39.8,31.7,556
2024-07-16 11:01:27,1412,60,305,39.8,31.7,559
2024-07-16 11:01:28,1412,60,305,39.8,31.7,567
2024-07-16 11:01:29,1412,60,306,39.8,31.8,566
2024-07-16 11:01:30,1412,60,306,39.8,31.8,574
2024-07-16 11:01:31,1416,60,306,39.8,31.8,580
2024-07-16 11:01:32,1416,60,306,39.8,31.8,583
2024-07-16 11:01:33,1416,60,306,39.8,31.8,587
2024-07-16 11:01:34,1416,60,306,39.8,31.8,590
2024-07-16 11:01:35,1416,60,306,39.8,31.8,594
2024-07-16 11:01:36,1416,60,306,39.8,31.9,599
2024-07-16 11:01:37,1416,60,306,39.8,31.8,605
2024-07-16 11:01:38,1416,60,306,39.8,31.8,608
2024-07-16 11:01:39,1416,60,306,39.8,31.8,616
2024-07-16 11:01:40,1416,60,306,39.8,31.8,618
2024-07-16 11:01:41,1416,60,306,39.8,31.8,622
2024-07-16 11:01:42,1416,60,306,39.8,31.8,625
2024-07-16 11:01:43,1416,60,306,39.8,31.8,630
2024-07-16 11:01:44,1416,60,306,39.8,31.8,636
2024-07-16 11:01:45,1416,60,306,39.8,31.8,643
2024-07-16 11:01:46,1416,60,306,39.8,31.8,645
2024-07-16 11:01:47,1416,60,306,39.8,31.8,648
2024-07-16 11:01:48,1416,60,306,39.8,31.8,654
2024-07-16 11:01:49,1416,60,306,39.8,31.8,659
2024-07-16 11:01:50,1416,60,306,39.8,31.9,664
2024-07-16 11:01:51,1417,60,306,39.8,31.8,672
2024-07-16 11:01:52,1417,60,306,39.8,31.8,675
2024-07-16 11:01:53,1417,60,306,39.8,31.8,680
2024-07-16 11:01:54,1417,60,306,39.8,31.8,685
2024-07-16 11:01:55,1417,60,305,39.8,31.7,695
2024-07-16 11:01:56,1412,60,305,39.8,31.8,689
2024-07-16 11:01:57,1412,60,305,39.8,31.7,700
2024-07-16 11:01:58,1412,60,305,39.8,31.8,701
2024-07-16 11:01:59,1412,60,306,39.8,31.8,706
2024-07-16 11:02:00,1412,60,306,39.8,31.7,706
2024-07-16 11:02:01,1412,60,305,39.8,31.7,712
2024-07-16 11:02:02,1412,60,305,39.8,31.7,718
2024-07-16 11:02:03,1412,60,306,39.8,31.8,724
2024-07-16 11:02:04,1412,60,306,39.8,31.9,728
2024-07-16 11:02:05,1412,60,306,39.8,31.8,735
2024-07-16 11:02:06,1418,60,306,39.8,31.9,740
2024-07-16 11:02:07,1418,60,306,39.8,31.8,746
2024-07-16 11:02:08,1418,60,306,39.8,31.8,748
2024-07-16 11:02:09,1418,60,306,39.8,31.8,756
2024-07-16 11:02:10,1418,60,306,39.8,31.8,761
2024-07-16 11:02:11,1417,60,306,39.8,31.8,774
2024-07-16 11:02:12,1417,60,306,39.8,31.8,772
2024-07-16 11:02:13,1417,60,307,39.8,31.9,778
2024-07-16 11:02:14,1417,60,306,39.8,31.9,789
2024-07-16 11:02:15,1417,60,306,39.8,31.8,791
2024-07-16 11:02:16,1417,60,306,39.8,31.9,796
2024-07-16 11:02:17,1417,60,306,39.8,31.8,800
2024-07-16 11:02:18,1417,60,306,39.8,31.8,812
2024-07-16 11:02:19,1417,60,305,39.8,31.7,812
2024-07-16 11:02:20,1417,60,305,39.8,31.7,814
2024-07-16 11:02:21,1413,60,305,39.8,31.7,819
2024-07-16 11:02:22,1413,60,305,39.8,31.7,823
2024-07-16 11:02:23,1413,60,305,39.8,31.7,830
2024-07-16 11:02:24,1413,60,306,39.8,31.8,835
2024-07-16 11:02:25,1413,60,306,39.8,31.8,843
2024-07-16 11:02:26,1414,60,305,39.8,31.8,845
2024-07-16 11:02:27,1414,60,306,39.8,31.8,852
2024-07-16 11:02:28,1414,60,306,39.8,31.8,859
2024-07-16 11:02:29,1414,60,306,39.8,31.8,860
2024-07-16 11:02:30,1414,60,306,39.8,31.9,868
2024-07-16 11:02:31,1418,60,306,39.8,31.9,876
2024-07-16 11:02:32,1418,60,306,39.8,31.9,876
2024-07-16 11:02:33,1418,60,306,39.8,31.9,879
2024-07-16 11:02:34,1418,60,306,39.8,31.8,883
2024-07-16 11:02:35,1418,60,306,39.8,31.8,888
2024-07-16 11:02:36,1417,60,306,39.8,31.8,893
2024-07-16 11:02:37,1417,60,306,39.8,31.9,897
2024-07-16 11:02:38,1417,60,306,39.8,31.9,902
2024-07-16 11:02:39,1417,60,305,39.8,31.8,908
2024-07-16 11:02:40,1417,60,305,39.8,31.8,909
2024-07-16 11:02:41,1414,60,306,39.8,31.8,910
2024-07-16 11:02:42,1414,60,305,39.8,31.8,910
2024-07-16 11:02:43,1414,60,305,39.8,31.8,916
2024-07-16 11:02:44,1414,60,305,39.8,31.7,918
2024-07-16 11:02:45,1414,60,306,39.8,31.8,918
2024-07-16 11:02:46,1414,60,306,39.8,31.8,931
2024-07-16 11:02:47,1414,60,306,39.8,31.8,924
2024-07-16 11:02:48,1414,60,306,39.8,31.8,931
2024-07-16 11:02:49,1414,60,305,39.8,31.8,931
2024-07-16 11:02:50,1414,60,306,39.8,31.9,933
2024-07-16 11:02:51,1418,60,307,39.8,31.9,929
2024-07-16 11:02:52,1418,60,306,39.8,31.9,938
2024-07-16 11:02:53,1418,60,306,39.8,31.8,940
2024-07-16 11:02:54,1418,60,306,39.8,31.8,941
2024-07-16 11:02:55,1418,60,307,39.8,31.9,943
2024-07-16 11:02:56,1419,60,306,39.8,31.8,941
2024-07-16 11:02:57,1419,60,306,39.8,31.8,944
2024-07-16 11:02:58,1419,60,306,39.8,31.9,949
2024-07-16 11:02:59,1419,60,306,39.8,31.8,948
2024-07-16 11:03:00,1419,60,307,39.8,31.8,944
2024-07-16 11:03:01,1414,60,305,39.8,31.8,948
2024-07-16 11:03:02,1414,60,306,39.8,31.7,952
2024-07-16 11:03:03,1414,60,305,39.8,31.7,960
2024-07-16 11:03:04,1414,60,305,39.8,31.7,951
2024-07-16 11:03:05,1414,60,305,39.8,31.7,954
2024-07-16 11:03:06,1413,60,305,39.8,31.7,954
2024-07-16 11:03:07,1413,60,306,39.8,31.8,952
2024-07-16 11:03:08,1413,60,307,39.8,31.9,961
2024-07-16 11:03:09,1413,60,306,39.8,31.8,959
2024-07-16 11:03:10,1413,60,307,39.8,31.9,967
2024-07-16 11:03:11,1419,60,306,39.8,31.9,966
2024-07-16 11:03:12,1419,60,307,39.8,31.9,962
2024-07-16 11:03:13,1419,60,306,39.8,31.8,967
2024-07-16 11:03:14,1419,60,305,39.8,31.7,962
2024-07-16 11:03:15,1419,60,305,39.8,31.7,961
2024-07-16 11:03:16,1410,60,305,39.8,31.7,963
2024-07-16 11:03:17,1410,60,305,39.8,31.7,964
2024-07-16 11:03:18,1410,60,306,39.8,31.8,964
2024-07-16 11:03:19,1410,60,305,39.8,31.8,966
2024-07-16 11:03:20,1410,60,306,39.8,31.8,964
2024-07-16 11:03:21,1418,60,306,39.8,31.8,
2024-07-16 11:03:22,1418,60,306,39.8,31.8,967
2024-07-16 11:03:23,1418,60,306,39.8,31.8,972
2024-07-16 11:03:24,1418,60,306,39.8,31.9,967
2024-07-16 11:03:25,1418,60,307,39.8,31.9,966
2024-07-16 11:03:26,1418,60,306,39.8,31.8,970
2024-07-16 11:03:27,1418,60,306,39.8,31.9,967
2024-07-16 11:03:28,1418,60,306,39.8,31.9,969
2024-07-16 11:03:29,1418,60,307,39.8,31.9,967
2024-07-16 11:03:30,1418,60,306,39.8,31.8,969
2024-07-16 11:03:31,1413,60,306,39.8,31.8,969
2024-07-16 11:03:32,1413,60,306,39.8,31.8,969
2024-07-16 11:03:33,1413,60,306,39.8,31.8,969
2024-07-16 11:03:34,1413,60,305,39.8,31.8,967
2024-07-16 11:03:35,1413,60,306,39.8,31.8,976
2024-07-16 11:03:36,1413,60,305,39.8,31.7,974
2024-07-16 11:03:37,1413,60,305,39.8,31.7,972
2024-07-16 11:03:38,1413,60,305,39.8,31.7,980
2024-07-16 11:03:39,1413,60,305,39.8,31.7,970
2024-07-16 11:03:40,1413,60,306,39.8,31.8,968
2024-07-16 11:03:41,1414,60,306,39.8,31.8,969
2024-07-16 11:03:42,1414,60,306,39.8,31.8,971
2024-07-16 11:03:43,1414,60,307,39.8,31.9,971
2024-07-16 11:03:44,1414,60,307,39.8,31.9,971
2024-07-16 11:03:45,1414,60,307,39.8,31.9,969
2024-07-16 11:03:46,1417,60,307,39.8,31.9,973
2024-07-16 11:03:47,1417,60,306,39.8,31.8,971
2024-07-16 11:03:48,1417,60,306,39.8,31.9,978
2024-07-16 11:03:49,1417,60,306,39.8,31.8,968
2024-07-16 11:03:50,1417,60,306,39.8,31.8,971
2024-07-16 11:03:51,1417,60,306,39.8,31.9,971
2024-07-16 11:03:52,1417,60,306,39.8,31.8,971
2024-07-16 11:03:53,1417,60,305,39.8,31.8,978
2024-07-16 11:03:54,1417,60,306,39.8,31.8,971
2024-07-16 11:03:55,1417,60,306,39.8,31.8,974
2024-07-16 11:03:56,1414,60,306,39.8,31.8,972
2024-07-16 11:03:57,1414,60,306,39.8,31.8,976
2024-07-16 11:03:58,1414,60,306,39.8,31.8,984
2024-07-16 11:03:59,1414,60,305,39.8,31.8,974
2024-07-16 11:04:00,1414,60,306,39.8,31.8,983
2024-07-16 11:04:01,1414,60,306,39.8,31.8,971
2024-07-16 11:04:02,1414,60,306,39.8,31.8,974
2024-07-16 11:04:03,1414,60,306,39.8,31.8,982
2024-07-16 11:04:04,1414,60,306,39.8,31.8,974
2024-07-16 11:04:05,1414,60,305,39.8,31.8,982
2024-07-16 11:04:06,1414,60,306,39.8,31.8,975
2024-07-16 11:04:07,1414,60,306,39.8,31.8,974
2024-07-16 11:04:08,1414,60,306,39.8,31.8,974
2024-07-16 11:04:09,1414,60,306,39.8,31.8,976
2024-07-16 11:04:10,1414,60,305,39.8,31.7,980
2024-07-16 11:04:11,1414,60,306,39.8,31.8,984
2024-07-16 11:04:12,1414,60,306,39.8,31.8,984
2024-07-16 11:04:13,1414,60,306,39.8,31.8,976
2024-07-16 11:04:14,1414,60,306,39.8,31.8,980
2024-07-16 11:04:15,1414,60,306,39.8,31.8,982
2024-07-16 11:04:16,1416,60,306,39.8,31.8,979
2024-07-16 11:04:17,1416,60,307,39.8,31.9,979
2024-07-16 11:04:18,1416,60,306,39.8,31.9,982
2024-07-16 11:04:19,1416,60,307,39.8,31.9,982
2024-07-16 11:04:20,1416,60,307,39.8,31.9,985
2024-07-16 11:04:21,1418,60,306,39.8,31.9,981
2024-07-16 11:04:22,1418,60,306,39.8,31.8,988
2024-07-16 11:04:23,1418,60,306,39.8,31.8,983
2024-07-16 11:04:24,1418,60,306,39.8,31.8,983
2024-07-16 11:04:25,1418,60,306,39.8,31.8,986
2024-07-16 11:04:26,1411,60,305,39.8,31.7,988
2024-07-16 11:04:27,1411,60,305,39.8,31.7,982
2024-07-16 11:04:28,1411,60,305,39.8,31.7,986
2024-07-16 11:04:29,1411,60,305,39.8,31.7,988
2024-07-16 11:04:30,1411,60,306,39.8,31.8,987
2024-07-16 11:04:31,1415,60,306,39.8,31.8,988
2024-07-16 11:04:32,1415,60,306,39.8,31.8,987
2024-07-16 11:04:33,1415,60,306,39.8,31.8,994
2024-07-16 11:04:34,1415,60,306,39.8,31.8,989
2024-07-16 11:04:35,1415,60,306,39.8,31.8,984
2024-07-16 11:04:36,1415,60,306,39.8,31.8,998
2024-07-16 11:04:37,1415,60,306,39.8,31.8,997
2024-07-16 11:04:38,1415,60,306,39.8,31.8,990
2024-07-16 11:04:39,1415,60,306,39.8,31.8,990
2024-07-16 11:04:40,1415,60,306,39.8,31.8,999
2024-07-16 11:04:41,1415,60,306,39.8,31.8,991
2024-07-16 11:04:42,1415,60,306,39.8,31.8,989
2024-07-16 11:04:43,1415,60,306,39.8,31.8,993
2024-07-16 11:04:44,1415,60,306,39.8,31.8,993
2024-07-16 11:04:45,1415,60,306,39.8,31.8,994
2024-07-16 11:04:46,1415,60,306,39.8,31.8,996
2024-07-16 11:04:47,1415,60,306,39.8,31.8,995
2024-07-16 11:04:48,1415,60,306,39.8,31.8,996
2024-07-16 11:04:49,1415,60,306,39.8,31.8,997
2024-07-16 11:04:50,1415,60,306,39.8,31.8,996
2024-07-16 11:04:51,1415,60,306,39.8,31.8,992
2024-07-16 11:04:52,1415,60,306,39.8,31.8,1004
2024-07-16 11:04:53,1415,60,306,39.8,31.8,995
2024-07-16 11:04:54,1415,60,306,39.8,31.8,1002
2024-07-16 11:04:55,1415,60,306,39.8,31.8,1000
2024-07-16 11:04:56,1415,60,306,39.8,31.8,1004
2024-07-16 11:04:57,1415,60,306,39.8,31.8,999
2024-07-16 11:04:58,1415,60,306,39.8,31.8,998
2024-07-16 11:04:59,1415,60,306,39.8,31.8,996
2024-07-16 11:05:00,1415,60,306,39.8,31.8,994
2024-07-16 11:05:01,1415,60,306,39.8,31.8,1000
2024-07-16 11:05:02,1415,60,306,39.8,31.8,998
2024-07-16 11:05:03,1415,60,306,39.8,31.8,996
2024-07-16 11:05:04,1415,60,306,39.8,31.8,1000
2024-07-16 11:05:05,1415,60,306,39.8,31.8,1000
2024-07-16 11:05:06,1415,60,306,39.8,31.8,1003
2024-07-16 11:05:07,1415,60,306,39.8,31.8,1011
2024-07-16 11:05:08,1415,60,306,39.8,31.8,1009
2024-07-16 11:05:09,1415,60,306,39.8,31.8,1006
2024-07-16 11:05:10,1415,60,306,39.8,31.8,1014
2024-07-16 11:05:11,1415,60,306,39.8,31.8,1006
2024-07-16 11:05:12,1415,60,306,39.8,31.8,1013
2024-07-16 11:05:13,1415,60,306,39.8,31.8,1004
2024-07-16 11:05:14,1415,60,306,39.8,31.8,1007
2024-07-16 11:05:15,1415,60,306,39.8,31.8,1009
2024-07-16 11:05:16,1416,60,307,39.8,31.9,1013
2024-07-16 11:05:17,1416,60,306,39.8,31.9,1009
2024-07-16 11:05:18,1416,60,306,39.8,31.8,1007
2024-07-16 11:05:19,1416,60,306,39.8,31.8,1009
2024-07-16 11:05:20,1416,60,306,39.8,31.8,1009
2024-07-16 11:05:21,1415,60,306,39.8,31.8,1006
2024-07-16 11:05:22,1415,60,306,39.8,31.8,1009
2024-07-16 11:05:23,1415,60,306,39.8,31.8,1010
2024-07-16 11:05:24,1415,60,306,39.8,31.8,1008
2024-07-16 11:05:25,1415,60,306,39.8,31.8,1009
2024-07-16 11:05:26,1415,60,306,39.8,31.8,1012
2024-07-16 11:05:27,1415,60,306,39.8,31.8,1011
2024-07-16 11:05:28,1415,60,306,39.8,31.8,1009
2024-07-16 11:05:29,1415,60,305,39.8,31.8,1011
2024-07-16 11:05:30,1415,60,305,39.8,31.7,1011
2024-07-16 11:05:31,1411,60,305,39.8,31.7,1010
2024-07-16 11:05:32,1411,60,305,39.8,31.7,1014
2024-07-16 11:05:33,1411,60,305,39.8,31.7,1015
2024-07-16 11:05:34,1411,60,305,39.8,31.8,1018
2024-07-16 11:05:35,1411,60,306,39.8,31.8,1021
2024-07-16 11:05:36,1415,60,306,39.8,31.8,1010
2024-07-16 11:05:37,1415,60,306,39.8,31.8,1017
2024-07-16 11:05:38,1415,60,306,39.8,31.8,1015
2024-07-16 11:05:39,1415,60,306,39.8,31.8,1014
2024-07-16 11:05:40,1415,60,306,39.8,31.8,1021
2024-07-16 11:05:41,1416,60,306,39.8,31.8,1022
2024-07-16 11:05:42,1416,60,306,39.8,31.8,1019
2024-07-16 11:05:43,1416,60,306,39.8,31.8,1027
2024-07-16 11:05:44,1416,60,306,39.8,31.8,1023
2024-07-16 11:05:45,1416,60,306,39.8,31.8,1023
2024-07-16 11:05:46,1416,60,306,39.8,31.8,1034
2024-07-16 11:05:47,1416,60,306,39.8,31.9,1023
2024-07-16 11:05:48,1416,60,306,39.8,31.8,1023
2024-07-16 11:05:49,1416,60,306,39.8,31.8,1028
2024-07-16 11:05:50,1416,60,306,39.8,31.8,1028
2024-07-16 11:05:51,1416,60,306,39.8,31.8,1025
2024-07-16 11:05:52,1416,60,306,39.8,31.8,1025
2024-07-16 11:05:53,1416,60,306,39.8,31.8,1033
2024-07-16 11:05:54,1416,60,306,39.8,31.8,1031
2024-07-16 11:05:55,1416,60,306,39.8,31.8,1033
2024-07-16 11:05:56,1416,60,306,39.8,31.8,1034
2024-07-16 11:05:57,1416,60,306,39.8,31.8,1032
2024-07-16 11:05:58,1416,60,306,39.8,31.8,1039
2024-07-16 11:05:59,1416,60,306,39.8,31.8,1034
2024-07-16 11:06:00,1416,60,306,39.8,31.8,1042
2024-07-16 11:06:01,1416,60,306,39.8,31.8,1039
2024-07-16 11:06:02,1416,60,306,39.8,31.8,1046
2024-07-16 11:06:03,1416,60,306,39.8,31.8,1047
2024-07-16 11:06:04,1416,60,305,39.8,31.8,1047
2024-07-16 11:06:05,1416,60,305,39.8,31.7,1046
2024-07-16 11:06:06,1411,60,305,39.8,31.7,1053
2024-07-16 11:06:07,1411,60,305,39.8,31.7,1061
2024-07-16 11:06:08,1411,60,305,39.8,31.8,1060
2024-07-16 11:06:09,1411,60,306,39.8,31.8,1054
2024-07-16 11:06:10,1411,60,306,39.8,31.8,1064
2024-07-16 11:06:11,1415,60,306,39.8,31.8,1055
2024-07-16 11:06:12,1415,60,306,39.8,31.8,1068
2024-07-16 11:06:13,1415,60,306,39.8,31.8,1069
2024-07-16 11:06:14,1415,60,306,39.8,31.8,1075
2024-07-16 11:06:15,1415,60,306,39.8,31.8,1080
2024-07-16 11:06:16,1416,60,306,39.8,31.8,1074
2024-07-16 11:06:17,1416,60,306,39.8,31.8,1077
2024-07-16 11:06:18,1416,60,306,39.8,31.8,1079
2024-07-16 11:06:19,1416,60,306,39.8,31.8,1083
2024-07-16 11:06:20,1416,60,306,39.8,31.8,1090
2024-07-16 11:06:21,1416,60,306,39.8,31.8,1091
2024-07-16 11:06:22,1416,60,306,39.8,31.8,1096
2024-07-16 11:06:23,1416,60,306,39.8,31.8,1095
2024-07-16 11:06:24,1416,60,306,39.8,31.8,1100
2024-07-16 11:06:25,1416,60,306,39.8,31.8,1108
2024-07-16 11:06:26,1416,60,306,39.8,31.9,1105
2024-07-16 11:06:27,1416,60,306,39.8,31.9,1106
2024-07-16 11:06:28,1416,60,306,39.8,31.8,1111
2024-07-16 11:06:29,1416,60,306,39.8,31.9,1116
2024-07-16 11:06:30,1416,60,306,39.8,31.8,1115
2024-07-16 11:06:31,1416,60,306,39.8,31.8,1130
2024-07-16 11:06:32,1416,60,306,39.8,31.8,1139
2024-07-16 11:06:33,1416,60,306,39.8,31.8,1138
2024-07-16 11:06:34,1416,60,306,39.8,31.8,1142
2024-07-16 11:06:35,1416,60,306,39.8,31.8,1142
2024-07-16 11:06:36,1416,60,306,39.8,31.8,1147
2024-07-16 11:06:37,1416,60,306,39.8,31.8,1151
2024-07-16 11:06:38,1416,60,305,39.8,31.8,1149
2024-07-16 11:06:39,1416,60,305,39.8,31.7,1156
2024-07-16 11:06:40,1416,60,305,39.8,31.7,1165
2024-07-16 11:06:41,1413,60,305,39.8,31.8,1176
2024-07-16 11:06:42,1413,60,305,39.8,31.7,1175
2024-07-16 11:06:43,1413,60,305,39.8,31.8,1179
2024-07-16 11:06:44,1413,60,305,39.8,31.8,1190
2024-07-16 11:06:45,1413,60,305,39.8,31.8,1196
2024-07-16 11:06:46,1414,60,306,39.8,31.8,1203
2024-07-16 11:06:47,1414,60,306,39.8,31.8,1208
2024-07-16 11:06:48,1414,60,306,39.8,31.8,1213
2024-07-16 11:06:49,1414,60,306,39.8,31.8,1218
2024-07-16 11:06:50,1414,60,306,39.8,31.8,1230
2024-07-16 11:06:51,1416,60,306,39.8,31.8,1234
2024-07-16 11:06:52,1416,60,306,39.8,31.8,1238
2024-07-16 11:06:53,1416,60,306,39.8,31.8,1249
2024-07-16 11:06:54,1416,60,306,39.8,31.8,1250
2024-07-16 11:06:55,1416,60,306,39.8,31.8,1262
2024-07-16 11:06:56,1416,60,306,39.8,31.8,1271
2024-07-16 11:06:57,1416,60,306,39.8,31.8,1272
2024-07-16 11:06:58,1416,60,306,39.8,31.8,1277
2024-07-16 11:06:59,1416,60,306,39.8,31.8,1279
2024-07-16 11:07:00,1416,60,306,39.8,31.8,1293
2024-07-16 11:07:01,1417,60,306,39.8,31.9,1303
2024-07-16 11:07:02,1417,60,306,39.8,31.8,1307
2024-07-16 11:07:03,1417,60,306,39.8,31.9,1314
2024-07-16 11:07:04,1417,60,306,39.8,31.9,1332
2024-07-16 11:07:05,1417,60,305,39.8,31.7,1330
2024-07-16 11:07:06,1408,60,304,39.8,31.6,1339
2024-07-16 11:07:07,1408,60,304,39.8,31.6,1346
2024-07-16 11:07:08,1408,60,304,39.8,31.6,1361
2024-07-16 11:07:09,1408,60,306,39.8,31.8,1359
2024-07-16 11:07:10,1408,60,307,39.8,32.0,1374
2024-07-16 11:07:11,1421,60,307,39.8,32.0,1377
2024-07-16 11:07:12,1421,60,306,39.8,31.9,1393
2024-07-16 11:07:13,1421,60,306,39.8,31.8,1392
2024-07-16 11:07:14,1421,60,306,39.8,31.8,1399
2024-07-16 11:07:15,1421,60,305,39.8,31.7,1412
2024-07-16 11:07:16,1412,60,305,39.8,31.7,1415
2024-07-16 11:07:17,1412,60,305,39.8,31.7,1420
2024-07-16 11:07:18,1412,60,306,39.8,31.8,1427
2024-07-16 11:07:19,1412,60,306,39.8,31.8,1432
2024-07-16 11:07:20,1412,60,305,39.8,31.7,1432
2024-07-16 11:07:21,1413,60,305,39.8,31.7,1445
2024-07-16 11:07:22,1413,60,305,39.8,31.8,1453
2024-07-16 11:07:23,1413,60,307,39.8,31.9,1453
2024-07-16 11:07:24,1413,60,306,39.8,31.9,1458
2024-07-16 11:07:25,1413,60,306,39.8,31.8,1452
2024-07-16 11:07:26,1417,61,306,39.8,31.8,1468
2024-07-16 11:07:27,1417,60,306,39.8,31.8,1460
2024-07-16 11:07:28,1417,61,306,39.8,31.8,1485
2024-07-16 11:07:29,1417,62,306,39.8,31.9,1488
2024-07-16 11:07:30,1417,62,306,39.8,31.9,1499
2024-07-16 11:07:31,1434,62,309,39.9,32.1,1507
2024-07-16 11:07:32,1434,62,313,39.9,32.5,1505
2024-07-16 11:07:33,1434,63,314,39.9,32.6,1522
2024-07-16 11:07:34,1434,63,315,39.9,32.7,1528
2024-07-16 11:07:35,1434,63,315,40.0,32.8,1532
2024-07-16 11:07:36,1476,64,318,40.0,33.1,1552
2024-07-16 11:07:37,1476,64,318,40.0,33.1,1546
2024-07-16 11:07:38,1476,64,321,40.0,33.4,1552
2024-07-16 11:07:39,1476,65,323,40.1,33.6,1561
2024-07-16 11:07:40,1476,65,325,40.1,33.7,1571
2024-07-16 11:07:41,1506,66,325,40.1,33.8,1589
2024-07-16 11:07:42,1506,66,326,40.1,33.9,1582
2024-07-16 11:07:43,1506,66,329,40.1,34.2,1582
2024-07-16 11:07:44,1506,66,331,40.2,34.4,1584
2024-07-16 11:07:45,1506,66,333,40.2,34.6,1589
2024-07-16 11:07:46,1545,66,333,40.2,34.6,1583
2024-07-16 11:07:47,1545,66,333,40.2,34.6,1586
2024-07-16 11:07:48,1545,66,332,40.2,34.6,1586
2024-07-16 11:07:49,1545,66,333,40.2,34.6,1586
2024-07-16 11:07:50,1545,66,333,40.2,34.6,1599
2024-07-16 11:07:51,1546,66,333,40.2,34.6,1592
2024-07-16 11:07:52,1546,66,333,40.2,34.6,1598
2024-07-16 11:07:53,1546,66,333,40.2,34.7,1602
2024-07-16 11:07:54,1546,67,333,40.2,34.6,1608
2024-07-16 11:07:55,1546,67,333,40.2,34.6,1614
2024-07-16 11:07:56,1547,67,334,40.2,34.7,1620
2024-07-16 11:07:57,1547,67,335,40.2,34.8,1623
2024-07-16 11:07:58,1547,67,337,40.2,35.1,1615
2024-07-16 11:07:59,1547,67,337,40.2,35.1,1617
2024-07-16 11:08:00,1547,67,338,40.2,35.1,1613
2024-07-16 11:08:01,1574,67,339,40.3,35.3,1606
2024-07-16 11:08:02,1574,67,339,40.3,35.3,1615
2024-07-16 11:08:03,1574,67,339,40.3,35.3,1607
2024-07-16 11:08:04,1574,67,339,40.3,35.2,1609
2024-07-16 11:08:05,1574,67,337,40.2,35.1,1609
2024-07-16 11:08:06,1568,66,337,40.2,35.1,1605
2024-07-16 11:08:07,1568,66,336,40.2,35.0,1603
2024-07-16 11:08:08,1568,66,334,40.2,34.8,1602
2024-07-16 11:08:09,1568,66,334,40.2,34.7,1598
2024-07-16 11:08:10,1568,66,334,40.2,34.7,1597
2024-07-16 11:08:11,1552,67,334,40.2,34.8,1609
2024-07-16 11:08:12,1552,66,335,40.2,34.8,1598
2024-07-16 11:08:13,1552,66,334,40.2,34.8,1590
2024-07-16 11:08:14,1552,66,334,40.2,34.7,1592
2024-07-16 11:08:15,1552,66,334,40.2,34.7,1598
2024-07-16 11:08:16,1544,66,333,40.2,34.6,1602
2024-07-16 11:08:17,1544,66,333,40.2,34.6,1604
2024-07-16 11:08:18,1544,66,333,40.2,34.6,1598
2024-07-16 11:08:19,1544,66,333,40.2,34.6,1600
2024-07-16 11:08:20,1544,67,335,40.2,34.8,1607
2024-07-16 11:08:21,1554,66,335,40.2,34.8,1591
2024-07-16 11:08:22,1554,66,335,40.2,34.8,1595
2024-07-16 11:08:23,1554,66,335,40.2,34.8,1601
2024-07-16 11:08:24,1554,66,335,40.2,34.8,1592
2024-07-16 11:08:25,1554,66,335,40.2,34.8,1594
2024-07-16 11:08:26,1555,66,335,40.2,34.8,1597
2024-07-16 11:08:27,1555,66,335,40.2,34.8,1594
2024-07-16 11:08:28,1555,66,335,40.2,34.9,1591
2024-07-16 11:08:29,1555,66,335,40.2,34.8,1593
2024-07-16 11:08:30,1555,66,335,40.2,34.8,1594
2024-07-16 11:08:31,1548,66,334,40.2,34.7,1588
2024-07-16 11:08:32,1548,66,333,40.2,34.7,1589
2024-07-16 11:08:33,1548,66,334,40.2,34.7,1591
2024-07-16 11:08:34,1548,66,333,40.2,34.7,1588
2024-07-16 11:08:35,1548,66,334,40.2,34.7,1587
2024-07-16 11:08:36,1553,66,335,40.2,34.9,1582
2024-07-16 11:08:37,1553,65,336,40.2,34.9,1575
2024-07-16 11:08:38,1553,65,336,40.2,34.9,1569
2024-07-16 11:08:39,1553,65,334,40.2,34.7,1567
2024-07-16 11:08:40,1553,64,329,40.1,34.2,1552
2024-07-16 11:08:41,1528,64,329,40.1,34.2,1554
2024-07-16 11:08:42,1528,65,328,40.1,34.1,1558
2024-07-16 11:08:43,1528,64,326,40.0,33.8,1547
2024-07-16 11:08:44,1528,64,325,40.1,33.8,1548
2024-07-16 11:08:45,1528,64,326,40.1,33.9,1546
2024-07-16 11:08:46,1512,64,327,40.1,34.0,1545
2024-07-16 11:08:47,1512,64,327,40.1,34.0,1541
2024-07-16 11:08:48,1512,64,327,40.1,34.0,1536
2024-07-16 11:08:49,1512,64,327,40.1,34.0,1536
2024-07-16 11:08:50,1512,64,327,40.1,34.0,1536
2024-07-16 11:08:51,1516,63,327,40.1,34,1531
2024-07-16 11:08:52,1516,63,326,40.0,33.9,1518
2024-07-16 11:08:53,1516,63,321,40.0,33.4,1518
2024-07-16 11:08:54,1516,63,318,39.9,33.1,1518
2024-07-16 11:08:55,1516,63,319,40.0,33.2,1526
2024-07-16 11:08:56,1487,63,322,40,33.5,1521
2024-07-16 11:08:57,1487,63,322,40.0,33.4,1522
2024-07-16 11:08:58,1487,63,322,40,33.4,1515
2024-07-16 11:08:59,1487,63,322,40.0,33.5,1514
2024-07-16 11:09:00,1487,63,322,40.0,33.5,1518
2024-07-16 11:09:01,1495,62,323,40.0,33.6,1505
2024-07-16 11:09:02,1495,63,323,40.0,33.6,1510
2024-07-16 11:09:03,1495,61,321,40.0,33.4,1483
2024-07-16 11:09:04,1495,61,316,39.9,32.8,1485
2024-07-16 11:09:05,1495,61,314,39.9,32.6,1484
2024-07-16 11:09:06,1445,62,312,39.9,32.5,1495
2024-07-16 11:09:07,1445,61,312,39.9,32.5,1485
2024-07-16 11:09:08,1445,61,312,39.9,32.5,1484
2024-07-16 11:09:09,1445,61,312,39.9,32.5,1485
2024-07-16 11:09:10,1445,61,313,39.9,32.5,1485
2024-07-16 11:09:11,1448,62,313,39.9,32.6,1491
2024-07-16 11:09:12,1448,61,313,39.9,32.5,1480
2024-07-16 11:09:13,1448,61,314,39.9,32.6,1473
2024-07-16 11:09:14,1448,61,315,39.9,32.7,1480
2024-07-16 11:09:15,1448,61,314,39.9,32.7,1477
2024-07-16 11:09:16,1450,62,314,39.9,32.6,1486
2024-07-16 11:09:17,1450,61,313,39.9,32.5,1474
2024-07-16 11:09:18,1450,61,312,39.9,32.5,1485
2024-07-16 11:09:19,1450,61,312,39.9,32.5,1473
2024-07-16 11:09:20,1450,61,312,39.9,32.4,1467
2024-07-16 11:09:21,1442,61,312,39.9,32.4,1471
2024-07-16 11:09:22,1442,61,312,39.9,32.5,1466
2024-07-16 11:09:23,1442,61,312,39.9,32.4,1462
2024-07-16 11:09:24,1442,61,312,39.9,32.5,1466
2024-07-16 11:09:25,1442,61,313,39.9,32.5,1462
2024-07-16 11:09:26,1447,61,313,39.9,32.5,1462
2024-07-16 11:09:27,1447,61,313,39.9,32.6,1469
2024-07-16 11:09:28,1447,61,313,39.9,32.5,1466
2024-07-16 11:09:29,1447,61,313,39.9,32.6,1469
2024-07-16 11:09:30,1447,61,313,39.9,32.6,1467
2024-07-16 11:09:31,1447,61,313,39.9,32.5,1474
2024-07-16 11:09:32,1447,61,313,39.9,32.5,1474
2024-07-16 11:09:33,1447,61,313,39.9,32.5,1479
2024-07-16 11:09:34,1447,61,313,39.9,32.5,1479
2024-07-16 11:09:35,1447,61,313,39.9,32.5,1484
2024-07-16 11:09:36,1446,62,312,39.9,32.4,1487
2024-07-16 11:09:37,1446,62,312,39.9,32.4,1490
2024-07-16 11:09:38,1446,62,312,39.9,32.5,1496
2024-07-16 11:09:39,1446,62,314,39.9,32.6,1493
2024-07-16 11:09:40,1446,62,316,39.9,32.8,1505
2024-07-16 11:09:41,1465,62,317,39.9,32.9,1506
2024-07-16 11:09:42,1465,62,317,39.9,33.0,1506
2024-07-16 11:09:43,1465,63,317,39.9,32.9,1517
2024-07-16 11:09:44,1465,62,317,39.9,33.0,1507
2024-07-16 11:09:45,1465,62,317,39.9,33.0,1503
2024-07-16 11:09:46,1468,62,317,39.9,33.0,1500
2024-07-16 11:09:47,1468,62,317,39.9,32.9,1498
2024-07-16 11:09:48,1468,62,317,39.9,32.9,1507
2024-07-16 11:09:49,1468,63,317,39.9,33.0,1510
2024-07-16 11:09:50,1468,63,317,39.9,32.9,1521
2024-07-16 11:09:51,1468,63,317,39.9,33.0,1516
2024-07-16 11:09:52,1468,63,317,39.9,33.0,1526
2024-07-16 11:09:53,1468,63,321,40.0,33.4,1532
2024-07-16 11:09:54,1468,64,323,40.0,33.6,1538
2024-07-16 11:09:55,1468,64,322,40.0,33.5,1551
2024-07-16 11:09:56,1493,66,322,40.0,33.5,1592
2024-07-16 11:09:57,1493,67,323,40.0,33.6,1608
2024-07-16 11:09:58,1493,67,327,40.1,34.0,1624
2024-07-16 11:09:59,1493,66,328,40.1,34.1,1595
2024-07-16 11:10:00,1493,65,332,40.1,34.5,1569
2024-07-16 11:10:01,1557,66,334,40.2,34.8,1582
2024-07-16 11:10:02,1557,64,332,40.1,34.6,1555
2024-07-16 11:10:03,1557,64,329,40.1,34.2,1535
2024-07-16 11:10:04,1557,63,325,40.0,33.8,1522
2024-07-16 11:10:05,1557,63,325,40.0,33.8,1524
2024-07-16 11:10:06,1493,63,323,40.0,33.5,1526
2024-07-16 11:10:07,1493,63,320,40.0,33.3,1521
2024-07-16 11:10:08,1493,63,320,40.0,33.3,1522
2024-07-16 11:10:09,1493,63,321,40.0,33.3,1519
2024-07-16 11:10:10,1493,63,321,40.0,33.4,1517
2024-07-16 11:10:11,1486,63,321,40.0,33.3,1531
2024-07-16 11:10:12,1486,63,321,40.0,33.3,1524
2024-07-16 11:10:13,1486,63,321,40.0,33.3,1522
2024-07-16 11:10:14,1486,63,321,40.0,33.3,1524
2024-07-16 11:10:15,1486,63,321,40.0,33.4,1521
2024-07-16 11:10:16,1490,63,321,40.0,33.4,1513
2024-07-16 11:10:17,1490,63,322,40.0,33.5,1517
2024-07-16 11:10:18,1490,63,322,40.0,33.5,1520
2024-07-16 11:10:19,1490,63,322,40.0,33.5,1530
2024-07-16 11:10:20,1490,62,322,40.0,33.5,1497
2024-07-16 11:10:21,1491,63,321,40.0,33.4,1525
2024-07-16 11:10:22,1491,63,317,39.9,32.9,1531
2024-07-16 11:10:23,1491,63,317,39.9,32.9,1525
2024-07-16 11:10:24,1491,63,318,39.9,33.1,1525
2024-07-16 11:10:25,1491,63,321,40.0,33.4,1526
2024-07-16 11:10:26,1503,64,325,40.0,33.8,1539
2024-07-16 11:10:27,1503,64,324,40.0,33.6,1539
2024-07-16 11:10:28,1503,63,322,40.0,33.5,1532
2024-07-16 11:10:29,1503,64,322,40.0,33.5,1540
2024-07-16 11:10:30,1503,64,322,40.0,33.5,1540
2024-07-16 11:10:31,1491,64,322,40.0,33.5,1536
2024-07-16 11:10:32,1491,64,323,40.0,33.6,1537
2024-07-16 11:10:33,1491,61,326,40.1,33.9,1467
2024-07-16 11:10:34,1491,63,327,40.1,34.0,1529
2024-07-16 11:10:35,1491,64,315,39.9,32.7,1545
2024-07-16 11:10:36,1426,64,308,39.8,32.1,1543
2024-07-16 11:10:37,1426,65,313,39.9,32.5,1558
2024-07-16 11:10:38,1426,64,321,40.0,33.4,1543
2024-07-16 11:10:39,1426,64,320,40.0,33.3,1549
2024-07-16 11:10:40,1426,64,322,40.0,33.4,1549
2024-07-16 11:10:41,1498,64,324,40.0,33.6,1552
2024-07-16 11:10:42,1498,64,327,40.1,34.0,1552
2024-07-16 11:10:43,1498,65,327,40.1,34.0,1559
2024-07-16 11:10:44,1498,64,327,40.1,34.0,1557
2024-07-16 11:10:45,1498,65,327,40.1,34.0,1561
2024-07-16 11:10:46,1512,65,326,40.0,33.9,1563
2024-07-16 11:10:47,1512,65,325,40.0,33.8,1561
2024-07-16 11:10:48,1512,65,327,40.1,34.0,1565
2024-07-16 11:10:49,1512,65,330,40.1,34.3,1559
2024-07-16 11:10:50,1512,65,330,40.1,34.3,1570
2024-07-16 11:10:51,1530,65,330,40.1,34.3,1568
2024-07-16 11:10:52,1530,65,330,40.1,34.3,1579
2024-07-16 11:10:53,1530,65,330,40.1,34.3,1576
2024-07-16 11:10:54,1530,65,330,40.1,34.3,1574
2024-07-16 11:10:55,1530,65,331,40.1,34.4,1580
2024-07-16 11:10:56,1535,65,331,40.1,34.4,1577
2024-07-16 11:10:57,1535,65,331,40.1,34.4,1577
2024-07-16 11:10:58,1535,66,331,40.1,34.4,1582
2024-07-16 11:10:59,1535,66,331,40.1,34.4,1591
2024-07-16 11:11:00,1535,65,331,40.1,34.4,1573
2024-07-16 11:11:01,1536,66,331,40.1,34.4,1583
2024-07-16 11:11:02,1536,66,331,40.1,34.4,1583
2024-07-16 11:11:03,1536,65,331,40.1,34.4,1577
2024-07-16 11:11:04,1536,66,331,40.1,34.5,1583
2024-07-16 11:11:05,1536,66,331,40.1,34.5,1585
2024-07-16 11:11:06,1539,65,332,40.1,34.5,1581
2024-07-16 11:11:07,1539,66,332,40.1,34.6,1585
2024-07-16 11:11:08,1539,66,333,40.1,34.6,1593
2024-07-16 11:11:09,1539,66,333,40.1,34.6,1590
2024-07-16 11:11:10,1539,66,333,40.1,34.6,1587
2024-07-16 11:11:11,1547,66,333,40.1,34.7,1601
2024-07-16 11:11:12,1547,66,333,40.1,34.6,1591
2024-07-16 11:11:13,1547,66,335,40.2,34.8,1596
2024-07-16 11:11:14,1547,66,335,40.2,34.8,1596
2024-07-16 11:11:15,1547,66,335,40.2,34.9,1599
2024-07-16 11:11:16,1555,66,336,40.2,34.9,1596
2024-07-16 11:11:17,1555,66,335,40.2,34.8,1601
2024-07-16 11:11:18,1555,66,335,40.2,34.9,1600
2024-07-16 11:11:19,1555,66,335,40.2,34.8,1600
2024-07-16 11:11:20,1555,67,335,40.2,34.9,1606
2024-07-16 11:11:21,1556,66,336,40.2,34.9,1605
2024-07-16 11:11:22,1556,67,335,40.2,34.9,1614
2024-07-16 11:11:23,1556,67,335,40.2,34.9,1614
2024-07-16 11:11:24,1556,67,335,40.2,34.9,1613
2024-07-16 11:11:25,1556,67,337,40.2,35.0,1616
2024-07-16 11:11:26,1576,67,341,40.2,35.4,1619
2024-07-16 11:11:27,1576,67,341,40.2,35.4,1625
2024-07-16 11:11:28,1576,67,340,40.2,35.4,1619
2024-07-16 11:11:29,1576,67,341,40.2,35.4,1617
2024-07-16 11:11:30,1576,67,341,40.2,35.5,1626
2024-07-16 11:11:31,1580,67,340,40.2,35.3,1625
2024-07-16 11:11:32,1580,67,340,40.2,35.3,1628
2024-07-16 11:11:33,1580,68,338,40.2,35.2,1631
2024-07-16 11:11:34,1580,68,338,40.2,35.2,1630
2024-07-16 11:11:35,1580,68,340,40.2,35.3,1638
2024-07-16 11:11:36,1591,68,343,40.3,35.7,1640
2024-07-16 11:11:37,1591,68,346,40.3,36.0,1641
2024-07-16 11:11:38,1591,68,346,40.3,36.0,1644
2024-07-16 11:11:39,1591,68,345,40.3,35.9,1647
2024-07-16 11:11:40,1591,69,343,40.2,35.6,1656
2024-07-16 11:11:41,1589,69,342,40.2,35.6,1659
2024-07-16 11:11:42,1589,69,346,40.3,36.0,1666
2024-07-16 11:11:43,1589,69,349,40.3,36.2,1663
2024-07-16 11:11:44,1589,69,350,40.3,36.4,1658
2024-07-16 11:11:45,1589,68,350,40.3,36.4,1653
2024-07-16 11:11:46,1625,69,349,40.3,36.3,1655
2024-07-16 11:11:47,1625,69,347,40.3,36.1,1659
2024-07-16 11:11:48,1625,69,345,40.3,35.9,1659
2024-07-16 11:11:49,1625,62,345,40.3,35.8,1500
2024-07-16 11:11:50,1625,68,346,40.3,36.0,1653
2024-07-16 11:11:51,1502,69,336,40.0,33.1,1657
2024-07-16 11:11:52,1502,69,310,39.8,32.3,1665
2024-07-16 11:11:53,1502,69,323,40.0,33.6,1668
2024-07-16 11:11:54,1502,69,328,40.0,34.1,1671
2024-07-16 11:11:55,1502,69,328,40.0,34.1,1672
2024-07-16 11:11:56,1520,70,328,40.0,34.1,1680
2024-07-16 11:11:57,1520,70,328,40.0,34.1,1678
2024-07-16 11:11:58,1520,70,330,40.1,34.3,1680
2024-07-16 11:11:59,1520,69,337,40.2,35.0,1677
2024-07-16 11:12:00,1520,70,338,40.2,35.1,1685
2024-07-16 11:12:01,1572,70,338,40.2,35.2,1685
2024-07-16 11:12:02,1572,70,340,40.2,35.5,1685
2024-07-16 11:12:03,1572,70,343,40.2,35.7,1700
2024-07-16 11:12:04,1572,70,345,40.3,35.8,1693
2024-07-16 11:12:05,1572,70,346,40.3,35.9,1695
2024-07-16 11:12:06,1614,70,352,40.4,36.6,1696
2024-07-16 11:12:07,1614,70,353,40.4,36.7,1700
2024-07-16 11:12:08,1614,70,353,40.4,36.7,1701
2024-07-16 11:12:09,1614,71,353,40.4,36.7,1708
2024-07-16 11:12:10,1614,71,353,40.4,36.7,1712
2024-07-16 11:12:11,1647,71,355,40.4,37.0,1714
2024-07-16 11:12:12,1647,71,356,40.4,37.0,1718
2024-07-16 11:12:13,1647,72,358,40.4,37.2,1730
2024-07-16 11:12:14,1647,72,358,40.4,37.2,1728
2024-07-16 11:12:15,1647,72,361,40.5,37.5,1731
2024-07-16 11:12:16,1681,72,361,40.5,37.6,1733
2024-07-16 11:12:17,1681,72,364,40.5,37.8,1739
2024-07-16 11:12:18,1681,72,364,40.5,37.8,1743
2024-07-16 11:12:19,1681,72,364,40.5,37.8,1747
2024-07-16 11:12:20,1681,72,364,40.5,37.8,1747
2024-07-16 11:12:21,1696,73,364,40.5,37.8,1755
2024-07-16 11:12:22,1696,73,363,40.5,37.8,1763
2024-07-16 11:12:23,1696,73,363,40.5,37.8,1761
2024-07-16 11:12:24,1696,73,365,40.5,37.9,1773
2024-07-16 11:12:25,1696,73,367,40.5,38.2,1769
2024-07-16 11:12:26,1718,74,369,40.6,38.3,1774
2024-07-16 11:12:27,1718,74,369,40.6,38.3,1777
2024-07-16 11:12:28,1718,74,369,40.6,38.4,1785
2024-07-16 11:12:29,1718,75,369,40.6,38.4,1799
2024-07-16 11:12:30,1718,74,372,40.6,38.7,1796
2024-07-16 11:12:31,1750,75,374,40.7,39.1,1812
2024-07-16 11:12:32,1750,75,376,40.7,39.1,1806
2024-07-16 11:12:33,1750,75,375,40.6,38.9,1814
2024-07-16 11:12:34,1750,75,374,40.6,38.9,1820
2024-07-16 11:12:35,1750,76,375,40.6,38.9,1832
2024-07-16 11:12:36,1759,76,376,40.7,39.1,1835
2024-07-16 11:12:37,1759,76,379,40.7,39.4,1845
2024-07-16 11:12:38,1759,77,380,40.7,39.5,1852
2024-07-16 11:12:39,1759,77,382,40.7,39.8,1867
2024-07-16 11:12:40,1759,78,384,40.8,39.9,1877
2024-07-16 11:12:41,1806,78,386,40.8,40.1,1890
2024-07-16 11:12:42,1806,79,388,40.8,40.3,1901
2024-07-16 11:12:43,1806,80,389,40.8,40.5,1932
2024-07-16 11:12:44,1806,82,392,40.9,40.9,1973
2024-07-16 11:12:45,1806,84,393,40.9,40.9,2021
2024-07-16 11:12:46,1857,86,396,40.9,41.1,2073
2024-07-16 11:12:47,1857,90,399,40.9,41.5,2181
2024-07-16 11:12:48,1857,94,403,41.0,41.9,2268
2024-07-16 11:12:49,1857,94,403,41.0,41.9,2268
2024-07-16 11:12:50,1857,93,405,41.0,42.1,2246
2024-07-16 11:12:51,1918,92,407,41.1,42.3,2220
2024-07-16 11:12:52,1918,94,410,41.1,42.6,2267
2024-07-16 11:12:53,1918,98,411,41.1,42.8,2366
2024-07-16 11:12:54,1918,100,414,41.1,43.0,2466
2024-07-16 11:12:55,1918,100,416,41.1,43.2,2511
2024-07-16 11:12:56,1980,100,418,41.2,43.4,2496
2024-07-16 11:12:57,1980,100,422,41.2,43.9,2457
2024-07-16 11:12:58,1980,100,423,41.2,44.0,2418
2024-07-16 11:12:59,1980,99,426,41.3,44.2,2391
2024-07-16 11:13:00,1980,98,428,41.3,44.5,2362
2024-07-16 11:13:01,2017,97,429,41.3,44.6,2334
2024-07-16 11:13:02,2017,96,430,41.3,44.8,2316
2024-07-16 11:13:03,2017,96,433,41.3,45.1,2309
2024-07-16 11:13:04,2017,95,436,41.4,45.6,2298
2024-07-16 11:13:05,2017,95,440,41.4,45.7,2296
2024-07-16 11:13:06,2080,95,441,41.4,45.8,2296
2024-07-16 11:13:07,2080,95,443,41.4,46.1,2294
2024-07-16 11:13:08,2080,95,446,41.5,46.3,2298
2024-07-16 11:13:09,2080,96,447,41.5,46.5,2313
2024-07-16 11:13:10,2080,96,450,41.5,46.8,2318
2024-07-16 11:13:11,2137,96,452,41.5,47.0,2313
2024-07-16 11:13:12,2137,95,453,41.6,47.1,2286
2024-07-16 11:13:13,2137,95,455,41.6,47.6,2284
2024-07-16 11:13:14,2137,95,460,41.6,47.9,2297
2024-07-16 11:13:15,2137,95,462,41.7,48.0,2283
2024-07-16 11:13:16,2196,94,464,41.7,48.2,2277
2024-07-16 11:13:17,2196,94,465,41.7,48.4,2277
2024-07-16 11:13:18,2196,94,466,41.7,48.5,2269
2024-07-16 11:13:19,2196,94,467,41.7,48.6,2255
2024-07-16 11:13:20,2196,93,468,41.7,48.7,2246
2024-07-16 11:13:21,2227,93,469,41.7,48.8,2238
2024-07-16 11:13:22,2227,93,467,41.7,48.6,2247
2024-07-16 11:13:23,2227,94,461,41.6,47.9,2277
2024-07-16 11:13:24,2227,98,460,41.6,47.9,2354
2024-07-16 11:13:25,2227,100,464,41.6,48.2,2449
2024-07-16 11:13:26,2221,100,468,41.7,48.7,2562
2024-07-16 11:13:27,2221,100,469,41.7,48.8,2582
2024-07-16 11:13:28,2221,100,472,41.7,49.1,2525
2024-07-16 11:13:29,2221,100,473,41.7,49.2,2466
2024-07-16 11:13:30,2221,100,479,41.8,49.8,2406
2024-07-16 11:13:31,2295,99,481,41.8,50.0,2395
2024-07-16 11:13:32,2295,98,482,41.8,50.1,2359
2024-07-16 11:13:33,2295,96,482,41.8,50.1,2308
2024-07-16 11:13:34,2295,96,483,41.8,50.3,2308
2024-07-16 11:13:35,2295,94,483,41.8,50.0,2272
2024-07-16 11:13:36,2278,93,480,41.8,49.9,2244
2024-07-16 11:13:37,2278,92,469,41.7,48.8,2219
2024-07-16 11:13:38,2278,91,464,41.6,48.2,2187
2024-07-16 11:13:39,2278,90,457,41.5,47.5,2175
2024-07-16 11:13:40,2278,89,456,41.5,47.5,2153
2024-07-16 11:13:41,2145,89,452,41.5,47.0,2141
2024-07-16 11:13:42,2145,89,448,41.4,46.6,2149
2024-07-16 11:13:43,2145,90,448,41.4,46.6,2164
2024-07-16 11:13:44,2145,91,448,41.4,46.6,2186
2024-07-16 11:13:45,2145,91,448,41.4,46.6,2187
2024-07-16 11:13:46,2149,90,450,41.4,47.1,2166
2024-07-16 11:13:47,2149,90,457,41.5,47.5,2181
2024-07-16 11:13:48,2149,92,458,41.5,47.7,2225
2024-07-16 11:13:49,2149,94,455,41.5,47.3,2262
2024-07-16 11:13:50,2149,94,453,41.4,47.1,2265
2024-07-16 11:13:51,2164,92,454,41.4,47.2,2216
2024-07-16 11:13:52,2164,90,460,41.5,47.9,2176
2024-07-16 11:13:53,2164,89,461,41.5,47.9,2140
2024-07-16 11:13:54,2164,86,459,41.5,47.7,2064
2024-07-16 11:13:55,2164,84,452,41.3,45.6,2018
2024-07-16 11:13:56,2071,83,425,41.1,44.2,2008
2024-07-16 11:13:57,2071,83,420,41.1,43.9,2008
2024-07-16 11:13:58,2071,83,426,41.1,44.3,2003
2024-07-16 11:13:59,2071,84,426,41.1,44.3,2017
2024-07-16 11:14:00,2071,83,426,41.1,44.3,2013
2024-07-16 11:14:01,1998,84,424,41.1,44.1,2015
2024-07-16 11:14:02,1998,82,423,41.1,44.0,1989
2024-07-16 11:14:03,1998,82,423,41.1,44.0,1966
2024-07-16 11:14:04,1998,81,423,41.0,44.0,1958
2024-07-16 11:14:05,1998,80,416,41.0,43.3,1936
2024-07-16 11:14:06,1944,80,414,40.9,42.9,1928
2024-07-16 11:14:07,1944,80,411,40.9,42.7,1919
2024-07-16 11:14:08,1944,80,411,40.9,42.7,1925
2024-07-16 11:14:09,1944,79,411,40.9,42.7,1908
2024-07-16 11:14:10,1944,79,409,40.9,42.5,1907
2024-07-16 11:14:11,1902,79,406,40.8,42.3,1902
2024-07-16 11:14:12,1902,79,403,40.8,41.9,1897
2024-07-16 11:14:13,1902,79,403,40.8,41.9,1898
2024-07-16 11:14:14,1902,79,404,40.8,42.0,1898
2024-07-16 11:14:15,1902,78,404,40.8,42.0,1889
2024-07-16 11:14:16,1901,78,407,40.8,42.3,1887
2024-07-16 11:14:17,1901,78,406,40.8,41.8,1883
2024-07-16 11:14:18,1901,78,400,40.8,41.6,1883
2024-07-16 11:14:19,1901,78,401,40.8,41.7,1878
2024-07-16 11:14:20,1901,78,400,40.8,41.6,1874
2024-07-16 11:14:21,1872,78,401,40.8,41.7,1876
2024-07-16 11:14:22,1872,78,401,40.8,41.7,1876
2024-07-16 11:14:23,1872,78,401,40.8,41.7,1873
2024-07-16 11:14:24,1872,77,401,40.8,41.7,1867
2024-07-16 11:14:25,1872,77,400,40.8,41.6,1864
2024-07-16 11:14:26,1864,77,400,40.7,41.3,1860
2024-07-16 11:14:27,1864,77,396,40.7,41.2,1862
2024-07-16 11:14:28,1864,77,396,40.7,41.2,1855
2024-07-16 11:14:29,1864,77,396,40.7,41.2,1857
2024-07-16 11:14:30,1864,76,396,40.7,41.2,1842
2024-07-16 11:14:31,1847,76,396,40.7,41.1,1841
2024-07-16 11:14:32,1847,77,392,40.7,40.8,1853
2024-07-16 11:14:33,1847,77,391,40.6,40.7,1848
2024-07-16 11:14:34,1847,77,392,40.7,40.7,1854
2024-07-16 11:14:35,1847,76,392,40.7,40.7,1838
2024-07-16 11:14:36,1848,76,395,40.7,41.1,1833
2024-07-16 11:14:37,1848,76,396,40.7,41.2,1842
2024-07-16 11:14:38,1848,76,394,40.7,40.9,1845
2024-07-16 11:14:39,1848,76,391,40.6,40.5,1840
2024-07-16 11:14:40,1848,76,390,40.6,40.5,1843
2024-07-16 11:14:41,1817,76,390,40.6,40.5,1839
2024-07-16 11:14:42,1817,76,390,40.6,40.6,1842
2024-07-16 11:14:43,1817,76,392,40.7,40.8,1839
2024-07-16 11:14:44,1817,76,392,40.7,40.8,1835
2024-07-16 11:14:45,1817,76,392,40.7,40.8,1833
2024-07-16 11:14:46,1828,76,392,40.7,40.8,1836
2024-07-16 11:14:47,1828,76,392,40.7,40.8,1840
2024-07-16 11:14:48,1828,76,392,40.6,40.7,1840
2024-07-16 11:14:49,1828,76,391,40.6,40.6,1837
2024-07-16 11:14:50,1828,76,390,40.6,40.5,1839
2024-07-16 11:14:51,1817,76,389,40.6,40.5,1837
2024-07-16 11:14:52,1817,76,390,40.6,40.6,1839
2024-07-16 11:14:53,1817,76,390,40.6,40.5,1838
2024-07-16 11:14:54,1817,76,390,40.6,40.6,1835
2024-07-16 11:14:55,1817,76,390,40.6,40.6,1836
2024-07-16 11:14:56,1822,76,391,40.6,40.6,1838
2024-07-16 11:14:57,1822,76,391,40.6,40.6,1834
2024-07-16 11:14:58,1822,76,391,40.6,40.7,1837
2024-07-16 11:14:59,1822,76,391,40.6,40.6,1837
2024-07-16 11:15:00,1822,76,391,40.6,40.6,1833
2024-07-16 11:15:01,1822,76,391,40.6,40.6,1835
2024-07-16 11:15:02,1822,76,391,40.6,40.7,1824
2024-07-16 11:15:03,1822,76,391,40.6,40.6,1836
2024-07-16 11:15:04,1822,76,391,40.6,40.7,1838
2024-07-16 11:15:05,1822,76,391,40.6,40.7,1840
2024-07-16 11:15:06,1822,76,391,40.6,40.7,1834
2024-07-16 11:15:07,1822,76,390,40.6,40.5,1838
2024-07-16 11:15:08,1822,76,390,40.6,40.5,1838
2024-07-16 11:15:09,1822,76,390,40.6,40.6,1829
2024-07-16 11:15:10,1822,76,390,40.6,40.6,1830
2024-07-16 11:15:11,1819,76,390,40.6,40.6,1827
2024-07-16 11:15:12,1819,76,390,40.6,40.5,1833
2024-07-16 11:15:13,1819,76,390,40.6,40.6,1827
2024-07-16 11:15:14,1819,76,390,40.6,40.5,1837
2024-07-16 11:15:15,1819,76,390,40.6,40.5,1832
2024-07-16 11:15:16,1818,76,390,40.6,40.5,1824
2024-07-16 11:15:17,1818,76,390,40.6,40.5,1828
2024-07-16 11:15:18,1818,76,390,40.6,40.5,1826
2024-07-16 11:15:19,1818,76,390,40.6,40.5,1831
2024-07-16 11:15:20,1818,76,390,40.6,40.5,1827
2024-07-16 11:15:21,1817,75,390,40.6,40.5,1821
2024-07-16 11:15:22,1817,75,389,40.6,40.4,1819
2024-07-16 11:15:23,1817,75,386,40.6,40.1,1816
2024-07-16 11:15:24,1817,75,386,40.6,40.2,1819
2024-07-16 11:15:25,1817,75,385,40.6,40.0,1819
2024-07-16 11:15:26,1789,76,384,40.5,39.9,1822
2024-07-16 11:15:27,1789,75,384,40.6,39.9,1821
2024-07-16 11:15:28,1789,75,384,40.5,39.9,1820
2024-07-16 11:15:29,1789,75,384,40.5,40.0,1821
2024-07-16 11:15:30,1789,75,385,40.6,40.1,1819
2024-07-16 11:15:31,1798,75,386,40.6,40.1,1819
2024-07-16 11:15:32,1798,75,386,40.6,40.1,1821
2024-07-16 11:15:33,1798,75,386,40.6,40.2,1815
2024-07-16 11:15:34,1798,75,386,40.6,40.1,1821
2024-07-16 11:15:35,1798,75,386,40.6,40.1,1816
2024-07-16 11:15:36,1784,76,383,40.5,39.9,1830
2024-07-16 11:15:37,1784,75,383,40.5,39.9,1810
2024-07-16 11:15:38,1784,75,383,40.5,39.9,1817
2024-07-16 11:15:39,1784,75,384,40.6,39.9,1814
2024-07-16 11:15:40,1784,75,386,40.6,40.1,1815
2024-07-16 11:15:41,1797,75,386,40.6,40.2,1813
2024-07-16 11:15:42,1797,75,386,40.6,40.2,1811
2024-07-16 11:15:43,1797,74,386,40.6,40.1,1792
2024-07-16 11:15:44,1797,75,385,40.6,40.0,1814
2024-07-16 11:15:45,1797,75,378,40.5,39.3,1803
2024-07-16 11:15:46,1757,75,377,40.5,39.2,1813
2024-07-16 11:15:47,1757,75,384,40.5,39.9,1815
2024-07-16 11:15:48,1757,75,386,40.6,40.1,1807
2024-07-16 11:15:49,1757,75,386,40.6,40.1,1804
2024-07-16 11:15:50,1757,75,386,40.6,40.1,1810
2024-07-16 11:15:51,1795,75,385,40.6,40.0,1816
2024-07-16 11:15:52,1795,75,383,40.5,39.8,1816
2024-07-16 11:15:53,1795,75,383,40.5,39.9,1815
2024-07-16 11:15:54,1795,75,383,40.5,39.9,1811
2024-07-16 11:15:55,1795,75,384,40.5,39.9,1811
2024-07-16 11:15:56,1784,75,384,40.5,39.9,1815
2024-07-16 11:15:57,1784,75,384,40.5,40.0,1818
2024-07-16 11:15:58,1784,75,385,40.6,40.0,1817
2024-07-16 11:15:59,1784,75,384,40.6,40.0,1814
2024-07-16 11:16:00,1784,75,384,40.5,39.9,1821
2024-07-16 11:16:01,1788,75,384,40.5,40.0,1816
2024-07-16 11:16:02,1788,75,384,40.5,40.0,1815
2024-07-16 11:16:03,1788,75,384,40.5,40.0,1817
2024-07-16 11:16:04,1788,75,384,40.5,39.9,1819
2024-07-16 11:16:05,1788,76,384,40.5,39.9,1825
2024-07-16 11:16:06,1789,75,384,40.5,40.0,1821
2024-07-16 11:16:07,1789,75,384,40.5,40.0,1821
2024-07-16 11:16:08,1789,75,384,40.5,40.0,1815
2024-07-16 11:16:09,1789,76,384,40.5,40.0,1827
2024-07-16 11:16:10,1789,75,384,40.5,40.0,1818
2024-07-16 11:16:11,1789,76,384,40.5,39.9,1823
2024-07-16 11:16:12,1789,75,384,40.5,40.0,1812
2024-07-16 11:16:13,1789,75,384,40.5,39.9,1819
2024-07-16 11:16:14,1789,75,385,40.5,40.0,1817
2024-07-16 11:16:15,1789,76,384,40.5,40.0,1824
2024-07-16 11:16:16,1789,76,384,40.5,40.0,1829
2024-07-16 11:16:17,1789,76,385,40.5,40.0,1843
2024-07-16 11:16:18,1789,76,387,40.6,40.2,1833
2024-07-16 11:16:19,1789,76,389,40.6,40.5,1841
2024-07-16 11:16:20,1789,76,390,40.6,40.5,1831
2024-07-16 11:16:21,1816,76,390,40.6,40.5,1839
2024-07-16 11:16:22,1816,76,389,40.6,40.4,1842
2024-07-16 11:16:23,1816,76,387,40.6,40.3,1827
2024-07-16 11:16:24,1816,76,387,40.6,40.3,1832
2024-07-16 11:16:25,1816,76,387,40.6,40.2,1830
2024-07-16 11:16:26,1804,76,387,40.6,40.2,1837
2024-07-16 11:16:27,1804,76,388,40.6,40.4,1840
2024-07-16 11:16:28,1804,77,389,40.6,40.5,1848
2024-07-16 11:16:29,1804,76,389,40.6,40.4,1840
2024-07-16 11:16:30,1804,76,389,40.6,40.5,1836
2024-07-16 11:16:31,1813,76,389,40.6,40.5,1842
2024-07-16 11:16:32,1813,76,389,40.6,40.5,1835
2024-07-16 11:16:33,1813,76,389,40.6,40.5,1828
2024-07-16 11:16:34,1813,75,389,40.6,40.5,1818
2024-07-16 11:16:35,1813,75,388,40.6,40.4,1820
2024-07-16 11:16:36,1799,75,381,40.5,39.6,1821
2024-07-16 11:16:37,1799,76,380,40.5,39.5,1822
2024-07-16 11:16:38,1799,75,382,40.5,39.7,1816
2024-07-16 11:16:39,1799,75,384,40.5,39.9,1814
2024-07-16 11:16:40,1799,75,386,40.6,40.2,1821
2024-07-16 11:16:41,1800,75,386,40.5,40.2,1811
2024-07-16 11:16:42,1800,75,384,40.5,39.9,1808
2024-07-16 11:16:43,1800,75,382,40.5,39.6,1800
2024-07-16 11:16:44,1800,75,381,40.5,39.7,1800
2024-07-16 11:16:45,1800,75,383,40.5,39.8,1806
2024-07-16 11:16:46,1781,75,383,40.5,39.9,1808
2024-07-16 11:16:47,1781,75,384,40.5,39.9,1804
2024-07-16 11:16:48,1781,75,384,40.5,39.9,1803
2024-07-16 11:16:49,1781,75,384,40.5,39.9,1803
2024-07-16 11:16:50,1781,75,384,40.5,39.9,1803
2024-07-16 11:16:51,1789,75,385,40.5,40.0,1798
2024-07-16 11:16:52,1789,75,385,40.5,40.0,1799
2024-07-16 11:16:53,1789,74,384,40.5,40.0,1785
2024-07-16 11:16:54,1789,74,384,40.5,39.8,1787
2024-07-16 11:16:55,1789,74,380,40.5,39.5,1789
2024-07-16 11:16:56,1759,74,378,40.5,39.3,1774
2024-07-16 11:16:57,1759,74,379,40.5,39.4,1784
2024-07-16 11:16:58,1759,73,378,40.5,39.3,1759
2024-07-16 11:16:59,1759,74,378,40.5,39.4,1782
2024-07-16 11:17:00,1759,74,377,40.4,39.2,1782
2024-07-16 11:17:01,1737,74,374,40.4,38.9,1785
2024-07-16 11:17:02,1737,74,375,40.4,39.0,1789
2024-07-16 11:17:03,1737,74,378,40.5,39.4,1789
2024-07-16 11:17:04,1737,74,378,40.5,39.3,1776
2024-07-16 11:17:05,1737,74,379,40.5,39.4,1784
2024-07-16 11:17:06,1766,74,380,40.5,39.5,1779
2024-07-16 11:17:07,1766,73,380,40.5,39.6,1771
2024-07-16 11:17:08,1766,74,380,40.5,39.5,1775
2024-07-16 11:17:09,1766,74,374,40.4,38.9,1778
2024-07-16 11:17:10,1766,73,372,40.4,38.7,1770
2024-07-16 11:17:11,1740,73,375,40.4,39.0,1769
2024-07-16 11:17:12,1740,73,376,40.4,39.1,1772
2024-07-16 11:17:13,1740,73,375,40.4,39.0,1767
2024-07-16 11:17:14,1740,73,376,40.4,39.0,1768
2024-07-16 11:17:15,1740,73,376,40.4,39.0,1768
2024-07-16 11:17:16,1736,73,374,40.4,38.9,1766
2024-07-16 11:17:17,1736,73,373,40.4,38.8,1770
2024-07-16 11:17:18,1736,73,374,40.4,38.9,1762
2024-07-16 11:17:19,1736,73,374,40.4,38.8,1759
2024-07-16 11:17:20,1736,73,374,40.4,38.8,1759
2024-07-16 11:17:21,1734,73,374,40.4,38.8,1762
2024-07-16 11:17:22,1734,73,374,40.4,38.8,1754
2024-07-16 11:17:23,1734,73,374,40.4,38.8,1753
2024-07-16 11:17:24,1734,73,373,40.4,38.8,1751
2024-07-16 11:17:25,1734,73,374,40.4,38.8,1751
2024-07-16 11:17:26,1735,73,374,40.4,38.9,1751
2024-07-16 11:17:27,1735,72,374,40.4,38.9,1748
2024-07-16 11:17:28,1735,72,374,40.4,38.9,1748
2024-07-16 11:17:29,1735,72,371,40.4,38.6,1748
2024-07-16 11:17:30,1735,72,369,40.3,38.4,1749
2024-07-16 11:17:31,1711,72,368,40.3,38.3,1748
2024-07-16 11:17:32,1711,72,369,40.3,38.3,1747
2024-07-16 11:17:33,1711,72,369,40.3,38.4,1744
2024-07-16 11:17:34,1711,72,369,40.3,38.3,1745
2024-07-16 11:17:35,1711,72,369,40.3,38.4,1742
2024-07-16 11:17:36,1713,72,370,40.4,38.5,1746
2024-07-16 11:17:37,1713,72,370,40.4,38.5,1732
2024-07-16 11:17:38,1713,72,370,40.4,38.5,1736
2024-07-16 11:17:39,1713,72,370,40.4,38.4,1735
2024-07-16 11:17:40,1713,72,370,40.3,38.5,1731
2024-07-16 11:17:41,1715,72,370,40.4,38.4,1730
2024-07-16 11:17:42,1715,72,369,40.3,38.4,1730
2024-07-16 11:17:43,1715,72,369,40.3,38.4,1729
2024-07-16 11:17:44,1715,72,369,40.3,38.3,1732
2024-07-16 11:17:45,1715,71,369,40.3,38.3,1724
2024-07-16 11:17:46,1709,71,368,40.3,38.3,1723
2024-07-16 11:17:47,1709,71,367,40.3,37.9,1719
2024-07-16 11:17:48,1709,71,364,40.3,37.8,1720
2024-07-16 11:17:49,1709,71,364,40.3,37.8,1721
2024-07-16 11:17:50,1709,71,364,40.3,37.9,1719
2024-07-16 11:17:51,1687,71,364,40.3,37.8,1721
2024-07-16 11:17:52,1687,71,364,40.3,37.9,1722
2024-07-16 11:17:53,1687,71,364,40.3,37.9,1715
2024-07-16 11:17:54,1687,71,364,40.3,37.8,1719
2024-07-16 11:17:55,1687,71,364,40.3,37.9,1718
2024-07-16 11:17:56,1691,71,365,40.3,38.0,1717
2024-07-16 11:17:57,1691,71,365,40.3,37.9,1717
2024-07-16 11:17:58,1691,71,365,40.3,37.9,1716
2024-07-16 11:17:59,1691,71,365,40.3,37.9,1713
2024-07-16 11:18:00,1691,71,365,40.3,38.0,1715
2024-07-16 11:18:01,1690,71,365,40.3,37.9,1716
2024-07-16 11:18:02,1690,71,365,40.3,37.9,1716
2024-07-16 11:18:03,1690,71,364,40.3,37.8,1714
2024-07-16 11:18:04,1690,71,363,40.3,37.7,1714
2024-07-16 11:18:05,1690,71,363,40.3,37.7,1712
2024-07-16 11:18:06,1681,71,362,40.3,37.7,1711
2024-07-16 11:18:07,1681,71,363,40.3,37.9,1713
2024-07-16 11:18:08,1681,71,365,40.3,38.0,1710
2024-07-16 11:18:09,1681,71,366,40.3,38.0,1715
2024-07-16 11:18:10,1681,71,365,40.3,38.0,1714
2024-07-16 11:18:11,1690,71,364,40.3,37.9,1710
2024-07-16 11:18:12,1690,71,365,40.3,37.9,1711
2024-07-16 11:18:13,1690,71,363,40.3,37.8,1712
2024-07-16 11:18:14,1690,71,362,40.3,37.6,1710
2024-07-16 11:18:15,1690,71,363,40.3,37.7,1710
2024-07-16 11:18:16,1680,71,363,40.3,37.7,1711
2024-07-16 11:18:17,1680,71,363,40.3,37.7,1712
2024-07-16 11:18:18,1680,71,365,40.3,37.9,1712
2024-07-16 11:18:19,1680,71,364,40.3,37.9,1715
2024-07-16 11:18:20,1680,71,365,40.3,37.9,1709
2024-07-16 11:18:21,1690,71,364,40.3,37.9,1708
2024-07-16 11:18:22,1690,71,364,40.3,37.9,1710
2024-07-16 11:18:23,1690,71,364,40.3,37.9,1709
2024-07-16 11:18:24,1690,71,363,40.3,37.8,1708
2024-07-16 11:18:25,1690,71,363,40.3,37.8,1710
2024-07-16 11:18:26,1679,71,362,40.3,37.7,1705
2024-07-16 11:18:27,1679,71,363,40.3,37.7,1713
2024-07-16 11:18:28,1679,71,362,40.3,37.7,1716
2024-07-16 11:18:29,1679,69,362,40.3,37.7,1661
2024-07-16 11:18:30,1679,71,364,40.3,37.8,1707
2024-07-16 11:18:31,1683,71,359,40.2,37.3,1708
2024-07-16 11:18:32,1683,71,353,40.2,36.7,1707
2024-07-16 11:18:33,1683,71,353,40.1,36.7,1707
2024-07-16 11:18:34,1683,71,359,40.2,37.3,1706
2024-07-16 11:18:35,1683,71,364,40.3,37.9,1704
2024-07-16 11:18:36,1689,71,364,40.3,37.9,1706
2024-07-16 11:18:37,1689,71,364,40.3,37.9,1706
2024-07-16 11:18:38,1689,71,364,40.3,37.9,1706
2024-07-16 11:18:39,1689,71,364,40.3,37.8,1702
2024-07-16 11:18:40,1689,71,363,40.3,37.7,1702
2024-07-16 11:18:41,1680,70,363,40.3,37.7,1700
2024-07-16 11:18:42,1680,71,362,40.3,37.7,1704
2024-07-16 11:18:43,1680,70,360,40.2,37.5,1692
2024-07-16 11:18:44,1680,70,358,40.2,37.3,1699
2024-07-16 11:18:45,1680,71,358,40.2,37.3,1706
2024-07-16 11:18:46,1661,70,359,40.2,37.3,1697
2024-07-16 11:18:47,1661,71,358,40.2,37.3,1705
2024-07-16 11:18:48,1661,70,359,40.2,37.3,1689
2024-07-16 11:18:49,1661,70,358,40.2,37.3,1699
2024-07-16 11:18:50,1661,70,358,40.2,37.3,1685
2024-07-16 11:18:51,1660,70,359,40.2,37.3,1694
2024-07-16 11:18:52,1660,70,358,40.2,37.3,1694
2024-07-16 11:18:53,1660,70,359,40.2,37.3,1695
2024-07-16 11:18:54,1660,70,358,40.2,37.3,1691
2024-07-16 11:18:55,1660,70,358,40.2,37.2,1683
2024-07-16 11:18:56,1661,70,358,40.2,37.2,1686
2024-07-16 11:18:57,1661,70,360,40.2,37.4,1691
2024-07-16 11:18:58,1661,70,360,40.2,37.5,1692
2024-07-16 11:18:59,1661,70,360,40.2,37.5,1692
2024-07-16 11:19:00,1661,71,358,40.2,37.2,1702
2024-07-16 11:19:01,1659,70,358,40.2,37.2,1701
2024-07-16 11:19:02,1659,70,358,40.2,37.3,1693
2024-07-16 11:19:03,1659,70,358,40.2,37.2,1697
2024-07-16 11:19:04,1659,70,359,40.2,37.3,1698
2024-07-16 11:19:05,1659,70,358,40.2,37.3,1698
2024-07-16 11:19:06,1660,70,359,40.2,37.3,1699
2024-07-16 11:19:07,1660,70,359,40.2,37.3,1697
2024-07-16 11:19:08,1660,71,358,40.2,37.2,1703
2024-07-16 11:19:09,1660,70,358,40.2,37.2,1700
2024-07-16 11:19:10,1660,70,358,40.2,37.2,1701
2024-07-16 11:19:11,1659,71,358,40.2,37.3,1702
2024-07-16 11:19:12,1659,71,358,40.2,37.2,1703
2024-07-16 11:19:13,1659,71,358,40.2,37.2,1704
2024-07-16 11:19:14,1659,71,358,40.2,37.3,1704
2024-07-16 11:19:15,1659,70,364,40.3,37.8,1698
2024-07-16 11:19:16,1689,71,365,40.3,37.9,1708
2024-07-16 11:19:17,1689,71,359,40.2,37.4,1710
2024-07-16 11:19:18,1689,71,357,40.2,37.1,1722
2024-07-16 11:19:19,1689,71,360,40.2,37.4,1717
2024-07-16 11:19:20,1689,71,361,40.3,37.6,1708
2024-07-16 11:19:21,1678,71,362,40.3,37.6,1707
2024-07-16 11:19:22,1678,71,364,40.3,37.8,1713
2024-07-16 11:19:23,1678,71,364,40.3,37.8,1713
2024-07-16 11:19:24,1678,71,363,40.3,37.8,1713
2024-07-16 11:19:25,1678,71,364,40.3,37.8,1716
2024-07-16 11:19:26,1686,71,363,40.3,37.7,1720
2024-07-16 11:19:27,1686,72,362,40.3,37.6,1729
2024-07-16 11:19:28,1686,72,362,40.3,37.7,1740
2024-07-16 11:19:29,1686,73,362,40.3,37.7,1755
2024-07-16 11:19:30,1686,74,364,40.3,37.8,1775
2024-07-16 11:19:31,1704,77,372,40.4,38.7,1846
2024-07-16 11:19:32,1704,79,374,40.4,38.9,1908
2024-07-16 11:19:33,1704,82,375,40.4,39.0,1985
2024-07-16 11:19:34,1704,84,375,40.4,39.0,2024
2024-07-16 11:19:35,1704,83,374,40.4,38.9,1990
2024-07-16 11:19:36,1742,80,375,40.4,39.0,1931
2024-07-16 11:19:37,1742,80,381,40.5,39.6,1927
2024-07-16 11:19:38,1742,81,382,40.5,39.7,1960
2024-07-16 11:19:39,1742,83,385,40.6,40.1,2007
2024-07-16 11:19:40,1742,85,388,40.6,40.5,2058
2024-07-16 11:19:41,1814,86,389,40.6,40.5,2063
2024-07-16 11:19:42,1814,88,391,40.6,40.7,2130
2024-07-16 11:19:43,1814,86,393,40.7,40.9,2080
2024-07-16 11:19:44,1814,85,395,40.7,41.1,2050
2024-07-16 11:19:45,1814,84,397,40.7,41.3,2021
2024-07-16 11:19:46,1864,83,399,40.7,41.5,1990
2024-07-16 11:19:47,1864,81,401,40.8,41.7,1955
2024-07-16 11:19:48,1864,81,406,40.8,42.2,1954
2024-07-16 11:19:49,1864,81,408,40.8,42.4,1961
2024-07-16 11:19:50,1864,81,408,40.8,42.5,1944
2024-07-16 11:19:51,1909,78,409,40.8,42.5,1893
2024-07-16 11:19:52,1909,76,404,40.8,42.0,1831
2024-07-16 11:19:53,1909,74,390,40.6,40.6,1791
2024-07-16 11:19:54,1909,74,387,40.6,40.3,1791
2024-07-16 11:19:55,1909,73,376,40.4,39.1,1750
2024-07-16 11:19:56,1714,71,371,40.4,38.5,1715
2024-07-16 11:19:57,1714,70,369,40.3,38.3,1697
2024-07-16 11:19:58,1714,70,367,40.3,38.1,1692
2024-07-16 11:19:59,1714,69,358,40.2,37.3,1675
2024-07-16 11:20:00,1714,69,357,40.2,37.1,1662
2024-07-16 11:20:01,1653,68,357,40.2,37.1,1651
2024-07-16 11:20:02,1653,68,357,40.1,36.8,1652
2024-07-16 11:20:03,1653,69,350,40.1,36.4,1660
2024-07-16 11:20:04,1653,69,348,40.1,36.2,1666
2024-07-16 11:20:05,1653,69,348,40.1,36.2,1668
2024-07-16 11:20:06,1611,69,355,40.1,36.9,1672
2024-07-16 11:20:07,1611,70,357,40.2,37.2,1681
2024-07-16 11:20:08,1611,69,357,40.2,37.1,1668
2024-07-16 11:20:09,1611,69,357,40.2,37.1,1668
2024-07-16 11:20:10,1611,68,354,40.1,36.9,1648
2024-07-16 11:20:11,1638,68,353,40.1,36.7,1648
2024-07-16 11:20:12,1638,67,351,40.1,36.5,1622
2024-07-16 11:20:13,1638,67,347,40.0,35.8,1615
2024-07-16 11:20:14,1638,67,344,40.0,35.8,1607
2024-07-16 11:20:15,1638,67,345,40.0,35.8,1613
2024-07-16 11:20:16,1589,67,344,40.0,35.8,1624
2024-07-16 11:20:17,1589,67,344,40.0,35.8,1629
2024-07-16 11:20:18,1589,68,345,40.0,35.8,1637
2024-07-16 11:20:19,1589,68,345,40.0,35.9,1636
2024-07-16 11:20:20,1589,68,346,40.1,36.0,1630
2024-07-16 11:20:21,1609,67,350,40.1,36.4,1619
2024-07-16 11:20:22,1609,66,351,40.1,36.4,1595
2024-07-16 11:20:23,1609,66,346,40.0,36.0,1586
2024-07-16 11:20:24,1609,66,338,39.9,35.1,1582
2024-07-16 11:20:25,1609,65,338,39.9,35.2,1569
2024-07-16 11:20:26,1561,65,339,40.0,35.2,1560
2024-07-16 11:20:27,1561,64,339,40.0,35.2,1546
2024-07-16 11:20:28,1561,64,337,39.9,35.0,1534
2024-07-16 11:20:29,1561,63,331,39.9,34.5,1518
2024-07-16 11:20:30,1561,62,325,39.8,33.8,1498
2024-07-16 11:20:31,1498,61,325,39.8,33.8,1475
2024-07-16 11:20:32,1498,60,326,39.8,33.9,1448
2024-07-16 11:20:33,1498,60,324,39.7,33.2,1438
2024-07-16 11:20:34,1498,60,314,39.6,32.7,1431
2024-07-16 11:20:35,1498,60,313,39.6,32.5,1427
2024-07-16 11:20:36,1439,60,313,39.6,32.5,1414
2024-07-16 11:20:37,1439,60,313,39.6,32.6,1410
2024-07-16 11:20:38,1439,60,313,39.6,32.6,1410
2024-07-16 11:20:39,1439,60,313,39.6,32.5,1397
2024-07-16 11:20:40,1439,60,313,39.6,32.6,1395
2024-07-16 11:20:41,1438,60,313,39.6,32.5,1387
2024-07-16 11:20:42,1438,60,313,39.6,32.5,1387
2024-07-16 11:20:43,1438,60,313,39.6,32.5,1379
2024-07-16 11:20:44,1438,60,313,39.6,32.5,1384
2024-07-16 11:20:45,1438,60,313,39.6,32.5,1372
2024-07-16 11:20:46,1437,60,313,39.6,32.5,1368
2024-07-16 11:20:47,1437,60,312,39.6,32.5,1365
2024-07-16 11:20:48,1437,60,312,39.6,32.5,1358
2024-07-16 11:20:49,1437,60,312,39.6,32.4,1354
2024-07-16 11:20:50,1437,60,312,39.6,32.5,1353
2024-07-16 11:20:51,1434,60,312,39.6,32.4,1323
2024-07-16 11:20:52,1434,60,312,39.6,32.4,1344
2024-07-16 11:20:53,1434,60,312,39.6,32.4,1340
2024-07-16 11:20:54,1434,60,312,39.6,32.4,1340
2024-07-16 11:20:55,1434,60,311,39.6,32.4,1333
2024-07-16 11:20:56,1433,60,312,39.6,32.4,1334
2024-07-16 11:20:57,1433,60,312,39.6,32.4,1338
2024-07-16 11:20:58,1433,60,312,39.6,32.4,1328
2024-07-16 11:20:59,1433,60,312,39.6,32.4,1325
2024-07-16 11:21:00,1433,60,312,39.6,32.4,1329
2024-07-16 11:21:01,1432,60,312,39.6,32.4,1320
2024-07-16 11:21:02,1432,60,311,39.6,32.4,1320
2024-07-16 11:21:03,1432,60,311,39.6,32.4,1321
2024-07-16 11:21:04,1432,60,311,39.6,32.4,1316
2024-07-16 11:21:05,1432,60,311,39.6,32.3,1322
2024-07-16 11:21:06,1430,60,312,39.6,32.4,1314
2024-07-16 11:21:07,1430,60,311,39.6,32.3,1313
2024-07-16 11:21:08,1430,60,311,39.6,32.3,1315
2024-07-16 11:21:09,1430,60,310,39.6,32.2,1313
2024-07-16 11:21:10,1430,60,310,39.6,32.2,1313
2024-07-16 11:21:11,1424,60,310,39.6,32.2,1308
2024-07-16 11:21:12,1424,60,310,39.6,32.2,1312
2024-07-16 11:21:13,1424,60,309,39.6,32.2,1313
2024-07-16 11:21:14,1424,60,309,39.6,32.2,1312
2024-07-16 11:21:15,1424,60,310,39.6,32.3,1315
2024-07-16 11:21:16,1428,60,311,39.6,32.3,1312
2024-07-16 11:21:17,1428,60,311,39.6,32.4,1313
2024-07-16 11:21:18,1428,60,311,39.6,32.3,1313
2024-07-16 11:21:19,1428,60,311,39.6,32.3,1314
2024-07-16 11:21:20,1428,60,310,39.6,32.2,1319
2024-07-16 11:21:21,1421,60,309,39.6,32.1,1317
2024-07-16 11:21:22,1421,60,309,39.6,32.1,1317
2024-07-16 11:21:23,1421,60,309,39.6,32.1,1315
2024-07-16 11:21:24,1421,60,309,39.6,32.2,1309
2024-07-16 11:21:25,1421,60,309,39.6,32.1,1319
2024-07-16 11:21:26,1420,60,309,39.6,32.1,1313
2024-07-16 11:21:27,1420,60,309,39.6,32.1,1319
2024-07-16 11:21:28,1420,60,310,39.6,32.2,1321
2024-07-16 11:21:29,1420,60,311,39.6,32.3,1321
2024-07-16 11:21:30,1420,60,310,39.6,32.3,1320
2024-07-16 11:21:31,1428,60,311,39.6,32.3,1323
2024-07-16 11:21:32,1428,60,310,39.6,32.3,1324
2024-07-16 11:21:33,1428,60,310,39.6,32.2,1325
2024-07-16 11:21:34,1428,60,309,39.6,32.2,1328
2024-07-16 11:21:35,1428,60,309,39.6,32.0,1330
2024-07-16 11:21:36,1418,60,309,39.6,32.1,1332
2024-07-16 11:21:37,1418,60,308,39.6,32.0,1334
2024-07-16 11:21:38,1418,60,308,39.6,32.0,1334
2024-07-16 11:21:39,1418,60,308,39.6,32.1,1337
2024-07-16 11:21:40,1418,60,308,39.6,32.1,1344
2024-07-16 11:21:41,1417,60,308,39.6,32.1,1341
2024-07-16 11:21:42,1417,60,308,39.6,32.0,1345
2024-07-16 11:21:43,1417,60,309,39.6,32.1,1346
2024-07-16 11:21:44,1417,60,309,39.6,32.1,1352
2024-07-16 11:21:45,1417,60,309,39.6,32.1,1353
2024-07-16 11:21:46,1420,60,309,39.6,32.1,1355
2024-07-16 11:21:47,1420,60,309,39.6,32.1,1360
2024-07-16 11:21:48,1420,60,309,39.6,32.1,1362
2024-07-16 11:21:49,1420,60,309,39.6,32.1,1360
2024-07-16 11:21:50,1420,60,309,39.6,32.1,1359
2024-07-16 11:21:51,1419,60,309,39.6,32.1,1359
2024-07-16 11:21:52,1419,60,308,39.6,32.1,1360
2024-07-16 11:21:53,1419,60,309,39.6,32.1,1364
2024-07-16 11:21:54,1419,60,308,39.6,32.0,1362
2024-07-16 11:21:55,1419,60,308,39.6,32.0,1362
2024-07-16 11:21:56,1418,60,308,39.6,32.0,1366
2024-07-16 11:21:57,1418,60,308,39.6,32.0,1369
2024-07-16 11:21:58,1418,60,308,39.6,32.0,1373
2024-07-16 11:21:59,1418,60,308,39.6,32.0,1373
2024-07-16 11:22:00,1418,60,308,39.6,32.0,1381
2024-07-16 11:22:01,1417,60,308,39.6,32.0,1379
2024-07-16 11:22:02,1417,60,308,39.6,32.0,1382
2024-07-16 11:22:03,1417,60,308,39.6,32.0,1388
2024-07-16 11:22:04,1417,60,308,39.6,32.0,1391
2024-07-16 11:22:05,1417,60,308,39.6,32.0,1403
2024-07-16 11:22:06,1416,60,308,39.6,32.0,1393
2024-07-16 11:22:07,1416,60,308,39.6,32.0,1397
2024-07-16 11:22:08,1416,60,308,39.6,32.0,1401
2024-07-16 11:22:09,1416,60,308,39.6,32.0,1399
2024-07-16 11:22:10,1416,60,308,39.6,32.0,1398
2024-07-16 11:22:11,1415,60,308,39.6,32.0,1392
2024-07-16 11:22:12,1415,60,307,39.6,32.0,1397
2024-07-16 11:22:13,1415,60,307,39.6,31.9,1407
2024-07-16 11:22:14,1415,60,308,39.6,32.0,1412
2024-07-16 11:22:15,1415,60,308,39.6,32.0,1394
2024-07-16 11:22:16,1415,60,308,39.6,32.0,1397
2024-07-16 11:22:17,1415,60,308,39.6,32.0,1397
2024-07-16 11:22:18,1415,60,307,39.6,32.0,1397
2024-07-16 11:22:19,1415,60,307,39.6,32.0,1403
2024-07-16 11:22:20,1415,60,307,39.6,31.9,1403
2024-07-16 11:22:21,1414,60,307,39.6,31.9,1406
2024-07-16 11:22:22,1414,60,307,39.6,32.0,1400
2024-07-16 11:22:23,1414,60,307,39.6,31.9,1398
2024-07-16 11:22:24,1414,60,307,39.6,32.0,1410
2024-07-16 11:22:25,1414,60,307,39.6,31.9,1411
2024-07-16 11:22:26,1413,60,307,39.6,31.9,1397
2024-07-16 11:22:27,1413,60,307,39.6,31.9,1406
2024-07-16 11:22:28,1413,60,307,39.6,31.9,1402
2024-07-16 11:22:29,1413,60,307,39.6,32.0,1406
2024-07-16 11:22:30,1413,60,308,39.6,32.0,1399
2024-07-16 11:22:31,1417,60,308,39.6,32.0,1396
2024-07-16 11:22:32,1417,60,307,39.6,32.0,1391
2024-07-16 11:22:33,1417,60,308,39.6,32.0,1398
2024-07-16 11:22:34,1417,60,308,39.6,32.0,1399
2024-07-16 11:22:35,1417,60,308,39.6,32.0,1399
2024-07-16 11:22:36,1415,60,307,39.6,32.0,1408
2024-07-16 11:22:37,1415,60,306,39.6,31.9,1410
2024-07-16 11:22:38,1415,60,306,39.6,31.8,1413
2024-07-16 11:22:39,1415,60,306,39.6,31.8,1412
2024-07-16 11:22:40,1415,60,306,39.6,31.8,1408
2024-07-16 11:22:41,1411,60,307,39.6,31.9,1409
2024-07-16 11:22:42,1411,60,308,39.6,32.0,1405
2024-07-16 11:22:43,1411,60,308,39.6,32.0,1401
2024-07-16 11:22:44,1411,60,308,39.6,32.0,1405
2024-07-16 11:22:45,1411,60,307,39.6,32.0,1406
2024-07-16 11:22:46,1414,60,307,39.6,32.0,1399
2024-07-16 11:22:47,1414,60,308,39.6,32.0,1407
2024-07-16 11:22:48,1414,60,307,39.6,32.0,1407
2024-07-16 11:22:49,1414,60,307,39.6,32.0,1411
2024-07-16 11:22:50,1414,60,307,39.6,31.9,1418
2024-07-16 11:22:51,1412,60,306,39.6,31.9,1421
2024-07-16 11:22:52,1412,60,305,39.6,31.8,1424
2024-07-16 11:22:53,1412,60,306,39.6,31.8,1428
2024-07-16 11:22:54,1412,60,306,39.6,31.8,1431
2024-07-16 11:22:55,1412,60,306,39.6,31.8,1426
2024-07-16 11:22:56,1407,60,307,39.6,31.9,1420
2024-07-16 11:22:57,1407,60,307,39.6,32.0,1419
2024-07-16 11:22:58,1407,60,307,39.6,31.9,1409
2024-07-16 11:22:59,1407,60,307,39.6,31.9,1410
2024-07-16 11:23:00,1407,60,307,39.6,31.9,1414
2024-07-16 11:23:01,1413,60,307,39.6,31.9,1412
2024-07-16 11:23:02,1413,60,307,39.6,31.9,1407
2024-07-16 11:23:03,1413,60,307,39.6,32.0,1408
2024-07-16 11:23:04,1413,60,307,39.6,31.9,1400
2024-07-16 11:23:05,1413,60,307,39.6,32.0,1400
2024-07-16 11:23:06,1413,60,307,39.6,31.9,1399
2024-07-16 11:23:07,1413,60,307,39.6,31.9,1390
2024-07-16 11:23:08,1413,60,307,39.6,31.9,1389
2024-07-16 11:23:09,1413,60,306,39.6,31.9,1385
2024-07-16 11:23:10,1413,60,306,39.6,31.8,1376
2024-07-16 11:23:11,1408,60,306,39.6,31.8,1367
2024-07-16 11:23:12,1408,60,306,39.6,31.8,1362
2024-07-16 11:23:13,1408,60,306,39.6,31.8,1353
2024-07-16 11:23:14,1408,60,306,39.6,31.8,1355
2024-07-16 11:23:15,1408,60,306,39.6,31.8,1353
2024-07-16 11:23:16,1408,60,306,39.6,31.8,1350
2024-07-16 11:23:17,1408,60,306,39.6,31.8,1357
2024-07-16 11:23:18,1408,60,306,39.6,31.8,1354
2024-07-16 11:23:19,1408,60,306,39.6,31.9,1359
2024-07-16 11:23:20,1408,60,307,39.6,31.9,1362
2024-07-16 11:23:21,1412,60,307,39.6,31.9,1354
2024-07-16 11:23:22,1412,60,307,39.6,31.9,1374
2024-07-16 11:23:23,1412,60,307,39.6,31.9,1394
2024-07-16 11:23:24,1412,60,307,39.6,31.9,1396
2024-07-16 11:23:25,1412,60,307,39.6,31.9,1388
2024-07-16 11:23:26,1411,60,307,39.6,31.9,1389
2024-07-16 11:23:27,1411,60,307,39.6,31.9,1396
2024-07-16 11:23:28,1411,60,306,39.6,31.9,1400
2024-07-16 11:23:29,1411,60,307,39.6,31.9,1404
2024-07-16 11:23:30,1411,60,306,39.6,31.9,1384
2024-07-16 11:23:31,1408,60,306,39.6,31.8,1391
2024-07-16 11:23:32,1408,60,306,39.6,31.8,1388
2024-07-16 11:23:33,1408,60,306,39.6,31.8,1384
2024-07-16 11:23:34,1408,60,306,39.6,31.8,1386
2024-07-16 11:23:35,1408,60,306,39.6,31.8,1387
2024-07-16 11:23:36,1407,60,305,39.6,31.8,1379
2024-07-16 11:23:37,1407,60,306,39.6,31.8,1380
2024-07-16 11:23:38,1407,60,306,39.6,31.8,1361
2024-07-16 11:23:39,1407,60,307,39.6,31.9,1380
2024-07-16 11:23:40,1407,60,307,39.6,31.9,1381
2024-07-16 11:23:41,1410,60,306,39.6,31.9,1389
2024-07-16 11:23:42,1410,60,307,39.6,31.9,1380
2024-07-16 11:23:43,1410,60,306,39.6,31.9,1381
2024-07-16 11:23:44,1410,60,306,39.6,31.8,1383
2024-07-16 11:23:45,1410,60,306,39.6,31.9,1395
2024-07-16 11:23:46,1410,60,306,39.6,31.9,771
2024-07-16 11:23:47,1410,60,307,39.6,31.9,1303
2024-07-16 11:23:48,1410,60,306,39.6,31.9,1313
2024-07-16 11:23:49,1410,60,306,39.6,31.8,1326
2024-07-16 11:23:50,1410,60,306,39.6,31.8,1333
2024-07-16 11:23:51,1410,60,306,39.6,31.8,1316
2024-07-16 11:23:52,1410,60,306,39.6,31.8,1267
2024-07-16 11:23:53,1410,60,306,39.6,31.8,1267
2024-07-16 11:23:54,1410,60,306,39.6,31.8,1218
2024-07-16 11:23:55,1410,60,306,39.6,31.8,1207
2024-07-16 11:23:56,1409,60,306,39.6,31.9,1207
2024-07-16 11:23:57,1409,60,306,39.6,31.8,1202
2024-07-16 11:23:58,1409,60,306,39.6,31.8,1212
2024-07-16 11:23:59,1409,60,306,39.6,31.8,1205
2024-07-16 11:24:00,1409,60,306,39.6,31.8,1210
2024-07-16 11:24:01,1409,60,306,39.6,31.8,1207
2024-07-16 11:24:02,1409,60,306,39.6,31.8,1208
2024-07-16 11:24:03,1409,60,306,39.6,31.8,1209
2024-07-16 11:24:04,1409,60,306,39.6,31.8,1211
2024-07-16 11:24:05,1409,60,306,39.6,31.8,1215
2024-07-16 11:24:06,1408,60,306,39.6,31.8,1217
2024-07-16 11:24:07,1408,60,306,39.6,31.8,1222
2024-07-16 11:24:08,1408,60,306,39.6,31.8,1221
2024-07-16 11:24:09,1408,60,306,39.6,31.8,1237
2024-07-16 11:24:10,1408,60,306,39.6,31.8,1241
2024-07-16 11:24:11,1408,60,306,39.6,31.8,1250
2024-07-16 11:24:12,1408,60,306,39.6,31.8,1245
2024-07-16 11:24:13,1408,60,306,39.6,31.8,1250
2024-07-16 11:24:14,1408,60,306,39.6,31.8,1267
2024-07-16 11:24:15,1408,60,306,39.6,31.8,1264
2024-07-16 11:24:16,1407,60,306,39.6,31.8,1272
2024-07-16 11:24:17,1407,60,306,39.6,31.8,1292
2024-07-16 11:24:18,1407,60,306,39.6,31.9,1294
2024-07-16 11:24:19,1407,60,306,39.6,31.9,1310
2024-07-16 11:24:20,1407,60,307,39.6,31.9,1341
2024-07-16 11:24:21,1412,60,307,39.6,31.9,1355
2024-07-16 11:24:22,1412,60,307,39.6,31.9,1377
2024-07-16 11:24:23,1412,60,307,39.6,31.9,1384
2024-07-16 11:24:24,1412,60,307,39.6,31.9,1389
2024-07-16 11:24:25,1412,60,306,39.6,31.8,1408
2024-07-16 11:24:26,1407,60,306,39.6,31.8,1429
2024-07-16 11:24:27,1407,60,306,39.6,31.8,1430
2024-07-16 11:24:28,1407,60,306,39.6,31.8,1443
2024-07-16 11:24:29,1407,60,306,39.6,31.8,1454
2024-07-16 11:24:30,1407,60,306,39.6,31.8,1439
2024-07-16 11:24:31,1407,60,306,39.6,31.8,1428
2024-07-16 11:24:32,1407,60,306,39.6,31.8,1436
2024-07-16 11:24:33,1407,60,306,39.6,31.8,1441
2024-07-16 11:24:34,1407,60,306,39.6,31.8,1452
2024-07-16 11:24:35,1407,60,306,39.6,31.8,1443
2024-07-16 11:24:36,1407,60,306,39.6,31.8,1451
2024-07-16 11:24:37,1407,60,306,39.6,31.8,1453
2024-07-16 11:24:38,1407,60,306,39.6,31.8,1460
2024-07-16 11:24:39,1407,60,306,39.6,31.8,1460
2024-07-16 11:24:40,1407,60,306,39.6,31.8,1461
2024-07-16 11:24:41,1407,60,306,39.6,31.8,1461
2024-07-16 11:24:42,1407,60,306,39.6,31.8,1457
2024-07-16 11:24:43,1407,60,306,39.6,31.8,1461
2024-07-16 11:24:44,1407,60,306,39.6,31.8,1458
2024-07-16 11:24:45,1407,60,306,39.6,31.8,1454
2024-07-16 11:24:46,1407,60,306,39.6,31.8,1452
2024-07-16 11:24:47,1407,60,306,39.6,31.8,1458
2024-07-16 11:24:48,1407,61,306,39.6,31.8,1464
2024-07-16 11:24:49,1407,61,306,39.6,31.8,1468
2024-07-16 11:24:50,1407,61,307,39.6,31.9,1479
2024-07-16 11:24:51,1417,61,309,39.7,32.2,1472
2024-07-16 11:24:52,1417,61,311,39.7,32.3,1481
2024-07-16 11:24:53,1417,61,311,39.7,32.4,1473
2024-07-16 11:24:54,1417,62,311,39.7,32.3,1486
2024-07-16 11:24:55,1417,61,311,39.7,32.3,1481
2024-07-16 11:24:56,1433,61,311,39.7,32.3,1484
2024-07-16 11:24:57,1433,61,311,39.7,32.3,1476
2024-07-16 11:24:58,1433,61,311,39.7,32.3,1478
2024-07-16 11:24:59,1433,61,311,39.7,32.3,1484
2024-07-16 11:25:00,1433,62,311,39.7,32.3,1493
2024-07-16 11:25:01,1432,62,311,39.7,32.4,1496
2024-07-16 11:25:02,1432,62,311,39.7,32.3,1499
2024-07-16 11:25:03,1432,62,311,39.7,32.4,1502
2024-07-16 11:25:04,1432,62,312,39.7,32.5,1503
2024-07-16 11:25:05,1432,62,315,39.8,32.8,1499
2024-07-16 11:25:06,1454,63,315,39.8,32.8,1510
2024-07-16 11:25:07,1454,63,315,39.8,32.8,1522
2024-07-16 11:25:08,1454,64,315,39.8,32.8,1544
2024-07-16 11:25:09,1454,64,318,39.8,33.1,1554
2024-07-16 11:25:10,1454,65,320,39.8,33.2,1558
2024-07-16 11:25:11,1483,65,322,39.8,33.5,1579
2024-07-16 11:25:12,1483,66,324,39.9,33.7,1587
2024-07-16 11:25:13,1483,64,325,39.9,33.8,1545
2024-07-16 11:25:14,1483,66,327,40.0,34.2,1604
2024-07-16 11:25:15,1483,67,330,40.0,34.3,1616
2024-07-16 11:25:16,1508,67,326,39.9,33.9,1619
2024-07-16 11:25:17,1508,68,324,39.9,33.7,1644
2024-07-16 11:25:18,1508,68,327,39.9,34.0,1649
2024-07-16 11:25:19,1508,66,331,40.0,34.4,1600
2024-07-16 11:25:20,1508,65,333,40.0,34.6,1560
2024-07-16 11:25:21,1537,63,333,40.0,34.6,1517
2024-07-16 11:25:22,1537,63,332,40.0,34.6,1516
2024-07-16 11:25:23,1537,63,326,39.8,32.9,1516
2024-07-16 11:25:24,1537,62,311,39.7,32.3,1502
2024-07-16 11:25:25,1537,62,318,39.8,33.1,1492
2024-07-16 11:25:26,1454,61,320,39.8,33.3,1484
2024-07-16 11:25:27,1454,61,316,39.8,32.8,1484
2024-07-16 11:25:28,1454,61,313,39.7,32.4,1467
2024-07-16 11:25:29,1454,60,312,39.7,32.4,1449
2024-07-16 11:25:30,1454,60,311,39.7,32.4,1429
2024-07-16 11:25:31,1429,60,306,39.6,31.8,1419
2024-07-16 11:25:32,1429,60,304,39.6,31.6,1413
2024-07-16 11:25:33,1429,60,304,39.6,31.6,1402
2024-07-16 11:25:34,1429,60,307,39.6,31.9,1384
2024-07-16 11:25:35,1429,60,307,39.6,32.0,1374
2024-07-16 11:25:36,1414,60,307,39.6,31.9,1362
2024-07-16 11:25:37,1414,60,307,39.6,32.0,1354
2024-07-16 11:25:38,1414,60,307,39.6,31.9,1351
2024-07-16 11:25:39,1414,60,307,39.6,31.9,1332
2024-07-16 11:25:40,1414,60,307,39.6,31.9,1317
2024-07-16 11:25:41,1413,60,307,39.6,31.9,1292
2024-07-16 11:25:42,1413,60,307,39.6,31.9,1285
2024-07-16 11:25:43,1413,60,307,39.6,31.9,1254
2024-07-16 11:25:44,1413,60,307,39.6,31.9,1251
2024-07-16 11:25:45,1413,60,307,39.6,31.8,1233
2024-07-16 11:25:46,1409,60,306,39.6,31.8,1229
2024-07-16 11:25:47,1409,60,306,39.6,31.8,1218
2024-07-16 11:25:48,1409,60,306,39.6,31.8,1216
2024-07-16 11:25:49,1409,60,306,39.6,31.8,1206
2024-07-16 11:25:50,1409,60,306,39.6,31.8,1199
2024-07-16 11:25:51,1407,60,306,39.6,31.8,1193
2024-07-16 11:25:52,1407,60,306,39.6,31.8,1186
2024-07-16 11:25:53,1407,60,306,39.6,31.8,1179
2024-07-16 11:25:54,1407,60,306,39.6,31.9,1174
2024-07-16 11:25:55,1407,60,307,39.6,31.9,1163
2024-07-16 11:25:56,1412,60,307,39.6,31.9,1160
2024-07-16 11:25:57,1412,60,307,39.6,31.9,1145
2024-07-16 11:25:58,1412,60,307,39.6,31.9,1140
2024-07-16 11:25:59,1412,60,307,39.6,31.9,1129
2024-07-16 11:26:00,1412,60,307,39.6,31.9,1126
2024-07-16 11:26:01,1412,60,307,39.6,31.9,1130
2024-07-16 11:26:02,1412,60,307,39.6,31.9,1111
2024-07-16 11:26:03,1412,60,307,39.6,31.9,1109
2024-07-16 11:26:04,1412,60,307,39.6,31.9,1113
2024-07-16 11:26:05,1412,60,307,39.6,31.9,1098
2024-07-16 11:26:06,1411,60,306,39.6,31.8,1098
2024-07-16 11:26:07,1411,60,306,39.6,31.8,1084
2024-07-16 11:26:08,1411,60,306,39.6,31.8,1083
2024-07-16 11:26:09,1411,60,306,39.6,31.8,1083
2024-07-16 11:26:10,1411,60,305,39.6,31.8,1077
2024-07-16 11:26:11,1407,60,306,39.6,31.8,1075
2024-07-16 11:26:12,1407,60,306,39.6,31.8,1065
2024-07-16 11:26:13,1407,60,306,39.6,31.8,1063
2024-07-16 11:26:14,1407,60,307,39.6,31.9,1059
2024-07-16 11:26:15,1407,60,307,39.6,31.9,1053
2024-07-16 11:26:16,1412,60,307,39.6,31.9,1054
2024-07-16 11:26:17,1412,60,307,39.6,31.9,1046
2024-07-16 11:26:18,1412,60,307,39.6,31.9,1050
2024-07-16 11:26:19,1412,60,307,39.6,31.9,1043
2024-07-16 11:26:20,1412,60,307,39.6,31.9,1045
2024-07-16 11:26:21,1412,60,307,39.6,31.9,1039
2024-07-16 11:26:22,1412,60,307,39.6,31.9,1041
2024-07-16 11:26:23,1412,60,307,39.6,31.9,1042
2024-07-16 11:26:24,1412,60,306,39.6,31.9,1044
2024-07-16 11:26:25,1412,60,307,39.6,31.9,1042
2024-07-16 11:26:26,1411,60,307,39.6,31.9,1039
2024-07-16 11:26:27,1411,60,306,39.6,31.8,1051
2024-07-16 11:26:28,1411,60,306,39.6,31.8,1038
2024-07-16 11:26:29,1411,60,306,39.6,31.8,1016
2024-07-16 11:26:30,1411,60,305,39.6,31.8,1014
2024-07-16 11:26:31,1406,60,306,39.6,31.8,996
2024-07-16 11:26:32,1406,60,306,39.6,31.8,995
2024-07-16 11:26:33,1406,60,306,39.6,31.8,986
2024-07-16 11:26:34,1406,60,306,39.6,31.8,981
2024-07-16 11:26:35,1406,60,306,39.6,31.9,982
2024-07-16 11:26:36,1411,60,307,39.6,31.9,982
2024-07-16 11:26:37,1411,60,307,39.6,31.9,983
2024-07-16 11:26:38,1411,60,306,39.6,31.9,990
2024-07-16 11:26:39,1411,60,306,39.6,31.8,991
2024-07-16 11:26:40,1411,60,306,39.6,31.8,990
2024-07-16 11:26:41,1410,60,306,39.6,31.9,990
2024-07-16 11:26:42,1410,60,306,39.6,31.8,1000
2024-07-16 11:26:43,1410,60,306,39.6,31.9,997
2024-07-16 11:26:44,1410,60,306,39.6,31.8,987
2024-07-16 11:26:45,1410,60,306,39.6,31.8,962
2024-07-16 11:26:46,1410,60,307,39.6,31.9,966
2024-07-16 11:26:47,1410,60,306,39.6,31.8,962
2024-07-16 11:26:48,1410,60,306,39.6,31.8,957
2024-07-16 11:26:49,1410,60,306,39.6,31.9,950
2024-07-16 11:26:50,1410,60,306,39.6,31.8,947
2024-07-16 11:26:51,1410,60,306,39.6,31.8,945
2024-07-16 11:26:52,1410,60,306,39.6,31.8,941
2024-07-16 11:26:53,1410,60,306,39.6,31.9,946
2024-07-16 11:26:54,1410,60,307,39.6,31.9,926
2024-07-16 11:26:55,1410,60,306,39.6,31.8,936
2024-07-16 11:26:56,1410,60,306,39.6,31.8,936
2024-07-16 11:26:57,1410,60,306,39.6,31.9,935
2024-07-16 11:26:58,1410,60,305,39.6,31.8,927
2024-07-16 11:26:59,1410,60,305,39.6,31.8,938
2024-07-16 11:27:00,1410,60,305,39.6,31.8,931
2024-07-16 11:27:01,1405,60,305,39.6,31.7,937
2024-07-16 11:27:02,1405,60,305,39.6,31.7,929
2024-07-16 11:27:03,1405,60,305,39.6,31.8,932
2024-07-16 11:27:04,1405,60,305,39.6,31.8,917
2024-07-16 11:27:05,1405,60,306,39.6,31.8,917
2024-07-16 11:27:06,1410,60,306,39.6,31.8,922
2024-07-16 11:27:07,1410,60,306,39.6,31.9,917
2024-07-16 11:27:08,1410,60,306,39.6,31.9,920
2024-07-16 11:27:09,1410,60,306,39.6,31.9,919
2024-07-16 11:27:10,1410,60,306,39.6,31.9,917
2024-07-16 11:27:11,1410,60,306,39.6,31.8,908
2024-07-16 11:27:12,1410,60,306,39.6,31.8,904
2024-07-16 11:27:13,1410,60,306,39.6,31.9,891
2024-07-16 11:27:14,1410,60,306,39.6,31.8,884
2024-07-16 11:27:15,1410,60,306,39.6,31.8,879
2024-07-16 11:27:16,1410,60,306,39.6,31.8,875
2024-07-16 11:27:17,1410,60,306,39.6,31.8,874
2024-07-16 11:27:18,1410,60,306,39.6,31.8,863
2024-07-16 11:27:19,1410,60,306,39.6,31.8,868
2024-07-16 11:27:20,1410,60,307,39.6,31.9,860
2024-07-16 11:27:21,1410,60,306,39.6,31.8,870
2024-07-16 11:27:22,1410,60,306,39.6,31.8,864
2024-07-16 11:27:23,1410,60,306,39.6,31.8,855
2024-07-16 11:27:24,1410,60,306,39.6,31.8,844
2024-07-16 11:27:25,1410,60,306,39.6,31.8,845
2024-07-16 11:27:26,1409,60,306,39.6,31.8,850
2024-07-16 11:27:27,1409,60,306,39.6,31.8,838
2024-07-16 11:27:28,1409,60,306,39.6,31.8,832
2024-07-16 11:27:29,1409,60,306,39.6,31.8,834
2024-07-16 11:27:30,1409,60,306,39.6,31.8,828
2024-07-16 11:27:31,1409,60,306,39.6,31.8,824
2024-07-16 11:27:32,1409,60,306,39.6,31.8,822
2024-07-16 11:27:33,1409,60,305,39.6,31.8,820
2024-07-16 11:27:34,1409,60,305,39.6,31.7,814
2024-07-16 11:27:35,1409,60,305,39.6,31.7,821
2024-07-16 11:27:36,1405,60,305,39.6,31.7,812
2024-07-16 11:27:37,1405,60,305,39.6,31.7,817
2024-07-16 11:27:38,1405,60,305,39.6,31.8,810
2024-07-16 11:27:39,1405,60,307,39.6,31.9,808
2024-07-16 11:27:40,1405,60,307,39.7,31.9,813
2024-07-16 11:27:41,1413,60,307,39.7,31.9,812
2024-07-16 11:27:42,1413,60,307,39.6,31.9,802
2024-07-16 11:27:43,1413,60,306,39.6,31.8,802
2024-07-16 11:27:44,1413,60,306,39.6,31.8,796
2024-07-16 11:27:45,1413,60,306,39.6,31.8,796
2024-07-16 11:27:46,1409,60,306,39.6,31.8,794
2024-07-16 11:27:47,1409,60,306,39.6,31.8,795
2024-07-16 11:27:48,1409,60,306,39.6,31.8,792
2024-07-16 11:27:49,,,,,,794
2024-07-16 11:27:50,1409,60,306,39.6,31.8,790
2024-07-16 11:27:51,1409,60,306,39.6,31.8,789
2024-07-16 11:27:52,1409,60,306,39.6,31.9,786
2024-07-16 11:27:53,1409,60,305,39.6,31.7,786
2024-07-16 11:27:54,1409,60,305,39.6,31.7,786
2024-07-16 11:27:55,1409,60,305,39.6,31.7,782
2024-07-16 11:27:56,1404,60,305,39.6,31.7,793
2024-07-16 11:27:57,1404,60,305,39.6,31.7,790
2024-07-16 11:27:58,1404,60,305,39.6,31.7,793
2024-07-16 11:27:59,1404,60,305,39.6,31.7,783
2024-07-16 11:28:00,1404,60,306,39.6,31.8,790
2024-07-16 11:28:01,1409,60,306,39.6,31.8,780
2024-07-16 11:28:02,1409,60,306,39.6,31.8,789
2024-07-16 11:28:03,1409,60,306,39.6,31.8,781
2024-07-16 11:28:04,1409,60,306,39.6,31.8,780
2024-07-16 11:28:05,1409,60,306,39.6,31.8,785
2024-07-16 11:28:06,1409,60,306,39.6,31.8,787
2024-07-16 11:28:07,1409,60,306,39.6,31.8,788
2024-07-16 11:28:08,1409,60,306,39.6,31.8,780
2024-07-16 11:28:09,1409,60,306,39.6,31.8,779
2024-07-16 11:28:10,1409,60,306,39.6,31.8,785
2024-07-16 11:28:11,1409,60,306,39.6,31.8,782
2024-07-16 11:28:12,1409,60,306,39.6,31.8,784
2024-07-16 11:28:13,1409,60,306,39.6,31.8,791
2024-07-16 11:28:14,1409,60,306,39.6,31.8,783
2024-07-16 11:28:15,1409,60,306,39.6,31.8,788
2024-07-16 11:28:16,1408,60,306,39.6,31.8,787
2024-07-16 11:28:17,1408,60,306,39.6,31.8,786
2024-07-16 11:28:18,1408,60,306,39.6,31.8,789
2024-07-16 11:28:19,1408,60,306,39.6,31.8,791
2024-07-16 11:28:20,1408,60,306,39.6,31.8,784
2024-07-16 11:28:21,1408,60,306,39.6,31.8,776
2024-07-16 11:28:22,1408,60,306,39.6,31.8,771
2024-07-16 11:28:23,1408,60,306,39.6,31.8,773
2024-07-16 11:28:24,1408,60,306,39.6,31.8,769
2024-07-16 11:28:25,1408,60,306,39.6,31.8,769
2024-07-16 11:28:26,1408,60,306,39.6,31.8,774
2024-07-16 11:28:27,1408,60,306,39.6,31.8,772
2024-07-16 11:28:28,1408,60,306,39.6,31.8,772
2024-07-16 11:28:29,1408,60,306,39.6,31.8,778
2024-07-16 11:28:30,1408,60,306,39.6,31.8,778
2024-07-16 11:28:31,1408,60,306,39.6,31.8,767
2024-07-16 11:28:32,1408,60,306,39.6,31.8,767
2024-07-16 11:28:33,1408,60,306,39.6,31.8,767
2024-07-16 11:28:34,1408,60,306,39.6,31.8,782
2024-07-16 11:28:35,1408,60,306,39.6,31.8,777
2024-07-16 11:28:36,1407,60,306,39.6,31.8,783
2024-07-16 11:28:37,1407,60,306,39.6,31.8,777
2024-07-16 11:28:38,1407,60,306,39.6,31.8,780
2024-07-16 11:28:39,1407,60,306,39.6,31.8,784
2024-07-16 11:28:40,1407,60,306,39.6,31.8,793
2024-07-16 11:28:41,1408,60,306,39.6,31.8,794
2024-07-16 11:28:42,1408,60,306,39.6,31.8,805
2024-07-16 11:28:43,1408,60,306,39.6,31.8,802
2024-07-16 11:28:44,1408,60,306,39.6,31.8,803
2024-07-16 11:28:45,1408,60,306,39.6,31.8,800
2024-07-16 11:28:46,1407,60,306,39.6,31.8,795
2024-07-16 11:28:47,1407,60,306,39.6,31.8,805
2024-07-16 11:28:48,1407,60,306,39.6,31.8,800
2024-07-16 11:28:49,1407,60,306,39.6,31.8,805
2024-07-16 11:28:50,1407,60,306,39.6,31.8,786
2024-07-16 11:28:51,1407,60,306,39.6,31.8,787
2024-07-16 11:28:52,1407,60,306,39.6,31.8,794
2024-07-16 11:28:53,1407,60,306,39.6,31.8,792
2024-07-16 11:28:54,1407,60,306,39.6,31.8,780
2024-07-16 11:28:55,1407,60,308,39.7,32.0,795
2024-07-16 11:28:56,1416,60,307,39.7,32.0,786
2024-07-16 11:28:57,1416,60,307,39.7,32.0,782
2024-07-16 11:28:58,1416,60,306,39.7,31.9,782
2024-07-16 11:28:59,1416,60,306,39.6,31.8,788
2024-07-16 11:29:00,1416,60,305,39.6,31.7,793
2024-07-16 11:29:01,1407,60,306,39.6,31.8,786
2024-07-16 11:29:02,1407,60,306,39.6,31.8,793
2024-07-16 11:29:03,1407,60,305,39.6,31.8,789
2024-07-16 11:29:04,1407,60,306,39.6,31.8,797
2024-07-16 11:29:05,1407,60,306,39.6,31.8,797
2024-07-16 11:29:06,1407,60,305,39.6,31.7,793
2024-07-16 11:29:07,1407,60,306,39.6,31.8,800
2024-07-16 11:29:08,1407,60,306,39.6,31.8,799
2024-07-16 11:29:09,1407,60,305,39.6,31.8,804
2024-07-16 11:29:10,1407,60,305,39.6,31.7,803
2024-07-16 11:29:11,1406,60,305,39.6,31.7,810
2024-07-16 11:29:12,1406,60,308,39.7,32.0,800
2024-07-16 11:29:13,1406,60,307,39.7,32.0,801
2024-07-16 11:29:14,,,,,,815
2024-07-16 11:29:15,1406,60,307,39.7,31.9,803
2024-07-16 11:29:16,1406,60,305,39.6,31.8,803
2024-07-16 11:29:17,1407,60,306,39.6,31.8,807
2024-07-16 11:29:18,1407,60,306,39.6,31.8,806
2024-07-16 11:29:19,1407,60,306,39.6,31.8,808
2024-07-16 11:29:20,1407,60,305,39.6,31.8,811
2024-07-16 11:29:21,1407,60,305,39.6,31.8,821
2024-07-16 11:29:22,1407,60,305,39.6,31.7,821
2024-07-16 11:29:23,1407,60,306,39.6,31.8,823
2024-07-16 11:29:24,1407,60,305,39.6,31.8,813
2024-07-16 11:29:25,1407,60,305,39.6,31.8,826
2024-07-16 11:29:26,1407,60,306,39.6,31.8,821
2024-07-16 11:29:27,1406,60,306,39.6,31.8,820
2024-07-16 11:29:28,1406,60,306,39.7,31.9,823
2024-07-16 11:29:29,1406,60,307,39.7,31.9,827
2024-07-16 11:29:30,1406,60,307,39.7,31.9,828
2024-07-16 11:29:31,1406,60,306,39.7,31.9,831
2024-07-16 11:29:32,1411,60,306,39.7,31.9,830
2024-07-16 11:29:33,1411,60,307,39.7,31.9,839
2024-07-16 11:29:34,1411,60,307,39.6,31.8,838
2024-07-16 11:29:35,1411,60,305,39.6,31.7,844
2024-07-16 11:29:36,1411,60,304,39.6,31.7,838
2024-07-16 11:29:37,1402,60,305,39.6,31.7,846
2024-07-16 11:29:38,1402,60,305,39.6,31.7,839
2024-07-16 11:29:39,1402,60,304,39.6,31.6,835
2024-07-16 11:29:40,1402,60,306,39.6,31.8,841
2024-07-16 11:29:41,1402,60,307,39.7,31.9,841
2024-07-16 11:29:42,1415,60,307,39.7,31.9,840
2024-07-16 11:29:43,1415,60,307,39.7,31.9,841
2024-07-16 11:29:44,1415,60,307,39.7,31.9,859
2024-07-16 11:29:45,1415,60,305,39.6,31.7,847
2024-07-16 11:29:46,1415,60,305,39.6,31.7,852
2024-07-16 11:29:47,1402,60,304,39.6,31.6,852
2024-07-16 11:29:48,1402,60,304,39.6,31.7,859
2024-07-16 11:29:49,1402,60,305,39.6,31.7,858
2024-07-16 11:29:50,1402,60,306,39.6,31.8,866
2024-07-16 11:29:51,1402,60,306,39.6,31.8,858
2024-07-16 11:29:52,1407,60,306,39.6,31.8,862
2024-07-16 11:29:53,1407,60,306,39.6,31.8,865
2024-07-16 11:29:54,1407,60,306,39.7,31.8,873
2024-07-16 11:29:55,1407,60,306,39.7,31.8,874
2024-07-16 11:29:56,1407,60,306,39.6,31.8,871
2024-07-16 11:29:57,1410,60,306,39.6,31.8,871
2024-07-16 11:29:58,1410,60,306,39.7,31.9,875
2024-07-16 11:29:59,1410,60,306,39.7,31.9,871
2024-07-16 11:30:00,1410,60,306,39.6,31.8,878
2024-07-16 11:30:01,1410,60,306,39.6,31.8,875
2024-07-16 11:30:02,1410,60,306,39.6,31.8,880
2024-07-16 11:30:03,1410,60,306,39.6,31.8,889
2024-07-16 11:30:04,1410,60,305,39.6,31.8,885
2024-07-16 11:30:05,1410,60,305,39.6,31.7,884
2024-07-16 11:30:06,1410,60,305,39.6,31.8,888
2024-07-16 11:30:07,1405,60,305,39.6,31.8,885
2024-07-16 11:30:08,1405,60,305,39.6,31.7,891
2024-07-16 11:30:09,1405,60,305,39.6,31.8,891
2024-07-16 11:30:10,1405,60,305,39.6,31.8,888
2024-07-16 11:30:11,1405,60,305,39.6,31.7,889
2024-07-16 11:30:12,1405,60,305,39.6,31.8,891
2024-07-16 11:30:13,1405,60,305,39.6,31.7,903
2024-07-16 11:30:14,1405,60,306,39.7,31.8,898
2024-07-16 11:30:15,1405,60,307,39.7,31.9,908
2024-07-16 11:30:16,1405,60,307,39.7,31.9,911
2024-07-16 11:30:17,1413,60,307,39.7,31.9,905
2024-07-16 11:30:18,1413,60,306,39.7,31.9,876
2024-07-16 11:30:19,1413,60,306,39.7,31.8,915
2024-07-16 11:30:20,1413,60,305,39.6,31.7,910
2024-07-16 11:30:21,1413,60,305,39.6,31.7,920
2024-07-16 11:30:22,1405,60,305,39.6,31.8,915
2024-07-16 11:30:23,1405,60,305,39.6,31.7,915
2024-07-16 11:30:24,1405,60,305,39.6,31.8,923
2024-07-16 11:30:25,1405,60,305,39.6,31.7,927
2024-07-16 11:30:26,1405,60,305,39.6,31.8,928
2024-07-16 11:30:27,1406,60,306,39.6,31.8,928
2024-07-16 11:30:28,1406,60,305,39.6,31.7,933
2024-07-16 11:30:29,1406,60,305,39.6,31.8,931
2024-07-16 11:30:30,1406,60,306,39.6,31.8,946
2024-07-16 11:30:31,1406,60,305,39.6,31.7,938
2024-07-16 11:30:32,1409,60,306,39.7,31.8,946
2024-07-16 11:30:33,1409,60,307,39.7,31.9,947
2024-07-16 11:30:34,1409,60,307,39.7,31.9,942
2024-07-16 11:30:35,1409,60,306,39.7,31.9,952
2024-07-16 11:30:36,1409,60,306,39.6,31.7,942
2024-07-16 11:30:37,1405,60,305,39.6,31.7,947
2024-07-16 11:30:38,1405,60,305,39.6,31.7,949
2024-07-16 11:30:39,1405,60,305,39.6,31.8,949
2024-07-16 11:30:40,1405,60,305,39.6,31.7,952
2024-07-16 11:30:41,1405,60,305,39.6,31.8,953
2024-07-16 11:30:42,1406,60,306,39.6,31.8,956
2024-07-16 11:30:43,1406,60,305,39.6,31.7,958
2024-07-16 11:30:44,1406,60,306,39.6,31.8,957
2024-07-16 11:30:45,1406,60,305,39.6,31.8,960
2024-07-16 11:30:46,1406,60,306,39.6,31.8,964
2024-07-16 11:30:47,1415,60,307,39.7,31.9,965
2024-07-16 11:30:48,1415,60,307,39.7,31.9,977
2024-07-16 11:30:49,1415,60,307,39.7,31.9,978
2024-07-16 11:30:50,1415,60,307,39.7,31.9,974
2024-07-16 11:30:51,1415,60,305,39.6,31.8,979
2024-07-16 11:30:52,1406,60,305,39.6,31.7,983
2024-07-16 11:30:53,1406,60,304,39.6,31.7,990
2024-07-16 11:30:54,1406,60,304,39.6,31.6,978
2024-07-16 11:30:55,1406,60,305,39.6,31.7,984
2024-07-16 11:30:56,1406,60,306,39.7,31.8,996
2024-07-16 11:30:57,1411,60,307,39.7,31.9,996
2024-07-16 11:30:58,1411,60,307,39.7,31.9,993
2024-07-16 11:30:59,1411,60,307,39.7,31.9,990
2024-07-16 11:31:00,1411,60,306,39.7,31.8,994
2024-07-16 11:31:01,1411,60,305,39.6,31.7,1003
2024-07-16 11:31:02,1401,60,304,39.6,31.6,1007
2024-07-16 11:31:03,1401,60,304,39.6,31.6,1020
2024-07-16 11:31:04,1401,60,305,39.6,31.7,1031
2024-07-16 11:31:05,1401,60,305,39.6,31.7,1074
2024-07-16 11:31:06,1401,60,306,39.7,31.9,1086
2024-07-16 11:31:07,1413,60,307,39.7,31.9,1083
2024-07-16 11:31:08,1413,60,307,39.7,31.9,1102
2024-07-16 11:31:09,1413,60,307,39.7,31.9,1086
2024-07-16 11:31:10,1413,60,307,39.7,31.9,1098
2024-07-16 11:31:11,1413,60,305,39.6,31.8,1108
2024-07-16 11:31:12,1406,60,305,39.6,31.7,1144
2024-07-16 11:31:13,1406,60,305,39.6,31.7,1149
2024-07-16 11:31:14,1406,60,305,39.6,31.7,1193
2024-07-16 11:31:15,1406,60,305,39.6,31.7,1246
2024-07-16 11:31:16,1406,60,305,39.6,31.7,1262
2024-07-16 11:31:17,1405,60,305,39.6,31.7,1261
2024-07-16 11:31:18,1405,60,306,39.7,31.9,1210
2024-07-16 11:31:19,1405,60,307,39.7,31.9,1109
2024-07-16 11:31:20,1405,60,307,39.7,31.9,1108
2024-07-16 11:31:21,1405,60,307,39.7,31.9,1094
2024-07-16 11:31:22,1413,60,307,39.7,31.9,1065
2024-07-16 11:31:23,1413,60,306,39.6,31.8,1048
2024-07-16 11:31:24,1413,60,305,39.6,31.7,1051
2024-07-16 11:31:25,1413,60,305,39.6,31.7,1065
2024-07-16 11:31:26,1413,60,305,39.6,31.7,1075
2024-07-16 11:31:27,1406,60,305,39.6,31.8,1070
2024-07-16 11:31:28,1406,60,305,39.6,31.7,1083
2024-07-16 11:31:29,1406,60,305,39.6,31.7,1137
2024-07-16 11:31:30,1406,60,305,39.6,31.7,1257
2024-07-16 11:31:31,1406,60,307,39.7,31.9,1364
2024-07-16 11:31:32,1413,60,307,39.7,31.9,1436
2024-07-16 11:31:33,1413,60,307,39.7,31.9,1442
2024-07-16 11:31:34,1413,60,307,39.7,31.9,1399
2024-07-16 11:31:35,1413,60,306,39.7,31.8,1245
2024-07-16 11:31:36,1413,60,306,39.6,31.8,1148
2024-07-16 11:31:37,1404,60,305,39.6,31.7,1094
2024-07-16 11:31:38,1404,60,305,39.6,31.7,1056
2024-07-16 11:31:39,1404,60,305,39.6,31.7,1047
2024-07-16 11:31:40,1404,60,305,39.6,31.7,1044
2024-07-16 11:31:41,1404,60,305,39.6,31.7,1042
2024-07-16 11:31:42,1412,60,307,39.7,31.9,1042
2024-07-16 11:31:43,1412,60,307,39.7,31.9,1073
2024-07-16 11:31:44,1412,60,307,39.7,31.9,1051
2024-07-16 11:31:45,1412,60,307,39.7,31.9,1032
2024-07-16 11:31:46,1412,60,307,39.7,31.9,1034
2024-07-16 11:31:47,1412,60,306,39.7,31.9,1040
2024-07-16 11:31:48,1412,60,306,39.7,31.8,1071
2024-07-16 11:31:49,1412,60,305,39.6,31.7,1126
2024-07-16 11:31:50,1412,60,305,39.6,31.7,1291
2024-07-16 11:31:51,1412,60,305,39.6,31.7,1414
2024-07-16 11:31:52,1405,60,305,39.6,31.7,1509
2024-07-16 11:31:53,1405,62,305,39.6,31.7,1431
2024-07-16 11:31:54,1405,60,305,39.6,31.7,1379
2024-07-16 11:31:55,1405,60,307,39.7,31.9,1421
2024-07-16 11:31:56,1405,60,307,39.7,31.9,1435
2024-07-16 11:31:57,1412,60,307,39.7,31.9,1408
2024-07-16 11:31:58,1412,60,307,39.7,31.9,1391
2024-07-16 11:31:59,1412,60,307,39.7,31.9,1394
2024-07-16 11:32:00,1412,60,307,39.7,31.9,1287
2024-07-16 11:32:01,1412,60,306,39.7,31.9,1366
2024-07-16 11:32:02,1410,60,305,39.6,31.7,1420
2024-07-16 11:32:03,1410,60,305,39.6,31.7,1432
2024-07-16 11:32:04,1410,60,305,39.6,31.7,1440
2024-07-16 11:32:05,1410,60,305,39.6,31.7,1449
2024-07-16 11:32:06,1410,60,305,39.6,31.7,1447
2024-07-16 11:32:07,1404,60,305,39.6,31.7,1450
2024-07-16 11:32:08,1404,60,305,39.6,31.7,1463
2024-07-16 11:32:09,1404,61,306,39.7,31.8,1471
2024-07-16 11:32:10,1404,61,307,39.7,31.9,1480
2024-07-16 11:32:11,1404,61,307,39.7,31.8,1478
2024-07-16 11:32:12,1414,61,309,39.7,32.1,1485
2024-07-16 11:32:13,1414,61,310,39.7,32.2,1490
2024-07-16 11:32:14,1414,62,310,39.7,32.2,1497
2024-07-16 11:32:15,1414,62,310,39.7,32.3,1503
2024-07-16 11:32:16,1414,62,311,39.7,32.3,1508
2024-07-16 11:32:17,1443,62,315,39.8,32.7,1511
2024-07-16 11:32:18,1443,63,316,39.8,32.8,1508
2024-07-16 11:32:19,1443,62,316,39.8,32.8,1527
2024-07-16 11:32:20,1443,63,315,39.8,32.8,1530
2024-07-16 11:32:21,1443,63,315,39.8,32.8,1535
2024-07-16 11:32:22,1454,64,315,39.8,32.8,1546
2024-07-16 11:32:23,1454,64,315,39.8,32.8,1566
2024-07-16 11:32:24,1454,65,323,39.9,33.5,1585
2024-07-16 11:32:25,1454,66,325,39.9,33.8,1605
2024-07-16 11:32:26,1454,66,326,39.9,33.8,1607
2024-07-16 11:32:27,1503,67,325,39.9,33.8,1582
2024-07-16 11:32:28,1503,66,327,39.9,34.0,1538
2024-07-16 11:32:29,1503,64,330,40.0,34.3,1504
2024-07-16 11:32:30,1503,62,332,40.0,34.5,1504
2024-07-16 11:32:31,1503,62,331,39.9,34.5,1506
2024-07-16 11:32:32,1435,62,312,39.8,32.4,1555
2024-07-16 11:32:33,1435,64,305,39.7,31.9,1601
2024-07-16 11:32:34,1435,66,315,39.8,32.7,1654
2024-07-16 11:32:35,1435,69,320,39.8,33.3,1693
2024-07-16 11:32:36,1435,70,320,39.8,33.3,1727
2024-07-16 11:32:37,1476,72,320,39.8,33.3,1729
2024-07-16 11:32:38,1476,72,320,39.8,33.2,1739
2024-07-16 11:32:39,1476,72,324,39.9,33.7,1755
2024-07-16 11:32:40,1476,73,328,39.9,34.1,1766
2024-07-16 11:32:41,1476,73,331,40.0,34.5,1598
2024-07-16 11:32:42,1532,66,331,40.0,34.4,1242
2024-07-16 11:32:43,1532,60,331,40.0,34.5,1164
2024-07-16 11:32:44,1532,60,332,39.9,34.0,1057
2024-07-16 11:32:45,1532,60,315,39.8,32.8,1081
2024-07-16 11:32:46,1532,60,306,39.6,31.8,1506
2024-07-16 11:32:47,1409,62,306,39.7,31.8,1466
2024-07-16 11:32:48,1409,61,307,39.6,31.9,1320
2024-07-16 11:32:49,1409,60,307,39.6,31.9,1164
2024-07-16 11:32:50,1409,60,310,39.7,32.2,1107
2024-07-16 11:32:51,1409,60,310,39.7,32.3,1022
2024-07-16 11:32:52,1427,60,307,39.7,31.9,1016
2024-07-16 11:32:53,1427,60,307,39.6,31.9,1022
2024-07-16 11:32:54,1427,60,307,39.6,31.9,1033
2024-07-16 11:32:55,1427,60,307,39.6,31.9,1038
2024-07-16 11:32:56,1427,60,307,39.7,31.9,1051
2024-07-16 11:32:57,1412,60,306,39.6,31.9,1058
2024-07-16 11:32:58,1412,60,306,39.6,31.9,1073
2024-07-16 11:32:59,1412,60,306,39.6,31.9,1099
2024-07-16 11:33:00,1412,60,307,39.6,31.9,1409
2024-07-16 11:33:01,1412,60,307,39.6,31.9,1916
2024-07-16 11:33:02,1412,79,307,39.6,31.9,2022
2024-07-16 11:33:03,1412,84,307,39.7,31.9,2015
2024-07-16 11:33:04,1412,84,307,39.6,31.9,2055
2024-07-16 11:33:05,1412,85,307,39.7,31.9,2086
2024-07-16 11:33:06,1412,87,314,39.7,32.6,2095
2024-07-16 11:33:07,1457,87,317,39.8,32.9,2074
2024-07-16 11:33:08,1457,86,317,39.8,32.9,2006
2024-07-16 11:33:09,1457,83,317,39.8,32.9,1938
2024-07-16 11:33:10,1457,80,320,39.8,33.3,2026
2024-07-16 11:33:11,1457,84,322,39.9,33.5,2068
2024-07-16 11:33:12,1490,86,323,39.9,33.6,2052
2024-07-16 11:33:13,1490,85,325,39.9,34.1,1735
2024-07-16 11:33:14,1490,72,331,40.0,34.5,1510
2024-07-16 11:33:15,1490,63,333,40.0,34.5,1373
2024-07-16 11:33:16,1490,60,330,40.0,34.4,1178
2024-07-16 11:33:17,1492,60,317,39.8,32.9,1135
2024-07-16 11:33:18,1492,60,309,39.7,32.1,1150
2024-07-16 11:33:19,1492,60,304,39.6,31.7,1150
2024-07-16 11:33:20,1492,60,305,39.6,31.8,1218
2024-07-16 11:33:21,1492,60,308,39.7,32.0,1319
2024-07-16 11:33:22,1417,60,308,39.7,32.0,1604
2024-07-16 11:33:23,1417,66,308,39.7,32.0,1547
2024-07-16 11:33:24,1417,64,308,39.7,32.0,1769
2024-07-16 11:33:25,1417,73,308,39.7,32.0,1787
2024-07-16 11:33:26,1417,74,309,39.7,32.1,1954
2024-07-16 11:33:27,1436,81,311,39.7,32.4,1901
2024-07-16 11:33:28,1436,79,314,39.8,32.7,1796
2024-07-16 11:33:29,1436,74,316,39.8,32.8,2001
2024-07-16 11:33:30,1436,83,320,39.8,33.3,2036
2024-07-16 11:33:31,1436,84,321,39.8,33.4,2028
2024-07-16 11:33:32,1481,84,323,39.9,33.6,1915
2024-07-16 11:33:33,1481,79,324,39.9,33.7,2004
2024-07-16 11:33:34,1481,83,328,39.9,34.1,2049
2024-07-16 11:33:35,1481,85,328,39.9,34.2,2053
2024-07-16 11:33:36,1481,85,330,40.0,34.4,2075
2024-07-16 11:33:37,1527,86,333,40.0,34.6,2105
2024-07-16 11:33:38,1527,87,335,40.0,34.9,2128
2024-07-16 11:33:39,1527,88,340,40.1,35.3,2163
2024-07-16 11:33:40,1527,90,340,40.1,35.3,2191
2024-07-16 11:33:41,1527,91,341,40.1,35.5,2222
2024-07-16 11:33:42,1579,92,343,40.2,35.6,2250
2024-07-16 11:33:43,1579,93,346,40.2,36.0,2282
2024-07-16 11:33:44,1579,95,347,40.2,36.0,2274
2024-07-16 11:33:45,1579,94,349,40.2,36.3,2323
2024-07-16 11:33:46,1579,96,351,40.3,36.7,2349
2024-07-16 11:33:47,1639,97,356,40.3,37.0,2374
2024-07-16 11:33:48,1639,99,358,40.3,37.2,2401
2024-07-16 11:33:49,1639,100,358,40.3,37.2,2409
2024-07-16 11:33:50,1639,100,361,40.4,37.5,2407
2024-07-16 11:33:51,1639,100,363,40.4,37.8,2427
2024-07-16 11:33:52,1691,100,364,40.4,37.9,2428
2024-07-16 11:33:53,1691,100,366,40.4,38.1,2444
2024-07-16 11:33:54,1691,100,368,40.5,38.3,2443
2024-07-16 11:33:55,1691,100,370,40.5,38.9,2450
2024-07-16 11:33:56,1691,100,377,40.6,39.2,2462
2024-07-16 11:33:57,1759,100,377,40.6,39.2,2457
2024-07-16 11:33:58,1759,100,377,40.6,39.2,2462
2024-07-16 11:33:59,1759,100,380,40.6,39.5,2456
2024-07-16 11:34:00,1759,100,383,40.6,39.8,2466
2024-07-16 11:34:01,1759,100,384,40.7,40.0,2464
2024-07-16 11:34:02,1799,100,386,40.7,40.1,2464
2024-07-16 11:34:03,1799,100,389,40.7,40.5,2289
2024-07-16 11:34:04,1799,95,392,40.8,40.8,1985
2024-07-16 11:34:05,1799,82,395,40.8,41.1,1644
2024-07-16 11:34:06,1799,68,396,40.8,41.2,1453
2024-07-16 11:34:07,1854,60,397,40.8,41.3,1453
2024-07-16 11:34:08,1854,60,390,40.4,37.7,1369
2024-07-16 11:34:09,1854,60,328,39.9,34.2,1410
2024-07-16 11:34:10,1854,60,309,39.7,32.1,1389
2024-07-16 11:34:11,1854,60,311,39.7,32.3,1384
2024-07-16 11:34:12,1444,60,314,39.7,32.7,1364
2024-07-16 11:34:13,1444,60,313,39.7,32.6,1373
2024-07-16 11:34:14,1444,60,310,39.6,32.2,1375
2024-07-16 11:34:15,1444,60,309,39.6,32.1,1396
2024-07-16 11:34:16,1444,60,309,39.6,32.2,1401
2024-07-16 11:34:17,1422,60,309,39.6,32.1,1434
2024-07-16 11:34:18,1422,60,309,39.6,32.1,1469
2024-07-16 11:34:19,1422,61,310,39.6,32.3,1520
2024-07-16 11:34:20,1422,63,310,39.6,32.3,1607
2024-07-16 11:34:21,1422,67,311,39.7,32.3,1670
2024-07-16 11:34:22,1440,69,312,39.7,32.5,1830
2024-07-16 11:34:23,1440,76,316,39.7,32.9,1881
2024-07-16 11:34:24,1440,78,317,39.7,32.9,1835
2024-07-16 11:34:25,1440,76,318,39.8,33.1,1937
2024-07-16 11:34:26,1440,80,320,39.8,33.3,1969
2024-07-16 11:34:27,1477,82,322,39.8,33.5,2176
2024-07-16 11:34:28,1477,90,325,39.9,34,2361
2024-07-16 11:34:29,1477,98,328,39.9,34.2,2372
2024-07-16 11:34:30,1477,98,329,39.9,34.2,2501
2024-07-16 11:34:31,1477,100,331,39.9,34.4,2537
2024-07-16 11:34:32,1528,100,334,40.0,34.7,2541
2024-07-16 11:34:33,1528,100,335,40.0,34.8,2518
2024-07-16 11:34:34,1528,100,338,40.0,35.1,2521
2024-07-16 11:34:35,1528,100,338,40.1,35.1,2557
2024-07-16 11:34:36,1528,100,341,40.1,35.5,2582
2024-07-16 11:34:37,1581,100,343,40.1,35.7,2612
2024-07-16 11:34:38,1581,100,346,40.1,36.0,2575
2024-07-16 11:34:39,1581,100,347,40.2,36.2,2551
2024-07-16 11:34:40,1581,100,350,40.2,36.3,2491
2024-07-16 11:34:41,1581,100,352,40.2,36.6,2250
2024-07-16 11:34:42,1632,93,354,40.2,36.8,2221
2024-07-16 11:34:43,1632,92,357,40.3,37.1,2137
2024-07-16 11:34:44,1632,89,357,40.3,37.2,2210
2024-07-16 11:34:45,1632,92,360,40.3,37.4,2552
2024-07-16 11:34:46,1632,100,363,40.3,37.7,2452
2024-07-16 11:34:47,1700,100,366,40.4,38.1,2465
2024-07-16 11:34:48,1700,100,367,40.4,38.1,2147
2024-07-16 11:34:49,1700,89,369,40.4,38.3,2185
2024-07-16 11:34:50,1700,91,370,40.5,38.6,2379
2024-07-16 11:34:51,1700,99,373,40.5,38.8,2379
2024-07-16 11:34:52,1739,99,375,40.5,39.0,2266
2024-07-16 11:34:53,1739,94,377,40.5,39.2,1947
2024-07-16 11:34:54,1739,81,381,40.6,39.7,1695
2024-07-16 11:34:55,1739,70,381,40.6,39.7,1691
2024-07-16 11:34:56,1739,70,384,40.6,39.9,1702
2024-07-16 11:34:57,1762,71,375,40.3,39.0,1727
2024-07-16 11:34:58,1762,72,349,40.2,36.3,1791
2024-07-16 11:34:59,1762,74,351,40.2,36.5,2002
2024-07-16 11:35:00,1762,83,358,40.3,37.2,2087
2024-07-16 11:35:01,1762,87,359,40.3,37.4,1946
2024-07-16 11:35:02,1680,81,362,40.3,37.6,1761
2024-07-16 11:35:03,1680,73,367,40.4,38.1,1818
2024-07-16 11:35:04,1680,75,367,40.4,38.2,1918
2024-07-16 11:35:05,1680,80,368,40.4,38.2,1982
2024-07-16 11:35:06,1680,82,369,40.4,38.4,2235
2024-07-16 11:35:07,1721,93,370,40.4,38.5,2187
2024-07-16 11:35:08,1721,91,373,40.4,38.7,2097
2024-07-16 11:35:09,1721,87,376,40.5,39.1,2238
2024-07-16 11:35:10,1721,93,376,40.5,39.1,2312
2024-07-16 11:35:11,1721,96,380,40.5,39.5,2364
2024-07-16 11:35:12,1794,98,385,40.6,40.0,2435
2024-07-16 11:35:13,1794,100,386,40.6,40.1,2498
2024-07-16 11:35:14,1794,100,386,40.6,40.1,2479
2024-07-16 11:35:15,1794,100,387,40.6,40.3,2413
2024-07-16 11:35:16,1794,100,391,40.7,40.7,2122
2024-07-16 11:35:17,1832,88,393,40.7,40.8,1956
2024-07-16 11:35:18,1832,81,394,40.7,41.0,1931
2024-07-16 11:35:19,1832,80,397,40.8,41.3,1843
2024-07-16 11:35:20,1832,76,402,40.8,41.8,1919
2024-07-16 11:35:21,1832,80,402,40.8,41.4,2220
2024-07-16 11:35:22,1878,92,389,40.7,40.5,2295
2024-07-16 11:35:23,1878,95,379,40.5,39.4,2354
2024-07-16 11:35:24,1878,98,383,40.6,39.8,2396
2024-07-16 11:35:25,1878,99,390,40.7,40.6,2442
2024-07-16 11:35:26,1878,100,390,40.7,40.5,2512
2024-07-16 11:35:27,1817,100,390,40.7,40.6,2552
2024-07-16 11:35:28,1817,100,393,40.7,40.8,2581
2024-07-16 11:35:29,1817,100,400,40.8,41.6,2611
2024-07-16 11:35:30,1817,100,401,40.8,41.7,2640
2024-07-16 11:35:31,1817,100,401,40.8,41.7,2656
2024-07-16 11:35:32,1872,100,402,40.8,41.8,2629
2024-07-16 11:35:33,1872,100,405,40.8,42.1,2526
2024-07-16 11:35:34,1872,100,407,40.9,42.4,2323
2024-07-16 11:35:35,1872,96,409,40.9,42.5,2388
2024-07-16 11:35:36,1872,99,414,40.9,43.1,2502
2024-07-16 11:35:37,1946,100,416,41.0,43.3,2517
2024-07-16 11:35:38,1946,100,417,41.0,43.4,2629
2024-07-16 11:35:39,1946,100,417,41.0,43.3,2629
2024-07-16 11:35:40,1946,100,421,41.0,43.8,2695
2024-07-16 11:35:41,1946,100,422,41.1,44.1,2700
2024-07-16 11:35:42,1989,100,425,41.1,44.2,2705
2024-07-16 11:35:43,1989,100,427,41.1,44.4,2704
2024-07-16 11:35:44,1989,100,429,41.1,44.6,2683
2024-07-16 11:35:45,1989,100,434,41.2,45.1,2631
2024-07-16 11:35:46,1989,100,434,41.2,45.2,2513
2024-07-16 11:35:47,2050,100,438,41.2,45.5,2538
2024-07-16 11:35:48,2050,100,438,41.2,45.6,2620
2024-07-16 11:35:49,2050,100,440,41.2,45.8,2626
2024-07-16 11:35:50,2050,100,442,41.3,46.2,2645
2024-07-16 11:35:51,2050,100,445,41.3,46.3,2611
2024-07-16 11:35:52,2104,100,446,41.3,46.5,2598
2024-07-16 11:35:53,2104,100,451,41.4,46.9,2572
2024-07-16 11:35:54,2104,100,455,41.4,47.3,2559
2024-07-16 11:35:55,2104,100,455,41.4,47.3,2552
2024-07-16 11:35:56,2104,100,456,41.4,47.4,2570
2024-07-16 11:35:57,2161,100,458,41.4,47.6,2545
2024-07-16 11:35:58,2161,100,462,41.5,48.1,2561
2024-07-16 11:35:59,2161,100,463,41.5,48.1,2546
2024-07-16 11:36:00,2161,100,465,41.5,48.4,2126
2024-07-16 11:36:01,2161,88,469,41.6,49.0,1440
2024-07-16 11:36:02,2238,60,472,41.6,49.0,1395
2024-07-16 11:36:03,2238,60,438,41.2,45.6,1397
2024-07-16 11:36:04,2238,60,404,40.8,42.0,1383
2024-07-16 11:36:05,2238,60,331,39.9,34.4,1377
2024-07-16 11:36:06,2238,60,317,39.7,33.0,1377
2024-07-16 11:36:07,1472,60,321,39.7,33.3,1370
2024-07-16 11:36:08,1472,60,321,39.7,33.4,1363
2024-07-16 11:36:09,1472,60,320,39.6,33.2,1363
2024-07-16 11:36:10,1472,60,318,39.6,33.1,1364
2024-07-16 11:36:11,1472,60,317,39.6,32.9,1367
2024-07-16 11:36:12,1454,60,317,39.6,32.9,1372
2024-07-16 11:36:13,1454,60,317,39.6,33.0,1376
2024-07-16 11:36:14,1454,60,316,39.6,32.9,1382
2024-07-16 11:36:15,1454,60,316,39.6,32.9,1396
2024-07-16 11:36:16,1454,60,317,39.6,33.0,1427
2024-07-16 11:36:17,1453,60,318,39.6,33.0,1456
2024-07-16 11:36:18,1453,60,317,39.6,33.0,1505
2024-07-16 11:36:19,1453,62,317,39.6,33.0,1568
2024-07-16 11:36:20,1453,65,317,39.6,33.0,1646
2024-07-16 11:36:21,1453,68,317,39.6,32.9,1784
2024-07-16 11:36:22,1455,74,317,39.6,33.0,1819
2024-07-16 11:36:23,1455,75,319,39.7,33.3,1883
2024-07-16 11:36:24,1455,78,323,39.7,33.6,2153
2024-07-16 11:36:25,1455,89,325,39.7,33.7,2153
2024-07-16 11:36:26,1455,89,326,39.7,33.9,2488
2024-07-16 11:36:27,1510,100,331,39.8,34.4,2484
2024-07-16 11:36:28,1510,100,333,39.8,34.6,2177
2024-07-16 11:36:29,1510,90,333,39.8,34.6,2444
2024-07-16 11:36:30,1510,100,333,39.9,34.8,2364
2024-07-16 11:36:31,1510,98,337,39.9,35.0,2253
2024-07-16 11:36:32,1555,93,338,39.9,35.2,1888
2024-07-16 11:36:33,1555,78,339,39.9,35.3,1510
2024-07-16 11:36:34,1555,63,345,40.0,35.8,1419
2024-07-16 11:36:35,1555,60,347,40.0,36.1,1397
2024-07-16 11:36:36,1555,60,327,39.8,34.1,1343
2024-07-16 11:36:37,1482,60,312,39.6,32.4,1309
2024-07-16 11:36:38,1482,60,310,39.6,32.2,1298
2024-07-16 11:36:39,1482,60,315,39.6,32.7,1294
2024-07-16 11:36:40,1482,60,317,39.6,32.9,1251
2024-07-16 11:36:41,1482,60,316,39.6,32.8,1232
2024-07-16 11:36:42,1447,60,315,39.6,32.7,1233
2024-07-16 11:36:43,1447,60,314,39.6,32.5,1225
2024-07-16 11:36:44,1447,60,313,39.6,32.5,1211
2024-07-16 11:36:45,1447,60,313,39.6,32.5,1200
2024-07-16 11:36:46,1447,60,313,39.6,32.5,1183
2024-07-16 11:36:47,1436,60,313,39.6,32.5,1179
2024-07-16 11:36:48,1436,60,313,39.6,32.5,1174
2024-07-16 11:36:49,1436,60,313,39.6,32.5,1165
2024-07-16 11:36:50,1436,60,313,39.6,32.5,1156
2024-07-16 11:36:51,1436,60,314,39.6,32.7,1143
2024-07-16 11:36:52,1444,60,314,39.6,32.7,1138
2024-07-16 11:36:53,1444,60,314,39.6,32.7,1126
2024-07-16 11:36:54,1444,60,314,39.6,32.7,1124
2024-07-16 11:36:55,1444,60,313,39.6,32.5,1107
2024-07-16 11:36:56,1444,60,312,39.6,32.4,1113
2024-07-16 11:36:57,1432,60,312,39.6,32.4,1125
2024-07-16 11:36:58,1432,60,312,39.6,32.4,1126
2024-07-16 11:36:59,1432,60,312,39.6,32.4,1137
2024-07-16 11:37:00,1432,60,311,39.6,32.4,1164
2024-07-16 11:37:01,1432,60,311,39.6,32.4,1216
2024-07-16 11:37:02,1431,60,311,39.6,32.4,1271
2024-07-16 11:37:03,1431,60,312,39.6,32.4,1306
2024-07-16 11:37:04,1431,60,312,39.6,32.5,1219
2024-07-16 11:37:05,1431,60,312,39.6,32.5,1241
2024-07-16 11:37:06,1431,60,312,39.6,32.5,1277
2024-07-16 11:37:07,1434,60,312,39.6,32.5,1254
2024-07-16 11:37:08,1434,60,312,39.6,32.5,1179
2024-07-16 11:37:09,1434,60,312,39.6,32.5,1151
2024-07-16 11:37:10,1434,60,312,39.6,32.5,1174
2024-07-16 11:37:11,1434,60,311,39.6,32.3,1276
2024-07-16 11:37:12,1429,60,311,39.6,32.3,1276
2024-07-16 11:37:13,1429,60,311,39.6,32.3,1371
2024-07-16 11:37:14,1429,60,311,39.6,32.3,1304
2024-07-16 11:37:15,1429,60,311,39.6,32.3,1173
2024-07-16 11:37:16,1429,60,310,39.6,32.3,1117
2024-07-16 11:37:17,1427,60,310,39.6,32.3,1103
2024-07-16 11:37:18,1427,60,310,39.6,32.3,1086
2024-07-16 11:37:19,1427,60,311,39.6,32.3,1119
2024-07-16 11:37:20,1427,60,310,39.6,32.2,1101
2024-07-16 11:37:21,1427,60,310,39.6,32.3,1086
2024-07-16 11:37:22,1426,60,310,39.6,32.3,1069
2024-07-16 11:37:23,1426,60,310,39.6,32.2,1059
2024-07-16 11:37:24,1426,60,310,39.6,32.2,1055
2024-07-16 11:37:25,1426,60,310,39.6,32.3,1045
2024-07-16 11:37:26,1426,60,310,39.6,32.3,1031
2024-07-16 11:37:27,1424,60,310,39.6,32.2,1027
2024-07-16 11:37:28,1424,60,310,39.6,32.2,1031
2024-07-16 11:37:29,1424,60,311,39.6,32.3,1032
2024-07-16 11:37:30,1424,60,311,39.6,32.3,1018
2024-07-16 11:37:31,1424,60,311,39.6,32.3,1014
2024-07-16 11:37:32,1428,60,311,39.6,32.3,1014
2024-07-16 11:37:33,1428,60,310,39.6,32.3,1010
2024-07-16 11:37:34,1428,60,311,39.6,32.3,1012
2024-07-16 11:37:35,1428,60,309,39.6,32.2,1014
2024-07-16 11:37:36,1428,60,309,39.6,32.1,1011
2024-07-16 11:37:37,1422,60,309,39.6,32.2,1013
2024-07-16 11:37:38,1422,60,309,39.6,32.2,1013
2024-07-16 11:37:39,1422,60,309,39.6,32.2,1006
2024-07-16 11:37:40,1422,60,309,39.6,32.2,1010
2024-07-16 11:37:41,1422,60,309,39.6,32.1,1009
2024-07-16 11:37:42,1421,60,309,39.6,32.1,1011
2024-07-16 11:37:43,1421,60,309,39.6,32.1,1008
2024-07-16 11:37:44,1421,60,309,39.6,32.2,1010
2024-07-16 11:37:45,1421,60,309,39.6,32.1,1009
2024-07-16 11:37:46,1421,60,309,39.6,32.1,1010
2024-07-16 11:37:47,1419,60,309,39.6,32.1,1008
2024-07-16 11:37:48,1419,60,309,39.6,32.1,1013
2024-07-16 11:37:49,1419,60,309,39.6,32.1,1012
2024-07-16 11:37:50,1419,60,309,39.6,32.1,1007
2024-07-16 11:37:51,1419,60,309,39.6,32.1,1013
2024-07-16 11:37:52,1418,60,309,39.6,32.1,1015
2024-07-16 11:37:53,1418,60,309,39.6,32.1,1016
2024-07-16 11:37:54,1418,60,309,39.6,32.1,1018
2024-07-16 11:37:55,1418,60,309,39.6,32.1,1019
2024-07-16 11:37:56,1418,60,309,39.6,32.1,1018
2024-07-16 11:37:57,1417,60,308,39.6,32.0,1018
2024-07-16 11:37:58,1417,60,308,39.6,32.0,1015
2024-07-16 11:37:59,1417,60,308,39.6,32.1,1018
2024-07-16 11:38:00,1417,60,308,39.6,32.1,1016
2024-07-16 11:38:01,1417,60,308,39.6,32.1,1018
2024-07-16 11:38:02,1417,60,308,39.6,32.0,1028
2024-07-16 11:38:03,1417,60,308,39.6,32.1,1023
2024-07-16 11:38:04,1417,60,308,39.6,32.1,1022
2024-07-16 11:38:05,1417,60,308,39.6,32.0,1019
2024-07-16 11:38:06,1417,60,308,39.6,32.1,1004
2024-07-16 11:38:07,1416,60,308,39.6,32.0,1013
2024-07-16 11:38:08,1416,60,308,39.6,32.0,1017
2024-07-16 11:38:09,1416,60,308,39.6,32.0,1014
2024-07-16 11:38:10,1416,60,308,39.6,32.0,1020
2024-07-16 11:38:11,1416,60,308,39.6,32.0,1022
2024-07-16 11:38:12,1415,60,308,39.6,32.0,1024
2024-07-16 11:38:13,1415,60,309,39.6,32.1,1022
2024-07-16 11:38:14,1415,60,309,39.6,32.1,1024
2024-07-16 11:38:15,1415,60,309,39.6,32.1,1029
2024-07-16 11:38:16,1415,60,308,39.6,32.1,1035
2024-07-16 11:38:17,1418,60,308,39.6,32.1,1038
2024-07-16 11:38:18,1418,60,309,39.6,32.1,1034
2024-07-16 11:38:19,1418,60,308,39.6,32.0,1035
2024-07-16 11:38:20,1418,60,308,39.6,32.0,1040
2024-07-16 11:38:21,1418,60,307,39.6,32.0,1041
2024-07-16 11:38:22,1413,60,307,39.6,31.9,1041
2024-07-16 11:38:23,1413,60,307,39.6,32.0,1045
2024-07-16 11:38:24,1413,60,307,39.6,32.0,1030
2024-07-16 11:38:25,1413,60,307,39.6,31.9,1042
2024-07-16 11:38:26,1413,60,307,39.6,31.9,1049
2024-07-16 11:38:27,1412,60,307,39.6,31.9,1051
2024-07-16 11:38:28,1412,60,307,39.6,31.9,1051
2024-07-16 11:38:29,1412,60,307,39.6,31.9,1053
2024-07-16 11:38:30,1412,60,307,39.6,31.9,1059
2024-07-16 11:38:31,1412,60,307,39.6,31.9,1059
2024-07-16 11:38:32,1411,60,307,39.6,31.9,1064
2024-07-16 11:38:33,1411,60,308,39.6,32.0,1070
2024-07-16 11:38:34,1411,60,308,39.6,32.1,1073
2024-07-16 11:38:35,1411,60,308,39.6,32.0,1073
2024-07-16 11:38:36,1411,60,308,39.6,32.0,1087
2024-07-16 11:38:37,1415,60,308,39.6,32.0,1090
2024-07-16 11:38:38,1415,60,308,39.6,32.0,1098
2024-07-16 11:38:39,1415,60,308,39.6,32.0,1107
2024-07-16 11:38:40,1415,60,308,39.6,32.0,1118
2024-07-16 11:38:41,1415,60,308,39.6,32.0,1130
2024-07-16 11:38:42,1413,60,307,39.6,32.0,1142
2024-07-16 11:38:43,1413,60,307,39.6,31.9,1171
2024-07-16 11:38:44,1413,60,307,39.6,31.9,1201
2024-07-16 11:38:45,1413,60,306,39.6,31.9,1257
2024-07-16 11:38:46,1413,60,306,39.6,31.9,1257
2024-07-16 11:38:47,1409,60,306,39.6,31.9,1324
2024-07-16 11:38:48,1409,60,306,39.6,31.8,1435
2024-07-16 11:38:49,1409,60,306,39.6,31.9,1360
2024-07-16 11:38:50,1409,60,306,39.6,31.9,1266
2024-07-16 11:38:51,1409,60,307,39.6,32.0,1237
2024-07-16 11:38:52,1413,60,307,39.6,32.0,1235
2024-07-16 11:38:53,1413,60,307,39.6,31.9,1236
2024-07-16 11:38:54,1413,60,307,39.6,32.0,1245
2024-07-16 11:38:55,1413,60,307,39.6,31.9,1249
2024-07-16 11:38:56,1413,60,307,39.6,31.9,
2024-07-16 11:38:57,1412,60,307,39.6,31.9,1287
2024-07-16 11:38:58,1412,60,307,39.6,31.9,1355
2024-07-16 11:38:59,1412,60,307,39.6,31.9,1528
2024-07-16 11:39:00,1412,63,307,39.6,31.9,1679
2024-07-16 11:39:01,1412,70,307,39.6,31.9,1740
2024-07-16 11:39:02,1412,72,307,39.6,31.9,1868
2024-07-16 11:39:03,1412,77,308,39.6,32.0,2155
2024-07-16 11:39:04,1412,89,312,39.7,32.4,1990
2024-07-16 11:39:05,1412,83,314,39.7,32.6,2055
2024-07-16 11:39:06,1412,85,317,39.7,33.0,2325
2024-07-16 11:39:07,1464,96,319,39.8,33.1,2408
2024-07-16 11:39:08,1464,100,321,39.8,33.4,2375
2024-07-16 11:39:09,1464,99,322,39.8,33.6,2033
2024-07-16 11:39:10,1464,84,324,39.8,33.7,1966
2024-07-16 11:39:11,1464,82,327,39.9,34.0,1623
2024-07-16 11:39:12,1507,67,327,39.9,34.0,1449
2024-07-16 11:39:13,1507,60,331,39.9,34.4,1461
2024-07-16 11:39:14,1507,60,333,40.0,34.6,1660
2024-07-16 11:39:15,1507,69,316,39.8,32.9,1839
2024-07-16 11:39:16,1507,76,300,39.5,31.2,2080
2024-07-16 11:39:17,1364,86,303,39.6,31.5,1704
2024-07-16 11:39:18,1364,71,311,39.7,32.6,1867
2024-07-16 11:39:19,1364,77,313,39.7,32.6,1312
2024-07-16 11:39:20,1364,60,314,39.7,32.6,1169
2024-07-16 11:39:21,1364,60,314,39.7,32.7,1118
2024-07-16 11:39:22,1449,60,312,39.7,32.4,1115
2024-07-16 11:39:23,1449,60,306,39.6,31.8,1099
2024-07-16 11:39:24,1449,60,303,39.5,31.5,1095
2024-07-16 11:39:25,1449,60,304,39.6,31.6,1046
2024-07-16 11:39:26,1449,60,307,39.6,31.9,1012
2024-07-16 11:39:27,1412,60,307,39.6,31.9,1007
2024-07-16 11:39:28,1412,60,308,39.6,32.0,996
2024-07-16 11:39:29,1412,60,308,39.6,32.0,993
2024-07-16 11:39:30,1412,60,308,39.6,32.0,997
2024-07-16 11:39:31,1412,60,308,39.6,32.0,999
2024-07-16 11:39:32,1414,60,307,39.6,31.9,998
2024-07-16 11:39:33,1414,60,306,39.6,31.9,998
2024-07-16 11:39:34,1414,60,307,39.6,31.9,996
2024-07-16 11:39:35,1414,60,307,39.6,31.9,994
2024-07-16 11:39:36,1414,60,307,39.6,31.9,991
2024-07-16 11:39:37,1409,60,306,39.6,31.9,996
2024-07-16 11:39:38,1409,60,306,39.6,31.9,985
2024-07-16 11:39:39,1409,60,306,39.6,31.9,986
2024-07-16 11:39:40,1409,60,306,39.6,31.8,982
2024-07-16 11:39:41,1409,60,307,39.6,31.9,978
2024-07-16 11:39:42,1409,60,306,39.6,31.9,977
2024-07-16 11:39:43,1409,60,307,39.6,31.9,982
2024-07-16 11:39:44,1409,60,306,39.6,31.8,972
2024-07-16 11:39:45,1409,60,306,39.6,31.8,968
2024-07-16 11:39:46,1409,60,307,39.6,31.9,958
2024-07-16 11:39:47,1413,60,307,39.6,32.0,962
2024-07-16 11:39:48,1413,60,307,39.6,31.9,961
2024-07-16 11:39:49,1413,60,307,39.6,31.9,953
2024-07-16 11:39:50,1413,60,307,39.6,32.0,959
2024-07-16 11:39:51,1413,60,307,39.6,31.9,950
2024-07-16 11:39:52,1413,60,307,39.6,32.0,948
2024-07-16 11:39:53,1413,60,306,39.6,31.9,950
2024-07-16 11:39:54,1413,60,305,39.6,31.8,943
2024-07-16 11:39:55,1413,60,305,39.6,31.7,942
2024-07-16 11:39:56,1413,60,306,39.6,31.8,938
2024-07-16 11:39:57,1405,60,306,39.6,31.8,947
2024-07-16 11:39:58,1405,60,306,39.6,31.9,
2024-07-16 11:39:59,1405,60,306,39.6,31.9,931
2024-07-16 11:40:00,1405,60,307,39.6,32.0,934
2024-07-16 11:40:01,1405,60,308,39.6,32.0,
2024-07-16 11:40:02,1416,60,307,39.6,32.0,935
2024-07-16 11:40:03,1416,60,308,39.6,32.0,928
2024-07-16 11:40:04,1416,60,307,39.6,31.9,922
2024-07-16 11:40:05,1416,60,305,39.6,31.7,802
2024-07-16 11:40:06,1416,60,305,39.6,31.7,919
2024-07-16 11:40:07,1403,60,305,39.6,31.7,917
2024-07-16 11:40:08,1403,60,306,39.6,31.8,912
2024-07-16 11:40:09,1403,60,306,39.6,31.8,910
2024-07-16 11:40:10,1403,60,307,39.6,31.9,912
2024-07-16 11:40:11,1403,60,308,39.6,32.0,904
2024-07-16 11:40:12,1415,60,308,39.6,32.0,909
2024-07-16 11:40:13,1415,60,308,39.6,32.0,914
2024-07-16 11:40:14,1415,60,307,39.6,32.0,904
2024-07-16 11:40:15,1415,60,305,39.6,31.7,905
2024-07-16 11:40:16,1415,60,305,39.6,31.7,903
2024-07-16 11:40:17,1403,60,305,39.6,31.7,899
2024-07-16 11:40:18,1403,60,305,39.6,31.7,899
2024-07-16 11:40:19,1403,60,306,39.6,31.8,895
2024-07-16 11:40:20,1403,60,306,39.6,31.8,903
2024-07-16 11:40:21,1403,60,307,39.6,31.9,892
2024-07-16 11:40:22,1415,60,308,39.6,32.0,894
2024-07-16 11:40:23,1415,60,308,39.6,32.0,893
2024-07-16 11:40:24,1415,60,308,39.6,32.0,891
2024-07-16 11:40:25,1415,60,308,39.6,32.0,892
2024-07-16 11:40:26,1415,60,305,39.6,31.7,896
2024-07-16 11:40:27,1402,60,305,39.6,31.7,898
2024-07-16 11:40:28,1402,60,305,39.6,31.7,884
2024-07-16 11:40:29,1402,60,305,39.6,31.8,886
2024-07-16 11:40:30,1402,60,307,39.6,31.9,887
2024-07-16 11:40:31,1402,60,307,39.6,32.0,884
2024-07-16 11:40:32,1415,60,307,39.6,32.0,886
2024-07-16 11:40:33,1415,60,307,39.6,32.0,884
2024-07-16 11:40:34,1415,60,307,39.6,31.9,881
2024-07-16 11:40:35,1415,60,306,39.6,31.8,881
2024-07-16 11:40:36,1415,60,306,39.6,31.8,878
2024-07-16 11:40:37,1406,60,306,39.6,31.8,888
2024-07-16 11:40:38,1406,60,306,39.6,31.8,878
2024-07-16 11:40:39,1406,60,306,39.6,31.8,880
2024-07-16 11:40:40,1406,60,306,39.6,31.8,881
2024-07-16 11:40:41,1406,60,305,39.6,31.8,878
2024-07-16 11:40:42,1406,60,305,39.6,31.8,876
2024-07-16 11:40:43,1406,60,306,39.6,31.8,884
2024-07-16 11:40:44,1406,60,306,39.6,31.8,876
2024-07-16 11:40:45,1406,60,306,39.6,31.8,869
2024-07-16 11:40:46,1406,60,307,39.6,32.0,874
2024-07-16 11:40:47,1413,60,307,39.6,31.9,877
2024-07-16 11:40:48,1413,60,308,39.6,32.0,870
2024-07-16 11:40:49,1413,60,307,39.6,32.0,871
2024-07-16 11:40:50,1413,60,307,39.6,31.9,875
2024-07-16 11:40:51,1413,60,305,39.6,31.8,876
2024-07-16 11:40:52,1406,60,306,39.6,31.8,869
2024-07-16 11:40:53,1406,60,305,39.6,31.8,866
2024-07-16 11:40:54,1406,60,306,39.6,31.8,865
2024-07-16 11:40:55,1406,60,306,39.6,31.8,865
2024-07-16 11:40:56,1406,60,306,39.6,31.8,870
2024-07-16 11:40:57,1405,60,306,39.6,31.8,874
2024-07-16 11:40:58,1405,60,305,39.6,31.8,873
2024-07-16 11:40:59,1405,60,306,39.6,31.8,869
2024-07-16 11:41:00,1405,60,306,39.6,31.8,868
2024-07-16 11:41:01,1405,60,307,39.6,31.9,867
2024-07-16 11:41:02,1410,60,306,39.6,31.9,873
2024-07-16 11:41:03,1410,60,306,39.6,31.9,873
2024-07-16 11:41:04,1410,60,306,39.6,31.9,872
2024-07-16 11:41:05,1410,60,306,39.6,31.9,872
2024-07-16 11:41:06,1410,60,306,39.6,31.8,875
2024-07-16 11:41:07,1410,60,306,39.6,31.8,876
2024-07-16 11:41:08,1410,60,306,39.6,31.8,876
2024-07-16 11:41:09,1410,60,306,39.6,31.8,878
2024-07-16 11:41:10,1410,60,306,39.6,31.8,879
2024-07-16 11:41:11,1410,60,306,39.6,31.9,878
2024-07-16 11:41:12,1410,60,306,39.6,31.8,883
2024-07-16 11:41:13,1410,60,306,39.6,31.8,870
2024-07-16 11:41:14,1410,60,306,39.6,31.8,879
2024-07-16 11:41:15,1410,60,305,39.6,31.8,881
2024-07-16 11:41:16,1410,60,305,39.6,31.7,885
2024-07-16 11:41:17,1405,60,305,39.6,31.7,890
2024-07-16 11:41:18,1405,60,305,39.6,31.8,889
2024-07-16 11:41:19,1405,60,305,39.6,31.7,891
2024-07-16 11:41:20,1405,60,305,39.6,31.8,895
2024-07-16 11:41:21,1405,60,307,39.6,31.9,895
2024-07-16 11:41:22,1413,60,307,39.6,32.0,895
2024-07-16 11:41:23,1413,60,307,39.6,31.9,897
2024-07-16 11:41:24,1413,60,307,39.6,31.9,898
2024-07-16 11:41:25,1413,60,307,39.6,31.9,896
2024-07-16 11:41:26,1413,60,305,39.6,31.7,902
2024-07-16 11:41:27,1405,60,306,39.6,31.8,906
2024-07-16 11:41:28,1405,60,305,39.6,31.7,907
2024-07-16 11:41:29,1405,60,305,39.6,31.7,912
2024-07-16 11:41:30,1405,60,305,39.6,31.7,914
2024-07-16 11:41:31,1405,60,305,39.6,31.7,913
2024-07-16 11:41:32,1404,60,305,39.6,31.8,916
2024-07-16 11:41:33,1404,60,306,39.6,31.8,917
2024-07-16 11:41:34,1404,60,307,39.6,31.9,918
2024-07-16 11:41:35,1404,60,307,39.6,31.9,919
2024-07-16 11:41:36,1404,60,307,39.6,31.9,922
2024-07-16 11:41:37,1412,60,307,39.6,31.9,924
2024-07-16 11:41:38,1412,60,306,39.6,31.9,926
2024-07-16 11:41:39,1412,60,307,39.6,31.9,929
2024-07-16 11:41:40,1412,60,306,39.6,31.8,936
2024-07-16 11:41:41,1412,60,305,39.6,31.7,932
2024-07-16 11:41:42,1403,60,305,39.6,31.7,929
2024-07-16 11:41:43,1403,60,305,39.6,31.7,935
2024-07-16 11:41:44,1403,60,305,39.6,31.7,932
2024-07-16 11:41:45,1403,60,305,39.6,31.7,938
2024-07-16 11:41:46,1403,60,306,39.6,31.9,939
2024-07-16 11:41:47,1412,60,307,39.6,31.9,939
2024-07-16 11:41:48,1412,60,307,39.6,31.9,944
2024-07-16 11:41:49,1412,60,307,39.6,31.9,943
2024-07-16 11:41:50,1412,60,306,39.6,31.9,943
2024-07-16 11:41:51,1412,60,307,39.6,31.9,947
2024-07-16 11:41:52,1412,60,306,39.6,31.8,948
2024-07-16 11:41:53,1412,60,305,39.6,31.7,950
2024-07-16 11:41:54,1412,60,305,39.6,31.7,959
2024-07-16 11:41:55,1412,60,305,39.6,31.7,953
2024-07-16 11:41:56,1412,60,305,39.6,31.7,954
2024-07-16 11:41:57,1403,60,305,39.6,31.8,957
2024-07-16 11:41:58,1403,60,307,39.6,31.9,959
2024-07-16 11:41:59,1403,60,306,39.6,31.9,959
2024-07-16 11:42:00,1403,60,307,39.6,31.9,957
2024-07-16 11:42:01,1403,60,307,39.6,31.9,960
2024-07-16 11:42:02,1412,60,307,39.6,31.9,969
2024-07-16 11:42:03,1412,60,307,39.6,31.9,962
2024-07-16 11:42:04,1412,60,306,39.6,31.9,965
2024-07-16 11:42:05,1412,60,305,39.6,31.7,959
2024-07-16 11:42:06,1412,60,305,39.6,31.7,966
2024-07-16 11:42:07,1403,60,305,39.6,31.7,977
2024-07-16 11:42:08,1403,60,305,39.6,31.7,971
2024-07-16 11:42:09,1403,60,305,39.6,31.7,970
2024-07-16 11:42:10,1403,60,307,39.6,31.9,971
2024-07-16 11:42:11,1403,60,307,39.6,31.9,971
2024-07-16 11:42:12,1411,60,307,39.6,31.9,973
2024-07-16 11:42:13,1411,60,307,39.6,31.9,975
2024-07-16 11:42:14,1411,60,306,39.6,31.9,977
2024-07-16 11:42:15,1411,60,307,39.6,31.9,977
2024-07-16 11:42:16,1411,60,306,39.6,31.9,979
2024-07-16 11:42:17,1411,60,306,39.6,31.9,976
2024-07-16 11:42:18,1411,60,307,39.6,31.9,979
2024-07-16 11:42:19,1411,60,305,39.6,31.8,979
2024-07-16 11:42:20,1411,60,305,39.6,31.7,979
2024-07-16 11:42:21,1411,60,305,39.6,31.7,982
2024-07-16 11:42:22,1402,60,305,39.6,31.7,984
2024-07-16 11:42:23,1402,60,305,39.6,31.7,992
2024-07-16 11:42:24,1402,60,304,39.6,31.7,983
2024-07-16 11:42:25,1402,60,306,39.6,31.9,985
2024-07-16 11:42:26,1402,60,306,39.6,31.9,985
2024-07-16 11:42:27,1411,60,306,39.6,31.9,984
2024-07-16 11:42:28,1411,60,306,39.6,31.9,985
2024-07-16 11:42:29,1411,60,307,39.6,31.9,982
2024-07-16 11:42:30,1411,60,307,39.6,31.9,984
2024-07-16 11:42:31,1411,60,306,39.6,31.8,984
2024-07-16 11:42:32,1410,60,305,39.6,31.8,989
2024-07-16 11:42:33,1410,60,305,39.6,31.7,982
2024-07-16 11:42:34,1410,60,305,39.6,31.8,983
2024-07-16 11:42:35,1410,60,305,39.6,31.8,977
2024-07-16 11:42:36,1410,60,305,39.6,31.8,980
2024-07-16 11:42:37,1407,60,306,39.6,31.8,981
2024-07-16 11:42:38,1407,60,306,39.6,31.8,981
2024-07-16 11:42:39,1407,60,306,39.6,31.8,979
2024-07-16 11:42:40,1407,60,305,39.6,31.8,978
2024-07-16 11:42:41,1407,60,306,39.6,31.8,973
2024-07-16 11:42:42,1407,60,306,39.6,31.8,978
2024-07-16 11:42:43,1407,60,306,39.6,31.8,975
2024-07-16 11:42:44,1407,60,306,39.6,31.8,976
2024-07-16 11:42:45,1407,60,306,39.6,31.8,970
2024-07-16 11:42:46,1407,60,305,39.6,31.8,962
2024-07-16 11:42:47,1406,60,306,39.6,31.8,962
2024-07-16 11:42:48,1406,60,306,39.6,31.8,966
2024-07-16 11:42:49,1406,60,305,39.6,31.8,963
2024-07-16 11:42:50,1406,60,306,39.6,31.8,968
2024-07-16 11:42:51,1406,60,305,39.6,31.7,963
2024-07-16 11:42:52,1406,60,306,39.6,31.8,958
2024-07-16 11:42:53,1406,60,306,39.6,31.8,956
2024-07-16 11:42:54,1406,60,306,39.6,31.9,956
2024-07-16 11:42:55,1406,60,307,39.6,31.9,954
2024-07-16 11:42:56,1406,60,306,39.6,31.8,957
2024-07-16 11:42:57,1410,60,306,39.6,31.8,950
2024-07-16 11:42:58,1410,60,306,39.6,31.9,947
2024-07-16 11:42:59,1410,60,306,39.6,31.9,944
2024-07-16 11:43:00,1410,60,306,39.6,31.8,940
2024-07-16 11:43:01,1410,60,306,39.6,31.9,948
2024-07-16 11:43:02,1410,60,306,39.6,31.8,938
2024-07-16 11:43:03,1410,60,305,39.6,31.7,929
2024-07-16 11:43:04,1410,60,304,39.6,31.7,927
2024-07-16 11:43:05,1410,60,305,39.6,31.7,930
2024-07-16 11:43:06,1410,60,304,39.6,31.6,937
2024-07-16 11:43:07,1408,60,306,39.6,31.9,927
2024-07-16 11:43:08,1408,60,306,39.6,31.8,925
2024-07-16 11:43:09,1408,60,306,39.6,31.8,926
2024-07-16 11:43:10,1408,60,306,39.6,31.9,920
2024-07-16 11:43:11,1408,60,306,39.6,31.8,925
2024-07-16 11:43:12,1410,60,306,39.6,31.9,924
2024-07-16 11:43:13,1410,60,306,39.6,31.8,918
2024-07-16 11:43:14,1410,60,306,39.6,31.9,911
2024-07-16 11:43:15,1410,60,306,39.6,31.8,914
2024-07-16 11:43:16,1410,60,306,39.6,31.8,909
2024-07-16 11:43:17,1405,60,306,39.6,31.7,912
2024-07-16 11:43:18,1405,60,304,39.6,31.6,920
2024-07-16 11:43:19,1405,60,305,39.6,31.7,909
2024-07-16 11:43:20,1405,60,304,39.6,31.7,907
2024-07-16 11:43:21,1405,60,305,39.6,31.7,909
2024-07-16 11:43:22,1409,60,306,39.6,31.8,911
2024-07-16 11:43:23,1409,60,306,39.6,31.9,911
2024-07-16 11:43:24,1409,60,307,39.6,31.9,911
2024-07-16 11:43:25,1409,60,306,39.6,31.8,918
2024-07-16 11:43:26,1409,60,306,39.6,31.8,911
2024-07-16 11:43:27,1410,60,306,39.6,31.8,915
2024-07-16 11:43:28,1410,60,306,39.6,31.8,910
2024-07-16 11:43:29,1410,60,306,39.6,31.8,912
2024-07-16 11:43:30,1410,60,306,39.6,31.8,910
2024-07-16 11:43:31,1410,60,305,39.6,31.7,913
2024-07-16 11:43:32,1403,60,305,39.6,31.7,911
2024-07-16 11:43:33,1403,60,305,39.6,31.7,909
2024-07-16 11:43:34,1403,60,305,39.6,31.7,908
2024-07-16 11:43:35,1403,60,306,39.6,31.8,911
2024-07-16 11:43:36,1403,60,307,39.6,31.9,914
2024-07-16 11:43:37,1414,60,307,39.6,32.0,914
2024-07-16 11:43:38,1414,60,307,39.6,31.9,913
2024-07-16 11:43:39,1414,60,307,39.6,31.9,914
2024-07-16 11:43:40,1414,60,306,39.6,31.8,916
2024-07-16 11:43:41,1414,60,306,39.6,31.8,921
2024-07-16 11:43:42,1406,60,305,39.6,31.7,919
2024-07-16 11:43:43,1406,60,305,39.6,31.7,915
2024-07-16 11:43:44,1406,60,304,39.6,31.6,920
2024-07-16 11:43:45,1406,60,305,39.6,31.7,923
2024-07-16 11:43:46,1406,60,305,39.6,31.7,929
2024-07-16 11:43:47,1409,60,306,39.6,31.8,925
2024-07-16 11:43:48,1409,60,306,39.6,31.8,924
2024-07-16 11:43:49,1409,60,306,39.6,31.8,921
2024-07-16 11:43:50,1409,60,306,39.6,31.8,929
2024-07-16 11:43:51,1409,60,306,39.6,31.8,938
2024-07-16 11:43:52,1409,60,306,39.6,31.8,933
2024-07-16 11:43:53,1409,60,306,39.6,31.9,931
2024-07-16 11:43:54,1409,60,306,39.6,31.8,939
2024-07-16 11:43:55,1409,60,306,39.6,31.9,945
2024-07-16 11:43:56,1409,60,306,39.6,31.8,950
2024-07-16 11:43:57,1409,60,306,39.6,31.8,951
2024-07-16 11:43:58,1409,60,306,39.6,31.8,946
2024-07-16 11:43:59,1409,60,306,39.6,31.8,951
2024-07-16 11:44:00,1409,60,307,39.6,31.9,950
2024-07-16 11:44:01,1409,60,306,39.6,31.8,956
2024-07-16 11:44:02,1401,60,304,39.6,31.6,958
2024-07-16 11:44:03,1401,60,304,39.6,31.6,964
2024-07-16 11:44:04,1401,60,304,39.6,31.6,965
2024-07-16 11:44:05,1401,60,306,39.6,31.8,970
2024-07-16 11:44:06,1401,60,306,39.6,31.8,971
2024-07-16 11:44:07,1410,60,306,39.6,31.8,975
2024-07-16 11:44:08,1410,60,306,39.6,31.9,979
2024-07-16 11:44:09,1410,60,306,39.6,31.8,979
2024-07-16 11:44:10,1410,60,306,39.6,31.8,978
2024-07-16 11:44:11,1410,60,306,39.6,31.8,982
2024-07-16 11:44:12,1408,60,306,39.6,31.8,984
2024-07-16 11:44:13,1408,60,306,39.6,31.8,990
2024-07-16 11:44:14,1408,60,306,39.6,31.8,991
2024-07-16 11:44:15,1408,60,306,39.6,31.8,995
2024-07-16 11:44:16,1408,60,306,39.6,31.8,999
2024-07-16 11:44:17,1408,60,306,39.6,31.8,1002
2024-07-16 11:44:18,1408,60,306,39.6,31.8,1008
2024-07-16 11:44:19,1408,60,306,39.6,31.8,1004
2024-07-16 11:44:20,1408,60,306,39.6,31.8,1014
2024-07-16 11:44:21,1408,60,306,39.6,31.8,1019
2024-07-16 11:44:22,1408,60,306,39.6,31.8,1020
2024-07-16 11:44:23,1408,60,306,39.6,31.8,1027
2024-07-16 11:44:24,1408,60,305,39.6,31.7,1032
2024-07-16 11:44:25,1408,60,305,39.6,31.7,1038
2024-07-16 11:44:26,1408,60,304,39.6,31.7,1035
2024-07-16 11:44:27,1401,60,305,39.6,31.7,1045
2024-07-16 11:44:28,1401,60,306,39.6,31.8,1045
2024-07-16 11:44:29,1401,60,306,39.6,31.8,1051
2024-07-16 11:44:30,1401,60,306,39.6,31.8,1059
2024-07-16 11:44:31,1401,60,306,39.6,31.8,1060
2024-07-16 11:44:32,1408,60,306,39.6,31.8,1065
2024-07-16 11:44:33,1408,60,306,39.6,31.8,1073
2024-07-16 11:44:34,1408,60,306,39.6,31.8,1075
2024-07-16 11:44:35,1408,60,306,39.6,31.8,1081
2024-07-16 11:44:36,1408,60,306,39.6,31.8,1082
2024-07-16 11:44:37,1408,60,306,39.6,31.8,1088
2024-07-16 11:44:38,1408,60,306,39.6,31.8,1096
2024-07-16 11:44:39,1408,60,306,39.6,31.8,1098
2024-07-16 11:44:40,1408,60,306,39.6,31.8,1101
2024-07-16 11:44:41,1408,60,306,39.6,31.8,1110
2024-07-16 11:44:42,1408,60,306,39.6,31.8,1109
2024-07-16 11:44:43,1408,60,306,39.6,31.8,1117
2024-07-16 11:44:44,1408,60,306,39.6,31.8,1124
2024-07-16 11:44:45,1408,60,306,39.6,31.8,1128
2024-07-16 11:44:46,1408,60,306,39.6,31.8,1129
2024-07-16 11:44:47,1407,60,306,39.6,31.8,1135
2024-07-16 11:44:48,1407,60,306,39.6,31.8,1139
2024-07-16 11:44:49,1407,60,306,39.6,31.8,1143
2024-07-16 11:44:50,1407,60,306,39.6,31.8,1147
2024-07-16 11:44:51,1407,60,306,39.6,31.8,1156
2024-07-16 11:44:52,1408,60,306,39.6,31.8,1154
2024-07-16 11:44:53,1408,60,306,39.6,31.8,1152
2024-07-16 11:44:54,1408,60,306,39.6,31.8,1159
2024-07-16 11:44:55,1408,60,306,39.6,31.8,1167
2024-07-16 11:44:56,1408,60,306,39.6,31.8,1167
2024-07-16 11:44:57,1408,60,306,39.6,31.8,1168
2024-07-16 11:44:58,1408,60,306,39.6,31.8,1179
2024-07-16 11:44:59,1408,60,306,39.6,31.8,1183
2024-07-16 11:45:00,1408,60,306,39.6,31.8,1179
2024-07-16 11:45:01,1408,60,306,39.6,31.8,1180
2024-07-16 11:45:02,1408,60,306,39.6,31.8,1189
2024-07-16 11:45:03,1408,60,306,39.6,31.8,1197
2024-07-16 11:45:04,1408,60,306,39.6,31.8,1186
2024-07-16 11:45:05,1408,60,306,39.6,31.8,1197
2024-07-16 11:45:06,1408,60,306,39.6,31.8,1204
2024-07-16 11:45:07,1408,60,306,39.6,31.8,1205
2024-07-16 11:45:08,1408,60,306,39.6,31.8,1212
2024-07-16 11:45:09,1408,60,306,39.6,31.8,1212
2024-07-16 11:45:10,1408,60,306,39.6,31.8,1226
2024-07-16 11:45:11,1408,60,306,39.6,31.8,1232
2024-07-16 11:45:12,1409,60,306,39.6,31.8,1250
2024-07-16 11:45:13,1409,60,306,39.6,31.8,1249
2024-07-16 11:45:14,1409,60,306,39.6,31.8,1260
2024-07-16 11:45:15,1409,60,306,39.6,31.8,1268
2024-07-16 11:45:16,1409,60,306,39.6,31.8,1272
2024-07-16 11:45:17,1408,60,306,39.6,31.8,1270
2024-07-16 11:45:18,1408,60,306,39.6,31.8,1275
2024-07-16 11:45:19,1408,60,306,39.6,31.8,1273
2024-07-16 11:45:20,1408,60,306,39.6,31.8,1271
2024-07-16 11:45:21,1408,60,306,39.6,31.8,1271
2024-07-16 11:45:22,1407,60,306,39.6,31.8,1266
2024-07-16 11:45:23,1407,60,306,39.6,31.8,1264
2024-07-16 11:45:24,1407,60,305,39.6,31.8,1260
2024-07-16 11:45:25,1407,60,305,39.6,31.7,1257
2024-07-16 11:45:26,1407,60,305,39.6,31.7,1253
2024-07-16 11:45:27,1404,60,305,39.6,31.8,1252
2024-07-16 11:45:28,1404,60,305,39.6,31.7,1244
2024-07-16 11:45:29,1404,60,305,39.6,31.7,1252
2024-07-16 11:45:30,1404,60,305,39.6,31.7,1247
2024-07-16 11:45:31,1404,60,305,39.6,31.7,1246
2024-07-16 11:45:32,1404,60,306,39.6,31.8,1245
2024-07-16 11:45:33,1404,60,306,39.6,31.8,1241
2024-07-16 11:45:34,1404,60,306,39.6,31.8,1243
2024-07-16 11:45:35,1404,60,306,39.6,31.8,1242
2024-07-16 11:45:36,1404,60,306,39.6,31.8,1240
2024-07-16 11:45:37,1408,60,306,39.6,31.8,1244
2024-07-16 11:45:38,1408,60,306,39.6,31.8,1240
2024-07-16 11:45:39,1408,60,306,39.6,31.8,1238
2024-07-16 11:45:40,1408,60,306,39.6,31.8,1241
2024-07-16 11:45:41,1408,60,306,39.6,31.8,1247
2024-07-16 11:45:42,1408,60,306,39.6,31.8,1237
2024-07-16 11:45:43,1408,60,306,39.6,31.8,1242
2024-07-16 11:45:44,1408,60,306,39.6,31.8,1242
2024-07-16 11:45:45,1408,60,306,39.6,31.8,1240
2024-07-16 11:45:46,1408,60,306,39.6,31.8,1234
2024-07-16 11:45:47,1409,60,306,39.6,31.8,1234
2024-07-16 11:45:48,1409,60,306,39.6,31.8,1237
2024-07-16 11:45:49,1409,60,306,39.6,31.8,1242
2024-07-16 11:45:50,1409,60,306,39.6,31.8,1247
2024-07-16 11:45:51,1409,60,306,39.6,31.8,1243
2024-07-16 11:45:52,1408,60,306,39.6,31.8,1248
2024-07-16 11:45:53,1408,60,306,39.6,31.8,1256
2024-07-16 11:45:54,1408,60,306,39.6,31.8,1248
2024-07-16 11:45:55,1408,60,306,39.6,31.8,1250
2024-07-16 11:45:56,1408,60,306,39.6,31.8,1250
2024-07-16 11:45:57,1408,60,306,39.6,31.8,1254
2024-07-16 11:45:58,1408,60,306,39.6,31.8,1258
2024-07-16 11:45:59,1408,60,306,39.6,31.8,1250
2024-07-16 11:46:00,1408,60,306,39.6,31.8,1264
2024-07-16 11:46:01,1408,60,306,39.6,31.8,1266
2024-07-16 11:46:02,1408,60,306,39.6,31.8,1271
2024-07-16 11:46:03,1408,60,306,39.6,31.8,1270
2024-07-16 11:46:04,1408,60,306,39.6,31.8,1286
2024-07-16 11:46:05,1408,60,306,39.6,31.8,1298
2024-07-16 11:46:06,1408,60,306,39.6,31.8,1310
2024-07-16 11:46:07,1408,60,306,39.6,31.8,1317
2024-07-16 11:46:08,1408,60,306,39.6,31.8,1331
2024-07-16 11:46:09,1408,60,306,39.6,31.8,1345
2024-07-16 11:46:10,1408,60,306,39.6,31.8,1343
2024-07-16 11:46:11,1408,60,306,39.6,31.8,1350
2024-07-16 11:46:12,1408,60,306,39.6,31.8,1371
2024-07-16 11:46:13,1408,60,306,39.6,31.8,1378
2024-07-16 11:46:14,1408,60,306,39.6,31.8,1367
2024-07-16 11:46:15,1408,60,306,39.6,31.8,1356
2024-07-16 11:46:16,1408,60,305,39.6,31.8,1355
2024-07-16 11:46:17,1407,60,306,39.6,31.8,1335
2024-07-16 11:46:18,1407,60,306,39.6,31.8,1327
2024-07-16 11:46:19,1407,60,305,39.6,31.7,1319
2024-07-16 11:46:20,1407,60,305,39.6,31.7,1317
2024-07-16 11:46:21,1407,60,305,39.6,31.7,1323
2024-07-16 11:46:22,1403,60,305,39.6,31.7,1326
2024-07-16 11:46:23,1403,60,305,39.6,31.7,1325
2024-07-16 11:46:24,1403,60,305,39.6,31.7,1335
2024-07-16 11:46:25,1403,60,305,39.6,31.7,1331
2024-07-16 11:46:26,1403,60,307,39.6,31.9,1328
2024-07-16 11:46:27,1412,60,307,39.6,31.9,1324
2024-07-16 11:46:28,1412,60,307,39.6,31.9,1311
2024-07-16 11:46:29,1412,60,306,39.6,31.9,1306
2024-07-16 11:46:30,1412,60,307,39.6,31.9,1306
2024-07-16 11:46:31,1412,60,307,39.6,31.9,1311
2024-07-16 11:46:32,1410,60,306,39.6,31.8,1303
2024-07-16 11:46:33,1410,60,305,39.6,31.7,1270
2024-07-16 11:46:34,1410,60,305,39.6,31.7,1275
2024-07-16 11:46:35,1410,60,305,39.6,31.7,1276
2024-07-16 11:46:36,1410,60,305,39.6,31.7,1279
2024-07-16 11:46:37,1404,60,305,39.6,31.8,1273
2024-07-16 11:46:38,1404,60,306,39.6,31.8,1279
2024-07-16 11:46:39,1404,60,306,39.6,31.8,1284
2024-07-16 11:46:40,1404,60,306,39.6,31.8,1292
2024-07-16 11:46:41,1404,60,306,39.6,31.8,1291
2024-07-16 11:46:42,1407,60,306,39.6,31.8,1302
2024-07-16 11:46:43,1407,60,307,39.6,31.9,1306
2024-07-16 11:46:44,1407,60,307,39.6,31.9,1314
2024-07-16 11:46:45,1407,60,306,39.6,31.9,1334
2024-07-16 11:46:46,1407,60,306,39.6,31.9,1358
2024-07-16 11:46:47,1411,60,306,39.6,31.9,1395
2024-07-16 11:46:48,1411,60,306,39.6,31.9,1461
2024-07-16 11:46:49,1411,65,307,39.6,31.9,1567
2024-07-16 11:46:50,1411,75,305,39.6,31.8,1816
2024-07-16 11:46:51,1411,93,306,39.6,31.8,2240
2024-07-16 11:46:52,1407,100,306,39.6,31.8,2757
2024-07-16 11:46:53,1407,100,310,39.7,32.3,2827
2024-07-16 11:46:54,1407,100,313,39.7,32.5,2825
2024-07-16 11:46:55,1407,100,314,39.7,32.7,2812
2024-07-16 11:46:56,1407,100,317,39.8,33.0,2746
2024-07-16 11:46:57,1479,100,321,39.8,33.4,2670
2024-07-16 11:46:58,1479,100,321,39.8,33.4,2624
2024-07-16 11:46:59,1479,100,324,39.9,33.7,2619
2024-07-16 11:47:00,1479,100,324,39.9,33.8,2656
2024-07-16 11:47:01,1479,100,326,39.9,33.9,2772
2024-07-16 11:47:02,1527,100,331,40.0,34.4,2816
2024-07-16 11:47:03,1527,100,332,40.0,34.5,2809
2024-07-16 11:47:04,1527,100,334,40.0,34.7,2787
2024-07-16 11:47:05,1527,100,336,40.0,34.9,2814
2024-07-16 11:47:06,1527,100,339,40.1,35.3,2836
2024-07-16 11:47:07,1567,100,340,40.1,35.3,2840
2024-07-16 11:47:08,1567,100,342,40.1,35.6,2843
2024-07-16 11:47:09,1567,100,344,40.1,35.7,2844
2024-07-16 11:47:10,1567,100,346,40.2,36.0,2834
2024-07-16 11:47:11,1567,100,348,40.2,36.3,2795
2024-07-16 11:47:12,1616,100,349,40.2,36.3,2661
2024-07-16 11:47:13,1616,100,356,40.3,37.0,2506
2024-07-16 11:47:14,1616,100,358,40.3,37.2,2502
2024-07-16 11:47:15,1616,100,358,40.3,37.2,2648
2024-07-16 11:47:16,1616,100,358,40.3,37.2,2782
2024-07-16 11:47:17,1663,100,361,40.3,37.5,2837
2024-07-16 11:47:18,1663,100,363,40.4,37.8,2858
2024-07-16 11:47:19,1663,100,365,40.4,38.0,2858
2024-07-16 11:47:20,1663,100,366,40.5,38.1,2871
2024-07-16 11:47:21,1663,100,372,40.5,38.7,2860
2024-07-16 11:47:22,1738,100,374,40.5,38.9,2849
2024-07-16 11:47:23,1738,100,375,40.5,38.9,2859
2024-07-16 11:47:24,1738,100,378,40.6,39.3,2870
2024-07-16 11:47:25,1738,100,379,40.6,39.4,2882
2024-07-16 11:47:26,1738,100,381,40.6,39.6,2888
2024-07-16 11:47:27,1782,100,383,40.6,39.8,2890
2024-07-16 11:47:28,1782,100,386,40.7,40.1,2903
2024-07-16 11:47:29,1782,100,388,40.7,40.4,2895
2024-07-16 11:47:30,1782,100,392,40.7,40.7,2899
2024-07-16 11:47:31,1782,100,392,40.8,40.8,2904
2024-07-16 11:47:32,1839,100,395,40.8,41.1,2903
2024-07-16 11:47:33,1839,100,397,40.8,41.2,2908
2024-07-16 11:47:34,1839,100,398,40.8,41.4,2906
2024-07-16 11:47:35,1839,100,402,40.9,41.8,2890
2024-07-16 11:47:36,1839,100,402,40.9,41.8,2826
2024-07-16 11:47:37,1902,100,407,40.9,42.3,2784
2024-07-16 11:47:38,1902,100,410,41.0,42.6,2746
2024-07-16 11:47:39,1902,100,412,41.0,42.8,2697
2024-07-16 11:47:40,1902,100,412,41.0,42.8,2616
2024-07-16 11:47:41,1902,100,414,41.0,43.1,2635
2024-07-16 11:47:42,1959,100,417,41.1,43.5,2675
2024-07-16 11:47:43,1959,100,419,41.1,43.5,2508
2024-07-16 11:47:44,1959,100,422,41.1,43.8,2431
2024-07-16 11:47:45,1959,100,423,41.1,44.0,2536
2024-07-16 11:47:46,1959,100,428,41.2,44.5,2652
2024-07-16 11:47:47,2023,100,430,41.2,44.7,2668
2024-07-16 11:47:48,2023,100,431,41.2,44.9,2462
2024-07-16 11:47:49,2023,66,433,41.2,45.0,1597
2024-07-16 11:47:50,2023,62,435,41.2,45.3,1489
2024-07-16 11:47:51,2023,61,426,40.7,44.3,1475
2024-07-16 11:47:52,1591,61,349,40.2,36.3,1469
2024-07-16 11:47:53,1591,61,323,39.7,33.1,1472
2024-07-16 11:47:54,1591,61,320,39.7,33.3,1467
2024-07-16 11:47:55,1591,61,319,39.7,33.2,1473
2024-07-16 11:47:56,1591,61,318,39.7,33.0,1484
2024-07-16 11:47:57,1461,62,317,39.7,32.9,1494
2024-07-16 11:47:58,1461,64,317,39.7,32.9,1537
2024-07-16 11:47:59,1461,73,317,39.7,32.9,1760
2024-07-16 11:48:00,1461,73,316,39.7,32.9,1772
2024-07-16 11:48:01,1461,64,322,39.7,33.4,1539
2024-07-16 11:48:02,1482,62,323,39.8,33.6,1493
2024-07-16 11:48:03,1482,62,326,39.8,33.9,1493
2024-07-16 11:48:04,1482,61,325,39.8,33.7,1482
2024-07-16 11:48:05,1482,61,321,39.7,33.4,1479
2024-07-16 11:48:06,1482,61,316,39.7,32.8,1474
2024-07-16 11:48:07,1454,61,316,39.7,32.8,1474
2024-07-16 11:48:08,1454,61,316,39.7,32.9,1473
2024-07-16 11:48:09,1454,61,316,39.7,32.8,1475
2024-07-16 11:48:10,1454,61,316,39.7,32.8,1473
2024-07-16 11:48:11,1454,61,315,39.7,32.8,1475
2024-07-16 11:48:12,1451,61,316,39.7,32.8,1476
2024-07-16 11:48:13,1451,61,315,39.7,32.8,1480
2024-07-16 11:48:14,1451,61,315,39.7,32.8,1483
2024-07-16 11:48:15,1451,62,316,39.7,32.9,1489
2024-07-16 11:48:16,1451,62,317,39.7,32.9,1488
2024-07-16 11:48:17,1458,62,317,39.7,32.9,1495
2024-07-16 11:48:18,1458,62,317,39.7,32.9,1501
2024-07-16 11:48:19,1458,63,321,39.7,33.4,1514
2024-07-16 11:48:20,1458,63,322,39.8,33.5,1518
2024-07-16 11:48:21,1458,64,322,39.8,33.4,1535
2024-07-16 11:48:22,1482,65,322,39.8,33.5,1560
2024-07-16 11:48:23,1482,65,323,39.8,33.5,1572
2024-07-16 11:48:24,1482,67,324,39.8,34.0,1607
2024-07-16 11:48:25,1482,70,329,39.9,34.2,1680
2024-07-16 11:48:26,1482,80,330,39.9,34.3,1927
2024-07-16 11:48:27,1530,86,332,39.9,34.5,2078
2024-07-16 11:48:28,1530,89,337,40.0,35.0,2137
2024-07-16 11:48:29,1530,100,339,40.0,35.3,2613
2024-07-16 11:48:30,1530,100,340,40.0,35.3,2815
2024-07-16 11:48:31,1530,100,340,40.0,35.3,2636
2024-07-16 11:48:32,1578,100,343,40.0,35.6,2422
2024-07-16 11:48:33,1578,95,344,40.1,35.8,2289
2024-07-16 11:48:34,1578,88,347,40.1,36.0,2115
2024-07-16 11:48:35,1578,77,349,40.1,36.3,1846
2024-07-16 11:48:36,1578,86,352,40.2,36.6,2074
2024-07-16 11:48:37,1651,87,356,40.2,37.1,2094
2024-07-16 11:48:38,1651,90,356,40.2,37.1,2167
2024-07-16 11:48:39,1651,100,357,40.2,37.1,2520
2024-07-16 11:48:40,1651,100,359,40.3,37.3,2608
2024-07-16 11:48:41,1651,100,362,40.3,37.7,2553
2024-07-16 11:48:42,1685,90,363,40.3,37.7,2181
2024-07-16 11:48:43,1685,92,365,40.3,38.0,2222
2024-07-16 11:48:44,1685,98,367,40.4,38.1,2371
2024-07-16 11:48:45,1685,91,372,40.4,38.7,2205
2024-07-16 11:48:46,1685,100,374,40.5,38.9,2516
2024-07-16 11:48:47,1740,100,375,40.5,39.0,2631
2024-07-16 11:48:48,1740,100,377,40.5,39.2,2663
2024-07-16 11:48:49,1740,100,379,40.5,39.5,2521
2024-07-16 11:48:50,1740,98,381,40.5,39.6,2363
2024-07-16 11:48:51,1740,92,382,40.5,39.8,2207
2024-07-16 11:48:52,1780,100,384,40.6,40.0,2481
2024-07-16 11:48:53,1780,100,386,40.6,40.1,2623
2024-07-16 11:48:54,1780,100,393,40.7,40.8,2814
2024-07-16 11:48:55,1780,100,393,40.7,40.9,2814
2024-07-16 11:48:56,1780,100,393,40.7,40.9,2837
2024-07-16 11:48:57,1835,100,396,40.7,41.2,2807
2024-07-16 11:48:58,1835,100,398,40.7,41.3,2797
2024-07-16 11:48:59,1835,100,400,40.8,41.6,2792
2024-07-16 11:49:00,1835,100,402,40.8,41.8,2775
2024-07-16 11:49:01,1835,100,406,40.8,42.3,2779
2024-07-16 11:49:02,1900,100,408,40.9,42.4,2772
2024-07-16 11:49:03,1900,100,409,40.9,42.5,2782
2024-07-16 11:49:04,1900,100,411,40.9,42.7,2768
2024-07-16 11:49:05,1900,100,414,40.9,43.1,2764
2024-07-16 11:49:06,1900,100,415,41.0,43.3,2751
2024-07-16 11:49:07,1951,100,417,41.0,43.4,2742
2024-07-16 11:49:08,1951,100,421,41.0,43.8,2642
2024-07-16 11:49:09,1951,100,422,41.0,43.9,2535
2024-07-16 11:49:10,1951,100,427,41.1,44.4,2671
2024-07-16 11:49:11,1951,100,430,41.1,44.7,2618
2024-07-16 11:49:12,2021,100,430,41.1,44.7,2593
2024-07-16 11:49:13,2021,100,430,41.1,44.7,2619
2024-07-16 11:49:14,2021,100,434,41.2,45.2,2664
2024-07-16 11:49:15,2021,100,436,41.2,45.4,2635
2024-07-16 11:49:16,2021,98,438,41.2,45.5,2371
2024-07-16 11:49:17,2072,81,440,41.2,45.8,1948
2024-07-16 11:49:18,2072,63,443,41.2,46.0,1517
2024-07-16 11:49:19,2072,62,416,41.0,43.3,1493
2024-07-16 11:49:20,2072,63,372,40.4,38.7,1515
2024-07-16 11:49:21,2072,70,312,39.6,32.5,1690
2024-07-16 11:49:22,1450,64,318,39.7,33.1,1552
2024-07-16 11:49:23,1450,65,335,39.9,34.8,1578
2024-07-16 11:49:24,1450,65,332,39.8,34.5,1559
2024-07-16 11:49:25,1450,60,329,39.8,34.2,1429
2024-07-16 11:49:26,1450,60,329,39.8,34.2,1383
2024-07-16 11:49:27,1523,60,330,39.8,34.3,1333
2024-07-16 11:49:28,1523,60,308,39.5,32.1,1361
2024-07-16 11:49:29,1523,60,307,39.5,31.9,1295
2024-07-16 11:49:30,1523,60,316,39.6,32.9,1254
2024-07-16 11:49:31,1523,60,317,39.6,33.0,1229
2024-07-16 11:49:32,1455,60,317,39.6,32.9,1223
2024-07-16 11:49:33,1455,60,315,39.6,32.8,1220
2024-07-16 11:49:34,1455,60,314,39.6,32.7,1246
2024-07-16 11:49:35,1455,60,314,39.6,32.6,1281
2024-07-16 11:49:36,1455,60,314,39.6,32.6,1300
2024-07-16 11:49:37,1440,60,313,39.6,32.6,1348
2024-07-16 11:49:38,1440,60,314,39.6,32.6,1344
2024-07-16 11:49:39,1440,60,313,39.6,32.6,1363
2024-07-16 11:49:40,1440,74,313,39.6,32.6,1776
2024-07-16 11:49:41,1440,91,313,39.6,32.6,2202
2024-07-16 11:49:42,1439,91,313,39.6,32.5,2202
2024-07-16 11:49:43,1439,100,315,39.6,32.8,2438
2024-07-16 11:49:44,1439,87,319,39.7,33.2,2102
2024-07-16 11:49:45,1439,75,322,39.7,33.5,1798
2024-07-16 11:49:46,1439,67,322,39.7,33.5,1611
2024-07-16 11:49:47,1482,60,324,39.7,33.6,1405
2024-07-16 11:49:48,1482,61,326,39.8,33.8,1484
2024-07-16 11:49:49,1482,78,319,39.7,33.1,1874
2024-07-16 11:49:50,1482,82,312,39.6,32.4,1985
2024-07-16 11:49:51,1482,96,313,39.6,32.5,2307
2024-07-16 11:49:52,1448,100,320,39.7,33.3,2530
2024-07-16 11:49:53,1448,78,322,39.7,33.5,1885
2024-07-16 11:49:54,1448,80,322,39.7,33.4,1926
2024-07-16 11:49:55,1448,89,321,39.7,33.4,2144
2024-07-16 11:49:56,1448,66,326,39.8,33.9,1586
2024-07-16 11:49:57,1503,80,327,39.8,34.0,1940
2024-07-16 11:49:58,1503,87,329,39.8,34.3,2092
2024-07-16 11:49:59,1503,77,331,39.8,34.4,1867
2024-07-16 11:50:00,1503,64,334,39.9,34.7,1556
2024-07-16 11:50:01,1503,60,337,39.9,35.1,1148
2024-07-16 11:50:02,1556,60,335,39.9,34.9,1082
2024-07-16 11:50:03,1556,60,315,39.7,32.7,1155
2024-07-16 11:50:04,1556,60,308,39.6,32.0,1121
2024-07-16 11:50:05,1556,60,310,39.6,32.3,1121
2024-07-16 11:50:06,1556,60,313,39.6,32.5,1033
2024-07-16 11:50:07,1439,60,313,39.6,32.6,975
2024-07-16 11:50:08,1439,60,313,39.6,32.6,946
2024-07-16 11:50:09,1439,60,311,39.6,32.3,928
2024-07-16 11:50:10,1439,60,311,39.6,32.3,905
2024-07-16 11:50:11,1439,60,310,39.6,32.3,892
2024-07-16 11:50:12,1425,60,310,39.6,32.2,871
2024-07-16 11:50:13,1425,60,310,39.6,32.2,856
2024-07-16 11:50:14,1425,60,310,39.6,32.2,849
2024-07-16 11:50:15,1425,60,311,39.6,32.3,843
2024-07-16 11:50:16,1425,60,311,39.6,32.3,836
2024-07-16 11:50:17,1429,60,311,39.6,32.4,830
2024-07-16 11:50:18,1429,60,311,39.6,32.3,823
2024-07-16 11:50:19,1429,60,311,39.6,32.3,813
2024-07-16 11:50:20,1429,60,311,39.6,32.3,807
2024-07-16 11:50:21,1429,60,310,39.6,32.3,797
2024-07-16 11:50:22,1427,60,311,39.6,32.3,798
2024-07-16 11:50:23,1427,60,310,39.6,32.3,782
2024-07-16 11:50:24,1427,60,310,39.6,32.3,779
2024-07-16 11:50:25,1427,60,311,39.6,32.3,775
2024-07-16 11:50:26,1427,60,310,39.6,32.2,767
2024-07-16 11:50:27,1426,60,310,39.6,32.3,755
2024-07-16 11:50:28,1426,60,310,39.6,32.2,748
2024-07-16 11:50:29,1426,60,310,39.6,32.2,744
2024-07-16 11:50:30,1426,60,310,39.6,32.2,736
2024-07-16 11:50:31,1426,60,310,39.6,32.2,730
2024-07-16 11:50:32,1424,60,310,39.6,32.2,730
2024-07-16 11:50:33,1424,60,310,39.6,32.2,723
2024-07-16 11:50:34,1424,60,310,39.6,32.2,718
2024-07-16 11:50:35,1424,60,310,39.6,32.2,711
2024-07-16 11:50:36,1424,60,310,39.6,32.2,705
2024-07-16 11:50:37,1423,60,310,39.6,32.2,707
2024-07-16 11:50:38,1423,60,310,39.6,32.2,696
2024-07-16 11:50:39,1423,60,310,39.6,32.2,696
2024-07-16 11:50:40,1423,60,309,39.6,32.2,688
2024-07-16 11:50:41,1423,60,309,39.6,32.2,687
2024-07-16 11:50:42,1423,60,309,39.6,32.2,685
2024-07-16 11:50:43,1423,60,309,39.6,32.2,679
2024-07-16 11:50:44,1423,60,309,39.6,32.2,680
2024-07-16 11:50:45,1423,60,309,39.6,32.2,676
2024-07-16 11:50:46,1423,60,309,39.6,32.1,672
2024-07-16 11:50:47,1421,60,309,39.6,32.2,670
2024-07-16 11:50:48,1421,60,309,39.6,32.1,667
2024-07-16 11:50:49,1421,60,309,39.6,32.1,665
2024-07-16 11:50:50,1421,60,309,39.6,32.2,663
2024-07-16 11:50:51,1421,60,309,39.6,32.1,659
2024-07-16 11:50:52,1421,60,309,39.6,32.1,657
2024-07-16 11:50:53,1421,60,309,39.6,32.1,656
2024-07-16 11:50:54,1421,60,309,39.6,32.1,656
2024-07-16 11:50:55,1421,60,309,39.6,32.1,649
2024-07-16 11:50:56,1421,60,308,39.6,32.1,649
2024-07-16 11:50:57,1419,60,309,39.6,32.1,645
2024-07-16 11:50:58,1419,60,308,39.6,32.0,644
2024-07-16 11:50:59,1419,60,307,39.6,31.9,640
2024-07-16 11:51:00,1419,60,307,39.6,31.9,641
2024-07-16 11:51:01,1419,60,307,39.6,32.0,645
2024-07-16 11:51:02,1414,60,310,39.6,32.2,634
2024-07-16 11:51:03,1414,60,310,39.6,32.2,639
2024-07-16 11:51:04,1414,60,310,39.6,32.2,638
2024-07-16 11:51:05,1414,60,308,39.6,32.1,635
2024-07-16 11:51:06,1414,60,308,39.6,32.0,633
2024-07-16 11:51:07,1417,60,308,39.6,32.0,627
2024-07-16 11:51:08,1417,60,308,39.6,32.0,636
2024-07-16 11:51:09,1417,60,308,39.6,32.0,632
2024-07-16 11:51:10,1417,60,308,39.6,32.0,638
2024-07-16 11:51:11,1417,60,308,39.6,32.0,638
2024-07-16 11:51:12,1416,60,308,39.6,32.0,628
2024-07-16 11:51:13,1416,60,308,39.6,32.1,638
2024-07-16 11:51:14,1416,60,308,39.6,32.0,642
2024-07-16 11:51:15,1416,60,308,39.6,32.0,638
2024-07-16 11:51:16,1416,60,308,39.6,32.0,639
2024-07-16 11:51:17,1415,60,308,39.6,32.0,629
2024-07-16 11:51:18,1415,60,308,39.6,32.0,631
2024-07-16 11:51:19,1415,60,308,39.6,32.0,637
2024-07-16 11:51:20,1415,60,307,39.6,32.0,637
2024-07-16 11:51:21,1415,60,308,39.6,32.0,638
2024-07-16 11:51:22,1415,60,308,39.6,32.0,647
2024-07-16 11:51:23,1415,60,308,39.6,32.0,640
2024-07-16 11:51:24,1415,60,308,39.6,32.0,641
2024-07-16 11:51:25,1415,60,308,39.6,32.0,642
2024-07-16 11:51:26,1415,60,308,39.6,32.0,653
2024-07-16 11:51:27,1413,60,307,39.6,31.9,642
2024-07-16 11:51:28,1413,60,307,39.6,31.9,652
2024-07-16 11:51:29,1413,60,307,39.6,32.0,647
2024-07-16 11:51:30,1413,60,307,39.6,31.9,654
2024-07-16 11:51:31,1413,60,307,39.6,31.9,657
2024-07-16 11:51:32,1413,60,307,39.6,31.9,649
2024-07-16 11:51:33,1413,60,307,39.6,32.0,654
2024-07-16 11:51:34,1413,60,307,39.6,31.9,656
2024-07-16 11:51:35,1413,60,307,39.6,31.9,654
2024-07-16 11:51:36,1413,60,307,39.6,31.9,660
2024-07-16 11:51:37,1412,60,307,39.6,31.9,663
2024-07-16 11:51:38,1412,60,307,39.6,31.9,661
2024-07-16 11:51:39,1412,60,307,39.6,31.9,662
2024-07-16 11:51:40,1412,60,308,39.6,32.0,667
2024-07-16 11:51:41,1412,60,308,39.6,32.0,667
2024-07-16 11:51:42,1416,60,308,39.6,32.0,666
2024-07-16 11:51:43,1416,60,308,39.6,32.0,662
2024-07-16 11:51:44,1416,60,308,39.6,32.0,669
2024-07-16 11:51:45,1416,60,308,39.6,32.0,675
2024-07-16 11:51:46,1416,60,308,39.6,32.0,672
2024-07-16 11:51:47,1415,60,307,39.6,32.0,670
2024-07-16 11:51:48,1415,60,307,39.6,31.9,672
2024-07-16 11:51:49,1415,60,306,39.6,31.9,673
2024-07-16 11:51:50,1415,60,307,39.6,31.9,674
2024-07-16 11:51:51,1415,60,307,39.6,31.9,677
2024-07-16 11:51:52,1411,60,307,39.6,31.9,672
2024-07-16 11:51:53,1411,60,307,39.6,31.9,679
2024-07-16 11:51:54,1411,60,307,39.6,31.9,679
2024-07-16 11:51:55,1411,60,307,39.6,31.9,687
2024-07-16 11:51:56,1411,60,306,39.6,31.9,675
2024-07-16 11:51:57,1410,60,307,39.6,31.9,679
2024-07-16 11:51:58,1410,60,307,39.6,31.9,683
2024-07-16 11:51:59,1410,60,307,39.6,31.9,685
2024-07-16 11:52:00,1410,60,306,39.6,31.9,694
2024-07-16 11:52:01,1410,60,306,39.6,31.9,683
2024-07-16 11:52:02,1410,60,307,39.6,31.9,698
2024-07-16 11:52:03,1410,60,308,39.6,32.0,692
2024-07-16 11:52:04,1410,60,307,39.6,31.9,699
2024-07-16 11:52:05,1410,60,307,39.6,32.0,698
2024-07-16 11:52:06,1410,60,307,39.6,31.9,700
2024-07-16 11:52:07,1414,60,307,39.6,32.0,690
2024-07-16 11:52:08,1414,60,307,39.6,31.9,690
2024-07-16 11:52:09,1414,60,307,39.6,31.9,700
2024-07-16 11:52:10,1414,60,307,39.6,32.0,697
2024-07-16 11:52:11,1414,60,306,39.6,31.9,707
2024-07-16 11:52:12,1408,60,306,39.6,31.9,708
2024-07-16 11:52:13,1408,60,306,39.6,31.9,708
2024-07-16 11:52:14,1408,60,306,39.6,31.9,719
2024-07-16 11:52:15,1408,60,306,39.6,31.9,719
2024-07-16 11:52:16,1408,60,306,39.6,31.9,721
2024-07-16 11:52:17,1409,60,306,39.6,31.9,716
2024-07-16 11:52:18,1409,60,307,39.6,31.9,723
2024-07-16 11:52:19,1409,60,306,39.6,31.8,724
2024-07-16 11:52:20,1409,60,306,39.6,31.8,727
2024-07-16 11:52:21,1409,60,306,39.6,31.8,725
2024-07-16 11:52:22,1408,60,306,39.6,31.8,731
2024-07-16 11:52:23,1408,60,307,39.6,31.9,734
2024-07-16 11:52:24,1408,60,307,39.6,31.9,731
2024-07-16 11:52:25,1408,60,307,39.6,31.9,736
2024-07-16 11:52:26,1408,60,307,39.6,31.9,733
2024-07-16 11:52:27,1413,60,307,39.6,31.9,731
2024-07-16 11:52:28,1413,60,307,39.6,31.9,732
2024-07-16 11:52:29,1413,60,307,39.6,31.9,738
2024-07-16 11:52:30,1413,60,307,39.6,31.9,729
2024-07-16 11:52:31,1413,60,307,39.6,31.9,740
2024-07-16 11:52:32,1411,60,307,39.6,31.9,737
2024-07-16 11:52:33,1411,60,307,39.6,31.9,739
2024-07-16 11:52:34,1411,60,306,39.6,31.9,737
2024-07-16 11:52:35,1411,60,306,39.6,31.8,743
2024-07-16 11:52:36,1411,60,306,39.6,31.8,749
2024-07-16 11:52:37,1407,60,306,39.6,31.8,739
2024-07-16 11:52:38,1407,60,306,39.6,31.8,742
2024-07-16 11:52:39,1407,60,306,39.6,31.8,747
2024-07-16 11:52:40,1407,60,306,39.6,31.8,746
2024-07-16 11:52:41,1407,60,306,39.6,31.8,746
2024-07-16 11:52:42,1407,60,306,39.6,31.8,742
2024-07-16 11:52:43,1407,60,306,39.6,31.8,747
2024-07-16 11:52:44,1407,60,307,39.6,31.9,746
2024-07-16 11:52:45,1407,60,307,39.6,31.9,752
2024-07-16 11:52:46,1407,60,306,39.6,31.9,750
2024-07-16 11:52:47,1410,60,307,39.6,31.9,753
2024-07-16 11:52:48,1410,60,306,39.6,31.9,756
2024-07-16 11:52:49,1410,60,306,39.6,31.9,759
2024-07-16 11:52:50,1410,60,307,39.6,31.9,755
2024-07-16 11:52:51,1410,60,306,39.6,31.8,755
2024-07-16 11:52:52,1410,60,306,39.6,31.9,764
2024-07-16 11:52:53,1410,60,307,39.6,31.9,756
2024-07-16 11:52:54,1410,60,307,39.6,31.8,756
2024-07-16 11:52:55,1410,60,307,39.6,31.9,762
2024-07-16 11:52:56,1410,60,306,39.6,31.9,764
2024-07-16 11:52:57,1410,60,307,39.6,31.9,770
2024-07-16 11:52:58,1410,60,306,39.6,31.9,766
2024-07-16 11:52:59,1410,60,306,39.6,31.9,773
2024-07-16 11:53:00,1410,60,307,39.6,31.9,777
2024-07-16 11:53:01,1410,60,306,39.6,31.9,777
2024-07-16 11:53:02,1410,60,306,39.6,31.9,780
2024-07-16 11:53:03,1410,60,306,39.6,31.8,785
2024-07-16 11:53:04,1410,60,306,39.6,31.8,788
2024-07-16 11:53:05,1410,60,306,39.6,31.8,794
2024-07-16 11:53:06,1410,60,305,39.6,31.7,802
2024-07-16 11:53:07,1405,60,305,39.6,31.8,799
2024-07-16 11:53:08,1405,60,305,39.6,31.7,802
2024-07-16 11:53:09,1405,60,305,39.6,31.8,798
2024-07-16 11:53:10,1405,60,306,39.6,31.8,812
2024-07-16 11:53:11,1405,60,307,39.6,31.9,807
2024-07-16 11:53:12,1414,60,307,39.6,31.9,815
2024-07-16 11:53:13,1414,60,307,39.6,31.9,811
2024-07-16 11:53:14,1414,60,307,39.6,31.9,812
2024-07-16 11:53:15,1414,60,307,39.6,31.9,815
2024-07-16 11:53:16,1414,60,305,39.6,31.7,821
2024-07-16 11:53:17,1404,60,305,39.6,31.7,822
2024-07-16 11:53:18,1404,60,305,39.6,31.8,835
2024-07-16 11:53:19,1404,60,305,39.6,31.7,829
2024-07-16 11:53:20,1404,60,305,39.6,31.7,839
2024-07-16 11:53:21,1404,60,306,39.6,31.8,829
2024-07-16 11:53:22,1407,60,306,39.6,31.9,839
2024-07-16 11:53:23,1407,60,307,39.6,31.9,842
2024-07-16 11:53:24,1407,60,307,39.6,31.9,844
2024-07-16 11:53:25,1407,60,307,39.6,31.9,844
2024-07-16 11:53:26,1407,60,307,39.6,31.9,842
2024-07-16 11:53:27,1412,60,307,39.6,31.9,833
2024-07-16 11:53:28,1412,60,306,39.6,31.8,833
2024-07-16 11:53:29,1412,60,305,39.6,31.7,828
2024-07-16 11:53:30,1412,60,305,39.6,31.7,823
2024-07-16 11:53:31,1412,60,305,39.6,31.7,822
2024-07-16 11:53:32,1404,60,305,39.6,31.7,824
2024-07-16 11:53:33,1404,60,306,39.6,31.8,819
2024-07-16 11:53:34,1404,60,306,39.6,31.8,823
2024-07-16 11:53:35,1404,60,307,39.6,31.9,821
2024-07-16 11:53:36,1404,60,307,39.6,31.9,806
2024-07-16 11:53:37,1413,60,307,39.6,31.9,805
2024-07-16 11:53:38,1413,60,307,39.6,31.9,806
2024-07-16 11:53:39,1413,60,307,39.6,31.9,807
2024-07-16 11:53:40,1413,60,307,39.6,31.9,807
2024-07-16 11:53:41,1413,60,306,39.6,31.9,804
2024-07-16 11:53:42,1405,60,305,39.6,31.7,796
2024-07-16 11:53:43,1405,60,305,39.6,31.7,796
2024-07-16 11:53:44,1405,60,305,39.6,31.7,800
2024-07-16 11:53:45,1405,60,305,39.6,31.7,800
2024-07-16 11:53:46,1405,60,305,39.6,31.7,803
2024-07-16 11:53:47,1406,60,306,39.6,31.8,803
2024-07-16 11:53:48,1406,60,306,39.6,31.8,807
2024-07-16 11:53:49,1406,60,307,39.6,31.9,802
2024-07-16 11:53:50,1406,60,307,39.6,31.9,804
2024-07-16 11:53:51,1406,60,307,39.6,31.9,802
2024-07-16 11:53:52,1412,60,307,39.6,31.9,796
2024-07-16 11:53:53,1412,60,307,39.6,31.9,789
2024-07-16 11:53:54,1412,60,307,39.6,31.9,782
2024-07-16 11:53:55,1412,60,306,39.6,31.8,775
2024-07-16 11:53:56,1412,60,306,39.6,31.8,770
2024-07-16 11:53:57,1407,60,306,39.6,31.8,767
2024-07-16 11:53:58,1407,60,305,39.6,31.8,759
2024-07-16 11:53:59,1407,60,306,39.6,31.8,754
2024-07-16 11:54:00,1407,60,306,39.6,31.8,741
2024-07-16 11:54:01,1407,60,306,39.6,31.8,738
2024-07-16 11:54:02,1407,60,306,39.6,31.8,730
2024-07-16 11:54:03,1407,60,306,39.6,31.8,734
2024-07-16 11:54:04,1407,60,306,39.6,31.8,722
2024-07-16 11:54:05,1407,60,306,39.6,31.8,716
2024-07-16 11:54:06,1407,60,305,39.6,31.8,720
2024-07-16 11:54:07,1406,60,306,39.6,31.8,709
2024-07-16 11:54:08,1406,60,305,39.6,31.8,717
2024-07-16 11:54:09,1406,60,305,39.6,31.7,705
2024-07-16 11:54:10,1406,60,306,39.6,31.8,713
2024-07-16 11:54:11,1406,60,306,39.6,31.8,703
2024-07-16 11:54:12,1406,60,306,39.6,31.8,697
2024-07-16 11:54:13,1406,60,306,39.6,31.8,696
2024-07-16 11:54:14,1406,60,306,39.6,31.9,705
2024-07-16 11:54:15,1406,60,306,39.6,31.8,698
2024-07-16 11:54:16,1406,60,306,39.6,31.8,703
2024-07-16 11:54:17,1410,60,306,39.6,31.8,699
2024-07-16 11:54:18,1410,60,306,39.6,31.9,690
2024-07-16 11:54:19,1410,60,306,39.6,31.9,695
2024-07-16 11:54:20,1410,60,306,39.6,31.9,696
2024-07-16 11:54:21,1410,60,307,39.6,31.9,697
2024-07-16 11:54:22,1410,60,306,39.6,31.9,705
2024-07-16 11:54:23,1410,60,306,39.6,31.8,699
2024-07-16 11:54:24,1410,60,306,39.6,31.8,700
2024-07-16 11:54:25,1410,60,306,39.6,31.8,706
2024-07-16 11:54:26,1410,60,305,39.6,31.8,697
2024-07-16 11:54:27,1405,60,306,39.6,31.8,700
2024-07-16 11:54:28,1405,60,305,39.6,31.8,694
2024-07-16 11:54:29,1405,60,306,39.6,31.8,694
2024-07-16 11:54:30,1405,60,306,39.6,31.8,697
2024-07-16 11:54:31,1405,60,306,39.6,31.8,699
2024-07-16 11:54:32,1406,60,306,39.6,31.8,702
2024-07-16 11:54:33,1406,60,306,39.6,31.8,703
2024-07-16 11:54:34,1406,60,305,39.6,31.7,695
2024-07-16 11:54:35,1406,60,306,39.6,31.8,696
2024-07-16 11:54:36,1406,60,306,39.6,31.8,692
2024-07-16 11:54:37,1409,60,306,39.6,31.8,694
2024-07-16 11:54:38,1409,60,306,39.6,31.9,693
2024-07-16 11:54:39,1409,60,306,39.6,31.9,695
2024-07-16 11:54:40,1409,60,306,39.6,31.8,693
2024-07-16 11:54:41,1409,60,306,39.6,31.9,688
2024-07-16 11:54:42,1409,60,306,39.6,31.8,693
2024-07-16 11:54:43,1409,60,306,39.6,31.8,687
2024-07-16 11:54:44,1409,60,306,39.6,31.8,695
2024-07-16 11:54:45,1409,60,306,39.6,31.8,690
2024-07-16 11:54:46,1409,60,305,39.6,31.8,683
2024-07-16 11:54:47,1405,60,306,39.6,31.8,686
2024-07-16 11:54:48,1405,60,305,39.6,31.7,683
2024-07-16 11:54:49,1405,60,305,39.6,31.8,691
2024-07-16 11:54:50,1405,60,305,39.6,31.7,689
2024-07-16 11:54:51,1405,60,305,39.6,31.7,691
2024-07-16 11:54:52,1405,60,305,39.6,31.7,688
2024-07-16 11:54:53,1405,60,306,39.6,31.8,684
2024-07-16 11:54:54,1405,60,306,39.6,31.8,681
2024-07-16 11:54:55,1405,60,306,39.6,31.8,685
2024-07-16 11:54:56,1405,60,306,39.6,31.8,684
2024-07-16 11:54:57,1409,60,306,39.6,31.8,686
2024-07-16 11:54:58,1409,60,307,39.6,31.9,673
2024-07-16 11:54:59,1409,60,306,39.6,31.8,672
2024-07-16 11:55:00,1409,60,306,39.6,31.9,678
2024-07-16 11:55:01,1409,60,306,39.6,31.9,676
2024-07-16 11:55:02,1410,60,306,39.6,31.8,675
2024-07-16 11:55:03,1410,60,306,39.6,31.8,670
2024-07-16 11:55:04,1410,60,306,39.6,31.9,674
2024-07-16 11:55:05,1410,60,306,39.6,31.8,675
2024-07-16 11:55:06,1410,60,305,39.6,31.7,667
2024-07-16 11:55:07,1405,60,306,39.6,31.8,671
2024-07-16 11:55:08,1405,60,305,39.6,31.8,668
2024-07-16 11:55:09,1405,60,306,39.6,31.8,675
2024-07-16 11:55:10,1405,60,305,39.6,31.8,668
2024-07-16 11:55:11,1405,60,305,39.6,31.7,678
2024-07-16 11:55:12,1405,60,306,39.6,31.8,670
2024-07-16 11:55:13,1405,60,305,39.6,31.8,667
2024-07-16 11:55:14,1405,60,305,39.6,31.7,667
2024-07-16 11:55:15,1405,60,305,39.6,31.7,666
2024-07-16 11:55:16,1405,60,305,39.6,31.8,665
2024-07-16 11:55:17,1407,60,307,39.6,31.9,665
2024-07-16 11:55:18,1407,60,307,39.6,31.9,663
2024-07-16 11:55:19,1407,60,307,39.6,31.9,668
2024-07-16 11:55:20,1407,60,307,39.6,31.9,663
2024-07-16 11:55:21,1407,60,306,39.6,31.8,664
2024-07-16 11:55:22,1404,60,304,39.6,31.6,662
2024-07-16 11:55:23,1404,60,304,39.6,31.6,661
2024-07-16 11:55:24,1404,60,304,39.6,31.7,656
2024-07-16 11:55:25,1404,60,305,39.6,31.7,653
2024-07-16 11:55:26,1404,60,307,39.6,31.9,660
2024-07-16 11:55:27,1413,60,307,39.6,31.9,666
2024-07-16 11:55:28,1413,60,307,39.6,31.9,656
2024-07-16 11:55:29,1413,60,307,39.6,31.9,665
2024-07-16 11:55:30,1413,60,307,39.6,31.9,668
2024-07-16 11:55:31,1413,60,304,39.6,31.6,665
2024-07-16 11:55:32,1400,60,304,39.6,31.7,658
2024-07-16 11:55:33,1400,60,305,39.6,31.7,658
2024-07-16 11:55:34,1400,60,304,39.6,31.6,665
2024-07-16 11:55:35,1400,60,306,39.6,31.8,652
2024-07-16 11:55:36,1400,60,307,39.6,31.9,655
2024-07-16 11:55:37,1413,60,307,39.6,31.9,653
2024-07-16 11:55:38,1413,60,307,39.6,31.9,654
2024-07-16 11:55:39,1413,60,307,39.6,31.9,651
2024-07-16 11:55:40,1413,60,307,39.6,31.9,657
2024-07-16 11:55:41,1413,60,306,39.6,31.8,651
2024-07-16 11:55:42,1404,60,305,39.6,31.7,659
2024-07-16 11:55:43,1404,60,305,39.6,31.7,662
2024-07-16 11:55:44,1404,60,305,39.6,31.8,649
2024-07-16 11:55:45,1404,60,305,39.6,31.8,648
2024-07-16 11:55:46,1404,60,305,39.6,31.7,655
2024-07-16 11:55:47,1405,60,305,39.6,31.7,655
2024-07-16 11:55:48,1405,60,305,39.6,31.7,652
2024-07-16 11:55:49,1405,60,305,39.6,31.7,648
2024-07-16 11:55:50,1405,60,307,39.6,31.9,652
2024-07-16 11:55:51,1405,60,307,39.6,31.9,648
2024-07-16 11:55:52,1413,60,307,39.6,31.9,650
2024-07-16 11:55:53,1413,60,307,39.6,31.9,650
2024-07-16 11:55:54,1413,60,306,39.6,31.9,648
2024-07-16 11:55:55,1413,60,305,39.6,31.7,649
2024-07-16 11:55:56,1413,60,305,39.6,31.7,659
2024-07-16 11:55:57,1405,60,305,39.6,31.7,659
2024-07-16 11:55:58,1405,60,305,39.6,31.7,648
2024-07-16 11:55:59,1405,60,306,39.6,31.8,650
2024-07-16 11:56:00,1405,60,305,39.6,31.7,652
2024-07-16 11:56:01,1405,60,305,39.6,31.8,650
2024-07-16 11:56:02,1404,60,305,39.6,31.7,649
2024-07-16 11:56:03,1404,60,305,39.6,31.7,649
2024-07-16 11:56:04,1404,60,307,39.6,31.9,652
2024-07-16 11:56:05,1404,60,307,39.6,31.9,661
2024-07-16 11:56:06,1404,60,307,39.6,31.9,654
2024-07-16 11:56:07,1412,60,307,39.6,31.9,650
2024-07-16 11:56:08,1412,60,307,39.6,31.9,652
2024-07-16 11:56:09,1412,60,306,39.6,31.8,654
2024-07-16 11:56:10,1412,60,304,39.6,31.6,653
2024-07-16 11:56:11,1412,60,304,39.6,31.6,661
2024-07-16 11:56:12,1400,60,304,39.6,31.6,656
2024-07-16 11:56:13,1400,60,306,39.6,31.8,656
2024-07-16 11:56:14,1400,60,306,39.6,31.9,664
2024-07-16 11:56:15,1400,60,307,39.6,31.9,661
2024-07-16 11:56:16,1400,60,307,39.6,31.9,657
2024-07-16 11:56:17,1411,60,307,39.6,31.9,652
2024-07-16 11:56:18,1411,60,307,39.6,31.9,655
2024-07-16 11:56:19,1411,60,306,39.6,31.8,655
2024-07-16 11:56:20,1411,60,306,39.6,31.8,651
2024-07-16 11:56:21,1411,60,305,39.6,31.7,664
2024-07-16 11:56:22,1404,60,305,39.6,31.7,656
2024-07-16 11:56:23,1404,60,305,39.6,31.7,655
2024-07-16 11:56:24,1404,60,305,39.6,31.7,664
2024-07-16 11:56:25,1404,60,305,39.6,31.8,656
2024-07-16 11:56:26,1404,60,307,39.6,31.9,663
2024-07-16 11:56:27,1412,60,307,39.6,31.9,660
2024-07-16 11:56:28,1412,60,307,39.6,31.9,657
2024-07-16 11:56:29,1412,60,307,39.6,31.9,653
2024-07-16 11:56:30,1412,60,307,39.6,31.9,657
2024-07-16 11:56:31,1412,60,306,39.6,31.8,659
2024-07-16 11:56:32,1405,60,305,39.6,31.7,662
2024-07-16 11:56:33,1405,60,305,39.6,31.7,665
2024-07-16 11:56:34,1405,60,305,39.6,31.7,662
2024-07-16 11:56:35,1405,60,305,39.6,31.7,670
2024-07-16 11:56:36,1405,60,305,39.6,31.7,661
2024-07-16 11:56:37,1407,60,307,39.6,31.9,666
2024-07-16 11:56:38,1407,60,307,39.6,31.9,659
2024-07-16 11:56:39,1407,60,307,39.6,31.9,661
2024-07-16 11:56:40,1407,60,307,39.6,31.9,668
2024-07-16 11:56:41,1407,60,306,39.6,31.9,667
2024-07-16 11:56:42,1412,60,307,39.6,31.9,665
2024-07-16 11:56:43,1412,60,306,39.6,31.8,673
2024-07-16 11:56:44,1412,60,304,39.6,31.6,668
2024-07-16 11:56:45,1412,60,304,39.6,31.6,668
2024-07-16 11:56:46,1412,60,304,39.6,31.6,672
2024-07-16 11:56:47,1402,60,305,39.6,31.7,675
2024-07-16 11:56:48,1402,60,307,39.6,31.9,684
2024-07-16 11:56:49,1402,60,307,39.6,31.9,672
2024-07-16 11:56:50,1402,60,307,39.6,31.9,668
2024-07-16 11:56:51,1402,60,307,39.6,31.9,675
2024-07-16 11:56:52,1412,60,306,39.6,31.8,674
2024-07-16 11:56:53,1412,60,305,39.6,31.7,674
2024-07-16 11:56:54,1412,60,305,39.6,31.7,684
2024-07-16 11:56:55,1412,60,305,39.6,31.7,675
2024-07-16 11:56:56,1412,60,305,39.6,31.7,680
2024-07-16 11:56:57,1403,60,305,39.6,31.7,682
2024-07-16 11:56:58,1403,60,305,39.6,31.7,679
2024-07-16 11:56:59,1403,60,307,39.6,31.9,677
2024-07-16 11:57:00,1403,60,306,39.6,31.9,684
2024-07-16 11:57:01,1403,60,307,39.6,31.9,689
2024-07-16 11:57:02,1412,60,307,39.6,31.9,687
2024-07-16 11:57:03,1412,60,306,39.6,31.9,684
2024-07-16 11:57:04,1412,60,307,39.6,31.9,687
2024-07-16 11:57:05,1412,60,307,39.6,31.9,686
2024-07-16 11:57:06,1412,60,305,39.6,31.7,690
2024-07-16 11:57:07,1404,60,305,39.6,31.7,688
2024-07-16 11:57:08,1404,60,305,39.6,31.7,692
2024-07-16 11:57:09,1404,60,305,39.6,31.7,692
2024-07-16 11:57:10,1404,60,305,39.6,31.7,697
2024-07-16 11:57:11,1404,60,305,39.6,31.7,695
2024-07-16 11:57:12,1405,60,307,39.6,31.9,698
2024-07-16 11:57:13,1405,60,306,39.6,31.9,692
2024-07-16 11:57:14,1405,60,307,39.6,31.9,697
2024-07-16 11:57:15,1405,60,306,39.6,31.9,705
2024-07-16 11:57:16,1405,60,306,39.6,31.9,705
2024-07-16 11:57:17,1411,60,306,39.6,31.8,701
2024-07-16 11:57:18,1411,60,305,39.6,31.7,703
2024-07-16 11:57:19,1411,60,305,39.6,31.7,702
2024-07-16 11:57:20,1411,60,305,39.6,31.7,712
2024-07-16 11:57:21,1411,60,305,39.6,31.7,716
2024-07-16 11:57:22,1403,60,305,39.6,31.7,709
2024-07-16 11:57:23,1403,60,305,39.6,31.8,711
2024-07-16 11:57:24,1403,60,306,39.6,31.8,711
2024-07-16 11:57:25,1403,60,306,39.6,31.8,722
2024-07-16 11:57:26,1403,60,306,39.6,31.8,715
2024-07-16 11:57:27,1407,60,306,39.6,31.8,717
2024-07-16 11:57:28,1407,60,307,39.6,31.9,721
2024-07-16 11:57:29,1407,60,307,39.6,31.9,725
2024-07-16 11:57:30,1407,60,306,39.6,31.9,723
2024-07-16 11:57:31,1407,60,307,39.6,31.9,718
2024-07-16 11:57:32,1411,60,307,39.6,31.9,729
2024-07-16 11:57:33,1411,60,307,39.6,31.9,737
2024-07-16 11:57:34,1411,60,305,39.6,31.7,729
2024-07-16 11:57:35,1411,60,305,39.6,31.7,736
2024-07-16 11:57:36,1411,60,305,39.6,31.7,737
2024-07-16 11:57:37,1403,60,305,39.6,31.7,736
2024-07-16 11:57:38,1403,60,305,39.6,31.7,736
2024-07-16 11:57:39,1403,60,307,39.6,31.9,735
2024-07-16 11:57:40,1403,60,307,39.6,31.9,741
2024-07-16 11:57:41,1403,60,307,39.6,31.9,745
2024-07-16 11:57:42,1411,60,306,39.6,31.9,745
2024-07-16 11:57:43,1411,60,307,39.6,31.9,747
2024-07-16 11:57:44,1411,60,306,39.6,31.8,746
2024-07-16 11:57:45,1411,60,306,39.6,31.8,751
2024-07-16 11:57:46,1411,60,306,39.6,31.8,752
2024-07-16 11:57:47,1406,60,305,39.6,31.8,742
2024-07-16 11:57:48,1406,60,305,39.6,31.8,758
2024-07-16 11:57:49,1406,60,306,39.6,31.8,758
2024-07-16 11:57:50,1406,60,305,39.6,31.8,756
2024-07-16 11:57:51,1406,60,306,39.6,31.8,761
2024-07-16 11:57:52,1406,60,306,39.6,31.8,762
2024-07-16 11:57:53,1406,60,306,39.6,31.8,766
2024-07-16 11:57:54,1406,60,306,39.6,31.8,769
2024-07-16 11:57:55,1406,60,305,39.6,31.8,777
2024-07-16 11:57:56,1406,60,306,39.6,31.8,768
2024-07-16 11:57:57,1407,60,306,39.6,31.8,784
2024-07-16 11:57:58,1407,60,306,39.6,31.8,772
2024-07-16 11:57:59,1407,60,306,39.6,31.8,788
2024-07-16 11:58:00,1407,60,305,39.6,31.7,780
2024-07-16 11:58:01,1407,60,306,39.6,31.8,781
2024-07-16 11:58:02,1407,60,306,39.6,31.8,785
2024-07-16 11:58:03,1407,60,305,39.6,31.8,792
2024-07-16 11:58:04,1407,60,306,39.6,31.8,792
2024-07-16 11:58:05,1407,60,306,39.6,31.8,799
2024-07-16 11:58:06,1407,60,306,39.6,31.9,799
2024-07-16 11:58:07,1410,60,307,39.6,31.9,800
2024-07-16 11:58:08,1410,60,306,39.6,31.8,806
2024-07-16 11:58:09,1410,60,307,39.6,31.9,802
2024-07-16 11:58:10,1410,60,307,39.6,31.9,807
2024-07-16 11:58:11,1410,60,307,39.6,31.9,807
2024-07-16 11:58:12,1411,60,307,39.6,31.9,809
2024-07-16 11:58:13,1411,60,306,39.6,31.8,811
2024-07-16 11:58:14,1411,60,305,39.6,31.7,812
2024-07-16 11:58:15,1411,60,305,39.6,31.7,815
2024-07-16 11:58:16,1411,60,305,39.6,31.7,820
2024-07-16 11:58:17,1402,60,305,39.6,31.7,818
2024-07-16 11:58:18,1402,60,305,39.6,31.7,827
2024-07-16 11:58:19,1402,60,307,39.6,31.9,829
2024-07-16 11:58:20,1402,60,307,39.6,31.9,826
2024-07-16 11:58:21,1402,60,307,39.6,31.9,831
2024-07-16 11:58:22,1410,60,306,39.6,31.9,833
2024-07-16 11:58:23,1410,60,307,39.6,31.9,837
2024-07-16 11:58:24,1410,60,306,39.6,31.9,836
2024-07-16 11:58:25,1410,60,306,39.6,31.9,836
2024-07-16 11:58:26,1410,60,306,39.6,31.8,845
2024-07-16 11:58:27,1401,60,304,39.6,31.7,841
2024-07-16 11:58:28,1401,60,305,39.6,31.7,843
2024-07-16 11:58:29,1401,60,305,39.6,31.7,845
2024-07-16 11:58:30,1401,60,305,39.6,31.7,847
2024-07-16 11:58:31,1401,60,305,39.6,31.8,850
2024-07-16 11:58:32,1415,60,307,39.6,31.9,844
2024-07-16 11:58:33,1415,60,307,39.6,32.0,854
2024-07-16 11:58:34,1415,60,307,39.6,31.9,855
2024-07-16 11:58:35,1415,60,307,39.6,31.9,864
2024-07-16 11:58:36,1415,60,307,39.6,31.9,857
2024-07-16 11:58:37,1406,60,305,39.6,31.7,864
2024-07-16 11:58:38,1406,60,305,39.6,31.7,867
2024-07-16 11:58:39,1406,60,305,39.6,31.7,870
2024-07-16 11:58:40,1406,60,305,39.6,31.7,876
2024-07-16 11:58:41,1406,60,305,39.6,31.7,873
2024-07-16 11:58:42,1402,60,306,39.6,31.8,873
2024-07-16 11:58:43,1402,60,306,39.6,31.9,878
2024-07-16 11:58:44,1402,60,306,39.6,31.8,882
2024-07-16 11:58:45,1402,60,306,39.6,31.9,877
2024-07-16 11:58:46,1402,60,306,39.6,31.8,888
2024-07-16 11:58:47,1410,60,306,39.6,31.9,886
2024-07-16 11:58:48,1410,60,307,39.6,31.9,883
2024-07-16 11:58:49,1410,60,306,39.6,31.9,891
2024-07-16 11:58:50,1410,60,306,39.6,31.8,893
2024-07-16 11:58:51,1410,60,306,39.6,31.8,895
2024-07-16 11:58:52,1407,60,304,39.6,31.6,900
2024-07-16 11:58:53,1407,60,304,39.6,31.7,896
2024-07-16 11:58:54,1407,60,304,39.6,31.6,903
2024-07-16 11:58:55,1407,60,305,39.6,31.7,902
2024-07-16 11:58:56,1407,60,306,39.6,31.9,900
2024-07-16 11:58:57,1410,60,307,39.6,31.8,908
2024-07-16 11:58:58,1410,60,306,39.6,31.9,908
2024-07-16 11:58:59,1410,60,306,39.6,31.9,908
2024-07-16 11:59:00,1410,60,306,39.6,31.9,911
2024-07-16 11:59:01,1410,60,306,39.6,31.9,908
2024-07-16 11:59:02,1410,60,306,39.6,31.9,916
2024-07-16 11:59:03,1410,60,307,39.6,31.9,918
2024-07-16 11:59:04,1410,60,306,39.6,31.8,920
2024-07-16 11:59:05,1410,60,305,39.6,31.8,916
2024-07-16 11:59:06,1410,60,305,39.6,31.7,920
2024-07-16 11:59:07,1401,60,304,39.6,31.7,921
2024-07-16 11:59:08,1401,60,304,39.6,31.7,923
2024-07-16 11:59:09,1401,60,305,39.6,31.7,924
2024-07-16 11:59:10,1401,60,306,39.6,31.9,924
2024-07-16 11:59:11,1401,60,306,39.6,31.8,926
2024-07-16 11:59:12,1410,60,306,39.6,31.8,926
2024-07-16 11:59:13,1410,60,306,39.6,31.8,928
2024-07-16 11:59:14,1410,60,306,39.6,31.8,928
2024-07-16 11:59:15,1410,60,306,39.6,31.9,930
2024-07-16 11:59:16,1410,60,306,39.6,31.9,930
2024-07-16 11:59:17,1410,60,306,39.6,31.9,934
2024-07-16 11:59:18,1410,60,306,39.6,31.8,936
2024-07-16 11:59:19,1410,60,306,39.6,31.8,932
2024-07-16 11:59:20,1410,60,306,39.6,31.8,938
2024-07-16 11:59:21,1410,60,305,39.6,31.7,938
2024-07-16 11:59:22,1401,60,305,39.6,31.7,937
2024-07-16 11:59:23,1401,60,305,39.6,31.7,949
2024-07-16 11:59:24,1401,60,305,39.6,31.7,943
2024-07-16 11:59:25,1401,60,305,39.6,31.7,944
2024-07-16 11:59:26,1401,60,305,39.6,31.8,944
2024-07-16 11:59:27,1408,60,306,39.6,31.8,946
2024-07-16 11:59:28,1408,60,306,39.6,31.9,946
2024-07-16 11:59:29,1408,60,306,39.6,31.8,945
2024-07-16 11:59:30,1408,60,306,39.6,31.8,946
2024-07-16 11:59:31,1408,60,306,39.6,31.8,952
2024-07-16 11:59:32,1410,60,306,39.6,31.8,949
2024-07-16 11:59:33,1410,60,307,39.6,31.9,950
2024-07-16 11:59:34,1410,60,306,39.6,31.8,948
2024-07-16 11:59:35,1410,60,306,39.6,31.9,953
2024-07-16 11:59:36,1410,60,306,39.6,31.8,953
2024-07-16 11:59:37,1410,60,307,39.6,31.9,953
2024-07-16 11:59:38,1410,60,305,39.6,31.7,949
2024-07-16 11:59:39,1410,60,305,39.6,31.7,954
2024-07-16 11:59:40,1410,60,305,39.6,31.7,956
2024-07-16 11:59:41,1410,60,304,39.6,31.6,966
2024-07-16 11:59:42,1401,60,305,39.6,31.7,960
2024-07-16 11:59:43,1401,60,306,39.6,31.8,967
2024-07-16 11:59:44,1401,60,306,39.6,31.9,959
2024-07-16 11:59:45,1401,60,306,39.6,31.8,964
2024-07-16 11:59:46,1401,60,306,39.6,31.8,959
2024-07-16 11:59:47,1410,60,306,39.6,31.8,962
2024-07-16 11:59:48,1410,60,306,39.6,31.9,962
2024-07-16 11:59:49,1410,60,306,39.6,31.8,964
2024-07-16 11:59:50,1410,60,306,39.6,31.8,961
2024-07-16 11:59:51,1410,60,306,39.6,31.8,954
2024-07-16 11:59:52,1409,60,306,39.6,31.8,958
2024-07-16 11:59:53,1409,60,306,39.6,31.8,963
2024-07-16 11:59:54,1409,60,306,39.6,31.8,966
2024-07-16 11:59:55,1409,60,305,39.6,31.8,964
2024-07-16 11:59:56,1409,60,304,39.6,31.6,964
2024-07-16 11:59:57,1401,60,304,39.6,31.7,966
2024-07-16 11:59:58,1401,60,304,39.6,31.6,973
2024-07-16 11:59:59,1401,60,305,39.6,31.7,966
2024-07-16 12:00:00,1401,60,306,39.6,31.8,972
2024-07-16 12:00:01,1401,60,306,39.6,31.8,977
2024-07-16 12:00:02,1409,60,306,39.6,31.8,973
2024-07-16 12:00:03,1409,60,306,39.6,31.8,969
2024-07-16 12:00:04,1409,60,306,39.6,31.9,978
2024-07-16 12:00:05,1409,60,306,39.6,31.8,976
2024-07-16 12:00:06,1409,60,306,39.6,31.8,976
2024-07-16 12:00:07,1409,60,306,39.6,31.8,977
2024-07-16 12:00:08,1409,60,306,39.6,31.8,976
2024-07-16 12:00:09,1409,60,306,39.6,31.8,979
2024-07-16 12:00:10,1409,60,306,39.6,31.8,978
2024-07-16 12:00:11,1409,60,306,39.6,31.8,981
2024-07-16 12:00:12,1409,60,306,39.6,31.8,982
2024-07-16 12:00:13,1409,60,306,39.6,31.8,983
2024-07-16 12:00:14,1409,60,306,39.6,31.8,985
2024-07-16 12:00:15,1409,60,306,39.6,31.8,988
2024-07-16 12:00:16,1409,60,306,39.6,31.8,988
2024-07-16 12:00:17,1407,60,306,39.6,31.8,987
2024-07-16 12:00:18,1407,60,304,39.6,31.6,990
2024-07-16 12:00:19,1407,60,305,39.6,31.7,992
2024-07-16 12:00:20,1407,60,304,39.6,31.6,983
2024-07-16 12:00:21,1407,60,305,39.6,31.7,994
2024-07-16 12:00:22,1418,60,308,39.6,32.0,996
2024-07-16 12:00:23,1418,60,307,39.6,32.0,998
2024-07-16 12:00:24,1418,60,306,39.6,31.9,999
2024-07-16 12:00:25,1418,60,306,39.6,31.8,1000
2024-07-16 12:00:26,1418,60,306,39.6,31.8,1003
2024-07-16 12:00:27,1409,60,306,39.6,31.8,1006
2024-07-16 12:00:28,1409,60,306,39.6,31.8,1007
2024-07-16 12:00:29,1409,60,305,39.6,31.7,1012
2024-07-16 12:00:30,1409,60,305,39.6,31.7,1012
2024-07-16 12:00:31,1405,60,305,39.6,31.7,1012
2024-07-16 12:00:32,1405,60,305,39.6,31.7,1017
2024-07-16 12:00:33,1405,60,305,39.6,31.7,1019
2024-07-16 12:00:34,1405,60,305,39.6,31.7,1018
2024-07-16 12:00:35,1405,60,305,39.6,31.8,1026
2024-07-16 12:00:36,1405,60,305,39.6,31.7,1027
2024-07-16 12:00:37,1405,60,306,39.6,31.8,1027
2024-07-16 12:00:38,1405,60,306,39.6,31.8,1031
2024-07-16 12:00:39,1405,60,306,39.6,31.8,1036
2024-07-16 12:00:40,1405,60,306,39.6,31.8,1036
2024-07-16 12:00:41,1409,60,306,39.6,31.8,1041
2024-07-16 12:00:42,1409,60,306,39.6,31.8,1044
2024-07-16 12:00:43,1409,60,306,39.6,31.8,1052
2024-07-16 12:00:44,1409,60,306,39.6,31.8,1057
2024-07-16 12:00:45,1409,60,306,39.6,31.8,1056
2024-07-16 12:00:46,1408,60,306,39.6,31.8,1065
2024-07-16 12:00:47,1408,60,306,39.6,31.8,1068
2024-07-16 12:00:48,1408,60,306,39.6,31.8,1073
2024-07-16 12:00:49,1408,60,306,39.6,31.8,1080
2024-07-16 12:00:50,1408,60,306,39.6,31.8,1087
2024-07-16 12:00:51,1410,60,306,39.6,31.8,1093
2024-07-16 12:00:52,1410,60,306,39.6,31.8,1111
2024-07-16 12:00:53,1410,60,306,39.6,31.8,1125
2024-07-16 12:00:54,1410,60,306,39.6,31.8,1133
2024-07-16 12:00:55,1410,60,306,39.6,31.8,1148
2024-07-16 12:00:56,1408,60,306,39.6,31.8,1143
2024-07-16 12:00:57,1408,60,306,39.6,31.8,1177
2024-07-16 12:00:58,1408,60,306,39.6,31.8,1199
2024-07-16 12:00:59,1408,60,306,39.6,31.8,1223
2024-07-16 12:01:00,1408,60,306,39.6,31.8,1253
2024-07-16 12:01:01,1405,60,305,39.6,31.8,1343
2024-07-16 12:01:02,1405,77,305,39.6,31.7,1865
2024-07-16 12:01:03,1405,77,305,39.6,31.7,1851
2024-07-16 12:01:04,1405,90,305,39.6,31.7,2173
2024-07-16 12:01:05,1405,87,309,39.7,32.2,2101
2024-07-16 12:01:06,1438,75,311,39.7,32.4,1808
2024-07-16 12:01:07,1438,77,313,39.7,32.5,1858
2024-07-16 12:01:08,1438,100,317,39.8,32.9,2615
2024-07-16 12:01:09,1438,100,318,39.8,33.0,2794
2024-07-16 12:01:10,1438,100,319,39.8,33.2,2478
2024-07-16 12:01:11,1503,100,322,39.8,33.5,2441
2024-07-16 12:01:12,1503,100,326,39.9,33.9,2487
2024-07-16 12:01:13,1503,100,326,39.9,33.9,2750
2024-07-16 12:01:14,1503,100,327,39.9,34.0,2523
2024-07-16 12:01:15,1503,100,329,40.0,34.2,2649
2024-07-16 12:01:16,1542,100,332,40.0,34.6,2813
2024-07-16 12:01:17,1542,100,333,40.0,34.8,2825
2024-07-16 12:01:18,1542,100,336,40.0,35.0,2836
2024-07-16 12:01:19,1542,100,340,40.1,35.3,2725
2024-07-16 12:01:20,1542,100,342,40.1,35.5,2632
2024-07-16 12:01:21,1588,100,344,40.1,35.8,2562
2024-07-16 12:01:22,1588,100,345,40.1,35.8,2441
2024-07-16 12:01:23,1588,95,347,40.2,36.1,2296
2024-07-16 12:01:24,1588,87,349,40.2,36.3,2106
2024-07-16 12:01:25,1588,80,352,40.2,36.6,1926
2024-07-16 12:01:26,1636,75,353,40.3,36.8,1817
2024-07-16 12:01:27,1636,67,355,40.3,36.9,1621
2024-07-16 12:01:28,1636,66,358,40.3,37.0,1588
2024-07-16 12:01:29,1636,66,343,40.1,35.7,1588
2024-07-16 12:01:30,1636,77,325,39.9,33.8,1868
2024-07-16 12:01:31,1515,96,329,39.9,34.2,2323
2024-07-16 12:01:32,1515,96,337,40.0,35.1,2308
2024-07-16 12:01:33,1515,100,337,40.0,35.1,2449
2024-07-16 12:01:34,1515,100,339,40.0,35.2,2546
2024-07-16 12:01:35,1515,100,340,40.1,35.4,2644
2024-07-16 12:01:36,1597,100,345,40.1,35.8,2639
2024-07-16 12:01:37,1597,100,347,40.2,36.2,2486
2024-07-16 12:01:38,1597,80,348,40.2,36.2,1925
2024-07-16 12:01:39,1597,63,350,40.2,36.4,1523
2024-07-16 12:01:40,1597,60,350,40.2,36.4,1368
2024-07-16 12:01:41,1515,60,321,39.8,33.4,1377
2024-07-16 12:01:42,1515,62,308,39.6,32.1,1495
2024-07-16 12:01:43,1515,76,307,39.6,31.9,1837
2024-07-16 12:01:44,1515,96,308,39.6,32.1,2318
2024-07-16 12:01:45,1515,100,314,39.7,32.7,2499
2024-07-16 12:01:46,1449,100,314,39.7,32.7,2536
2024-07-16 12:01:47,1449,99,316,39.7,32.8,2392
2024-07-16 12:01:48,1449,90,318,39.8,33.1,2180
2024-07-16 12:01:49,1449,91,319,39.8,33.2,2187
2024-07-16 12:01:50,1449,92,322,39.8,33.5,2209
2024-07-16 12:01:51,1493,82,323,39.8,33.6,1980
2024-07-16 12:01:52,1493,83,325,39.9,33.8,2010
2024-07-16 12:01:53,1493,73,329,39.9,34.2,1750
2024-07-16 12:01:54,1493,61,332,40.0,34.5,1483
2024-07-16 12:01:55,1493,60,331,39.9,34.4,1427
2024-07-16 12:01:56,1429,62,314,39.7,32.6,1506
2024-07-16 12:01:57,1429,66,307,39.6,31.7,1585
2024-07-16 12:01:58,1429,60,307,39.6,32.0,1419
2024-07-16 12:01:59,1429,60,309,39.6,32.2,1258
2024-07-16 12:02:00,1429,60,310,39.6,32.2,1214
2024-07-16 12:02:01,1421,60,310,39.6,32.2,1193
2024-07-16 12:02:02,1421,60,308,39.6,32.0,1194
2024-07-16 12:02:03,1421,60,306,39.6,31.9,1164
2024-07-16 12:02:04,1421,60,306,39.6,31.9,1102
2024-07-16 12:02:05,1421,60,306,39.6,31.9,1084
2024-07-16 12:02:06,1414,60,307,39.6,31.9,1068
2024-07-16 12:02:07,1414,60,308,39.6,32.0,1058
2024-07-16 12:02:08,1414,60,308,39.6,32.0,1045
2024-07-16 12:02:09,1414,60,308,39.6,32.0,1031
2024-07-16 12:02:10,1414,60,308,39.6,32.0,1025
2024-07-16 12:02:11,1414,60,308,39.6,32.0,1019
2024-07-16 12:02:12,1417,60,308,39.6,32.0,1011
2024-07-16 12:02:13,1417,60,308,39.6,32.0,1012
2024-07-16 12:02:14,1417,60,308,39.6,32.0,1012
2024-07-16 12:02:15,1417,60,308,39.6,32.0,999
2024-07-16 12:02:16,1417,60,308,39.6,32.0,999
2024-07-16 12:02:17,1417,60,308,39.6,32.0,998
2024-07-16 12:02:18,1417,60,308,39.6,32.0,993
2024-07-16 12:02:19,1417,60,308,39.6,32.0,986
2024-07-16 12:02:20,1417,60,308,39.6,32.0,987
2024-07-16 12:02:21,1416,60,307,39.6,32.0,981
2024-07-16 12:02:22,1416,60,308,39.6,32.0,989
2024-07-16 12:02:23,1416,60,307,39.6,32.0,974
2024-07-16 12:02:24,1416,60,307,39.6,32.0,965
2024-07-16 12:02:25,1416,60,308,39.6,32.0,969
2024-07-16 12:02:26,1416,60,307,39.6,32.0,959
2024-07-16 12:02:27,1416,60,307,39.6,31.9,958
2024-07-16 12:02:28,1416,60,307,39.6,31.9,963
2024-07-16 12:02:29,1416,60,306,39.6,31.9,952
2024-07-16 12:02:30,1416,60,307,39.6,31.9,953
2024-07-16 12:02:31,1411,60,307,39.6,31.9,947
2024-07-16 12:02:32,1411,60,306,39.6,31.9,942
2024-07-16 12:02:33,1411,60,307,39.6,31.9,935
2024-07-16 12:02:34,1411,60,307,39.6,31.9,929
2024-07-16 12:02:35,1411,60,307,39.6,31.9,935
2024-07-16 12:02:36,1412,60,307,39.6,31.9,924
2024-07-16 12:02:37,1412,60,307,39.6,31.9,928
2024-07-16 12:02:38,1412,60,307,39.6,31.9,917
2024-07-16 12:02:39,1412,60,307,39.6,31.9,915
2024-07-16 12:02:40,1412,60,307,39.6,31.9,911
2024-07-16 12:02:41,1415,60,307,39.6,31.9,910
2024-07-16 12:02:42,1415,60,308,39.6,32.0,904
2024-07-16 12:02:43,1415,60,307,39.6,31.9,902
2024-07-16 12:02:44,1415,60,308,39.6,32.0,898
2024-07-16 12:02:45,1415,60,307,39.6,32.0,902
2024-07-16 12:02:46,1415,60,307,39.6,31.9,890
2024-07-16 12:02:47,1415,60,307,39.6,32.0,893
2024-07-16 12:02:48,1415,60,307,39.6,32.0,884
2024-07-16 12:02:49,1415,60,307,39.6,32.0,886
2024-07-16 12:02:50,1415,60,307,39.6,31.9,880
2024-07-16 12:02:51,1410,60,306,39.6,31.8,889
2024-07-16 12:02:52,1410,60,307,39.6,31.9,891
2024-07-16 12:02:53,1410,60,306,39.6,31.9,876
2024-07-16 12:02:54,1410,60,306,39.6,31.8,873
2024-07-16 12:02:55,1410,60,306,39.6,31.8,870
2024-07-16 12:02:56,1409,60,306,39.6,31.8,773
2024-07-16 12:02:57,1409,60,306,39.6,31.8,870
2024-07-16 12:02:58,1409,60,306,39.6,31.9,871
2024-07-16 12:02:59,1409,60,307,39.6,31.9,871
2024-07-16 12:03:00,1409,60,306,39.6,31.8,871
2024-07-16 12:03:01,1409,60,306,39.6,31.8,874
2024-07-16 12:03:02,1409,60,306,39.6,31.8,869
2024-07-16 12:03:03,1409,60,307,39.6,31.9,866
2024-07-16 12:03:04,1409,60,307,39.6,31.9,860
2024-07-16 12:03:05,1409,60,307,39.6,31.9,865
2024-07-16 12:03:06,1413,60,307,39.6,31.9,866
2024-07-16 12:03:07,1413,60,307,39.6,31.9,863
2024-07-16 12:03:08,1413,60,307,39.6,31.9,862
2024-07-16 12:03:09,1413,60,307,39.6,31.9,869
2024-07-16 12:03:10,1413,60,307,39.6,31.9,862
2024-07-16 12:03:11,1413,60,307,39.6,31.9,862
2024-07-16 12:03:12,1413,60,307,39.6,31.9,863
2024-07-16 12:03:13,1413,60,307,39.6,31.9,854
2024-07-16 12:03:14,1413,60,307,39.6,31.9,870
2024-07-16 12:03:15,1413,60,306,39.6,31.9,861
2024-07-16 12:03:16,1408,60,306,39.6,31.8,859
2024-07-16 12:03:17,1408,60,306,39.6,31.8,860
2024-07-16 12:03:18,1408,60,306,39.6,31.8,858
2024-07-16 12:03:19,1408,60,306,39.6,31.8,852
2024-07-16 12:03:20,1408,60,306,39.6,31.8,845
2024-07-16 12:03:21,1408,60,306,39.6,31.8,850
2024-07-16 12:03:22,1408,60,306,39.6,31.8,838
2024-07-16 12:03:23,1408,60,306,39.6,31.8,844
2024-07-16 12:03:24,1408,60,306,39.6,31.8,836
2024-07-16 12:03:25,1408,60,307,39.6,31.9,816
2024-07-16 12:03:26,1412,60,307,39.6,31.9,833
2024-07-16 12:03:27,1412,60,307,39.6,31.9,825
2024-07-16 12:03:28,,,,,,825
2024-07-16 12:03:29,1412,60,307,39.6,31.9,824
2024-07-16 12:03:30,1412,60,307,39.6,31.9,827
2024-07-16 12:03:31,1412,60,307,39.6,31.9,813
2024-07-16 12:03:32,1412,60,307,39.6,31.9,822
2024-07-16 12:03:33,1412,60,306,39.6,31.9,811
2024-07-16 12:03:34,1412,60,307,39.6,31.9,814
2024-07-16 12:03:35,1412,60,306,39.6,31.9,813
2024-07-16 12:03:36,1411,60,307,39.6,31.9,808
2024-07-16 12:03:37,1411,60,306,39.6,31.9,806
2024-07-16 12:03:38,1411,60,306,39.6,31.9,801
2024-07-16 12:03:39,1411,60,307,39.6,31.9,802
2024-07-16 12:03:40,1411,60,307,39.6,31.9,810
2024-07-16 12:03:41,1403,60,305,39.6,31.7,798
2024-07-16 12:03:42,1403,60,305,39.6,31.7,800
2024-07-16 12:03:43,1403,60,305,39.6,31.7,799
2024-07-16 12:03:44,1403,60,305,39.6,31.7,797
2024-07-16 12:03:45,1403,60,307,39.6,31.9,802
2024-07-16 12:03:46,1411,60,306,39.6,31.9,802
2024-07-16 12:03:47,1411,60,306,39.6,31.9,789
2024-07-16 12:03:48,1411,60,306,39.6,31.9,791
2024-07-16 12:03:49,1411,60,307,39.6,31.9,795
2024-07-16 12:03:50,1411,60,306,39.6,31.9,793
2024-07-16 12:03:51,1411,60,307,39.6,31.9,781
2024-07-16 12:03:52,1411,60,306,39.6,31.9,789
2024-07-16 12:03:53,1411,60,306,39.6,31.9,792
2024-07-16 12:03:54,1411,60,307,39.6,31.9,793
2024-07-16 12:03:55,1411,60,306,39.6,31.9,786
2024-07-16 12:03:56,1410,60,306,39.6,31.9,786
2024-07-16 12:03:57,1410,60,306,39.6,31.8,787
2024-07-16 12:03:58,1410,60,306,39.6,31.8,776
2024-07-16 12:03:59,1410,60,306,39.6,31.8,780
2024-07-16 12:04:00,1410,60,306,39.6,31.8,769
2024-07-16 12:04:01,1411,60,306,39.6,31.9,779
2024-07-16 12:04:02,1411,60,307,39.6,31.9,770
2024-07-16 12:04:03,1411,60,306,39.6,31.8,778
2024-07-16 12:04:04,1411,60,306,39.6,31.8,769
2024-07-16 12:04:05,1411,60,306,39.6,31.9,780
2024-07-16 12:04:06,1410,60,306,39.6,31.8,778
2024-07-16 12:04:07,1410,60,306,39.6,31.8,777
2024-07-16 12:04:08,1410,60,306,39.6,31.8,767
2024-07-16 12:04:09,1410,60,306,39.6,31.8,770
2024-07-16 12:04:10,1410,60,306,39.6,31.8,769
2024-07-16 12:04:11,,,,,,769
2024-07-16 12:04:12,1408,60,305,39.6,31.7,764
2024-07-16 12:04:13,1408,60,305,39.6,31.8,773
2024-07-16 12:04:14,1408,60,305,39.6,31.7,769
2024-07-16 12:04:15,1408,60,305,39.6,31.8,771
2024-07-16 12:04:16,,,,,,771
2024-07-16 12:04:17,1409,60,306,39.6,31.8,774
2024-07-16 12:04:18,1409,60,306,39.6,31.8,767
2024-07-16 12:04:19,1409,60,307,39.6,31.9,771
2024-07-16 12:04:20,1409,60,306,39.6,31.8,767
2024-07-16 12:04:21,1409,60,306,39.6,31.8,771
2024-07-16 12:04:22,1409,60,306,39.6,31.8,773
2024-07-16 12:04:23,1409,60,306,39.6,31.8,768
2024-07-16 12:04:24,1409,60,306,39.6,31.8,768
2024-07-16 12:04:25,1409,60,306,39.6,31.8,771
2024-07-16 12:04:26,1409,60,306,39.6,31.8,765
2024-07-16 12:04:27,1409,60,306,39.6,31.8,761
2024-07-16 12:04:28,1409,60,306,39.6,31.8,771
2024-07-16 12:04:29,1409,60,306,39.6,31.8,770
2024-07-16 12:04:30,1409,60,306,39.6,31.8,768
2024-07-16 12:04:31,1409,60,306,39.6,31.8,774
2024-07-16 12:04:32,1409,60,306,39.6,31.8,772
2024-07-16 12:04:33,1409,60,306,39.6,31.8,772
2024-07-16 12:04:34,1409,60,306,39.6,31.8,772
2024-07-16 12:04:35,1409,60,306,39.6,31.8,779
2024-07-16 12:04:36,1409,60,306,39.6,31.8,772
2024-07-16 12:04:37,1409,60,306,39.6,31.8,786
2024-07-16 12:04:38,1409,60,306,39.6,31.8,785
2024-07-16 12:04:39,1409,60,306,39.6,31.8,780
2024-07-16 12:04:40,1409,60,306,39.6,31.8,790
2024-07-16 12:04:41,1409,60,306,39.6,31.8,785
2024-07-16 12:04:42,1410,60,306,39.6,31.9,789
2024-07-16 12:04:43,1410,60,307,39.6,31.9,781
2024-07-16 12:04:44,1410,60,307,39.6,31.9,788
2024-07-16 12:04:45,1410,60,307,39.6,31.9,790
2024-07-16 12:04:46,1410,60,307,39.6,31.9,788
2024-07-16 12:04:47,1412,60,306,39.6,31.9,800
2024-07-16 12:04:48,1412,60,306,39.6,31.9,796
2024-07-16 12:04:49,1412,60,306,39.6,31.8,792
2024-07-16 12:04:50,1412,60,306,39.6,31.8,801
2024-07-16 12:04:51,1412,60,306,39.6,31.8,808
2024-07-16 12:04:52,1409,60,306,39.6,31.8,812
2024-07-16 12:04:53,1409,60,306,39.6,31.8,815
2024-07-16 12:04:54,1409,60,306,39.6,31.8,820
2024-07-16 12:04:55,1409,60,306,39.6,31.8,820
2024-07-16 12:04:56,1409,60,306,39.6,31.8,823
2024-07-16 12:04:57,1408,60,306,39.6,31.8,825
2024-07-16 12:04:58,1408,60,306,39.6,31.8,835
2024-07-16 12:04:59,1408,60,306,39.6,31.8,829
2024-07-16 12:05:00,1408,60,305,39.6,31.8,838
2024-07-16 12:05:01,1408,60,305,39.6,31.7,843
2024-07-16 12:05:02,1405,60,305,39.6,31.7,843
2024-07-16 12:05:03,1405,60,305,39.6,31.7,851
2024-07-16 12:05:04,1405,60,305,39.6,31.7,847
2024-07-16 12:05:05,1405,60,305,39.6,31.7,859
2024-07-16 12:05:06,1405,60,306,39.6,31.8,862
2024-07-16 12:05:07,1409,60,306,39.6,31.8,863
2024-07-16 12:05:08,1409,60,306,39.6,31.8,867
2024-07-16 12:05:09,1409,60,306,39.6,31.8,869
2024-07-16 12:05:10,1409,60,306,39.6,31.8,879
2024-07-16 12:05:11,1409,60,306,39.6,31.8,881
2024-07-16 12:05:12,1408,60,306,39.6,31.8,887
2024-07-16 12:05:13,1408,60,306,39.6,31.9,891
2024-07-16 12:05:14,1408,60,307,39.6,31.9,892
2024-07-16 12:05:15,1408,60,307,39.6,31.9,900
2024-07-16 12:05:16,1408,60,307,39.6,31.9,902
2024-07-16 12:05:17,1413,60,307,39.6,31.9,909
2024-07-16 12:05:18,1413,60,307,39.6,31.9,916
2024-07-16 12:05:19,1413,60,306,39.6,31.8,921
2024-07-16 12:05:20,1413,60,306,39.6,31.8,924
2024-07-16 12:05:21,1413,60,306,39.6,31.8,924
2024-07-16 12:05:22,1408,60,306,39.6,31.8,928
2024-07-16 12:05:23,1408,60,306,39.6,31.8,936
2024-07-16 12:05:24,1408,60,306,39.6,31.8,939
2024-07-16 12:05:25,1408,60,305,39.6,31.8,948
2024-07-16 12:05:26,1408,60,306,39.6,31.8,952
2024-07-16 12:05:27,1408,60,306,39.6,31.8,952
2024-07-16 12:05:28,1408,60,306,39.6,31.8,962
2024-07-16 12:05:29,1408,60,306,39.6,31.8,964
2024-07-16 12:05:30,1408,60,306,39.6,31.8,972
2024-07-16 12:05:31,1408,60,306,39.6,31.8,976
2024-07-16 12:05:32,1408,60,306,39.6,31.8,982
2024-07-16 12:05:33,1408,60,306,39.6,31.8,986
2024-07-16 12:05:34,1408,60,305,39.6,31.7,992
2024-07-16 12:05:35,1408,60,306,39.6,31.8,992
2024-07-16 12:05:36,1408,60,306,39.6,31.8,1001
2024-07-16 12:05:37,1408,60,306,39.6,31.8,1008
2024-07-16 12:05:38,1408,60,306,39.6,31.8,1014
2024-07-16 12:05:39,1408,60,306,39.6,31.8,1021
2024-07-16 12:05:40,1408,60,306,39.6,31.8,1025
2024-07-16 12:05:41,1408,60,306,39.6,31.8,1033
2024-07-16 12:05:42,1408,60,306,39.6,31.8,1044
2024-07-16 12:05:43,1408,60,306,39.6,31.8,1045
2024-07-16 12:05:44,1408,60,306,39.6,31.8,1051
2024-07-16 12:05:45,1408,60,306,39.6,31.8,1061
2024-07-16 12:05:46,1408,60,306,39.6,31.8,1062
2024-07-16 12:05:47,1408,60,306,39.6,31.8,1065
2024-07-16 12:05:48,1408,60,306,39.6,31.8,1071
2024-07-16 12:05:49,1408,60,306,39.6,31.8,1078
2024-07-16 12:05:50,1408,60,306,39.6,31.8,1083
2024-07-16 12:05:51,1408,60,306,39.6,31.8,1088
2024-07-16 12:05:52,1408,60,306,39.6,31.8,1092
2024-07-16 12:05:53,1408,60,306,39.6,31.8,1100
2024-07-16 12:05:54,1408,60,306,39.6,31.8,1102
2024-07-16 12:05:55,1408,60,306,39.6,31.8,1111
2024-07-16 12:05:56,1408,60,306,39.6,31.8,1116
2024-07-16 12:05:57,1407,60,306,39.6,31.8,1127
2024-07-16 12:05:58,1407,60,306,39.6,31.8,1123
2024-07-16 12:05:59,1407,60,306,39.6,31.8,1133
2024-07-16 12:06:00,1407,60,306,39.6,31.8,1134
2024-07-16 12:06:01,1407,60,306,39.6,31.8,1141
2024-07-16 12:06:02,1407,60,306,39.6,31.8,1149
2024-07-16 12:06:03,1407,60,306,39.6,31.8,1151
2024-07-16 12:06:04,1407,60,306,39.6,31.8,1158
2024-07-16 12:06:05,1407,60,306,39.6,31.8,1163
2024-07-16 12:06:06,1407,60,306,39.6,31.8,1170
2024-07-16 12:06:07,1407,60,306,39.6,31.8,1174
2024-07-16 12:06:08,1407,60,306,39.6,31.8,1178
2024-07-16 12:06:09,1407,60,306,39.6,31.8,1183
2024-07-16 12:06:10,1407,60,306,39.6,31.8,1183
2024-07-16 12:06:11,1407,60,306,39.6,31.8,1188
2024-07-16 12:06:12,1408,60,306,39.6,31.8,1194
2024-07-16 12:06:13,1408,60,306,39.6,31.8,1195
2024-07-16 12:06:14,1408,60,306,39.6,31.8,1210
2024-07-16 12:06:15,1408,60,306,39.6,31.8,1206
2024-07-16 12:06:16,1408,60,306,39.6,31.8,1211
2024-07-16 12:06:17,1408,60,306,39.6,31.8,1216
2024-07-16 12:06:18,1408,60,306,39.6,31.8,1221
2024-07-16 12:06:19,1408,60,306,39.6,31.8,1228
2024-07-16 12:06:20,1408,60,306,39.6,31.8,1233
2024-07-16 12:06:21,1408,60,306,39.6,31.8,1242
2024-07-16 12:06:22,1407,60,305,39.6,31.7,1244
2024-07-16 12:06:23,1407,60,306,39.6,31.8,1248
2024-07-16 12:06:24,1407,60,306,39.6,31.8,1255
2024-07-16 12:06:25,1407,60,306,39.6,31.8,1262
2024-07-16 12:06:26,1407,60,306,39.6,31.8,1270
2024-07-16 12:06:27,1407,60,306,39.6,31.8,1274
2024-07-16 12:06:28,1407,60,306,39.6,31.8,1280
2024-07-16 12:06:29,1407,60,305,39.6,31.8,1285
2024-07-16 12:06:30,1407,60,306,39.6,31.8,1292
2024-07-16 12:06:31,1407,60,307,39.6,31.9,1298
2024-07-16 12:06:32,1416,60,307,39.6,32.0,1304
2024-07-16 12:06:33,1416,60,307,39.6,32.0,1316
2024-07-16 12:06:34,1416,60,306,39.6,31.8,1324
2024-07-16 12:06:35,1416,60,305,39.6,31.8,1329
2024-07-16 12:06:36,1416,60,306,39.6,31.8,1340
2024-07-16 12:06:37,1408,60,305,39.6,31.8,1355
2024-07-16 12:06:38,1408,60,306,39.6,31.8,1366
2024-07-16 12:06:39,1408,60,306,39.6,31.8,1377
2024-07-16 12:06:40,1408,60,306,39.6,31.8,1395
2024-07-16 12:06:41,1408,60,306,39.6,31.8,1410
2024-07-16 12:06:42,1408,60,306,39.6,31.8,1439
2024-07-16 12:06:43,1408,60,306,39.6,31.8,1463
2024-07-16 12:06:44,1408,61,306,39.6,31.8,1505
2024-07-16 12:06:45,1408,62,306,39.6,31.8,1834
2024-07-16 12:06:46,1408,76,306,39.6,31.8,2793
2024-07-16 12:06:47,1410,100,307,39.6,32.0,2791
2024-07-16 12:06:48,1410,100,315,39.7,32.7,3067
2024-07-16 12:06:49,1410,100,315,39.8,32.8,3214
2024-07-16 12:06:50,1410,100,317,39.8,32.9,3240
2024-07-16 12:06:51,1410,100,317,39.8,32.9,3247
2024-07-16 12:06:52,1466,100,320,39.8,33.2,3261
2024-07-16 12:06:53,1466,100,321,39.8,33.4,3276
2024-07-16 12:06:54,1466,100,324,39.9,33.7,3271
2024-07-16 12:06:55,1466,100,325,39.9,33.8,3271
2024-07-16 12:06:56,1466,100,329,39.9,34.3,3265
2024-07-16 12:06:57,1527,100,330,40.0,34.5,3265
2024-07-16 12:06:58,1527,100,332,40.0,34.6,3297
2024-07-16 12:06:59,1527,100,336,40.0,34.9,3339
2024-07-16 12:07:00,1527,100,336,40.0,34.9,3382
2024-07-16 12:07:01,1527,100,339,40.1,35.2,3416
2024-07-16 12:07:02,1575,100,340,40.1,35.4,3400
2024-07-16 12:07:03,1575,100,343,40.1,35.7,3397
2024-07-16 12:07:04,1575,100,345,40.2,35.9,3406
2024-07-16 12:07:05,1575,100,349,40.2,36.3,3279
2024-07-16 12:07:06,1575,100,349,40.2,36.3,3049
2024-07-16 12:07:07,1627,100,351,40.2,36.5,2636
2024-07-16 12:07:08,1627,100,354,40.3,36.9,2835
2024-07-16 12:07:09,1627,100,356,40.3,37.0,3208
2024-07-16 12:07:10,1627,100,358,40.3,37.2,3111
2024-07-16 12:07:11,1627,100,360,40.3,37.4,3024
2024-07-16 12:07:12,1694,100,364,40.4,37.9,2677
2024-07-16 12:07:13,1694,100,366,40.4,38.0,2997
2024-07-16 12:07:14,1694,100,367,40.4,38.2,3289
2024-07-16 12:07:15,1694,100,369,40.5,38.4,3217
2024-07-16 12:07:16,1694,100,370,40.5,38.5,3463
2024-07-16 12:07:17,1740,100,372,40.5,38.7,3455
2024-07-16 12:07:18,1740,100,376,40.6,39.1,3445
2024-07-16 12:07:19,1740,100,378,40.6,39.2,3445
2024-07-16 12:07:20,1740,100,379,40.6,39.4,3431
2024-07-16 12:07:21,1740,100,384,40.6,39.9,3411
2024-07-16 12:07:22,1802,100,386,40.7,40.1,3420
2024-07-16 12:07:23,1802,100,387,40.7,40.3,3416
2024-07-16 12:07:24,1802,100,388,40.7,40.4,3417
2024-07-16 12:07:25,1802,100,391,40.7,40.6,3423
2024-07-16 12:07:26,1802,100,393,40.8,40.9,3440
2024-07-16 12:07:27,1847,100,394,40.8,41.0,3434
2024-07-16 12:07:28,1847,100,396,40.8,41.2,3425
2024-07-16 12:07:29,1847,100,402,40.9,41.8,3429
2024-07-16 12:07:30,1847,100,404,40.9,42.1,3425
2024-07-16 12:07:31,1847,100,405,40.9,42.1,3428
2024-07-16 12:07:32,1907,100,407,40.9,42.3,3435
2024-07-16 12:07:33,1907,100,408,40.9,42.5,3430
2024-07-16 12:07:34,1907,100,412,41.0,42.8,3431
2024-07-16 12:07:35,1907,100,414,41.0,43.0,3430
2024-07-16 12:07:36,1907,100,416,41.0,43.2,3439
2024-07-16 12:07:37,1958,100,418,41.0,43.5,3430
2024-07-16 12:07:38,1958,100,422,41.1,43.9,3432
2024-07-16 12:07:39,1958,100,423,41.1,44.0,3432
2024-07-16 12:07:40,1958,100,425,41.1,44.2,3431
2024-07-16 12:07:41,1958,100,428,41.2,44.5,3441
2024-07-16 12:07:42,2014,100,429,41.2,44.6,3435
2024-07-16 12:07:43,2014,100,431,41.2,44.8,3443
2024-07-16 12:07:44,2014,100,434,41.2,45.1,3448
2024-07-16 12:07:45,2014,100,437,41.2,45.4,3443
2024-07-16 12:07:46,2014,100,438,41.3,45.5,3453
2024-07-16 12:07:47,2078,100,443,41.3,46.0,3470
2024-07-16 12:07:48,2078,100,444,41.3,46.2,3464
2024-07-16 12:07:49,2078,100,444,41.3,46.2,3468
2024-07-16 12:07:50,2078,100,446,41.4,46.7,3463
2024-07-16 12:07:51,2078,100,451,41.4,46.9,3468
2024-07-16 12:07:52,2134,100,452,41.4,47.0,3485
2024-07-16 12:07:53,2134,100,453,41.4,47.1,3471
2024-07-16 12:07:54,2134,100,459,41.5,47.7,3465
2024-07-16 12:07:55,2134,100,461,41.5,47.9,3478
2024-07-16 12:07:56,2134,100,462,41.5,48.0,3469
2024-07-16 12:07:57,2196,100,463,41.5,48.2,3449
2024-07-16 12:07:58,2196,100,467,41.6,48.6,3447
2024-07-16 12:07:59,2196,100,468,41.6,48.7,3419
2024-07-16 12:08:00,2196,100,471,41.6,49.0,3291
2024-07-16 12:08:01,2196,100,473,41.6,49.2,3228
2024-07-16 12:08:02,2256,100,474,41.6,49.3,3078
2024-07-16 12:08:03,2256,100,481,41.7,50.0,3317
2024-07-16 12:08:04,2256,100,483,41.7,50.2,3431
2024-07-16 12:08:05,2256,100,483,41.7,50.2,3492
2024-07-16 12:08:06,2256,100,483,41.7,50.2,3502
2024-07-16 12:08:07,2326,100,489,41.8,50.9,3507
2024-07-16 12:08:08,2326,100,491,41.8,51.0,3511
2024-07-16 12:08:09,2326,100,491,41.8,51.1,3490
2024-07-16 12:08:10,2326,100,492,41.8,51.2,3436
2024-07-16 12:08:11,2326,100,497,41.9,51.7,3421
2024-07-16 12:08:12,2373,100,497,41.9,51.7,3290
2024-07-16 12:08:13,2373,100,497,41.8,51.6,3372
2024-07-16 12:08:14,2373,100,496,41.8,51.6,3496
2024-07-16 12:08:15,2373,100,496,41.8,51.5,3484
2024-07-16 12:08:16,2373,100,496,41.8,51.6,3186
2024-07-16 12:08:17,2367,100,496,41.8,51.6,2645
2024-07-16 12:08:18,2367,100,496,41.8,51.6,2732
2024-07-16 12:08:19,2367,100,496,41.8,51.5,3071
2024-07-16 12:08:20,2367,100,496,41.8,51.6,3428
2024-07-16 12:08:21,2367,100,496,41.8,51.7,3544
2024-07-16 12:08:22,2371,100,497,41.8,51.7,3565
2024-07-16 12:08:23,2371,100,498,41.8,51.7,3571
2024-07-16 12:08:24,2371,100,498,41.8,51.7,3543
2024-07-16 12:08:25,2371,100,498,41.8,51.8,3429
2024-07-16 12:08:26,2371,100,498,41.8,51.8,3429
2024-07-16 12:08:27,2377,100,498,41.8,51.8,3000
2024-07-16 12:08:28,2377,100,498,41.8,51.8,2808
2024-07-16 12:08:29,2377,100,498,41.8,51.8,2732
2024-07-16 12:08:30,2377,100,499,41.8,51.9,2592
2024-07-16 12:08:31,2377,100,499,41.8,51.9,2158
2024-07-16 12:08:32,2381,90,499,41.8,51.9,2098
2024-07-16 12:08:33,2381,87,495,41.7,51.4,2222
2024-07-16 12:08:34,2381,92,452,41.2,47.0,2734
2024-07-16 12:08:35,2381,100,441,41.1,45.9,3067
2024-07-16 12:08:36,2381,100,437,41.0,45.5,3069
2024-07-16 12:08:37,2068,100,444,41.1,46.1,2696
2024-07-16 12:08:38,2068,100,454,41.2,47.2,2344
2024-07-16 12:08:39,2068,97,454,41.2,47.2,2369
2024-07-16 12:08:40,2068,98,452,41.2,47.0,2254
2024-07-16 12:08:41,2068,94,451,41.2,46.9,2003
2024-07-16 12:08:42,2134,83,455,41.2,47.3,1923
2024-07-16 12:08:43,2134,80,452,41.2,47.0,1855
2024-07-16 12:08:44,2134,77,430,41.0,44.7,1820
2024-07-16 12:08:45,2134,75,380,40.4,39.5,1806
2024-07-16 12:08:46,2134,75,379,40.3,39.4,1806
2024-07-16 12:08:47,1831,75,400,40.5,41.6,1813
2024-07-16 12:08:48,1831,75,397,40.5,41.3,1825
2024-07-16 12:08:49,1831,76,384,40.4,40.0,1856
2024-07-16 12:08:50,1831,77,385,40.4,40.0,2069
2024-07-16 12:08:51,1831,86,391,40.4,40.7,2500
2024-07-16 12:08:52,1823,100,392,40.5,40.7,2688
2024-07-16 12:08:53,1823,100,396,40.5,41.1,2983
2024-07-16 12:08:54,1823,100,398,40.5,41.4,3501
2024-07-16 12:08:55,1823,100,399,40.5,41.5,3727
2024-07-16 12:08:56,1823,100,401,40.6,41.7,3687
2024-07-16 12:08:57,1876,100,403,40.6,41.9,3664
2024-07-16 12:08:58,1876,100,405,40.6,42.1,3214
2024-07-16 12:08:59,1876,100,407,40.7,42.3,3379
2024-07-16 12:09:00,1876,100,408,40.7,42.4,3432
2024-07-16 12:09:01,1876,100,410,40.7,42.6,3454
2024-07-16 12:09:02,1939,100,415,40.8,43.2,3415
2024-07-16 12:09:03,1939,100,417,40.8,43.3,3419
2024-07-16 12:09:04,1939,100,416,40.8,43.3,3468
2024-07-16 12:09:05,1939,100,419,40.8,43.6,3573
2024-07-16 12:09:06,1939,100,421,40.8,43.8,3606
2024-07-16 12:09:07,1980,100,423,40.9,44.0,3639
2024-07-16 12:09:08,1980,100,424,40.9,44.1,3659
2024-07-16 12:09:09,1980,100,428,40.9,44.5,3647
2024-07-16 12:09:10,1980,100,431,40.9,44.8,3629
2024-07-16 12:09:11,1980,100,433,41.0,45.0,3629
2024-07-16 12:09:12,2038,100,433,41.0,45.1,3647
2024-07-16 12:09:13,2038,100,436,41,45.4,3639
2024-07-16 12:09:14,2038,100,439,41.0,45.6,3563
2024-07-16 12:09:15,2038,100,441,41.1,45.8,3638
2024-07-16 12:09:16,2038,100,442,41.1,46.0,3685
2024-07-16 12:09:17,2092,100,443,41.1,46.1,3705
2024-07-16 12:09:18,2092,100,448,41.1,46.6,3506
2024-07-16 12:09:19,2092,100,450,41.2,46.8,3249
2024-07-16 12:09:20,2092,100,452,41.2,47.0,3199
2024-07-16 12:09:21,2092,100,453,41.2,47.1,3530
2024-07-16 12:09:22,2133,100,455,41.2,47.3,3576
2024-07-16 12:09:23,2133,100,457,41.2,47.6,3664
2024-07-16 12:09:24,2133,100,459,41.3,47.8,3664
2024-07-16 12:09:25,2133,100,462,41.3,48.0,3657
2024-07-16 12:09:26,2133,100,463,41.3,48.2,3679
2024-07-16 12:09:27,2198,100,469,41.4,48.8,3665
2024-07-16 12:09:28,2198,100,470,41.4,48.8,3676
2024-07-16 12:09:29,2198,100,471,41.4,49.0,3677
2024-07-16 12:09:30,2198,100,472,41.4,49.1,3669
2024-07-16 12:09:31,2198,100,475,41.4,49.4,3684
2024-07-16 12:09:32,2249,100,476,41.4,49.5,3676
2024-07-16 12:09:33,2249,100,479,41.5,49.8,3686
2024-07-16 12:09:34,2249,100,481,41.5,50.1,3687
2024-07-16 12:09:35,2249,100,485,41.5,50.4,3697
2024-07-16 12:09:36,2249,100,487,41.6,50.7,3694
2024-07-16 12:09:37,2315,100,489,41.6,50.8,3709
2024-07-16 12:09:38,2315,100,491,41.6,51.0,3703
2024-07-16 12:09:39,2315,100,493,41.6,51.2,3697
2024-07-16 12:09:40,2315,100,495,41.6,51.5,3699
2024-07-16 12:09:41,2315,100,496,41.7,51.6,3687
2024-07-16 12:09:42,2370,100,499,41.7,51.9,3690
2024-07-16 12:09:43,2370,100,500,41.7,51.9,3683
2024-07-16 12:09:44,2370,100,504,41.7,52.4,3690
2024-07-16 12:09:45,2370,100,504,41.7,52.5,3690
2024-07-16 12:09:46,2370,100,504,41.7,52.4,3697
2024-07-16 12:09:47,2385,100,502,41.7,52.1,3692
2024-07-16 12:09:48,2385,100,501,41.7,52.1,3703
2024-07-16 12:09:49,2385,100,502,41.7,52.2,3669
2024-07-16 12:09:50,2385,100,502,41.7,52.2,3571
2024-07-16 12:09:51,2385,100,502,41.7,52.2,3675
2024-07-16 12:09:52,2392,100,503,41.7,52.3,3675
2024-07-16 12:09:53,2392,100,504,41.7,52.4,3708
2024-07-16 12:09:54,2392,100,504,41.7,52.4,3663
2024-07-16 12:09:55,2392,100,504,41.7,52.4,3568
2024-07-16 12:09:56,2392,100,504,41.7,52.5,3451
2024-07-16 12:09:57,2401,100,505,41.7,52.5,3451
2024-07-16 12:09:58,2401,100,503,41.7,52.3,3570
2024-07-16 12:09:59,2401,100,503,41.7,52.3,3380
2024-07-16 12:10:00,2401,100,504,41.7,52.4,2694
2024-07-16 12:10:01,2401,100,504,41.7,52.4,2667
2024-07-16 12:10:02,2399,100,504,41.7,52.4,2846
2024-07-16 12:10:03,2399,100,504,41.7,52.4,2599
2024-07-16 12:10:04,2399,100,505,41.7,52.5,2825
2024-07-16 12:10:05,2399,100,504,41.7,52.5,3257
2024-07-16 12:10:06,2399,100,505,41.7,52.5,3513
2024-07-16 12:10:07,2400,100,505,41.7,52.5,3522
2024-07-16 12:10:08,2400,100,504,41.7,52.4,3572
2024-07-16 12:10:09,2400,100,504,41.7,52.4,3488
2024-07-16 12:10:10,2400,100,504,41.7,52.4,3493
2024-07-16 12:10:11,2400,100,505,41.7,52.5,3507
2024-07-16 12:10:12,2401,100,505,41.7,52.5,3540
2024-07-16 12:10:13,2401,100,505,41.7,52.5,3529
2024-07-16 12:10:14,2401,100,505,41.7,52.5,3554
2024-07-16 12:10:15,2401,100,505,41.7,52.5,3714
2024-07-16 12:10:16,2401,100,506,41.7,52.6,3759
2024-07-16 12:10:17,2405,100,505,41.7,52.6,3710
2024-07-16 12:10:18,2405,100,506,41.7,52.6,3605
2024-07-16 12:10:19,2405,100,506,41.7,52.6,3236
2024-07-16 12:10:20,2405,100,505,41.6,52.5,2872
2024-07-16 12:10:21,2405,100,504,41.6,52.5,2697
2024-07-16 12:10:22,2401,100,505,41.6,52.5,2797
2024-07-16 12:10:23,2401,100,505,41.6,52.5,2586
2024-07-16 12:10:24,2401,100,505,41.6,52.5,2455
2024-07-16 12:10:25,2401,100,505,41.6,52.5,2839
2024-07-16 12:10:26,2401,100,505,41.6,52.5,2729
2024-07-16 12:10:27,2403,100,506,41.7,52.7,2580
2024-07-16 12:10:28,2403,100,506,41.7,52.6,2625
2024-07-16 12:10:29,2403,100,506,41.7,52.6,2493
2024-07-16 12:10:30,2403,100,506,41.7,52.6,2244
2024-07-16 12:10:31,2403,93,506,41.7,52.6,2249
2024-07-16 12:10:32,2406,93,506,41.7,52.6,2019
2024-07-16 12:10:33,2406,84,473,41.3,49.1,1967
2024-07-16 12:10:34,2406,82,452,41.1,47.0,1937
2024-07-16 12:10:35,2406,80,432,40.8,45.0,1973
2024-07-16 12:10:36,2406,82,425,40.7,44.2,2028
2024-07-16 12:10:37,1937,84,415,40.6,43.1,1991
2024-07-16 12:10:38,1937,83,416,40.6,43.5,1921
2024-07-16 12:10:39,1937,80,420,40.7,43.7,1742
2024-07-16 12:10:40,1937,72,421,40.7,43.8,1662
2024-07-16 12:10:41,1937,69,420,40.7,43.7,1620
2024-07-16 12:10:42,1749,67,363,40.0,37.8,1598
2024-07-16 12:10:43,1749,66,337,39.7,35.1,1598
2024-07-16 12:10:44,1749,66,359,39.9,37.3,1583
2024-07-16 12:10:45,1749,66,369,40.0,38.4,1555
2024-07-16 12:10:46,1749,64,351,39.8,36.5,1543
2024-07-16 12:10:47,1601,64,348,39.8,36.2,1532
2024-07-16 12:10:48,1601,63,348,39.8,36.2,1520
2024-07-16 12:10:49,1601,63,348,39.8,35.7,1515
2024-07-16 12:10:50,1601,63,337,39.7,35.1,1505
2024-07-16 12:10:51,1601,62,332,39.6,34.6,1499
2024-07-16 12:10:52,1546,62,335,39.6,34.9,1492
2024-07-16 12:10:53,1546,62,338,39.7,35.2,1484
2024-07-16 12:10:54,1546,61,337,39.7,35.1,1486
2024-07-16 12:10:55,1546,62,331,39.6,34.5,1475
2024-07-16 12:10:56,1546,61,329,39.6,34.2,1471
2024-07-16 12:10:57,1504,61,328,39.6,34.1,1462
2024-07-16 12:10:58,1504,61,328,39.6,34.1,1456
2024-07-16 12:10:59,1504,60,327,39.6,34.0,1463
2024-07-16 12:11:00,1504,61,328,39.6,34.1,1458
2024-07-16 12:11:01,1504,60,326,39.6,33.9,1448
2024-07-16 12:11:02,1484,60,324,39.5,33.7,1438
2024-07-16 12:11:03,1484,60,323,39.5,33.6,1432
2024-07-16 12:11:04,1484,60,323,39.5,33.5,1428
2024-07-16 12:11:05,1484,60,322,39.5,33.5,1415
2024-07-16 12:11:06,1484,60,323,39.5,33.6,1413
2024-07-16 12:11:07,1479,60,322,39.5,33.5,1409
2024-07-16 12:11:08,1479,60,323,39.5,33.5,1405
2024-07-16 12:11:09,1479,60,321,39.5,33.4,1397
2024-07-16 12:11:10,1479,60,320,39.5,33.3,1400
2024-07-16 12:11:11,1479,60,320,39.5,33.3,1388
2024-07-16 12:11:12,1467,60,320,39.5,33.3,1385
2024-07-16 12:11:13,1467,60,320,39.5,33.3,1386
2024-07-16 12:11:14,1467,60,320,39.5,33.3,1378
2024-07-16 12:11:15,1467,60,321,39.5,33.4,1377
2024-07-16 12:11:16,1467,60,322,39.5,33.5,1372
2024-07-16 12:11:17,1475,60,322,39.5,33.5,1371
2024-07-16 12:11:18,1475,60,321,39.5,33.4,1374
2024-07-16 12:11:19,1475,60,320,39.5,33.3,1366
2024-07-16 12:11:20,1475,60,319,39.5,33.2,1367
2024-07-16 12:11:21,1475,60,319,39.5,33.2,1362
2024-07-16 12:11:22,1461,60,319,39.5,33.2,1359
2024-07-16 12:11:23,1461,60,319,39.5,33.2,1355
2024-07-16 12:11:24,1461,60,319,39.5,33.2,1362
2024-07-16 12:11:25,1461,60,319,39.5,33.1,1354
2024-07-16 12:11:26,1461,60,319,39.5,33.2,1351
2024-07-16 12:11:27,1460,60,319,39.5,33.1,1358
2024-07-16 12:11:28,1460,60,319,39.5,33.1,1350
2024-07-16 12:11:29,1460,60,318,39.5,33.0,1350
2024-07-16 12:11:30,1460,60,317,39.5,33.0,1351
2024-07-16 12:11:31,1460,60,317,39.5,33.0,1347
2024-07-16 12:11:32,1453,60,317,39.5,33.0,1347
2024-07-16 12:11:33,1453,60,317,39.5,33.0,1349
2024-07-16 12:11:34,1453,60,317,39.5,32.9,1346
2024-07-16 12:11:35,1453,60,317,39.5,32.9,1350
2024-07-16 12:11:36,1453,60,317,39.5,32.9,1357
2024-07-16 12:11:37,1451,60,316,39.5,32.9,1349
2024-07-16 12:11:38,1451,60,316,39.5,32.9,1353
2024-07-16 12:11:39,1451,60,316,39.5,32.9,1352
2024-07-16 12:11:40,1451,60,317,39.5,32.9,1357
2024-07-16 12:11:41,1451,60,316,39.5,32.9,1354
2024-07-16 12:11:42,1448,60,316,39.5,32.9,1362
2024-07-16 12:11:43,1448,60,316,39.5,32.9,1358
2024-07-16 12:11:44,1448,60,316,39.5,32.8,1363
2024-07-16 12:11:45,1448,60,316,39.5,32.8,1366
2024-07-16 12:11:46,1448,60,315,39.5,32.7,1371
2024-07-16 12:11:47,1440,60,314,39.5,32.7,1371
2024-07-16 12:11:48,1440,60,314,39.5,32.7,1379
2024-07-16 12:11:49,1440,60,314,39.5,32.7,1384
2024-07-16 12:11:50,1440,60,314,39.5,32.6,1388
2024-07-16 12:11:51,1440,60,314,39.5,32.7,1396
2024-07-16 12:11:52,1438,60,314,39.5,32.6,1408
2024-07-16 12:11:53,1438,60,314,39.5,32.6,1423
2024-07-16 12:11:54,1438,60,315,39.5,32.7,1425
2024-07-16 12:11:55,1438,60,315,39.5,32.7,1436
2024-07-16 12:11:56,1438,60,315,39.5,32.8,1451
2024-07-16 12:11:57,1443,60,315,39.5,32.7,1470
2024-07-16 12:11:58,1443,61,315,39.5,32.7,1494
2024-07-16 12:11:59,1443,62,312,39.5,32.5,1540
2024-07-16 12:12:00,1443,64,313,39.5,32.5,1689
2024-07-16 12:12:01,1443,70,317,39.5,33.0,2082
2024-07-16 12:12:02,1452,86,318,39.6,33.1,1893
2024-07-16 12:12:03,1452,78,321,39.6,33.4,2035
2024-07-16 12:12:04,1452,84,321,39.6,33.5,2094
2024-07-16 12:12:05,1452,87,325,39.6,33.8,2019
2024-07-16 12:12:06,1452,84,329,39.7,34.2,1924
2024-07-16 12:12:07,1512,80,330,39.7,34.3,1882
2024-07-16 12:12:08,1512,78,331,39.7,34.4,2224
2024-07-16 12:12:09,1512,92,333,39.8,34.6,2851
2024-07-16 12:12:10,1512,100,335,39.8,34.9,2789
2024-07-16 12:12:11,1512,100,335,39.8,34.9,2798
2024-07-16 12:12:12,1554,100,339,39.8,35.2,2868
2024-07-16 12:12:13,1554,100,339,39.9,35.4,2945
2024-07-16 12:12:14,1554,100,342,39.9,35.6,2846
2024-07-16 12:12:15,1554,100,346,40.0,36.2,2674
2024-07-16 12:12:16,1554,100,349,40.0,36.3,2496
2024-07-16 12:12:17,1610,100,349,40.0,36.3,2401
2024-07-16 12:12:18,1610,100,350,40.0,36.4,2493
2024-07-16 12:12:19,1610,100,353,40.0,36.7,2803
2024-07-16 12:12:20,1610,100,354,40.0,36.8,2803
2024-07-16 12:12:21,1610,100,357,40.1,37.1,3170
2024-07-16 12:12:22,1661,100,359,40.1,37.3,3186
2024-07-16 12:12:23,1661,100,363,40.2,37.8,3128
2024-07-16 12:12:24,1661,100,364,40.2,37.8,2622
2024-07-16 12:12:25,1661,100,365,40.2,38,1940
2024-07-16 12:12:26,1661,80,369,40.2,38.3,1816
2024-07-16 12:12:27,1711,75,370,40.3,38.5,1805
2024-07-16 12:12:28,1711,75,372,40.3,38.7,1870
2024-07-16 12:12:29,1711,78,373,40.3,38.8,1860
2024-07-16 12:12:30,1711,77,376,40.3,39.1,1913
2024-07-16 12:12:31,1711,79,378,40.3,39.3,1988
2024-07-16 12:12:32,1778,82,383,40.4,39.8,1875
2024-07-16 12:12:33,1778,78,383,40.4,39.8,1817
2024-07-16 12:12:34,1778,75,384,40.4,40.0,1718
2024-07-16 12:12:35,1778,71,386,40.5,40.2,1722
2024-07-16 12:12:36,1778,71,380,40.4,39.5,1649
2024-07-16 12:12:37,1670,68,360,40.1,37.4,1616
2024-07-16 12:12:38,1670,67,360,40.1,37.4,1607
2024-07-16 12:12:39,1670,67,350,40.0,36.4,1626
2024-07-16 12:12:40,1670,67,337,39.8,35.1,1669
2024-07-16 12:12:41,1670,69,337,39.8,35.0,1833
2024-07-16 12:12:42,1610,76,346,39.9,35.9,2122
2024-07-16 12:12:43,1610,88,349,40.0,36.3,2871
2024-07-16 12:12:44,1610,100,347,39.9,36.1,2899
2024-07-16 12:12:45,1610,100,347,39.9,36.0,2932
2024-07-16 12:12:46,1610,100,348,40.0,36.5,2968
2024-07-16 12:12:47,1636,100,353,40.0,36.7,2988
2024-07-16 12:12:48,1636,100,358,40.1,37.2,3074
2024-07-16 12:12:49,1636,100,359,40.1,37.4,3111
2024-07-16 12:12:50,1636,100,360,40.1,37.4,3002
2024-07-16 12:12:51,1636,100,361,40.1,37.5,2978
2024-07-16 12:12:52,1686,100,364,40.2,37.9,2251
2024-07-16 12:12:53,1686,93,365,40.2,37.9,2152
2024-07-16 12:12:54,1686,89,368,40.2,38.3,2006
2024-07-16 12:12:55,1686,83,369,40.2,38.5,1657
2024-07-16 12:12:56,1686,69,371,40.3,38.6,1506
2024-07-16 12:12:57,1732,62,374,40.3,38.6,1459
2024-07-16 12:12:58,1732,60,353,40.1,36.7,1442
2024-07-16 12:12:59,1732,60,310,39.5,32.3,1426
2024-07-16 12:13:00,1732,60,308,39.5,32.0,1412
2024-07-16 12:13:01,1732,60,314,39.5,32.7,1403
2024-07-16 12:13:02,1444,60,315,39.5,32.7,1399
2024-07-16 12:13:03,1444,60,314,39.5,32.7,1395
2024-07-16 12:13:04,1444,60,313,39.5,32.6,1392
2024-07-16 12:13:05,1444,60,312,39.5,32.5,1393
2024-07-16 12:13:06,1444,60,311,39.5,32.3,1394
2024-07-16 12:13:07,1424,60,310,39.5,32.3,1394
2024-07-16 12:13:08,1424,60,311,39.5,32.3,1389
2024-07-16 12:13:09,1424,60,312,39.5,32.5,1388
2024-07-16 12:13:10,1424,60,313,39.5,32.5,1391
2024-07-16 12:13:11,1424,60,313,39.5,32.5,1395
2024-07-16 12:13:12,1434,60,312,39.5,32.5,1397
2024-07-16 12:13:13,1434,60,312,39.5,32.5,1400
2024-07-16 12:13:14,1434,60,312,39.5,32.5,1402
2024-07-16 12:13:15,1434,60,312,39.5,32.5,1409
2024-07-16 12:13:16,1434,60,312,39.5,32.4,1416
2024-07-16 12:13:17,1427,60,311,39.5,32.4,1424
2024-07-16 12:13:18,1427,60,311,39.5,32.4,1431
2024-07-16 12:13:19,1427,60,311,39.5,32.3,1444
2024-07-16 12:13:20,1427,60,310,39.5,32.3,1452
2024-07-16 12:13:21,1427,60,311,39.5,32.3,1473
2024-07-16 12:13:22,1425,61,311,39.5,32.3,1491
2024-07-16 12:13:23,1425,62,311,39.5,32.3,1513
2024-07-16 12:13:24,1425,63,311,39.5,32.3,1544
2024-07-16 12:13:25,1425,64,314,39.5,32.7,1580
2024-07-16 12:13:26,1425,65,316,39.6,32.9,1626
2024-07-16 12:13:27,1463,67,318,39.6,33.1,1670
2024-07-16 12:13:28,1463,69,320,39.6,33.2,1707
2024-07-16 12:13:29,1463,71,321,39.6,33.4,2021
2024-07-16 12:13:30,1463,84,326,39.7,33.9,2256
2024-07-16 12:13:31,1463,94,328,39.7,34.2,2479
2024-07-16 12:13:32,1515,100,329,39.8,34.2,2381
2024-07-16 12:13:33,1515,99,330,39.8,34.4,2021
2024-07-16 12:13:34,1515,84,333,39.8,34.7,1759
2024-07-16 12:13:35,1515,73,334,39.8,34.7,1721
2024-07-16 12:13:36,1515,71,336,39.8,35.0,1694
2024-07-16 12:13:37,1561,70,338,39.9,35.2,1703
2024-07-16 12:13:38,1561,71,341,39.9,35.4,1757
2024-07-16 12:13:39,1561,73,345,40.0,35.9,1680
2024-07-16 12:13:40,1561,70,346,40.0,36.0,1727
2024-07-16 12:13:41,1561,72,347,40.0,36.0,1822
2024-07-16 12:13:42,1614,76,348,40.0,36.2,1709
2024-07-16 12:13:43,1614,71,351,40.1,36.5,1658
2024-07-16 12:13:44,1614,69,353,40.1,36.7,1612
2024-07-16 12:13:45,1614,67,354,40.1,36.8,1657
2024-07-16 12:13:46,1614,69,354,40.1,36.8,1843
2024-07-16 12:13:47,1612,76,338,39.9,35.2,2113
2024-07-16 12:13:48,1612,88,333,39.8,34.9,2245
2024-07-16 12:13:49,1612,93,344,39.9,35.8,2233
2024-07-16 12:13:50,1612,93,350,40.0,36.4,2438
2024-07-16 12:13:51,1612,100,350,40.0,36.4,2213
2024-07-16 12:13:52,1618,92,350,40.0,36.4,2213
2024-07-16 12:13:53,1618,92,350,40.0,36.4,2175
2024-07-16 12:13:54,1618,90,354,40.1,36.8,2201
2024-07-16 12:13:55,1618,91,358,40.1,37.2,2171
2024-07-16 12:13:56,1618,90,362,40.2,37.6,1910
2024-07-16 12:13:57,1678,79,363,40.2,37.7,1843
2024-07-16 12:13:58,1678,76,363,40.2,37.8,2151
2024-07-16 12:13:59,1678,89,364,40.2,38.0,2835
2024-07-16 12:14:00,1678,100,368,40.3,38.3,3268
2024-07-16 12:14:01,1678,100,369,40.3,38.4,3138
2024-07-16 12:14:02,1719,100,372,40.3,38.6,3330
2024-07-16 12:14:03,1719,100,375,40.4,39.0,3431
2024-07-16 12:14:04,1719,100,378,40.4,39.3,3429
2024-07-16 12:14:05,1719,100,379,40.4,39.4,3399
2024-07-16 12:14:06,1719,100,380,40.4,39.5,3394
2024-07-16 12:14:07,1774,100,384,40.5,39.9,3345
2024-07-16 12:14:08,1774,100,385,40.5,40.1,3253
2024-07-16 12:14:09,1774,100,386,40.5,40.1,2957
2024-07-16 12:14:10,1774,100,388,40.5,40.6,2409
2024-07-16 12:14:11,1774,100,392,40.6,40.7,1421
2024-07-16 12:14:12,1828,60,393,40.6,40.9,1391
2024-07-16 12:14:13,1828,60,393,40.6,40.9,1367
2024-07-16 12:14:14,1828,60,337,39.9,35.0,1357
2024-07-16 12:14:15,1828,60,304,39.5,31.6,1328
2024-07-16 12:14:16,1828,60,310,39.5,32.2,1302
2024-07-16 12:14:17,1458,60,317,39.6,33.0,1277
2024-07-16 12:14:18,1458,60,313,39.5,32.6,1257
2024-07-16 12:14:19,1458,60,312,39.5,32.4,1231
2024-07-16 12:14:20,1458,60,312,39.5,32.5,1213
2024-07-16 12:14:21,1458,60,313,39.5,32.4,1205
2024-07-16 12:14:22,1428,60,311,39.5,32.3,1191
2024-07-16 12:14:23,1428,60,311,39.5,32.3,
2024-07-16 12:14:24,1428,60,311,39.5,32.3,1165
2024-07-16 12:14:25,1428,60,311,39.5,32.3,1156
2024-07-16 12:14:26,1428,60,311,39.5,32.3,1145
2024-07-16 12:14:27,1426,60,311,39.5,32.3,1142
2024-07-16 12:14:28,1426,60,311,39.5,32.3,1133
2024-07-16 12:14:29,1426,60,311,39.5,32.3,1137
2024-07-16 12:14:30,1426,60,310,39.5,32.3,1125
2024-07-16 12:14:31,1426,60,311,39.5,32.3,1115
2024-07-16 12:14:32,1426,60,311,39.5,32.3,1112
2024-07-16 12:14:33,1426,60,310,39.5,32.3,1104
2024-07-16 12:14:34,1426,60,311,39.5,32.3,1100
2024-07-16 12:14:35,1426,60,311,39.5,32.3,1094
2024-07-16 12:14:36,1426,60,312,39.5,32.4,1097
2024-07-16 12:14:37,1428,60,311,39.5,32.4,1088
2024-07-16 12:14:38,1428,60,311,39.5,32.3,1082
2024-07-16 12:14:39,1428,60,311,39.5,32.3,1082
2024-07-16 12:14:40,1428,60,311,39.5,32.3,1078
2024-07-16 12:14:41,1428,60,310,39.5,32.3,1074
2024-07-16 12:14:42,1422,60,310,39.5,32.2,1071
2024-07-16 12:14:43,1422,60,310,39.5,32.2,1068
2024-07-16 12:14:44,1422,60,310,39.5,32.2,1062
2024-07-16 12:14:45,1422,60,309,39.5,32.2,1059
2024-07-16 12:14:46,1422,60,310,39.5,32.2,1055
2024-07-16 12:14:47,1421,60,309,39.5,32.2,1050
2024-07-16 12:14:48,1421,60,309,39.5,32.2,1045
2024-07-16 12:14:49,1421,60,309,39.5,32.2,1043
2024-07-16 12:14:50,1421,60,310,39.5,32.2,1039
2024-07-16 12:14:51,1421,60,309,39.5,32.2,1037
2024-07-16 12:14:52,1420,60,310,39.5,32.1,1033
2024-07-16 12:14:53,1420,60,309,39.5,32.2,1027
2024-07-16 12:14:54,1420,60,309,39.5,32.1,1026
2024-07-16 12:14:55,1420,60,309,39.5,32.1,1022
2024-07-16 12:14:56,1420,60,309,39.5,32.2,1019
2024-07-16 12:14:57,1418,60,309,39.5,32.2,1017
2024-07-16 12:14:58,1418,60,309,39.5,32.1,1016
2024-07-16 12:14:59,1418,60,309,39.5,32.1,1012
2024-07-16 12:15:00,1418,60,309,39.5,32.1,1008
2024-07-16 12:15:01,1418,60,309,39.5,32.1,1002
2024-07-16 12:15:02,1418,60,309,39.5,32.1,999
2024-07-16 12:15:03,1418,60,308,39.5,32.1,998
2024-07-16 12:15:04,1418,60,309,39.5,32.1,995
2024-07-16 12:15:05,1418,60,309,39.5,32.2,994
2024-07-16 12:15:06,1418,60,310,39.5,32.2,990
2024-07-16 12:15:07,1422,60,309,39.5,32.2,986
2024-07-16 12:15:08,1422,60,310,39.5,32.2,984
2024-07-16 12:15:09,1422,60,309,39.5,32.1,981
2024-07-16 12:15:10,1422,60,309,39.5,32.1,981
2024-07-16 12:15:11,1422,60,309,39.5,32.1,980
2024-07-16 12:15:12,1419,60,309,39.5,32.1,974
2024-07-16 12:15:13,1419,60,308,39.5,32.1,971
2024-07-16 12:15:14,1419,60,308,39.5,32.1,970
2024-07-16 12:15:15,1419,60,308,39.5,32.0,972
2024-07-16 12:15:16,1419,60,309,39.5,32.1,964
2024-07-16 12:15:17,1414,60,308,39.5,32.0,963
2024-07-16 12:15:18,1414,60,308,39.5,32.0,962
2024-07-16 12:15:19,1414,60,308,39.5,32.0,961
2024-07-16 12:15:20,1414,60,308,39.5,32.1,970
2024-07-16 12:15:21,1414,60,308,39.5,32.0,966
2024-07-16 12:15:22,1413,60,308,39.5,32.0,975
2024-07-16 12:15:23,1413,60,308,39.5,32.0,976
2024-07-16 12:15:24,1413,60,308,39.5,32.0,982
2024-07-16 12:15:25,1413,60,308,39.5,32.0,990
2024-07-16 12:15:26,1413,60,308,39.5,32.0,990
2024-07-16 12:15:27,1412,60,308,39.5,32.0,994
2024-07-16 12:15:28,1412,60,308,39.5,32.0,987
2024-07-16 12:15:29,1412,60,308,39.5,32.0,981
2024-07-16 12:15:30,1412,60,307,39.5,32.0,983
2024-07-16 12:15:31,1412,60,308,39.5,32.0,988
2024-07-16 12:15:32,1412,60,308,39.5,32.0,971
2024-07-16 12:15:33,1412,60,307,39.5,31.9,971
2024-07-16 12:15:34,1412,60,308,39.5,32.1,962
2024-07-16 12:15:35,1412,60,309,39.5,32.1,937
2024-07-16 12:15:36,1412,60,309,39.5,32.1,937
2024-07-16 12:15:37,1420,60,309,39.5,32.1,930
2024-07-16 12:15:38,1420,60,307,39.5,31.9,921
2024-07-16 12:15:39,1420,60,307,39.5,32.0,910
2024-07-16 12:15:40,1420,60,307,39.5,32.0,903
2024-07-16 12:15:41,1420,60,307,39.5,31.9,897
2024-07-16 12:15:42,1411,60,307,39.5,32.0,887
2024-07-16 12:15:43,1411,60,307,39.5,32.0,890
2024-07-16 12:15:44,1411,60,307,39.5,31.9,888
2024-07-16 12:15:45,1411,60,307,39.5,31.9,
2024-07-16 12:15:46,1411,60,307,39.5,31.9,867
2024-07-16 12:15:47,1409,60,307,39.5,31.9,863
2024-07-16 12:15:48,1409,60,307,39.5,31.9,863
2024-07-16 12:15:49,1409,60,307,39.5,31.9,
2024-07-16 12:15:50,1409,60,307,39.5,31.9,852
2024-07-16 12:15:51,1409,60,307,39.5,31.9,860
2024-07-16 12:15:52,1408,60,307,39.5,31.9,854
2024-07-16 12:15:53,1408,60,308,39.5,32.0,842
2024-07-16 12:15:54,1408,60,309,39.5,32.1,846
2024-07-16 12:15:55,1408,60,308,39.5,32.1,836
2024-07-16 12:15:56,1408,60,308,39.5,32.1,
2024-07-16 12:15:57,1416,60,308,39.5,32.0,835
2024-07-16 12:15:58,1416,60,307,39.5,31.9,840
2024-07-16 12:15:59,1416,60,306,39.5,31.9,830
2024-07-16 12:16:00,1416,60,307,39.5,31.9,833
2024-07-16 12:16:01,1416,60,307,39.5,31.9,832
2024-07-16 12:16:02,1407,60,306,39.5,31.9,825
2024-07-16 12:16:03,1407,60,306,39.5,31.9,820
2024-07-16 12:16:04,1407,60,307,39.5,31.9,827
2024-07-16 12:16:05,1407,60,306,39.5,31.9,817
2024-07-16 12:16:06,1407,60,306,39.5,31.9,813
2024-07-16 12:16:07,1411,60,308,39.5,32,811
2024-07-16 12:16:08,1411,60,308,39.5,32.0,811
2024-07-16 12:16:09,1411,60,307,39.5,31.9,813
2024-07-16 12:16:10,1411,60,307,39.5,31.9,805
2024-07-16 12:16:11,1411,60,307,39.5,31.9,800
2024-07-16 12:16:12,1410,60,307,39.5,32.0,800
2024-07-16 12:16:13,1410,60,307,39.5,31.9,804
2024-07-16 12:16:14,1410,60,307,39.5,31.9,806
2024-07-16 12:16:15,1410,60,307,39.5,31.9,796
2024-07-16 12:16:16,1410,60,307,39.5,31.9,793
2024-07-16 12:16:17,1410,60,307,39.5,31.9,790
2024-07-16 12:16:18,1410,60,307,39.5,31.9,799
2024-07-16 12:16:19,1410,60,307,39.5,31.9,790
2024-07-16 12:16:20,1410,60,307,39.5,31.9,786
2024-07-16 12:16:21,1410,60,307,39.5,31.9,797
2024-07-16 12:16:22,1410,60,307,39.5,31.9,796
2024-07-16 12:16:23,1410,60,307,39.5,31.9,790
2024-07-16 12:16:24,1410,60,307,39.5,31.9,781
2024-07-16 12:16:25,1410,60,306,39.5,31.8,786
2024-07-16 12:16:26,1410,60,306,39.5,31.8,782
2024-07-16 12:16:27,1404,60,306,39.5,31.8,777
2024-07-16 12:16:28,1404,60,306,39.5,31.8,791
2024-07-16 12:16:29,1404,60,306,39.5,31.8,782
2024-07-16 12:16:30,1404,60,306,39.5,31.8,783
2024-07-16 12:16:31,1404,60,306,39.5,31.8,784
2024-07-16 12:16:32,1408,60,306,39.5,31.9,792
2024-07-16 12:16:33,1408,60,307,39.5,31.9,779
2024-07-16 12:16:34,1408,60,307,39.5,31.9,782
2024-07-16 12:16:35,1408,60,307,39.5,31.9,789
2024-07-16 12:16:36,1408,60,307,39.5,31.9,791
2024-07-16 12:16:37,1411,60,307,39.5,32.0,782
2024-07-16 12:16:38,1411,60,307,39.5,31.9,790
2024-07-16 12:16:39,1411,60,307,39.5,31.9,791
2024-07-16 12:16:40,1411,60,307,39.5,31.9,788
2024-07-16 12:16:41,1411,60,307,39.5,31.9,794
2024-07-16 12:16:42,1406,60,305,39.5,31.7,785
2024-07-16 12:16:43,1406,60,305,39.5,31.7,787
2024-07-16 12:16:44,1406,60,306,39.5,31.8,795
2024-07-16 12:16:45,1406,60,305,39.5,31.7,798
2024-07-16 12:16:46,1406,60,305,39.5,31.7,789
2024-07-16 12:16:47,1405,60,306,39.5,31.9,793
2024-07-16 12:16:48,1405,60,307,39.5,31.9,795
2024-07-16 12:16:49,1405,60,307,39.5,31.9,789
2024-07-16 12:16:50,1405,60,307,39.5,32.0,797
2024-07-16 12:16:51,1405,60,307,39.5,31.9,793
2024-07-16 12:16:52,1409,60,307,39.5,31.9,801
2024-07-16 12:16:53,1409,60,306,39.5,31.8,796
2024-07-16 12:16:54,1409,60,306,39.5,31.8,800
2024-07-16 12:16:55,1409,60,306,39.5,31.8,797
2024-07-16 12:16:56,1409,60,306,39.5,31.9,802
2024-07-16 12:16:57,1405,60,306,39.5,31.8,802
2024-07-16 12:16:58,1405,60,306,39.5,31.8,812
2024-07-16 12:16:59,1405,60,306,39.5,31.8,805
2024-07-16 12:17:00,1405,60,306,39.5,31.8,808
2024-07-16 12:17:01,1405,60,306,39.5,31.8,806
2024-07-16 12:17:02,1404,60,306,39.5,31.8,819
2024-07-16 12:17:03,1404,60,306,39.5,31.8,801
2024-07-16 12:17:04,1404,60,306,39.5,31.8,813
2024-07-16 12:17:05,1404,60,306,39.5,31.8,807
2024-07-16 12:17:06,1404,60,306,39.5,31.9,815
2024-07-16 12:17:07,1408,60,307,39.5,31.9,825
2024-07-16 12:17:08,1408,60,307,39.5,31.9,814
2024-07-16 12:17:09,1408,60,307,39.5,31.9,822
2024-07-16 12:17:10,1408,60,307,39.5,31.9,824
2024-07-16 12:17:11,1408,60,307,39.5,31.9,824
2024-07-16 12:17:12,1408,60,307,39.5,31.9,833
2024-07-16 12:17:13,1408,60,307,39.5,31.9,830
2024-07-16 12:17:14,1408,60,307,39.5,31.9,838
2024-07-16 12:17:15,1408,60,307,39.5,31.9,832
2024-07-16 12:17:16,1408,60,306,39.5,31.9,843
2024-07-16 12:17:17,1408,60,306,39.5,31.9,846
2024-07-16 12:17:18,1408,60,307,39.5,31.8,842
2024-07-16 12:17:19,1408,60,305,39.5,31.7,840
2024-07-16 12:17:20,1408,60,304,39.5,31.6,847
2024-07-16 12:17:21,1408,60,305,39.5,31.7,848
2024-07-16 12:17:22,1400,60,306,39.5,31.8,853
2024-07-16 12:17:23,1400,60,307,39.5,31.9,850
2024-07-16 12:17:24,1400,60,307,39.5,31.9,861
2024-07-16 12:17:25,1400,60,306,39.5,31.9,863
2024-07-16 12:17:26,1400,60,307,39.5,31.9,860
2024-07-16 12:17:27,1408,60,307,39.5,31.9,867
2024-07-16 12:17:28,1408,60,306,39.5,31.9,859
2024-07-16 12:17:29,1408,60,307,39.5,31.9,867
2024-07-16 12:17:30,1408,60,307,39.5,31.9,865
2024-07-16 12:17:31,1408,60,306,39.5,31.8,866
2024-07-16 12:17:32,1408,60,306,39.5,31.9,874
2024-07-16 12:17:33,1408,60,305,39.5,31.8,878
2024-07-16 12:17:34,1408,60,305,39.5,31.8,882
2024-07-16 12:17:35,1408,60,305,39.5,31.7,879
2024-07-16 12:17:36,1408,60,305,39.5,31.7,888
2024-07-16 12:17:37,1404,60,306,39.5,31.8,890
2024-07-16 12:17:38,1404,60,305,39.5,31.7,893
2024-07-16 12:17:39,1404,60,306,39.5,31.8,895
2024-07-16 12:17:40,1404,60,306,39.5,31.8,894
2024-07-16 12:17:41,1404,60,305,39.5,31.8,908
2024-07-16 12:17:42,1410,60,307,39.5,32.0,907
2024-07-16 12:17:43,1410,60,307,39.5,31.9,905
2024-07-16 12:17:44,1410,60,307,39.5,31.9,905
2024-07-16 12:17:45,1410,60,307,39.5,31.9,917
2024-07-16 12:17:46,1410,60,307,39.5,31.9,923
2024-07-16 12:17:47,1407,60,307,39.5,31.9,923
2024-07-16 12:17:48,1407,60,305,39.5,31.7,925
2024-07-16 12:17:49,1407,60,306,39.5,31.7,931
2024-07-16 12:17:50,1407,60,305,39.5,31.7,939
2024-07-16 12:17:51,1407,60,305,39.5,31.7,938
2024-07-16 12:17:52,1402,60,305,39.5,31.7,938
2024-07-16 12:17:53,1402,60,305,39.5,31.7,946
2024-07-16 12:17:54,1402,60,305,39.5,31.8,949
2024-07-16 12:17:55,1402,60,307,39.5,31.9,956
2024-07-16 12:17:56,1402,60,307,39.5,31.9,958
2024-07-16 12:17:57,1410,60,307,39.5,32.0,966
2024-07-16 12:17:58,1410,60,307,39.5,31.9,971
2024-07-16 12:17:59,1410,60,306,39.5,31.9,972
2024-07-16 12:18:00,1410,60,306,39.5,31.8,975
2024-07-16 12:18:01,1410,60,306,39.5,31.8,982
2024-07-16 12:18:02,1404,60,305,39.5,31.8,986
2024-07-16 12:18:03,1404,60,305,39.5,31.7,991
2024-07-16 12:18:04,1404,60,305,39.5,31.7,995
2024-07-16 12:18:05,1404,60,305,39.5,31.7,999
2024-07-16 12:18:06,1404,60,305,39.5,31.7,1003
2024-07-16 12:18:07,1405,60,306,39.5,31.8,1010
2024-07-16 12:18:08,1405,60,307,39.5,31.9,1019
2024-07-16 12:18:09,1405,60,307,39.5,31.9,1023
2024-07-16 12:18:10,1405,60,307,39.5,31.9,1029
2024-07-16 12:18:11,1405,60,307,39.5,31.9,1041
2024-07-16 12:18:12,1409,60,307,39.5,31.9,1045
2024-07-16 12:18:13,1409,60,306,39.5,31.8,1046
2024-07-16 12:18:14,1409,60,306,39.5,31.8,1055
2024-07-16 12:18:15,1409,60,306,39.5,31.8,1061
2024-07-16 12:18:16,1409,60,305,39.5,31.7,1069
2024-07-16 12:18:17,1400,60,305,39.5,31.7,1068
2024-07-16 12:18:18,1400,60,304,39.5,31.6,1082
2024-07-16 12:18:19,1400,60,306,39.5,31.8,1091
2024-07-16 12:18:20,1400,60,306,39.5,31.8,1102
2024-07-16 12:18:21,1400,60,305,39.5,31.7,1107
2024-07-16 12:18:22,1406,60,306,39.5,31.8,1117
2024-07-16 12:18:23,1406,60,307,39.6,31.9,1129
2024-07-16 12:18:24,1406,60,308,39.6,32.0,1143
2024-07-16 12:18:25,1406,60,307,39.6,31.9,1158
2024-07-16 12:18:26,1406,60,307,39.5,31.9,1170
2024-07-16 12:18:27,1408,60,306,39.5,31.8,1189
2024-07-16 12:18:28,1408,60,306,39.5,31.8,1204
2024-07-16 12:18:29,1408,60,306,39.5,31.8,1228
2024-07-16 12:18:30,1408,60,306,39.5,31.8,1228
2024-07-16 12:18:31,1408,60,306,39.5,31.8,1254
2024-07-16 12:18:32,1404,60,306,39.5,31.8,1288
2024-07-16 12:18:33,1404,60,305,39.5,31.8,1315
2024-07-16 12:18:34,1404,60,305,39.5,31.7,1449
2024-07-16 12:18:35,1404,70,305,39.5,31.7,1692
2024-07-16 12:18:36,1404,78,306,39.5,31.8,1888
2024-07-16 12:18:37,1404,65,306,39.5,31.8,1566
2024-07-16 12:18:38,1404,60,307,39.6,31.9,1405
2024-07-16 12:18:39,1404,60,311,39.6,32.4,1387
2024-07-16 12:18:40,1404,60,313,39.6,32.5,1377
2024-07-16 12:18:41,1404,60,306,39.6,31.8,1391
2024-07-16 12:18:42,1391,61,303,39.5,31.5,1472
2024-07-16 12:18:43,1391,63,303,39.5,31.5,1532
2024-07-16 12:18:44,1391,73,308,39.6,32.0,1772
2024-07-16 12:18:45,1391,92,309,39.6,32.1,2211
2024-07-16 12:18:46,1391,65,311,39.6,32.3,1562
2024-07-16 12:18:47,1441,60,313,39.6,32.5,1346
2024-07-16 12:18:48,1441,60,315,39.7,32.8,1352
2024-07-16 12:18:49,1441,60,315,39.7,32.8,1346
2024-07-16 12:18:50,1441,60,304,39.5,31.6,1355
2024-07-16 12:18:51,1441,60,300,39.5,31.2,1374
2024-07-16 12:18:52,1403,60,305,39.5,31.7,1394
2024-07-16 12:18:53,1403,60,307,39.6,31.9,1441
2024-07-16 12:18:54,1403,64,307,39.6,31.9,1540
2024-07-16 12:18:55,1403,79,307,39.6,32.0,1910
2024-07-16 12:18:56,1403,99,307,39.6,31.9,2374
2024-07-16 12:18:57,1414,94,307,39.6,32.0,2267
2024-07-16 12:18:58,1414,100,310,39.6,32.2,2672
2024-07-16 12:18:59,1414,100,314,39.7,32.7,3160
2024-07-16 12:19:00,1414,100,315,39.7,32.8,3399
2024-07-16 12:19:01,1414,100,318,39.7,33.0,3478
2024-07-16 12:19:02,1473,100,319,39.7,33.3,3480
2024-07-16 12:19:03,1473,100,322,39.8,33.5,3456
2024-07-16 12:19:04,1473,100,323,39.8,33.6,3450
2024-07-16 12:19:05,1473,100,324,39.8,33.7,3487
2024-07-16 12:19:06,1473,100,331,39.9,34.4,3464
2024-07-16 12:19:07,1528,100,332,39.9,34.5,3445
2024-07-16 12:19:08,1528,100,332,39.9,34.5,3417
2024-07-16 12:19:09,1528,100,333,39.9,34.6,3402
2024-07-16 12:19:10,1528,100,337,40.0,35.0,3340
2024-07-16 12:19:11,1528,100,338,40.0,35.2,3387
2024-07-16 12:19:12,1564,100,340,40.0,35.4,3476
2024-07-16 12:19:13,1564,100,342,40.0,35.7,3514
2024-07-16 12:19:14,1564,100,346,40.1,36.0,3528
2024-07-16 12:19:15,1564,100,349,40.1,36.3,3517
2024-07-16 12:19:16,1564,100,350,40.1,36.4,3475
2024-07-16 12:19:17,1619,100,351,40.1,36.5,3475
2024-07-16 12:19:18,1619,100,354,40.2,36.8,3421
2024-07-16 12:19:19,1619,100,356,40.2,37.0,3504
2024-07-16 12:19:20,1619,100,357,40.2,37.1,3393
2024-07-16 12:19:21,1619,100,360,40.2,37.4,3337
2024-07-16 12:19:22,1679,100,362,40.3,37.7,3299
2024-07-16 12:19:23,1679,100,367,40.3,38.2,3358
2024-07-16 12:19:24,1679,100,367,40.3,38.2,3436
2024-07-16 12:19:25,1679,100,368,40.4,38.3,3465
2024-07-16 12:19:26,1679,100,372,40.4,38.6,3488
2024-07-16 12:19:27,1729,100,373,40.4,38.7,3521
2024-07-16 12:19:28,1729,100,375,40.4,39.0,3493
2024-07-16 12:19:29,1729,100,378,40.5,39.3,3547
2024-07-16 12:19:30,1729,100,379,40.5,39.4,3549
2024-07-16 12:19:31,1729,100,381,40.5,39.7,3558
2024-07-16 12:19:32,1795,100,386,40.6,40.1,3569
2024-07-16 12:19:33,1795,100,386,40.6,40.2,3561
2024-07-16 12:19:34,1795,100,388,40.6,40.4,3580
2024-07-16 12:19:35,1795,100,391,40.6,40.7,3578
2024-07-16 12:19:36,1795,100,393,40.7,40.9,3591
2024-07-16 12:19:37,1840,100,394,40.7,41.0,3593
2024-07-16 12:19:38,1840,100,396,40.7,41.1,3565
2024-07-16 12:19:39,1840,100,402,40.8,41.8,3348
2024-07-16 12:19:40,1840,100,405,40.8,42.1,2822
2024-07-16 12:19:41,1840,100,406,40.8,42.2,2709
2024-07-16 12:19:42,1896,100,406,40.8,42.2,2477
2024-07-16 12:19:43,1896,98,407,40.8,42.3,2372
2024-07-16 12:19:44,1896,100,409,40.9,42.8,2513
2024-07-16 12:19:45,1896,77,413,40.9,43.0,1851
2024-07-16 12:19:46,1896,73,413,40.9,43.0,1766
2024-07-16 12:19:47,1803,71,399,40.7,41.5,1707
2024-07-16 12:19:48,1803,69,346,40.0,35.9,1672
2024-07-16 12:19:49,1803,67,342,40.0,35.5,1629
2024-07-16 12:19:50,1803,66,355,40.1,36.9,1605
2024-07-16 12:19:51,1803,66,351,40.1,36.5,1597
2024-07-16 12:19:52,1549,64,336,39.9,35.0,1554
2024-07-16 12:19:53,1549,64,336,39.9,34.9,1550
2024-07-16 12:19:54,1549,64,333,39.8,34.6,1554
2024-07-16 12:19:55,1549,65,327,39.7,34.0,1561
2024-07-16 12:19:56,1549,64,325,39.7,33.8,1549
2024-07-16 12:19:57,1514,65,329,39.8,34.2,1567
2024-07-16 12:19:58,1514,68,331,39.8,34.4,1653
2024-07-16 12:19:59,1514,76,332,39.8,34.5,1829
2024-07-16 12:20:00,1514,75,331,39.8,34.4,1806
2024-07-16 12:20:01,1514,73,333,39.8,34.6,1753
2024-07-16 12:20:02,1533,87,334,39.9,34.8,2106
2024-07-16 12:20:03,1533,98,338,39.9,35.2,2369
2024-07-16 12:20:04,1533,94,340,39.9,35.3,2269
2024-07-16 12:20:05,1533,94,343,40.0,35.7,2269
2024-07-16 12:20:06,1533,83,346,40.0,36.0,2002
2024-07-16 12:20:07,1593,79,346,40.0,36.0,1911
2024-07-16 12:20:08,1593,83,349,40.0,36.2,2003
2024-07-16 12:20:09,1593,81,350,40.1,36.4,1957
2024-07-16 12:20:10,1593,81,352,40.1,36.6,1962
2024-07-16 12:20:11,1593,88,354,40.1,36.8,2116
2024-07-16 12:20:12,1644,93,357,40.2,37.1,2243
2024-07-16 12:20:13,1644,100,360,40.2,37.4,2584
2024-07-16 12:20:14,1644,100,362,40.2,37.6,2882
2024-07-16 12:20:15,1644,100,362,40.2,37.9,2869
2024-07-16 12:20:16,1644,100,366,40.3,38.1,2791
2024-07-16 12:20:17,1699,100,367,40.3,38.2,2778
2024-07-16 12:20:18,1699,100,369,40.3,38.4,2914
2024-07-16 12:20:19,1699,100,372,40.3,38.6,2885
2024-07-16 12:20:20,1699,100,373,40.4,38.8,2878
2024-07-16 12:20:21,1699,100,378,40.4,39.3,3166
2024-07-16 12:20:22,1762,100,379,40.4,39.4,2463
2024-07-16 12:20:23,1762,83,380,40.5,39.5,2004
2024-07-16 12:20:24,1762,85,381,40.5,39.7,2048
2024-07-16 12:20:25,1762,88,385,40.5,40.0,2130
2024-07-16 12:20:26,1762,100,386,40.5,40.2,2786
2024-07-16 12:20:27,1805,100,388,40.5,40.4,2596
2024-07-16 12:20:28,1805,96,390,40.6,40.6,2315
2024-07-16 12:20:29,1805,98,393,40.6,40.8,2370
2024-07-16 12:20:30,1805,93,398,40.7,41.4,2248
2024-07-16 12:20:31,1805,87,399,40.7,41.4,2086
2024-07-16 12:20:32,1862,70,400,40.7,41.6,1691
2024-07-16 12:20:33,1862,67,401,40.7,41.7,1609
2024-07-16 12:20:34,1862,67,367,40.3,38.2,1607
2024-07-16 12:20:35,1862,65,344,39.9,35.8,1581
2024-07-16 12:20:36,1862,65,343,39.9,35.7,1578
2024-07-16 12:20:37,1579,66,341,39.9,35.5,1585
2024-07-16 12:20:38,1579,65,334,39.8,34.7,1561
2024-07-16 12:20:39,1579,64,329,39.7,34.2,1554
2024-07-16 12:20:40,1579,65,333,39.8,34.6,1563
2024-07-16 12:20:41,1579,67,334,39.8,34.8,1615
2024-07-16 12:20:42,1530,69,333,39.8,34.6,1660
2024-07-16 12:20:43,1530,74,332,39.8,34.5,1781
2024-07-16 12:20:44,1530,82,332,39.8,34.6,1969
2024-07-16 12:20:45,1530,75,338,39.9,35.1,1809
2024-07-16 12:20:46,1530,65,340,39.9,35.3,1567
2024-07-16 12:20:47,1583,62,343,39.9,35.7,1491
2024-07-16 12:20:48,1583,61,332,39.8,34.5,1465
2024-07-16 12:20:49,1583,60,320,39.7,33.3,1446
2024-07-16 12:20:50,1583,60,313,39.5,32.5,1436
2024-07-16 12:20:51,1583,60,313,39.5,32.5,1410
2024-07-16 12:20:52,1439,60,313,39.5,32.6,1410
2024-07-16 12:20:53,1439,60,313,39.5,32.5,1399
2024-07-16 12:20:54,1439,60,313,39.5,32.6,1388
2024-07-16 12:20:55,1439,60,312,39.5,32.5,1362
2024-07-16 12:20:56,1439,60,312,39.5,32.5,1348
2024-07-16 12:20:57,1434,60,312,39.5,32.4,1343
2024-07-16 12:20:58,1434,60,310,39.5,32.3,1336
2024-07-16 12:20:59,1434,60,310,39.5,32.2,1331
2024-07-16 12:21:00,1434,60,310,39.5,32.3,1328
2024-07-16 12:21:01,1434,60,312,39.5,32.4,1320
2024-07-16 12:21:02,1432,60,312,39.5,32.4,1314
2024-07-16 12:21:03,1432,60,312,39.5,32.4,1314
2024-07-16 12:21:04,1432,60,312,39.5,32.4,1310
2024-07-16 12:21:05,1432,60,311,39.5,32.4,1311
2024-07-16 12:21:06,1432,60,311,39.5,32.4,1324
2024-07-16 12:21:07,1430,60,312,39.5,32.4,1336
2024-07-16 12:21:08,1430,60,311,39.5,32.4,1362
2024-07-16 12:21:09,1430,60,311,39.5,32.3,1386
2024-07-16 12:21:10,1430,60,310,39.5,32.2,1415
2024-07-16 12:21:11,1430,60,310,39.5,32.2,1393
2024-07-16 12:21:12,1422,60,310,39.5,32.2,1346
2024-07-16 12:21:13,1422,60,310,39.5,32.2,1309
2024-07-16 12:21:14,1422,60,310,39.5,32.2,1246
2024-07-16 12:21:15,1422,60,309,39.5,32.2,1219
2024-07-16 12:21:16,1422,60,310,39.5,32.2,1202
2024-07-16 12:21:17,1422,60,310,39.5,32.3,1183
2024-07-16 12:21:18,1422,60,311,39.5,32.4,1170
2024-07-16 12:21:19,1422,60,311,39.5,32.4,1147
2024-07-16 12:21:20,1422,60,311,39.5,32.3,1122
2024-07-16 12:21:21,1422,60,311,39.5,32.3,1102
2024-07-16 12:21:22,1428,60,311,39.5,32.3,1081
2024-07-16 12:21:23,1428,60,309,39.5,32.2,1067
2024-07-16 12:21:24,1428,60,309,39.5,32.1,1055
2024-07-16 12:21:25,1428,60,309,39.5,32.1,1040
2024-07-16 12:21:26,1428,60,309,39.5,32.1,1030
2024-07-16 12:21:27,1415,60,309,39.5,32.1,1017
2024-07-16 12:21:28,1415,60,310,39.5,32.2,1007
2024-07-16 12:21:29,1415,60,311,39.5,32.3,994
2024-07-16 12:21:30,1415,60,310,39.5,32.3,986
2024-07-16 12:21:31,1415,60,311,39.5,32.3,978
2024-07-16 12:21:32,1425,60,310,39.5,32.3,976
2024-07-16 12:21:33,1425,60,310,39.5,32.2,964
2024-07-16 12:21:34,1425,60,309,39.5,32.2,957
2024-07-16 12:21:35,1425,60,308,39.5,32.0,945
2024-07-16 12:21:36,1425,60,308,39.5,32.0,942
2024-07-16 12:21:37,1414,60,308,39.5,32.0,938
2024-07-16 12:21:38,1414,60,308,39.5,32.0,931
2024-07-16 12:21:39,1414,60,308,39.5,32.1,919
2024-07-16 12:21:40,1414,60,309,39.5,32.2,919
2024-07-16 12:21:41,1414,60,309,39.5,32.2,911
2024-07-16 12:21:42,1422,60,309,39.5,32.2,908
2024-07-16 12:21:43,1422,60,310,39.5,32.2,900
2024-07-16 12:21:44,1422,60,310,39.5,32.2,894
2024-07-16 12:21:45,1422,60,309,39.5,32.2,889
2024-07-16 12:21:46,1422,60,310,39.5,32.2,881
2024-07-16 12:21:47,1421,60,309,39.5,32.1,876
2024-07-16 12:21:48,1421,60,307,39.5,32.0,874
2024-07-16 12:21:49,1421,60,307,39.5,32.0,862
2024-07-16 12:21:50,1421,60,307,39.5,32.0,855
2024-07-16 12:21:51,1421,60,307,39.5,32.0,851
2024-07-16 12:21:52,1413,60,309,39.5,32.2,846
2024-07-16 12:21:53,1413,60,310,39.5,32.2,838
2024-07-16 12:21:54,1413,60,310,39.5,32.2,833
2024-07-16 12:21:55,1413,60,310,39.5,32.2,828
2024-07-16 12:21:56,1413,60,310,39.5,32.2,823
2024-07-16 12:21:57,1419,60,309,39.5,32.1,813
2024-07-16 12:21:58,1419,60,307,39.5,31.9,810
2024-07-16 12:21:59,1419,60,307,39.5,31.9,801
2024-07-16 12:22:00,1419,60,307,39.5,31.9,805
2024-07-16 12:22:01,1419,60,307,39.5,31.9,796
2024-07-16 12:22:02,1412,60,308,39.5,32.1,794
2024-07-16 12:22:03,1412,60,309,39.5,32.2,785
2024-07-16 12:22:04,1412,60,310,39.5,32.2,783
2024-07-16 12:22:05,1412,60,310,39.5,32.2,778
2024-07-16 12:22:06,1412,60,309,39.5,32.2,779
2024-07-16 12:22:07,1412,60,307,39.5,31.9,772
2024-07-16 12:22:08,1412,60,307,39.5,31.9,763
2024-07-16 12:22:09,1412,60,307,39.5,31.9,766
2024-07-16 12:22:10,1412,60,307,39.5,31.9,758
2024-07-16 12:22:11,1412,60,307,39.5,31.9,751
2024-07-16 12:22:12,1411,60,308,39.5,32.0,745
2024-07-16 12:22:13,1411,60,308,39.5,32.0,751
2024-07-16 12:22:14,1411,60,308,39.5,32.0,740
2024-07-16 12:22:15,1411,60,308,39.5,32.0,745
2024-07-16 12:22:16,1411,60,309,39.5,32.1,737
2024-07-16 12:22:17,1415,60,309,39.5,32.1,742
2024-07-16 12:22:18,1415,60,308,39.5,32.0,731
2024-07-16 12:22:19,1415,60,308,39.5,32.0,729
2024-07-16 12:22:20,1415,60,308,39.5,32.0,726
2024-07-16 12:22:21,1415,60,308,39.5,32.0,722
2024-07-16 12:22:22,1415,60,308,39.5,32.0,719
2024-07-16 12:22:23,1415,60,306,39.5,31.8,716
2024-07-16 12:22:24,1415,60,306,39.5,31.8,716
2024-07-16 12:22:25,1415,60,306,39.5,31.9,719
2024-07-16 12:22:26,1415,60,306,39.5,31.8,710
2024-07-16 12:22:27,1413,60,307,39.5,32.0,703
2024-07-16 12:22:28,1413,60,308,39.5,32.1,704
2024-07-16 12:22:29,1413,60,309,39.5,32.1,702
2024-07-16 12:22:30,1413,60,308,39.5,32.1,703
2024-07-16 12:22:31,1413,60,308,39.5,32.0,699
2024-07-16 12:22:32,1415,60,308,39.5,32.0,692
2024-07-16 12:22:33,1415,60,307,39.5,32.0,692
2024-07-16 12:22:34,1415,60,308,39.5,32.0,685
2024-07-16 12:22:35,1415,60,307,39.5,31.9,687
2024-07-16 12:22:36,1415,60,305,39.5,31.7,690
2024-07-16 12:22:37,1403,60,305,39.5,31.8,681
2024-07-16 12:22:38,1403,60,306,39.5,31.8,685
2024-07-16 12:22:39,1403,60,306,39.5,31.9,677
2024-07-16 12:22:40,1403,60,308,39.5,32.0,673
2024-07-16 12:22:41,1403,60,308,39.5,32.1,674
2024-07-16 12:22:42,1416,60,308,39.5,32.0,673
2024-07-16 12:22:43,1416,60,308,39.5,32.0,672
2024-07-16 12:22:44,1416,60,308,39.5,32.1,668
2024-07-16 12:22:45,1416,60,307,39.5,32.0,667
2024-07-16 12:22:46,1416,60,307,39.5,31.9,661
2024-07-16 12:22:47,1411,60,307,39.5,31.9,659
2024-07-16 12:22:48,1411,60,307,39.5,31.9,657
2024-07-16 12:22:49,1411,60,306,39.5,31.9,655
2024-07-16 12:22:50,1411,60,306,39.5,31.8,651
2024-07-16 12:22:51,1411,60,306,39.5,31.8,650
2024-07-16 12:22:52,1406,60,306,39.5,31.8,651
2024-07-16 12:22:53,1406,60,306,39.5,31.8,649
2024-07-16 12:22:54,1406,60,306,39.5,31.9,646
2024-07-16 12:22:55,1406,60,306,39.5,31.8,644
2024-07-16 12:22:56,1406,60,308,39.5,32.0,642
2024-07-16 12:22:57,1414,60,308,39.5,32.0,638
2024-07-16 12:22:58,1414,60,308,39.5,32.0,634
2024-07-16 12:22:59,1414,60,307,39.5,32.0,628
2024-07-16 12:23:00,1414,60,308,39.5,32.0,626
2024-07-16 12:23:01,1414,60,307,39.5,31.9,626
2024-07-16 12:23:02,1408,60,306,39.5,31.9,623
2024-07-16 12:23:03,1408,60,307,39.5,31.9,619
2024-07-16 12:23:04,1408,60,307,39.5,31.9,615
2024-07-16 12:23:05,1408,60,307,39.5,31.9,608
2024-07-16 12:23:06,1408,60,307,39.5,31.9,609
2024-07-16 12:23:07,1409,60,307,39.5,31.9,608
2024-07-16 12:23:08,1409,60,307,39.5,31.9,600
2024-07-16 12:23:09,1409,60,306,39.5,31.9,603
2024-07-16 12:23:10,1409,60,306,39.5,31.8,597
2024-07-16 12:23:11,1409,60,306,39.5,31.8,597
2024-07-16 12:23:12,1405,60,306,39.5,31.8,597
2024-07-16 12:23:13,1405,60,306,39.5,31.8,595
2024-07-16 12:23:14,1405,60,306,39.5,31.9,590
2024-07-16 12:23:15,1405,60,307,39.5,31.9,588
2024-07-16 12:23:16,1405,60,306,39.5,31.8,584
2024-07-16 12:23:17,1408,60,306,39.5,31.9,581
2024-07-16 12:23:18,1408,60,306,39.5,31.8,579
2024-07-16 12:23:19,1408,60,306,39.5,31.9,576
2024-07-16 12:23:20,1408,60,307,39.5,31.9,575
2024-07-16 12:23:21,1408,60,307,39.5,32.0,570
2024-07-16 12:23:22,1411,60,307,39.5,32.0,572
2024-07-16 12:23:23,1411,60,308,39.5,32.0,569
2024-07-16 12:23:24,1411,60,307,39.5,32.0,562
2024-07-16 12:23:25,1411,60,307,39.5,31.9,562
2024-07-16 12:23:26,1411,60,306,39.5,31.9,565
2024-07-16 12:23:27,1407,60,306,39.5,31.8,562
2024-07-16 12:23:28,1407,60,306,39.5,31.8,560
2024-07-16 12:23:29,1407,60,306,39.5,31.9,557
2024-07-16 12:23:30,1407,60,306,39.5,31.8,557
2024-07-16 12:23:31,1407,60,306,39.5,31.9,553
2024-07-16 12:23:32,1407,60,306,39.5,31.8,551
2024-07-16 12:23:33,1407,60,306,39.5,31.8,556
2024-07-16 12:23:34,1407,60,306,39.5,31.8,555
2024-07-16 12:23:35,1407,60,306,39.5,31.8,551
2024-07-16 12:23:36,1407,60,306,39.5,31.9,552
2024-07-16 12:23:37,1406,60,306,39.5,31.8,547
2024-07-16 12:23:38,1406,60,306,39.5,31.8,546
2024-07-16 12:23:39,1406,60,306,39.5,31.8,547
2024-07-16 12:23:40,1406,60,306,39.5,31.8,543
2024-07-16 12:23:41,1406,60,306,39.5,31.8,550
2024-07-16 12:23:42,1406,60,306,39.5,31.8,536
2024-07-16 12:23:43,1406,60,306,39.5,31.8,536
2024-07-16 12:23:44,1406,60,306,39.5,31.8,534
2024-07-16 12:23:45,1406,60,306,39.5,31.8,536
2024-07-16 12:23:46,1406,60,306,39.5,31.8,534
2024-07-16 12:23:47,1405,60,306,39.5,31.8,531
2024-07-16 12:23:48,1405,60,306,39.5,31.9,534
2024-07-16 12:23:49,1405,60,307,39.5,31.9,533
2024-07-16 12:23:50,1405,60,307,39.5,31.9,531
2024-07-16 12:23:51,1405,60,306,39.5,31.9,531
2024-07-16 12:23:52,1408,60,307,39.5,31.9,532
2024-07-16 12:23:53,1408,60,306,39.5,31.9,529
2024-07-16 12:23:54,1408,60,306,39.5,31.8,526
2024-07-16 12:23:55,1408,60,306,39.5,31.8,526
2024-07-16 12:23:56,1408,60,307,39.5,31.9,527
2024-07-16 12:23:57,1408,60,307,39.5,31.9,525
2024-07-16 12:23:58,1408,60,306,39.5,31.8,525
2024-07-16 12:23:59,1408,60,306,39.5,31.8,524
2024-07-16 12:24:00,1408,60,305,39.5,31.8,523
2024-07-16 12:24:01,1408,60,305,39.5,31.8,523
2024-07-16 12:24:02,1404,60,306,39.5,31.8,521
2024-07-16 12:24:03,1404,60,305,39.5,31.7,523
2024-07-16 12:24:04,1404,60,306,39.5,31.8,522
2024-07-16 12:24:05,1404,60,306,39.5,31.8,518
2024-07-16 12:24:06,1404,60,306,39.5,31.8,519
2024-07-16 12:24:07,1404,60,306,39.5,31.8,521
2024-07-16 12:24:08,1404,60,306,39.5,31.8,518
2024-07-16 12:24:09,1404,60,306,39.5,31.8,518
2024-07-16 12:24:10,1404,60,306,39.5,31.8,515
2024-07-16 12:24:11,1404,60,307,39.5,31.9,516
2024-07-16 12:24:12,1408,60,306,39.5,31.9,514
2024-07-16 12:24:13,1408,60,306,39.5,31.8,516
2024-07-16 12:24:14,1408,60,306,39.5,31.8,513
2024-07-16 12:24:15,1408,60,306,39.5,31.8,520
2024-07-16 12:24:16,1408,60,306,39.5,31.8,514
2024-07-16 12:24:17,1407,60,306,39.5,31.8,513
2024-07-16 12:24:18,1407,60,306,39.5,31.8,513
2024-07-16 12:24:19,1407,60,306,39.5,31.8,513
2024-07-16 12:24:20,1407,60,307,39.5,31.9,512
2024-07-16 12:24:21,1407,60,307,39.5,31.9,511
2024-07-16 12:24:22,1408,60,306,39.5,31.8,515
2024-07-16 12:24:23,1408,60,306,39.5,31.8,507
2024-07-16 12:24:24,1408,60,306,39.5,31.8,510
2024-07-16 12:24:25,1408,60,306,39.5,31.8,509
2024-07-16 12:24:26,1408,60,307,39.5,31.9,511
2024-07-16 12:24:27,1408,60,306,39.5,31.8,508
2024-07-16 12:24:28,1408,60,305,39.5,31.8,508
2024-07-16 12:24:29,1408,60,306,39.5,31.8,509
2024-07-16 12:24:30,1408,60,306,39.5,31.8,509
2024-07-16 12:24:31,1408,60,306,39.5,31.8,504
2024-07-16 12:24:32,1404,60,305,39.5,31.7,505
2024-07-16 12:24:33,1404,60,306,39.5,31.8,507
2024-07-16 12:24:34,1404,60,305,39.5,31.7,503
2024-07-16 12:24:35,1404,60,305,39.5,31.7,505
2024-07-16 12:24:36,1404,60,305,39.5,31.8,505
2024-07-16 12:24:37,1403,60,305,39.5,31.7,503
2024-07-16 12:24:38,1403,60,306,39.5,31.8,504
2024-07-16 12:24:39,1403,60,306,39.5,31.8,500
2024-07-16 12:24:40,1403,60,306,39.5,31.8,504
2024-07-16 12:24:41,1403,60,306,39.5,31.8,498
2024-07-16 12:24:42,1407,60,306,39.5,31.8,503
2024-07-16 12:24:43,1407,60,306,39.5,31.8,501
2024-07-16 12:24:44,1407,60,306,39.5,31.8,501
2024-07-16 12:24:45,1407,60,306,39.5,31.8,501
2024-07-16 12:24:46,1407,60,306,39.5,31.8,500
2024-07-16 12:24:47,1406,60,306,39.5,31.8,500
2024-07-16 12:24:48,1406,60,306,39.5,31.8,500
2024-07-16 12:24:49,1406,60,306,39.5,31.8,500
2024-07-16 12:24:50,1406,60,306,39.5,31.8,497
2024-07-16 12:24:51,1406,60,306,39.5,31.8,499
2024-07-16 12:24:52,1406,60,306,39.5,31.8,498
2024-07-16 12:24:53,1406,60,306,39.5,31.8,498
2024-07-16 12:24:54,1406,60,306,39.5,31.8,498
2024-07-16 12:24:55,1406,60,306,39.5,31.8,496
2024-07-16 12:24:56,1406,60,306,39.5,31.8,496
2024-07-16 12:24:57,1407,60,306,39.6,31.9,496
2024-07-16 12:24:58,1407,60,307,39.6,31.9,495
2024-07-16 12:24:59,1407,60,306,39.6,31.9,494
2024-07-16 12:25:00,1407,60,307,39.6,31.9,499
2024-07-16 12:25:01,1407,60,307,39.6,31.9,494
2024-07-16 12:25:02,1409,60,306,39.6,31.8,493
2024-07-16 12:25:03,1409,60,306,39.5,31.8,495
2024-07-16 12:25:04,1409,60,306,39.5,31.8,494
2024-07-16 12:25:05,1409,60,306,39.5,31.8,494
2024-07-16 12:25:06,1409,60,306,39.5,31.8,492
2024-07-16 12:25:07,1406,60,306,39.5,31.8,490
2024-07-16 12:25:08,1406,60,306,39.6,31.8,491
2024-07-16 12:25:09,1406,60,306,39.5,31.8,490
2024-07-16 12:25:10,1406,60,306,39.5,31.8,489
2024-07-16 12:25:11,1406,60,305,39.5,31.7,491
2024-07-16 12:25:12,1402,60,305,39.5,31.7,488
2024-07-16 12:25:13,1402,60,305,39.5,31.7,488
2024-07-16 12:25:14,1402,60,305,39.5,31.7,488
2024-07-16 12:25:15,1402,60,305,39.5,31.7,486
2024-07-16 12:25:16,1402,60,305,39.5,31.8,485
2024-07-16 12:25:17,1406,60,306,39.5,31.8,485
2024-07-16 12:25:18,1406,60,306,39.5,31.8,484
2024-07-16 12:25:19,1406,60,306,39.5,31.8,485
2024-07-16 12:25:20,1406,60,306,39.5,31.8,484
2024-07-16 12:25:21,1406,60,306,39.5,31.8,482
2024-07-16 12:25:22,1408,60,307,39.6,31.9,483
2024-07-16 12:25:23,1408,60,307,39.6,31.9,480
2024-07-16 12:25:24,1408,60,307,39.6,31.9,480
2024-07-16 12:25:25,1408,60,307,39.6,31.9,483
2024-07-16 12:25:26,1408,60,306,39.6,31.9,479
2024-07-16 12:25:27,1410,60,307,39.6,31.9,478
2024-07-16 12:25:28,1410,60,306,39.5,31.8,480
2024-07-16 12:25:29,1410,60,306,39.5,31.8,481
2024-07-16 12:25:30,1410,60,306,39.6,31.8,471
2024-07-16 12:25:31,1410,60,306,39.6,31.8,471
2024-07-16 12:25:32,1406,60,306,39.6,31.8,470
2024-07-16 12:25:33,1406,60,305,39.6,31.8,472
2024-07-16 12:25:34,1406,60,306,39.5,31.8,468
2024-07-16 12:25:35,1406,60,306,39.5,31.8,468
2024-07-16 12:25:36,1406,60,306,39.5,31.8,468
2024-07-16 12:25:37,1405,60,306,39.5,31.8,464
2024-07-16 12:25:38,1405,60,306,39.5,31.8,464
2024-07-16 12:25:39,1405,60,306,39.6,31.8,470
2024-07-16 12:25:40,1405,60,305,39.5,31.8,469
2024-07-16 12:25:41,1405,60,306,39.5,31.8,459
2024-07-16 12:25:42,1406,60,306,39.6,31.8,462
2024-07-16 12:25:43,1406,60,306,39.5,31.8,464
2024-07-16 12:25:44,1406,60,306,39.5,31.8,460
2024-07-16 12:25:45,1406,60,306,39.5,31.8,466
2024-07-16 12:25:46,1406,60,306,39.6,31.8,459
2024-07-16 12:25:47,1405,60,306,39.5,31.8,459
2024-07-16 12:25:48,1405,60,306,39.5,31.8,461
2024-07-16 12:25:49,1405,60,306,39.5,31.8,455
2024-07-16 12:25:50,1405,60,306,39.5,31.8,458
2024-07-16 12:25:51,1405,60,306,39.5,31.8,460
2024-07-16 12:25:52,1405,60,306,39.5,31.8,457
2024-07-16 12:25:53,1405,60,306,39.5,31.8,457
2024-07-16 12:25:54,1405,60,306,39.5,31.8,454
2024-07-16 12:25:55,1405,60,306,39.6,31.8,454
2024-07-16 12:25:56,1405,60,306,39.5,31.8,454
2024-07-16 12:25:57,1405,60,305,39.6,31.8,456
2024-07-16 12:25:58,1405,60,306,39.6,31.8,454
2024-07-16 12:25:59,1405,60,306,39.6,31.8,457
2024-07-16 12:26:00,1405,60,306,39.6,31.8,455
2024-07-16 12:26:01,1405,60,306,39.6,31.8,452
2024-07-16 12:26:02,1406,60,306,39.6,31.8,452
2024-07-16 12:26:03,1406,60,307,39.6,31.9,447
2024-07-16 12:26:04,1406,60,307,39.6,31.9,451
2024-07-16 12:26:05,1406,60,307,39.6,31.9,451
2024-07-16 12:26:06,1406,60,307,39.6,31.9,449
2024-07-16 12:26:07,1406,60,306,39.6,31.8,451
2024-07-16 12:26:08,1406,60,306,39.5,31.8,450
2024-07-16 12:26:09,1406,60,305,39.5,31.7,451
2024-07-16 12:26:10,1406,60,305,39.5,31.7,450
2024-07-16 12:26:11,1406,60,306,39.5,31.8,446
2024-07-16 12:26:12,1403,60,305,39.5,31.8,447
2024-07-16 12:26:13,1403,60,306,39.5,31.8,448
2024-07-16 12:26:14,1403,60,306,39.5,31.8,450
2024-07-16 12:26:15,1403,60,305,39.5,31.8,446
2024-07-16 12:26:16,1403,60,305,39.5,31.7,446
2024-07-16 12:26:17,1404,60,305,39.5,31.7,444
2024-07-16 12:26:18,1404,60,305,39.5,31.8,445
2024-07-16 12:26:19,1404,60,306,39.6,31.8,444
2024-07-16 12:26:20,1404,60,307,39.6,31.9,445
2024-07-16 12:26:21,1404,60,306,39.6,31.8,445
2024-07-16 12:26:22,1409,60,306,39.6,31.9,445
2024-07-16 12:26:23,1409,60,306,39.6,31.9,439
2024-07-16 12:26:24,1409,60,306,39.6,31.9,439
2024-07-16 12:26:25,1409,60,307,39.6,31.9,441
2024-07-16 12:26:26,1409,60,305,39.5,31.7,439
2024-07-16 12:26:27,1403,60,305,39.5,31.7,442
2024-07-16 12:26:28,1403,60,306,39.5,31.8,441
2024-07-16 12:26:29,1403,60,305,39.5,31.7,440
2024-07-16 12:26:30,1403,60,306,39.6,31.8,442
2024-07-16 12:26:31,1403,60,306,39.5,31.8,435
2024-07-16 12:26:32,1404,60,305,39.5,31.8,441
2024-07-16 12:26:33,1404,60,306,39.5,31.8,438
2024-07-16 12:26:34,1404,60,305,39.6,31.8,440
2024-07-16 12:26:35,1404,60,306,39.5,31.8,439
2024-07-16 12:26:36,1404,60,306,39.6,31.8,438
2024-07-16 12:26:37,1404,60,305,39.5,31.8,440
2024-07-16 12:26:38,1404,60,305,39.5,31.8,439
2024-07-16 12:26:39,1404,60,306,39.6,31.8,439
2024-07-16 12:26:40,1404,60,306,39.6,31.9,438
2024-07-16 12:26:41,1404,60,306,39.6,31.8,435
2024-07-16 12:26:42,1408,60,306,39.6,31.9,433
2024-07-16 12:26:43,1408,60,306,39.6,31.8,434
2024-07-16 12:26:44,1408,60,306,39.6,31.8,430
2024-07-16 12:26:45,1408,60,306,39.6,31.8,433
2024-07-16 12:26:46,1408,60,306,39.6,31.8,433
2024-07-16 12:26:47,1408,60,306,39.6,31.8,431
2024-07-16 12:26:48,1408,60,306,39.6,31.8,426
2024-07-16 12:26:49,1408,60,306,39.6,31.8,427
2024-07-16 12:26:50,1408,60,306,39.6,31.8,426
2024-07-16 12:26:51,1408,60,307,39.6,31.8,428
2024-07-16 12:26:52,1404,60,305,39.5,31.7,425
2024-07-16 12:26:53,1404,60,305,39.6,31.7,428
2024-07-16 12:26:54,1404,60,305,39.6,31.7,423
2024-07-16 12:26:55,1404,60,305,39.6,31.8,423
2024-07-16 12:26:56,1404,60,306,39.5,31.8,420
2024-07-16 12:26:57,1404,60,305,39.5,31.7,416
2024-07-16 12:26:58,1404,60,305,39.5,31.7,418
2024-07-16 12:26:59,1404,60,305,39.6,31.7,418
2024-07-16 12:27:00,1404,60,305,39.5,31.7,417
2024-07-16 12:27:01,1404,60,306,39.6,31.8,414
2024-07-16 12:27:02,1408,60,307,39.6,31.9,412
2024-07-16 12:27:03,1408,60,307,39.6,31.9,411
2024-07-16 12:27:04,1408,60,306,39.6,31.8,411
2024-07-16 12:27:05,1408,60,306,39.6,31.9,409
2024-07-16 12:27:06,1408,60,306,39.6,31.8,406
2024-07-16 12:27:07,1408,60,306,39.6,31.9,408
2024-07-16 12:27:08,1408,60,306,39.6,31.8,403
2024-07-16 12:27:09,1408,60,306,39.6,31.9,402
2024-07-16 12:27:10,1408,60,306,39.6,31.8,400
2024-07-16 12:27:11,1408,60,305,39.5,31.7,400
2024-07-16 12:27:12,1403,60,305,39.5,31.8,395
2024-07-16 12:27:13,1403,60,305,39.5,31.7,395
2024-07-16 12:27:14,1403,60,305,39.5,31.7,395
2024-07-16 12:27:15,1403,60,305,39.5,31.7,393
2024-07-16 12:27:16,1403,60,305,39.5,31.8,390
2024-07-16 12:27:17,1403,60,305,39.5,31.7,389
2024-07-16 12:27:18,1403,60,305,39.5,31.7,389
2024-07-16 12:27:19,1403,60,306,39.6,31.8,386
2024-07-16 12:27:20,1403,60,306,39.6,31.8,385
2024-07-16 12:27:21,1403,60,306,39.6,31.8,388
2024-07-16 12:27:22,1406,60,306,39.6,31.8,384
2024-07-16 12:27:23,1406,60,306,39.6,31.8,380
2024-07-16 12:27:24,1406,60,306,39.6,31.8,379
2024-07-16 12:27:25,1406,60,306,39.6,31.8,377
2024-07-16 12:27:26,1406,60,306,39.6,31.8,374
2024-07-16 12:27:27,1406,60,306,39.6,31.8,374
2024-07-16 12:27:28,1406,60,305,39.6,31.8,368
2024-07-16 12:27:29,1406,60,306,39.6,31.8,364
2024-07-16 12:27:30,1406,60,306,39.6,31.8,366
2024-07-16 12:27:31,1406,60,306,39.6,31.8,363
2024-07-16 12:27:32,1407,60,306,39.6,31.8,362
2024-07-16 12:27:33,1407,60,306,39.6,31.8,361
2024-07-16 12:27:34,1407,60,306,39.6,31.8,357
2024-07-16 12:27:35,1407,60,306,39.6,31.8,355
2024-07-16 12:27:36,1407,60,306,39.6,31.8,353
2024-07-16 12:27:37,1407,60,306,39.6,31.8,349
2024-07-16 12:27:38,1407,60,306,39.6,31.8,344
2024-07-16 12:27:39,1407,60,306,39.6,31.8,349
2024-07-16 12:27:40,1407,60,306,39.6,31.8,345
2024-07-16 12:27:41,1407,60,306,39.6,31.8,342
2024-07-16 12:27:42,1407,60,306,39.6,31.8,340
2024-07-16 12:27:43,1407,60,306,39.6,31.8,335
2024-07-16 12:27:44,1407,60,306,39.6,31.8,335
2024-07-16 12:27:45,1407,60,306,39.6,31.8,332
2024-07-16 12:27:46,1407,60,306,39.6,31.8,329
2024-07-16 12:27:47,1406,60,306,39.6,31.8,325
2024-07-16 12:27:48,1406,60,306,39.6,31.8,330
2024-07-16 12:27:49,1406,60,306,39.6,31.8,325
2024-07-16 12:27:50,1406,60,305,39.5,31.7,324
2024-07-16 12:27:51,1406,60,305,39.5,31.7,326
2024-07-16 12:27:52,1403,60,305,39.6,31.7,317
2024-07-16 12:27:53,1403,60,305,39.5,31.7,313
2024-07-16 12:27:54,1403,60,305,39.5,31.7,311
2024-07-16 12:27:55,1403,60,306,39.6,31.8,309
2024-07-16 12:27:56,1403,60,306,39.6,31.9,306
2024-07-16 12:27:57,1410,60,307,39.6,31.9,306
2024-07-16 12:27:58,1410,60,307,39.6,31.9,306
2024-07-16 12:27:59,1410,60,307,39.6,31.9,306
2024-07-16 12:28:00,1410,60,306,39.6,31.9,304
2024-07-16 12:28:01,1410,60,307,39.6,31.9,298
2024-07-16 12:28:02,1399,60,305,39.5,31.7,292
2024-07-16 12:28:03,1399,60,304,39.5,31.6,288
2024-07-16 12:28:04,1399,60,304,39.5,31.6,288
2024-07-16 12:28:05,1399,60,304,39.5,31.7,287
2024-07-16 12:28:06,1399,60,306,39.6,31.9,283
2024-07-16 12:28:07,1407,60,306,39.6,31.8,278
2024-07-16 12:28:08,1407,60,307,39.6,31.9,279
2024-07-16 12:28:09,1407,60,307,39.6,31.9,273
2024-07-16 12:28:10,1407,60,307,39.6,31.9,270
2024-07-16 12:28:11,1407,60,307,39.6,31.9,265
2024-07-16 12:28:12,1408,60,305,39.5,31.7,265
2024-07-16 12:28:13,1408,60,305,39.5,31.7,264
2024-07-16 12:28:14,1408,60,305,39.5,31.7,261
2024-07-16 12:28:15,1408,60,305,39.5,31.7,254
2024-07-16 12:28:16,1408,60,305,39.5,31.7,259
2024-07-16 12:28:17,1404,60,306,39.6,31.8,255
2024-07-16 12:28:18,1404,60,306,39.6,31.8,252
2024-07-16 12:28:19,1404,60,307,39.6,31.9,251
2024-07-16 12:28:20,1404,60,307,39.6,31.9,247
2024-07-16 12:28:21,1404,60,307,39.6,31.9,248
2024-07-16 12:28:22,1410,60,306,39.6,31.8,243
2024-07-16 12:28:23,1410,60,307,39.6,31.9,241
2024-07-16 12:28:24,1410,60,306,39.6,31.7,240
2024-07-16 12:28:25,1410,60,304,39.5,31.6,240
2024-07-16 12:28:26,1410,60,305,39.5,31.7,235
2024-07-16 12:28:27,1400,60,304,39.5,31.7,232
2024-07-16 12:28:28,1400,60,305,39.5,31.7,228
2024-07-16 12:28:29,1400,60,306,39.6,31.8,229
2024-07-16 12:28:30,1400,60,307,39.6,31.9,227
2024-07-16 12:28:31,1400,60,307,39.6,31.9,225
2024-07-16 12:28:32,1412,60,307,39.6,31.9,224
2024-07-16 12:28:33,1412,60,306,39.6,31.9,222
2024-07-16 12:28:34,1412,60,306,39.6,31.8,221
2024-07-16 12:28:35,1412,60,305,39.5,31.7,216
2024-07-16 12:28:36,1412,60,304,39.5,31.6,214
2024-07-16 12:28:37,1400,60,304,39.5,31.6,217
2024-07-16 12:28:38,1400,60,304,39.5,31.6,213
2024-07-16 12:28:39,1400,60,305,39.6,31.7,209
2024-07-16 12:28:40,1400,60,306,39.6,31.8,210
2024-07-16 12:28:41,1400,60,306,39.6,31.9,207
2024-07-16 12:28:42,1409,60,307,39.6,31.9,202
2024-07-16 12:28:43,1409,60,306,39.6,31.8,198
2024-07-16 12:28:44,1409,60,306,39.6,31.8,207
2024-07-16 12:28:45,1409,60,307,39.6,31.9,207
2024-07-16 12:28:46,1409,60,306,39.6,31.8,199
2024-07-16 12:28:47,1409,60,306,39.6,31.9,200
2024-07-16 12:28:48,1409,60,306,39.6,31.8,194
2024-07-16 12:28:49,1409,60,306,39.6,31.8,195
2024-07-16 12:28:50,1409,60,305,39.6,31.7,191
2024-07-16 12:28:51,1409,60,305,39.6,31.7,192
2024-07-16 12:28:52,1405,60,306,39.6,31.8,195
2024-07-16 12:28:53,1405,60,306,39.6,31.8,195
2024-07-16 12:28:54,1405,60,305,39.6,31.8,188
2024-07-16 12:28:55,1405,60,306,39.6,31.8,185
2024-07-16 12:28:56,1405,60,305,39.6,31.8,184
2024-07-16 12:28:57,1405,60,305,39.6,31.7,184
2024-07-16 12:28:58,1405,60,305,39.6,31.8,182
2024-07-16 12:28:59,1405,60,306,39.6,31.8,179
2024-07-16 12:29:00,1405,60,305,39.6,31.8,174
2024-07-16 12:29:01,1405,60,305,39.6,31.7,178
2024-07-16 12:29:02,1404,60,305,39.6,31.7,179
2024-07-16 12:29:03,1404,60,306,39.6,31.8,174
2024-07-16 12:29:04,1404,60,306,39.6,31.8,172
2024-07-16 12:29:05,1404,60,306,39.6,31.9,169
2024-07-16 12:29:06,1404,60,307,39.6,31.9,169
2024-07-16 12:29:07,1409,60,307,39.6,31.9,173
2024-07-16 12:29:08,1409,60,306,39.6,31.9,175
2024-07-16 12:29:09,1409,60,306,39.6,31.8,167
2024-07-16 12:29:10,1409,60,305,39.6,31.7,169
2024-07-16 12:29:11,1409,60,305,39.6,31.8,170
2024-07-16 12:29:12,1406,60,306,39.6,31.8,165
2024-07-16 12:29:13,1406,60,305,39.6,31.8,164
2024-07-16 12:29:14,1406,60,305,39.6,31.8,164
2024-07-16 12:29:15,1406,60,306,39.6,31.8,166
2024-07-16 12:29:16,1406,60,306,39.6,31.8,167
2024-07-16 12:29:17,1405,60,306,39.6,31.8,164
2024-07-16 12:29:18,1405,60,305,39.6,31.7,168
2024-07-16 12:29:19,1405,60,306,39.6,31.8,166
2024-07-16 12:29:20,1405,60,306,39.6,31.8,158
2024-07-16 12:29:21,1405,60,306,39.6,31.8,166
2024-07-16 12:29:22,1405,60,306,39.6,31.8,163
2024-07-16 12:29:23,1405,60,306,39.6,31.8,164
2024-07-16 12:29:24,1405,60,306,39.6,31.8,163
2024-07-16 12:29:25,1405,60,305,39.6,31.7,169
2024-07-16 12:29:26,1405,60,306,39.6,31.8,165
2024-07-16 12:29:27,1405,60,306,39.6,31.8,163
2024-07-16 12:29:28,1405,60,306,39.6,31.8,166
2024-07-16 12:29:29,1405,60,306,39.6,31.8,165
2024-07-16 12:29:30,1405,60,305,39.6,31.7,163
2024-07-16 12:29:31,1405,60,305,39.6,31.7,163
2024-07-16 12:29:32,1405,60,305,39.6,31.7,162
2024-07-16 12:29:33,1405,60,305,39.6,31.7,160
2024-07-16 12:29:34,1405,60,306,39.6,31.8,163
2024-07-16 12:29:35,1405,60,306,39.6,31.8,164
2024-07-16 12:29:36,1405,60,305,39.6,31.7,163
2024-07-16 12:29:37,1405,60,305,39.6,31.8,164
2024-07-16 12:29:38,1405,60,307,39.6,31.9,167
2024-07-16 12:29:39,1405,60,307,39.6,31.9,164
2024-07-16 12:29:40,1405,60,307,39.6,31.9,164
2024-07-16 12:29:41,1405,60,307,39.6,31.9,166
2024-07-16 12:29:42,1406,60,306,39.6,31.8,164
2024-07-16 12:29:43,1406,60,304,39.5,31.6,167
2024-07-16 12:29:44,1406,60,305,39.6,31.7,161
2024-07-16 12:29:45,1406,60,304,39.6,31.7,164
2024-07-16 12:29:46,1406,60,305,39.5,31.7,166
2024-07-16 12:29:47,1403,60,305,39.6,31.7,168
2024-07-16 12:29:48,1403,60,306,39.6,31.8,165
2024-07-16 12:29:49,1403,60,305,39.6,31.8,171
2024-07-16 12:29:50,1403,60,306,39.6,31.9,168
2024-07-16 12:29:51,1403,60,307,39.6,31.9,164
2024-07-16 12:29:52,1413,60,307,39.6,32.0,167
2024-07-16 12:29:53,1413,60,307,39.6,31.9,168
2024-07-16 12:29:54,1413,60,307,39.6,31.9,167
2024-07-16 12:29:55,1413,60,306,39.6,31.8,167
2024-07-16 12:29:56,1413,60,305,39.6,31.8,170
2024-07-16 12:29:57,1404,60,305,39.6,31.8,170
2024-07-16 12:29:58,1404,60,305,39.6,31.7,169
2024-07-16 12:29:59,1404,60,305,39.6,31.7,170
2024-07-16 12:30:00,1404,60,305,39.6,31.7,177
2024-07-16 12:30:01,1404,60,305,39.6,31.8,173
2024-07-16 12:30:02,1404,60,305,39.6,31.7,168
2024-07-16 12:30:03,1404,60,305,39.6,31.7,174
2024-07-16 12:30:04,1404,60,305,39.6,31.7,171
2024-07-16 12:30:05,1404,60,306,39.6,31.8,172
2024-07-16 12:30:06,1404,60,306,39.6,31.8,172
2024-07-16 12:30:07,1408,60,306,39.6,31.8,175
2024-07-16 12:30:08,1408,60,306,39.6,31.8,172
2024-07-16 12:30:09,1408,60,306,39.6,31.8,176
2024-07-16 12:30:10,1408,60,306,39.6,31.8,176
2024-07-16 12:30:11,1408,60,306,39.6,31.8,177
2024-07-16 12:30:12,1408,60,306,39.6,31.8,177
2024-07-16 12:30:13,1408,60,306,39.6,31.8,179
2024-07-16 12:30:14,1408,60,306,39.6,31.8,177
2024-07-16 12:30:15,1408,60,306,39.6,31.8,178
2024-07-16 12:30:16,1408,60,306,39.6,31.8,180
2024-07-16 12:30:17,1403,60,305,39.6,31.7,179
2024-07-16 12:30:18,1403,60,305,39.6,31.7,179
2024-07-16 12:30:19,1403,60,305,39.6,31.7,179
2024-07-16 12:30:20,1403,60,305,39.6,31.7,179
2024-07-16 12:30:21,1403,60,305,39.6,31.7,181
2024-07-16 12:30:22,1403,60,305,39.6,31.8,179
2024-07-16 12:30:23,1403,60,305,39.6,31.7,180
2024-07-16 12:30:24,1403,60,306,39.6,31.8,179
2024-07-16 12:30:25,1403,60,307,39.6,31.9,180
2024-07-16 12:30:26,1403,60,307,39.6,31.9,181
2024-07-16 12:30:27,1411,60,307,39.6,31.9,183
2024-07-16 12:30:28,1411,60,307,39.6,31.9,182
2024-07-16 12:30:29,1411,60,307,39.6,31.9,183
2024-07-16 12:30:30,1411,60,306,39.6,31.8,182
2024-07-16 12:30:31,1411,60,305,39.6,31.7,182
2024-07-16 12:30:32,1403,60,305,39.6,31.7,180
2024-07-16 12:30:33,1403,60,305,39.6,31.7,182
2024-07-16 12:30:34,1403,60,305,39.6,31.7,183
2024-07-16 12:30:35,1403,60,305,39.6,31.7,182
2024-07-16 12:30:36,1403,60,305,39.6,31.7,182
2024-07-16 12:30:37,1406,60,306,39.6,31.8,182
2024-07-16 12:30:38,1406,60,306,39.6,31.8,184
2024-07-16 12:30:39,1406,60,306,39.6,31.8,184
2024-07-16 12:30:40,1406,60,306,39.6,31.8,182
2024-07-16 12:30:41,1406,60,306,39.6,31.9,182
2024-07-16 12:30:42,1408,60,306,39.6,31.8,183
2024-07-16 12:30:43,1408,60,306,39.6,31.8,182
2024-07-16 12:30:44,1408,60,306,39.6,31.8,186
2024-07-16 12:30:45,1408,60,306,39.6,31.8,184
2024-07-16 12:30:46,1408,60,306,39.6,31.8,188
2024-07-16 12:30:47,1408,60,306,39.6,31.8,183
2024-07-16 12:30:48,1408,60,306,39.6,31.8,178
2024-07-16 12:30:49,1408,60,306,39.6,31.8,183
2024-07-16 12:30:50,1408,60,306,39.6,31.9,185
2024-07-16 12:30:51,1408,60,306,39.6,31.8,183
2024-07-16 12:30:52,1407,60,306,39.6,31.8,185
2024-07-16 12:30:53,1407,60,306,39.6,31.8,190
2024-07-16 12:30:54,1407,60,306,39.6,31.8,189
2024-07-16 12:30:55,1407,60,305,39.6,31.7,185
2024-07-16 12:30:56,1407,60,305,39.6,31.7,190
2024-07-16 12:30:57,1403,60,305,39.6,31.7,183
2024-07-16 12:30:58,1403,60,305,39.6,31.7,185
2024-07-16 12:30:59,1403,60,305,39.6,31.7,182
2024-07-16 12:31:00,1403,60,305,39.6,31.7,181
2024-07-16 12:31:01,1403,60,306,39.6,31.8,184
2024-07-16 12:31:02,1407,60,307,39.6,31.9,182
2024-07-16 12:31:03,1407,60,307,39.6,31.9,183
2024-07-16 12:31:04,1407,60,307,39.6,31.9,183
2024-07-16 12:31:05,1407,60,307,39.6,31.9,181
2024-07-16 12:31:06,1407,60,307,39.6,31.9,181
2024-07-16 12:31:07,1407,60,305,39.6,31.7,182
2024-07-16 12:31:08,1407,60,304,39.6,31.6,181
2024-07-16 12:31:09,1407,60,304,39.5,31.6,178
2024-07-16 12:31:10,1407,60,304,39.6,31.6,180
2024-07-16 12:31:11,1407,60,306,39.6,31.8,180
2024-07-16 12:31:12,1411,60,307,39.6,31.9,180
2024-07-16 12:31:13,1411,60,307,39.6,31.9,176
2024-07-16 12:31:14,1411,60,307,39.6,31.9,184
2024-07-16 12:31:15,1411,60,307,39.6,31.9,179
2024-07-16 12:31:16,1411,60,305,39.6,31.7,179
2024-07-16 12:31:17,1401,60,304,39.6,31.7,179
2024-07-16 12:31:18,1401,60,305,39.6,31.7,177
2024-07-16 12:31:19,1401,60,305,39.6,31.7,178
2024-07-16 12:31:20,1401,60,304,39.6,31.7,178
2024-07-16 12:31:21,1401,60,305,39.6,31.8,177
2024-07-16 12:31:22,1410,60,306,39.6,31.8,177
2024-07-16 12:31:23,1410,60,307,39.6,31.9,174
2024-07-16 12:31:24,1410,60,306,39.6,31.9,177
2024-07-16 12:31:25,1410,60,307,39.6,31.9,172
2024-07-16 12:31:26,1410,60,306,39.6,31.8,173
2024-07-16 12:31:27,1410,60,306,39.6,31.8,172
2024-07-16 12:31:28,1410,60,306,39.6,31.8,173
2024-07-16 12:31:29,1410,60,305,39.6,31.7,174
2024-07-16 12:31:30,1410,60,306,39.6,31.8,175
2024-07-16 12:31:31,1410,60,305,39.6,31.7,179
2024-07-16 12:31:32,1406,60,305,39.6,31.8,175
2024-07-16 12:31:33,1406,60,306,39.6,31.8,178
2024-07-16 12:31:34,1406,60,306,39.6,31.8,175
2024-07-16 12:31:35,1406,60,306,39.6,31.8,173
2024-07-16 12:31:36,1406,60,306,39.6,31.8,174
2024-07-16 12:31:37,1406,60,306,39.6,31.8,173
2024-07-16 12:31:38,1406,60,306,39.6,31.8,174
2024-07-16 12:31:39,1406,60,306,39.6,31.8,172
2024-07-16 12:31:40,1406,60,306,39.6,31.8,173
2024-07-16 12:31:41,1406,60,306,39.6,31.8,170
2024-07-16 12:31:42,1406,60,306,39.6,31.8,170
2024-07-16 12:31:43,1406,60,306,39.6,31.8,171
2024-07-16 12:31:44,1406,60,306,39.6,31.8,167
2024-07-16 12:31:45,1406,60,305,39.6,31.8,175
2024-07-16 12:31:46,1406,60,306,39.6,31.8,171
2024-07-16 12:31:47,1406,60,306,39.6,31.8,168
2024-07-16 12:31:48,1406,60,306,39.6,31.8,170
2024-07-16 12:31:49,1406,60,306,39.6,31.8,168
2024-07-16 12:31:50,1406,60,306,39.6,31.8,168
2024-07-16 12:31:51,1406,60,306,39.6,31.8,169
2024-07-16 12:31:52,1406,60,305,39.6,31.8,168
2024-07-16 12:31:53,1406,60,306,39.6,31.8,168
2024-07-16 12:31:54,1406,60,306,39.6,31.8,164
2024-07-16 12:31:55,1406,60,306,39.6,31.8,167
2024-07-16 12:31:56,1406,60,306,39.6,31.8,167
2024-07-16 12:31:57,1406,60,306,39.6,31.8,166
2024-07-16 12:31:58,1406,60,306,39.6,31.8,166
2024-07-16 12:31:59,1406,60,306,39.6,31.8,165
2024-07-16 12:32:00,1406,60,306,39.6,31.8,171
2024-07-16 12:32:01,1406,60,306,39.6,31.8,165
2024-07-16 12:32:02,1406,60,306,39.6,31.8,165
2024-07-16 12:32:03,1406,60,306,39.6,31.8,163
2024-07-16 12:32:04,1406,60,306,39.6,31.8,170
2024-07-16 12:32:05,1406,60,306,39.6,31.8,164
2024-07-16 12:32:06,1406,60,306,39.6,31.8,168
2024-07-16 12:32:07,1406,60,306,39.6,31.8,169
2024-07-16 12:32:08,1406,60,306,39.6,31.8,162
2024-07-16 12:32:09,1406,60,306,39.6,31.8,165
2024-07-16 12:32:10,1406,60,306,39.6,31.8,161
2024-07-16 12:32:11,1406,60,306,39.6,31.8,163
2024-07-16 12:32:12,1405,60,306,39.6,31.8,164
2024-07-16 12:32:13,1405,60,306,39.6,31.8,167
2024-07-16 12:32:14,1405,60,306,39.6,31.8,164
2024-07-16 12:32:15,1405,60,306,39.6,31.8,163
2024-07-16 12:32:16,1405,60,306,39.6,31.8,164
2024-07-16 12:32:17,1406,60,306,39.6,31.8,161
2024-07-16 12:32:18,1406,60,306,39.6,31.8,163
2024-07-16 12:32:19,1406,60,306,39.6,31.8,164
2024-07-16 12:32:20,1406,60,306,39.6,31.8,166
2024-07-16 12:32:21,1406,60,306,39.6,31.8,165
2024-07-16 12:32:22,1406,60,306,39.6,31.8,162
2024-07-16 12:32:23,1406,60,306,39.6,31.8,164
2024-07-16 12:32:24,1406,60,306,39.6,31.8,162
2024-07-16 12:32:25,1406,60,305,39.6,31.8,164
2024-07-16 12:32:26,1406,60,306,39.6,31.8,169
2024-07-16 12:32:27,1405,60,306,39.6,31.8,163
2024-07-16 12:32:28,1405,60,306,39.6,31.8,169
2024-07-16 12:32:29,1405,60,305,39.6,31.8,170
2024-07-16 12:32:30,1405,60,306,39.6,31.8,168
2024-07-16 12:32:31,1405,60,307,39.6,31.9,168
2024-07-16 12:32:32,1410,60,307,39.6,31.9,165
2024-07-16 12:32:33,1410,60,306,39.6,31.9,164
2024-07-16 12:32:34,1410,60,307,39.6,31.9,166
2024-07-16 12:32:35,1410,60,306,39.6,31.9,166
2024-07-16 12:32:36,1410,60,306,39.6,31.8,164
2024-07-16 12:32:37,1409,60,306,39.6,31.8,164
2024-07-16 12:32:38,1409,60,306,39.6,31.8,168
2024-07-16 12:32:39,1409,60,306,39.6,31.8,167
2024-07-16 12:32:40,1409,60,305,39.6,31.7,169
2024-07-16 12:32:41,1409,60,305,39.6,31.7,169
2024-07-16 12:32:42,1400,60,304,39.6,31.7,166
2024-07-16 12:32:43,1400,60,305,39.6,31.7,165
2024-07-16 12:32:44,1400,60,305,39.6,31.7,165
2024-07-16 12:32:45,1400,60,306,39.6,31.9,167
2024-07-16 12:32:46,1400,60,307,39.6,31.9,167
2024-07-16 12:32:47,1409,60,306,39.6,31.8,168
2024-07-16 12:32:48,1409,60,306,39.6,31.8,168
2024-07-16 12:32:49,1409,60,306,39.6,31.8,168
2024-07-16 12:32:50,1409,60,306,39.6,31.9,168
2024-07-16 12:32:51,1409,60,306,39.6,31.9,167
2024-07-16 12:32:52,1409,60,306,39.6,31.9,170
2024-07-16 12:32:53,1409,60,305,39.6,31.8,171
2024-07-16 12:32:54,1409,60,306,39.6,31.8,168
2024-07-16 12:32:55,1409,60,306,39.6,31.8,174
2024-07-16 12:32:56,1409,60,305,39.6,31.7,171
2024-07-16 12:32:57,1405,60,305,39.6,31.7,167
2024-07-16 12:32:58,1405,60,306,39.6,31.8,169
2024-07-16 12:32:59,1405,60,306,39.6,31.8,171
2024-07-16 12:33:00,1405,60,305,39.6,31.7,172
2024-07-16 12:33:01,1405,60,305,39.6,31.8,173
2024-07-16 12:33:02,1404,60,305,39.6,31.7,176
2024-07-16 12:33:03,1404,60,305,39.6,31.7,172
2024-07-16 12:33:04,1404,60,305,39.6,31.7,178
2024-07-16 12:33:05,1404,60,305,39.6,31.8,175
2024-07-16 12:33:06,1404,60,306,39.6,31.8,181
2024-07-16 12:33:07,1409,60,306,39.6,31.8,172
2024-07-16 12:33:08,1409,60,306,39.6,31.8,183
2024-07-16 12:33:09,1409,60,306,39.6,31.8,175
2024-07-16 12:33:10,1409,60,306,39.6,31.8,177
2024-07-16 12:33:11,1409,60,306,39.6,31.8,175
2024-07-16 12:33:12,1408,60,306,39.6,31.8,178
2024-07-16 12:33:13,1408,60,306,39.6,31.8,179
2024-07-16 12:33:14,1408,60,307,39.6,31.9,181
2024-07-16 12:33:15,1408,60,306,39.6,31.8,185
2024-07-16 12:33:16,1408,60,306,39.6,31.8,181
2024-07-16 12:33:17,1406,60,306,39.6,31.8,181
2024-07-16 12:33:18,1406,60,305,39.6,31.8,181
2024-07-16 12:33:19,1406,60,305,39.6,31.7,180
2024-07-16 12:33:20,1406,60,305,39.6,31.7,188
2024-07-16 12:33:21,1406,60,305,39.6,31.7,183
2024-07-16 12:33:22,1405,60,305,39.6,31.7,180
2024-07-16 12:33:23,1405,60,306,39.6,31.8,185
2024-07-16 12:33:24,1405,60,305,39.6,31.7,182
2024-07-16 12:33:25,1405,60,306,39.6,31.8,182
2024-07-16 12:33:26,1405,60,305,39.6,31.8,185
2024-07-16 12:33:27,1405,60,306,39.6,31.8,185
2024-07-16 12:33:28,1405,60,305,39.6,31.7,187
2024-07-16 12:33:29,1405,60,305,39.6,31.7,183
2024-07-16 12:33:30,1405,60,305,39.6,31.7,188
2024-07-16 12:33:31,1405,60,306,39.6,31.8,188
2024-07-16 12:33:32,1408,60,306,39.6,31.8,185
2024-07-16 12:33:33,1408,60,306,39.6,31.8,186
2024-07-16 12:33:34,1408,60,306,39.6,31.8,188
2024-07-16 12:33:35,1408,60,306,39.6,31.8,187
2024-07-16 12:33:36,1408,60,306,39.6,31.9,189
2024-07-16 12:33:37,1408,60,306,39.6,31.8,195
2024-07-16 12:33:38,1408,60,306,39.6,31.8,198
2024-07-16 12:33:39,1408,60,306,39.6,31.8,191
2024-07-16 12:33:40,1408,60,306,39.6,31.8,194
2024-07-16 12:33:41,1408,60,306,39.6,31.8,191
2024-07-16 12:33:42,1405,60,305,39.6,31.7,193
2024-07-16 12:33:43,1405,60,305,39.6,31.7,199
2024-07-16 12:33:44,1405,60,305,39.6,31.7,196
2024-07-16 12:33:45,1405,60,305,39.6,31.7,197
2024-07-16 12:33:46,1405,60,305,39.6,31.8,199
2024-07-16 12:33:47,1405,60,306,39.6,31.8,198
2024-07-16 12:33:48,1405,60,305,39.6,31.7,201
2024-07-16 12:33:49,1405,60,306,39.6,31.8,200
2024-07-16 12:33:50,1405,60,305,39.6,31.8,203
2024-07-16 12:33:51,1405,60,305,39.6,31.7,207
2024-07-16 12:33:52,1404,60,305,39.6,31.7,203
2024-07-16 12:33:53,1404,60,306,39.6,31.8,212
2024-07-16 12:33:54,1404,60,306,39.6,31.8,205
2024-07-16 12:33:55,1404,60,306,39.6,31.9,207
2024-07-16 12:33:56,1404,60,306,39.6,31.8,210
2024-07-16 12:33:57,1408,60,306,39.6,31.8,210
2024-07-16 12:33:58,1408,60,306,39.6,31.9,217
2024-07-16 12:33:59,1408,60,306,39.6,31.8,214
2024-07-16 12:34:00,1408,60,306,39.6,31.8,219
2024-07-16 12:34:01,1408,60,306,39.6,31.8,217
2024-07-16 12:34:02,1408,60,306,39.6,31.9,217
2024-07-16 12:34:03,1408,60,306,39.6,31.8,215
2024-07-16 12:34:04,1408,60,306,39.6,31.8,225
2024-07-16 12:34:05,1408,60,306,39.6,31.8,221
2024-07-16 12:34:06,1408,60,306,39.6,31.8,222
2024-07-16 12:34:07,1401,60,305,39.6,31.7,223
2024-07-16 12:34:08,1401,60,304,39.6,31.6,230
2024-07-16 12:34:09,1401,60,305,39.6,31.7,227
2024-07-16 12:34:10,1401,60,304,39.6,31.6,234
2024-07-16 12:34:11,1401,60,307,39.6,31.9,234
2024-07-16 12:34:12,1412,60,307,39.6,31.9,232
2024-07-16 12:34:13,1412,60,307,39.6,31.9,231
2024-07-16 12:34:14,1412,60,307,39.6,31.9,235
2024-07-16 12:34:15,1412,60,307,39.6,31.9,238
2024-07-16 12:34:16,1412,60,306,39.6,31.9,247
2024-07-16 12:34:17,1410,60,306,39.6,31.8,240
2024-07-16 12:34:18,1410,60,306,39.6,31.7,244
2024-07-16 12:34:19,1410,60,304,39.6,31.6,248
2024-07-16 12:34:20,1410,60,304,39.6,31.7,254
2024-07-16 12:34:21,1410,60,304,39.6,31.6,251
2024-07-16 12:34:22,1399,60,305,39.6,31.7,250
2024-07-16 12:34:23,1399,60,306,39.6,31.8,255
2024-07-16 12:34:24,1399,60,306,39.6,31.8,263
2024-07-16 12:34:25,1399,60,306,39.6,31.8,260
2024-07-16 12:34:26,1399,60,306,39.6,31.8,260
2024-07-16 12:34:27,1407,60,306,39.6,31.8,264
2024-07-16 12:34:28,1407,60,306,39.6,31.8,267
2024-07-16 12:34:29,1407,60,306,39.6,31.8,266
2024-07-16 12:34:30,1407,60,306,39.6,31.8,272
2024-07-16 12:34:31,1407,60,306,39.6,31.8,275
2024-07-16 12:34:32,1407,60,306,39.6,31.8,279
2024-07-16 12:34:33,1407,60,306,39.6,31.8,276
2024-07-16 12:34:34,1407,60,306,39.6,31.8,281
2024-07-16 12:34:35,1407,60,306,39.6,31.8,289
2024-07-16 12:34:36,1407,60,306,39.6,31.8,287
2024-07-16 12:34:37,1408,60,306,39.6,31.8,290
2024-07-16 12:34:38,1408,60,306,39.6,31.8,289
2024-07-16 12:34:39,1408,60,306,39.6,31.8,294
2024-07-16 12:34:40,1408,60,306,39.6,31.8,299
2024-07-16 12:34:41,1408,60,306,39.6,31.8,303
2024-07-16 12:34:42,1407,60,306,39.6,31.8,304
2024-07-16 12:34:43,1407,60,306,39.6,31.8,309
2024-07-16 12:34:44,1407,60,305,39.6,31.8,310
2024-07-16 12:34:45,1407,60,306,39.6,31.8,315
2024-07-16 12:34:46,1407,60,305,39.6,31.8,317
2024-07-16 12:34:47,1407,60,306,39.6,31.8,318
2024-07-16 12:34:48,1407,60,306,39.6,31.8,324
2024-07-16 12:34:49,1407,60,306,39.6,31.8,325
2024-07-16 12:34:50,1407,60,306,39.6,31.8,325
2024-07-16 12:34:51,1407,60,305,39.6,31.8,327
2024-07-16 12:34:52,1402,60,305,39.6,31.7,332
2024-07-16 12:34:53,1402,60,305,39.6,31.7,332
2024-07-16 12:34:54,1402,60,305,39.6,31.7,339
2024-07-16 12:34:55,1402,60,305,39.6,31.7,339
2024-07-16 12:34:56,1402,60,305,39.6,31.7,348
2024-07-16 12:34:57,1403,60,305,39.6,31.7,348
2024-07-16 12:34:58,1403,60,305,39.6,31.7,346
2024-07-16 12:34:59,1403,60,306,39.6,31.8,347
2024-07-16 12:35:00,1403,60,306,39.6,31.8,349
2024-07-16 12:35:01,1403,60,305,39.6,31.8,356
2024-07-16 12:35:02,1406,60,305,39.6,31.8,359
2024-07-16 12:35:03,1406,60,306,39.6,31.8,360
2024-07-16 12:35:04,1406,60,307,39.6,32.0,363
2024-07-16 12:35:05,1406,60,307,39.6,32.0,366
2024-07-16 12:35:06,1406,60,307,39.6,31.9,368
2024-07-16 12:35:07,1406,60,306,39.6,31.8,375
2024-07-16 12:35:08,1406,60,306,39.6,31.8,380
2024-07-16 12:35:09,1406,60,305,39.6,31.7,374
2024-07-16 12:35:10,1406,60,306,39.6,31.8,380
2024-07-16 12:35:11,1406,60,306,39.6,31.8,380
2024-07-16 12:35:12,1407,60,305,39.6,31.8,387
2024-07-16 12:35:13,1407,60,306,39.6,31.8,388
2024-07-16 12:35:14,1407,60,306,39.6,31.8,392
2024-07-16 12:35:15,1407,60,306,39.6,31.8,399
2024-07-16 12:35:16,1407,60,306,39.6,31.8,400
2024-07-16 12:35:17,1407,60,306,39.6,31.8,402
2024-07-16 12:35:18,1407,60,306,39.6,31.8,405
2024-07-16 12:35:19,1407,60,306,39.6,31.8,410
2024-07-16 12:35:20,1407,60,306,39.6,31.8,409
2024-07-16 12:35:21,1407,60,306,39.6,31.8,415
2024-07-16 12:35:22,1406,60,306,39.6,31.8,417
2024-07-16 12:35:23,1406,60,306,39.6,31.8,418
2024-07-16 12:35:24,1406,60,305,39.6,31.8,422
2024-07-16 12:35:25,1406,60,306,39.6,31.8,424
2024-07-16 12:35:26,1406,60,306,39.6,31.8,428
2024-07-16 12:35:27,1406,60,306,39.6,31.8,428
2024-07-16 12:35:28,1406,60,306,39.6,31.8,431
2024-07-16 12:35:29,1406,60,306,39.6,31.8,430
2024-07-16 12:35:30,1406,60,306,39.6,31.8,432
2024-07-16 12:35:31,1406,60,306,39.6,31.8,435
2024-07-16 12:35:32,1407,60,306,39.6,31.8,436
2024-07-16 12:35:33,1407,60,306,39.6,31.8,440
2024-07-16 12:35:34,1407,60,306,39.6,31.8,440
2024-07-16 12:35:35,1407,60,305,39.6,31.8,441
2024-07-16 12:35:36,1407,60,306,39.6,31.8,447
2024-07-16 12:35:37,1406,60,306,39.6,31.8,444
2024-07-16 12:35:38,1406,60,306,39.6,31.8,446
2024-07-16 12:35:39,1406,60,306,39.6,31.8,450
2024-07-16 12:35:40,1406,60,306,39.6,31.8,448
2024-07-16 12:35:41,1406,60,306,39.6,31.8,449
2024-07-16 12:35:42,1407,60,306,39.6,31.8,454
2024-07-16 12:35:43,1407,60,306,39.6,31.8,454
2024-07-16 12:35:44,1407,60,306,39.6,31.8,453
2024-07-16 12:35:45,1407,60,306,39.6,31.8,456
2024-07-16 12:35:46,1407,60,306,39.6,31.8,462
2024-07-16 12:35:47,1407,60,306,39.6,31.8,458
2024-07-16 12:35:48,1407,60,306,39.6,31.8,461
2024-07-16 12:35:49,1407,60,306,39.6,31.8,462
2024-07-16 12:35:50,1407,60,306,39.6,31.8,464
2024-07-16 12:35:51,1407,60,306,39.6,31.7,461
2024-07-16 12:35:52,1402,60,305,39.6,31.7,463
2024-07-16 12:35:53,1402,60,305,39.6,31.7,465
2024-07-16 12:35:54,1402,60,305,39.6,31.7,473
2024-07-16 12:35:55,1402,60,305,39.6,31.7,466
2024-07-16 12:35:56,1402,60,305,39.6,31.7,468
2024-07-16 12:35:57,1406,60,306,39.6,31.8,470
2024-07-16 12:35:58,1406,60,305,39.6,31.8,467
2024-07-16 12:35:59,1406,60,305,39.6,31.7,469
2024-07-16 12:36:00,1406,60,306,39.6,31.8,469
2024-07-16 12:36:01,1406,60,306,39.6,31.8,469
2024-07-16 12:36:02,1410,60,307,39.6,31.9,474
2024-07-16 12:36:03,1410,60,306,39.6,31.8,471
2024-07-16 12:36:04,1410,60,307,39.6,31.9,470
2024-07-16 12:36:05,1410,60,306,39.6,31.9,470
2024-07-16 12:36:06,1410,60,307,39.6,31.9,473
2024-07-16 12:36:07,1410,60,306,39.6,31.9,471
2024-07-16 12:36:08,1410,60,305,39.6,31.7,475
2024-07-16 12:36:09,1410,60,306,39.6,31.8,475
2024-07-16 12:36:10,1410,60,305,39.6,31.8,475
2024-07-16 12:36:11,1410,60,306,39.6,31.8,473
2024-07-16 12:36:12,1406,60,306,39.6,31.8,474
2024-07-16 12:36:13,1406,60,306,39.6,31.8,478
2024-07-16 12:36:14,1406,60,306,39.6,31.8,476
2024-07-16 12:36:15,1406,60,305,39.6,31.8,474
2024-07-16 12:36:16,1406,60,306,39.6,31.8,476
2024-07-16 12:36:17,1406,60,305,39.6,31.7,473
2024-07-16 12:36:18,1406,60,306,39.6,31.8,476
2024-07-16 12:36:19,1406,60,306,39.6,31.8,473
2024-07-16 12:36:20,1406,60,306,39.6,31.8,474
2024-07-16 12:36:21,1406,60,306,39.6,31.8,472
2024-07-16 12:36:22,1405,60,305,39.6,31.7,475
2024-07-16 12:36:23,1405,60,305,39.6,31.7,478
2024-07-16 12:36:24,1405,60,305,39.6,31.7,473
2024-07-16 12:36:25,1405,60,305,39.6,31.8,471
2024-07-16 12:36:26,1405,60,305,39.6,31.8,473
2024-07-16 12:36:27,1405,60,305,39.6,31.8,474
2024-07-16 12:36:28,1405,60,306,39.6,31.8,471
2024-07-16 12:36:29,1405,60,306,39.6,31.8,473
2024-07-16 12:36:30,1405,60,306,39.6,31.8,474
2024-07-16 12:36:31,1405,60,307,39.6,31.9,474
2024-07-16 12:36:32,1409,60,306,39.6,31.9,476
2024-07-16 12:36:33,1409,60,306,39.6,31.9,472
2024-07-16 12:36:34,1409,60,306,39.6,31.8,470
2024-07-16 12:36:35,1409,60,306,39.6,31.8,470
2024-07-16 12:36:36,1409,60,306,39.6,31.9,472
2024-07-16 12:36:37,1409,60,306,39.6,31.8,474
2024-07-16 12:36:38,1409,60,305,39.6,31.8,475
2024-07-16 12:36:39,1409,60,305,39.6,31.7,475
2024-07-16 12:36:40,1409,60,305,39.6,31.7,474
2024-07-16 12:36:41,1409,60,305,39.6,31.7,475
2024-07-16 12:36:42,1405,60,305,39.6,31.7,475
2024-07-16 12:36:43,1405,60,306,39.6,31.8,476
2024-07-16 12:36:44,1405,60,305,39.6,31.8,472
2024-07-16 12:36:45,1405,60,305,39.6,31.7,472
2024-07-16 12:36:46,1405,60,305,39.6,31.8,477
2024-07-16 12:36:47,1406,60,305,39.6,31.8,477
2024-07-16 12:36:48,1406,60,306,39.6,31.8,477
2024-07-16 12:36:49,1406,60,306,39.6,31.8,475
2024-07-16 12:36:50,1406,60,306,39.6,31.8,482
2024-07-16 12:36:51,1406,60,307,39.6,31.9,476
2024-07-16 12:36:52,1410,60,306,39.6,31.8,478
2024-07-16 12:36:53,1410,60,307,39.6,31.9,478
2024-07-16 12:36:54,1410,60,306,39.6,31.8,480
2024-07-16 12:36:55,1410,60,306,39.6,31.9,482
2024-07-16 12:36:56,1410,60,306,39.6,31.9,481
2024-07-16 12:36:57,1410,60,306,39.6,31.8,479
2024-07-16 12:36:58,1410,60,306,39.6,31.8,479
2024-07-16 12:36:59,1410,60,305,39.6,31.8,482
2024-07-16 12:37:00,1410,60,305,39.6,31.8,484
2024-07-16 12:37:01,1410,60,306,39.6,31.8,484
2024-07-16 12:37:02,1405,60,305,39.6,31.8,486
2024-07-16 12:37:03,1405,60,306,39.6,31.8,483
2024-07-16 12:37:04,1405,60,306,39.6,31.8,485
2024-07-16 12:37:05,1405,60,306,39.6,31.8,485
2024-07-16 12:37:06,1405,60,305,39.6,31.8,487
2024-07-16 12:37:07,1405,60,305,39.6,31.7,487
2024-07-16 12:37:08,1405,60,306,39.6,31.8,488
2024-07-16 12:37:09,1405,60,306,39.6,31.8,488
2024-07-16 12:37:10,1405,60,306,39.6,31.8,489
2024-07-16 12:37:11,1405,60,305,39.6,31.8,490
2024-07-16 12:37:12,1405,60,306,39.6,31.8,492
2024-07-16 12:37:13,1405,60,306,39.6,31.8,493
2024-07-16 12:37:14,1405,60,306,39.6,31.8,493
2024-07-16 12:37:15,1405,60,306,39.6,31.8,494
2024-07-16 12:37:16,1405,60,305,39.6,31.8,492
2024-07-16 12:37:17,1405,60,305,39.6,31.8,496
2024-07-16 12:37:18,1405,60,305,39.6,31.8,498
2024-07-16 12:37:19,1405,60,306,39.6,31.9,498
2024-07-16 12:37:20,1405,60,307,39.6,31.9,499
2024-07-16 12:37:21,1405,60,307,39.6,31.9,502
2024-07-16 12:37:22,1410,60,306,39.6,31.8,501
2024-07-16 12:37:23,1410,60,306,39.6,31.8,504
2024-07-16 12:37:24,1410,60,306,39.6,31.9,506
2024-07-16 12:37:25,1410,60,307,39.6,31.9,502
2024-07-16 12:37:26,1410,60,305,39.6,31.7,505
2024-07-16 12:37:27,1405,60,305,39.6,31.7,511
2024-07-16 12:37:28,1405,60,305,39.6,31.7,507
2024-07-16 12:37:29,1405,60,305,39.6,31.8,505
2024-07-16 12:37:30,1405,60,305,39.6,31.8,510
2024-07-16 12:37:31,1405,60,305,39.6,31.7,510
2024-07-16 12:37:32,1405,60,305,39.6,31.7,513
2024-07-16 12:37:33,1405,60,305,39.6,31.7,514
2024-07-16 12:37:34,1405,60,306,39.6,31.8,514
2024-07-16 12:37:35,1405,60,306,39.6,31.8,517
2024-07-16 12:37:36,1406,60,306,39.6,31.8,516
2024-07-16 12:37:37,1406,60,306,39.6,31.8,519
2024-07-16 12:37:38,1406,60,307,39.6,31.9,519
2024-07-16 12:37:39,1406,60,307,39.6,31.9,520
2024-07-16 12:37:40,1406,60,307,39.6,31.9,521
2024-07-16 12:37:41,1404,60,306,39.6,31.8,523
2024-07-16 12:37:42,1404,60,305,39.6,31.7,523
2024-07-16 12:37:43,1404,60,304,39.6,31.7,525
2024-07-16 12:37:44,1404,60,305,39.6,31.7,526
2024-07-16 12:37:45,1404,60,305,39.6,31.7,529
2024-07-16 12:37:46,1410,60,306,39.6,31.8,531
2024-07-16 12:37:47,1410,60,307,39.6,31.8,530
2024-07-16 12:37:48,1410,60,307,39.6,31.9,532
2024-07-16 12:37:49,1410,60,306,39.6,31.9,535
2024-07-16 12:37:50,1410,60,307,39.6,31.9,537
2024-07-16 12:37:51,1409,60,306,39.6,31.8,540
2024-07-16 12:37:52,1409,60,307,39.6,31.9,541
2024-07-16 12:37:53,1409,60,306,39.6,31.8,545
2024-07-16 12:37:54,1409,60,306,39.6,31.9,553
2024-07-16 12:37:55,1409,60,305,39.6,31.7,550
2024-07-16 12:37:56,1405,60,305,39.6,31.8,552
2024-07-16 12:37:57,1405,60,305,39.6,31.8,555
2024-07-16 12:37:58,1405,60,305,39.6,31.7,555
2024-07-16 12:37:59,1405,60,306,39.6,31.8,562
2024-07-16 12:38:00,1405,60,305,39.6,31.7,566
2024-07-16 12:38:01,1404,60,305,39.6,31.7,567
2024-07-16 12:38:02,1404,60,305,39.6,31.7,571
2024-07-16 12:38:03,1404,60,306,39.6,31.8,576
2024-07-16 12:38:04,1404,60,305,39.6,31.7,575
2024-07-16 12:38:05,1404,60,305,39.6,31.7,575
2024-07-16 12:38:06,1408,60,306,39.6,31.8,586
2024-07-16 12:38:07,1408,60,306,39.6,31.9,587
2024-07-16 12:38:08,1408,60,306,39.6,31.8,592
2024-07-16 12:38:09,1408,60,306,39.6,31.8,594
2024-07-16 12:38:10,1408,60,306,39.6,31.8,600
2024-07-16 12:38:11,1408,60,306,39.6,31.8,601
2024-07-16 12:38:12,1408,60,306,39.6,31.8,609
2024-07-16 12:38:13,1408,60,306,39.6,31.8,613
2024-07-16 12:38:14,1408,60,307,39.6,31.9,617
2024-07-16 12:38:15,1408,60,306,39.6,31.8,621
2024-07-16 12:38:16,1409,60,307,39.6,31.9,635
2024-07-16 12:38:17,1409,60,307,39.6,31.9,632
2024-07-16 12:38:18,1409,60,306,39.6,31.7,636
2024-07-16 12:38:19,1409,60,306,39.6,31.8,640
2024-07-16 12:38:20,1409,60,305,39.6,31.7,650
2024-07-16 12:38:21,1403,60,305,39.6,31.7,654
2024-07-16 12:38:22,1403,60,305,39.6,31.8,663
2024-07-16 12:38:23,1403,60,306,39.6,31.8,672
2024-07-16 12:38:24,1403,60,305,39.6,31.7,674
2024-07-16 12:38:25,1403,60,305,39.6,31.7,681
2024-07-16 12:38:26,1404,60,306,39.6,31.8,689
2024-07-16 12:38:27,1404,60,306,39.6,31.8,693
2024-07-16 12:38:28,1404,60,307,39.6,31.9,699
2024-07-16 12:38:29,1404,60,307,39.6,31.9,707
2024-07-16 12:38:30,1404,60,307,39.6,31.9,715
2024-07-16 12:38:31,1408,60,306,39.6,31.8,721
2024-07-16 12:38:32,1408,60,306,39.6,31.8,731
2024-07-16 12:38:33,1408,60,305,39.6,31.7,736
2024-07-16 12:38:34,1408,60,305,39.6,31.7,747
2024-07-16 12:38:35,1408,60,305,39.6,31.7,764
2024-07-16 12:38:36,1404,60,305,39.6,31.7,764
2024-07-16 12:38:37,1404,60,305,39.6,31.7,774
2024-07-16 12:38:38,1404,60,305,39.6,31.7,779
2024-07-16 12:38:39,1404,60,305,39.6,31.7,785
2024-07-16 12:38:40,1404,60,306,39.6,31.9,795
2024-07-16 12:38:41,1409,60,306,39.6,31.8,806
2024-07-16 12:38:42,1409,60,306,39.6,31.8,815
2024-07-16 12:38:43,1409,60,306,39.6,31.8,826
2024-07-16 12:38:44,1409,60,306,39.6,31.8,834
2024-07-16 12:38:45,1409,60,306,39.6,31.8,845
2024-07-16 12:38:46,1409,60,306,39.6,31.8,854
2024-07-16 12:38:47,1409,60,306,39.6,31.8,866
2024-07-16 12:38:48,1409,60,306,39.6,31.8,877
2024-07-16 12:38:49,1409,60,306,39.6,31.8,885
2024-07-16 12:38:50,1409,60,306,39.6,31.8,893
2024-07-16 12:38:51,1408,60,306,39.6,31.8,906
2024-07-16 12:38:52,1408,60,306,39.6,31.8,919
2024-07-16 12:38:53,1408,60,306,39.6,31.8,919
2024-07-16 12:38:54,1408,60,306,39.6,31.8,936
2024-07-16 12:38:55,1408,60,306,39.6,31.8,940
2024-07-16 12:38:56,1408,60,306,39.6,31.8,953
2024-07-16 12:38:57,1408,60,305,39.6,31.7,967
2024-07-16 12:38:58,1408,60,305,39.6,31.7,979
2024-07-16 12:38:59,1408,60,305,39.6,31.7,990
2024-07-16 12:39:00,1408,60,305,39.6,31.7,1003
2024-07-16 12:39:01,1404,60,305,39.6,31.7,1014
2024-07-16 12:39:02,1404,60,305,39.6,31.7,1033
2024-07-16 12:39:03,1404,60,305,39.6,31.8,1039
2024-07-16 12:39:04,1404,60,306,39.6,31.8,1053
2024-07-16 12:39:05,1404,60,307,39.6,31.9,1069
2024-07-16 12:39:06,1412,60,307,39.6,31.9,1081
2024-07-16 12:39:07,1412,60,307,39.6,31.9,1094
2024-07-16 12:39:08,1412,60,307,39.6,32.0,1113
2024-07-16 12:39:09,1412,60,306,39.6,31.8,1130
2024-07-16 12:39:10,1412,60,305,39.6,31.7,1139
2024-07-16 12:39:11,1403,60,305,39.6,31.8,1155
2024-07-16 12:39:12,1403,60,305,39.6,31.7,1172
2024-07-16 12:39:13,1403,60,306,39.6,31.8,1188
2024-07-16 12:39:14,1403,60,305,39.6,31.7,1210
2024-07-16 12:39:15,1403,60,306,39.6,31.8,1218
2024-07-16 12:39:16,1403,60,305,39.6,31.7,1242
2024-07-16 12:39:17,1403,60,306,39.6,31.8,1262
2024-07-16 12:39:18,1403,60,306,39.6,31.8,1277
2024-07-16 12:39:19,1403,60,306,39.6,31.8,1281
2024-07-16 12:39:20,1403,60,306,39.6,31.8,1294
2024-07-16 12:39:21,1408,60,306,39.6,31.8,1313
2024-07-16 12:39:22,1408,60,306,39.6,31.8,1316
2024-07-16 12:39:23,1408,60,306,39.6,31.8,1332
2024-07-16 12:39:24,1408,60,306,39.6,31.8,1344
2024-07-16 12:39:25,1408,60,306,39.6,31.8,1359
2024-07-16 12:39:26,1408,60,306,39.6,31.8,1371
2024-07-16 12:39:27,1408,60,306,39.6,31.8,1387
2024-07-16 12:39:28,1408,60,306,39.6,31.8,1397
2024-07-16 12:39:29,1408,60,306,39.6,31.8,1407
2024-07-16 12:39:30,1408,60,306,39.6,31.8,1423
2024-07-16 12:39:31,1408,60,306,39.6,31.8,1434
2024-07-16 12:39:32,1408,60,306,39.6,31.8,1436
2024-07-16 12:39:33,1408,60,306,39.6,31.8,1441
2024-07-16 12:39:34,1408,60,306,39.6,31.8,1451
2024-07-16 12:39:35,1408,60,306,39.6,31.8,1457
2024-07-16 12:39:36,1408,61,306,39.6,31.8,1466
2024-07-16 12:39:37,1408,61,306,39.6,31.8,1474
2024-07-16 12:39:38,1408,61,306,39.6,31.8,1479
2024-07-16 12:39:39,1408,61,308,39.6,32.0,1479
2024-07-16 12:39:40,1408,62,309,39.7,32.1,1491
2024-07-16 12:39:41,1429,62,311,39.7,32.3,1494
2024-07-16 12:39:42,1429,62,311,39.7,32.5,1506
2024-07-16 12:39:43,1429,63,313,39.7,32.6,1511
2024-07-16 12:39:44,1429,63,315,39.7,32.7,1522
2024-07-16 12:39:45,1429,63,316,39.7,32.8,1528
2024-07-16 12:39:46,1470,64,320,39.8,33.3,1536
2024-07-16 12:39:47,1470,64,321,39.8,33.3,1545
2024-07-16 12:39:48,1470,64,321,39.8,33.3,1551
2024-07-16 12:39:49,1470,65,322,39.8,33.5,1562
2024-07-16 12:39:50,1470,65,323,39.8,33.6,1568
2024-07-16 12:39:51,1497,65,324,39.9,33.7,1573
2024-07-16 12:39:52,1497,65,327,39.9,34.0,1575
2024-07-16 12:39:53,1497,65,328,39.9,34.2,1577
2024-07-16 12:39:54,1497,66,329,39.9,34.2,1587
2024-07-16 12:39:55,1497,66,329,39.9,34.2,1586
2024-07-16 12:39:56,1519,66,329,39.9,34.2,1583
2024-07-16 12:39:57,1519,65,332,39.9,34.5,1576
2024-07-16 12:39:58,1519,65,333,40.0,34.6,1578
2024-07-16 12:39:59,1519,65,330,39.9,34.3,1579
2024-07-16 12:40:00,1519,66,329,39.9,34.2,1583
2024-07-16 12:40:01,1515,66,328,39.9,34.1,1587
2024-07-16 12:40:02,1515,66,328,39.9,34.1,1588
2024-07-16 12:40:03,1515,66,329,39.9,34.2,1593
2024-07-16 12:40:04,1515,65,333,40.0,34.9,1562
2024-07-16 12:40:05,1515,65,335,40.0,34.8,1581
2024-07-16 12:40:06,1522,66,329,39.9,34.2,1584
2024-07-16 12:40:07,1522,66,327,39.9,34.0,1594
2024-07-16 12:40:08,1522,66,328,39.9,34.1,1598
2024-07-16 12:40:09,1522,67,331,39.9,34.4,1606
2024-07-16 12:40:10,1522,67,333,40.0,34.6,1612
2024-07-16 12:40:11,1552,67,335,40.0,34.8,1621
2024-07-16 12:40:12,1552,67,337,40.0,35.0,1626
2024-07-16 12:40:13,1552,68,338,40.0,35.2,1632
2024-07-16 12:40:14,1552,68,338,40.0,35.2,1638
2024-07-16 12:40:15,1552,68,340,40.0,35.3,1650
2024-07-16 12:40:16,1580,68,341,40.1,35.5,1652
2024-07-16 12:40:17,1580,69,342,40.1,35.6,1665
2024-07-16 12:40:18,1580,69,342,40.1,35.5,1663
2024-07-16 12:40:19,1580,69,344,40.1,35.8,1667
2024-07-16 12:40:20,1580,69,348,40.1,36.2,1668
2024-07-16 12:40:21,1616,69,349,40.2,36.3,1677
2024-07-16 12:40:22,1616,70,349,40.1,36.3,1679
2024-07-16 12:40:23,1616,70,348,40.1,36.1,1690
2024-07-16 12:40:24,1616,70,347,40.1,36.1,1694
2024-07-16 12:40:25,1616,70,348,40.1,36.2,1700
2024-07-16 12:40:26,1636,71,352,40.2,36.6,1705
2024-07-16 12:40:27,1636,71,354,40.2,36.8,1705
2024-07-16 12:40:28,1636,71,354,40.2,36.8,1718
2024-07-16 12:40:29,1636,71,355,40.2,36.9,1724
2024-07-16 12:40:30,1636,72,357,40.2,37.1,1734
2024-07-16 12:40:31,1655,72,357,40.3,37.1,1744
2024-07-16 12:40:32,1655,73,357,40.3,37.1,1757
2024-07-16 12:40:33,1655,73,359,40.3,37.3,1766
2024-07-16 12:40:34,1655,74,362,40.3,37.7,1780
2024-07-16 12:40:35,1655,75,363,40.4,37.9,1818
2024-07-16 12:40:36,1702,76,367,40.4,38.2,1827
2024-07-16 12:40:37,1702,77,370,40.4,38.5,1853
2024-07-16 12:40:38,1702,80,371,40.4,38.6,1923
2024-07-16 12:40:39,1702,82,373,40.5,38.8,1980
2024-07-16 12:40:40,1702,84,376,40.5,39.1,2019
2024-07-16 12:40:41,1754,86,377,40.5,39.2,2068
2024-07-16 12:40:42,1754,87,379,40.5,39.4,2101
2024-07-16 12:40:43,1754,89,382,40.6,39.7,2142
2024-07-16 12:40:44,1754,90,383,40.6,40.0,2178
2024-07-16 12:40:45,1754,90,387,40.6,40.3,2180
2024-07-16 12:40:46,1815,90,389,40.7,40.5,2169
2024-07-16 12:40:47,1815,87,390,40.7,40.5,2099
2024-07-16 12:40:48,1815,87,393,40.7,40.9,2092
2024-07-16 12:40:49,1815,85,394,40.7,41.0,2056
2024-07-16 12:40:50,1815,85,398,40.8,41.4,2061
2024-07-16 12:40:51,1862,84,398,40.8,41.4,2018
2024-07-16 12:40:52,1862,83,401,40.8,41.6,2004
2024-07-16 12:40:53,1862,83,404,40.9,42.0,2005
2024-07-16 12:40:54,1862,84,408,40.9,42.5,2020
2024-07-16 12:40:55,1862,84,408,40.9,42.5,2020
2024-07-16 12:40:56,1919,83,409,40.9,42.5,2006
2024-07-16 12:40:57,1919,83,414,40.9,43.1,2008
2024-07-16 12:40:58,1919,84,415,41.0,43.1,2017
2024-07-16 12:40:59,1919,84,414,40.9,43.0,2019
2024-07-16 12:41:00,1919,84,413,40.9,43.0,2016
2024-07-16 12:41:01,1939,84,414,40.9,43.0,2028
2024-07-16 12:41:02,1939,85,415,40.9,43.2,2044
2024-07-16 12:41:03,1939,86,419,41.0,43.6,2069
2024-07-16 12:41:04,1939,86,420,41.0,43.7,2079
2024-07-16 12:41:05,1939,86,421,41.0,43.8,2076
2024-07-16 12:41:06,1990,85,423,41.0,44.1,2045
2024-07-16 12:41:07,1990,83,426,41.1,44.3,2004
2024-07-16 12:41:08,1990,82,423,41.0,44.0,1970
2024-07-16 12:41:09,1990,81,415,40.9,43.1,1951
2024-07-16 12:41:10,1990,80,401,40.8,41.7,1935
2024-07-16 12:41:11,1878,80,402,40.7,41.8,1924
2024-07-16 12:41:12,1878,80,402,40.8,41.8,1920
2024-07-16 12:41:13,1878,80,402,40.8,41.8,1918
2024-07-16 12:41:14,1878,79,403,40.8,41.9,1913
2024-07-16 12:41:15,1878,79,403,40.7,41.6,1913
2024-07-16 12:41:16,1854,80,398,40.7,41.4,1922
2024-07-16 12:41:17,1854,80,397,40.7,41.3,1919
2024-07-16 12:41:18,1854,79,397,40.7,41.3,1907
2024-07-16 12:41:19,1854,79,399,40.7,41.5,1897
2024-07-16 12:41:20,1854,79,400,40.7,41.6,1900
2024-07-16 12:41:21,1865,79,400,40.7,41.6,1906
2024-07-16 12:41:22,1865,79,399,40.7,41.5,1908
2024-07-16 12:41:23,1865,79,399,40.7,41.5,1902
2024-07-16 12:41:24,1865,78,398,40.7,41.4,1886
2024-07-16 12:41:25,1865,78,398,40.7,41.4,1880
2024-07-16 12:41:26,1849,78,396,40.6,40.9,1886
2024-07-16 12:41:27,1849,78,392,40.6,40.8,1887
2024-07-16 12:41:28,1849,78,392,40.6,40.8,1883
2024-07-16 12:41:29,1849,77,392,40.6,40.8,1868
2024-07-16 12:41:30,1849,76,393,40.6,40.9,1839
2024-07-16 12:41:31,1831,75,393,40.6,40.9,1820
2024-07-16 12:41:32,,,,,,1807
2024-07-16 12:41:33,1831,74,381,40.5,39.7,1794
2024-07-16 12:41:34,1831,74,381,40.5,39.6,1786
2024-07-16 12:41:35,1831,74,380,40.4,39.5,1778
2024-07-16 12:41:36,1747,74,375,40.4,39.0,1777
2024-07-16 12:41:37,1747,73,373,40.3,38.8,1772
2024-07-16 12:41:38,1747,74,373,40.3,38.8,1776
2024-07-16 12:41:39,1747,74,373,40.3,38.8,1776
2024-07-16 12:41:40,1747,74,373,40.3,38.8,1777
2024-07-16 12:41:41,1743,73,376,40.4,39.1,1771
2024-07-16 12:41:42,1743,74,376,40.4,39.1,1775
2024-07-16 12:41:43,1743,73,376,40.4,39.1,1762
2024-07-16 12:41:44,1743,73,375,40.4,39.0,1762
2024-07-16 12:41:45,1743,67,370,40.3,38.4,1622
2024-07-16 12:41:46,1710,72,370,40.2,38.0,1740
2024-07-16 12:41:47,1710,72,354,40.1,36.8,1741
2024-07-16 12:41:48,1710,73,344,40.0,35.7,1751
2024-07-16 12:41:49,1710,73,347,40.0,36.1,1754
2024-07-16 12:41:50,1710,73,352,40.1,36.6,1750
2024-07-16 12:41:51,1637,73,354,40.1,36.8,1760
2024-07-16 12:41:52,1637,73,357,40.1,37.1,1754
2024-07-16 12:41:53,1637,73,359,40.1,37.3,1750
2024-07-16 12:41:54,1637,72,360,40.2,37.4,1748
2024-07-16 12:41:55,1637,72,362,40.2,37.6,1743
2024-07-16 12:41:56,1685,73,364,40.2,37.8,1753
2024-07-16 12:41:57,1685,73,365,40.2,38.1,1764
2024-07-16 12:41:58,,74,368,40.3,38.3,1783
2024-07-16 12:41:59,1685,75,370,40.3,38.5,1806
2024-07-16 12:42:00,1685,76,372,40.3,38.7,1827
2024-07-16 12:42:01,1746,77,375,40.4,39.0,1851
2024-07-16 12:42:02,1746,77,376,40.4,39.1,1869
2024-07-16 12:42:03,1746,77,379,40.4,39.4,1869
2024-07-16 12:42:04,1746,78,380,40.4,39.5,1874
2024-07-16 12:42:05,1746,78,383,40.5,39.8,1881
2024-07-16 12:42:06,1792,78,384,40.5,39.9,1883
2024-07-16 12:42:07,1792,78,386,40.5,40.1,1886
2024-07-16 12:42:08,1792,78,388,40.6,40.6,1889
2024-07-16 12:42:09,1792,79,393,40.6,40.9,1895
2024-07-16 12:42:10,1792,79,394,40.6,41.0,1912
2024-07-16 12:42:11,1840,80,394,40.6,41.0,1920
2024-07-16 12:42:12,1840,80,397,40.6,41.3,1927
2024-07-16 12:42:13,1840,80,399,40.7,41.5,1936
2024-07-16 12:42:14,1840,80,401,40.7,41.7,1939
2024-07-16 12:42:15,1840,80,403,40.7,41.9,1931
2024-07-16 12:42:16,1887,80,404,40.7,42.0,1924
2024-07-16 12:42:17,1887,79,404,40.7,42.1,1914
2024-07-16 12:42:18,1887,79,404,40.7,42.0,1895
2024-07-16 12:42:19,1887,78,402,40.7,41.5,1884
2024-07-16 12:42:20,1887,78,397,40.6,41.3,1874
2024-07-16 12:42:21,,77,395,40.6,41.1,1869
2024-07-16 12:42:22,1845,77,396,40.6,41.1,1868
2024-07-16 12:42:23,,77,391,40.5,40.6,1859
2024-07-16 12:42:24,1845,77,390,40.5,40.5,1863
2024-07-16 12:42:25,1845,77,390,40.5,40.5,1864
2024-07-16 12:42:26,1845,,,,,1874
2024-07-16 12:42:27,1814,78,390,40.5,40.6,1882
2024-07-16 12:42:28,1814,78,390,40.5,40.5,1883
2024-07-16 12:42:29,1814,78,391,40.6,40.9,1876
2024-07-16 12:42:30,1814,78,395,40.6,41.1,1883
2024-07-16 12:42:31,1814,78,395,40.6,41.1,1883
2024-07-16 12:42:32,1841,78,395,40.6,41.1,1883
2024-07-16 12:42:33,1841,78,396,40.6,41.1,1886
2024-07-16 12:42:34,1841,78,395,40.6,41.1,1900
2024-07-16 12:42:35,1841,79,396,40.6,41.2,1903
2024-07-16 12:42:36,1841,79,396,40.6,41.2,1918
2024-07-16 12:42:37,1847,80,397,40.6,41.2,1926
2024-07-16 12:42:38,1847,80,398,40.6,41.3,1949
2024-07-16 12:42:39,1847,81,402,40.7,41.8,1956
2024-07-16 12:42:40,1847,81,403,40.7,41.9,1974
2024-07-16 12:42:41,1847,82,405,40.7,42.1,1981
2024-07-16 12:42:42,1905,82,406,40.8,42.5,2002
2024-07-16 12:42:43,1905,83,411,40.8,42.8,2007
2024-07-16 12:42:44,1905,83,413,40.8,43.0,2006
2024-07-16 12:42:45,1905,83,414,40.8,43.1,2016
2024-07-16 12:42:46,1905,84,416,40.8,43.3,2026
2024-07-16 12:42:47,1956,84,418,40.9,43.4,2023
2024-07-16 12:42:48,1956,84,420,40.9,43.7,2023
2024-07-16 12:42:49,1956,84,420,40.9,43.7,2006
2024-07-16 12:42:50,1956,83,423,40.9,44.0,2002
2024-07-16 12:42:51,1956,83,423,40.9,44.0,1994
2024-07-16 12:42:52,1969,83,421,40.9,43.8,2015
2024-07-16 12:42:53,1969,84,416,40.8,43.2,2041
2024-07-16 12:42:54,1969,85,415,40.8,43.1,2081
2024-07-16 12:42:55,1969,86,421,40.9,43.8,2110
2024-07-16 12:42:56,1969,88,424,40.9,44.1,2147
2024-07-16 12:42:57,1986,89,423,40.9,44.0,2193
2024-07-16 12:42:58,1986,91,425,40.9,44.2,2228
2024-07-16 12:42:59,1986,92,430,41.0,44.7,2251
2024-07-16 12:43:00,1986,93,433,41.0,45.1,2285
2024-07-16 12:43:01,1986,95,434,41.0,45.1,2328
2024-07-16 12:43:02,2044,97,435,41.1,45.3,2363
2024-07-16 12:43:03,2044,98,437,41.1,45.4,2397
2024-07-16 12:43:04,2044,99,441,41.1,45.9,2445
2024-07-16 12:43:05,2044,100,441,41.1,45.8,2495
2024-07-16 12:43:06,2044,100,444,41.2,46.1,2568
2024-07-16 12:43:07,2130,100,447,41.2,46.4,2619
2024-07-16 12:43:08,2130,100,453,41.3,47.1,2662
2024-07-16 12:43:09,2130,100,453,41.3,47.1,2681
2024-07-16 12:43:10,2130,100,453,41.3,47.1,2709
2024-07-16 12:43:11,2130,100,453,41.3,47.1,2734
2024-07-16 12:43:12,2139,100,456,41.3,47.4,2763
2024-07-16 12:43:13,2139,100,459,41.3,47.9,2782
2024-07-16 12:43:14,2139,100,461,41.4,47.9,2825
2024-07-16 12:43:15,2139,100,464,41.4,48.3,2863
2024-07-16 12:43:16,2139,100,468,41.4,48.6,2929
2024-07-16 12:43:17,2225,100,472,41.5,49.0,3006
2024-07-16 12:43:18,2225,100,471,41.5,49.0,3059
2024-07-16 12:43:19,2225,100,472,41.5,49.1,3120
2024-07-16 12:43:20,2225,100,473,41.5,49.2,3181
2024-07-16 12:43:21,2225,100,478,41.5,49.7,3208
2024-07-16 12:43:22,2268,100,478,41.6,49.7,3202
2024-07-16 12:43:23,2268,100,482,41.6,50.1,3181
2024-07-16 12:43:24,2268,100,484,41.6,50.6,3130
2024-07-16 12:43:25,2268,100,488,41.7,50.8,3146
2024-07-16 12:43:26,2268,100,489,41.7,50.9,3179
2024-07-16 12:43:27,2327,100,490,41.7,50.9,3201
2024-07-16 12:43:28,2327,100,495,41.7,51.4,3249
2024-07-16 12:43:29,2327,100,496,41.7,51.6,3270
2024-07-16 12:43:30,2327,100,496,41.7,51.6,3283
2024-07-16 12:43:31,2327,100,498,41.8,51.8,3265
2024-07-16 12:43:32,2375,100,498,41.8,51.8,3218
2024-07-16 12:43:33,2375,100,499,41.8,52.0,3197
2024-07-16 12:43:34,2375,100,501,41.8,52.0,3162
2024-07-16 12:43:35,2375,100,500,41.8,52.0,3162
2024-07-16 12:43:36,2375,100,501,41.8,52.1,3122
2024-07-16 12:43:37,2386,100,500,41.8,52.0,3068
2024-07-16 12:43:38,2386,100,499,41.7,51.9,3037
2024-07-16 12:43:39,2386,100,499,41.7,51.9,3028
2024-07-16 12:43:40,2386,100,500,41.7,51.9,2991
2024-07-16 12:43:41,2386,100,500,41.7,51.9,2947
2024-07-16 12:43:42,2382,100,500,41.7,52.0,2909
2024-07-16 12:43:43,2382,100,500,41.8,51.9,2897
2024-07-16 12:43:44,2382,100,500,41.7,52.0,2827
2024-07-16 12:43:45,2382,100,500,41.7,52.0,2783
2024-07-16 12:43:46,2382,100,501,41.7,52.1,2760
2024-07-16 12:43:47,2387,100,500,41.7,52.0,2731
2024-07-16 12:43:48,2387,100,502,41.8,52.2,2734
2024-07-16 12:43:49,2387,100,503,41.8,52.3,2736
2024-07-16 12:43:50,2387,100,502,41.8,52.2,2740
2024-07-16 12:43:51,2387,100,503,41.8,52.3,2746
2024-07-16 12:43:52,2397,100,502,41.8,52.2,2717
2024-07-16 12:43:53,2397,100,502,41.7,52.2,2694
2024-07-16 12:43:54,2397,100,500,41.7,52.0,2670
2024-07-16 12:43:55,2397,100,501,41.7,52.1,2625
2024-07-16 12:43:56,2397,100,500,41.7,52.0,2593
2024-07-16 12:43:57,2395,100,502,41.8,52.2,2554
2024-07-16 12:43:58,2395,100,503,41.8,52.3,2496
2024-07-16 12:43:59,2395,100,503,41.8,52.3,2464
2024-07-16 12:44:00,2395,100,503,41.8,52.3,2413
2024-07-16 12:44:01,2395,100,503,41.8,52.3,2367
2024-07-16 12:44:02,2397,98,503,41.8,52.3,2307
2024-07-16 12:44:03,2397,96,500,41.7,52.0,2235
2024-07-16 12:44:04,2397,93,495,41.6,51.5,2183
2024-07-16 12:44:05,2397,91,486,41.6,50.5,2114
2024-07-16 12:44:06,2397,88,461,41.3,47.9,2062
2024-07-16 12:44:07,2157,86,448,41.2,46.6,2025
2024-07-16 12:44:08,2157,84,444,41.1,46.2,1985
2024-07-16 12:44:09,2157,82,442,41.1,46.0,1951
2024-07-16 12:44:10,2157,81,430,40.9,44.7,1916
2024-07-16 12:44:11,2157,79,423,40.8,44.0,1865
2024-07-16 12:44:12,1964,77,416,40.8,43.2,1831
2024-07-16 12:44:13,1964,76,411,40.7,42.7,1806
2024-07-16 12:44:14,1964,75,400,40.5,41.5,1790
2024-07-16 12:44:15,1964,74,392,40.4,40.2,1766
2024-07-16 12:44:16,1964,73,386,40.4,40.1,
2024-07-16 12:44:17,1964,73,387,40.4,40.2,1755
2024-07-16 12:44:18,1792,72,386,40.4,40.1,1747
2024-07-16 12:44:19,1792,72,381,40.3,39.6,1747
2024-07-16 12:44:20,1792,72,378,40.3,39.3,1745
2024-07-16 12:44:21,1792,73,376,40.3,39.1,1750
2024-07-16 12:44:22,1744,73,376,40.3,39.1,1750
2024-07-16 12:44:23,1744,72,378,40.3,39.3,1748
2024-07-16 12:44:24,1744,72,381,40.3,39.6,1746
2024-07-16 12:44:25,1744,73,380,40.3,39.5,1756
2024-07-16 12:44:26,1744,73,377,40.3,39.2,1759
2024-07-16 12:44:27,1745,73,376,40.3,39.1,1757
2024-07-16 12:44:28,1745,73,378,40.3,39.3,1755
2024-07-16 12:44:29,1745,73,380,40.3,39.5,1758
2024-07-16 12:44:30,1745,72,382,40.4,39.7,1747
2024-07-16 12:44:31,1745,72,382,40.4,39.7,1744
2024-07-16 12:44:32,1750,72,376,40.3,39.1,1738
2024-07-16 12:44:33,1750,72,373,40.3,38.7,1749
2024-07-16 12:44:34,1750,72,373,40.2,38.8,1741
2024-07-16 12:44:35,1750,72,374,40.3,39.1,1732
2024-07-16 12:44:36,1750,72,377,40.3,39.2,1743
2024-07-16 12:44:37,1744,72,376,40.3,39.1,1727
2024-07-16 12:44:38,1744,71,376,40.3,39.1,1718
2024-07-16 12:44:39,1744,71,374,40.3,38.9,1708
2024-07-16 12:44:40,1744,70,371,40.2,38.6,1699
2024-07-16 12:44:41,1744,70,368,40.2,38.3,1696
2024-07-16 12:44:42,1698,70,368,40.2,38.3,1698
2024-07-16 12:44:43,1698,71,365,40.2,37.9,1708
2024-07-16 12:44:44,1698,72,364,40.1,37.8,1728
2024-07-16 12:44:45,1698,73,365,40.2,38.0,1754
2024-07-16 12:44:46,1698,73,368,40.2,38.5,1767
2024-07-16 12:44:47,1726,74,371,40.2,38.6,1779
2024-07-16 12:44:48,1726,74,375,40.3,39.0,1774
2024-07-16 12:44:49,1726,73,376,40.3,39.0,1765
2024-07-16 12:44:50,1726,73,378,40.3,39.3,1758
2024-07-16 12:44:51,1726,72,380,40.3,39.5,1746
2024-07-16 12:44:52,1748,72,378,40.3,39.3,1728
2024-07-16 12:44:53,1748,71,375,40.3,39.0,1724
2024-07-16 12:44:54,1748,71,373,40.3,38.8,1719
2024-07-16 12:44:55,1748,71,370,40.2,38.5,1720
2024-07-16 12:44:56,1748,71,366,40.2,38.0,1722
2024-07-16 12:44:57,1692,71,366,40.2,38.1,1717
2024-07-16 12:44:58,1692,71,369,40.2,38.4,1715
2024-07-16 12:44:59,1692,71,370,40.2,38.5,1709
2024-07-16 12:45:00,1692,71,370,40.2,38.5,1704
2024-07-16 12:45:01,1692,71,370,40.2,38.4,1705
2024-07-16 12:45:02,1710,71,369,40.2,38.4,1704
2024-07-16 12:45:03,1710,70,368,40.2,38.3,1698
2024-07-16 12:45:04,1710,71,368,40.2,38.2,1711
2024-07-16 12:45:05,1710,71,363,40.1,37.7,1715
2024-07-16 12:45:06,1710,72,363,40.1,37.7,1734
2024-07-16 12:45:07,1678,72,366,40.1,38.0,1734
2024-07-16 12:45:08,1678,73,370,40.2,38.5,1755
2024-07-16 12:45:09,1678,74,371,40.2,38.5,1775
2024-07-16 12:45:10,1678,74,374,40.3,38.8,1775
2024-07-16 12:45:11,1678,74,375,40.3,39.0,1786
2024-07-16 12:45:12,1748,75,377,40.3,39.2,1802
2024-07-16 12:45:13,1748,75,380,40.3,39.5,1803
2024-07-16 12:45:14,1748,75,382,40.4,39.8,1811
2024-07-16 12:45:15,1748,75,383,40.4,39.8,1811
2024-07-16 12:45:16,1748,75,385,40.4,40.1,1801
2024-07-16 12:45:17,1788,74,385,40.4,40.0,1795
2024-07-16 12:45:18,1788,74,385,40.4,40.0,1791
2024-07-16 12:45:19,1788,74,383,40.4,39.8,1788
2024-07-16 12:45:20,1788,74,381,40.4,39.6,1790
2024-07-16 12:45:21,1788,74,378,40.3,39.3,1795
2024-07-16 12:45:22,1755,75,378,40.3,39.3,1812
2024-07-16 12:45:23,1755,75,379,40.3,39.4,1819
2024-07-16 12:45:24,1755,75,382,40.4,39.7,1815
2024-07-16 12:45:25,1755,76,384,40.4,39.9,1830
2024-07-16 12:45:26,1755,76,384,40.4,39.9,1832
2024-07-16 12:45:27,1796,76,387,40.4,40.2,1841
2024-07-16 12:45:28,1796,76,387,40.4,40.3,1835
2024-07-16 12:45:29,1796,76,390,40.5,40.5,1834
2024-07-16 12:45:30,1796,76,391,40.5,40.6,1824
2024-07-16 12:45:31,1796,75,390,40.5,40.6,1811
2024-07-16 12:45:32,1811,75,389,40.5,40.5,1809
2024-07-16 12:45:33,1811,75,386,40.4,40.1,1809
2024-07-16 12:45:34,1811,75,383,40.4,39.9,1817
2024-07-16 12:45:35,1811,76,383,40.4,39.8,1830
2024-07-16 12:45:36,1811,77,383,40.4,39.9,1846
2024-07-16 12:45:37,1789,77,384,40.4,39.9,1854
2024-07-16 12:45:38,1789,77,387,40.4,40.3,1869
2024-07-16 12:45:39,1789,78,391,40.5,40.8,1876
2024-07-16 12:45:40,1789,78,393,40.5,40.9,1885
2024-07-16 12:45:41,1789,78,393,40.5,40.8,1882
2024-07-16 12:45:42,1840,77,394,40.5,41.0,1864
2024-07-16 12:45:43,1840,77,397,40.6,41.3,1852
2024-07-16 12:45:44,1840,76,397,40.6,41.3,1839
2024-07-16 12:45:45,1840,76,391,40.5,40.7,1839
2024-07-16 12:45:46,1840,76,386,40.5,40.1,1845
2024-07-16 12:45:47,1790,77,384,40.4,39.9,1848
2024-07-16 12:45:48,1790,76,387,40.5,40.6,1844
2024-07-16 12:45:49,1790,76,391,40.5,40.7,1837
2024-07-16 12:45:50,1790,76,391,40.5,40.6,1825
2024-07-16 12:45:51,1790,76,389,40.5,40.4,1832
2024-07-16 12:45:52,1805,75,387,40.5,40.3,1814
2024-07-16 12:45:53,1805,76,387,40.5,40.2,1841
2024-07-16 12:45:54,1805,77,387,40.5,40.2,1854
2024-07-16 12:45:55,1805,77,386,40.4,40.1,1857
2024-07-16 12:45:56,1805,77,385,40.4,40.1,1861
2024-07-16 12:45:57,1790,77,387,40.5,40.2,1861
2024-07-16 12:45:58,1790,77,392,40.5,40.8,1861
2024-07-16 12:45:59,1790,77,393,40.5,40.8,1858
2024-07-16 12:46:00,1790,77,393,40.5,40.8,1856
2024-07-16 12:46:01,1790,77,392,40.5,40.8,1850
2024-07-16 12:46:02,1827,77,393,40.5,40.9,1848
2024-07-16 12:46:03,1827,77,393,40.6,40.9,1858
2024-07-16 12:46:04,1827,77,394,40.6,40.9,1848
2024-07-16 12:46:05,1827,76,393,40.6,40.9,1843
2024-07-16 12:46:06,1827,76,392,40.5,40.8,1836
2024-07-16 12:46:07,1811,76,388,40.5,40.4,1843
2024-07-16 12:46:08,1811,76,389,40.5,40.4,1830
2024-07-16 12:46:09,1811,76,388,40.5,40.3,1824
2024-07-16 12:46:10,1811,76,387,40.5,40.3,1833
2024-07-16 12:46:11,1811,76,388,40.5,40.3,1825
2024-07-16 12:46:12,1802,76,388,40.5,40.4,1824
2024-07-16 12:46:13,1802,75,388,40.5,40.4,1820
2024-07-16 12:46:14,1802,76,388,40.5,40.4,1828
2024-07-16 12:46:15,1802,76,387,40.5,40.2,1832
2024-07-16 12:46:16,1802,76,385,40.4,40.1,1834
2024-07-16 12:46:17,1791,76,386,40.4,40.1,1834
2024-07-16 12:46:18,1791,76,386,40.4,40.2,1835
2024-07-16 12:46:19,1791,76,388,40.5,40.4,1834
2024-07-16 12:46:20,1791,76,391,40.5,40.6,1830
2024-07-16 12:46:21,1791,76,391,40.5,40.6,1827
2024-07-16 12:46:22,1810,76,389,40.5,40.5,1838
2024-07-16 12:46:23,1810,76,386,40.5,40.2,1829
2024-07-16 12:46:24,1810,76,386,40.5,40.2,1837
2024-07-16 12:46:25,1810,77,387,40.5,40.2,1846
2024-07-16 12:46:26,1810,77,386,40.5,40.2,1849
2024-07-16 12:46:27,1820,77,391,40.5,40.7,1860
2024-07-16 12:46:28,1820,78,394,40.5,41.0,1870
2024-07-16 12:46:29,1820,78,395,40.6,41.1,1873
2024-07-16 12:46:30,1820,78,395,40.6,41.1,1874
2024-07-16 12:46:31,1820,78,395,40.6,41.1,1877
2024-07-16 12:46:32,1838,78,395,40.6,41.1,1876
2024-07-16 12:46:33,1838,79,395,40.6,41.1,1896
2024-07-16 12:46:34,1838,79,398,40.6,41.3,1894
2024-07-16 12:46:35,1838,79,399,40.6,41.5,1901
2024-07-16 12:46:36,1838,79,402,40.6,41.8,1904
2024-07-16 12:46:37,1875,80,403,40.7,41.9,1923
2024-07-16 12:46:38,1875,80,402,40.7,41.8,1938
2024-07-16 12:46:39,1875,81,402,40.7,41.8,1960
2024-07-16 12:46:40,1875,82,404,40.7,42.0,1975
2024-07-16 12:46:41,1875,82,407,40.7,42.5,1986
2024-07-16 12:46:42,1912,82,409,40.7,42.5,1986
2024-07-16 12:46:43,1912,83,411,40.8,42.8,1990
2024-07-16 12:46:44,1912,82,414,40.8,43.1,1977
2024-07-16 12:46:45,1912,82,418,40.9,43.5,1968
2024-07-16 12:46:46,1912,81,417,40.9,43.3,1954
2024-07-16 12:46:47,1951,81,414,40.8,43.1,1946
2024-07-16 12:46:48,1951,81,411,40.8,42.7,1950
2024-07-16 12:46:49,1951,81,410,40.8,42.6,1958
2024-07-16 12:46:50,1951,82,410,40.8,42.6,1969
2024-07-16 12:46:51,1951,82,410,40.8,42.6,1975
2024-07-16 12:46:52,1914,82,410,40.8,42.7,1979
2024-07-16 12:46:53,1914,83,414,40.8,43.0,1993
2024-07-16 12:46:54,1914,83,418,40.9,43.4,2006
2024-07-16 12:46:55,1914,84,418,40.8,43.4,2035
2024-07-16 12:46:56,1914,86,419,40.9,43.5,2063
2024-07-16 12:46:57,1963,86,421,40.9,43.7,2074
2024-07-16 12:46:58,1963,88,424,40.9,44.0,2117
2024-07-16 12:46:59,1963,88,426,40.9,44.3,2126
2024-07-16 12:47:00,1963,89,428,41.0,44.5,2145
2024-07-16 12:47:01,1963,90,429,41.0,44.6,2168
2024-07-16 12:47:02,2030,91,434,41.0,45.1,2202
2024-07-16 12:47:03,2030,93,434,41.0,45.1,2245
2024-07-16 12:47:04,2030,95,435,41.1,45.3,2293
2024-07-16 12:47:05,2030,96,440,41.1,45.8,2321
2024-07-16 12:47:06,2030,98,440,41.1,45.8,2362
2024-07-16 12:47:07,2074,98,442,41.1,45.9,2362
2024-07-16 12:47:08,2074,97,444,41.2,46.2,2346
2024-07-16 12:47:09,2074,97,448,41.2,46.6,2338
2024-07-16 12:47:10,2074,96,451,41.2,46.8,2320
2024-07-16 12:47:11,2074,97,452,41.3,47.0,2345
2024-07-16 12:47:12,2137,100,453,41.3,47.3,2410
2024-07-16 12:47:13,2137,100,456,41.3,47.4,2501
2024-07-16 12:47:14,2137,100,459,41.3,47.7,2607
2024-07-16 12:47:15,2137,100,460,41.3,47.8,2681
2024-07-16 12:47:16,2137,100,463,41.4,48.2,2717
2024-07-16 12:47:17,2198,100,465,41.4,48.3,2764
2024-07-16 12:47:18,2198,100,468,41.4,48.7,2786
2024-07-16 12:47:19,2198,100,470,41.4,48.9,2815
2024-07-16 12:47:20,2198,100,472,41.5,49.1,2839
2024-07-16 12:47:21,2198,100,473,41.5,49.2,2854
2024-07-16 12:47:22,2253,100,476,41.5,49.4,2867
2024-07-16 12:47:23,2253,100,477,41.5,49.8,2875
2024-07-16 12:47:24,2253,100,480,41.6,49.9,2890
2024-07-16 12:47:25,2253,100,484,41.6,50.4,2885
2024-07-16 12:47:26,2253,100,486,41.6,50.6,2827
2024-07-16 12:47:27,2321,100,489,41.6,50.8,2757
2024-07-16 12:47:28,2321,100,489,41.6,50.8,2699
2024-07-16 12:47:29,2321,100,492,41.7,51.2,2650
2024-07-16 12:47:30,2321,100,494,41.7,51.4,2635
2024-07-16 12:47:31,2321,100,496,41.7,51.6,2635
2024-07-16 12:47:32,2378,100,498,41.8,51.7,2633
2024-07-16 12:47:33,2378,100,500,41.8,52.0,2640
2024-07-16 12:47:34,2378,100,501,41.8,52.0,2622
2024-07-16 12:47:35,2378,100,501,41.8,52.1,2586
2024-07-16 12:47:36,2378,100,501,41.8,52.1,2522
2024-07-16 12:47:37,2386,100,499,41.7,51.9,2473
2024-07-16 12:47:38,2386,100,498,41.7,51.8,2414
2024-07-16 12:47:39,2386,98,498,41.7,51.8,2356
2024-07-16 12:47:40,2386,96,499,41.7,51.8,2319
2024-07-16 12:47:41,2386,95,495,41.7,51.5,2288
2024-07-16 12:47:42,2322,94,479,41.5,49.8,2271
2024-07-16 12:47:43,2322,96,470,41.4,48.9,2307
2024-07-16 12:47:44,2322,97,469,41.4,48.8,2341
2024-07-16 12:47:45,2322,100,475,41.5,49.9,2409
2024-07-16 12:47:46,2322,100,481,41.5,50.0,2464
2024-07-16 12:47:47,2276,100,480,41.5,49.9,2498
2024-07-16 12:47:48,2276,100,480,41.5,49.9,2521
2024-07-16 12:47:49,2276,100,485,41.6,50.4,2539
2024-07-16 12:47:50,2276,100,487,41.6,50.6,2552
2024-07-16 12:47:51,2276,100,489,41.6,50.8,2599
2024-07-16 12:47:52,2331,100,492,41.6,51.2,2607
2024-07-16 12:47:53,2331,100,493,41.7,51.3,2608
2024-07-16 12:47:54,2331,100,494,41.7,51.4,2575
2024-07-16 12:47:55,2331,100,497,41.7,51.7,2536
2024-07-16 12:47:56,2331,100,501,41.7,52.1,2515
2024-07-16 12:47:57,2391,100,502,41.8,52.2,2477
2024-07-16 12:47:58,2391,100,503,41.8,52.2,2452
2024-07-16 12:47:59,2391,100,502,41.8,52.2,2446
2024-07-16 12:48:00,2391,100,502,41.8,52.2,2436
2024-07-16 12:48:01,2391,100,503,41.8,52.3,2417
2024-07-16 12:48:02,2395,99,502,41.8,52.2,2392
2024-07-16 12:48:03,2395,98,503,41.8,52.3,2359
2024-07-16 12:48:04,2395,97,498,41.7,51.8,2336
2024-07-16 12:48:05,2395,95,494,41.6,51.3,2296
2024-07-16 12:48:06,2395,95,490,41.6,51.0,2293
2024-07-16 12:48:07,2283,94,478,41.5,49.7,2274
2024-07-16 12:48:08,2283,95,472,41.4,49.1,2284
2024-07-16 12:48:09,2283,96,474,41.4,49.3,2310
2024-07-16 12:48:10,2283,98,479,41.5,49.9,2365
2024-07-16 12:48:11,2283,100,482,41.5,50.1,2411
2024-07-16 12:48:12,2282,100,482,41.5,50.1,2460
2024-07-16 12:48:13,2282,100,483,41.5,50.2,2490
2024-07-16 12:48:14,2282,100,486,41.6,50.5,2483
2024-07-16 12:48:15,2282,100,487,41.6,50.6,2479
2024-07-16 12:48:16,2282,100,490,41.7,51.4,2475
2024-07-16 12:48:17,2362,100,496,41.7,51.6,2475
2024-07-16 12:48:18,2362,100,497,41.7,51.6,2441
2024-07-16 12:48:19,2362,100,497,41.7,51.6,2430
2024-07-16 12:48:20,2362,100,499,41.7,51.8,2461
2024-07-16 12:48:21,2362,100,502,41.7,52.2,2477
2024-07-16 12:48:22,2398,100,503,41.8,52.3,2500
2024-07-16 12:48:23,2398,100,504,41.8,52.4,2510
2024-07-16 12:48:24,2398,100,504,41.8,52.4,2505
2024-07-16 12:48:25,2398,100,504,41.8,52.4,2485
2024-07-16 12:48:26,2398,100,504,41.8,52.4,2446
2024-07-16 12:48:27,2405,100,505,41.8,52.5,2401
2024-07-16 12:48:28,2405,97,505,41.8,52.5,2347
2024-07-16 12:48:29,2405,94,501,41.7,52.1,2272
2024-07-16 12:48:30,2405,90,492,41.6,51.2,2178
2024-07-16 12:48:31,2405,88,475,41.4,49.4,2133
2024-07-16 12:48:32,2236,87,458,41.2,47.7,2107
2024-07-16 12:48:33,2236,86,435,41.0,45.3,2072
2024-07-16 12:48:34,2236,84,441,41.0,45.9,2033
2024-07-16 12:48:35,2236,83,447,41.1,46.4,1999
2024-07-16 12:48:36,2236,82,438,40.9,45.6,1980
2024-07-16 12:48:37,2018,81,426,40.8,44.3,1959
2024-07-16 12:48:38,2018,81,424,40.8,44.0,1947
2024-07-16 12:48:39,2018,80,421,40.8,43.7,1926
2024-07-16 12:48:40,2018,79,418,40.7,43.4,1904
2024-07-16 12:48:41,2018,78,414,40.7,43.0,1885
2024-07-16 12:48:42,1910,78,407,40.6,42.3,1883
2024-07-16 12:48:43,1910,77,406,40.6,42.3,1865
2024-07-16 12:48:44,1910,77,405,40.6,42.1,1864
2024-07-16 12:48:45,1910,77,402,40.6,41.8,1863
2024-07-16 12:48:46,1910,77,399,40.5,41.5,1861
2024-07-16 12:48:47,1860,77,400,40.5,41.6,1846
2024-07-16 12:48:48,1860,76,399,40.5,41.5,1826
2024-07-16 12:48:49,1860,75,402,40.6,41.8,1817
2024-07-16 12:48:50,1860,74,399,40.5,41.5,1796
2024-07-16 12:48:51,1860,74,389,40.4,40.5,1785
2024-07-16 12:48:52,1793,74,385,40.4,40.1,1782
2024-07-16 12:48:53,1793,74,385,40.4,40.0,1785
2024-07-16 12:48:54,1793,74,386,40.4,40.1,1789
2024-07-16 12:48:55,1793,75,387,40.4,40.3,1811
2024-07-16 12:48:56,1793,76,387,40.4,40.3,1825
2024-07-16 12:48:57,1797,76,387,40.4,40.2,1828
2024-07-16 12:48:58,1797,76,388,40.4,40.7,1833
2024-07-16 12:48:59,1797,77,394,40.5,41.0,1859
2024-07-16 12:49:00,1797,77,395,40.5,41.1,1859
2024-07-16 12:49:01,1797,78,395,40.5,41.1,1892
2024-07-16 12:49:02,1847,80,398,40.5,41.4,1939
2024-07-16 12:49:03,1847,82,399,40.6,41.5,1987
2024-07-16 12:49:04,1847,84,401,40.6,41.7,2024
2024-07-16 12:49:05,1847,84,403,40.6,41.9,2019
2024-07-16 12:49:06,1847,84,408,40.7,42.4,2030
2024-07-16 12:49:07,1907,85,409,40.7,42.5,2043
2024-07-16 12:49:08,1907,85,409,40.7,42.5,2054
2024-07-16 12:49:09,1907,86,411,40.8,43.0,2069
2024-07-16 12:49:10,1907,87,414,40.8,43.1,2093
2024-07-16 12:49:11,1907,87,416,40.8,43.3,2105
2024-07-16 12:49:12,1955,89,418,40.8,43.5,2144
2024-07-16 12:49:13,1955,90,419,40.8,43.6,2167
2024-07-16 12:49:14,1955,90,422,40.9,43.8,2179
2024-07-16 12:49:15,1955,90,427,40.9,44.4,2162
2024-07-16 12:49:16,1955,87,427,40.9,44.4,2109
2024-07-16 12:49:17,2001,84,428,40.9,44.5,2037
2024-07-16 12:49:18,2001,83,429,41.0,44.6,1994
2024-07-16 12:49:19,2001,82,430,41.0,44.8,1970
2024-07-16 12:49:20,2001,81,428,40.9,43.9,1952
2024-07-16 12:49:21,2001,81,420,40.8,43.7,1950
2024-07-16 12:49:22,1943,80,417,40.8,43.3,1931
2024-07-16 12:49:23,1943,79,414,40.8,43.0,1902
2024-07-16 12:49:24,1943,78,408,40.7,42.5,1883
2024-07-16 12:49:25,1943,78,406,40.7,42.2,1887
2024-07-16 12:49:26,1943,79,403,40.6,41.9,1901
2024-07-16 12:49:27,1875,79,402,40.6,41.8,1901
2024-07-16 12:49:28,1875,79,403,40.6,41.9,1914
2024-07-16 12:49:29,1875,80,403,40.6,41.9,1941
2024-07-16 12:49:30,1875,80,406,40.6,42.2,1939
2024-07-16 12:49:31,1875,82,410,40.7,42.7,1974
2024-07-16 12:49:32,1918,83,412,40.7,42.9,2005
2024-07-16 12:49:33,1918,84,412,40.7,42.9,2015
2024-07-16 12:49:34,1918,84,413,40.7,42.9,2034
2024-07-16 12:49:35,1918,85,416,40.8,43.3,2055
2024-07-16 12:49:36,1918,85,417,40.8,43.4,2058
2024-07-16 12:49:37,1959,85,421,40.8,43.8,2044
2024-07-16 12:49:38,1959,83,421,40.8,43.7,2013
2024-07-16 12:49:39,1959,82,424,40.8,44.1,1984
2024-07-16 12:49:40,1959,83,425,40.9,44.2,2002
2024-07-16 12:49:41,1959,83,422,40.8,43.8,2006
2024-07-16 12:49:42,1968,84,420,40.8,43.7,2016
2024-07-16 12:49:43,1968,84,420,40.8,43.7,2029
2024-07-16 12:49:44,1968,84,426,40.9,44.3,2026
2024-07-16 12:49:45,1968,85,427,40.9,44.4,2050
2024-07-16 12:49:46,1968,86,428,40.9,44.5,2068
2024-07-16 12:49:47,2007,86,428,40.9,44.5,2084
2024-07-16 12:49:48,2007,86,434,41.0,45.1,2084
2024-07-16 12:49:49,2007,87,436,41.0,45.3,2092
2024-07-16 12:49:50,2007,87,437,41.0,45.4,2098
2024-07-16 12:49:51,2007,89,437,41.0,45.5,2154
2024-07-16 12:49:52,2066,93,440,41.1,45.7,2238
2024-07-16 12:49:53,2066,96,442,41.1,46.0,2311
2024-07-16 12:49:54,2066,95,444,41.1,46.2,2287
2024-07-16 12:49:55,2066,92,448,41.2,46.6,2210
2024-07-16 12:49:56,2066,90,449,41.2,46.7,2171
2024-07-16 12:49:57,2135,89,453,41.2,47.1,2156
2024-07-16 12:49:58,2135,90,453,41.2,47.2,2174
2024-07-16 12:49:59,2135,92,453,41.2,47.1,2214
2024-07-16 12:50:00,2135,92,453,41.2,47.1,2223
2024-07-16 12:50:01,2135,90,452,41.2,47.0,2181
2024-07-16 12:50:02,2138,89,453,41.2,47.2,2146
2024-07-16 12:50:03,2138,89,455,41.2,47.3,2144
2024-07-16 12:50:04,2138,89,456,41.2,47.4,2135
2024-07-16 12:50:05,2138,90,452,41.2,47.0,2159
2024-07-16 12:50:06,2138,90,447,41.1,46.5,2178
2024-07-16 12:50:07,2120,91,449,41.2,46.7,2195
2024-07-16 12:50:08,2120,91,456,41.2,47.4,2185
2024-07-16 12:50:09,2120,90,457,41.3,47.5,2164
2024-07-16 12:50:10,2120,88,457,41.3,47.5,2111
2024-07-16 12:50:11,2120,87,458,41.2,47.6,2094
2024-07-16 12:50:12,2083,87,448,41.2,46.6,2087
2024-07-16 12:50:13,2083,88,439,41.0,45.1,2115
2024-07-16 12:50:14,2083,89,437,41.0,45.4,2153
2024-07-16 12:50:15,2083,91,448,41.1,46.6,2195
2024-07-16 12:50:16,2083,92,450,41.2,46.8,2215
2024-07-16 12:50:17,2114,94,449,41.2,46.7,2277
2024-07-16 12:50:18,2114,97,449,41.2,46.7,2347
2024-07-16 12:50:19,2114,100,451,41.2,46.9,2426
2024-07-16 12:50:20,2114,100,455,41.2,47.3,2506
2024-07-16 12:50:21,2114,100,459,41.3,47.7,2622
2024-07-16 12:50:22,2166,100,459,41.3,47.7,2741
2024-07-16 12:50:23,2166,100,461,41.3,47.9,2883
2024-07-16 12:50:24,2166,100,464,41.3,48.4,2970
2024-07-16 12:50:25,2166,100,465,41.3,48.4,2990
2024-07-16 12:50:26,2166,100,467,41.4,48.6,3002
2024-07-16 12:50:27,2211,100,470,41.4,48.9,3012
2024-07-16 12:50:28,2211,100,472,41.4,49.0,3057
2024-07-16 12:50:29,2211,100,473,41.4,49.2,3015
2024-07-16 12:50:30,2211,100,477,41.5,49.6,3026
2024-07-16 12:50:31,2211,100,480,41.5,49.9,2993
2024-07-16 12:50:32,2283,100,482,41.5,50.1,2965
2024-07-16 12:50:33,2283,100,482,41.5,50.2,2908
2024-07-16 12:50:34,2283,100,485,41.6,50.4,2907
2024-07-16 12:50:35,2283,100,486,41.6,50.7,2880
2024-07-16 12:50:36,2283,100,490,41.6,50.9,2793
2024-07-16 12:50:37,2327,100,491,41.6,51.0,2793
2024-07-16 12:50:38,2327,100,494,41.7,51.4,2742
2024-07-16 12:50:39,2327,100,499,41.7,51.9,2764
2024-07-16 12:50:40,2327,100,500,41.7,52.0,2805
2024-07-16 12:50:41,2327,100,499,41.7,51.9,2799
2024-07-16 12:50:42,2381,100,500,41.7,52.0,2817
2024-07-16 12:50:43,2381,100,502,41.8,52.2,2720
2024-07-16 12:50:44,2381,100,503,41.8,52.4,2631
2024-07-16 12:50:45,2381,100,504,41.8,52.4,2537
2024-07-16 12:50:46,2381,100,503,41.8,52.4,2473
2024-07-16 12:50:47,2401,100,504,41.8,52.4,2477
2024-07-16 12:50:48,2401,100,502,41.7,52.2,2505
2024-07-16 12:50:49,2401,100,502,41.7,52.2,2491
2024-07-16 12:50:50,2401,100,502,41.7,52.2,2465
2024-07-16 12:50:51,2401,100,503,41.7,52.3,2471
2024-07-16 12:50:52,2394,100,502,41.7,52.2,2470
2024-07-16 12:50:53,2394,100,503,41.7,52.3,2516
2024-07-16 12:50:54,2394,100,503,41.7,52.3,2561
2024-07-16 12:50:55,2394,100,504,41.8,52.5,2602
2024-07-16 12:50:56,2394,100,505,41.8,52.5,2612
2024-07-16 12:50:57,2408,100,505,41.8,52.6,2680
2024-07-16 12:50:58,2408,100,505,41.8,52.5,2736
2024-07-16 12:50:59,2408,100,505,41.8,52.5,2695
2024-07-16 12:51:00,2408,100,504,41.7,52.4,2557
2024-07-16 12:51:01,2408,100,503,41.7,52.3,2458
2024-07-16 12:51:02,2398,100,504,41.7,52.4,2404
2024-07-16 12:51:03,2398,99,503,41.7,52.4,2377
2024-07-16 12:51:04,2398,98,504,41.7,52.4,2373
2024-07-16 12:51:05,2398,100,501,41.7,52.0,2404
2024-07-16 12:51:06,2398,100,496,41.6,51.2,2419
2024-07-16 12:51:07,2354,100,493,41.6,51.3,2410
2024-07-16 12:51:08,2354,100,501,41.7,52.1,2408
2024-07-16 12:51:09,2354,100,501,41.7,52.1,2418
2024-07-16 12:51:10,2354,100,504,41.7,52.4,2456
2024-07-16 12:51:11,2354,100,505,41.8,52.5,2518
2024-07-16 12:51:12,2412,100,507,41.8,52.7,2604
2024-07-16 12:51:13,2412,100,506,41.8,52.6,2711
2024-07-16 12:51:14,2412,100,506,41.8,52.7,2807
2024-07-16 12:51:15,2412,100,505,41.8,52.5,2826
2024-07-16 12:51:16,2412,100,505,41.8,52.5,2884
2024-07-16 12:51:17,2403,100,504,41.7,52.3,2963
2024-07-16 12:51:18,2403,100,504,41.7,52.4,3082
2024-07-16 12:51:19,2403,100,505,41.8,52.5,3104
2024-07-16 12:51:20,2403,100,506,41.8,52.6,3051
2024-07-16 12:51:21,2403,100,506,41.8,52.6,2965
2024-07-16 12:51:22,2411,100,506,41.8,52.6,2965
2024-07-16 12:51:23,2411,100,506,41.8,52.6,2949
2024-07-16 12:51:24,2411,100,505,41.8,52.6,2968
2024-07-16 12:51:25,2411,100,506,41.8,52.6,2973
2024-07-16 12:51:26,2411,100,505,41.8,52.6,2955
2024-07-16 12:51:27,2410,100,506,41.8,52.6,2896
2024-07-16 12:51:28,2410,100,506,41.8,52.6,2774
2024-07-16 12:51:29,2410,100,506,41.8,52.6,2672
2024-07-16 12:51:30,2410,100,506,41.8,52.6,2636
2024-07-16 12:51:31,2410,100,506,41.8,52.6,2580
2024-07-16 12:51:32,2412,100,506,41.8,52.6,2578
2024-07-16 12:51:33,2412,100,506,41.8,52.6,2594
2024-07-16 12:51:34,2412,100,506,41.8,52.6,2605
2024-07-16 12:51:35,2412,100,506,41.8,52.6,2602
2024-07-16 12:51:36,2412,100,506,41.8,52.6,2624
2024-07-16 12:51:37,2411,100,506,41.8,52.7,2693
2024-07-16 12:51:38,2411,100,506,41.8,52.6,2720
2024-07-16 12:51:39,2411,100,506,41.8,52.6,2736
2024-07-16 12:51:40,2411,100,506,41.8,52.6,2734
2024-07-16 12:51:41,2411,100,507,41.8,52.7,2747
2024-07-16 12:51:42,2419,100,508,41.8,52.8,2728
2024-07-16 12:51:43,2419,100,507,41.8,52.8,2752
2024-07-16 12:51:44,2419,100,508,41.8,52.8,2751
2024-07-16 12:51:45,2419,100,507,41.8,52.8,2719
2024-07-16 12:51:46,2419,100,508,41.8,52.8,2679
2024-07-16 12:51:47,2416,100,507,41.8,52.7,2649
2024-07-16 12:51:48,2416,100,507,41.8,52.7,2636
2024-07-16 12:51:49,2416,100,506,41.8,52.6,2668
2024-07-16 12:51:50,2416,100,505,41.7,52.5,2647
2024-07-16 12:51:51,2416,100,506,41.7,52.6,2637
2024-07-16 12:51:52,2411,100,506,41.8,52.6,2656
2024-07-16 12:51:53,2411,100,508,41.8,52.8,2714
2024-07-16 12:51:54,2411,100,508,41.8,52.9,2725
2024-07-16 12:51:55,2411,100,509,41.8,52.9,2700
2024-07-16 12:51:56,2411,100,509,41.8,52.9,2654
2024-07-16 12:51:57,2421,100,508,41.8,52.8,2656
2024-07-16 12:51:58,2421,100,508,41.8,52.8,2690
2024-07-16 12:51:59,2421,100,506,41.7,52.6,2679
2024-07-16 12:52:00,2421,100,506,41.7,52.6,2650
2024-07-16 12:52:01,2421,100,506,41.7,52.6,2628
2024-07-16 12:52:02,2425,100,507,41.7,52.7,2622
2024-07-16 12:52:03,2425,100,509,41.8,53.0,2619
2024-07-16 12:52:04,2425,100,509,41.8,52.9,2646
2024-07-16 12:52:05,2425,100,509,41.8,52.9,2665
2024-07-16 12:52:06,2425,100,508,41.8,52.9,2688
2024-07-16 12:52:07,2419,100,507,41.7,52.7,2698
2024-07-16 12:52:08,2419,100,506,41.7,52.6,2704
2024-07-16 12:52:09,2419,100,506,41.7,52.6,2704
2024-07-16 12:52:10,2419,100,506,41.7,52.7,2729
2024-07-16 12:52:11,2419,100,507,41.8,52.7,2765
2024-07-16 12:52:12,2424,100,510,41.8,53.0,2783
2024-07-16 12:52:13,2424,100,509,41.8,53.0,2833
2024-07-16 12:52:14,2424,100,510,41.8,53.0,2885
2024-07-16 12:52:15,2424,100,508,41.8,52.8,2925
2024-07-16 12:52:16,2424,100,509,41.8,52.9,2932
2024-07-16 12:52:17,2421,100,508,41.8,52.8,2951
2024-07-16 12:52:18,2421,100,505,41.7,52.5,2943
2024-07-16 12:52:19,2421,100,506,41.7,52.6,2918
2024-07-16 12:52:20,2421,100,507,41.7,52.7,2910
2024-07-16 12:52:21,2421,100,508,41.8,52.9,2889
2024-07-16 12:52:22,2425,100,509,41.8,52.9,2853
2024-07-16 12:52:23,2425,100,509,41.8,52.9,2823
2024-07-16 12:52:24,2425,100,509,41.8,52.9,2784
2024-07-16 12:52:25,2425,100,509,41.8,52.9,2755
2024-07-16 12:52:26,2425,100,509,41.8,53.0,2747
2024-07-16 12:52:27,2422,100,507,41.8,52.7,2746
2024-07-16 12:52:28,2422,100,507,41.7,52.7,2751
2024-07-16 12:52:29,2422,100,507,41.7,52.7,2744
2024-07-16 12:52:30,2422,100,506,41.7,52.8,2742
2024-07-16 12:52:31,2422,100,509,41.8,52.9,2743
2024-07-16 12:52:32,2425,100,508,41.8,52.9,2757
2024-07-16 12:52:33,2425,100,509,41.8,53.0,2786
2024-07-16 12:52:34,2425,100,509,41.8,52.9,2811
2024-07-16 12:52:35,2425,100,509,41.8,52.9,2865
2024-07-16 12:52:36,2425,100,509,41.8,52.9,2926
2024-07-16 12:52:37,2426,100,509,41.8,52.9,2963
2024-07-16 12:52:38,2426,100,507,41.7,52.7,3005
2024-07-16 12:52:39,2426,100,507,41.7,52.7,3027
2024-07-16 12:52:40,2426,100,507,41.7,52.7,3031
2024-07-16 12:52:41,2426,100,507,41.7,52.8,3047
2024-07-16 12:52:42,2427,100,509,41.8,53.0,3066
2024-07-16 12:52:43,2427,100,510,41.8,53.1,3078
2024-07-16 12:52:44,2427,100,510,41.8,53.0,3083
2024-07-16 12:52:45,2427,100,510,41.8,53.0,3085
2024-07-16 12:52:46,2427,100,509,41.8,52.9,3098
2024-07-16 12:52:47,2423,100,509,41.8,52.9,3098
2024-07-16 12:52:48,2423,100,507,41.7,52.7,3120
2024-07-16 12:52:49,2423,100,507,41.7,52.7,3137
2024-07-16 12:52:50,2423,100,507,41.7,52.7,3142
2024-07-16 12:52:51,2423,100,508,41.7,52.8,3140
2024-07-16 12:52:52,2422,100,508,41.8,52.9,3118
2024-07-16 12:52:53,2422,100,509,41.8,52.9,3115
2024-07-16 12:52:54,2422,100,510,41.8,53.0,3128
2024-07-16 12:52:55,2422,100,509,41.8,53.0,3128
2024-07-16 12:52:56,2422,100,509,41.8,53.0,3126
2024-07-16 12:52:57,2427,100,509,41.8,52.9,3121
2024-07-16 12:52:58,2427,100,510,41.8,53.0,3109
2024-07-16 12:52:59,2427,100,510,41.8,53.0,3074
2024-07-16 12:53:00,2427,100,509,41.8,52.9,3055
2024-07-16 12:53:01,2427,100,510,41.8,53.0,3036
2024-07-16 12:53:02,2427,100,509,41.8,52.9,2988
2024-07-16 12:53:03,2427,100,508,41.7,52.8,2921
2024-07-16 12:53:04,2427,100,507,41.7,52.7,2867
2024-07-16 12:53:05,2427,100,507,41.7,52.7,2824
2024-07-16 12:53:06,2427,100,509,41.7,52.9,2783
2024-07-16 12:53:07,2426,100,509,41.8,52.9,2737
2024-07-16 12:53:08,2426,100,510,41.8,53.0,2708
2024-07-16 12:53:09,2426,100,509,41.8,53.0,2704
2024-07-16 12:53:10,2426,100,509,41.8,52.9,2688
2024-07-16 12:53:11,2426,100,510,41.8,53.0,2638
2024-07-16 12:53:12,2429,100,510,41.8,53.0,2632
2024-07-16 12:53:13,2429,100,510,41.8,53.0,2597
2024-07-16 12:53:14,2429,100,510,41.8,52.9,2571
2024-07-16 12:53:15,2429,100,508,41.7,52.8,2535
2024-07-16 12:53:16,2429,100,508,41.7,52.8,2511
2024-07-16 12:53:17,2418,100,507,41.7,52.7,2482
2024-07-16 12:53:18,2418,100,508,41.7,52.8,2457
2024-07-16 12:53:19,2418,100,508,41.8,52.9,2419
2024-07-16 12:53:20,2418,100,509,41.8,52.9,2407
2024-07-16 12:53:21,2418,99,510,41.8,53.0,2383
2024-07-16 12:53:22,2429,98,509,41.8,53.0,2369
2024-07-16 12:53:23,2429,97,508,41.7,52.3,2349
2024-07-16 12:53:24,2429,97,496,41.6,51.6,2332
2024-07-16 12:53:25,2429,96,492,41.6,51.2,2314
2024-07-16 12:53:26,2429,95,492,41.6,51.2,2297
2024-07-16 12:53:27,2335,95,492,41.6,51.2,2288
2024-07-16 12:53:28,2335,95,491,41.5,51.1,2283
2024-07-16 12:53:29,2335,94,485,41.5,50.4,2271
2024-07-16 12:53:30,2335,94,486,41.5,50.5,2262
2024-07-16 12:53:31,2335,94,483,41.5,50.3,2258
2024-07-16 12:53:32,2280,93,482,41.5,50.2,2246
2024-07-16 12:53:33,2280,93,480,41.4,49.9,2235
2024-07-16 12:53:34,2280,93,477,41.4,49.5,2230
2024-07-16 12:53:35,2280,93,476,41.4,49.5,2232
2024-07-16 12:53:36,2280,92,476,41.4,49.5,2229
2024-07-16 12:53:37,2250,92,476,41.4,49.5,2225
2024-07-16 12:53:38,2250,92,475,41.4,49.4,2217
2024-07-16 12:53:39,2250,92,473,41.4,49.2,2212
2024-07-16 12:53:40,2250,92,472,41.3,49.1,2214
2024-07-16 12:53:41,2250,92,472,41.4,49.1,2222
2024-07-16 12:53:42,2231,92,473,41.3,49.1,2208
2024-07-16 12:53:43,2231,92,472,41.3,49.1,2208
2024-07-16 12:53:44,2231,91,472,41.3,49.1,2204
2024-07-16 12:53:45,2231,91,472,41.4,49.0,2204
2024-07-16 12:53:46,2231,91,471,41.3,48.9,2195
2024-07-16 12:53:47,2197,91,465,41.3,48.4,2203
2024-07-16 12:53:48,2197,92,466,41.3,48.4,2207
2024-07-16 12:53:49,2197,91,468,41.3,48.7,2203
2024-07-16 12:53:50,2197,91,470,41.3,48.9,2203
2024-07-16 12:53:51,2197,92,471,41.3,49.0,2214
2024-07-16 12:53:52,2226,92,469,41.3,48.8,2206
2024-07-16 12:53:53,2226,91,467,41.3,48.6,2203
2024-07-16 12:53:54,2226,92,468,41.3,48.7,2219
2024-07-16 12:53:55,2226,92,469,41.3,48.8,2219
2024-07-16 12:53:56,2226,92,469,41.3,48.7,2229
2024-07-16 12:53:57,2214,92,470,41.3,48.8,2228
2024-07-16 12:53:58,2214,93,474,41.4,49.3,2238
2024-07-16 12:53:59,2214,93,474,41.4,49.2,2245
2024-07-16 12:54:00,2214,93,474,41.4,49.3,2252
2024-07-16 12:54:01,2214,94,474,41.4,49.3,2260
2024-07-16 12:54:02,2240,94,474,41.4,49.3,2265
2024-07-16 12:54:03,2240,95,476,41.4,49.5,2279
2024-07-16 12:54:04,2240,95,480,41.4,49.9,2281
2024-07-16 12:54:05,2240,95,479,41.5,49.8,2287
2024-07-16 12:54:06,2240,96,485,41.5,50.4,2304
2024-07-16 12:54:07,2309,96,488,41.6,50.7,2303
2024-07-16 12:54:08,2309,96,488,41.6,50.7,2321
2024-07-16 12:54:09,2309,97,488,41.5,50.7,2329
2024-07-16 12:54:10,2309,97,488,41.5,50.7,2333
2024-07-16 12:54:11,2309,97,489,41.6,50.9,2337
2024-07-16 12:54:12,2328,97,491,41.6,51.0,2345
2024-07-16 12:54:13,2328,98,495,41.6,51.4,2352
2024-07-16 12:54:14,2328,98,494,41.6,51.4,2353
2024-07-16 12:54:15,2328,97,495,41.6,51.5,2333
2024-07-16 12:54:16,2328,97,497,41.7,51.7,2341
2024-07-16 12:54:17,2372,97,498,41.7,51.8,2337
2024-07-16 12:54:18,2372,96,495,41.6,51.3,2307
2024-07-16 12:54:19,2372,96,494,41.6,51.3,2303
2024-07-16 12:54:20,2372,94,489,41.6,50.9,2274
2024-07-16 12:54:21,2372,94,489,41.5,50.8,2256
2024-07-16 12:54:22,2288,93,480,41.5,50.0,2236
2024-07-16 12:54:23,2288,92,474,41.4,49.3,2218
2024-07-16 12:54:24,2288,91,473,41.4,49.2,2205
2024-07-16 12:54:25,2288,90,473,41.4,49.2,2179
2024-07-16 12:54:26,2288,90,467,41.3,48.6,2160
2024-07-16 12:54:27,2177,89,462,41.2,48.0,2139
2024-07-16 12:54:28,2177,88,461,41.2,47.9,2124
2024-07-16 12:54:29,2177,87,461,41.2,47.8,2109
2024-07-16 12:54:30,2177,88,456,41.2,47.4,2112
2024-07-16 12:54:31,2177,88,443,41.0,46.0,2112
2024-07-16 12:54:32,2085,87,443,41.0,46.1,2090
2024-07-16 12:54:33,2085,86,453,41.1,47.1,2082
2024-07-16 12:54:34,2085,85,456,41.2,47.4,2057
2024-07-16 12:54:35,2085,85,444,41.0,46.2,2048
2024-07-16 12:54:36,2085,85,441,41.0,45.8,2048
2024-07-16 12:54:37,2066,84,441,41.0,45.8,2032
2024-07-16 12:54:38,2066,84,440,41.0,45.8,2018
2024-07-16 12:54:39,2066,84,437,41.0,45.4,2014
2024-07-16 12:54:40,2066,83,431,40.9,44.8,2008
2024-07-16 12:54:41,2066,83,431,40.9,44.8,1998
2024-07-16 12:54:42,2020,82,431,40.9,44.9,1989
2024-07-16 12:54:43,2020,82,432,40.9,44.9,1979
2024-07-16 12:54:44,2020,82,428,40.9,44.5,1966
2024-07-16 12:54:45,2020,82,427,40.8,44.4,1967
2024-07-16 12:54:46,2020,82,425,40.8,44.2,1970
2024-07-16 12:54:47,1983,81,425,40.8,44.2,1960
2024-07-16 12:54:48,1983,81,424,40.8,44.1,1954
2024-07-16 12:54:49,1983,81,422,40.8,43.7,1947
2024-07-16 12:54:50,1983,81,419,40.8,43.6,1942
2024-07-16 12:54:51,1983,80,419,40.8,43.6,1930
2024-07-16 12:54:52,1958,80,419,40.8,43.6,1941
2024-07-16 12:54:53,1958,80,419,40.8,43.5,1935
2024-07-16 12:54:54,1958,80,417,40.7,43.4,1929
2024-07-16 12:54:55,1958,80,415,40.7,43.1,1922
2024-07-16 12:54:56,1958,80,415,40.7,43.1,1919
2024-07-16 12:54:57,1933,79,414,40.7,43.0,1911
2024-07-16 12:54:58,1933,79,414,40.7,43.1,1917
2024-07-16 12:54:59,1933,79,412,40.7,42.9,1910
2024-07-16 12:55:00,1933,79,411,40.7,42.7,1904
2024-07-16 12:55:01,1933,79,410,40.7,42.7,1903
2024-07-16 12:55:02,1915,78,411,40.7,42.7,1893
2024-07-16 12:55:03,1915,79,411,40.7,42.7,1895
2024-07-16 12:55:04,1915,78,404,40.6,42.0,1892
2024-07-16 12:55:05,1915,79,404,40.6,42.0,1899
2024-07-16 12:55:06,1915,78,404,40.6,42.0,1883
2024-07-16 12:55:07,1884,78,406,40.6,42.2,1881
2024-07-16 12:55:08,1884,78,407,40.6,42.3,1880
2024-07-16 12:55:09,1884,78,407,40.6,42.3,1875
2024-07-16 12:55:10,1884,77,406,40.6,42.2,1867
2024-07-16 12:55:11,1884,78,406,40.6,42.1,1877
2024-07-16 12:55:12,1873,78,402,40.6,41.8,1878
2024-07-16 12:55:13,1873,77,397,40.5,41.3,1861
2024-07-16 12:55:14,1873,77,399,40.5,41.5,1860
2024-07-16 12:55:15,1873,77,405,40.6,42.1,1854
2024-07-16 12:55:16,1873,77,404,40.6,42.0,1847
2024-07-16 12:55:17,1863,77,399,40.6,41.5,1847
2024-07-16 12:55:18,1863,77,399,40.5,41.5,1848
2024-07-16 12:55:19,1863,77,398,40.5,41.4,1857
2024-07-16 12:55:20,1863,76,398,40.5,41.4,1844
2024-07-16 12:55:21,1863,77,399,40.6,41.5,1850
2024-07-16 12:55:22,1859,76,399,40.5,41.5,1833
2024-07-16 12:55:23,1859,76,396,40.5,41.2,1833
2024-07-16 12:55:24,1859,76,394,40.5,41.0,1831
2024-07-16 12:55:25,1859,76,394,40.5,41.0,1828
2024-07-16 12:55:26,1859,76,394,40.5,41.0,1824
2024-07-16 12:55:27,1830,76,394,40.5,40.9,1826
2024-07-16 12:55:28,1830,75,394,40.5,41.0,1819
2024-07-16 12:55:29,1830,75,394,40.5,41.0,1817
2024-07-16 12:55:30,1830,75,393,40.5,40.9,1817
2024-07-16 12:55:31,1830,75,393,40.5,40.6,1810
2024-07-16 12:55:32,1804,75,389,40.4,40.4,1801
2024-07-16 12:55:33,1804,75,389,40.4,40.4,1812
2024-07-16 12:55:34,1804,75,389,40.4,40.4,1801
2024-07-16 12:55:35,1804,75,389,40.4,40.5,1806
2024-07-16 12:55:36,1804,75,389,40.4,40.4,1798
2024-07-16 12:55:37,1805,74,389,40.4,40.4,1792
2024-07-16 12:55:38,1805,75,389,40.4,40.4,1802
2024-07-16 12:55:39,1805,74,388,40.4,40.3,1788
2024-07-16 12:55:40,1805,74,386,40.4,40.1,1792
2024-07-16 12:55:41,1805,74,385,40.4,40.1,1796
2024-07-16 12:55:42,1788,74,384,40.4,39.8,1791
2024-07-16 12:55:43,1788,74,383,40.4,39.8,1789
2024-07-16 12:55:44,1788,74,383,40.4,39.8,1783
2024-07-16 12:55:45,1788,74,383,40.4,39.8,1781
2024-07-16 12:55:46,1788,74,384,40.4,40.0,1779
2024-07-16 12:55:47,1785,74,385,40.4,40.0,1782
2024-07-16 12:55:48,1785,74,385,40.4,40.0,1784
2024-07-16 12:55:49,1785,74,385,40.4,40.0,1779
2024-07-16 12:55:50,1785,72,384,40.4,40.0,1745
2024-07-16 12:55:51,1785,73,384,40.4,40.0,1770
2024-07-16 12:55:52,1765,73,375,40.3,39.0,1761
2024-07-16 12:55:53,1765,73,374,40.3,39.0,1773
2024-07-16 12:55:54,1765,73,375,40.3,39.0,1762
2024-07-16 12:55:55,1765,73,379,40.3,39.5,1759
2024-07-16 12:55:56,1765,73,380,40.3,39.5,1761
2024-07-16 12:55:57,1767,73,380,40.3,39.6,1756
2024-07-16 12:55:58,1767,73,380,40.3,39.5,1754
2024-07-16 12:55:59,1767,72,377,40.3,39.2,1745
2024-07-16 12:56:00,1767,72,377,40.3,39.2,1747
2024-07-16 12:56:01,1767,73,375,40.3,39.0,1751
2024-07-16 12:56:02,1732,72,374,40.3,38.9,1743
2024-07-16 12:56:03,1732,72,372,40.3,38.7,1741
2024-07-16 12:56:04,1732,72,372,40.3,38.6,1736
2024-07-16 12:56:05,1732,72,371,40.3,38.6,1736
2024-07-16 12:56:06,1732,72,373,40.3,38.8,1743
2024-07-16 12:56:07,1732,72,374,40.3,38.9,1739
2024-07-16 12:56:08,1732,72,374,40.3,38.9,1740
2024-07-16 12:56:09,1732,72,374,40.3,38.9,1738
2024-07-16 12:56:10,1732,72,374,40.3,38.9,1740
2024-07-16 12:56:11,1732,72,374,40.3,38.9,1736
2024-07-16 12:56:12,1721,72,371,40.3,38.6,1732
2024-07-16 12:56:13,1721,72,371,40.3,38.5,1740
2024-07-16 12:56:14,1721,72,371,40.2,38.6,1731
2024-07-16 12:56:15,1721,72,371,40.3,38.6,1730
2024-07-16 12:56:16,1721,72,373,40.3,38.8,1728
2024-07-16 12:56:17,1731,71,373,40.3,38.8,1725
2024-07-16 12:56:18,1731,72,373,40.3,38.8,1727
2024-07-16 12:56:19,1731,72,368,40.2,38.3,1726
2024-07-16 12:56:20,1731,71,367,40.2,38.1,1719
2024-07-16 12:56:21,1731,71,366,40.2,38.0,1717
2024-07-16 12:56:22,1700,71,367,40.2,38.2,1716
2024-07-16 12:56:23,1700,71,368,40.2,38.3,1720
2024-07-16 12:56:24,1700,71,368,40.2,38.3,1719
2024-07-16 12:56:25,1700,71,368,40.2,38.2,1719
2024-07-16 12:56:26,1700,71,368,40.2,38.3,1724
2024-07-16 12:56:27,1702,71,368,40.2,38.2,1714
2024-07-16 12:56:28,1702,71,368,40.2,38.3,1717
2024-07-16 12:56:29,1702,71,368,40.2,38.2,1712
2024-07-16 12:56:30,1702,71,366,40.2,38.1,1706
2024-07-16 12:56:31,1702,71,364,40.2,37.9,1709
2024-07-16 12:56:32,1687,70,365,40.2,37.9,1700
2024-07-16 12:56:33,1687,71,366,40.2,38.0,1716
2024-07-16 12:56:34,1687,71,366,40.2,38.1,1709
2024-07-16 12:56:35,1687,71,364,40.2,37.7,1707
2024-07-16 12:56:36,1687,71,363,40.2,37.7,1703
2024-07-16 12:56:37,1678,70,364,40.2,37.9,1696
2024-07-16 12:56:38,1678,71,367,40.2,38.1,1708
2024-07-16 12:56:39,1678,71,366,40.2,38.0,1704
2024-07-16 12:56:40,1678,71,365,40.2,37.9,1703
2024-07-16 12:56:41,1678,71,363,40.2,37.7,1704
2024-07-16 12:56:42,1681,71,363,40.2,37.8,1706
2024-07-16 12:56:43,1681,71,365,40.2,38.0,1703
2024-07-16 12:56:44,1681,70,367,40.2,38.1,1693
2024-07-16 12:56:45,1681,70,366,40.2,38.1,1700
2024-07-16 12:56:46,1681,70,363,40.2,37.8,1692
2024-07-16 12:56:47,1681,71,360,40.1,37.4,1702
2024-07-16 12:56:48,1681,70,360,40.1,37.4,1694
2024-07-16 12:56:49,1681,71,360,40.1,37.4,1710
2024-07-16 12:56:50,1681,71,362,40.2,37.6,1710
2024-07-16 12:56:51,1681,70,362,40.2,37.6,1694
2024-07-16 12:56:52,1677,71,363,40.2,37.8,1702
2024-07-16 12:56:53,1677,70,365,40.2,38.0,1700
2024-07-16 12:56:54,1677,70,363,40.2,37.8,1699
2024-07-16 12:56:55,1677,70,362,40.2,37.6,1698
2024-07-16 12:56:56,1677,70,360,40.2,37.5,1696
2024-07-16 12:56:57,1667,71,360,40.1,37.5,1702
2024-07-16 12:56:58,1667,71,360,40.2,37.4,1704
2024-07-16 12:56:59,1667,71,361,40.2,37.5,1705
2024-07-16 12:57:00,1667,70,360,40.1,37.5,1701
2024-07-16 12:57:01,1667,70,365,40.2,38.0,1695
2024-07-16 12:57:02,1698,70,367,40.2,38.1,1698
2024-07-16 12:57:03,1698,71,360,40.2,37.5,1706
2024-07-16 12:57:04,1698,70,358,40.1,37.3,1692
2024-07-16 12:57:05,1698,71,359,40.1,37.3,1703
2024-07-16 12:57:06,1698,70,360,40.2,37.5,1697
2024-07-16 12:57:07,1669,71,361,40.2,37.5,1705
2024-07-16 12:57:08,1669,71,361,40.2,37.5,1708
2024-07-16 12:57:09,1669,71,361,40.2,37.5,1712
2024-07-16 12:57:10,1669,71,364,40.2,37.9,1707
2024-07-16 12:57:11,1669,71,366,40.2,38.0,1709
2024-07-16 12:57:12,1693,71,365,40.2,38.0,1713
2024-07-16 12:57:13,1693,71,366,40.2,38.0,1713
2024-07-16 12:57:14,1693,71,365,40.2,38.0,1715
2024-07-16 12:57:15,1693,71,365,40.2,37.9,1718
2024-07-16 12:57:16,1693,71,364,40.2,37.9,1715
2024-07-16 12:57:17,1683,72,364,40.2,37.8,1727
2024-07-16 12:57:18,1683,71,364,40.2,37.8,1719
2024-07-16 12:57:19,1683,71,364,40.2,37.8,1719
2024-07-16 12:57:20,1683,71,363,40.2,37.8,1719
2024-07-16 12:57:21,1683,71,363,40.2,37.8,1718
2024-07-16 12:57:22,1686,72,364,40.2,37.8,1729
2024-07-16 12:57:23,1686,71,365,40.2,37.9,1719
2024-07-16 12:57:24,1686,72,364,40.2,37.9,1727
2024-07-16 12:57:25,1686,72,365,40.2,37.9,1726
2024-07-16 12:57:26,1686,72,364,40.2,37.9,1726
2024-07-16 12:57:27,1690,72,367,40.2,38.2,1730
2024-07-16 12:57:28,1690,72,369,40.3,38.4,1728
2024-07-16 12:57:29,1690,71,370,40.3,38.4,1725
2024-07-16 12:57:30,1690,72,368,40.3,38.2,1728
2024-07-16 12:57:31,1690,71,365,40.2,37.9,1722
2024-07-16 12:57:32,1687,72,364,40.2,37.9,1730
2024-07-16 12:57:33,1687,72,364,40.2,37.9,1733
2024-07-16 12:57:34,1687,72,364,40.2,37.9,1727
2024-07-16 12:57:35,1687,72,365,40.2,37.9,1729
2024-07-16 12:57:36,1687,72,369,40.3,38.4,1739
2024-07-16 12:57:37,1711,72,370,40.3,38.5,1739
2024-07-16 12:57:38,1711,72,370,40.3,38.5,1726
2024-07-16 12:57:39,1711,72,369,40.3,38.3,1740
2024-07-16 12:57:40,1711,72,368,40.3,38.3,1731
2024-07-16 12:57:41,1711,72,368,40.3,38.2,1734
2024-07-16 12:57:42,1705,72,368,40.3,38.2,1732
2024-07-16 12:57:43,1705,72,367,40.3,38.2,1726
2024-07-16 12:57:44,1705,72,367,40.3,38.2,1737
2024-07-16 12:57:45,1705,72,368,40.3,38.2,1734
2024-07-16 12:57:46,1705,72,367,40.3,38.2,1732
2024-07-16 12:57:47,1703,72,367,40.3,38.2,1738
2024-07-16 12:57:48,1703,72,367,40.3,38.2,1738
2024-07-16 12:57:49,1703,72,367,40.3,38.1,1732
2024-07-16 12:57:50,1703,72,367,40.3,38.3,1734
2024-07-16 12:57:51,1703,72,369,40.3,38.4,1743
2024-07-16 12:57:52,1710,73,369,40.3,38.3,1752
2024-07-16 12:57:53,1710,72,369,40.3,38.3,1746
2024-07-16 12:57:54,1710,72,368,40.3,38.3,1747
2024-07-16 12:57:55,1710,73,369,40.3,38.3,1751
2024-07-16 12:57:56,1710,73,369,40.3,38.3,1754
2024-07-16 12:57:57,1709,73,369,40.3,38.4,1752
2024-07-16 12:57:58,1709,73,368,40.3,38.3,1766
2024-07-16 12:57:59,1709,74,369,40.3,38.4,1774
2024-07-16 12:58:00,1709,74,374,40.3,38.9,1777
2024-07-16 12:58:01,1709,74,375,40.4,39.0,1781
2024-07-16 12:58:02,1740,75,374,40.4,38.9,1804
2024-07-16 12:58:03,1740,75,375,40.4,39.0,1812
2024-07-16 12:58:04,1740,75,377,40.4,39.2,1811
2024-07-16 12:58:05,1740,75,380,40.4,39.5,1811
2024-07-16 12:58:06,1740,75,380,40.4,39.5,1819
2024-07-16 12:58:07,1769,75,381,40.4,39.6,1812
2024-07-16 12:58:08,1769,75,381,40.5,39.6,1814
2024-07-16 12:58:09,1769,75,382,40.5,39.7,1817
2024-07-16 12:58:10,1769,75,383,40.5,39.8,1817
2024-07-16 12:58:11,1769,75,382,40.5,39.8,1821
2024-07-16 12:58:12,1778,76,382,40.5,39.8,1827
2024-07-16 12:58:13,1778,76,382,40.5,39.7,1823
2024-07-16 12:58:14,1778,75,381,40.4,39.6,1813
2024-07-16 12:58:15,1778,75,381,40.4,39.6,1804
2024-07-16 12:58:16,1778,75,381,40.4,39.6,1803
2024-07-16 12:58:17,1772,75,381,40.4,39.6,1804
2024-07-16 12:58:18,1772,74,382,40.4,39.7,1790
2024-07-16 12:58:19,1772,74,382,40.5,39.7,1791
2024-07-16 12:58:20,1772,74,380,40.4,39.6,1794
2024-07-16 12:58:21,1772,75,377,40.4,39.1,1799
2024-07-16 12:58:22,1747,74,376,40.4,39.1,1786
2024-07-16 12:58:23,1747,74,376,40.4,39.1,1786
2024-07-16 12:58:24,1747,74,376,40.4,39.1,1789
2024-07-16 12:58:25,1747,74,378,40.4,39.3,1787
2024-07-16 12:58:26,1747,75,378,40.4,39.3,1798
2024-07-16 12:58:27,1756,75,378,40.4,39.3,1800
2024-07-16 12:58:28,1756,75,378,40.4,39.3,1814
2024-07-16 12:58:29,1756,76,378,40.4,39.3,1822
2024-07-16 12:58:30,1756,75,379,40.4,39.4,1817
2024-07-16 12:58:31,1756,75,382,40.5,39.7,1802
2024-07-16 12:58:32,1779,74,382,40.5,39.8,1788
2024-07-16 12:58:33,1779,74,382,40.5,39.8,1780
2024-07-16 12:58:34,1779,74,377,40.4,39.2,1774
2024-07-16 12:58:35,1779,73,375,40.4,39.0,1763
2024-07-16 12:58:36,1779,73,374,40.4,38.9,1758
2024-07-16 12:58:37,1739,73,375,40.4,39.0,1751
2024-07-16 12:58:38,1739,72,372,40.3,38.7,1747
2024-07-16 12:58:39,1739,73,371,40.3,38.6,1756
2024-07-16 12:58:40,1739,72,369,40.3,38.4,1746
2024-07-16 12:58:41,1739,72,366,40.3,38.1,1742
2024-07-16 12:58:42,1696,72,366,40.2,38.0,1737
2024-07-16 12:58:43,1696,71,366,40.3,38.2,1724
2024-07-16 12:58:44,1696,71,368,40.3,38.3,1723
2024-07-16 12:58:45,1696,71,368,40.3,38.3,1715
2024-07-16 12:58:46,1696,71,366,40.2,38.0,1714
2024-07-16 12:58:47,1680,71,363,40.2,37.7,1706
2024-07-16 12:58:48,1680,71,363,40.2,37.7,1707
2024-07-16 12:58:49,1680,71,363,40.2,37.7,1703
2024-07-16 12:58:50,1680,71,363,40.2,37.7,1702
2024-07-16 12:58:51,1680,70,363,40.2,37.7,1697
2024-07-16 12:58:52,1679,70,363,40.2,37.7,1689
2024-07-16 12:58:53,1679,70,363,40.2,37.7,1691
2024-07-16 12:58:54,1679,70,359,40.2,37.4,1687
2024-07-16 12:58:55,1679,70,359,40.2,37.3,1681
2024-07-16 12:58:56,1679,70,359,40.2,37.3,1690
2024-07-16 12:58:57,1662,70,359,40.2,37.3,1694
2024-07-16 12:58:58,1662,70,359,40.2,37.3,1678
2024-07-16 12:58:59,1662,70,358,40.2,37.2,1681
2024-07-16 12:59:00,1662,69,358,40.1,37.2,1677
2024-07-16 12:59:01,1662,69,357,40.1,37.2,1667
2024-07-16 12:59:02,1652,69,357,40.1,37.1,1668
2024-07-16 12:59:03,1652,69,356,40.1,36.9,1670
2024-07-16 12:59:04,1652,69,354,40.1,36.8,1666
2024-07-16 12:59:05,1652,69,354,40.1,36.8,1668
2024-07-16 12:59:06,1652,69,353,40.1,36.7,1664
2024-07-16 12:59:07,1635,69,354,40.1,36.8,1664
2024-07-16 12:59:08,1635,69,353,40.1,36.7,1660
2024-07-16 12:59:09,1635,69,354,40.1,36.8,1664
2024-07-16 12:59:10,1635,69,354,40.1,36.8,1663
2024-07-16 12:59:11,1635,69,354,40.1,36.8,1664
2024-07-16 12:59:12,1635,69,355,40.1,36.9,1660
2024-07-16 12:59:13,1635,69,355,40.1,36.9,1657
2024-07-16 12:59:14,1635,69,355,40.1,36.9,1660
2024-07-16 12:59:15,1635,69,355,40.1,36.9,1659
2024-07-16 12:59:16,1635,68,354,40.1,36.9,1652
2024-07-16 12:59:17,1639,68,353,40.1,36.7,1650
2024-07-16 12:59:18,1639,68,351,40.1,36.5,1646
2024-07-16 12:59:19,1639,68,350,40.1,36.4,1650
2024-07-16 12:59:20,1639,68,349,40.0,36.3,1649
2024-07-16 12:59:21,1639,68,350,40.0,36.4,1642
2024-07-16 12:59:22,1613,68,349,40.0,36.3,1644
2024-07-16 12:59:23,1613,68,349,40.0,36.3,1639
2024-07-16 12:59:24,1613,68,349,40.0,36.3,1641
2024-07-16 12:59:25,1613,68,349,40.0,36.3,1634
2024-07-16 12:59:26,1613,68,349,40.0,36.3,1636
2024-07-16 12:59:27,1614,68,349,40.0,36.3,1641
2024-07-16 12:59:28,1614,68,350,40.0,36.4,1634
2024-07-16 12:59:29,1614,68,348,40.0,36.2,1636
2024-07-16 12:59:30,1614,67,347,40.0,36.1,1629
2024-07-16 12:59:31,1614,67,348,40.0,36.1,1626
2024-07-16 12:59:32,1606,68,348,40.0,36.1,1630
2024-07-16 12:59:33,1606,67,345,40.0,35.9,1623
2024-07-16 12:59:34,1606,67,344,40.0,35.8,1629
2024-07-16 12:59:35,1606,60,344,40.0,35.8,883
2024-07-16 12:59:36,1606,67,344,39.9,35.4,1616
2024-07-16 12:59:37,1552,67,330,39.8,34.3,1618
2024-07-16 12:59:38,1552,67,311,39.6,32.4,1623
2024-07-16 12:59:39,1552,67,312,39.6,32.4,1619
2024-07-16 12:59:40,1552,67,322,39.7,33.5,1620
2024-07-16 12:59:41,1552,67,324,39.7,33.7,1619
2024-07-16 12:59:42,1496,67,326,39.7,33.9,1619
2024-07-16 12:59:43,1496,67,324,39.7,33.7,1617
2024-07-16 12:59:44,1496,67,324,39.7,33.6,1621
2024-07-16 12:59:45,1496,67,326,39.8,33.9,1614
2024-07-16 12:59:46,1496,67,330,39.8,34.3,1611
2024-07-16 12:59:47,1531,67,333,39.8,34.6,1612
2024-07-16 12:59:48,1531,67,335,39.9,34.8,1619
2024-07-16 12:59:49,1531,67,338,39.9,35.1,1615
2024-07-16 12:59:50,1531,67,338,39.9,35.2,1613
2024-07-16 12:59:51,1531,67,341,40.0,35.5,1611
2024-07-16 12:59:52,1582,67,342,40.0,35.6,1610
2024-07-16 12:59:53,1582,67,344,40.0,35.7,1610
2024-07-16 12:59:54,1582,67,344,40,35.8,1615
2024-07-16 12:59:55,1582,67,344,40.0,35.7,1618
2024-07-16 12:59:56,1582,67,344,40.0,35.8,1607
2024-07-16 12:59:57,1587,67,344,40.0,35.8,1607
2024-07-16 12:59:58,1587,67,344,40.0,35.8,1608
2024-07-16 12:59:59,1587,67,344,40.0,35.7,1607
2024-07-16 13:00:00,1587,66,343,40.0,35.7,1598
2024-07-16 13:00:01,1587,66,342,40.0,35.6,1604
2024-07-16 13:00:02,1567,66,340,39.9,35.4,1600
2024-07-16 13:00:03,1567,66,339,39.9,35.3,1603
2024-07-16 13:00:04,1567,66,338,39.9,35.1,1593
2024-07-16 13:00:05,1567,66,338,39.9,35.2,1598
2024-07-16 13:00:06,1567,66,338,39.9,35.1,1598
2024-07-16 13:00:07,1558,66,338,39.9,35.2,1595
2024-07-16 13:00:08,1558,66,338,39.9,35.1,1594
2024-07-16 13:00:09,1558,66,338,39.9,35.2,1594
2024-07-16 13:00:10,1558,66,338,39.9,35.1,1595
2024-07-16 13:00:11,1558,66,338,39.9,35.2,1595
2024-07-16 13:00:12,1561,66,339,39.9,35.2,1589
2024-07-16 13:00:13,1561,65,338,39.9,35.2,1581
2024-07-16 13:00:14,1561,66,338,39.9,35.2,1592
2024-07-16 13:00:15,1561,66,338,39.9,35.1,1596
2024-07-16 13:00:16,1561,66,337,39.9,35.1,1588
2024-07-16 13:00:17,1550,66,336,39.9,34.9,1588
2024-07-16 13:00:18,1550,66,336,39.9,35.0,1585
2024-07-16 13:00:19,1550,66,337,39.9,35.0,1597
2024-07-16 13:00:20,1550,66,338,39.9,35.1,1585
2024-07-16 13:00:21,1550,65,338,39.9,35.2,1579
2024-07-16 13:00:22,1565,66,339,39.9,35.3,1583
2024-07-16 13:00:23,1565,65,338,39.9,35.1,1578
2024-07-16 13:00:24,1565,65,334,39.9,34.7,1577
2024-07-16 13:00:25,1565,65,334,39.9,34.7,1579
2024-07-16 13:00:26,1565,65,333,39.9,34.7,1578
2024-07-16 13:00:27,1538,65,334,39.9,34.7,1568
2024-07-16 13:00:28,1538,65,333,39.9,34.6,1571
2024-07-16 13:00:29,1538,66,333,39.9,34.6,1582
2024-07-16 13:00:30,1538,65,332,39.9,34.6,1573
2024-07-16 13:00:31,1538,65,333,39.9,34.6,1567
2024-07-16 13:00:32,1534,65,333,39.9,34.7,1564
2024-07-16 13:00:33,1534,65,334,39.9,34.7,1570
2024-07-16 13:00:34,1534,65,335,39.9,34.8,1567
2024-07-16 13:00:35,1534,65,335,39.9,34.8,1567
2024-07-16 13:00:36,1534,65,335,39.9,34.8,1558
2024-07-16 13:00:37,1540,65,334,39.9,34.7,1566
2024-07-16 13:00:38,1540,65,334,39.9,34.6,1566
2024-07-16 13:00:39,1540,65,333,39.9,34.6,1565
2024-07-16 13:00:40,1540,65,333,39.9,34.6,1565
2024-07-16 13:00:41,1540,65,332,39.9,34.5,1572
2024-07-16 13:00:42,1530,65,332,39.8,34.6,1561
2024-07-16 13:00:43,1530,65,332,39.9,34.5,1561
2024-07-16 13:00:44,1530,64,333,39.9,34.6,1556
2024-07-16 13:00:45,1530,64,333,39.9,34.7,1551
2024-07-16 13:00:46,1530,64,333,39.9,34.6,1557
2024-07-16 13:00:47,1508,64,330,39.8,34.3,1546
2024-07-16 13:00:48,1508,64,325,39.8,33.8,1554
2024-07-16 13:00:49,1508,64,326,39.8,34.0,1550
2024-07-16 13:00:50,1508,64,327,39.8,34.0,1551
2024-07-16 13:00:51,1508,64,329,39.8,34.2,1550
2024-07-16 13:00:52,1516,64,329,39.8,34.2,1539
2024-07-16 13:00:53,1516,64,329,39.8,34.2,1544
2024-07-16 13:00:54,1516,64,329,39.8,34.2,1534
2024-07-16 13:00:55,1516,64,329,39.8,34.2,1548
2024-07-16 13:00:56,1516,64,329,39.8,34.2,1537
2024-07-16 13:00:57,1515,64,329,39.8,34.2,1538
2024-07-16 13:00:58,1515,64,329,39.8,34.2,1536
2024-07-16 13:00:59,1515,64,329,39.8,34.2,1537
2024-07-16 13:01:00,1515,63,329,39.8,34.2,1524
2024-07-16 13:01:01,1515,63,329,39.8,34.2,1528
2024-07-16 13:01:02,1511,63,323,39.7,33.6,1524
2024-07-16 13:01:03,1511,63,321,39.7,33.4,1520
2024-07-16 13:01:04,1511,63,321,39.7,33.3,1521
2024-07-16 13:01:05,1511,63,323,39.7,33.6,1519
2024-07-16 13:01:06,1511,63,324,39.8,33.7,1512
2024-07-16 13:01:07,1497,63,325,39.8,33.8,1514
2024-07-16 13:01:08,1497,63,324,39.8,33.7,1511
2024-07-16 13:01:09,1497,63,324,39.8,33.8,1510
2024-07-16 13:01:10,1497,62,324,39.8,33.7,1505
2024-07-16 13:01:11,1497,62,321,39.7,33.4,1504
2024-07-16 13:01:12,1480,62,321,39.7,33.4,1492
2024-07-16 13:01:13,1480,62,317,39.7,33.0,1491
2024-07-16 13:01:14,1480,62,317,39.7,33.0,1496
2024-07-16 13:01:15,1480,62,317,39.7,33.0,1496
2024-07-16 13:01:16,1480,62,318,39.7,33.1,1490
2024-07-16 13:01:17,1465,62,319,39.7,33.1,1490
2024-07-16 13:01:18,1465,61,319,39.7,33.2,1484
2024-07-16 13:01:19,1465,61,319,39.7,33.1,1480
2024-07-16 13:01:20,1465,61,318,39.7,33.0,1479
2024-07-16 13:01:21,1465,61,314,39.6,32.7,1480
2024-07-16 13:01:22,1439,61,313,39.6,32.5,1475
2024-07-16 13:01:23,1439,61,313,39.6,32.6,1469
2024-07-16 13:01:24,1439,61,313,39.6,32.5,1471
2024-07-16 13:01:25,1439,61,314,39.6,32.6,1465
2024-07-16 13:01:26,1439,61,313,39.6,32.6,1465
2024-07-16 13:01:27,1443,61,314,39.6,32.7,1465
2024-07-16 13:01:28,1443,61,314,39.6,32.7,1467
2024-07-16 13:01:29,1443,60,314,39.6,32.7,1459
2024-07-16 13:01:30,1443,60,315,39.7,32.7,1458
2024-07-16 13:01:31,1443,60,313,39.6,32.6,1454
2024-07-16 13:01:32,1432,60,310,39.6,32.2,1449
2024-07-16 13:01:33,1432,60,308,39.6,32.0,1449
2024-07-16 13:01:34,1432,60,308,39.6,32.0,1444
2024-07-16 13:01:35,1432,60,308,39.6,32.1,1443
2024-07-16 13:01:36,1432,60,310,39.6,32.2,1439
2024-07-16 13:01:37,1427,60,311,39.6,32.3,1434
2024-07-16 13:01:38,1427,60,311,39.6,32.3,1434
2024-07-16 13:01:39,1427,60,310,39.6,32.3,1422
2024-07-16 13:01:40,1427,60,310,39.6,32.3,1424
2024-07-16 13:01:41,1427,60,309,39.6,32.1,1421
2024-07-16 13:01:42,1416,60,308,39.6,32.1,1411
2024-07-16 13:01:43,1416,60,308,39.6,32.0,1408
2024-07-16 13:01:44,1416,60,308,39.6,32.0,1409
2024-07-16 13:01:45,1416,60,309,39.6,32.1,1396
2024-07-16 13:01:46,1416,60,308,39.6,32.1,1397
2024-07-16 13:01:47,1416,60,308,39.6,32.1,1395
2024-07-16 13:01:48,1416,60,308,39.6,32.0,1398
2024-07-16 13:01:49,1416,60,309,39.6,32.1,1393
2024-07-16 13:01:50,1416,60,309,39.6,32.1,1378
2024-07-16 13:01:51,1416,60,308,39.6,32.1,1376
2024-07-16 13:01:52,1419,60,309,39.6,32.1,1365
2024-07-16 13:01:53,1419,60,309,39.6,32.1,1366
2024-07-16 13:01:54,1419,60,308,39.6,32.1,1361
2024-07-16 13:01:55,1419,60,308,39.6,32.1,1357
2024-07-16 13:01:56,1419,60,309,39.6,32.1,1355
2024-07-16 13:01:57,1418,60,308,39.6,32.1,1349
2024-07-16 13:01:58,1418,60,309,39.6,32.1,1351
2024-07-16 13:01:59,1418,60,308,39.6,32.0,1340
2024-07-16 13:02:00,1418,60,308,39.6,32.1,1335
2024-07-16 13:02:01,1418,60,308,39.6,32.1,1337
2024-07-16 13:02:02,1417,60,308,39.6,32.1,1330
2024-07-16 13:02:03,1417,60,308,39.6,32.0,1326
2024-07-16 13:02:04,1417,60,308,39.6,32.1,1322
2024-07-16 13:02:05,1417,60,308,39.6,32.0,1320
2024-07-16 13:02:06,1417,60,308,39.6,32.1,1313
2024-07-16 13:02:07,1416,60,309,39.6,32.1,1305
2024-07-16 13:02:08,1416,60,308,39.6,32.0,1309
2024-07-16 13:02:09,1416,60,308,39.6,32.1,1302
2024-07-16 13:02:10,1416,60,308,39.6,32.0,1251
2024-07-16 13:02:11,1416,60,308,39.6,32.1,1251
2024-07-16 13:02:12,1416,60,308,39.6,32.0,1293
2024-07-16 13:02:13,1416,60,308,39.6,32.1,1286
2024-07-16 13:02:14,1416,60,308,39.6,32.1,1290
2024-07-16 13:02:15,1416,60,307,39.6,32.0,1285
2024-07-16 13:02:16,1416,60,308,39.6,32.0,1283
2024-07-16 13:02:17,1415,60,307,39.6,31.9,1252
2024-07-16 13:02:18,1415,60,308,39.6,32.0,1277
2024-07-16 13:02:19,1415,60,308,39.6,32.0,1271
2024-07-16 13:02:20,1415,60,308,39.6,32.0,1271
2024-07-16 13:02:21,1415,60,307,39.6,32.0,1270
2024-07-16 13:02:22,1413,60,308,39.6,32.0,1268
2024-07-16 13:02:23,1413,60,308,39.6,32.0,1257
2024-07-16 13:02:24,1413,60,307,39.6,32.0,1254
2024-07-16 13:02:25,1413,60,308,39.6,32.0,1250
2024-07-16 13:02:26,1413,60,307,39.6,31.9,1251
2024-07-16 13:02:27,1410,60,307,39.6,32.0,1248
2024-07-16 13:02:28,1410,60,306,39.6,31.9,1255
2024-07-16 13:02:29,1410,60,307,39.6,31.9,1242
2024-07-16 13:02:30,1410,60,306,39.6,31.9,1240
2024-07-16 13:02:31,1410,60,307,39.6,31.9,1238
2024-07-16 13:02:32,1408,60,306,39.6,31.9,1229
2024-07-16 13:02:33,1408,60,306,39.6,31.9,1230
2024-07-16 13:02:34,1408,60,306,39.6,31.9,1231
2024-07-16 13:02:35,1408,60,308,39.6,32.1,1231
2024-07-16 13:02:36,1408,60,308,39.6,32.0,1224
2024-07-16 13:02:37,1415,60,308,39.6,32.0,1228
2024-07-16 13:02:38,1415,60,308,39.6,32.0,1224
2024-07-16 13:02:39,1415,60,308,39.6,32.0,1219
2024-07-16 13:02:40,1415,60,308,39.6,32.0,1217
2024-07-16 13:02:41,1415,60,308,39.6,32.0,1214
2024-07-16 13:02:42,1412,60,308,39.6,32,1219
2024-07-16 13:02:43,1412,60,306,39.6,31.9,1216
2024-07-16 13:02:44,1412,60,307,39.6,31.9,1220
2024-07-16 13:02:45,1412,60,306,39.6,31.8,1218
2024-07-16 13:02:46,1412,60,307,39.6,31.9,1215
2024-07-16 13:02:47,1409,60,307,39.6,31.9,1216
2024-07-16 13:02:48,1409,60,307,39.6,31.9,1215
2024-07-16 13:02:49,1409,60,306,39.6,31.9,1219
2024-07-16 13:02:50,1409,60,307,39.6,31.9,1221
2024-07-16 13:02:51,1409,60,307,39.6,31.9,1215
2024-07-16 13:02:52,1409,60,306,39.6,31.9,1216
2024-07-16 13:02:53,1409,60,306,39.6,31.8,1212
2024-07-16 13:02:54,1409,60,306,39.6,31.8,1218
2024-07-16 13:02:55,1409,60,307,39.6,32.0,1218
2024-07-16 13:02:56,1409,60,307,39.6,31.9,1214
2024-07-16 13:02:57,1412,60,307,39.6,32.0,1219
2024-07-16 13:02:58,1412,60,307,39.6,31.9,1214
2024-07-16 13:02:59,1412,60,307,39.6,31.9,1199
2024-07-16 13:03:00,1412,60,307,39.6,31.9,1214
2024-07-16 13:03:01,1412,60,307,39.6,31.9,1215
2024-07-16 13:03:02,1411,60,307,39.6,31.9,1218
2024-07-16 13:03:03,1411,60,307,39.6,31.9,1226
2024-07-16 13:03:04,1411,60,307,39.6,32.0,1211
2024-07-16 13:03:05,1411,60,307,39.6,32.0,1209
2024-07-16 13:03:06,1411,60,307,39.6,31.9,1213
2024-07-16 13:03:07,1412,60,307,39.6,31.9,1216
2024-07-16 13:03:08,1412,60,307,39.6,31.9,1220
2024-07-16 13:03:09,1412,60,306,39.6,31.8,1219
2024-07-16 13:03:10,1412,60,306,39.6,31.8,1222
2024-07-16 13:03:11,1412,60,305,39.6,31.7,1220
2024-07-16 13:03:12,1403,60,306,39.6,31.8,1230
2024-07-16 13:03:13,1403,60,305,39.6,31.7,1227
2024-07-16 13:03:14,1403,60,307,39.6,31.9,1225
2024-07-16 13:03:15,1403,60,307,39.6,31.9,1231
2024-07-16 13:03:16,1403,60,307,39.6,31.9,1228
2024-07-16 13:03:17,1410,60,307,39.6,31.9,1230
2024-07-16 13:03:18,1410,60,307,39.6,31.9,1226
2024-07-16 13:03:19,1410,60,307,39.6,31.9,1238
2024-07-16 13:03:20,1410,60,307,39.6,31.9,1236
2024-07-16 13:03:21,1410,60,307,39.6,31.9,1231
2024-07-16 13:03:22,1411,60,307,39.6,31.9,1230
2024-07-16 13:03:23,1411,60,307,39.6,31.9,1224
2024-07-16 13:03:24,1411,60,307,39.6,31.9,1221
2024-07-16 13:03:25,1411,60,306,39.6,31.9,1228
2024-07-16 13:03:26,1411,60,306,39.6,31.8,1223
2024-07-16 13:03:27,1406,60,306,39.6,31.8,1221
2024-07-16 13:03:28,1406,60,306,39.6,31.8,1224
2024-07-16 13:03:29,1406,60,306,39.6,31.8,1222
2024-07-16 13:03:30,1406,60,306,39.6,31.8,1222
2024-07-16 13:03:31,1406,60,306,39.6,31.8,1223
2024-07-16 13:03:32,1407,60,306,39.6,31.8,1234
2024-07-16 13:03:33,1407,60,306,39.6,31.9,1218
2024-07-16 13:03:34,1407,60,306,39.6,31.8,1216
2024-07-16 13:03:35,1407,60,307,39.6,31.9,1221
2024-07-16 13:03:36,1407,60,306,39.6,31.8,1213
2024-07-16 13:03:37,1409,60,307,39.6,31.8,1210
2024-07-16 13:03:38,1409,60,306,39.6,31.8,1215
2024-07-16 13:03:39,1409,60,307,39.6,31.9,1205
2024-07-16 13:03:40,1409,60,307,39.6,31.9,1205
2024-07-16 13:03:41,1409,60,307,39.6,32.0,1208
2024-07-16 13:03:42,1412,60,307,39.6,31.9,1205
2024-07-16 13:03:43,1412,60,307,39.6,31.9,1200
2024-07-16 13:03:44,1412,60,306,39.6,31.8,1200
2024-07-16 13:03:45,1412,60,307,39.6,31.9,1200
2024-07-16 13:03:46,1412,60,306,39.6,31.8,1200
2024-07-16 13:03:47,1407,60,306,39.6,31.9,1194
2024-07-16 13:03:48,1407,60,306,39.6,31.8,1195
2024-07-16 13:03:49,1407,60,306,39.6,31.9,1192
2024-07-16 13:03:50,1407,60,306,39.6,31.8,1191
2024-07-16 13:03:51,1407,60,306,39.6,31.8,1190
2024-07-16 13:03:52,1403,60,305,39.6,31.8,1192
2024-07-16 13:03:53,1403,60,305,39.6,31.7,1181
2024-07-16 13:03:54,1403,60,305,39.6,31.7,1182
2024-07-16 13:03:55,1403,60,305,39.6,31.7,1176
2024-07-16 13:03:56,1403,60,306,39.6,31.8,1174
2024-07-16 13:03:57,1407,60,306,39.6,31.8,1175
2024-07-16 13:03:58,1407,60,306,39.6,31.8,1172
2024-07-16 13:03:59,1407,60,307,39.6,31.9,1165
2024-07-16 13:04:00,1407,60,308,39.6,32.0,1160
2024-07-16 13:04:01,1407,60,307,39.6,31.9,1162
2024-07-16 13:04:02,1414,60,307,39.6,31.9,1159
2024-07-16 13:04:03,1414,60,306,39.6,31.9,1156
2024-07-16 13:04:04,1414,60,305,39.6,31.7,1154
2024-07-16 13:04:05,1414,60,306,39.6,31.8,1149
2024-07-16 13:04:06,1414,60,306,39.6,31.8,1147
2024-07-16 13:04:07,1406,60,306,39.6,31.8,1143
2024-07-16 13:04:08,1406,60,305,39.6,31.7,1141
2024-07-16 13:04:09,1406,60,306,39.6,31.8,1141
2024-07-16 13:04:10,1406,60,305,39.6,31.8,1136
2024-07-16 13:04:11,1406,60,306,39.6,31.8,1129
2024-07-16 13:04:12,1405,60,306,39.6,31.8,1125
2024-07-16 13:04:13,1405,60,305,39.6,31.7,1122
2024-07-16 13:04:14,1405,60,307,39.6,31.9,1122
2024-07-16 13:04:15,1405,60,307,39.6,31.9,1111
2024-07-16 13:04:16,1405,60,307,39.6,31.9,1115
2024-07-16 13:04:17,1413,60,307,39.6,31.9,1110
2024-07-16 13:04:18,1413,60,307,39.6,31.9,1106
2024-07-16 13:04:19,1413,60,306,39.6,31.8,1100
2024-07-16 13:04:20,1413,60,305,39.6,31.7,1097
2024-07-16 13:04:21,1413,60,306,39.6,31.8,1098
2024-07-16 13:04:22,1405,60,305,39.6,31.8,1090
2024-07-16 13:04:23,1405,60,306,39.6,31.8,1091
2024-07-16 13:04:24,1405,60,306,39.6,31.8,1093
2024-07-16 13:04:25,1405,60,306,39.6,31.8,1084
2024-07-16 13:04:26,1405,60,305,39.6,31.7,1077
2024-07-16 13:04:27,1404,60,305,39.6,31.8,1078
2024-07-16 13:04:28,1404,60,305,39.6,31.8,1076
2024-07-16 13:04:29,1404,60,306,39.6,31.8,1074
2024-07-16 13:04:30,1404,60,306,39.6,31.8,1071
2024-07-16 13:04:31,1404,60,306,39.6,31.8,1071
2024-07-16 13:04:32,1405,60,305,39.6,31.7,1065
2024-07-16 13:04:33,1405,60,306,39.6,31.8,1062
2024-07-16 13:04:34,1405,60,307,39.6,31.9,1056
2024-07-16 13:04:35,1405,60,307,39.6,32.0,1053
2024-07-16 13:04:36,1405,60,307,39.6,31.9,1049
2024-07-16 13:04:38,1412,60,307,39.6,31.9,1044
2024-07-16 13:04:39,1412,60,306,39.6,31.8,1037
2024-07-16 13:04:40,1412,60,305,39.6,31.7,1043
2024-07-16 13:04:41,1412,60,305,39.6,31.7,1032
2024-07-16 13:04:42,1404,60,305,39.6,31.8,1031
2024-07-16 13:04:43,1404,60,305,39.6,31.7,1030
2024-07-16 13:04:44,1404,60,305,39.6,31.7,1028
2024-07-16 13:04:45,1404,60,305,39.6,31.7,1022
2024-07-16 13:04:46,1404,60,307,39.6,31.9,1019
2024-07-16 13:04:47,1413,60,307,39.6,31.9,1016
2024-07-16 13:04:48,1413,60,307,39.6,31.9,1011
2024-07-16 13:04:49,1413,60,307,39.6,31.9,1009
2024-07-16 13:04:50,1413,60,306,39.6,31.8,998
2024-07-16 13:04:51,1413,60,305,39.6,31.7,1001
2024-07-16 13:04:52,1404,60,305,39.6,31.8,1002
2024-07-16 13:04:53,1404,60,305,39.6,31.7,998
2024-07-16 13:04:54,1404,60,305,39.6,31.8,993
2024-07-16 13:04:55,1404,60,305,39.6,31.7,988
2024-07-16 13:04:56,1404,60,305,39.6,31.7,990
2024-07-16 13:04:57,1403,60,305,39.6,31.7,983
2024-07-16 13:04:58,1403,60,306,39.6,31.9,989
2024-07-16 13:04:59,1403,60,307,39.6,31.9,980
2024-07-16 13:05:00,1403,60,307,39.6,31.9,981
2024-07-16 13:05:01,1403,60,307,39.6,31.9,981
2024-07-16 13:05:02,1412,60,307,39.6,31.9,971
2024-07-16 13:05:03,1412,60,306,39.6,31.8,975
2024-07-16 13:05:04,1412,60,305,39.6,31.7,965
2024-07-16 13:05:05,1412,60,305,39.6,31.7,963
2024-07-16 13:05:06,1412,60,305,39.6,31.7,959
2024-07-16 13:05:07,1403,60,305,39.6,31.8,955
2024-07-16 13:05:08,1403,60,306,39.6,31.8,946
2024-07-16 13:05:09,1403,60,307,39.6,31.9,961
2024-07-16 13:05:10,1403,60,306,39.6,31.9,958
2024-07-16 13:05:11,1403,60,307,39.6,31.9,945
2024-07-16 13:05:12,1411,60,306,39.6,31.9,955
2024-07-16 13:05:13,1411,60,307,39.6,31.9,940
2024-07-16 13:05:14,1411,60,306,39.6,31.8,938
2024-07-16 13:05:15,1411,60,305,39.6,31.8,936
2024-07-16 13:05:16,1411,60,305,39.6,31.7,937
2024-07-16 13:05:17,1403,60,305,39.6,31.7,929
2024-07-16 13:05:18,1403,60,305,39.6,31.7,929
2024-07-16 13:05:19,1403,60,305,39.6,31.7,929
2024-07-16 13:05:20,1403,60,306,39.6,31.9,924
2024-07-16 13:05:21,1403,60,307,39.6,31.9,924
2024-07-16 13:05:22,1411,60,307,39.6,31.9,926
2024-07-16 13:05:23,1411,60,307,39.6,31.9,923
2024-07-16 13:05:24,1411,60,306,39.6,31.8,916
2024-07-16 13:05:25,1411,60,307,39.6,31.9,919
2024-07-16 13:05:26,1411,60,305,39.6,31.8,917
2024-07-16 13:05:27,1404,60,305,39.6,31.7,916
2024-07-16 13:05:28,1404,60,305,39.6,31.7,913
2024-07-16 13:05:29,1404,60,305,39.6,31.7,919
2024-07-16 13:05:30,1404,60,305,39.6,31.7,908
2024-07-16 13:05:31,1404,60,306,39.6,31.8,909
2024-07-16 13:05:32,1407,60,306,39.6,31.9,907
2024-07-16 13:05:33,1407,60,306,39.6,31.9,907
2024-07-16 13:05:34,1407,60,306,39.6,31.8,904
2024-07-16 13:05:35,1407,60,307,39.6,31.9,907
2024-07-16 13:05:36,1407,60,307,39.6,31.9,900
2024-07-16 13:05:37,1411,60,307,39.6,31.9,902
2024-07-16 13:05:38,1411,60,306,39.6,31.9,905
2024-07-16 13:05:39,1411,60,306,39.6,31.8,907
2024-07-16 13:05:40,1411,60,306,39.6,31.8,905
2024-07-16 13:05:41,1411,60,304,39.6,31.6,902
2024-07-16 13:05:42,1402,60,305,39.6,31.7,895
2024-07-16 13:05:43,1402,60,305,39.6,31.7,895
2024-07-16 13:05:44,1402,60,305,39.6,31.7,897
2024-07-16 13:05:45,1402,60,305,39.6,31.7,894
2024-07-16 13:05:46,1402,60,306,39.6,31.8,895
2024-07-16 13:05:47,1411,60,306,39.6,31.8,892
2024-07-16 13:05:48,1411,60,307,39.6,31.9,894
2024-07-16 13:05:49,1411,60,306,39.6,31.8,892
2024-07-16 13:05:50,1411,60,307,39.6,31.9,901
2024-07-16 13:05:51,1411,60,306,39.6,31.9,902
2024-07-16 13:05:52,1410,60,306,39.6,31.9,890
2024-07-16 13:05:53,1410,60,306,39.6,31.9,896
2024-07-16 13:05:54,1410,60,307,39.6,31.9,889
2024-07-16 13:05:55,1410,60,305,39.6,31.7,893
2024-07-16 13:05:56,1410,60,305,39.6,31.7,893
2024-07-16 13:05:57,1401,60,304,39.6,31.6,895
2024-07-16 13:05:58,1401,60,305,39.6,31.7,892
2024-07-16 13:05:59,1401,60,305,39.6,31.7,890
2024-07-16 13:06:00,1401,60,307,39.6,31.9,889
2024-07-16 13:06:01,1401,60,306,39.6,31.8,889
2024-07-16 13:06:02,1409,60,306,39.6,31.8,890
2024-07-16 13:06:03,1409,60,306,39.6,31.8,901
2024-07-16 13:06:04,1409,60,306,39.6,31.8,901
2024-07-16 13:06:05,1409,60,306,39.6,31.8,891
2024-07-16 13:06:06,1409,60,306,39.6,31.8,892
2024-07-16 13:06:07,1409,60,306,39.6,31.8,904
2024-07-16 13:06:08,1409,60,306,39.6,31.8,891
2024-07-16 13:06:09,1409,60,306,39.6,31.8,895
2024-07-16 13:06:10,1409,60,306,39.6,31.9,892
2024-07-16 13:06:11,1409,60,307,39.6,31.8,904
2024-07-16 13:06:12,1408,60,306,39.6,31.8,893
2024-07-16 13:06:13,1408,60,306,39.6,31.8,890
2024-07-16 13:06:14,1408,60,306,39.6,31.8,906
2024-07-16 13:06:15,1408,60,306,39.6,31.8,896
2024-07-16 13:06:16,1408,60,305,39.6,31.7,894
2024-07-16 13:06:17,1401,60,304,39.6,31.6,897
2024-07-16 13:06:18,1401,60,304,39.6,31.6,898
2024-07-16 13:06:19,1401,60,304,39.6,31.6,900
2024-07-16 13:06:20,1401,60,305,39.6,31.7,897
2024-07-16 13:06:21,1401,60,307,39.6,31.9,910
2024-07-16 13:06:22,1410,60,307,39.6,31.9,903
2024-07-16 13:06:23,1410,60,306,39.6,31.9,907
2024-07-16 13:06:24,1410,60,306,39.6,31.8,903
2024-07-16 13:06:25,1410,60,306,39.6,31.8,900
2024-07-16 13:06:26,1410,60,306,39.6,31.8,909
2024-07-16 13:06:27,1409,60,306,39.6,31.8,905
2024-07-16 13:06:28,1409,60,306,39.6,31.9,910
2024-07-16 13:06:29,1409,60,306,39.6,31.8,908
2024-07-16 13:06:30,1409,60,306,39.6,31.8,912
2024-07-16 13:06:31,1409,60,305,39.6,31.7,912
2024-07-16 13:06:32,1405,60,305,39.6,31.8,912
2024-07-16 13:06:33,1405,60,306,39.6,31.8,909
2024-07-16 13:06:34,1405,60,305,39.6,31.8,910
2024-07-16 13:06:35,1405,60,305,39.6,31.7,914
2024-07-16 13:06:36,1405,60,305,39.6,31.7,911
2024-07-16 13:06:37,1405,60,305,39.6,31.7,912
2024-07-16 13:06:38,1405,60,305,39.6,31.7,911
2024-07-16 13:06:39,1405,60,306,39.6,31.8,918
2024-07-16 13:06:40,1405,60,306,39.6,31.9,916
2024-07-16 13:06:41,1405,60,306,39.6,31.8,915
2024-07-16 13:06:42,1408,60,306,39.6,31.8,917
2024-07-16 13:06:43,1408,60,306,39.6,31.8,925
2024-07-16 13:06:44,1408,60,306,39.6,31.8,921
2024-07-16 13:06:45,1408,60,306,39.6,31.8,921
2024-07-16 13:06:46,1408,60,306,39.6,31.8,925
2024-07-16 13:06:47,1408,60,306,39.6,31.8,924
2024-07-16 13:06:48,1408,60,306,39.6,31.8,924
2024-07-16 13:06:49,1408,60,306,39.6,31.9,925
2024-07-16 13:06:50,1408,60,305,39.6,31.8,926
2024-07-16 13:06:51,1408,60,306,39.6,31.8,928
2024-07-16 13:06:52,1409,60,306,39.6,31.8,923
2024-07-16 13:06:53,1409,60,305,39.6,31.8,923
2024-07-16 13:06:54,1409,60,305,39.6,31.8,928
2024-07-16 13:06:55,1409,60,306,39.6,31.8,925
2024-07-16 13:06:56,1409,60,306,39.6,31.8,931
2024-07-16 13:06:57,1408,60,306,39.6,31.8,938
2024-07-16 13:06:58,1408,60,306,39.6,31.8,928
2024-07-16 13:06:59,1408,60,306,39.6,31.8,942
2024-07-16 13:07:00,1408,60,306,39.6,31.8,943
2024-07-16 13:07:01,1408,60,306,39.6,31.8,931
2024-07-16 13:07:02,1408,60,306,39.6,31.8,931
2024-07-16 13:07:03,1408,60,306,39.6,31.8,942
2024-07-16 13:07:04,1408,60,305,39.6,31.7,944
2024-07-16 13:07:05,1408,60,305,39.6,31.7,938
2024-07-16 13:07:06,1408,60,305,39.6,31.7,943
2024-07-16 13:07:07,1404,60,305,39.6,31.7,941
2024-07-16 13:07:08,1404,60,305,39.6,31.8,944
2024-07-16 13:07:09,1404,60,305,39.6,31.7,942
2024-07-16 13:07:10,1404,60,306,39.6,31.8,943
2024-07-16 13:07:11,1404,60,305,39.6,31.7,944
2024-07-16 13:07:12,1408,60,306,39.6,31.8,943
2024-07-16 13:07:13,1408,60,306,39.6,31.9,953
2024-07-16 13:07:14,1408,60,306,39.6,31.9,949
2024-07-16 13:07:15,1408,60,306,39.6,31.8,953
2024-07-16 13:07:16,1408,60,306,39.6,31.8,945
2024-07-16 13:07:17,1408,60,306,39.6,31.8,948
2024-07-16 13:07:18,1408,60,306,39.6,31.9,951
2024-07-16 13:07:19,1408,60,306,39.6,31.8,949
2024-07-16 13:07:20,1408,60,306,39.6,31.8,953
2024-07-16 13:07:21,1408,60,306,39.6,31.8,949
2024-07-16 13:07:22,1408,60,306,39.6,31.8,952
2024-07-16 13:07:23,1408,60,306,39.6,31.8,965
2024-07-16 13:07:24,1408,60,306,39.6,31.8,958
2024-07-16 13:07:25,1408,60,306,39.6,31.8,953
2024-07-16 13:07:26,1408,60,306,39.6,31.8,958
2024-07-16 13:07:27,1407,60,306,39.6,31.8,957
2024-07-16 13:07:28,1407,60,306,39.6,31.8,956
2024-07-16 13:07:29,1407,60,306,39.6,31.8,951
2024-07-16 13:07:30,1407,60,306,39.6,31.8,957
2024-07-16 13:07:31,1407,60,306,39.6,31.8,960
2024-07-16 13:07:32,1408,60,306,39.6,31.8,956
2024-07-16 13:07:33,1408,60,306,39.6,31.8,956
2024-07-16 13:07:34,1408,60,306,39.6,31.8,957
2024-07-16 13:07:35,1408,60,306,39.6,31.8,957
2024-07-16 13:07:36,1408,60,306,39.6,31.8,959
2024-07-16 13:07:37,1408,60,306,39.6,31.8,958
2024-07-16 13:07:38,1408,60,306,39.6,31.8,960
2024-07-16 13:07:39,1408,60,305,39.6,31.8,960
2024-07-16 13:07:40,1408,60,305,39.6,31.7,955
2024-07-16 13:07:41,1408,60,305,39.6,31.7,959
2024-07-16 13:07:42,1403,60,305,39.6,31.7,960
2024-07-16 13:07:43,1403,60,305,39.6,31.8,965
2024-07-16 13:07:44,1403,60,305,39.6,31.7,952
2024-07-16 13:07:45,1403,60,306,39.6,31.8,947
2024-07-16 13:07:46,1403,60,306,39.6,31.9,955
2024-07-16 13:07:47,1412,60,307,39.6,31.9,956
2024-07-16 13:07:48,1412,60,306,39.6,31.9,959
2024-07-16 13:07:49,1412,60,307,39.6,31.9,965
2024-07-16 13:07:50,1412,60,307,39.6,31.9,960
2024-07-16 13:07:51,1412,60,307,39.6,31.9,955
2024-07-16 13:07:52,1405,60,305,39.6,31.7,957
2024-07-16 13:07:53,1405,60,305,39.6,31.7,956
2024-07-16 13:07:54,1405,60,305,39.6,31.7,964
2024-07-16 13:07:55,1405,60,305,39.6,31.7,953
2024-07-16 13:07:56,1405,60,305,39.6,31.7,957
2024-07-16 13:07:57,1406,60,306,39.6,31.8,955
2024-07-16 13:07:58,1406,60,305,39.6,31.8,956
2024-07-16 13:07:59,1406,60,306,39.6,31.8,964
2024-07-16 13:08:00,1406,60,305,39.6,31.8,953
2024-07-16 13:08:01,1406,60,306,39.6,31.8,957
2024-07-16 13:08:02,1407,60,305,39.6,31.8,955
2024-07-16 13:08:03,1407,60,306,39.6,31.8,954
2024-07-16 13:08:04,1407,60,305,39.6,31.7,960
2024-07-16 13:08:05,1407,60,306,39.6,31.9,957
2024-07-16 13:08:06,1407,60,307,39.6,31.9,947
2024-07-16 13:08:07,1411,60,306,39.6,31.9,949
2024-07-16 13:08:08,1411,60,307,39.6,31.9,947
2024-07-16 13:08:09,1411,60,307,39.6,31.9,945
2024-07-16 13:08:10,1411,60,307,39.6,31.9,948
2024-07-16 13:08:11,1411,60,306,39.6,31.8,941
2024-07-16 13:08:12,1406,60,306,39.6,31.8,943
2024-07-16 13:08:13,1406,60,306,39.6,31.8,945
2024-07-16 13:08:14,1406,60,306,39.6,31.8,944
2024-07-16 13:08:15,1406,60,305,39.6,31.7,951
2024-07-16 13:08:16,1406,60,305,39.6,31.8,941
2024-07-16 13:08:17,1406,60,306,39.6,31.8,940
2024-07-16 13:08:18,1406,60,306,39.6,31.8,937
2024-07-16 13:08:19,1406,60,306,39.6,31.8,936
2024-07-16 13:08:20,1406,60,306,39.6,31.8,937
2024-07-16 13:08:21,1406,60,306,39.6,31.8,932
2024-07-16 13:08:22,1407,60,306,39.6,31.8,936
2024-07-16 13:08:23,1407,60,306,39.6,31.8,936
2024-07-16 13:08:24,1407,60,306,39.6,31.8,937
2024-07-16 13:08:25,1407,60,305,39.6,31.8,930
2024-07-16 13:08:26,1407,60,305,39.6,31.8,933
2024-07-16 13:08:27,1407,60,305,39.6,31.8,932
2024-07-16 13:08:28,1407,60,306,39.6,31.8,931
2024-07-16 13:08:29,1407,60,306,39.6,31.8,929
2024-07-16 13:08:30,1407,60,306,39.6,31.8,928
2024-07-16 13:08:31,1407,60,306,39.6,31.8,925
2024-07-16 13:08:32,1407,60,305,39.6,31.7,928
2024-07-16 13:08:33,1407,60,305,39.6,31.7,924
2024-07-16 13:08:34,1407,60,306,39.6,31.8,922
2024-07-16 13:08:35,1407,60,306,39.6,31.8,921
2024-07-16 13:08:36,1407,60,305,39.6,31.7,917
2024-07-16 13:08:37,1408,60,306,39.6,31.9,918
2024-07-16 13:08:38,1408,60,306,39.6,31.8,919
2024-07-16 13:08:39,1408,60,306,39.6,31.8,912
2024-07-16 13:08:40,1408,60,306,39.6,31.8,914
2024-07-16 13:08:41,1408,60,307,39.6,31.9,910
2024-07-16 13:08:42,1411,60,307,39.6,31.9,906
2024-07-16 13:08:43,1411,60,307,39.6,31.9,908
2024-07-16 13:08:44,1411,60,306,39.6,31.9,914
2024-07-16 13:08:45,1411,60,305,39.6,31.8,908
2024-07-16 13:08:46,1411,60,306,39.6,31.8,913
2024-07-16 13:08:47,1406,60,306,39.6,31.8,906
2024-07-16 13:08:48,1406,60,304,39.6,31.7,903
2024-07-16 13:08:49,1406,60,305,39.6,31.7,897
2024-07-16 13:08:50,1406,60,305,39.6,31.7,894
2024-07-16 13:08:51,1406,60,305,39.6,31.7,899
2024-07-16 13:08:52,1408,60,305,39.6,31.7,897
2024-07-16 13:08:53,1408,60,306,39.6,31.8,892
2024-07-16 13:08:54,1408,60,306,39.6,31.9,896
2024-07-16 13:08:55,1408,60,307,39.6,31.9,891
2024-07-16 13:08:56,1408,60,306,39.6,31.8,894
2024-07-16 13:08:57,1411,60,306,39.6,31.9,893
2024-07-16 13:08:58,1411,60,307,39.6,31.9,891
2024-07-16 13:08:59,1411,60,307,39.6,31.9,887
2024-07-16 13:09:00,1411,60,307,39.6,31.9,888
2024-07-16 13:09:01,1411,60,305,39.6,31.7,884
2024-07-16 13:09:02,1406,60,306,39.6,31.8,879
2024-07-16 13:09:03,1406,60,305,39.6,31.8,883
2024-07-16 13:09:04,1406,60,306,39.6,31.8,879
2024-07-16 13:09:05,1406,60,305,39.6,31.7,882
2024-07-16 13:09:06,1406,60,305,39.6,31.7,878
2024-07-16 13:09:07,1406,60,305,39.6,31.7,879
2024-07-16 13:09:08,1406,60,306,39.6,31.8,876
2024-07-16 13:09:09,1406,60,306,39.6,31.8,879
2024-07-16 13:09:10,1406,60,305,39.6,31.7,877
2024-07-16 13:09:11,1406,60,305,39.6,31.7,877
2024-07-16 13:09:12,1406,60,305,39.6,31.7,878
2024-07-16 13:09:13,1406,60,305,39.6,31.7,873
2024-07-16 13:09:14,1406,60,305,39.6,31.8,877
2024-07-16 13:09:15,1406,60,306,39.6,31.8,882
2024-07-16 13:09:16,1406,60,306,39.6,31.8,871
2024-07-16 13:09:17,1407,60,305,39.6,31.8,873
2024-07-16 13:09:18,1407,60,306,39.6,31.8,876
2024-07-16 13:09:19,1407,60,307,39.6,31.9,876
2024-07-16 13:09:20,1407,60,306,39.6,31.8,874
2024-07-16 13:09:21,1407,60,306,39.6,31.8,874
2024-07-16 13:09:22,1410,60,306,39.6,31.9,872
2024-07-16 13:09:23,1410,60,306,39.6,31.9,871
2024-07-16 13:09:24,1410,60,306,39.6,31.9,872
2024-07-16 13:09:25,1410,60,306,39.6,31.8,868
2024-07-16 13:09:26,1410,60,306,39.6,31.9,877
2024-07-16 13:09:27,1410,60,306,39.6,31.8,870
2024-07-16 13:09:28,1410,60,306,39.6,31.8,882
2024-07-16 13:09:29,1410,60,306,39.6,31.8,875
2024-07-16 13:09:30,1410,60,305,39.6,31.8,878
2024-07-16 13:09:31,1410,60,305,39.6,31.8,873
2024-07-16 13:09:32,1405,60,305,39.6,31.7,876
2024-07-16 13:09:33,1405,60,305,39.6,31.7,877
2024-07-16 13:09:34,1405,60,305,39.6,31.7,877
2024-07-16 13:09:35,1405,60,305,39.6,31.8,882
2024-07-16 13:09:36,1405,60,306,39.6,31.8,876
2024-07-16 13:09:37,1407,60,306,39.6,31.8,879
2024-07-16 13:09:38,1407,60,306,39.6,31.8,880
2024-07-16 13:09:39,1407,60,305,39.6,31.8,879
2024-07-16 13:09:40,1407,60,306,39.6,31.8,879
2024-07-16 13:09:41,1407,60,306,39.6,31.8,881
2024-07-16 13:09:42,1407,60,305,39.6,31.8,877
2024-07-16 13:09:43,1407,60,306,39.6,31.8,879
2024-07-16 13:09:44,1407,60,306,39.6,31.8,887
2024-07-16 13:09:45,1407,60,306,39.6,31.8,881
2024-07-16 13:09:46,1407,60,305,39.6,31.8,882
2024-07-16 13:09:47,1408,60,306,39.6,31.8,878
2024-07-16 13:09:48,1408,60,306,39.6,31.8,879
2024-07-16 13:09:49,1408,60,307,39.6,31.9,880
2024-07-16 13:09:50,1408,60,306,39.6,31.9,877
2024-07-16 13:09:51,1408,60,306,39.6,31.9,883
2024-07-16 13:09:52,1410,60,306,39.6,31.8,877
2024-07-16 13:09:53,1410,60,306,39.6,31.8,879
2024-07-16 13:09:54,1410,60,306,39.6,31.8,880
2024-07-16 13:09:55,1410,60,307,39.6,31.9,883
2024-07-16 13:09:56,1410,60,306,39.6,31.8,883
2024-07-16 13:09:57,1407,60,306,39.6,31.8,884
2024-07-16 13:09:58,1407,60,305,39.6,31.7,878
2024-07-16 13:09:59,1407,60,306,39.6,31.8,881
2024-07-16 13:10:00,1407,60,305,39.6,31.8,880
2024-07-16 13:10:01,1407,60,305,39.6,31.8,883
2024-07-16 13:10:02,1406,60,305,39.6,31.7,882
2024-07-16 13:10:03,1406,60,305,39.6,31.7,885
2024-07-16 13:10:04,1406,60,305,39.6,31.7,890
2024-07-16 13:10:05,1406,60,306,39.6,31.8,888
2024-07-16 13:10:06,1406,60,306,39.6,31.8,891
2024-07-16 13:10:07,1406,60,305,39.6,31.7,890
2024-07-16 13:10:08,1406,60,305,39.6,31.7,895
2024-07-16 13:10:09,1406,60,306,39.6,31.8,894
2024-07-16 13:10:10,1406,60,306,39.6,31.9,893
2024-07-16 13:10:11,1406,60,306,39.6,31.9,897
2024-07-16 13:10:12,1409,60,307,39.6,31.9,899
2024-07-16 13:10:13,1409,60,306,39.6,31.8,900
2024-07-16 13:10:14,1409,60,306,39.6,31.9,899
2024-07-16 13:10:15,1409,60,306,39.6,31.8,903
2024-07-16 13:10:16,1409,60,307,39.6,31.9,904
2024-07-16 13:10:17,1409,60,306,39.6,31.8,916
2024-07-16 13:10:18,1409,60,306,39.6,31.8,914
2024-07-16 13:10:19,1409,60,306,39.6,31.8,909
2024-07-16 13:10:20,1409,60,307,39.6,31.9,911
2024-07-16 13:10:21,1409,60,306,39.6,31.7,912
2024-07-16 13:10:22,1405,60,306,39.6,31.8,907
2024-07-16 13:10:23,1405,60,305,39.6,31.7,913
2024-07-16 13:10:24,1405,60,305,39.6,31.7,914
2024-07-16 13:10:25,1405,60,305,39.6,31.7,913
2024-07-16 13:10:26,1405,60,306,39.6,31.8,915
2024-07-16 13:10:27,1406,60,305,39.6,31.8,913
2024-07-16 13:10:28,1406,60,306,39.6,31.8,912
2024-07-16 13:10:29,1406,60,305,39.6,31.7,918
2024-07-16 13:10:30,1406,60,305,39.6,31.7,917
2024-07-16 13:10:31,1406,60,306,39.6,31.8,921
2024-07-16 13:10:32,1409,60,306,39.6,31.8,916
2024-07-16 13:10:33,1409,60,306,39.6,31.8,915
2024-07-16 13:10:34,1409,60,306,39.6,31.8,921
2024-07-16 13:10:35,1409,60,306,39.6,31.8,923
2024-07-16 13:10:36,1409,60,306,39.6,31.8,916
2024-07-16 13:10:37,1409,60,306,39.6,31.8,908
2024-07-16 13:10:38,1409,60,306,39.6,31.8,914
2024-07-16 13:10:39,1409,60,306,39.6,31.8,918
2024-07-16 13:10:40,1409,60,306,39.6,31.8,919
2024-07-16 13:10:41,1409,60,306,39.6,31.8,919
2024-07-16 13:10:42,1408,60,306,39.6,31.8,926
2024-07-16 13:10:43,1408,60,306,39.6,31.8,926
2024-07-16 13:10:44,1408,60,306,39.6,31.8,926
2024-07-16 13:10:45,1408,60,306,39.6,31.9,925
2024-07-16 13:10:46,1408,60,306,39.6,31.8,934
2024-07-16 13:10:47,1409,60,306,39.6,31.8,934
2024-07-16 13:10:48,1409,60,306,39.6,31.8,936
2024-07-16 13:10:49,1409,60,306,39.6,31.8,947
2024-07-16 13:10:50,1409,60,306,39.6,31.8,937
2024-07-16 13:10:51,1409,60,305,39.6,31.7,950
2024-07-16 13:10:52,1404,60,305,39.6,31.7,947
2024-07-16 13:10:53,1404,60,305,39.6,31.7,948
2024-07-16 13:10:54,1404,60,305,39.6,31.7,960
2024-07-16 13:10:55,1404,60,305,39.6,31.7,955
2024-07-16 13:10:56,1404,60,305,39.6,31.7,955
2024-07-16 13:10:57,1404,60,305,39.6,31.7,954
2024-07-16 13:10:58,1404,60,306,39.6,31.8,960
2024-07-16 13:10:59,1404,60,306,39.6,31.8,965
2024-07-16 13:11:00,1404,60,306,39.6,31.8,898
2024-07-16 13:11:01,1404,60,306,39.6,31.8,951
2024-07-16 13:11:02,1411,60,307,39.6,31.9,957
2024-07-16 13:11:03,1411,60,307,39.6,31.9,966
2024-07-16 13:11:04,1411,60,306,39.6,31.9,980
2024-07-16 13:11:05,1411,60,307,39.6,31.9,985
2024-07-16 13:11:06,1411,60,307,39.6,31.9,987
2024-07-16 13:11:07,1409,60,306,39.6,31.8,979
2024-07-16 13:11:08,1409,60,305,39.6,31.7,988
2024-07-16 13:11:09,1409,60,305,39.6,31.7,1003
2024-07-16 13:11:10,1409,60,305,39.6,31.7,1003
2024-07-16 13:11:11,1409,60,305,39.6,31.7,1009
2024-07-16 13:11:12,1403,60,305,39.6,31.7,1019
2024-07-16 13:11:13,1403,60,306,39.6,31.8,1026
2024-07-16 13:11:14,1403,60,306,39.6,31.8,1029
2024-07-16 13:11:15,1403,60,307,39.6,31.9,1038
2024-07-16 13:11:16,1403,60,307,39.6,31.9,1039
2024-07-16 13:11:17,1412,60,307,39.6,31.9,1032
2024-07-16 13:11:18,1412,60,306,39.6,31.9,1049
2024-07-16 13:11:19,1412,60,306,39.6,31.8,1048
2024-07-16 13:11:20,1412,60,306,39.6,31.8,1052
2024-07-16 13:11:21,1412,60,306,39.6,31.8,1058
2024-07-16 13:11:22,1408,60,306,39.6,31.8,1064
2024-07-16 13:11:23,1408,60,306,39.6,31.8,1067
2024-07-16 13:11:24,1408,60,306,39.6,31.8,1071
2024-07-16 13:11:25,1408,60,304,39.6,31.7,1077
2024-07-16 13:11:26,1408,60,304,39.6,31.7,1079
2024-07-16 13:11:27,1403,60,305,39.6,31.7,1083
2024-07-16 13:11:28,1403,60,305,39.6,31.7,1092
2024-07-16 13:11:29,1403,60,305,39.6,31.7,1090
2024-07-16 13:11:30,1403,60,305,39.6,31.7,1094
2024-07-16 13:11:31,1403,60,306,39.6,31.8,1094
2024-07-16 13:11:32,1408,60,306,39.6,31.8,1105
2024-07-16 13:11:33,1408,60,306,39.6,31.8,1095
2024-07-16 13:11:34,1408,60,306,39.6,31.8,1099
2024-07-16 13:11:35,1408,60,306,39.6,31.8,1096
2024-07-16 13:11:36,1408,60,306,39.6,31.8,1098
2024-07-16 13:11:37,1409,60,306,39.6,31.8,1109
2024-07-16 13:11:38,1409,60,306,39.6,31.8,1096
2024-07-16 13:11:39,1409,60,306,39.6,31.8,1102
2024-07-16 13:11:40,1409,60,306,39.6,31.8,1099
2024-07-16 13:11:41,1409,60,306,39.6,31.8,1103
2024-07-16 13:11:42,1407,60,306,39.6,31.8,1106
2024-07-16 13:11:43,1407,60,305,39.6,31.8,1108
2024-07-16 13:11:44,1407,60,306,39.6,31.8,1106
2024-07-16 13:11:45,1407,60,306,39.6,31.8,1109
2024-07-16 13:11:46,1407,60,306,39.6,31.8,1109
2024-07-16 13:11:47,1407,60,306,39.6,31.8,1108
2024-07-16 13:11:48,1407,60,306,39.6,31.8,1114
2024-07-16 13:11:49,1407,60,305,39.6,31.8,1105
2024-07-16 13:11:50,1407,60,305,39.6,31.8,1103
2024-07-16 13:11:51,1407,60,306,39.6,31.8,1107
2024-07-16 13:11:52,1408,60,306,39.6,31.8,1104
2024-07-16 13:11:53,1408,60,306,39.6,31.8,1107
2024-07-16 13:11:54,1408,60,306,39.6,31.8,1102
2024-07-16 13:11:55,1408,60,306,39.6,31.8,1103
2024-07-16 13:11:56,1408,60,306,39.6,31.8,1104
2024-07-16 13:11:57,1407,60,306,39.6,31.8,1103
2024-07-16 13:11:58,1407,60,306,39.6,31.8,1103
2024-07-16 13:11:59,1407,60,306,39.6,31.8,1104
2024-07-16 13:12:00,1407,60,306,39.6,31.8,1106
2024-07-16 13:12:01,1407,60,306,39.6,31.8,1104
2024-07-16 13:12:02,1407,60,306,39.6,31.8,1099
2024-07-16 13:12:03,1407,60,306,39.6,31.8,1105
2024-07-16 13:12:04,1407,60,306,39.6,31.8,1100
2024-07-16 13:12:05,1407,60,305,39.6,31.8,1104
2024-07-16 13:12:06,1407,60,306,39.6,31.8,1105
2024-07-16 13:12:07,1407,60,306,39.6,31.8,1110
2024-07-16 13:12:08,1407,60,306,39.6,31.8,1119
2024-07-16 13:12:09,1407,60,305,39.6,31.8,1110
2024-07-16 13:12:10,1407,60,306,39.6,31.8,1113
2024-07-16 13:12:11,1407,60,305,39.6,31.8,1122
2024-07-16 13:12:12,1407,60,306,39.6,31.8,1117
2024-07-16 13:12:13,1407,60,305,39.6,31.7,1117
2024-07-16 13:12:14,1407,60,306,39.6,31.8,1116
2024-07-16 13:12:15,1407,60,305,39.6,31.7,1122
2024-07-16 13:12:16,1407,60,305,39.6,31.7,1123
2024-07-16 13:12:17,1407,60,305,39.6,31.7,1131
2024-07-16 13:12:18,1407,60,306,39.6,31.8,1131
2024-07-16 13:12:19,1407,60,305,39.6,31.8,1128
2024-07-16 13:12:20,1407,60,306,39.6,31.8,1131
2024-07-16 13:12:21,1407,60,305,39.6,31.7,1134
2024-07-16 13:12:22,1411,60,307,39.6,31.9,1139
2024-07-16 13:12:23,1411,60,307,39.7,32.0,1133
2024-07-16 13:12:24,1411,60,307,39.7,31.9,1136
2024-07-16 13:12:25,1411,60,307,39.6,31.9,1138
2024-07-16 13:12:26,1411,60,306,39.6,31.8,1150
2024-07-16 13:12:27,1407,60,306,39.6,31.8,1138
2024-07-16 13:12:28,1407,60,306,39.6,31.8,1150
2024-07-16 13:12:29,1407,60,306,39.6,31.8,1151
2024-07-16 13:12:30,1407,60,306,39.6,31.8,1163
2024-07-16 13:12:31,1407,60,306,39.6,31.8,1168
2024-07-16 13:12:32,1407,60,305,39.6,31.8,1175
2024-07-16 13:12:33,1407,60,306,39.6,31.8,1169
2024-07-16 13:12:34,1407,60,306,39.6,31.8,1170
2024-07-16 13:12:35,1407,60,306,39.6,31.8,1168
2024-07-16 13:12:36,1407,60,306,39.6,31.8,1165
2024-07-16 13:12:37,1408,60,306,39.6,31.8,1167
2024-07-16 13:12:38,1408,60,306,39.6,31.8,1170
2024-07-16 13:12:39,1408,60,305,39.6,31.8,1173
2024-07-16 13:12:40,1408,60,305,39.6,31.8,1174
2024-07-16 13:12:41,1408,60,305,39.6,31.7,1183
2024-07-16 13:12:42,1407,60,306,39.6,31.8,1186
2024-07-16 13:12:43,1407,60,305,39.6,31.7,1199
2024-07-16 13:12:44,1407,60,306,39.6,31.8,1198
2024-07-16 13:12:45,1407,60,305,39.6,31.8,1203
2024-07-16 13:12:46,1407,60,305,39.6,31.8,1221
2024-07-16 13:12:47,1406,60,305,39.6,31.8,1223
2024-07-16 13:12:48,1406,60,306,39.6,31.8,1238
2024-07-16 13:12:49,1406,60,306,39.6,31.8,1259
2024-07-16 13:12:50,1406,60,305,39.6,31.8,1236
2024-07-16 13:12:51,1406,60,306,39.6,31.8,1213
2024-07-16 13:12:52,1406,60,305,39.6,31.8,1206
2024-07-16 13:12:53,1406,60,306,39.6,31.8,1194
2024-07-16 13:12:54,1406,60,305,39.6,31.8,1184
2024-07-16 13:12:55,1406,60,307,39.6,31.9,1174
2024-07-16 13:12:56,1406,60,306,39.6,31.9,1166
2024-07-16 13:12:57,1411,60,307,39.6,31.9,1161
2024-07-16 13:12:58,1411,60,307,39.6,31.9,1149
2024-07-16 13:12:59,1411,60,307,39.6,31.9,1137
2024-07-16 13:13:00,1411,60,307,39.6,31.9,1137
2024-07-16 13:13:01,1411,60,306,39.6,31.8,1126
2024-07-16 13:13:02,1407,60,306,39.6,31.8,1126
2024-07-16 13:13:03,1407,60,306,39.6,31.8,1127
2024-07-16 13:13:04,1407,60,306,39.6,31.8,1127
2024-07-16 13:13:05,1407,60,306,39.6,31.8,1126
2024-07-16 13:13:06,1407,60,306,39.6,31.8,1123
2024-07-16 13:13:07,1407,60,306,39.6,31.8,1118
2024-07-16 13:13:08,1407,60,306,39.6,31.8,1114
2024-07-16 13:13:09,1407,60,306,39.6,31.8,1110
2024-07-16 13:13:10,1407,60,306,39.6,31.8,1121
2024-07-16 13:13:11,1407,60,305,39.6,31.7,1111
2024-07-16 13:13:12,1406,60,305,39.6,31.8,1108
2024-07-16 13:13:13,1406,60,305,39.6,31.7,1103
2024-07-16 13:13:14,1406,60,306,39.6,31.8,1102
2024-07-16 13:13:15,1406,60,305,39.6,31.7,1102
2024-07-16 13:13:16,1406,60,305,39.6,31.7,1100
2024-07-16 13:13:17,1411,60,306,39.6,31.9,1100
2024-07-16 13:13:18,1411,60,307,39.6,31.8,1103
2024-07-16 13:13:19,1411,60,306,39.6,31.8,1098
2024-07-16 13:13:20,1411,60,306,39.6,31.8,1094
2024-07-16 13:13:21,1411,60,306,39.6,31.8,1091
2024-07-16 13:13:22,1410,60,306,39.6,31.8,1092
2024-07-16 13:13:23,1410,60,306,39.6,31.8,1100
2024-07-16 13:13:24,1410,60,306,39.6,31.8,1087
2024-07-16 13:13:25,1410,60,305,39.6,31.8,1086
2024-07-16 13:13:26,1410,60,305,39.6,31.8,1086
2024-07-16 13:13:27,1407,60,305,39.6,31.8,1083
2024-07-16 13:13:28,1407,60,305,39.6,31.8,1085
2024-07-16 13:13:29,1407,60,306,39.6,31.8,1093
2024-07-16 13:13:30,1407,60,305,39.6,31.8,1085
2024-07-16 13:13:31,1407,60,306,39.6,31.8,1080
2024-07-16 13:13:32,1407,60,305,39.6,31.7,1092
2024-07-16 13:13:33,1407,60,306,39.6,31.8,1087
2024-07-16 13:13:34,1407,60,306,39.6,31.8,1083
2024-07-16 13:13:35,1407,60,305,39.6,31.7,1087
2024-07-16 13:13:36,1407,60,305,39.6,31.7,1087
2024-07-16 13:13:37,1406,60,306,39.6,31.8,1088
2024-07-16 13:13:38,1406,60,306,39.6,31.9,1088
2024-07-16 13:13:39,1406,60,307,39.7,31.9,1083
2024-07-16 13:13:40,1406,60,307,39.7,31.9,1080
2024-07-16 13:13:41,1406,60,307,39.6,31.9,1077
2024-07-16 13:13:42,1414,60,307,39.6,31.9,1077
2024-07-16 13:13:43,1414,60,306,39.6,31.8,1071
2024-07-16 13:13:44,1414,60,305,39.6,31.8,1072
2024-07-16 13:13:45,1414,60,305,39.6,31.7,1073
2024-07-16 13:13:46,1414,60,305,39.6,31.7,1070
2024-07-16 13:13:47,1406,60,305,39.6,31.7,1069
2024-07-16 13:13:48,1406,60,305,39.6,31.7,1066
2024-07-16 13:13:49,1406,60,305,39.6,31.7,1064
2024-07-16 13:13:50,1406,60,306,39.6,31.8,1064
2024-07-16 13:13:51,1406,60,305,39.6,31.8,1061
2024-07-16 13:13:52,1407,60,306,39.6,31.8,1060
2024-07-16 13:13:53,1407,60,307,39.6,31.9,1056
2024-07-16 13:13:54,1407,60,307,39.7,31.9,1057
2024-07-16 13:13:55,1407,60,307,39.7,31.9,1052
2024-07-16 13:13:56,1407,60,307,39.7,31.9,1048
2024-07-16 13:13:57,1410,60,306,39.6,31.8,1049
2024-07-16 13:13:58,1410,60,305,39.6,31.7,1049
2024-07-16 13:13:59,1410,60,306,39.6,31.8,1042
2024-07-16 13:14:00,1410,60,305,39.6,31.7,1043
2024-07-16 13:14:01,1410,60,305,39.6,31.8,1038
2024-07-16 13:14:02,1405,60,305,39.6,31.7,1036
2024-07-16 13:14:03,1405,60,305,39.6,31.7,1031
2024-07-16 13:14:04,1405,60,305,39.6,31.7,1032
2024-07-16 13:14:05,1405,60,306,39.6,31.8,1028
2024-07-16 13:14:06,1405,60,307,39.6,31.9,1026
2024-07-16 13:14:07,1414,60,307,39.7,31.9,1026
2024-07-16 13:14:08,1414,60,307,39.7,31.9,1020
2024-07-16 13:14:09,1414,60,307,39.7,31.9,1021
2024-07-16 13:14:10,1414,60,306,39.6,31.8,1018
2024-07-16 13:14:11,1414,60,305,39.6,31.7,1016
2024-07-16 13:14:12,1406,60,305,39.6,31.8,1014
2024-07-16 13:14:13,1406,60,305,39.6,31.7,1005
2024-07-16 13:14:14,1406,60,305,39.6,31.7,1011
2024-07-16 13:14:15,1406,60,306,39.6,31.8,1008
2024-07-16 13:14:16,1406,60,306,39.6,31.8,997
2024-07-16 13:14:17,1406,60,305,39.6,31.7,993
2024-07-16 13:14:18,1406,60,306,39.6,31.8,991
2024-07-16 13:14:19,1406,60,305,39.6,31.7,980
2024-07-16 13:14:20,1406,60,306,39.6,31.9,983
2024-07-16 13:14:21,1406,60,307,39.7,31.9,980
2024-07-16 13:14:22,1414,60,307,39.7,31.9,974
2024-07-16 13:14:23,1414,60,307,39.7,31.9,973
2024-07-16 13:14:24,1414,60,307,39.6,31.9,968
2024-07-16 13:14:25,1414,60,306,39.6,31.8,963
2024-07-16 13:14:26,1414,60,305,39.6,31.7,968
2024-07-16 13:14:27,1406,60,303,39.6,31.6,954
2024-07-16 13:14:28,1406,60,243,38.8,25.2,952
2024-07-16 13:14:29,1406,60,200,37.5,20.8,945
2024-07-16 13:14:30,1406,60,122,36.9,12.7,941
2024-07-16 13:14:31,1406,60,52.4,35.6,5.45,945
2024-07-16 13:14:32,314,60,21.8,35.0,2.27,940
2024-07-16 13:14:33,314,60,0,34.3,0.169,928
2024-07-16 13:14:34,314,60,0,34.2,0.164,920
2024-07-16 13:14:35,314,60,0,34.1,0.158,919
2024-07-16 13:14:36,314,60,0,34.0,0.164,915
2024-07-16 13:14:37,52.4,60,0,34.0,0.169,915
2024-07-16 13:14:38,52.4,60,0,33.9,0.156,910
2024-07-16 13:14:39,52.4,60,0,33.9,0.166,910
2024-07-16 13:14:40,52.4,60,0,33.9,0.164,905
2024-07-16 13:14:41,52.4,60,0,33.8,0.164,900
2024-07-16 13:14:42,51.1,60,0,33.8,0.163,898
2024-07-16 13:14:43,51.1,60,0,33.8,0.161,892
2024-07-16 13:14:44,51.1,60,0,33.7,0.160,888
2024-07-16 13:14:45,51.1,60,0,33.7,0.160,889
2024-07-16 13:14:46,51.1,60,0,33.7,0.161,881
2024-07-16 13:14:47,49.8,60,0,33.7,0.164,882
2024-07-16 13:14:48,49.8,60,0,33.7,0.160,877
2024-07-16 13:14:49,49.8,60,0,33.7,0.159,862
2024-07-16 13:14:50,49.8,60,0,33.6,0.164,867
2024-07-16 13:14:51,49.8,60,0,33.6,0.159,858
2024-07-16 13:14:52,49.8,60,0,33.6,0.163,856
2024-07-16 13:14:53,49.8,60,0,33.6,0.159,853
2024-07-16 13:14:54,49.8,60,0,33.6,0.158,849
2024-07-16 13:14:55,49.8,60,0,33.6,0.160,845
2024-07-16 13:14:56,49.8,60,0,33.6,0.162,836
2024-07-16 13:14:57,49.9,60,0,33.5,0.162,836
2024-07-16 13:14:58,49.9,60,0,33.5,0.159,831
2024-07-16 13:14:59,49.9,60,0,33.5,0.164,819
2024-07-16 13:15:00,49.9,60,0,33.5,0.163,820
2024-07-16 13:15:01,49.9,60,0,33.5,0.165,811
2024-07-16 13:15:02,49.9,60,0,33.5,0.158,815
2024-07-16 13:15:03,49.9,60,0,33.5,0.147,814
2024-07-16 13:15:04,49.9,60,0,33.4,0.157,798
2024-07-16 13:15:05,49.9,60,0,33.4,0.158,794
2024-07-16 13:15:06,49.9,60,0,33.3,0.161,793
2024-07-16 13:15:07,53.6,60,0,33.2,0.159,787
2024-07-16 13:15:08,53.6,60,0,33.1,0.159,780
2024-07-16 13:15:09,53.6,60,0,33.1,0.157,787
2024-07-16 13:15:10,53.6,60,0,33.1,0.157,776
2024-07-16 13:15:11,53.6,60,0,33.0,0.157,767
2024-07-16 13:15:12,56.1,60,0,33.0,0.158,760
2024-07-16 13:15:13,56.1,60,0,33.0,0.160,758
2024-07-16 13:15:14,56.1,60,0,33.0,0.158,757
2024-07-16 13:15:15,56.1,60,0,33.0,0.151,747
2024-07-16 13:15:16,56.1,60,0,32.9,0.149,746
2024-07-16 13:15:17,51.5,60,0,32.8,0.153,748
2024-07-16 13:15:18,51.5,60,0,32.8,0.153,732
2024-07-16 13:15:19,51.5,60,0,32.8,0.157,736
2024-07-16 13:15:20,51.5,60,0,32.7,0.151,730
2024-07-16 13:15:21,51.5,60,0,32.6,0.155,730
2024-07-16 13:15:22,51.5,60,0,32.5,0.154,727
2024-07-16 13:15:23,51.5,60,0,32.4,0.158,723
2024-07-16 13:15:24,51.5,60,0,32.4,0.152,723
2024-07-16 13:15:25,51.5,60,0,32.4,0.154,720
2024-07-16 13:15:26,51.5,60,0,32.4,0.159,715
2024-07-16 13:15:27,50.1,60,0,32.4,0.162,712
2024-07-16 13:15:28,50.1,60,0,32.3,0.138,705
2024-07-16 13:15:29,50.1,60,0,32.3,0.155,705
2024-07-16 13:15:30,50.1,60,0,32.3,0.156,702
2024-07-16 13:15:31,50.1,60,0,32.3,0.156,698
2024-07-16 13:15:32,49.9,60,0,32.3,0.152,699
2024-07-16 13:15:33,49.9,60,0,32.3,0.152,689
2024-07-16 13:15:34,49.9,60,0,32.3,0.151,684
2024-07-16 13:15:35,49.9,60,0,32.3,0.159,685
2024-07-16 13:15:36,49.9,60,0,32.3,0.155,683
2024-07-16 13:15:37,49.9,60,0,32.3,0.151,683
2024-07-16 13:15:38,49.9,60,0,32.2,0.158,678
2024-07-16 13:15:39,49.9,60,0,32.2,0.153,674
2024-07-16 13:15:40,49.9,60,0,32.2,0.144,674
2024-07-16 13:15:41,49.9,60,0,32.2,0.154,673
2024-07-16 13:15:42,50,60,0,32.2,0.149,668
2024-07-16 13:15:43,50,60,0,32.2,0.150,670
2024-07-16 13:15:44,50,60,0,32.2,0.145,668
2024-07-16 13:15:45,50,60,0,32.2,0.146,664
2024-07-16 13:15:46,50,60,0,32.2,0.150,663
2024-07-16 13:15:47,49.9,60,0,32.2,0.145,662
2024-07-16 13:15:48,49.9,60,0,32.2,0.149,660
2024-07-16 13:15:49,49.9,60,0,32.2,0.146,664
2024-07-16 13:15:50,49.9,60,0,32.2,0.145,656
2024-07-16 13:15:51,49.9,60,0,32.2,0.143,656
2024-07-16 13:15:52,49.8,60,0,32.2,0.134,657
2024-07-16 13:15:53,49.8,60,0,32.2,0.147,655
2024-07-16 13:15:54,49.8,60,0,32.2,0.147,648
2024-07-16 13:15:55,49.8,60,0,32.2,0.145,641
2024-07-16 13:15:56,49.8,60,0,32.2,0.149,642
2024-07-16 13:15:57,49.9,60,0,32.1,0.146,641
2024-07-16 13:15:58,49.9,60,0,32.1,0.145,639
2024-07-16 13:15:59,49.9,60,0,32.1,0.146,629
2024-07-16 13:16:00,49.9,60,0,32.1,0.141,632
2024-07-16 13:16:01,49.9,60,0,32.1,0.148,636
2024-07-16 13:16:02,49.7,60,0,32.1,0.146,633
2024-07-16 13:16:03,49.7,60,0,32.1,0.150,630
2024-07-16 13:16:04,49.7,60,0,32.1,0.149,623
2024-07-16 13:16:05,49.7,60,0,32.1,0.148,627
2024-07-16 13:16:06,49.7,60,0,32.1,0.140,624
2024-07-16 13:16:07,48.7,60,0,32.1,0.143,622
2024-07-16 13:16:08,48.7,60,0,32.1,0.144,620
2024-07-16 13:16:09,48.7,60,0,32.1,0.141,620
2024-07-16 13:16:10,48.7,60,0,32.1,0.138,619
2024-07-16 13:16:11,48.7,60,0,32.1,0.140,617
2024-07-16 13:16:12,47.2,60,0,32.1,0.142,617
2024-07-16 13:16:13,47.2,60,0,32.1,0.143,613
2024-07-16 13:16:14,47.2,60,0,32.1,0.141,618
2024-07-16 13:16:15,47.2,60,0,32.1,0.138,611
2024-07-16 13:16:16,47.2,60,0,32.1,0.142,611
2024-07-16 13:16:17,49.8,60,0,32.1,0.141,606
2024-07-16 13:16:18,49.8,60,0,32.1,0.141,606
2024-07-16 13:16:19,49.8,60,0,32.1,0.140,613
2024-07-16 13:16:20,49.8,60,0,32.1,0.139,604
2024-07-16 13:16:21,49.8,60,0,32.1,0.141,598
2024-07-16 13:16:22,49.9,60,0,32.1,0.143,600
2024-07-16 13:16:23,49.9,60,0,32.1,0.136,599
2024-07-16 13:16:24,49.9,60,0,32.1,0.139,597
2024-07-16 13:16:25,49.9,60,0,32.1,0.137,598
2024-07-16 13:16:26,49.9,60,0,32.1,0.140,600
2024-07-16 13:16:27,45.2,60,0,32.1,0.139,593
2024-07-16 13:16:28,45.2,60,0,32.1,0.136,592
2024-07-16 13:16:29,45.2,60,0,32.0,0.138,590
2024-07-16 13:16:30,45.2,60,0,32.0,0.139,588
2024-07-16 13:16:31,45.2,60,0,32.0,0.138,583
2024-07-16 13:16:32,45.2,60,0,32.0,0.140,586
2024-07-16 13:16:33,45.2,60,0,32.0,0.139,585
2024-07-16 13:16:34,45.2,60,0,32.0,0.131,585
2024-07-16 13:16:35,45.2,60,0,32.0,0.138,585
2024-07-16 13:16:36,45.2,60,0,32.0,0.135,583
2024-07-16 13:16:37,49.7,60,0,32.0,0.135,582
2024-07-16 13:16:38,49.7,60,0,32.0,0.133,580
2024-07-16 13:16:39,49.7,60,0,32.0,0.126,577
2024-07-16 13:16:40,49.7,60,0,32.0,0.129,579
2024-07-16 13:16:41,49.7,60,0,32.0,0.137,577
2024-07-16 13:16:42,49.8,60,0,32.0,0.133,576
2024-07-16 13:16:43,49.8,60,0,32.0,0.127,575
2024-07-16 13:16:44,49.8,60,0,32.0,0.134,570
2024-07-16 13:16:45,49.8,60,0,32.0,0.135,568
2024-07-16 13:16:46,49.8,60,0,32.0,0.138,571
2024-07-16 13:16:47,49.8,60,0,32.0,0.139,567
2024-07-16 13:16:48,49.8,60,0,32.0,0.135,569
2024-07-16 13:16:49,49.8,60,0,32.0,0.134,571
2024-07-16 13:16:50,49.8,60,0,32.0,0.141,566
2024-07-16 13:16:51,49.8,60,0,32.0,0.140,570
2024-07-16 13:16:52,49.7,60,0,32.0,0.143,567
2024-07-16 13:16:53,49.7,60,0,32.0,0.142,560
2024-07-16 13:16:54,49.7,60,0,32.0,0.138,564
2024-07-16 13:16:55,49.7,60,0,32.0,0.129,568
2024-07-16 13:16:56,49.7,60,0,32.0,0.137,568
2024-07-16 13:16:57,45.2,60,0,32.0,0.139,558
2024-07-16 13:16:58,45.2,60,0,32.0,0.139,557
2024-07-16 13:16:59,45.2,60,0,32.0,0.134,553
2024-07-16 13:17:00,45.2,60,0,32.0,0.138,553
2024-07-16 13:17:01,45.2,60,0,32.0,0.137,554
2024-07-16 13:17:02,48.3,60,0,32.0,0.137,551
2024-07-16 13:17:03,48.3,60,0,31.9,0.139,550
2024-07-16 13:17:04,48.3,60,0,31.9,0.137,547
2024-07-16 13:17:05,48.3,60,0,31.9,0.136,549
2024-07-16 13:17:06,48.3,60,0,31.9,0.135,544
2024-07-16 13:17:07,49.8,60,0,31.9,0.136,539
2024-07-16 13:17:08,49.8,60,0,31.9,0.134,537
2024-07-16 13:17:09,49.8,60,0,31.9,0.134,534
2024-07-16 13:17:10,49.8,60,0,31.9,0.131,531
2024-07-16 13:17:11,49.8,60,0,31.9,0.133,530
2024-07-16 13:17:12,49.8,60,0,31.9,0.132,529
2024-07-16 13:17:13,49.8,60,0,31.9,0.135,533
2024-07-16 13:17:14,49.8,60,0,31.9,0.139,522
2024-07-16 13:17:15,49.8,60,0,31.9,0.134,522
2024-07-16 13:17:16,49.8,60,0,31.9,0.135,518
2024-07-16 13:17:17,49.7,60,0,31.9,0.130,516
2024-07-16 13:17:18,49.7,60,0,31.9,0.132,512
2024-07-16 13:17:19,49.7,60,0,31.9,0.134,509
2024-07-16 13:17:20,49.7,60,0,31.9,0.128,506
2024-07-16 13:17:21,49.7,60,0,31.9,0.128,504
2024-07-16 13:17:22,49.8,60,0,31.9,0.127,502
2024-07-16 13:17:23,49.8,60,0,31.9,0.133,501
2024-07-16 13:17:24,49.8,60,0,31.9,0.127,495
2024-07-16 13:17:25,49.8,60,0,31.9,0.131,494
2024-07-16 13:17:26,49.8,60,0,31.9,0.131,498
2024-07-16 13:17:27,49.8,60,0,31.9,0.130,492
2024-07-16 13:17:28,49.8,60,0,31.9,0.130,490
2024-07-16 13:17:29,49.8,60,0,31.9,0.129,484
2024-07-16 13:17:30,49.8,60,0,31.9,0.129,486
2024-07-16 13:17:31,49.8,60,0,31.9,0.126,479
2024-07-16 13:17:32,49.8,60,0,31.9,0.131,477
2024-07-16 13:17:33,49.8,60,0,31.9,0.132,481
2024-07-16 13:17:34,49.8,60,0,31.9,0.128,472
2024-07-16 13:17:35,49.8,60,0,31.9,0.128,472
2024-07-16 13:17:36,49.8,60,0,31.9,0.127,469
2024-07-16 13:17:37,44.9,60,0,31.9,0.130,470
2024-07-16 13:17:38,44.9,60,0,31.9,0.133,464
2024-07-16 13:17:39,44.9,60,0,31.9,0.132,460
2024-07-16 13:17:40,44.9,60,0,31.9,0.132,458
2024-07-16 13:17:41,44.9,60,0,31.8,0.129,455
2024-07-16 13:17:42,49.7,60,0,31.8,0.129,455
2024-07-16 13:17:43,49.7,60,0,31.8,0.131,453
2024-07-16 13:17:44,49.7,60,0,31.8,0.128,450
2024-07-16 13:17:45,49.7,60,0,31.8,0.132,454
2024-07-16 13:17:46,49.7,60,0,31.8,0.132,447
2024-07-16 13:17:47,49.7,60,0,31.8,0.130,444
2024-07-16 13:17:48,49.7,60,0,31.8,0.131,441
2024-07-16 13:17:49,49.7,60,0,31.8,0.134,436
2024-07-16 13:17:50,49.7,60,0,31.8,0.130,435
2024-07-16 13:17:51,49.7,60,0,31.8,0.128,432
2024-07-16 13:17:52,,,,,,430
2024-07-16 13:17:53,,,,,,433
2024-07-16 13:17:54,,,,,,423
2024-07-16 13:17:55,,,,,,420
2024-07-16 13:17:56,,,,,,419
2024-07-16 13:17:57,,,,,,420
2024-07-16 13:17:58,,,,,,422
2024-07-16 13:17:59,,,,,,411
2024-07-16 13:18:00,,,,,,406
2024-07-16 13:18:01,,,,,,406
2024-07-16 13:18:02,,,,,,402
2024-07-16 13:18:03,,,,,,398
2024-07-16 13:18:04,,,,,,395
2024-07-16 13:18:05,,,,,,392
2024-07-16 13:18:06,,,,,,387
2024-07-16 13:18:07,,,,,,390
2024-07-16 13:18:08,,,,,,385
2024-07-16 13:18:09,,,,,,381
2024-07-16 13:18:10,,,,,,380
2024-07-16 13:18:11,,,,,,371
2024-07-16 13:18:12,,,,,,374
2024-07-16 13:18:13,,,,,,371
2024-07-16 13:18:14,,,,,,370
2024-07-16 13:18:15,,,,,,361
2024-07-16 13:18:16,,,,,,360
2024-07-16 13:18:17,,,,,,362
2024-07-16 13:18:18,,,,,,355
2024-07-16 13:18:19,,,,,,353
2024-07-16 13:18:20,,,,,,349
2024-07-16 13:18:21,,,,,,349
2024-07-16 13:18:22,,,,,,344
2024-07-16 13:18:23,,,,,,341
2024-07-16 13:18:24,,,,,,340
2024-07-16 13:18:25,,,,,,338
2024-07-16 13:18:26,,,,,,340
2024-07-16 13:18:27,,,,,,333
2024-07-16 13:18:28,,,,,,326
2024-07-16 13:18:29,,,,,,331
2024-07-16 13:18:30,,,,,,331
2024-07-16 13:18:31,,,,,,331
2024-07-16 13:18:32,,,,,,326
2024-07-16 13:18:33,,,,,,317
2024-07-16 13:18:34,,,,,,319
2024-07-16 13:18:35,,,,,,318
2024-07-16 13:18:36,,,,,,317
2024-07-16 13:18:37,,,,,,314
2024-07-16 13:18:38,,,,,,319
2024-07-16 13:18:39,,,,,,315
2024-07-16 13:18:40,,,,,,310
2024-07-16 13:18:41,,,,,,309
2024-07-16 13:18:42,,,,,,306
2024-07-16 13:18:43,,,,,,305
2024-07-16 13:18:44,,,,,,300
2024-07-16 13:18:45,,,,,,304
2024-07-16 13:18:46,,,,,,305
2024-07-16 13:18:47,,,,,,304
2024-07-16 13:18:48,,,,,,299
2024-07-16 13:18:49,,,,,,298
2024-07-16 13:18:50,,,,,,296
2024-07-16 13:18:51,,,,,,294
2024-07-16 13:18:52,,,,,,292
2024-07-16 13:18:53,,,,,,293
2024-07-16 13:18:54,,,,,,292
2024-07-16 13:18:55,,,,,,291
2024-07-16 13:18:56,,,,,,297
2024-07-16 13:18:57,,,,,,290
2024-07-16 13:18:58,,,,,,295
2024-07-16 13:18:59,,,,,,285
2024-07-16 13:19:00,,,,,,288
2024-07-16 13:19:01,,,,,,290
2024-07-16 13:19:02,,,,,,285
2024-07-16 13:19:03,,,,,,287
2024-07-16 13:19:04,,,,,,287
2024-07-16 13:19:05,,,,,,289
2024-07-16 13:19:06,,,,,,294
2024-07-16 13:19:07,,,,,,285
2024-07-16 13:19:08,,,,,,287
2024-07-16 13:19:09,,,,,,285
2024-07-16 13:19:10,,,,,,287
2024-07-16 13:19:11,,,,,,284
2024-07-16 13:19:12,,,,,,286
2024-07-16 13:19:13,,,,,,285
2024-07-16 13:19:14,,,,,,286
2024-07-16 13:19:15,,,,,,285
2024-07-16 13:19:16,,,,,,286
2024-07-16 13:19:17,,,,,,291
2024-07-16 13:19:18,,,,,,285
2024-07-16 13:19:19,,,,,,285
2024-07-16 13:19:20,,,,,,288
2024-07-16 13:19:21,,,,,,289
2024-07-16 13:19:22,,,,,,287
2024-07-16 13:19:23,,,,,,288
2024-07-16 13:19:24,,,,,,290
2024-07-16 13:19:25,,,,,,292
2024-07-16 13:19:26,,,,,,291
2024-07-16 13:19:27,,,,,,288
2024-07-16 13:19:28,,,,,,293
2024-07-16 13:19:29,,,,,,296
2024-07-16 13:19:30,,,,,,295
2024-07-16 13:19:31,,,,,,293
2024-07-16 13:19:32,,,,,,292
2024-07-16 13:19:33,,,,,,295
2024-07-16 13:19:34,,,,,,293
2024-07-16 13:19:35,,,,,,303
2024-07-16 13:19:36,,,,,,297
2024-07-16 13:19:37,,,,,,302
2024-07-16 13:19:38,,,,,,301
2024-07-16 13:19:39,,,,,,300
2024-07-16 13:19:40,,,,,,307
2024-07-16 13:19:41,,,,,,303
2024-07-16 13:19:42,,,,,,305
2024-07-16 13:19:43,,,,,,308
2024-07-16 13:19:44,,,,,,308
2024-07-16 13:19:45,,,,,,301
2024-07-16 13:19:46,,,,,,308
2024-07-16 13:19:47,,,,,,309
2024-07-16 13:19:48,,,,,,310
2024-07-16 13:19:49,,,,,,319
2024-07-16 13:19:50,,,,,,319
2024-07-16 13:19:51,,,,,,314
2024-07-16 13:19:52,,,,,,316
2024-07-16 13:19:53,,,,,,317
2024-07-16 13:19:54,,,,,,316
2024-07-16 13:19:55,,,,,,321
2024-07-16 13:19:56,,,,,,317
2024-07-16 13:19:57,,,,,,320
2024-07-16 13:19:58,,,,,,320
2024-07-16 13:19:59,,,,,,323
2024-07-16 13:20:00,,,,,,322
2024-07-16 13:20:01,,,,,,326
2024-07-16 13:20:02,,,,,,330
2024-07-16 13:20:03,,,,,,335
2024-07-16 13:20:04,,,,,,335
2024-07-16 13:20:05,,,,,,335
2024-07-16 13:20:06,,,,,,332
2024-07-16 13:20:07,,,,,,332
2024-07-16 13:20:08,,,,,,334
2024-07-16 13:20:09,,,,,,336
2024-07-16 13:20:10,,,,,,338
2024-07-16 13:20:11,,,,,,339
2024-07-16 13:20:12,,,,,,338
2024-07-16 13:20:13,,,,,,342
2024-07-16 13:20:14,,,,,,341
2024-07-16 13:20:15,,,,,,348
2024-07-16 13:20:16,,,,,,349
2024-07-16 13:20:17,,,,,,347
2024-07-16 13:20:18,,,,,,351
2024-07-16 13:20:19,,,,,,351
2024-07-16 13:20:20,,,,,,351
2024-07-16 13:20:21,,,,,,353
2024-07-16 13:20:22,,,,,,360
2024-07-16 13:20:23,,,,,,355
2024-07-16 13:20:24,,,,,,359
2024-07-16 13:20:25,,,,,,363
2024-07-16 13:20:26,,,,,,361
2024-07-16 13:20:27,,,,,,363
2024-07-16 13:20:28,,,,,,366
2024-07-16 13:20:29,,,,,,365
2024-07-16 13:20:30,,,,,,371
2024-07-16 13:20:31,,,,,,370
2024-07-16 13:20:32,,,,,,370
2024-07-16 13:20:33,,,,,,374
2024-07-16 13:20:34,,,,,,374
2024-07-16 13:20:35,,,,,,378
2024-07-16 13:20:36,,,,,,378
2024-07-16 13:20:37,,,,,,380
2024-07-16 13:20:38,,,,,,383
2024-07-16 13:20:39,,,,,,382
2024-07-16 13:20:40,,,,,,385
2024-07-16 13:20:41,,,,,,386
2024-07-16 13:20:42,,,,,,392
2024-07-16 13:20:43,,,,,,386
2024-07-16 13:20:44,,,,,,395
2024-07-16 13:20:45,,,,,,394
2024-07-16 13:20:46,,,,,,395
2024-07-16 13:20:47,,,,,,395
2024-07-16 13:20:48,,,,,,397
2024-07-16 13:20:49,,,,,,399
2024-07-16 13:20:50,,,,,,399
2024-07-16 13:20:51,,,,,,401
2024-07-16 13:20:52,,,,,,404
2024-07-16 13:20:53,,,,,,403
2024-07-16 13:20:54,,,,,,409
2024-07-16 13:20:55,,,,,,409
2024-07-16 13:20:56,,,,,,412
2024-07-16 13:20:57,,,,,,423
2024-07-16 13:20:58,,,,,,421
2024-07-16 13:20:59,,,,,,424
2024-07-16 13:21:00,,,,,,420
2024-07-16 13:21:01,,,,,,421
2024-07-16 13:21:02,,,,,,423
2024-07-16 13:21:03,,,,,,423
2024-07-16 13:21:04,,,,,,427
2024-07-16 13:21:05,,,,,,428
2024-07-16 13:21:06,,,,,,430
2024-07-16 13:21:07,,,,,,434
2024-07-16 13:21:08,,,,,,436
2024-07-16 13:21:09,,,,,,435
2024-07-16 13:21:10,,,,,,439
2024-07-16 13:21:11,,,,,,441
2024-07-16 13:21:12,,,,,,443
2024-07-16 13:21:13,,,,,,440
2024-07-16 13:21:14,,,,,,444
2024-07-16 13:21:15,,,,,,447
2024-07-16 13:21:16,,,,,,449
2024-07-16 13:21:17,,,,,,453
2024-07-16 13:21:18,,,,,,452
2024-07-16 13:21:19,,,,,,453
2024-07-16 13:21:20,,,,,,458
2024-07-16 13:21:21,,,,,,457
2024-07-16 13:21:22,,,,,,458
2024-07-16 13:21:23,,,,,,459
2024-07-16 13:21:24,,,,,,460
2024-07-16 13:21:25,,,,,,464
2024-07-16 13:21:26,,,,,,462
2024-07-16 13:21:27,,,,,,465
2024-07-16 13:21:28,,,,,,469
2024-07-16 13:21:29,,,,,,471
2024-07-16 13:21:30,,,,,,470
2024-07-16 13:21:31,,,,,,472
2024-07-16 13:21:32,,,,,,478
2024-07-16 13:21:33,,,,,,480
2024-07-16 13:21:34,,,,,,480
2024-07-16 13:21:35,,,,,,477
2024-07-16 13:21:36,,,,,,479
2024-07-16 13:21:37,,,,,,481
2024-07-16 13:21:38,,,,,,481
2024-07-16 13:21:39,,,,,,482
2024-07-16 13:21:40,,,,,,487
2024-07-16 13:21:41,,,,,,487
2024-07-16 13:21:42,,,,,,488
2024-07-16 13:21:43,,,,,,492
2024-07-16 13:21:44,,,,,,494
2024-07-16 13:21:45,,,,,,492
2024-07-16 13:21:46,,,,,,506
2024-07-16 13:21:47,,,,,,497
2024-07-16 13:21:48,,,,,,503
2024-07-16 13:21:49,,,,,,509
2024-07-16 13:21:50,,,,,,509
2024-07-16 13:21:51,,,,,,510
2024-07-16 13:21:52,,,,,,511
2024-07-16 13:21:53,,,,,,511
2024-07-16 13:21:54,,,,,,516
2024-07-16 13:21:55,,,,,,516
2024-07-16 13:21:56,,,,,,519
2024-07-16 13:21:57,,,,,,522
2024-07-16 13:21:58,,,,,,525
2024-07-16 13:21:59,,,,,,530
2024-07-16 13:22:00,,,,,,531
2024-07-16 13:22:01,,,,,,538
2024-07-16 13:22:02,,,,,,534
2024-07-16 13:22:03,,,,,,538
2024-07-16 13:22:04,,,,,,536
2024-07-16 13:22:05,,,,,,542
2024-07-16 13:22:06,,,,,,545
2024-07-16 13:22:07,,,,,,548
2024-07-16 13:22:08,,,,,,550
2024-07-16 13:22:09,,,,,,553
2024-07-16 13:22:10,,,,,,555
2024-07-16 13:22:11,,,,,,559
2024-07-16 13:22:12,,,,,,557
2024-07-16 13:22:13,,,,,,564
2024-07-16 13:22:14,,,,,,561
2024-07-16 13:22:15,,,,,,559
2024-07-16 13:22:16,,,,,,565
2024-07-16 13:22:17,,,,,,567
2024-07-16 13:22:18,,,,,,574
2024-07-16 13:22:19,,,,,,574
2024-07-16 13:22:20,,,,,,577
2024-07-16 13:22:21,,,,,,576
2024-07-16 13:22:22,,,,,,581
2024-07-16 13:22:23,,,,,,584
2024-07-16 13:22:24,,,,,,587
2024-07-16 13:22:25,,,,,,590
2024-07-16 13:22:26,,,,,,594
2024-07-16 13:22:27,,,,,,596
2024-07-16 13:22:28,,,,,,595
2024-07-16 13:22:29,,,,,,598
2024-07-16 13:22:30,,,,,,602
2024-07-16 13:22:31,,,,,,602
2024-07-16 13:22:32,,,,,,604
2024-07-16 13:22:33,,,,,,608
2024-07-16 13:22:34,,,,,,611
2024-07-16 13:22:35,,,,,,612
2024-07-16 13:22:36,,,,,,615
2024-07-16 13:22:37,,,,,,618
2024-07-16 13:22:38,,,,,,620
2024-07-16 13:22:39,,,,,,620
2024-07-16 13:22:40,,,,,,624
2024-07-16 13:22:41,,,,,,625
2024-07-16 13:22:42,,,,,,630
2024-07-16 13:22:43,,,,,,628
2024-07-16 13:22:44,,,,,,632
2024-07-16 13:22:45,,,,,,634
2024-07-16 13:22:46,,,,,,637
2024-07-16 13:22:47,,,,,,629
2024-07-16 13:22:48,,,,,,634
2024-07-16 13:22:49,,,,,,640
2024-07-16 13:22:50,,,,,,641
2024-07-16 13:22:51,,,,,,645
2024-07-16 13:22:52,,,,,,646
2024-07-16 13:22:53,,,,,,648
2024-07-16 13:22:54,,,,,,646
2024-07-16 13:22:55,,,,,,655
2024-07-16 13:22:56,,,,,,653
2024-07-16 13:22:57,,,,,,653
2024-07-16 13:22:58,,,,,,657
2024-07-16 13:22:59,,,,,,641
2024-07-16 13:23:00,,,,,,659
2024-07-16 13:23:01,,,,,,660
2024-07-16 13:23:02,,,,,,665
2024-07-16 13:23:03,,,,,,663
2024-07-16 13:23:04,,,,,,665
2024-07-16 13:23:05,,,,,,666
2024-07-16 13:23:06,,,,,,667
2024-07-16 13:23:07,,,,,,667
2024-07-16 13:23:08,,,,,,619
2024-07-16 13:23:09,,,,,,629
2024-07-16 13:23:10,,,,,,636
2024-07-16 13:23:11,,,,,,638
2024-07-16 13:23:12,,,,,,640
2024-07-16 13:23:13,,,,,,638
2024-07-16 13:23:14,,,,,,642
2024-07-16 13:23:15,,,,,,644
2024-07-16 13:23:16,,,,,,645
2024-07-16 13:23:17,,,,,,646
2024-07-16 13:23:18,,,,,,644
2024-07-16 13:23:19,,,,,,646
2024-07-16 13:23:20,,,,,,646
2024-07-16 13:23:21,,,,,,649
2024-07-16 13:23:22,,,,,,652
2024-07-16 13:23:23,,,,,,655
2024-07-16 13:23:24,,,,,,656
2024-07-16 13:23:25,,,,,,654
2024-07-16 13:23:26,,,,,,655
2024-07-16 13:23:27,,,,,,654
2024-07-16 13:23:28,,,,,,653
2024-07-16 13:23:29,,,,,,655
2024-07-16 13:23:30,,,,,,657
2024-07-16 13:23:31,,,,,,656
2024-07-16 13:23:32,,,,,,655
2024-07-16 13:23:33,,,,,,653
2024-07-16 13:23:34,,,,,,654
2024-07-16 13:23:35,,,,,,653
2024-07-16 13:23:36,,,,,,654
2024-07-16 13:23:37,,,,,,654
2024-07-16 13:23:38,,,,,,651
2024-07-16 13:23:39,,,,,,652
2024-07-16 13:23:40,,,,,,651
2024-07-16 13:23:41,,,,,,652
2024-07-16 13:23:42,,,,,,656
2024-07-16 13:23:43,,,,,,649
2024-07-16 13:23:44,,,,,,647
2024-07-16 13:23:45,,,,,,644
2024-07-16 13:23:46,,,,,,643
2024-07-16 13:23:47,,,,,,644
2024-07-16 13:23:48,,,,,,643
2024-07-16 13:23:49,,,,,,641
2024-07-16 13:23:50,,,,,,638
2024-07-16 13:23:51,,,,,,640
2024-07-16 13:23:52,,,,,,637
2024-07-16 13:23:53,,,,,,637
2024-07-16 13:23:54,,,,,,630
2024-07-16 13:23:55,,,,,,631
2024-07-16 13:23:56,,,,,,631
2024-07-16 13:23:57,,,,,,630
2024-07-16 13:23:58,,,,,,630
2024-07-16 13:23:59,,,,,,621
2024-07-16 13:24:00,,,,,,623
2024-07-16 13:24:01,,,,,,619
2024-07-16 13:24:02,,,,,,616
2024-07-16 13:24:03,,,,,,612
2024-07-16 13:24:04,,,,,,607
2024-07-16 13:24:05,,,,,,603
2024-07-16 13:24:06,,,,,,603
2024-07-16 13:24:07,,,,,,600
2024-07-16 13:24:08,,,,,,595
2024-07-16 13:24:09,,,,,,593
2024-07-16 13:24:10,,,,,,589
2024-07-16 13:24:11,,,,,,586
2024-07-16 13:24:12,,,,,,581
2024-07-16 13:24:13,,,,,,579
2024-07-16 13:24:14,,,,,,577
2024-07-16 13:24:15,,,,,,571
2024-07-16 13:24:16,,,,,,568
2024-07-16 13:24:17,,,,,,566
2024-07-16 13:24:18,,,,,,564
2024-07-16 13:24:19,,,,,,561
2024-07-16 13:24:20,,,,,,556
2024-07-16 13:24:21,,,,,,562
2024-07-16 13:24:22,,,,,,556
2024-07-16 13:24:23,,,,,,555
2024-07-16 13:24:24,,,,,,552
2024-07-16 13:24:25,,,,,,551
2024-07-16 13:24:26,,,,,,550
2024-07-16 13:24:27,,,,,,546
2024-07-16 13:24:28,,,,,,547
2024-07-16 13:24:29,,,,,,548
2024-07-16 13:24:30,,,,,,544
2024-07-16 13:24:31,,,,,,543
2024-07-16 13:24:32,,,,,,543
2024-07-16 13:24:33,,,,,,540
2024-07-16 13:24:34,,,,,,543
2024-07-16 13:24:35,,,,,,542
2024-07-16 13:24:36,,,,,,546
2024-07-16 13:24:37,,,,,,542
2024-07-16 13:24:38,,,,,,542
2024-07-16 13:24:39,,,,,,544
2024-07-16 13:24:40,,,,,,545
2024-07-16 13:24:41,,,,,,548
2024-07-16 13:24:42,,,,,,552
2024-07-16 13:24:43,,,,,,551
2024-07-16 13:24:44,,,,,,553
2024-07-16 13:24:45,,,,,,560
2024-07-16 13:24:46,,,,,,559
2024-07-16 13:24:47,,,,,,562
2024-07-16 13:24:48,,,,,,566
2024-07-16 13:24:49,,,,,,567
2024-07-16 13:24:50,,,,,,570
2024-07-16 13:24:51,,,,,,576
2024-07-16 13:24:52,,,,,,585
2024-07-16 13:24:53,,,,,,583
2024-07-16 13:24:54,,,,,,591
2024-07-16 13:24:55,,,,,,592
2024-07-16 13:24:56,,,,,,598
2024-07-16 13:24:57,,,,,,598
2024-07-16 13:24:58,,,,,,608
2024-07-16 13:24:59,,,,,,615
2024-07-16 13:25:00,,,,,,616
2024-07-16 13:25:01,,,,,,620
2024-07-16 13:25:02,,,,,,629
2024-07-16 13:25:03,,,,,,634
2024-07-16 13:25:04,,,,,,642
2024-07-16 13:25:05,,,,,,647
2024-07-16 13:25:06,,,,,,656
2024-07-16 13:25:07,,,,,,659
2024-07-16 13:25:08,,,,,,662
2024-07-16 13:25:09,,,,,,672
2024-07-16 13:25:10,,,,,,673
2024-07-16 13:25:11,,,,,,690
2024-07-16 13:25:12,,,,,,686
2024-07-16 13:25:13,,,,,,696
2024-07-16 13:25:14,,,,,,699
2024-07-16 13:25:15,,,,,,704
2024-07-16 13:25:16,,,,,,715
2024-07-16 13:25:17,,,,,,717
2024-07-16 13:25:18,,,,,,725
2024-07-16 13:25:19,,,,,,729
2024-07-16 13:25:20,,,,,,735
2024-07-16 13:25:21,,,,,,740
2024-07-16 13:25:22,,,,,,747
2024-07-16 13:25:23,,,,,,756
2024-07-16 13:25:24,,,,,,757
2024-07-16 13:25:25,,,,,,757
2024-07-16 13:25:26,,,,,,763
2024-07-16 13:25:27,,,,,,766
2024-07-16 13:25:28,,,,,,773
2024-07-16 13:25:29,,,,,,771
2024-07-16 13:25:30,,,,,,781
2024-07-16 13:25:31,,,,,,783
2024-07-16 13:25:32,,,,,,783
2024-07-16 13:25:33,,,,,,788
2024-07-16 13:25:34,,,,,,789
2024-07-16 13:25:35,,,,,,799
2024-07-16 13:25:36,,,,,,796
2024-07-16 13:25:37,,,,,,794
2024-07-16 13:25:38,,,,,,794
2024-07-16 13:25:39,,,,,,797
2024-07-16 13:25:40,,,,,,802
2024-07-16 13:25:41,,,,,,798
2024-07-16 13:25:42,,,,,,800
2024-07-16 13:25:43,,,,,,799
2024-07-16 13:25:44,,,,,,798
2024-07-16 13:25:45,,,,,,800
2024-07-16 13:25:46,,,,,,796
2024-07-16 13:25:47,,,,,,795
2024-07-16 13:25:48,,,,,,792
2024-07-16 13:25:49,,,,,,790
2024-07-16 13:25:50,,,,,,789
2024-07-16 13:25:51,,,,,,789
2024-07-16 13:25:52,,,,,,787
2024-07-16 13:25:53,,,,,,794
2024-07-16 13:25:54,,,,,,788
2024-07-16 13:25:55,,,,,,781
2024-07-16 13:25:56,,,,,,778
2024-07-16 13:25:57,,,,,,781
2024-07-16 13:25:58,,,,,,768
2024-07-16 13:25:59,,,,,,766
2024-07-16 13:26:00,,,,,,764
2024-07-16 13:26:01,,,,,,764
2024-07-16 13:26:02,,,,,,757
2024-07-16 13:26:03,,,,,,756
2024-07-16 13:26:04,,,,,,749
2024-07-16 13:26:05,,,,,,761
2024-07-16 13:26:06,,,,,,755
2024-07-16 13:26:07,,,,,,747
2024-07-16 13:26:08,,,,,,736
2024-07-16 13:26:09,,,,,,735
2024-07-16 13:26:10,,,,,,740
2024-07-16 13:26:11,,,,,,733
2024-07-16 13:26:12,,,,,,726
2024-07-16 13:26:13,,,,,,727
2024-07-16 13:26:14,,,,,,727
2024-07-16 13:26:15,,,,,,727
2024-07-16 13:26:16,,,,,,723
2024-07-16 13:26:17,,,,,,720
2024-07-16 13:26:18,,,,,,720
2024-07-16 13:26:19,,,,,,722
2024-07-16 13:26:20,,,,,,713
2024-07-16 13:26:21,,,,,,709
2024-07-16 13:26:22,,,,,,708
2024-07-16 13:26:23,,,,,,706
2024-07-16 13:26:24,,,,,,701
2024-07-16 13:26:25,,,,,,704
2024-07-16 13:26:26,,,,,,704
2024-07-16 13:26:27,,,,,,702
2024-07-16 13:26:28,,,,,,703
2024-07-16 13:26:29,,,,,,692
2024-07-16 13:26:30,,,,,,695
2024-07-16 13:26:31,,,,,,697
2024-07-16 13:26:32,,,,,,692
2024-07-16 13:26:33,,,,,,695
2024-07-16 13:26:34,,,,,,693
2024-07-16 13:26:35,,,,,,690
2024-07-16 13:26:36,,,,,,693
2024-07-16 13:26:37,,,,,,694
2024-07-16 13:26:38,,,,,,694
2024-07-16 13:26:39,,,,,,692
2024-07-16 13:26:40,,,,,,694
2024-07-16 13:26:41,,,,,,699
2024-07-16 13:26:42,,,,,,700
2024-07-16 13:26:43,,,,,,698
2024-07-16 13:26:44,,,,,,695
2024-07-16 13:26:45,,,,,,705
2024-07-16 13:26:46,,,,,,705
2024-07-16 13:26:47,,,,,,707
2024-07-16 13:26:48,,,,,,709
2024-07-16 13:26:49,,,,,,712
2024-07-16 13:26:50,,,,,,711
2024-07-16 13:26:51,,,,,,718
2024-07-16 13:26:52,,,,,,724
2024-07-16 13:26:53,,,,,,721
2024-07-16 13:26:54,,,,,,720
2024-07-16 13:26:55,,,,,,725
2024-07-16 13:26:56,,,,,,728
2024-07-16 13:26:57,,,,,,734
2024-07-16 13:26:58,,,,,,735
2024-07-16 13:26:59,,,,,,742
2024-07-16 13:27:00,,,,,,744
2024-07-16 13:27:01,,,,,,744
2024-07-16 13:27:02,,,,,,748
2024-07-16 13:27:03,,,,,,752
2024-07-16 13:27:04,,,,,,755
2024-07-16 13:27:05,,,,,,756
2024-07-16 13:27:06,,,,,,771
2024-07-16 13:27:07,,,,,,766
2024-07-16 13:27:08,,,,,,768
2024-07-16 13:27:09,,,,,,774
2024-07-16 13:27:10,,,,,,782
2024-07-16 13:27:11,,,,,,786
2024-07-16 13:27:12,,,,,,788
2024-07-16 13:27:13,,,,,,795
2024-07-16 13:27:14,,,,,,799
2024-07-16 13:27:15,,,,,,806
2024-07-16 13:27:16,,,,,,809
2024-07-16 13:27:17,,,,,,817
2024-07-16 13:27:18,,,,,,823
2024-07-16 13:27:19,,,,,,828
2024-07-16 13:27:20,,,,,,838
2024-07-16 13:27:21,,,,,,845
2024-07-16 13:27:22,,,,,,848
2024-07-16 13:27:23,,,,,,851
2024-07-16 13:27:24,,,,,,861
2024-07-16 13:27:25,,,,,,868
2024-07-16 13:27:26,,,,,,874
2024-07-16 13:27:27,,,,,,873
2024-07-16 13:27:28,,,,,,891
2024-07-16 13:27:29,,,,,,895
2024-07-16 13:27:30,,,,,,907
2024-07-16 13:27:31,,,,,,910
2024-07-16 13:27:32,,,,,,918
2024-07-16 13:27:33,,,,,,921
2024-07-16 13:27:34,,,,,,932
2024-07-16 13:27:35,,,,,,933
2024-07-16 13:27:36,,,,,,945
2024-07-16 13:27:37,,,,,,952
2024-07-16 13:27:38,,,,,,959
2024-07-16 13:27:39,,,,,,881
2024-07-16 13:27:40,,,,,,970
2024-07-16 13:27:41,,,,,,977
2024-07-16 13:27:42,,,,,,982
2024-07-16 13:27:43,,,,,,990
2024-07-16 13:27:44,,,,,,995
2024-07-16 13:27:45,,,,,,1006
2024-07-16 13:27:46,,,,,,1013
2024-07-16 13:27:47,,,,,,1013
2024-07-16 13:27:48,,,,,,1013
2024-07-16 13:27:49,,,,,,1023
2024-07-16 13:27:50,,,,,,1015
2024-07-16 13:27:51,,,,,,1024
2024-07-16 13:27:52,,,,,,1031
2024-07-16 13:27:53,,,,,,1035
2024-07-16 13:27:54,,,,,,1027
2024-07-16 13:27:55,,,,,,1037
2024-07-16 13:27:56,,,,,,1034
2024-07-16 13:27:57,,,,,,1040
2024-07-16 13:27:58,,,,,,1041
2024-07-16 13:27:59,,,,,,1052
2024-07-16 13:28:00,,,,,,1045
2024-07-16 13:28:01,,,,,,1047
2024-07-16 13:28:02,,,,,,1044
2024-07-16 13:28:03,,,,,,1047
2024-07-16 13:28:04,,,,,,1046
2024-07-16 13:28:05,,,,,,1049
2024-07-16 13:28:06,,,,,,1050
2024-07-16 13:28:07,,,,,,1048
2024-07-16 13:28:08,,,,,,1050
2024-07-16 13:28:09,,,,,,1050
2024-07-16 13:28:10,,,,,,1055
2024-07-16 13:28:11,,,,,,1044
2024-07-16 13:28:12,,,,,,1038
2024-07-16 13:28:13,,,,,,1040
2024-07-16 13:28:14,,,,,,1040
2024-07-16 13:28:15,,,,,,1042
2024-07-16 13:28:16,,,,,,1041
2024-07-16 13:28:17,,,,,,1035
2024-07-16 13:28:18,,,,,,1036
2024-07-16 13:28:19,,,,,,1039
2024-07-16 13:28:20,,,,,,1037
2024-07-16 13:28:21,,,,,,1036
2024-07-16 13:28:22,,,,,,1031
2024-07-16 13:28:23,,,,,,1026
2024-07-16 13:28:24,,,,,,1027
2024-07-16 13:28:25,,,,,,1019
2024-07-16 13:28:26,,,,,,1020
2024-07-16 13:28:27,,,,,,1018
2024-07-16 13:28:28,,,,,,1015
2024-07-16 13:28:29,,,,,,1016
2024-07-16 13:28:30,,,,,,1019
2024-07-16 13:28:31,,,,,,1011
2024-07-16 13:28:32,,,,,,1011
2024-07-16 13:28:33,,,,,,1016
2024-07-16 13:28:34,,,,,,1010
2024-07-16 13:28:35,,,,,,1010
2024-07-16 13:28:36,,,,,,1014
2024-07-16 13:28:37,,,,,,1003
2024-07-16 13:28:38,,,,,,998
2024-07-16 13:28:39,,,,,,1002
2024-07-16 13:28:40,,,,,,1001
2024-07-16 13:28:41,,,,,,995
2024-07-16 13:28:42,,,,,,992
2024-07-16 13:28:43,,,,,,995
2024-07-16 13:28:44,,,,,,1001
2024-07-16 13:28:45,,,,,,978
2024-07-16 13:28:46,,,,,,984
2024-07-16 13:28:47,,,,,,985
2024-07-16 13:28:48,,,,,,982
2024-07-16 13:28:49,,,,,,987
2024-07-16 13:28:50,,,,,,987
2024-07-16 13:28:51,,,,,,990
2024-07-16 13:28:52,,,,,,991
2024-07-16 13:28:53,,,,,,991
2024-07-16 13:28:54,,,,,,992
2024-07-16 13:28:55,,,,,,991
2024-07-16 13:28:56,,,,,,994
2024-07-16 13:28:57,,,,,,1000
2024-07-16 13:28:58,,,,,,998
2024-07-16 13:28:59,,,,,,1000
2024-07-16 13:29:00,,,,,,1004
2024-07-16 13:29:01,,,,,,1001
2024-07-16 13:29:02,,,,,,1005
2024-07-16 13:29:03,,,,,,1008
2024-07-16 13:29:04,,,,,,1012
2024-07-16 13:29:05,,,,,,1011
2024-07-16 13:29:06,,,,,,1017
2024-07-16 13:29:07,,,,,,1014
2024-07-16 13:29:08,,,,,,1016
2024-07-16 13:29:09,,,,,,1014
2024-07-16 13:29:10,,,,,,1027
2024-07-16 13:29:11,,,,,,1021
2024-07-16 13:29:12,,,,,,1020
2024-07-16 13:29:13,,,,,,1025
2024-07-16 13:29:14,,,,,,1027
2024-07-16 13:29:15,,,,,,1024
2024-07-16 13:29:16,,,,,,1026
2024-07-16 13:29:17,,,,,,1026
2024-07-16 13:29:18,,,,,,1026
2024-07-16 13:29:19,,,,,,1023
2024-07-16 13:29:20,,,,,,1030
2024-07-16 13:29:21,,,,,,1030
2024-07-16 13:29:22,,,,,,1026
2024-07-16 13:29:23,,,,,,1028
2024-07-16 13:29:24,,,,,,1030
2024-07-16 13:29:25,,,,,,1031
2024-07-16 13:29:26,,,,,,1030
2024-07-16 13:29:27,,,,,,1031
2024-07-16 13:29:28,,,,,,1027
2024-07-16 13:29:29,,,,,,1029
2024-07-16 13:29:30,,,,,,1030
2024-07-16 13:29:31,,,,,,1030
2024-07-16 13:29:32,,,,,,1035
2024-07-16 13:29:33,,,,,,1019
2024-07-16 13:29:34,,,,,,1026
2024-07-16 13:29:35,,,,,,1036
2024-07-16 13:29:36,,,,,,1026
2024-07-16 13:29:37,,,,,,1025
2024-07-16 13:29:38,,,,,,1027
2024-07-16 13:29:39,,,,,,1026
2024-07-16 13:29:40,,,,,,1020
2024-07-16 13:29:41,,,,,,1024
2024-07-16 13:29:42,,,,,,1022
2024-07-16 13:29:43,,,,,,1023
2024-07-16 13:29:44,,,,,,1017
2024-07-16 13:29:45,,,,,,1018
2024-07-16 13:29:46,,,,,,1024
2024-07-16 13:29:47,,,,,,1019
2024-07-16 13:29:48,,,,,,1018
2024-07-16 13:29:49,,,,,,1024
2024-07-16 13:29:50,,,,,,1015
2024-07-16 13:29:51,,,,,,1011
2024-07-16 13:29:52,,,,,,1009
2024-07-16 13:29:53,,,,,,1010
2024-07-16 13:29:54,,,,,,1014
2024-07-16 13:29:55,,,,,,1013
2024-07-16 13:29:56,,,,,,1009
2024-07-16 13:29:57,,,,,,1009
2024-07-16 13:29:58,,,,,,1009
2024-07-16 13:29:59,,,,,,1001
2024-07-16 13:30:00,,,,,,999
2024-07-16 13:30:01,,,,,,1016
2024-07-16 13:30:02,,,,,,1002
2024-07-16 13:30:03,,,,,,1000
2024-07-16 13:30:04,,,,,,1001
2024-07-16 13:30:05,,,,,,1000
2024-07-16 13:30:06,,,,,,1001
2024-07-16 13:30:07,,,,,,1001
2024-07-16 13:30:08,,,,,,994
2024-07-16 13:30:09,,,,,,1001
2024-07-16 13:30:10,,,,,,999
2024-07-16 13:30:11,,,,,,1000
2024-07-16 13:30:12,,,,,,998
2024-07-16 13:30:13,,,,,,993
2024-07-16 13:30:14,,,,,,993
2024-07-16 13:30:15,,,,,,993
2024-07-16 13:30:16,,,,,,992
2024-07-16 13:30:17,,,,,,986
2024-07-16 13:30:18,,,,,,992
2024-07-16 13:30:19,,,,,,991
2024-07-16 13:30:20,,,,,,987
2024-07-16 13:30:21,,,,,,989
2024-07-16 13:30:22,,,,,,986
2024-07-16 13:30:23,,,,,,986
2024-07-16 13:30:24,,,,,,982
2024-07-16 13:30:25,,,,,,985
2024-07-16 13:30:26,,,,,,982
2024-07-16 13:30:27,,,,,,982
2024-07-16 13:30:28,,,,,,981
2024-07-16 13:30:29,,,,,,977
2024-07-16 13:30:30,,,,,,981
2024-07-16 13:30:31,,,,,,977
2024-07-16 13:30:32,,,,,,976
2024-07-16 13:30:33,,,,,,979
2024-07-16 13:30:34,,,,,,979
2024-07-16 13:30:35,,,,,,973
2024-07-16 13:30:36,,,,,,975
2024-07-16 13:30:37,,,,,,978
2024-07-16 13:30:38,,,,,,976
2024-07-16 13:30:39,,,,,,984
2024-07-16 13:30:40,,,,,,976
2024-07-16 13:30:41,,,,,,975
2024-07-16 13:30:42,,,,,,969
2024-07-16 13:30:43,,,,,,975
2024-07-16 13:30:44,,,,,,972
2024-07-16 13:30:45,,,,,,982
2024-07-16 13:30:46,,,,,,974
2024-07-16 13:30:47,,,,,,968
2024-07-16 13:30:48,,,,,,968
2024-07-16 13:30:49,,,,,,966
2024-07-16 13:30:50,,,,,,969
2024-07-16 13:30:51,,,,,,969
2024-07-16 13:30:52,,,,,,968
2024-07-16 13:30:53,,,,,,215
2024-07-16 13:30:54,,,,,,719
2024-07-16 13:30:55,,,,,,719
2024-07-16 13:30:56,,,,,,906
2024-07-16 13:30:57,,,,,,912
2024-07-16 13:30:58,,,,,,911
2024-07-16 13:30:59,,,,,,919
2024-07-16 13:31:00,,,,,,920
2024-07-16 13:31:01,,,,,,917
2024-07-16 13:31:02,,,,,,920
2024-07-16 13:31:03,,,,,,907
2024-07-16 13:31:04,,,,,,911
2024-07-16 13:31:05,,,,,,914
2024-07-16 13:31:06,,,,,,916
2024-07-16 13:31:07,,,,,,915
2024-07-16 13:31:08,,,,,,924
2024-07-16 13:31:09,,,,,,917
2024-07-16 13:31:10,,,,,,934
2024-07-16 13:31:11,,,,,,928
2024-07-16 13:31:12,,,,,,922
2024-07-16 13:31:13,,,,,,929
2024-07-16 13:31:14,,,,,,934
2024-07-16 13:31:15,,,,,,921
2024-07-16 13:31:16,,,,,,923
2024-07-16 13:31:17,,,,,,925
2024-07-16 13:31:18,,,,,,926
2024-07-16 13:31:19,,,,,,917
2024-07-16 13:31:20,,,,,,927
2024-07-16 13:31:21,,,,,,919
2024-07-16 13:31:22,,,,,,925
2024-07-16 13:31:23,,,,,,924
2024-07-16 13:31:24,,,,,,931
2024-07-16 13:31:25,,,,,,924
2024-07-16 13:31:26,,,,,,938
2024-07-16 13:31:27,,,,,,923
2024-07-16 13:31:28,,,,,,928
2024-07-16 13:31:29,,,,,,932
2024-07-16 13:31:30,,,,,,931
2024-07-16 13:31:31,,,,,,928
2024-07-16 13:31:32,,,,,,936
2024-07-16 13:31:33,,,,,,931
2024-07-16 13:31:34,,,,,,938
2024-07-16 13:31:35,,,,,,931
2024-07-16 13:31:36,,,,,,947
2024-07-16 13:31:37,,,,,,935
2024-07-16 13:31:38,,,,,,937
2024-07-16 13:31:39,,,,,,933
2024-07-16 13:31:40,,,,,,942
2024-07-16 13:31:41,,,,,,944
2024-07-16 13:31:42,,,,,,940
2024-07-16 13:31:43,,,,,,940
2024-07-16 13:31:44,,,,,,937
2024-07-16 13:31:45,,,,,,940
2024-07-16 13:31:46,,,,,,936
2024-07-16 13:31:47,,,,,,933
2024-07-16 13:31:48,,,,,,931
2024-07-16 13:31:49,,,,,,933
2024-07-16 13:31:50,,,,,,932
2024-07-16 13:31:51,,,,,,932
2024-07-16 13:31:52,,,,,,936
2024-07-16 13:31:53,,,,,,929
2024-07-16 13:31:54,,,,,,927
2024-07-16 13:31:55,,,,,,930
2024-07-16 13:31:56,,,,,,926
2024-07-16 13:31:57,,,,,,931
2024-07-16 13:31:58,,,,,,931
2024-07-16 13:31:59,,,,,,937
2024-07-16 13:32:00,,,,,,925
2024-07-16 13:32:01,,,,,,924
2024-07-16 13:32:02,,,,,,922
2024-07-16 13:32:03,,,,,,927
2024-07-16 13:32:04,,,,,,922
2024-07-16 13:32:05,,,,,,929
2024-07-16 13:32:06,,,,,,927
2024-07-16 13:32:07,,,,,,920
2024-07-16 13:32:08,,,,,,923
2024-07-16 13:32:09,,,,,,916
2024-07-16 13:32:10,,,,,,921
2024-07-16 13:32:11,,,,,,923
2024-07-16 13:32:12,,,,,,919
2024-07-16 13:32:13,,,,,,919
2024-07-16 13:32:14,,,,,,914
2024-07-16 13:32:15,,,,,,913
2024-07-16 13:32:16,,,,,,914
2024-07-16 13:32:17,,,,,,914
2024-07-16 13:32:18,,,,,,918
2024-07-16 13:32:19,,,,,,900
2024-07-16 13:32:20,,,,,,911
2024-07-16 13:32:21,,,,,,910
2024-07-16 13:32:22,,,,,,905
2024-07-16 13:32:23,,,,,,909
2024-07-16 13:32:24,,,,,,905
2024-07-16 13:32:25,,,,,,907
2024-07-16 13:32:26,,,,,,910
2024-07-16 13:32:27,,,,,,909
2024-07-16 13:32:28,,,,,,908
2024-07-16 13:32:29,,,,,,899
2024-07-16 13:32:30,,,,,,899
2024-07-16 13:32:31,,,,,,914
2024-07-16 13:32:32,,,,,,909
2024-07-16 13:32:33,,,,,,906
2024-07-16 13:32:34,,,,,,913
2024-07-16 13:32:35,,,,,,905
2024-07-16 13:32:36,,,,,,901
2024-07-16 13:32:37,,,,,,904
2024-07-16 13:32:38,,,,,,903
2024-07-16 13:32:39,,,,,,898
2024-07-16 13:32:40,,,,,,906
2024-07-16 13:32:41,,,,,,905
2024-07-16 13:32:42,,,,,,908
2024-07-16 13:32:43,,,,,,907
2024-07-16 13:32:44,,,,,,900
2024-07-16 13:32:45,,,,,,904
2024-07-16 13:32:46,,,,,,895
2024-07-16 13:32:47,,,,,,898
2024-07-16 13:32:48,,,,,,903
2024-07-16 13:32:49,,,,,,900
2024-07-16 13:32:50,,,,,,897
2024-07-16 13:32:51,,,,,,904
2024-07-16 13:32:52,,,,,,899
2024-07-16 13:32:53,,,,,,903
2024-07-16 13:32:54,,,,,,892
2024-07-16 13:32:55,,,,,,889
2024-07-16 13:32:56,,,,,,891
2024-07-16 13:32:57,,,,,,902
2024-07-16 13:32:58,,,,,,896
2024-07-16 13:32:59,,,,,,893
2024-07-16 13:33:00,,,,,,892
2024-07-16 13:33:01,,,,,,891
2024-07-16 13:33:02,,,,,,892
2024-07-16 13:33:03,,,,,,889
2024-07-16 13:33:04,,,,,,893
2024-07-16 13:33:05,,,,,,890
2024-07-16 13:33:06,,,,,,892
2024-07-16 13:33:07,,,,,,892
2024-07-16 13:33:08,,,,,,885
2024-07-16 13:33:09,,,,,,889
2024-07-16 13:33:10,,,,,,887
2024-07-16 13:33:11,,,,,,882
2024-07-16 13:33:12,,,,,,889
2024-07-16 13:33:13,,,,,,892
2024-07-16 13:33:14,,,,,,886
2024-07-16 13:33:15,,,,,,883
2024-07-16 13:33:16,,,,,,884
2024-07-16 13:33:17,,,,,,884
2024-07-16 13:33:18,,,,,,885
2024-07-16 13:33:19,,,,,,885
2024-07-16 13:33:20,,,,,,882
2024-07-16 13:33:21,,,,,,886
2024-07-16 13:33:22,,,,,,886
2024-07-16 13:33:23,,,,,,889
2024-07-16 13:33:24,,,,,,886
2024-07-16 13:33:25,,,,,,881
2024-07-16 13:33:26,,,,,,886
2024-07-16 13:33:27,,,,,,891
2024-07-16 13:33:28,,,,,,799
2024-07-16 13:33:29,,,,,,883
2024-07-16 13:33:30,,,,,,885
2024-07-16 13:33:31,,,,,,887
2024-07-16 13:33:32,,,,,,881
2024-07-16 13:33:33,,,,,,881
2024-07-16 13:33:34,,,,,,891
2024-07-16 13:33:35,,,,,,893
2024-07-16 13:33:36,,,,,,882
2024-07-16 13:33:37,,,,,,882
2024-07-16 13:33:38,,,,,,885
2024-07-16 13:33:39,,,,,,885
2024-07-16 13:33:40,,,,,,884
2024-07-16 13:33:41,,,,,,884
2024-07-16 13:33:42,,,,,,883
2024-07-16 13:33:43,,,,,,883
2024-07-16 13:33:44,,,,,,880
2024-07-16 13:33:45,,,,,,886
2024-07-16 13:33:46,,,,,,882
2024-07-16 13:33:47,,,,,,881
2024-07-16 13:33:48,,,,,,885
2024-07-16 13:33:49,,,,,,883
2024-07-16 13:33:50,,,,,,883
2024-07-16 13:33:51,,,,,,883
2024-07-16 13:33:52,,,,,,878
2024-07-16 13:33:53,,,,,,882
2024-07-16 13:33:54,,,,,,883
2024-07-16 13:33:55,,,,,,880
2024-07-16 13:33:56,,,,,,884
2024-07-16 13:33:57,,,,,,877
2024-07-16 13:33:58,,,,,,882
2024-07-16 13:33:59,,,,,,882
2024-07-16 13:34:00,,,,,,881
2024-07-16 13:34:01,,,,,,882