sep=,
"Time","Electrolyser Power (W)","Electrolyser Production Rate (%)","Hydrogen Flow Rate (NL/h)","Electrolyser Stack Voltage (V)","Electrolyser Stack Current (A)","Container PV Power (W)"
2024-07-10 14:09:35,,,,,,3878
2024-07-10 14:09:36,,,,,,3780
2024-07-10 14:09:38,,,,,,3719
2024-07-10 14:09:39,,,,,,3837
2024-07-10 14:09:40,,,,,,3975
2024-07-10 14:09:41,,,,,,4048
2024-07-10 14:09:42,,,,,,4060
2024-07-10 14:09:43,,,,,,4083
2024-07-10 14:09:44,,,,,,4100
2024-07-10 14:09:45,,,,,,4104
2024-07-10 14:09:46,,,,,,4142
2024-07-10 14:09:47,,,,,,4137
2024-07-10 14:09:48,,,,,,4136
2024-07-10 14:09:49,,,,,,4154
2024-07-10 14:09:50,,,,,,4158
2024-07-10 14:09:51,,,,,,4175
2024-07-10 14:09:52,,,,,,4186
2024-07-10 14:09:53,,,,,,4197
2024-07-10 14:09:54,,,,,,4195
2024-07-10 14:09:55,,,,,,4232
2024-07-10 14:09:56,,,,,,4229
2024-07-10 14:09:57,,,,,,4258
2024-07-10 14:09:58,,,,,,4283
2024-07-10 14:09:59,,,,,,4316
2024-07-10 14:10:00,,,,,,3970
2024-07-10 14:10:01,,,,,,2113
2024-07-10 14:10:02,,,,,,2242
2024-07-10 14:10:03,,,,,,3231
2024-07-10 14:10:04,,,,,,3074
2024-07-10 14:10:05,,,,,,2461
2024-07-10 14:10:06,,,,,,2194
2024-07-10 14:10:07,,,,,,1555
2024-07-10 14:10:08,,,,,,1304
2024-07-10 14:10:09,,,,,,1304
2024-07-10 14:10:10,,,,,,1116
2024-07-10 14:10:11,,,,,,1078
2024-07-10 14:10:12,,,,,,1014
2024-07-10 14:10:13,,,,,,999
2024-07-10 14:10:14,,,,,,1024
2024-07-10 14:10:15,,,,,,1035
2024-07-10 14:10:16,,,,,,1017
2024-07-10 14:10:17,,,,,,1047
2024-07-10 14:10:18,,,,,,1091
2024-07-10 14:10:19,,,,,,1199
2024-07-10 14:10:20,,,,,,1268
2024-07-10 14:10:21,,,,,,1562
2024-07-10 14:10:22,,,,,,2693
2024-07-10 14:10:23,,,,,,3490
2024-07-10 14:10:24,,,,,,4226
2024-07-10 14:10:25,,,,,,4381
2024-07-10 14:10:26,,,,,,4306
2024-07-10 14:10:27,,,,,,4357
2024-07-10 14:10:28,,,,,,4342
2024-07-10 14:10:29,,,,,,4320
2024-07-10 14:10:30,,,,,,4304
2024-07-10 14:10:31,,,,,,4283
2024-07-10 14:10:32,,,,,,4263
2024-07-10 14:10:33,,,,,,4235
2024-07-10 14:10:34,,,,,,4171
2024-07-10 14:10:35,,,,,,4146
2024-07-10 14:10:36,,,,,,4228
2024-07-10 14:10:37,,,,,,4215
2024-07-10 14:10:38,,,,,,4221
2024-07-10 14:10:39,,,,,,3996
2024-07-10 14:10:40,,,,,,4005
2024-07-10 14:10:41,,,,,,4055
2024-07-10 14:10:42,,,,,,4126
2024-07-10 14:10:43,,,,,,3874
2024-07-10 14:10:44,,,,,,3631
2024-07-10 14:10:45,,,,,,3279
2024-07-10 14:10:46,,,,,,3183
2024-07-10 14:10:47,,,,,,3991
2024-07-10 14:10:48,,,,,,4149
2024-07-10 14:10:49,,,,,,4074
2024-07-10 14:10:50,,,,,,4113
2024-07-10 14:10:51,,,,,,4263
2024-07-10 14:10:52,,,,,,4273
2024-07-10 14:10:53,0,0,0,0.152,0.0130,4184
2024-07-10 14:10:54,0,0,0,0.152,0.0130,4113
2024-07-10 14:10:55,0,0,0,0.152,0.0130,3957
2024-07-10 14:10:56,0,0,0,0.152,0.0130,3885
2024-07-10 14:10:57,0,0,0,0.152,0.0130,3885
2024-07-10 14:10:58,0,0,0,0.152,0.0130,3622
2024-07-10 14:10:59,12.2,0,0,0.152,0.0130,3442
2024-07-10 14:11:00,12.2,0,0,0.152,0.0130,3541
2024-07-10 14:11:01,12.2,0,0,0.152,0.0130,3525
2024-07-10 14:11:02,12.2,0,0,0.152,0.0130,3425
2024-07-10 14:11:03,12.2,0,0,0.152,0.0130,3479
2024-07-10 14:11:04,32.7,0,0,0.152,0.0130,2991
2024-07-10 14:11:05,32.7,0,0,0.152,0.0130,2716
2024-07-10 14:11:06,32.7,0,0,0.152,0.0130,2594
2024-07-10 14:11:07,32.7,0,0,0.138,-0.00700,2576
2024-07-10 14:11:08,32.7,0,0,0.138,-0.00200,2538
2024-07-10 14:11:09,33.2,0,0,0.138,0,2695
2024-07-10 14:11:10,33.2,0,0,0.138,0,3010
2024-07-10 14:11:11,33.2,0,0,0.135,-0.00100,3010
2024-07-10 14:11:12,33.2,0,0,0.138,0.00200,2884
2024-07-10 14:11:13,33.2,0,0,0.138,-0.00100,2829
2024-07-10 14:11:14,33,0,0,0.139,0,3105
2024-07-10 14:11:15,33,0,0,0.137,-0.00300,3151
2024-07-10 14:11:16,33,0,0,0.137,-0.00100,3447
2024-07-10 14:11:17,33,0,0,0.137,-0.00300,3411
2024-07-10 14:11:18,33,0,0,0.137,-0.00400,3402
2024-07-10 14:11:19,32.9,0,0,0.138,-0.00500,3476
2024-07-10 14:11:20,32.9,0,0,0.138,0.00300,3688
2024-07-10 14:11:21,32.9,0,0,0.138,0.00400,3754
2024-07-10 14:11:22,32.9,0,0,0.138,-0.00200,3952
2024-07-10 14:11:23,32.9,0,0,0.136,-0.00200,4084
2024-07-10 14:11:24,32.9,0,0,0.138,0.00300,3796
2024-07-10 14:11:25,32.9,0,0,0.137,0,3848
2024-07-10 14:11:26,32.9,0,0,0.137,-0.00200,3812
2024-07-10 14:11:27,32.9,0,0,0.135,-0.00100,3735
2024-07-10 14:11:28,32.9,0,0,0.135,-0.00300,3795
2024-07-10 14:11:29,139,0,0,0.113,-0.00300,3996
2024-07-10 14:11:30,139,0,0,0.113,-0.00200,3680
2024-07-10 14:11:31,139,0,0,0.113,0.00300,3502
2024-07-10 14:11:32,139,0,0,0.114,0,3491
2024-07-10 14:11:33,139,0,0,0.115,0.00500,3377
2024-07-10 14:11:34,259,0,0,0.115,0.00300,3365
2024-07-10 14:11:35,259,0,0,0.110,0.00100,3448
2024-07-10 14:11:36,259,0,0,0.115,0.00300,3634
2024-07-10 14:11:37,259,0,0,0.116,0.00700,3684
2024-07-10 14:11:38,259,0,0,0.116,0.00600,3707
2024-07-10 14:11:39,258,0,0,0.116,0.00400,3839
2024-07-10 14:11:40,258,0,0,0.118,-0.00100,3800
2024-07-10 14:11:41,258,0,0,0.117,0.00600,3927
2024-07-10 14:11:42,258,0,0,0.118,0.00500,4020
2024-07-10 14:11:43,258,0,0,0.116,-0.00600,4016
2024-07-10 14:11:44,258,0,0,0.118,0.00200,3966
2024-07-10 14:11:45,258,0,0,0.118,0.00800,3966
2024-07-10 14:11:46,258,0,0,0.118,0.00500,2891
2024-07-10 14:11:47,258,0,0,0.117,0.00300,4049
2024-07-10 14:11:48,258,0,0,0.118,0.00200,4315
2024-07-10 14:11:49,258,0,0,0.119,0,4325
2024-07-10 14:11:50,258,0,0,0.119,0.00500,4276
2024-07-10 14:11:51,258,0,0,0.119,-0.00300,4287
2024-07-10 14:11:52,258,0,0,0.120,-0.00600,4323
2024-07-10 14:11:53,258,0,0,0.120,-0.00100,4359
2024-07-10 14:11:54,258,0,0,0.119,0.00300,4356
2024-07-10 14:11:55,258,0,0,0.117,0,4379
2024-07-10 14:11:56,258,0,0,0.120,0.00300,4385
2024-07-10 14:11:57,258,0,0,0.121,0.00200,4396
2024-07-10 14:11:58,258,0,0,0.121,0.00100,4397
2024-07-10 14:11:59,257,0,0,0.121,0.00300,4388
2024-07-10 14:12:00,257,0,0,0.120,0.00500,4373
2024-07-10 14:12:01,257,0,0,0.121,0.00400,4375
2024-07-10 14:12:02,257,0,0,0.122,0.00500,4378
2024-07-10 14:12:03,257,0,0,0.122,0,4358
2024-07-10 14:12:04,257,0,0,0.119,0.00400,4356
2024-07-10 14:12:05,257,0,0,0.121,0.00200,4354
2024-07-10 14:12:06,257,0,0,0.121,0.00500,4362
2024-07-10 14:12:07,257,0,0,0.122,0.00400,4366
2024-07-10 14:12:08,257,0,0,0.122,0.00100,4360
2024-07-10 14:12:09,257,0,0,0.122,0,4359
2024-07-10 14:12:10,257,0,0,0.122,0.00500,4347
2024-07-10 14:12:11,257,0,0,0.123,0.00300,4332
2024-07-10 14:12:12,257,0,0,0.119,-0.00100,4332
2024-07-10 14:12:13,257,0,0,0.122,0.00400,4328
2024-07-10 14:12:14,257,0,0,0.122,0.00700,4329
2024-07-10 14:12:15,257,0,0,0.122,0.00200,4333
2024-07-10 14:12:16,257,0,0,0.122,0.00400,4323
2024-07-10 14:12:17,257,0,0,0.121,0.00300,4334
2024-07-10 14:12:18,257,0,0,0.123,0.00400,4341
2024-07-10 14:12:19,257,0,0,0.123,0.00400,4340
2024-07-10 14:12:20,257,0,0,0.123,-0.00100,4285
2024-07-10 14:12:21,257,0,0,0.123,0,4317
2024-07-10 14:12:22,257,0,0,0.122,0.00500,4244
2024-07-10 14:12:23,257,0,0,0.123,0.00700,4226
2024-07-10 14:12:24,257,0,0,0.121,-0.00400,4207
2024-07-10 14:12:25,257,0,0,0.123,-0.00400,4187
2024-07-10 14:12:26,257,0,0,0.124,-0.00100,4185
2024-07-10 14:12:27,257,0,0,0.124,-0.00300,4150
2024-07-10 14:12:28,257,0,0,0.124,-0.00400,4087
2024-07-10 14:12:29,257,0,0,0.122,0.00500,4122
2024-07-10 14:12:30,257,0,0,0.124,-0.00200,4114
2024-07-10 14:12:31,257,0,0,0.125,0.00200,4140
2024-07-10 14:12:32,257,0,0,0.125,0.00300,4140
2024-07-10 14:12:33,257,0,0,0.124,0.00300,4186
2024-07-10 14:12:34,257,0,0,0.125,0.00100,4140
2024-07-10 14:12:35,257,0,0,0.125,-0.00100,4113
2024-07-10 14:12:36,257,0,0,0.121,0.00300,4149
2024-07-10 14:12:37,257,0,0,0.121,-0.00100,4100
2024-07-10 14:12:38,257,0,0,0.124,0.00400,4085
2024-07-10 14:12:39,257,0,0,0.125,0,4237
2024-07-10 14:12:40,257,0,0,0.125,0.00600,4339
2024-07-10 14:12:41,257,0,0,0.125,0.00600,4286
2024-07-10 14:12:42,257,0,0,0.126,0.00500,4187
2024-07-10 14:12:43,257,0,0,0.127,0.00400,3924
2024-07-10 14:12:44,257,0,0,0.123,0.00500,3982
2024-07-10 14:12:45,257,0,0,0.123,-0.00100,4229
2024-07-10 14:12:46,257,0,0,0.126,0.00500,4044
2024-07-10 14:12:47,257,0,0,0.126,0.00400,4120
2024-07-10 14:12:48,257,0,0,0.126,0.00100,3918
2024-07-10 14:12:49,256,0,0,0.125,-0.00200,3872
2024-07-10 14:12:50,256,0,0,0.127,-0.00200,3687
2024-07-10 14:12:51,256,0,0,0.126,-0.00100,3703
2024-07-10 14:12:52,256,0,0,0.126,-0.00200,3813
2024-07-10 14:12:53,256,0,0,0.127,0.00200,3804
2024-07-10 14:12:54,256,0,0,0.127,-0.00500,3755
2024-07-10 14:12:55,256,0,0,0.127,-0.00500,3906
2024-07-10 14:12:56,256,0,0,0.128,-0.00400,4009
2024-07-10 14:12:57,256,0,0,0.123,-0.00600,4318
2024-07-10 14:12:58,256,0,0,0.127,0.00300,4351
2024-07-10 14:12:59,256,0,0,0.128,0.00400,4393
2024-07-10 14:13:00,256,0,0,0.128,0,4332
2024-07-10 14:13:01,256,0,0,0.127,0.00200,4330
2024-07-10 14:13:02,256,0,0,0.128,0.00600,4374
2024-07-10 14:13:03,256,0,0,0.128,0.00400,4383
2024-07-10 14:13:04,256,0,0,0.128,0.00200,4363
2024-07-10 14:13:05,256,0,0,0.128,0.00400,4308
2024-07-10 14:13:06,256,0,0,0.128,0.00100,4391
2024-07-10 14:13:07,256,0,0,0.128,0.00200,4428
2024-07-10 14:13:08,256,0,0,0.129,0,4421
2024-07-10 14:13:09,256,0,0,0.126,-0.00300,4440
2024-07-10 14:13:10,256,0,0,0.129,0,4454
2024-07-10 14:13:11,256,0,0,0.129,0.00100,4450
2024-07-10 14:13:12,256,0,0,0.128,0.00300,4453
2024-07-10 14:13:13,256,0,0,0.129,0.00400,4449
2024-07-10 14:13:14,256,0,0,0.129,0.00300,4471
2024-07-10 14:13:15,256,0,0,0.130,0.00300,4479
2024-07-10 14:13:16,256,0,0,0.129,0,4476
2024-07-10 14:13:17,256,0,0,0.129,-0.00700,4485
2024-07-10 14:13:18,256,0,0,0.129,0,4500
2024-07-10 14:13:19,256,0,0,0.129,0.00200,4500
2024-07-10 14:13:20,256,0,0,0.130,0,4502
2024-07-10 14:13:21,256,0,0,0.129,0.00200,4517
2024-07-10 14:13:22,256,0,0,0.131,0.00100,4506
2024-07-10 14:13:23,256,0,0,0.131,0.00100,4537
2024-07-10 14:13:24,256,0,0,0.130,0.00100,4532
2024-07-10 14:13:25,256,0,0,0.130,-0.00100,4533
2024-07-10 14:13:26,256,0,0,0.130,0.00200,4516
2024-07-10 14:13:27,256,0,0,0.130,-0.00300,4505
2024-07-10 14:13:28,256,0,0,0.130,0.00600,4493
2024-07-10 14:13:29,256,0,0,0.129,0,4486
2024-07-10 14:13:30,256,0,0,0.130,-0.00100,4314
2024-07-10 14:13:31,256,0,0,0.131,0.00100,4082
2024-07-10 14:13:32,256,0,0,0.131,0.00200,3997
2024-07-10 14:13:33,256,0,0,0.131,0.0100,4136
2024-07-10 14:13:34,256,0,0,0.131,0.00900,4202
2024-07-10 14:13:35,256,0,0,0.131,0.00700,4285
2024-07-10 14:13:36,256,0,0,0.131,0.0110,4394
2024-07-10 14:13:37,256,0,0,0.131,-0.00500,4448
2024-07-10 14:13:38,256,0,0,0.131,0.00400,4441
2024-07-10 14:13:39,256,0,0,0.130,0.00600,4422
2024-07-10 14:13:40,256,0,0,0.132,0.00100,4366
2024-07-10 14:13:41,256,0,0,0.131,-0.00300,4261
2024-07-10 14:13:42,256,0,0,0.131,0,4434
2024-07-10 14:13:43,256,0,0,0.132,-0.00100,4441
2024-07-10 14:13:44,256,0,0,0.132,-0.00200,4449
2024-07-10 14:13:45,256,0,0,0.132,0.00300,4473
2024-07-10 14:13:46,256,0,0,0.130,0,4486
2024-07-10 14:13:47,256,0,0,0.132,0.00400,4496
2024-07-10 14:13:48,256,0,0,0.133,0,4494
2024-07-10 14:13:49,256,0,0,0.131,0.00100,4467
2024-07-10 14:13:50,256,0,0,0.132,0.00100,4458
2024-07-10 14:13:51,256,0,0,0.131,0.00300,4451
2024-07-10 14:13:52,256,0,0,0.133,-0.00100,4479
2024-07-10 14:13:53,256,0,0,0.130,0.00100,4521
2024-07-10 14:13:54,256,0,0,0.130,0.00300,4524
2024-07-10 14:13:55,256,0,0,0.132,0.00800,4540
2024-07-10 14:13:56,256,0,0,0.132,0.00800,4548
2024-07-10 14:13:57,256,0,0,0.133,0.00800,4514
2024-07-10 14:13:58,256,0,0,0.132,0.00700,4469
2024-07-10 14:13:59,256,0,0,0.133,0.00700,4439
2024-07-10 14:14:00,256,0,0,0.133,0.00700,4389
2024-07-10 14:14:01,256,0,0,0.134,0.00700,4396
2024-07-10 14:14:02,256,0,0,0.134,0.00900,4390
2024-07-10 14:14:03,256,0,0,0.134,0.0100,4458
2024-07-10 14:14:04,256,0,0,0.133,0.00700,4421
2024-07-10 14:14:05,256,0,0,0.134,0.00700,4433
2024-07-10 14:14:06,256,0,0,0.131,0.00400,4489
2024-07-10 14:14:07,256,0,0,0.133,0.00500,4489
2024-07-10 14:14:08,256,0,0,0.134,0.00700,4409
2024-07-10 14:14:09,256,0,0,0.134,0.00800,4413
2024-07-10 14:14:10,256,0,0,0.133,0.00100,4498
2024-07-10 14:14:11,256,0,0,0.134,0.00200,4372
2024-07-10 14:14:12,256,0,0,0.134,0.00100,4343
2024-07-10 14:14:13,256,0,0,0.134,0.00100,4287
2024-07-10 14:14:14,256,0,0,0.135,0.00200,4290
2024-07-10 14:14:15,256,0,0,0.135,0.00200,4227
2024-07-10 14:14:16,256,0,0,0.134,-0.00100,4243
2024-07-10 14:14:17,256,0,0,0.135,0.00200,4292
2024-07-10 14:14:18,256,0,0,0.133,0.00300,4308
2024-07-10 14:14:19,255,0,0,0.135,0.00800,4174
2024-07-10 14:14:20,255,0,0,0.136,0.00700,4268
2024-07-10 14:14:21,255,0,0,0.135,0.00400,4137
2024-07-10 14:14:22,255,0,0,0.132,0.00300,4000
2024-07-10 14:14:23,255,0,0,0.132,0.00400,4007
2024-07-10 14:14:24,255,0,0,0.135,0.00100,3900
2024-07-10 14:14:25,255,0,0,0.135,0,3889
2024-07-10 14:14:26,255,0,0,0.135,0.00300,3726
2024-07-10 14:14:27,255,0,0,0.134,0.00600,3935
2024-07-10 14:14:28,255,0,0,0.136,0.00900,4164
2024-07-10 14:14:29,255,0,0,0.136,0.00700,4332
2024-07-10 14:14:30,255,0,0,0.132,0.00300,4513
2024-07-10 14:14:31,255,0,0,0.136,0.00600,4550
2024-07-10 14:14:32,255,0,0,0.137,0.00600,4562
2024-07-10 14:14:33,255,0,0,0.137,0.00900,4578
2024-07-10 14:14:34,255,0,0,0.137,0.00900,4583
2024-07-10 14:14:35,255,0,0,0.135,0.0110,4568
2024-07-10 14:14:36,255,0,0,0.137,0.00700,4505
2024-07-10 14:14:37,255,0,0,0.136,0.00500,4339
2024-07-10 14:14:38,255,0,0,0.136,0.00200,3775
2024-07-10 14:14:39,255,0,0,0.135,0.00400,3452
2024-07-10 14:14:40,255,0,0,0.136,0.00200,1164
2024-07-10 14:14:41,255,0,0,0.136,0.00400,1124
2024-07-10 14:14:42,255,0,0,0.136,0.00400,1123
2024-07-10 14:14:43,255,0,0,0.136,0.00700,1112
2024-07-10 14:14:44,255,0,0,0.137,0.00500,1110
2024-07-10 14:14:45,255,0,0,0.136,0.00600,1119
2024-07-10 14:14:46,255,0,0,0.136,0.00400,1109
2024-07-10 14:14:47,255,0,0,0.134,0.00200,1111
2024-07-10 14:14:48,255,0,0,0.137,0.00100,1104
2024-07-10 14:14:49,255,0,0,0.137,0,1104
2024-07-10 14:14:50,255,0,0,0.137,0.00300,1107
2024-07-10 14:14:51,255,0,0,0.137,0.00100,1103
2024-07-10 14:14:52,255,0,0,0.137,0.00200,1104
2024-07-10 14:14:53,255,0,0,0.137,0.00400,1105
2024-07-10 14:14:54,255,0,0,0.137,0.00700,1107
2024-07-10 14:14:55,255,0,0,0.136,0.00400,1107
2024-07-10 14:14:56,255,0,0,0.138,0.00800,1109
2024-07-10 14:14:57,255,0,0,0.138,0.00600,1240
2024-07-10 14:14:58,255,0,0,0.138,0.00500,1105
2024-07-10 14:14:59,255,0,0,0.138,0.0120,1107
2024-07-10 14:15:00,255,0,0,0.138,0.0130,1117
2024-07-10 14:15:01,255,0,0,0.138,0.00600,1126
2024-07-10 14:15:02,255,0,0,0.138,0.00600,1142
2024-07-10 14:15:03,255,0,0,0.139,-0.0110,1160
2024-07-10 14:15:04,255,0,0,0.138,0.00600,1203
2024-07-10 14:15:05,255,0,0,0.138,0.00700,1235
2024-07-10 14:15:06,255,0,0,0.138,0.00700,1303
2024-07-10 14:15:07,255,0,0,0.136,0.00700,1372
2024-07-10 14:15:08,255,0,0,0.138,0.00100,1548
2024-07-10 14:15:09,255,0,0,0.138,0.00200,3035
2024-07-10 14:15:10,255,0,0,0.138,0.0110,3621
2024-07-10 14:15:11,255,0,0,0.138,0.00900,3847
2024-07-10 14:15:12,255,0,0,0.138,0.00700,3635
2024-07-10 14:15:13,255,0,0,0.138,0.0130,4145
2024-07-10 14:15:14,255,0,0,0.138,0.0110,4511
2024-07-10 14:15:15,255,0,0,0.139,0.0100,4296
2024-07-10 14:15:16,255,0,0,0.138,0.00900,4551
2024-07-10 14:15:17,255,0,0,0.138,0.00800,4598
2024-07-10 14:15:18,255,0,0,0.139,0.00800,4365
2024-07-10 14:15:19,255,0,0,0.138,0.00700,4482
2024-07-10 14:15:20,255,0,0,0.138,0.00800,4474
2024-07-10 14:15:21,255,0,0,0.140,0.00600,4309
2024-07-10 14:15:22,255,0,0,0.139,0.00700,4385
2024-07-10 14:15:23,255,0,0,0.140,0.00800,4317
2024-07-10 14:15:24,255,0,0,0.139,0.00300,4122
2024-07-10 14:15:25,255,0,0,0.139,0.00600,3723
2024-07-10 14:15:26,255,0,0,0.140,0.00800,4110
2024-07-10 14:15:27,255,0,0,0.139,0.00500,4486
2024-07-10 14:15:28,255,0,0,0.139,0.00600,4521
2024-07-10 14:15:29,255,0,0,0.139,0.0120,4509
2024-07-10 14:15:30,255,100,0,0.139,0.0100,4507
2024-07-10 14:15:31,255,100,0,0.137,0.00400,4503
2024-07-10 14:15:32,255,100,0,0.137,0.00700,4483
2024-07-10 14:15:33,255,100,0,0.139,0.00600,4476
2024-07-10 14:15:34,255,100,0,0.139,0.0130,4464
2024-07-10 14:15:35,255,100,0,0.140,0.00700,4438
2024-07-10 14:15:36,255,100,0,0.140,0.00700,4364
2024-07-10 14:15:37,255,100,0,0.140,0.00800,4390
2024-07-10 14:15:38,255,100,0,0.140,0.00700,4381
2024-07-10 14:15:39,255,100,0,0.137,0.00300,4381
2024-07-10 14:15:40,255,100,0,0.137,0.00600,4383
2024-07-10 14:15:41,255,100,0,0.140,0.00300,4375
2024-07-10 14:15:42,255,100,0,0.140,-0.00100,4353
2024-07-10 14:15:43,255,100,0,0.140,0.0120,4349
2024-07-10 14:15:44,255,100,0,0.138,-0.00400,4337
2024-07-10 14:15:45,255,100,0,0.140,-0.00100,4331
2024-07-10 14:15:46,255,100,0,0.140,0.00700,4319
2024-07-10 14:15:47,255,100,0,0.140,0.00900,4318
2024-07-10 14:15:48,255,100,0,0.140,0.00600,4307
2024-07-10 14:15:49,255,100,0,0.140,0.00600,4287
2024-07-10 14:15:50,255,100,0,0.140,0.0120,4295
2024-07-10 14:15:51,255,100,0,0.140,0.00800,4277
2024-07-10 14:15:52,255,100,0,0.137,0.00700,4275
2024-07-10 14:15:53,255,100,0,0.141,0.00500,4265
2024-07-10 14:15:54,255,100,0,0.140,0.00600,4264
2024-07-10 14:15:55,255,100,0,0.140,0.00300,4265
2024-07-10 14:15:56,255,100,0,0.138,0.00400,4261
2024-07-10 14:15:57,255,100,0,0.141,0.00400,4259
2024-07-10 14:15:58,255,100,0,0.140,0.00700,4249
2024-07-10 14:15:59,255,100,0,0.142,0.0120,4242
2024-07-10 14:16:00,255,100,0,0.141,0.0110,4243
2024-07-10 14:16:01,255,100,0,0.142,0.00900,4230
2024-07-10 14:16:02,255,100,0,0.142,0.0110,4235
2024-07-10 14:16:03,255,100,0,0.141,0.00600,4229
2024-07-10 14:16:04,255,100,0,0.137,0.00500,4227
2024-07-10 14:16:05,255,100,0,0.141,0.00700,4225
2024-07-10 14:16:06,255,100,0,0.142,0.00800,4222
2024-07-10 14:16:07,255,100,0,0.142,0.00500,4228
2024-07-10 14:16:08,255,100,0,0.140,0.00600,4213
2024-07-10 14:16:09,255,100,0,0.140,0.0110,4225
2024-07-10 14:16:10,255,100,0,0.141,0.00800,4204
2024-07-10 14:16:11,255,100,0,0.142,0.00800,4201
2024-07-10 14:16:12,255,100,0,0.142,0.0100,4196
2024-07-10 14:16:13,255,100,0,0.141,0.00800,4200
2024-07-10 14:16:14,255,100,0,0.142,0.00400,4203
2024-07-10 14:16:15,255,100,0,0.141,0.00500,4198
2024-07-10 14:16:16,255,100,0,0.141,0.00700,4188
2024-07-10 14:16:17,255,100,0,0.141,0.0130,4193
2024-07-10 14:16:18,255,100,0,0.142,0.0100,4188
2024-07-10 14:16:19,255,100,0,0.142,0.0110,4183
2024-07-10 14:16:20,255,100,0,0.142,0.00900,4178
2024-07-10 14:16:21,255,100,0,0.140,0.00800,4173
2024-07-10 14:16:22,255,100,0,0.142,0.0110,4169
2024-07-10 14:16:23,255,100,0,0.143,0.0140,4167
2024-07-10 14:16:24,255,100,0,0.143,0.0100,4173
2024-07-10 14:16:25,255,100,0,0.142,0.0100,4173
2024-07-10 14:16:26,255,100,0,0.142,0.00700,4154
2024-07-10 14:16:27,255,100,0,0.142,0.00900,4159
2024-07-10 14:16:28,255,100,0,0.144,-0.00400,4152
2024-07-10 14:16:29,255,100,0,0.143,-0.00500,4147
2024-07-10 14:16:30,255,100,0,0.143,0.0100,4146
2024-07-10 14:16:31,255,100,0,0.144,0.0130,4146
2024-07-10 14:16:32,255,100,0,0.143,0.0100,4137
2024-07-10 14:16:33,255,100,0,0.142,0.00200,4149
2024-07-10 14:16:34,255,100,0,0.143,0.0100,4146
2024-07-10 14:16:35,255,100,0,0.143,0.00700,4147
2024-07-10 14:16:36,255,100,0,0.143,0.00800,4138
2024-07-10 14:16:37,255,100,0,0.143,0.00800,4137
2024-07-10 14:16:38,255,100,0,0.143,0.00100,4126
2024-07-10 14:16:39,255,100,0,0.142,0.00900,4134
2024-07-10 14:16:40,255,100,0,0.142,0.00700,4128
2024-07-10 14:16:41,255,100,0,0.143,-0.00800,4133
2024-07-10 14:16:42,255,100,0,0.143,0.00800,4133
2024-07-10 14:16:43,255,100,0,0.143,0.00700,4137
2024-07-10 14:16:44,255,100,0,0.144,0.00800,4141
2024-07-10 14:16:45,255,100,0,0.142,0.00300,4141
2024-07-10 14:16:46,255,100,0,0.143,0.00900,4153
2024-07-10 14:16:47,255,100,0,0.142,0.0100,4146
2024-07-10 14:16:48,255,100,0,0.144,0.0130,4161
2024-07-10 14:16:49,254,100,0,0.144,0.0130,4171
2024-07-10 14:16:50,254,100,0,0.142,0.0110,4172
2024-07-10 14:16:51,254,100,0,0.144,0.0120,4176
2024-07-10 14:16:52,254,100,0,0.144,0.0110,4187
2024-07-10 14:16:53,254,100,0,0.144,0.00500,4189
2024-07-10 14:16:54,254,100,0,0.144,0.0110,4208
2024-07-10 14:16:55,254,100,0,0.144,0.00500,4203
2024-07-10 14:16:56,254,100,0,0.144,0.00300,4205
2024-07-10 14:16:57,254,100,0,0.144,0.00400,3808
2024-07-10 14:16:58,254,100,0,0.144,0.00300,3629
2024-07-10 14:16:59,254,60,0,0.144,0.0110,1301
2024-07-10 14:17:00,254,60,0,0.144,0.00800,966
2024-07-10 14:17:01,254,60,0,0.144,0.00900,810
2024-07-10 14:17:02,254,60,0,0.145,0.00700,834
2024-07-10 14:17:03,254,60,0,0.144,0.00800,872
2024-07-10 14:17:04,254,60,0,0.145,0.0100,1260
2024-07-10 14:17:05,254,75,0,0.144,0.00800,1796
2024-07-10 14:17:06,254,76,0,0.145,0.0100,1823
2024-07-10 14:17:07,254,100,0,0.144,0.0110,2511
2024-07-10 14:17:08,254,100,0,0.144,0.0130,3693
2024-07-10 14:17:09,254,100,0,0.145,0.00900,3259
2024-07-10 14:17:10,254,100,0,0.139,0.00100,3689
2024-07-10 14:17:11,254,100,0,0.144,0.00300,3965
2024-07-10 14:17:12,254,100,0,0.145,0.00500,4086
2024-07-10 14:17:13,254,100,0,0.143,0.00600,4211
2024-07-10 14:17:14,254,100,0,0.143,0.00200,4211
2024-07-10 14:17:15,254,100,0,0.143,0.00500,4234
2024-07-10 14:17:16,254,100,0,0.145,0.0100,4241
2024-07-10 14:17:17,254,100,0,0.146,0.00600,4241
2024-07-10 14:17:18,254,100,0,0.145,0.00900,4245
2024-07-10 14:17:19,254,100,0,0.146,0.00500,4155
2024-07-10 14:17:20,254,100,0,0.146,0.00600,4174
2024-07-10 14:17:21,254,100,0,0.145,0.0110,4200
2024-07-10 14:17:22,254,100,0,0.145,-0.00200,4208
2024-07-10 14:17:23,254,100,0,0.146,0.0150,4218
2024-07-10 14:17:24,254,100,0,0.145,0.0130,4226
2024-07-10 14:17:25,254,100,0,0.145,0.00800,4212
2024-07-10 14:17:26,254,100,0,0.141,0.00400,4240
2024-07-10 14:17:27,254,100,0,0.141,0.0120,4236
2024-07-10 14:17:28,254,100,0,0.145,0.00600,4241
2024-07-10 14:17:29,254,100,0,0.146,0.00700,4240
2024-07-10 14:17:30,254,100,0,0.145,0.0140,4235
2024-07-10 14:17:31,254,100,0,0.144,0.00800,4231
2024-07-10 14:17:32,254,100,0,0.146,0.0110,4240
2024-07-10 14:17:33,254,100,0,0.146,0.0150,4237
2024-07-10 14:17:34,254,100,0,0.146,0.00900,4232
2024-07-10 14:17:35,254,100,0,0.146,0.00800,4234
2024-07-10 14:17:36,254,100,0,0.146,0.00800,4224
2024-07-10 14:17:37,254,100,0,0.146,0.0110,4225
2024-07-10 14:17:38,254,100,0,0.145,0.0130,4224
2024-07-10 14:17:39,254,100,0,0.144,0.00400,4230
2024-07-10 14:17:40,254,100,0,0.145,0.00900,4223
2024-07-10 14:17:41,254,100,0,0.145,0.0110,4221
2024-07-10 14:17:42,254,100,0,0.146,0.00600,4228
2024-07-10 14:17:43,254,100,0,0.146,0.00500,4223
2024-07-10 14:17:44,254,100,0,0.146,0.00800,4220
2024-07-10 14:17:45,254,100,0,0.146,0.00900,4216
2024-07-10 14:17:46,254,100,0,0.146,0.00900,4213
2024-07-10 14:17:47,254,100,0,0.146,-0.00700,4208
2024-07-10 14:17:48,254,100,0,0.147,0.00800,4204
2024-07-10 14:17:49,254,100,0,0.146,0.00700,4207
2024-07-10 14:17:50,254,100,0,0.147,0.00800,4195
2024-07-10 14:17:51,254,100,0,0.145,0.00600,4151
2024-07-10 14:17:52,254,100,0,0.146,0.00900,4048
2024-07-10 14:17:53,254,100,0,0.147,0.00300,3794
2024-07-10 14:17:54,254,100,0,0.147,0.00100,3889
2024-07-10 14:17:55,254,100,0,0.147,0.00100,3863
2024-07-10 14:17:56,254,100,0,0.146,0.0100,3877
2024-07-10 14:17:57,254,100,0,0.146,0.0100,3877
2024-07-10 14:17:58,254,100,0,0.146,0.00400,3931
2024-07-10 14:17:59,254,100,0,0.147,0.00800,3956
2024-07-10 14:18:00,254,100,0,0.147,0.00900,3927
2024-07-10 14:18:01,254,100,0,0.146,0.00400,3870
2024-07-10 14:18:02,254,100,0,0.146,0.00600,3748
2024-07-10 14:18:03,254,100,0,0.146,0.0110,3687
2024-07-10 14:18:04,254,100,0,0.146,0.0100,3552
2024-07-10 14:18:05,254,100,0,0.146,0.00700,3555
2024-07-10 14:18:06,254,100,0,0.147,0.00500,3593
2024-07-10 14:18:07,254,100,0,0.147,0.00700,3846
2024-07-10 14:18:08,254,100,0,0.148,0.00400,3916
2024-07-10 14:18:09,254,100,0,0.146,0.00800,3925
2024-07-10 14:18:10,254,100,0,0.148,0.0110,4055
2024-07-10 14:18:11,254,100,0,0.147,-0.00600,4091
2024-07-10 14:18:12,254,100,0,0.147,0.00800,4088
2024-07-10 14:18:13,254,100,0,0.147,0.0130,4093
2024-07-10 14:18:14,254,100,0,0.147,0.00900,4126
2024-07-10 14:18:15,254,100,0,0.147,0.0120,4152
2024-07-10 14:18:16,254,100,0,0.144,0.0120,4149
2024-07-10 14:18:17,254,100,0,0.148,0.00900,4144
2024-07-10 14:18:18,254,100,0,0.147,0.0100,4145
2024-07-10 14:18:19,254,100,0,0.147,0.0110,4126
2024-07-10 14:18:20,254,100,0,0.145,0.0120,4122
2024-07-10 14:18:21,254,100,0,0.148,0.00200,4139
2024-07-10 14:18:22,254,100,0,0.147,0.00700,4138
2024-07-10 14:18:23,254,100,0,0.147,0.0150,4133
2024-07-10 14:18:24,254,100,0,0.147,0.0100,4147
2024-07-10 14:18:25,254,100,0,0.149,0.0120,4154
2024-07-10 14:18:26,254,100,0,0.149,0.0100,4164
2024-07-10 14:18:27,254,100,0,0.148,0.0130,4160
2024-07-10 14:18:28,254,100,0,0.146,0.0120,4160
2024-07-10 14:18:29,254,100,0,0.149,0.0120,4156
2024-07-10 14:18:30,254,100,0,0.147,0.0120,4147
2024-07-10 14:18:31,254,100,0,0.148,0.0140,4143
2024-07-10 14:18:32,254,100,0,0.148,0.00800,4145
2024-07-10 14:18:33,254,100,0,0.147,0.00800,4139
2024-07-10 14:18:34,254,100,0,0.147,0.00600,4141
2024-07-10 14:18:35,254,100,0,0.148,0.0120,4140
2024-07-10 14:18:36,254,100,0,0.144,0.0110,4140
2024-07-10 14:18:37,254,100,0,0.148,0.00800,4139
2024-07-10 14:18:38,254,100,0,0.148,0.0140,4129
2024-07-10 14:18:39,254,100,0,0.149,0.0160,4134
2024-07-10 14:18:40,254,100,0,0.147,0.0150,4146
2024-07-10 14:18:41,254,100,0,0.149,0.0150,4160
2024-07-10 14:18:42,254,100,0,0.148,0.00900,4160
2024-07-10 14:18:43,254,100,0,0.149,0.00700,4160
2024-07-10 14:18:44,254,100,0,0.148,0.00600,4184
2024-07-10 14:18:45,254,100,0,0.147,0.0110,4201
2024-07-10 14:18:46,254,100,0,0.149,0.0110,4212
2024-07-10 14:18:47,254,100,0,0.148,0.00700,3963
2024-07-10 14:18:48,254,67,0,0.148,0.00700,1596
2024-07-10 14:18:49,254,92,0,0.148,0.0120,2213
2024-07-10 14:18:50,254,100,0,0.149,0.00800,3541
2024-07-10 14:18:51,254,100,0,0.148,0.00800,4106
2024-07-10 14:18:52,254,100,0,0.147,0.00900,4212
2024-07-10 14:18:53,254,100,0,0.146,0.00900,4217
2024-07-10 14:18:54,254,100,0,0.149,0.0130,4213
2024-07-10 14:18:55,254,100,0,0.149,0.0140,4208
2024-07-10 14:18:56,254,100,0,0.149,0.0180,4206
2024-07-10 14:18:57,254,100,0,0.148,0.0140,4200
2024-07-10 14:18:58,254,100,0,0.149,0.0160,4207
2024-07-10 14:18:59,254,100,0,0.149,0.0130,4195
2024-07-10 14:19:00,254,100,0,0.149,0.0130,3098
2024-07-10 14:19:01,254,70,0,0.149,0.0150,1687
2024-07-10 14:19:02,254,61,0,0.148,0.0150,1469
2024-07-10 14:19:03,254,89,0,0.149,0.0120,2136
2024-07-10 14:19:04,254,100,0,0.150,0.00900,3145
2024-07-10 14:19:05,254,100,0,0.146,0.00300,3941
2024-07-10 14:19:06,254,100,0,0.149,0.0120,3904
2024-07-10 14:19:07,254,100,0,0.150,0.0120,3964
2024-07-10 14:19:08,254,100,0,0.150,0.0110,3931
2024-07-10 14:19:09,254,100,0,0.146,0.00600,4044
2024-07-10 14:19:10,254,100,0,0.146,0.00700,4072
2024-07-10 14:19:11,254,100,0,0.149,0.0100,4070
2024-07-10 14:19:12,254,100,0,0.150,0.0150,4090
2024-07-10 14:19:13,254,100,0,0.150,0.0100,4092
2024-07-10 14:19:14,254,100,0,0.149,0.0120,4118
2024-07-10 14:19:15,254,100,0,0.149,0.00900,4115
2024-07-10 14:19:16,254,100,0,0.149,0.0130,4118
2024-07-10 14:19:17,254,100,0,0.145,0.00900,4109
2024-07-10 14:19:18,254,100,0,0.149,0.0150,4110
2024-07-10 14:19:19,254,100,0,0.149,0.0130,4118
2024-07-10 14:19:20,254,100,0,0.149,0.00500,4140
2024-07-10 14:19:21,254,100,0,0.150,0.00900,4149
2024-07-10 14:19:22,254,100,0,0.148,0.00900,4150
2024-07-10 14:19:23,254,100,0,0.150,0.0130,4162
2024-07-10 14:19:24,254,100,0,0.149,0.0150,4159
2024-07-10 14:19:25,254,100,0,0.149,0.00800,4163
2024-07-10 14:19:26,254,100,0,0.150,0.00700,4163
2024-07-10 14:19:27,254,100,0,0.150,0.0140,4157
2024-07-10 14:19:28,254,100,0,0.150,0.0140,4158
2024-07-10 14:19:29,254,100,0,0.146,0.0120,4157
2024-07-10 14:19:30,254,100,0,0.146,0.0140,4161
2024-07-10 14:19:31,254,100,0,0.150,0.0180,4161
2024-07-10 14:19:32,254,100,0,0.149,0.0150,4156
2024-07-10 14:19:33,254,100,0,0.150,0.0170,4152
2024-07-10 14:19:34,254,100,0,0.148,0.0110,4157
2024-07-10 14:19:35,254,100,0,0.149,0.00700,4157
2024-07-10 14:19:36,254,100,0,0.149,0.0110,4171
2024-07-10 14:19:37,254,100,0,0.150,0.0140,4177
2024-07-10 14:19:38,254,100,0,0.150,0.0110,4183
2024-07-10 14:19:39,254,100,0,0.150,0.0120,4189
2024-07-10 14:19:40,254,100,0,0.150,0.0160,4182
2024-07-10 14:19:41,254,100,0,0.150,0.0140,4185
2024-07-10 14:19:42,254,100,0,0.145,0.0160,4183
2024-07-10 14:19:43,254,100,0,0.150,0.0170,4175
2024-07-10 14:19:44,254,100,0,0.150,0.0150,4182
2024-07-10 14:19:45,254,100,0,0.149,0.0200,4177
2024-07-10 14:19:46,254,100,0,0.148,0.0220,4182
2024-07-10 14:19:47,254,100,0,0.150,0.0160,4208
2024-07-10 14:19:48,254,100,0,0.150,0.0190,4202
2024-07-10 14:19:49,254,100,0,0.150,0.0180,4187
2024-07-10 14:19:50,254,100,0,0.150,0.0140,4197
2024-07-10 14:19:51,254,100,0,0.150,0.0180,4203
2024-07-10 14:19:52,254,100,0,0.151,0.0180,4200
2024-07-10 14:19:53,254,100,0,0.150,0.0150,4189
2024-07-10 14:19:54,254,100,0,0.148,0.00800,4187
2024-07-10 14:19:55,254,100,0,0.149,0.0130,4202
2024-07-10 14:19:56,254,100,0,0.151,0.0150,4193
2024-07-10 14:19:57,254,100,0,0.151,0.0110,4195
2024-07-10 14:19:58,254,100,0,0.150,0.00900,4191
2024-07-10 14:19:59,254,100,0,0.150,0.0130,4185
2024-07-10 14:20:00,254,100,0,0.150,0.0160,4160
2024-07-10 14:20:01,254,100,0,0.150,0.0160,4151
2024-07-10 14:20:02,254,100,0,0.151,0.0140,4155
2024-07-10 14:20:03,254,100,0,0.151,0.0120,4146
2024-07-10 14:20:04,254,100,0,0.150,0.0140,4149
2024-07-10 14:20:05,254,100,0,0.151,0.0160,4120
2024-07-10 14:20:06,254,100,0,0.151,0.00100,4142
2024-07-10 14:20:07,254,100,0,0.151,0.0130,4153
2024-07-10 14:20:08,254,100,0,0.152,0.0120,4149
2024-07-10 14:20:09,254,100,0,0.151,0.0130,4169
2024-07-10 14:20:10,254,100,0,0.151,0.0130,4174
2024-07-10 14:20:11,254,100,0,0.149,0.0140,4169
2024-07-10 14:20:12,254,100,0,0.152,0.0160,4169
2024-07-10 14:20:13,254,100,0,0.152,0.0120,4173
2024-07-10 14:20:14,254,100,0,0.151,0.0150,4171
2024-07-10 14:20:15,254,100,0,0.150,0.0120,4158
2024-07-10 14:20:16,254,100,0,0.152,0.0140,4156
2024-07-10 14:20:17,254,100,0,0.152,0.0170,4133
2024-07-10 14:20:18,254,100,0,0.152,0.0140,4123
2024-07-10 14:20:19,254,100,0,0.152,0.0130,4140
2024-07-10 14:20:20,254,100,0,0.151,0.0120,4128
2024-07-10 14:20:21,254,100,0,0.151,0.0130,4129
2024-07-10 14:20:22,254,100,0,0.152,0.0200,4147
2024-07-10 14:20:23,254,100,0,0.151,0.00700,4147
2024-07-10 14:20:24,254,100,0,0.151,0.0200,4144
2024-07-10 14:20:25,254,100,0,0.152,0.0130,4137
2024-07-10 14:20:26,254,100,0,0.152,0.0150,4128
2024-07-10 14:20:27,254,100,0,0.152,0.00500,4092
2024-07-10 14:20:28,254,100,0,0.151,0.0110,4105
2024-07-10 14:20:29,254,100,0,0.152,0.0130,4108
2024-07-10 14:20:30,254,100,0,0.152,0.0130,4126
2024-07-10 14:20:31,254,100,0,0.151,0.0140,4126
2024-07-10 14:20:32,254,100,0,0.149,0.0110,4108
2024-07-10 14:20:33,254,100,0,0.152,0.00900,4119
2024-07-10 14:20:34,254,100,0,0.153,0.0100,4110
2024-07-10 14:20:35,254,100,0,0.152,0.00900,4131
2024-07-10 14:20:36,254,100,0,0.152,0.0100,4121
2024-07-10 14:20:37,254,100,0,0.152,0.00800,4115
2024-07-10 14:20:38,254,100,0,0.152,0.0110,4123
2024-07-10 14:20:39,254,100,0,0.151,0.0100,4119
2024-07-10 14:20:40,254,100,0,0.151,0.0100,4113
2024-07-10 14:20:41,254,100,0,0.151,0.00700,4123
2024-07-10 14:20:42,254,100,0,0.151,0.00500,4075
2024-07-10 14:20:43,254,100,0,0.151,0.00800,4070
2024-07-10 14:20:44,254,100,0,0.151,0.0130,4138
2024-07-10 14:20:45,254,100,0,0.152,0.0100,4154
2024-07-10 14:20:46,254,100,0,0.151,0.0130,4164
2024-07-10 14:20:47,254,100,0,0.152,-0.00600,4168
2024-07-10 14:20:48,254,100,0,0.153,0.0170,4169
2024-07-10 14:20:49,254,100,0,0.153,0.0120,4212
2024-07-10 14:20:50,254,100,0,0.153,0.0120,4208
2024-07-10 14:20:51,254,100,0,0.152,0.0140,4219
2024-07-10 14:20:52,254,100,0,0.151,0.0140,4215
2024-07-10 14:20:53,253,100,0,0.152,0.0140,4221
2024-07-10 14:20:54,253,100,0,0.152,0.0180,4223
2024-07-10 14:20:55,253,100,0,0.153,0.0160,4220
2024-07-10 14:20:56,253,100,0,0.152,0.0130,4227
2024-07-10 14:20:57,253,100,0,0.152,0.0110,4224
2024-07-10 14:20:58,254,100,0,0.151,0.0150,4220
2024-07-10 14:20:59,254,100,0,0.152,0.0150,4195
2024-07-10 14:21:00,254,100,0,0.153,0.0170,4195
2024-07-10 14:21:01,254,100,0,0.150,0.00700,4200
2024-07-10 14:21:02,254,100,0,0.152,0.0100,4202
2024-07-10 14:21:03,253,100,0,0.153,0.0170,4207
2024-07-10 14:21:04,253,100,0,0.153,0.0120,4217
2024-07-10 14:21:05,253,100,0,0.153,0.0110,4207
2024-07-10 14:21:06,253,100,0,0.152,0.0100,4221
2024-07-10 14:21:07,253,100,0,0.153,0.0120,4204
2024-07-10 14:21:08,253,100,0,0.151,0.0130,4206
2024-07-10 14:21:09,253,100,0,0.151,0.0140,4201
2024-07-10 14:21:10,253,100,0,0.153,0.00800,4202
2024-07-10 14:21:11,253,100,0,0.153,0.00800,4203
2024-07-10 14:21:12,253,100,0,0.152,0.0130,4205
2024-07-10 14:21:13,253,100,0,0.153,0.00900,4210
2024-07-10 14:21:14,253,100,0,0.153,0.00900,4209
2024-07-10 14:21:15,253,100,0,0.153,0.0120,4213
2024-07-10 14:21:16,253,100,0,0.153,0.00600,4209
2024-07-10 14:21:17,253,100,0,0.153,0.00400,4216
2024-07-10 14:21:18,254,100,0,0.153,0.00500,4219
2024-07-10 14:21:19,254,100,0,0.153,0.0160,4212
2024-07-10 14:21:20,254,100,0,0.153,0.0160,4214
2024-07-10 14:21:21,254,100,0,0.152,0.00800,4229
2024-07-10 14:21:22,254,100,0,0.153,0.00600,4232
2024-07-10 14:21:23,253,100,0,0.153,0.0120,4223
2024-07-10 14:21:24,253,100,0,0.153,0.0130,4221
2024-07-10 14:21:25,253,100,0,0.153,0.0130,4229
2024-07-10 14:21:26,253,100,0,0.153,0.0110,4232
2024-07-10 14:21:27,253,100,0,0.153,0.0120,4224
2024-07-10 14:21:28,253,100,0,0.153,0.0140,4226
2024-07-10 14:21:29,253,100,0,0.153,0.00500,4239
2024-07-10 14:21:30,253,100,0,0.154,0.0150,4238
2024-07-10 14:21:31,253,100,0,0.154,0.0180,4242
2024-07-10 14:21:32,253,100,0,0.153,0.00800,4237
2024-07-10 14:21:33,253,100,0,0.151,0.0120,4234
2024-07-10 14:21:34,253,100,0,0.154,0.0130,4231
2024-07-10 14:21:35,253,100,0,0.154,0.0120,4244
2024-07-10 14:21:36,253,100,0,0.152,0.00900,4238
2024-07-10 14:21:37,253,100,0,0.152,0.0110,4247
2024-07-10 14:21:38,253,100,0,0.154,0.0160,4259
2024-07-10 14:21:39,253,100,0,0.153,0.0150,4237
2024-07-10 14:21:40,253,100,0,0.154,0.0200,4242
2024-07-10 14:21:41,253,100,0,0.149,0.0180,4244
2024-07-10 14:21:42,253,100,0,0.153,0.0190,4256
2024-07-10 14:21:43,254,100,0,0.153,0.0160,4262
2024-07-10 14:21:44,254,100,0,0.153,0.0180,4261
2024-07-10 14:21:45,254,100,0,0.153,0.0150,4262
2024-07-10 14:21:46,254,100,0,0.153,0.0130,4262
2024-07-10 14:21:47,254,100,0,0.153,0.0100,4276
2024-07-10 14:21:48,255,100,0,0.154,0.0140,4274
2024-07-10 14:21:49,255,100,0,0.153,0.0120,4286
2024-07-10 14:21:50,255,100,0,0.153,0.00900,4303
2024-07-10 14:21:51,255,100,0,0.154,0.00700,4290
2024-07-10 14:21:52,255,100,0,0.154,0.0130,4313
2024-07-10 14:21:53,256,100,0,0.150,0.0110,4320
2024-07-10 14:21:54,256,100,0,0.153,0.0140,4333
2024-07-10 14:21:55,256,100,0,0.153,0.0160,4334
2024-07-10 14:21:56,256,100,0,0.153,0.0100,4323
2024-07-10 14:21:57,256,100,0,0.154,0.0130,4316
2024-07-10 14:21:58,258,100,0,0.154,0.0180,4314
2024-07-10 14:21:59,258,100,0,0.153,0.0160,4316
2024-07-10 14:22:00,258,100,0,0.154,0.0200,4308
2024-07-10 14:22:01,258,100,0,0.155,0.0110,4313
2024-07-10 14:22:02,258,100,0,0.154,0.0150,4298
2024-07-10 14:22:03,259,100,0,0.153,0.0130,4303
2024-07-10 14:22:04,259,100,0,0.153,0.0110,4322
2024-07-10 14:22:05,259,100,0,0.152,0.00300,4337
2024-07-10 14:22:06,259,100,0,0.152,0.00700,4335
2024-07-10 14:22:07,259,100,0,0.153,0.0150,4344
2024-07-10 14:22:08,260,100,0,0.154,0.00500,4346
2024-07-10 14:22:09,260,100,0,0.153,0.0120,4350
2024-07-10 14:22:10,260,100,0,0.151,0.0120,4346
2024-07-10 14:22:11,260,100,0,0.154,0.0130,4362
2024-07-10 14:22:12,260,100,0,0.154,0.0110,4361
2024-07-10 14:22:13,261,100,0,0.153,0.0120,4369
2024-07-10 14:22:14,261,100,0,0.153,0.0130,4368
2024-07-10 14:22:15,261,100,0,0.154,0.0100,4364
2024-07-10 14:22:16,261,100,0,0.154,0.00900,4371
2024-07-10 14:22:17,261,100,0,0.155,0.00900,4416
2024-07-10 14:22:18,261,100,0,0.154,0.00500,4419
2024-07-10 14:22:19,261,100,0,0.155,0.00500,4366
2024-07-10 14:22:20,261,100,0,0.154,0.0120,4330
2024-07-10 14:22:21,261,100,0,0.154,0.0110,4415
2024-07-10 14:22:22,261,100,0,0.154,0.00600,4494
2024-07-10 14:22:23,261,100,0,0.154,0.00700,4528
2024-07-10 14:22:24,261,100,0,0.153,0.00600,4244
2024-07-10 14:22:25,261,100,0,0.155,0.00400,3480
2024-07-10 14:22:26,261,100,0,0.154,0.00600,2540
2024-07-10 14:22:27,261,78,0,0.154,0.0130,1865
2024-07-10 14:22:28,261,90,0,0.154,0.0130,2166
2024-07-10 14:22:29,261,83,0,0.154,0.0100,1986
2024-07-10 14:22:30,261,100,0,0.153,0.0100,2613
2024-07-10 14:22:31,261,100,0,0.155,0.00700,2795
2024-07-10 14:22:32,261,100,0,0.154,0.0120,2425
2024-07-10 14:22:33,261,100,0,0.155,0.0120,2425
2024-07-10 14:22:34,261,100,0,0.153,0.00600,2751
2024-07-10 14:22:35,261,100,0,0.152,0.0120,3041
2024-07-10 14:22:36,261,100,0,0.154,0.0140,3559
2024-07-10 14:22:37,261,100,0,0.154,0.00900,2997
2024-07-10 14:22:38,261,67,0,0.155,0.00800,1602
2024-07-10 14:22:39,261,60,0,0.155,0.0120,1215
2024-07-10 14:22:40,261,60,0,0.154,0.0130,1236
2024-07-10 14:22:41,261,60,0,0.155,0.0120,1180
2024-07-10 14:22:42,261,60,0,0.151,0.0110,1142
2024-07-10 14:22:43,261,60,0,0.155,0.0160,1145
2024-07-10 14:22:44,261,60,0,0.154,0.0120,1165
2024-07-10 14:22:45,261,60,0,0.155,0.0160,1235
2024-07-10 14:22:46,261,60,0,0.155,0.0170,1385
2024-07-10 14:22:47,261,60,0,0.155,0.00300,1258
2024-07-10 14:22:48,261,62,0,0.155,0.00900,1488
2024-07-10 14:22:49,261,85,0,0.154,0.0190,2042
2024-07-10 14:22:50,261,84,0,0.156,0.00400,2023
2024-07-10 14:22:51,261,92,0,0.155,0.0160,2197
2024-07-10 14:22:52,261,100,0,0.156,0.0140,2997
2024-07-10 14:22:53,460,100,0,0.154,0.00800,3037
2024-07-10 14:22:54,460,100,66.3,34.6,6.90,2412
2024-07-10 14:22:55,460,93,43.2,34.7,4.49,2229
2024-07-10 14:22:56,460,100,39.7,34.8,4.13,2601
2024-07-10 14:22:57,460,97,40.5,34.9,4.21,2328
2024-07-10 14:22:58,457,60,38.4,35.0,3.99,1404
2024-07-10 14:22:59,457,60,37.6,35.1,3.91,1256
2024-07-10 14:23:00,457,60,36.2,35.2,3.76,1233
2024-07-10 14:23:01,457,60,35.8,35.3,3.72,1215
2024-07-10 14:23:02,457,60,34.7,35.4,3.60,1192
2024-07-10 14:23:03,439,60,34.6,35.5,3.57,1169
2024-07-10 14:23:04,439,60,34.0,35.6,3.54,1161
2024-07-10 14:23:05,439,60,33.8,35.7,3.52,1156
2024-07-10 14:23:06,439,60,33.8,35.8,3.52,1166
2024-07-10 14:23:07,439,60,33.5,35.9,3.49,1166
2024-07-10 14:23:08,437,60,33.6,36.0,3.50,1185
2024-07-10 14:23:09,437,60,33.4,36.1,3.47,1202
2024-07-10 14:23:10,437,60,33.5,36.2,3.48,1231
2024-07-10 14:23:11,437,60,33.2,36.3,3.45,1269
2024-07-10 14:23:12,437,60,33.4,36.4,3.47,1326
2024-07-10 14:23:13,437,60,33.1,36.5,3.45,1347
2024-07-10 14:23:14,437,60,33.3,36.6,3.44,1431
2024-07-10 14:23:15,437,74,32.9,36.7,3.42,1768
2024-07-10 14:23:16,437,100,33.0,36.8,3.43,2623
2024-07-10 14:23:17,437,100,33.0,36.9,3.43,3360
2024-07-10 14:23:18,437,100,33.1,37.0,3.44,3616
2024-07-10 14:23:19,437,100,33.1,37.1,3.44,3616
2024-07-10 14:23:20,437,100,33.0,37.2,3.43,4421
2024-07-10 14:23:21,437,100,33.1,37.3,3.44,4435
2024-07-10 14:23:22,437,100,33.0,37.4,3.44,3803
2024-07-10 14:23:23,440,100,33.5,37.5,3.48,3932
2024-07-10 14:23:24,440,100,33.4,37.6,3.48,3579
2024-07-10 14:23:25,440,100,33.8,37.7,3.51,3866
2024-07-10 14:23:26,440,100,34.0,37.8,3.53,4325
2024-07-10 14:23:27,440,100,34.6,37.9,3.60,4479
2024-07-10 14:23:28,447,100,34.9,38.0,3.63,4458
2024-07-10 14:23:29,447,100,35.6,38.1,3.70,4450
2024-07-10 14:23:30,447,100,36.1,38.2,3.75,4444
2024-07-10 14:23:31,447,100,37.0,38.3,3.85,4456
2024-07-10 14:23:32,447,100,37.6,38.4,3.91,4455
2024-07-10 14:23:33,465,100,38.4,38.5,4.00,4436
2024-07-10 14:23:34,465,100,39.4,38.6,4.14,4443
2024-07-10 14:23:35,465,100,40.4,38.7,4.20,4434
2024-07-10 14:23:36,465,100,41.9,38.8,4.36,4438
2024-07-10 14:23:37,465,100,42.6,38.8,4.43,4417
2024-07-10 14:23:38,492,100,44.3,39.0,4.61,4419
2024-07-10 14:23:39,492,100,45.1,39.1,4.69,4412
2024-07-10 14:23:40,492,100,46.7,39.2,4.86,4410
2024-07-10 14:23:41,492,100,47.8,39.3,4.97,4410
2024-07-10 14:23:42,492,100,49.5,39.4,5.15,4401
2024-07-10 14:23:43,527,100,50.7,39.4,5.27,4400
2024-07-10 14:23:44,527,100,52.3,39.6,5.44,4405
2024-07-10 14:23:45,527,100,53.7,39.7,5.58,4411
2024-07-10 14:23:46,527,100,55.5,39.7,5.77,4401
2024-07-10 14:23:47,527,100,56.8,39.8,5.91,4409
2024-07-10 14:23:48,551,100,57.1,39.8,5.94,4411
2024-07-10 14:23:49,551,100,57.9,39.8,6.02,4426
2024-07-10 14:23:50,551,100,58.3,39.8,6.06,4427
2024-07-10 14:23:51,551,100,59.1,39.8,6.15,4114
2024-07-10 14:23:52,551,60,59.5,39.8,6.19,1296
2024-07-10 14:23:53,566,60,60.5,39.8,6.29,1328
2024-07-10 14:23:54,566,60,61.1,39.9,6.35,1130
2024-07-10 14:23:55,566,60,62.2,39.9,6.47,1038
2024-07-10 14:23:56,566,60,62.6,39.9,6.56,965
2024-07-10 14:23:57,566,60,63.6,39.9,6.61,916
2024-07-10 14:23:58,584,60,64.5,39.9,6.70,909
2024-07-10 14:23:59,584,60,65,39.9,6.76,903
2024-07-10 14:24:00,584,60,66.1,39.9,6.87,887
2024-07-10 14:24:01,584,60,66.6,39.9,6.92,878
2024-07-10 14:24:02,584,60,67.9,39.9,7.06,890
2024-07-10 14:24:03,603,60,68.6,39.9,7.13,880
2024-07-10 14:24:04,603,60,69.5,39.9,7.22,894
2024-07-10 14:24:05,603,60,69.8,39.9,7.26,892
2024-07-10 14:24:06,603,60,71.0,39.9,7.38,892
2024-07-10 14:24:07,603,60,72.1,39.9,7.50,878
2024-07-10 14:24:08,621,60,72.6,39.9,7.55,888
2024-07-10 14:24:09,621,60,73.7,39.9,7.66,888
2024-07-10 14:24:10,621,60,74.4,39.9,7.73,890
2024-07-10 14:24:11,621,60,75.5,39.9,7.85,898
2024-07-10 14:24:12,621,60,76.0,39.9,7.90,916
2024-07-10 14:24:13,640,60,77.3,39.9,8.04,923
2024-07-10 14:24:14,640,60,77.9,39.9,8.10,930
2024-07-10 14:24:15,640,60,79.0,39.9,8.21,941
2024-07-10 14:24:16,640,60,79.5,39.9,8.27,944
2024-07-10 14:24:17,640,60,80.5,39.9,8.37,962
2024-07-10 14:24:18,652,60,81.8,40.0,8.51,979
2024-07-10 14:24:19,652,60,82.3,40.0,8.56,991
2024-07-10 14:24:20,652,60,83.2,40.0,8.65,1012
2024-07-10 14:24:21,652,60,83.9,40.0,8.72,1017
2024-07-10 14:24:22,652,60,85.2,40.0,8.86,1043
2024-07-10 14:24:23,670,60,85.7,40.0,8.91,1072
2024-07-10 14:24:24,670,60,86.6,40.0,9.01,1079
2024-07-10 14:24:25,670,60,87.3,40.0,9.08,1083
2024-07-10 14:24:26,670,60,88.4,40.0,9.19,1105
2024-07-10 14:24:27,670,60,88.9,40,9.30,1125
2024-07-10 14:24:28,687,60,89.9,40,9.35,1131
2024-07-10 14:24:29,687,60,91.4,40.0,9.51,1141
2024-07-10 14:24:30,687,60,92.0,40.0,9.57,1161
2024-07-10 14:24:31,687,60,93.1,40.0,9.68,1181
2024-07-10 14:24:32,687,60,93.6,40.0,9.73,1183
2024-07-10 14:24:33,703,60,94.9,40.0,9.87,1207
2024-07-10 14:24:34,703,60,95.6,40.0,9.94,1229
2024-07-10 14:24:35,703,60,97.2,40.0,10.1,1254
2024-07-10 14:24:36,703,60,97.7,40.0,10.2,1282
2024-07-10 14:24:37,703,60,98.7,40.0,10.3,1334
2024-07-10 14:24:38,722,60,99.2,40.0,10.4,1332
2024-07-10 14:24:39,722,60,100,40.0,10.4,1351
2024-07-10 14:24:40,722,60,102,40.1,10.6,1366
2024-07-10 14:24:41,722,60,103,40.1,10.7,1373
2024-07-10 14:24:42,722,60,104,40.1,10.8,1408
2024-07-10 14:24:43,747,60,104,40.1,10.8,1421
2024-07-10 14:24:44,747,61,105,40.1,10.9,1454
2024-07-10 14:24:45,747,62,106,40.1,11.0,1482
2024-07-10 14:24:46,747,64,107,40.1,11.1,1538
2024-07-10 14:24:47,747,69,108,40.1,11.2,1663
2024-07-10 14:24:48,767,82,109,40.1,11.3,1975
2024-07-10 14:24:49,767,100,110,40.1,11.5,2592
2024-07-10 14:24:50,767,100,111,40.1,11.5,3017
2024-07-10 14:24:51,767,100,112,40.1,11.6,3002
2024-07-10 14:24:52,767,100,113,40.1,11.7,3627
2024-07-10 14:24:53,789,100,114,40.1,11.9,3899
2024-07-10 14:24:54,789,100,115,40.1,11.9,3899
2024-07-10 14:24:55,789,100,115,40.1,12.0,3120
2024-07-10 14:24:56,789,100,116,40.1,12.1,2662
2024-07-10 14:24:57,789,91,118,40.1,12.2,2177
2024-07-10 14:24:58,809,90,118,40.1,12.3,2148
2024-07-10 14:24:59,809,100,119,40.1,12.4,2660
2024-07-10 14:25:00,809,100,120,40.2,12.5,3097
2024-07-10 14:25:01,809,100,121,40.2,12.5,2674
2024-07-10 14:25:02,809,89,122,40.2,12.6,2126
2024-07-10 14:25:03,828,93,122,40.2,12.7,2239
2024-07-10 14:25:04,828,100,124,40.2,12.9,3140
2024-07-10 14:25:05,828,100,125,40.2,13.0,3966
2024-07-10 14:25:06,828,100,125,40.2,13.0,4258
2024-07-10 14:25:07,828,100,126,40.2,13.1,4588
2024-07-10 14:25:08,849,100,127,40.2,13.2,4731
2024-07-10 14:25:09,849,100,129,40.2,13.4,4640
2024-07-10 14:25:10,849,100,129,40.2,13.4,4735
2024-07-10 14:25:11,849,100,130,40.2,13.6,4713
2024-07-10 14:25:12,849,100,131,40.2,13.6,4684
2024-07-10 14:25:13,869,100,132,40.2,13.7,4667
2024-07-10 14:25:14,869,100,132,40.2,13.8,4652
2024-07-10 14:25:15,869,100,133,40.2,13.9,4631
2024-07-10 14:25:16,869,100,134,40.2,13.9,4603
2024-07-10 14:25:17,869,100,135,40.2,14.0,4605
2024-07-10 14:25:18,887,100,135,40.2,14.1,4596
2024-07-10 14:25:19,887,100,137,40.2,14.2,4584
2024-07-10 14:25:20,887,100,138,40.2,14.4,4579
2024-07-10 14:25:21,887,100,139,40.2,14.4,4582
2024-07-10 14:25:22,887,100,140,40.2,14.5,4561
2024-07-10 14:25:23,894,100,140,40.2,14.6,4550
2024-07-10 14:25:24,894,100,142,40.3,14.8,4535
2024-07-10 14:25:25,894,100,143,40.3,14.8,4527
2024-07-10 14:25:26,894,100,144,40.3,15.0,4518
2024-07-10 14:25:27,894,100,145,40.3,15.0,4498
2024-07-10 14:25:28,931,100,145,40.3,15.1,4489
2024-07-10 14:25:29,931,100,146,40.3,15.2,4461
2024-07-10 14:25:30,931,100,148,40.3,15.3,4438
2024-07-10 14:25:31,931,100,149,40.3,15.5,4443
2024-07-10 14:25:32,931,100,149,40.3,15.5,4440
2024-07-10 14:25:33,951,100,150,40.3,15.6,4452
2024-07-10 14:25:34,951,100,151,40.3,15.7,4438
2024-07-10 14:25:35,951,100,152,40.3,15.8,4430
2024-07-10 14:25:36,951,100,153,40.3,15.9,4415
2024-07-10 14:25:37,951,100,153,40.3,15.9,4405
2024-07-10 14:25:38,965,100,154,40.3,16.0,4417
2024-07-10 14:25:39,965,100,156,40.3,16.2,4421
2024-07-10 14:25:40,965,100,156,40.3,16.3,4421
2024-07-10 14:25:41,965,100,157,40.3,16.3,4423
2024-07-10 14:25:42,965,100,158,40.3,16.4,4413
2024-07-10 14:25:43,986,100,159,40.3,16.5,4400
2024-07-10 14:25:44,986,100,159,40.3,16.6,4400
2024-07-10 14:25:45,986,100,160,40.3,16.6,4400
2024-07-10 14:25:46,986,100,161,40.4,16.8,4405
2024-07-10 14:25:47,986,100,162,40.4,16.9,4392
2024-07-10 14:25:48,1005,100,163,40.4,16.9,4397
2024-07-10 14:25:49,1005,100,164,40.4,17.1,4391
2024-07-10 14:25:50,1005,100,165,40.4,17.1,4390
2024-07-10 14:25:51,1005,100,166,40.4,17.2,4371
2024-07-10 14:25:52,1005,100,166,40.4,17.3,4375
2024-07-10 14:25:53,1023,100,167,40.4,17.4,4365
2024-07-10 14:25:54,1023,100,168,40.4,17.5,4357
2024-07-10 14:25:55,1023,100,169,40.4,17.5,4371
2024-07-10 14:25:56,1023,100,169,40.4,17.6,4369
2024-07-10 14:25:57,1023,100,170,40.4,17.7,4359
2024-07-10 14:25:58,1043,100,171,40.4,17.8,4382
2024-07-10 14:25:59,1043,100,172,40.4,17.9,4372
2024-07-10 14:26:00,1043,100,172,40.4,18.0,4369
2024-07-10 14:26:01,1043,100,173,40.4,18.0,4358
2024-07-10 14:26:02,1043,100,174,40.4,18.1,4350
2024-07-10 14:26:03,1060,100,175,40.4,18.2,4346
2024-07-10 14:26:04,1060,100,176,40.4,18.3,4349
2024-07-10 14:26:05,1060,100,176,40.4,18.3,4337
2024-07-10 14:26:06,1060,100,178,40.5,18.5,4339
2024-07-10 14:26:07,1060,100,178,40.5,18.5,4313
2024-07-10 14:26:08,1076,100,179,40.5,18.6,4302
2024-07-10 14:26:09,1076,100,179,40.5,18.6,4316
2024-07-10 14:26:10,1076,100,181,40.5,18.8,4300
2024-07-10 14:26:11,1076,100,181,40.5,18.9,4288
2024-07-10 14:26:12,1076,100,182,40.5,19.0,4284
2024-07-10 14:26:13,1097,100,183,40.5,19.1,4281
2024-07-10 14:26:14,1097,100,184,40.5,19.1,4312
2024-07-10 14:26:15,1097,100,185,40.5,19.2,4312
2024-07-10 14:26:16,1097,100,185,40.5,19.2,4308
2024-07-10 14:26:17,1097,100,186,40.5,19.3,4264
2024-07-10 14:26:18,1113,100,187,40.5,19.4,4169
2024-07-10 14:26:19,1113,100,188,40.5,19.5,4231
2024-07-10 14:26:20,1113,100,188,40.5,19.6,4362
2024-07-10 14:26:21,1113,100,189,40.5,19.7,4362
2024-07-10 14:26:22,1113,100,190,40.5,19.7,4358
2024-07-10 14:26:23,1128,100,190,40.5,19.8,4376
2024-07-10 14:26:24,1128,100,191,40.5,19.9,4376
2024-07-10 14:26:25,1128,100,192,40.5,19.9,4380
2024-07-10 14:26:26,1128,100,192,40.5,20.0,4362
2024-07-10 14:26:27,1128,100,192,40.5,20.0,4366
2024-07-10 14:26:28,1139,100,194,40.5,20.1,4375
2024-07-10 14:26:29,1139,100,195,40.6,20.2,4362
2024-07-10 14:26:30,1139,100,195,40.6,20.3,4310
2024-07-10 14:26:31,1139,100,196,40.6,20.4,4180
2024-07-10 14:26:32,1139,100,197,40.6,20.5,4180
2024-07-10 14:26:33,1157,100,198,40.6,20.6,4279
2024-07-10 14:26:34,1157,100,198,40.6,20.6,4359
2024-07-10 14:26:35,1157,100,199,40.6,20.7,4392
2024-07-10 14:26:36,1157,100,200,40.6,20.8,4386
2024-07-10 14:26:37,1157,100,201,40.6,20.9,4338
2024-07-10 14:26:38,1171,100,201,40.6,20.9,4323
2024-07-10 14:26:39,1171,100,202,40.6,21.0,4367
2024-07-10 14:26:40,1171,100,203,40.6,21.1,4372
2024-07-10 14:26:41,1171,100,203,40.6,21.2,4380
2024-07-10 14:26:42,1171,100,204,40.6,21.2,4383
2024-07-10 14:26:43,1188,100,205,40.6,21.3,4374
2024-07-10 14:26:44,1188,100,206,40.6,21.4,4370
2024-07-10 14:26:45,1188,100,206,40.6,21.4,4371
2024-07-10 14:26:46,1188,100,207,40.6,21.5,4383
2024-07-10 14:26:47,1188,100,208,40.6,21.6,4391
2024-07-10 14:26:48,1206,100,209,40.6,21.7,4395
2024-07-10 14:26:49,1206,100,209,40.6,21.7,4403
2024-07-10 14:26:50,1206,100,210,40.6,21.8,4418
2024-07-10 14:26:51,1206,100,210,40.7,21.8,4417
2024-07-10 14:26:52,1206,100,212,40.7,22.0,4440
2024-07-10 14:26:53,1222,100,212,40.7,22.1,4444
2024-07-10 14:26:54,1222,100,213,40.7,22.1,4451
2024-07-10 14:26:55,1222,100,213,40.7,22.2,4451
2024-07-10 14:26:56,1222,100,214,40.7,22.2,4473
2024-07-10 14:26:57,1222,100,214,40.7,22.3,4472
2024-07-10 14:26:58,1235,100,215,40.7,22.3,4482
2024-07-10 14:26:59,1235,100,215,40.7,22.4,4488
2024-07-10 14:27:00,1235,100,216,40.7,22.4,4490
2024-07-10 14:27:01,1235,100,217,40.7,22.5,4503
2024-07-10 14:27:02,1235,100,217,40.7,22.6,4514
2024-07-10 14:27:03,1252,100,218,40.7,22.7,4526
2024-07-10 14:27:04,1252,100,219,40.7,22.8,4531
2024-07-10 14:27:05,1252,100,220,40.7,22.9,4528
2024-07-10 14:27:06,1252,100,220,40.7,22.9,4518
2024-07-10 14:27:07,1252,100,221,40.7,23.0,4521
2024-07-10 14:27:08,1264,100,222,40.7,23.0,4521
2024-07-10 14:27:09,1264,100,222,40.7,23.0,4166
2024-07-10 14:27:10,1264,100,222,40.7,23.1,4104
2024-07-10 14:27:11,1264,100,223,40.7,23.2,4330
2024-07-10 14:27:12,1264,100,224,40.7,23.3,4342
2024-07-10 14:27:13,1276,100,224,40.7,23.3,4294
2024-07-10 14:27:14,1276,100,224,40.7,23.4,4456
2024-07-10 14:27:15,1276,100,225,40.8,23.5,4500
2024-07-10 14:27:16,1276,100,226,40.8,23.5,4590
2024-07-10 14:27:17,1276,100,227,40.8,23.6,4599
2024-07-10 14:27:18,1292,100,227,40.8,23.6,4445
2024-07-10 14:27:19,1292,100,228,40.8,23.8,4572
2024-07-10 14:27:20,1292,100,229,40.8,23.8,3638
2024-07-10 14:27:21,1292,100,229,40.8,23.9,2843
2024-07-10 14:27:22,1292,100,230,40.8,23.9,3289
2024-07-10 14:27:23,1304,100,231,40.8,24.0,2608
2024-07-10 14:27:24,1304,95,231,40.8,24.0,2278
2024-07-10 14:27:25,1304,92,232,40.8,24.1,2207
2024-07-10 14:27:26,1304,89,232,40.8,24.2,2128
2024-07-10 14:27:27,1304,100,233,40.8,24.2,2745
2024-07-10 14:27:28,1316,100,233,40.8,24.2,3637
2024-07-10 14:27:29,1316,100,234,40.8,24.3,4014
2024-07-10 14:27:30,1316,100,235,40.8,24.5,4119
2024-07-10 14:27:31,1316,100,235,40.8,24.5,4304
2024-07-10 14:27:32,1316,100,236,40.8,24.5,3614
2024-07-10 14:27:33,1331,100,236,40.8,24.6,2944
2024-07-10 14:27:34,1331,100,237,40.8,24.7,2772
2024-07-10 14:27:35,1331,100,237,40.8,24.7,2451
2024-07-10 14:27:36,1331,97,238,40.8,24.7,2318
2024-07-10 14:27:37,1331,89,239,40.9,24.8,2147
2024-07-10 14:27:38,1345,90,239,40.9,24.9,2149
2024-07-10 14:27:39,1345,89,240,40.9,25.0,2147
2024-07-10 14:27:40,1345,90,240,40.9,25.0,2156
2024-07-10 14:27:41,1345,100,241,40.9,25.1,2464
2024-07-10 14:27:42,1345,100,241,40.9,25.1,2899
2024-07-10 14:27:43,1358,100,242,40.9,25.2,3614
2024-07-10 14:27:45,1358,100,242,40.9,25.2,3244
2024-07-10 14:27:46,1358,100,244,40.9,25.4,3049
2024-07-10 14:27:47,1358,100,244,40.9,25.4,3049
2024-07-10 14:27:48,1358,100,245,40.9,25.5,3150
2024-07-10 14:27:49,1371,100,245,40.9,25.5,4106
2024-07-10 14:27:50,1371,100,246,40.9,25.6,4200
2024-07-10 14:27:51,1371,100,246,40.9,25.6,4345
2024-07-10 14:27:52,1371,100,246,40.9,25.6,4809
2024-07-10 14:27:53,1371,100,247,40.9,25.7,4809
2024-07-10 14:27:54,1384,100,248,40.9,25.8,4795
2024-07-10 14:27:55,1384,100,248,40.9,25.8,3500
2024-07-10 14:27:56,1384,100,249,40.9,25.8,2793
2024-07-10 14:27:57,1384,100,250,40.9,26.0,2793
2024-07-10 14:27:58,1384,100,251,41.0,26.1,2733
2024-07-10 14:27:59,1397,100,251,41.0,26.0,2820
2024-07-10 14:28:00,1397,100,251,41.0,26.1,3147
2024-07-10 14:28:01,1397,100,252,41.0,26.2,2994
2024-07-10 14:28:02,1397,100,253,41.0,26.3,2609
2024-07-10 14:28:03,1397,100,253,41.0,26.3,2546
2024-07-10 14:28:04,1411,100,254,41.0,26.4,2481
2024-07-10 14:28:05,1411,100,255,41.0,26.5,2318
2024-07-10 14:28:06,1411,93,256,41.0,26.6,2220
2024-07-10 14:28:07,1411,98,256,41.0,26.6,2360
2024-07-10 14:28:08,1411,96,256,41.0,26.7,2308
2024-07-10 14:28:09,1426,100,257,41.0,26.7,2570
2024-07-10 14:28:10,1426,100,258,41.0,26.8,2918
2024-07-10 14:28:11,1426,100,258,41.0,26.8,2941
2024-07-10 14:28:12,1426,100,258,41.0,26.8,3108
2024-07-10 14:28:13,1426,100,260,41.0,27.0,3392
2024-07-10 14:28:14,1441,100,260,41.0,27.1,3463
2024-07-10 14:28:15,1441,100,261,41.0,27.1,3286
2024-07-10 14:28:16,1441,100,261,41.0,27.2,3529
2024-07-10 14:28:17,1441,100,262,41.0,27.2,4126
2024-07-10 14:28:18,1441,100,262,41.0,27.3,3779
2024-07-10 14:28:19,1451,100,262,41.0,27.2,3089
2024-07-10 14:28:20,1451,100,264,41.1,27.4,3174
2024-07-10 14:28:21,1451,100,264,41.1,27.5,2999
2024-07-10 14:28:22,1451,100,265,41.1,27.5,2798
2024-07-10 14:28:23,1451,100,265,41.1,27.5,2501
2024-07-10 14:28:24,1464,89,266,41.1,27.6,2142
2024-07-10 14:28:25,1464,86,266,41.1,27.7,2066
2024-07-10 14:28:26,1464,84,267,41.1,27.7,2020
2024-07-10 14:28:28,1464,84,267,41.1,27.8,1969
2024-07-10 14:28:29,1476,82,268,41.1,27.9,1849
2024-07-10 14:28:30,1476,77,269,41.1,28.0,1697
2024-07-10 14:28:31,1476,71,270,41.1,28.0,1680
2024-07-10 14:28:32,1476,70,270,41.1,28.1,1706
2024-07-10 14:28:33,1476,71,271,41.1,28.1,1714
2024-07-10 14:28:34,1491,71,271,41.1,28.2,1747
2024-07-10 14:28:35,1491,73,271,41.1,28.2,1877
2024-07-10 14:28:36,1491,73,272,41.1,28.3,1759
2024-07-10 14:28:37,1491,71,274,41.1,28.4,1699
2024-07-10 14:28:38,1491,72,274,41.1,28.4,1733
2024-07-10 14:28:39,1505,75,274,41.1,28.5,1796
2024-07-10 14:28:40,1505,85,274,41.1,28.5,2047
2024-07-10 14:28:41,1505,86,275,41.1,28.6,2063
2024-07-10 14:28:42,1505,87,275,41.1,28.6,2086
2024-07-10 14:28:43,1505,84,276,41.2,28.7,2018
2024-07-10 14:28:44,1518,84,277,41.2,28.8,2018
2024-07-10 14:28:45,1518,83,277,41.2,28.8,1990
2024-07-10 14:28:46,1518,92,277,41.2,28.9,2217
2024-07-10 14:28:47,1518,100,278,41.2,28.9,2546
2024-07-10 14:28:48,1518,100,279,41.2,29.0,2493
2024-07-10 14:28:49,1532,97,279,41.2,29.1,2324
2024-07-10 14:28:50,1532,96,280,41.2,29.1,2301
2024-07-10 14:28:51,1532,100,280,41.2,29.2,2420
2024-07-10 14:28:52,1532,100,281,41.2,29.2,2714
2024-07-10 14:28:53,1532,100,281,41.2,29.3,2818
2024-07-10 14:28:54,1541,100,282,41.2,29.3,2398
2024-07-10 14:28:55,1541,100,283,41.2,29.4,2596
2024-07-10 14:28:56,1541,100,283,41.2,29.5,3082
2024-07-10 14:28:57,1541,100,284,41.2,29.5,4111
2024-07-10 14:28:58,1541,100,284,41.2,29.6,4602
2024-07-10 14:28:59,1556,100,285,41.2,29.6,4786
2024-07-10 14:29:00,1556,100,285,41.2,29.7,3835
2024-07-10 14:29:01,1556,100,286,41.2,29.7,3012
2024-07-10 14:29:02,1556,100,286,41.2,29.7,3251
2024-07-10 14:29:03,1556,100,287,41.2,29.8,3213
2024-07-10 14:29:04,1570,100,288,41.2,29.9,3046
2024-07-10 14:29:05,1570,100,288,41.3,30.0,2810
2024-07-10 14:29:06,1570,100,290,41.3,30.1,3238
2024-07-10 14:29:07,1570,100,290,41.3,30.1,3695
2024-07-10 14:29:08,1570,100,290,41.3,30.2,4447
2024-07-10 14:29:09,1581,100,290,41.3,30.2,4682
2024-07-10 14:29:10,1581,100,292,41.3,30.3,4620
2024-07-10 14:29:11,1581,100,292,41.3,30.3,4730
2024-07-10 14:29:12,1581,100,292,41.3,30.4,4775
2024-07-10 14:29:13,1581,100,292,41.3,30.4,4802
2024-07-10 14:29:14,1590,100,293,41.3,30.5,4794
2024-07-10 14:29:15,1590,100,294,41.3,30.6,4802
2024-07-10 14:29:16,1590,100,294,41.3,30.6,4792
2024-07-10 14:29:17,1590,100,295,41.3,30.7,4786
2024-07-10 14:29:18,1590,100,295,41.3,30.7,4793
2024-07-10 14:29:19,1606,100,296,41.3,30.8,4763
2024-07-10 14:29:20,1606,100,296,41.3,30.8,4775
2024-07-10 14:29:21,1606,100,297,41.3,30.8,4748
2024-07-10 14:29:22,1606,100,297,41.3,30.9,4739
2024-07-10 14:29:23,1606,100,298,41.3,31.0,4752
2024-07-10 14:29:24,1619,100,299,41.3,31.1,4753
2024-07-10 14:29:25,1619,100,299,41.3,31.1,4747
2024-07-10 14:29:26,1619,100,300,41.3,31.2,4756
2024-07-10 14:29:27,1619,100,300,41.3,31.2,4760
2024-07-10 14:29:28,1619,100,300,41.3,31.2,4757
2024-07-10 14:29:29,1629,100,301,41.4,31.3,4764
2024-07-10 14:29:30,1629,100,302,41.4,31.4,4759
2024-07-10 14:29:31,1629,100,303,41.4,31.5,4759
2024-07-10 14:29:32,1629,100,303,41.4,31.5,4774
2024-07-10 14:29:33,1629,100,304,41.4,31.6,4772
2024-07-10 14:29:34,1646,100,305,41.4,31.7,4771
2024-07-10 14:29:35,1646,100,304,41.4,31.7,4779
2024-07-10 14:29:36,1646,100,305,41.4,31.7,4776
2024-07-10 14:29:37,1646,100,306,41.4,31.9,4778
2024-07-10 14:29:38,1646,100,307,41.4,31.9,4776
2024-07-10 14:29:39,1660,100,307,41.4,31.9,4784
2024-07-10 14:29:40,1660,100,307,41.4,31.9,4780
2024-07-10 14:29:41,1660,100,308,41.4,32.0,4789
2024-07-10 14:29:42,1660,100,308,41.4,32.1,4766
2024-07-10 14:29:43,1660,100,309,41.4,32.1,4774
2024-07-10 14:29:44,1670,100,309,41.4,32.2,4772
2024-07-10 14:29:45,1670,100,310,41.4,32.2,4766
2024-07-10 14:29:46,1670,100,311,41.4,32.3,4778
2024-07-10 14:29:47,1670,100,311,41.4,32.3,4781
2024-07-10 14:29:48,1670,100,311,41.4,32.3,4784
2024-07-10 14:29:49,1682,100,312,41.4,32.4,4784
2024-07-10 14:29:50,1682,100,312,41.4,32.5,4785
2024-07-10 14:29:51,1682,100,313,41.5,32.6,4782
2024-07-10 14:29:52,1682,100,314,41.5,32.7,4785
2024-07-10 14:29:53,1682,100,314,41.5,32.7,4789
2024-07-10 14:29:54,1697,100,315,41.5,32.7,4793
2024-07-10 14:29:55,1697,100,315,41.5,32.7,4797
2024-07-10 14:29:56,1697,100,316,41.5,32.8,4792
2024-07-10 14:29:57,1697,100,317,41.5,33.0,4785
2024-07-10 14:29:58,1697,100,317,41.5,33.0,4780
2024-07-10 14:29:59,1710,100,318,41.5,33.0,4792
2024-07-10 14:30:00,1710,100,318,41.5,33.1,4776
2024-07-10 14:30:01,1710,100,319,41.5,33.2,4786
2024-07-10 14:30:02,1710,100,319,41.5,33.1,4781
2024-07-10 14:30:03,1710,100,319,41.5,33.2,4766
2024-07-10 14:30:04,1723,100,321,41.5,33.3,4770
2024-07-10 14:30:05,1723,100,320,41.5,33.3,4782
2024-07-10 14:30:06,1723,100,321,41.5,33.4,4805
2024-07-10 14:30:07,1723,100,321,41.5,33.4,4810
2024-07-10 14:30:08,1723,100,323,41.5,33.6,4822
2024-07-10 14:30:09,1734,100,323,41.5,33.6,4832
2024-07-10 14:30:10,1734,100,324,41.5,33.7,4844
2024-07-10 14:30:11,1734,100,324,41.5,33.7,4843
2024-07-10 14:30:12,1734,100,324,41.5,33.7,4836
2024-07-10 14:30:13,1734,100,325,41.6,33.8,4855
2024-07-10 14:30:14,1748,100,326,41.6,33.9,4854
2024-07-10 14:30:15,1748,100,326,41.6,33.9,4852
2024-07-10 14:30:16,1748,100,327,41.6,34.0,4854
2024-07-10 14:30:17,1748,100,327,41.6,34.0,4854
2024-07-10 14:30:18,1748,100,328,41.6,34.1,4857
2024-07-10 14:30:19,1761,100,329,41.6,34.2,4852
2024-07-10 14:30:20,1761,100,329,41.6,34.2,4758
2024-07-10 14:30:21,1761,100,330,41.6,34.3,4687
2024-07-10 14:30:22,1761,100,330,41.6,34.3,4866
2024-07-10 14:30:23,1761,100,331,41.6,34.4,4917
2024-07-10 14:30:24,1776,100,331,41.6,34.5,4877
2024-07-10 14:30:25,1776,100,331,41.6,34.5,4920
2024-07-10 14:30:26,1776,100,332,41.6,34.5,4925
2024-07-10 14:30:27,1776,100,332,41.6,34.6,4814
2024-07-10 14:30:28,1776,100,333,41.6,34.6,4569
2024-07-10 14:30:29,1786,100,333,41.6,34.6,4502
2024-07-10 14:30:30,1786,100,334,41.6,34.7,4253
2024-07-10 14:30:31,1786,100,336,41.6,34.9,3880
2024-07-10 14:30:32,1786,100,336,41.6,34.9,3836
2024-07-10 14:30:33,1786,100,336,41.6,35.0,4434
2024-07-10 14:30:34,1801,100,336,41.6,34.9,4330
2024-07-10 14:30:35,1801,100,337,41.7,35.1,4134
2024-07-10 14:30:36,1801,100,337,41.7,35.1,3817
2024-07-10 14:30:37,1801,100,338,41.7,35.1,3647
2024-07-10 14:30:38,1801,100,339,41.7,35.2,3877
2024-07-10 14:30:39,1811,100,339,41.7,35.3,3798
2024-07-10 14:30:40,1811,100,340,41.7,35.4,3687
2024-07-10 14:30:41,1811,100,340,41.7,35.4,3737
2024-07-10 14:30:42,1811,100,342,41.7,35.5,3641
2024-07-10 14:30:43,1811,100,342,41.7,35.5,3749
2024-07-10 14:30:44,1828,100,342,41.7,35.6,4146
2024-07-10 14:30:45,1828,100,342,41.7,35.6,4139
2024-07-10 14:30:46,1828,100,343,41.7,35.7,3834
2024-07-10 14:30:47,1828,100,344,41.7,35.7,4182
2024-07-10 14:30:48,1828,100,344,41.7,35.8,2909
2024-07-10 14:30:49,1842,100,345,41.7,35.9,2495
2024-07-10 14:30:50,1842,100,346,41.7,36.0,2521
2024-07-10 14:30:51,1842,100,346,41.7,36.0,2632
2024-07-10 14:30:52,1842,100,346,41.7,36.0,2557
2024-07-10 14:30:53,1842,100,347,41.7,36.1,2710
2024-07-10 14:30:54,1854,100,348,41.7,36.1,2802
2024-07-10 14:30:55,1854,100,348,41.7,36.2,2828
2024-07-10 14:30:56,1854,100,348,41.7,36.2,2974
2024-07-10 14:30:57,1854,100,349,41.7,36.3,2926
2024-07-10 14:30:58,1854,100,350,41.8,36.4,2671
2024-07-10 14:30:59,1866,100,350,41.8,36.4,2691
2024-07-10 14:31:00,1866,100,351,41.8,36.5,2834
2024-07-10 14:31:01,1866,100,351,41.8,36.5,2887
2024-07-10 14:31:02,1866,100,352,41.8,36.6,2783
2024-07-10 14:31:03,1866,100,352,41.8,36.6,2747
2024-07-10 14:31:04,1878,100,353,41.8,36.7,2747
2024-07-10 14:31:05,1878,100,353,41.8,36.7,2776
2024-07-10 14:31:06,1878,100,355,41.8,36.9,2864
2024-07-10 14:31:07,1878,100,355,41.8,36.9,3520
2024-07-10 14:31:08,1878,100,355,41.8,36.9,3840
2024-07-10 14:31:09,1892,100,356,41.8,37.0,4770
2024-07-10 14:31:10,1892,100,357,41.8,37.1,5193
2024-07-10 14:31:11,1892,100,357,41.8,37.2,5221
2024-07-10 14:31:12,1892,100,358,41.8,37.2,5088
2024-07-10 14:31:13,1892,100,359,41.8,37.3,4355
2024-07-10 14:31:14,1910,100,359,41.8,37.3,4438
2024-07-10 14:31:15,1910,100,359,41.8,37.4,4258
2024-07-10 14:31:16,1910,100,359,41.8,37.4,4075
2024-07-10 14:31:17,1910,100,360,41.8,37.5,3569
2024-07-10 14:31:18,1910,100,361,41.9,37.5,3748
2024-07-10 14:31:19,1922,100,361,41.8,37.6,4082
2024-07-10 14:31:20,1922,100,362,41.8,37.7,3297
2024-07-10 14:31:21,1922,100,362,41.9,37.7,2817
2024-07-10 14:31:22,1922,100,363,41.9,37.8,2573
2024-07-10 14:31:23,1922,100,364,41.9,37.8,2536
2024-07-10 14:31:24,1936,100,364,41.9,37.9,2468
2024-07-10 14:31:25,1936,100,365,41.9,37.9,2550
2024-07-10 14:31:26,1936,100,365,41.9,38.0,2706
2024-07-10 14:31:27,1936,100,365,41.9,38.0,2629
2024-07-10 14:31:28,1936,97,366,41.9,38.0,2328
2024-07-10 14:31:29,1946,92,366,41.9,38.1,2196
2024-07-10 14:31:30,1946,90,367,41.9,38.2,2171
2024-07-10 14:31:31,1946,91,368,41.9,38.3,2190
2024-07-10 14:31:32,1946,95,369,41.9,38.3,2282
2024-07-10 14:31:33,1946,100,369,41.9,38.4,2467
2024-07-10 14:31:34,1964,95,370,41.9,38.5,2287
2024-07-10 14:31:35,1964,100,370,41.9,38.5,2466
2024-07-10 14:31:36,1964,100,371,41.9,38.6,2488
2024-07-10 14:31:37,1964,97,372,41.9,38.7,2333
2024-07-10 14:31:38,1964,96,372,41.9,38.7,2314
2024-07-10 14:31:39,1979,94,373,41.9,38.7,2254
2024-07-10 14:31:40,1979,93,373,42.0,38.8,2230
2024-07-10 14:31:41,1979,98,374,41.9,38.9,2340
2024-07-10 14:31:42,1979,100,374,41.9,38.9,2390
2024-07-10 14:31:43,1991,94,374,42.0,38.9,2261
2024-07-10 14:31:44,1991,99,376,42.0,39.1,2376
2024-07-10 14:31:45,1991,100,376,42.0,39.1,2831
2024-07-10 14:31:46,1991,100,376,42.0,39.1,2742
2024-07-10 14:31:47,1991,100,376,42.0,39.1,2466
2024-07-10 14:31:48,2007,94,378,42.0,39.3,2257
2024-07-10 14:31:49,2007,92,378,42.0,39.3,2216
2024-07-10 14:31:50,2007,92,379,42.0,39.4,2202
2024-07-10 14:31:51,2007,90,379,42.0,39.4,2170
2024-07-10 14:31:52,2007,90,379,42.0,39.4,2170
2024-07-10 14:31:53,2017,88,381,42.0,39.6,2101
2024-07-10 14:31:54,2017,87,381,42.0,39.6,2088
2024-07-10 14:31:55,2017,88,382,42.0,39.7,2108
2024-07-10 14:31:56,2017,89,382,42.0,39.7,2132
2024-07-10 14:31:57,2017,88,382,42.0,39.8,2113
2024-07-10 14:31:58,2031,89,383,42.0,39.8,2127
2024-07-10 14:31:59,2031,90,384,42.0,39.9,2148
2024-07-10 14:32:00,2031,91,384,42.0,40.0,2184
2024-07-10 14:32:01,2031,92,385,42.0,40.0,2202
2024-07-10 14:32:02,2031,92,385,42.0,40.1,2216
2024-07-10 14:32:03,2044,92,386,42.0,40.1,2198
2024-07-10 14:32:04,2044,91,387,42.1,40.3,2178
2024-07-10 14:32:05,2044,91,388,42.1,40.3,2192
2024-07-10 14:32:06,2044,96,388,42.1,40.3,2314
2024-07-10 14:32:07,2044,96,389,42.1,40.5,2303
2024-07-10 14:32:08,2062,91,389,42.1,40.5,2173
2024-07-10 14:32:09,2062,86,390,42.1,40.6,2060
2024-07-10 14:32:10,2062,86,390,42.1,40.6,2056
2024-07-10 14:32:11,2062,85,391,42.1,40.7,2049
2024-07-10 14:32:12,2062,84,392,42.1,40.7,2014
2024-07-10 14:32:13,2073,83,392,42.1,40.7,1986
2024-07-10 14:32:14,2073,83,392,42.1,40.8,1983
2024-07-10 14:32:15,2073,82,394,42.1,41.0,1977
2024-07-10 14:32:16,2073,82,395,42.1,41.0,1979
2024-07-10 14:32:17,2073,82,395,42.1,41.0,1973
2024-07-10 14:32:18,2093,82,396,42.1,41.1,1973
2024-07-10 14:32:19,2093,82,396,42.1,41.2,1958
2024-07-10 14:32:20,2093,82,396,42.1,41.2,1961
2024-07-10 14:32:21,2093,82,397,42.1,41.3,1966
2024-07-10 14:32:22,2093,82,397,42.1,41.4,1976
2024-07-10 14:32:23,2093,83,399,42.1,41.5,1994
2024-07-10 14:32:24,2111,83,400,42.1,41.6,1998
2024-07-10 14:32:25,2111,84,400,42.1,41.6,2018
2024-07-10 14:32:26,2111,87,401,42.2,41.7,2084
2024-07-10 14:32:27,2111,86,401,42.2,41.7,2069
2024-07-10 14:32:28,2111,86,401,42.2,41.7,2073
2024-07-10 14:32:29,2122,98,401,42.2,41.7,2360
2024-07-10 14:32:30,2122,100,403,42.2,41.9,2632
2024-07-10 14:32:31,2122,100,403,42.2,41.9,2724
2024-07-10 14:32:32,2122,94,404,42.2,42.0,2252
2024-07-10 14:32:33,2139,88,405,42.2,42.1,2105
2024-07-10 14:32:34,2139,86,405,42.2,42.1,2068
2024-07-10 14:32:35,2139,85,406,42.2,42.2,2050
2024-07-10 14:32:36,2139,85,406,42.2,42.2,2049
2024-07-10 14:32:37,2139,85,406,42.2,42.2,2041
2024-07-10 14:32:38,2152,86,407,42.2,42.3,2057
2024-07-10 14:32:39,2152,83,408,42.2,42.4,1982
2024-07-10 14:32:40,2152,83,408,42.2,42.4,1982
2024-07-10 14:32:41,2152,81,409,42.2,42.5,1949
2024-07-10 14:32:42,2152,80,410,42.2,42.7,1925
2024-07-10 14:32:43,2168,80,411,42.2,42.7,1930
2024-07-10 14:32:44,2168,80,411,42.2,42.7,1915
2024-07-10 14:32:45,2168,80,411,42.2,42.7,1911
2024-07-10 14:32:46,2168,80,409,42.2,42.6,1921
2024-07-10 14:32:47,2168,81,408,42.2,42.4,1934
2024-07-10 14:32:48,2158,82,409,42.2,42.5,1959
2024-07-10 14:32:49,2158,83,408,42.2,42.4,1989
2024-07-10 14:32:50,2158,83,409,42.2,42.5,2002
2024-07-10 14:32:51,2158,84,412,42.3,42.9,2023
2024-07-10 14:32:52,2158,86,419,42.3,43.5,2059
2024-07-10 14:32:53,2214,87,420,42.3,43.6,2083
2024-07-10 14:32:54,2214,88,419,42.3,43.6,2117
2024-07-10 14:32:55,2214,90,422,42.3,43.9,2157
2024-07-10 14:32:56,2214,92,423,42.4,44.0,2207
2024-07-10 14:32:57,2214,95,427,42.4,44.4,2273
2024-07-10 14:32:58,2254,99,427,42.4,44.4,2368
2024-07-10 14:32:59,2254,100,431,42.5,44.9,2509
2024-07-10 14:33:00,2254,100,434,42.5,45.1,2828
2024-07-10 14:33:01,2254,100,435,42.5,45.3,3511
2024-07-10 14:33:02,2254,100,437,42.5,45.5,3068
2024-07-10 14:33:03,2310,100,438,42.5,45.6,2698
2024-07-10 14:33:04,2310,100,442,42.6,46.0,2600
2024-07-10 14:33:05,2310,100,443,42.6,46.0,2617
2024-07-10 14:33:06,2310,100,445,42.6,46.2,2772
2024-07-10 14:33:07,2310,100,447,42.6,46.4,2991
2024-07-10 14:33:08,2386,100,452,42.7,47.0,2931
2024-07-10 14:33:09,2386,100,454,42.7,47.2,2950
2024-07-10 14:33:10,2386,100,454,42.7,47.2,2918
2024-07-10 14:33:11,2386,100,455,42.7,47.3,2838
2024-07-10 14:33:12,2386,100,459,42.8,47.8,3227
2024-07-10 14:33:13,2430,100,461,42.8,47.9,4123
2024-07-10 14:33:14,2430,100,462,42.8,48.1,3900
2024-07-10 14:33:15,2430,100,465,42.8,48.3,2959
2024-07-10 14:33:16,2430,100,467,42.8,48.6,2713
2024-07-10 14:33:17,2430,100,473,42.9,49.1,2605
2024-07-10 14:33:18,2494,100,473,42.9,49.2,2621
2024-07-10 14:33:19,2494,100,474,42.9,49.3,2676
2024-07-10 14:33:20,2494,100,475,42.9,49.4,2935
2024-07-10 14:33:21,2494,100,479,43.0,49.8,3026
2024-07-10 14:33:22,2494,100,480,43,49.9,3102
2024-07-10 14:33:23,2552,100,483,43.0,50.2,3283
2024-07-10 14:33:24,2552,100,484,43.1,50.7,3577
2024-07-10 14:33:25,2552,100,489,43.1,50.9,3762
2024-07-10 14:33:26,2552,100,491,43.1,51.0,3762
2024-07-10 14:33:27,2552,100,491,43.1,51.0,4178
2024-07-10 14:33:28,2617,100,495,43.1,51.5,3687
2024-07-10 14:33:29,2617,100,496,43.2,51.6,2967
2024-07-10 14:33:30,2617,100,498,43.2,51.8,2887
2024-07-10 14:33:31,2617,100,500,43.2,52.2,2867
2024-07-10 14:33:32,2617,100,502,43.2,52.2,2877
2024-07-10 14:33:33,2651,100,502,43.2,52.2,2998
2024-07-10 14:33:34,2651,100,501,43.2,52.1,2885
2024-07-10 14:33:35,2651,100,500,43.2,52.0,2853
2024-07-10 14:33:36,2651,100,500,43.2,52.0,2963
2024-07-10 14:33:37,2651,100,501,43.2,52.1,2994
2024-07-10 14:33:38,2645,100,502,43.2,52.2,3137
2024-07-10 14:33:39,2645,100,502,43.2,52.2,2927
2024-07-10 14:33:40,2645,100,503,43.2,52.3,3035
2024-07-10 14:33:41,2645,100,503,43.2,52.3,3052
2024-07-10 14:33:42,2645,100,504,43.2,52.4,3005
2024-07-10 14:33:43,2655,100,502,43.2,52.2,3059
2024-07-10 14:33:44,2655,100,502,43.1,52.1,3177
2024-07-10 14:33:45,2655,100,502,43.1,52.2,3072
2024-07-10 14:33:46,2655,100,502,43.1,52.2,3010
2024-07-10 14:33:47,2655,100,503,43.1,52.3,3156
2024-07-10 14:33:48,2651,100,503,43.1,52.3,3175
2024-07-10 14:33:49,2651,100,504,43.1,52.4,3272
2024-07-10 14:33:50,2651,100,504,43.1,52.4,3381
2024-07-10 14:33:51,2651,100,504,43.1,52.4,3428
2024-07-10 14:33:52,2651,100,505,43.1,52.5,3409
2024-07-10 14:33:53,2662,100,505,43.1,52.5,3317
2024-07-10 14:33:54,2662,100,505,43.1,52.5,3247
2024-07-10 14:33:55,2662,100,504,43.1,52.5,3341
2024-07-10 14:33:56,2662,100,504,43.1,52.4,3291
2024-07-10 14:33:57,2662,100,505,43.1,52.5,3435
2024-07-10 14:33:58,2660,100,505,43.1,52.5,3648
2024-07-10 14:33:59,2660,100,505,43.1,52.5,3969
2024-07-10 14:34:00,2660,100,504,43.1,52.4,4429
2024-07-10 14:34:01,2660,100,504,43.1,52.4,5034
2024-07-10 14:34:02,2660,100,504,43.1,52.4,5371
2024-07-10 14:34:03,2658,100,505,43.1,52.5,4138
2024-07-10 14:34:04,2658,100,505,43.1,52.5,3484
2024-07-10 14:34:05,2658,100,505,43.1,52.5,3424
2024-07-10 14:34:06,2658,100,506,43.1,52.6,3342
2024-07-10 14:34:07,2658,100,506,43.1,52.6,3371
2024-07-10 14:34:08,2666,100,506,43.1,52.6,3464
2024-07-10 14:34:09,2666,100,506,43.1,52.6,3402
2024-07-10 14:34:10,2666,100,507,43.1,52.7,3614
2024-07-10 14:34:11,2666,100,506,43.1,52.6,3614
2024-07-10 14:34:12,2666,100,507,43.1,52.7,3938
2024-07-10 14:34:13,2663,100,506,43.1,52.6,3852
2024-07-10 14:34:14,2663,100,506,43.1,52.6,3971
2024-07-10 14:34:15,2663,100,506,43.1,52.6,3971
2024-07-10 14:34:16,2663,100,506,43.1,52.6,3968
2024-07-10 14:34:17,2663,100,507,43.1,52.7,4135
2024-07-10 14:34:18,2668,100,507,43.1,52.7,4360
2024-07-10 14:34:19,2668,100,508,43.1,52.8,4600
2024-07-10 14:34:20,2668,100,508,43.1,52.8,4742
2024-07-10 14:34:21,2668,100,507,43.1,52.7,4880
2024-07-10 14:34:22,2668,100,507,43.0,52.7,4950
2024-07-10 14:34:23,2668,100,507,43.1,52.8,4906
2024-07-10 14:34:24,2668,100,508,43.0,52.8,5127
2024-07-10 14:34:25,2668,100,506,43.0,52.6,5371
2024-07-10 14:34:26,2668,100,507,43.0,52.7,5105
2024-07-10 14:34:27,2668,100,507,43.0,52.7,5260
2024-07-10 14:34:28,2669,100,508,43.0,52.8,4490
2024-07-10 14:34:29,2669,100,508,43.0,52.8,4020
2024-07-10 14:34:30,2669,100,508,43.0,52.9,4022
2024-07-10 14:34:31,2669,100,508,43.0,52.8,4041
2024-07-10 14:34:32,2669,100,508,43.0,52.8,4077
2024-07-10 14:34:33,2664,100,507,43.0,52.7,4127
2024-07-10 14:34:34,2664,100,507,43.0,52.7,4459
2024-07-10 14:34:35,2664,100,507,43.0,52.7,4256
2024-07-10 14:34:36,2664,100,507,43.0,52.7,4854
2024-07-10 14:34:37,2664,100,509,43.0,52.9,5476
2024-07-10 14:34:38,2673,100,509,43.0,52.9,5637
2024-07-10 14:34:39,2673,100,509,43.0,53.0,5656
2024-07-10 14:34:40,2673,100,510,43.0,53.0,4693
2024-07-10 14:34:41,2673,100,510,43.0,53.0,4399
2024-07-10 14:34:42,2673,100,509,43.0,53.0,4085
2024-07-10 14:34:43,2669,100,508,43.0,52.8,3880
2024-07-10 14:34:44,2669,100,508,43.0,52.8,3650
2024-07-10 14:34:45,2669,100,509,43.0,52.9,3649
2024-07-10 14:34:46,2669,100,509,43.0,52.9,4165
2024-07-10 14:34:47,2669,100,509,43.0,53.0,4897
2024-07-10 14:34:48,2676,100,510,43.0,53.0,3798
2024-07-10 14:34:49,2676,100,510,43.0,53.1,3204
2024-07-10 14:34:50,2676,100,508,42.9,52.8,3238
2024-07-10 14:34:51,2676,100,507,42.9,52.7,3037
2024-07-10 14:34:52,2676,100,508,42.9,52.9,2826
2024-07-10 14:34:53,2668,100,508,42.9,52.9,2888
2024-07-10 14:34:54,2668,100,508,42.9,52.9,3143
2024-07-10 14:34:55,2668,100,509,42.9,52.9,3065
2024-07-10 14:34:56,2668,100,509,42.9,53.0,3065
2024-07-10 14:34:57,2668,100,510,42.9,53.0,2760
2024-07-10 14:34:58,2676,100,510,42.9,53.1,2549
2024-07-10 14:34:59,2676,100,511,42.9,53.1,2484
2024-07-10 14:35:00,2676,100,511,42.9,53.2,2464
2024-07-10 14:35:01,2676,100,510,42.9,53.1,2483
2024-07-10 14:35:02,2676,100,510,42.9,53.1,2536
2024-07-10 14:35:03,2669,100,509,42.9,52.9,2486
2024-07-10 14:35:04,2669,99,509,42.9,52.9,2365
2024-07-10 14:35:05,2669,96,510,42.9,53.0,2295
2024-07-10 14:35:06,2669,95,509,42.8,52.9,2276
2024-07-10 14:35:07,2669,96,495,42.7,51.4,2311
2024-07-10 14:35:08,2517,98,484,42.5,50.0,2360
2024-07-10 14:35:09,2517,100,486,42.6,50.5,2422
2024-07-10 14:35:10,2517,100,494,42.7,51.4,2514
2024-07-10 14:35:11,2517,91,495,42.7,51.4,2180
2024-07-10 14:35:12,2517,89,494,42.7,51.4,2124
2024-07-10 14:35:13,2444,88,487,42.6,50.6,2102
2024-07-10 14:35:14,2444,87,445,42.1,46.2,2096
2024-07-10 14:35:15,2444,89,439,42.0,45.7,2143
2024-07-10 14:35:16,2444,90,460,42.2,47.8,2162
2024-07-10 14:35:17,2444,89,461,42.2,47.5,2129
2024-07-10 14:35:18,2372,90,454,42.2,47.2,2153
2024-07-10 14:35:19,2372,91,456,42.2,47.4,2172
2024-07-10 14:35:20,2372,91,458,42.2,47.7,2184
2024-07-10 14:35:21,2372,92,462,42.3,48.0,2197
2024-07-10 14:35:22,2372,93,464,42.3,48.3,2238
2024-07-10 14:35:23,2440,100,467,42.3,48.6,2480
2024-07-10 14:35:24,2440,100,467,42.3,48.6,2547
2024-07-10 14:35:25,2440,100,470,42.3,48.9,2494
2024-07-10 14:35:26,2440,98,471,42.4,48.9,2361
2024-07-10 14:35:27,2440,95,475,42.4,49.4,2268
2024-07-10 14:35:28,2482,94,475,42.4,49.4,2245
2024-07-10 14:35:29,2482,92,477,42.4,49.6,2207
2024-07-10 14:35:30,2482,95,481,42.5,50.0,2272
2024-07-10 14:35:31,2482,94,482,42.5,50.1,2245
2024-07-10 14:35:32,2482,92,473,42.4,49.1,2209
2024-07-10 14:35:33,2461,92,471,42.4,49.0,2216
2024-07-10 14:35:34,2461,92,475,42.4,49.4,2203
2024-07-10 14:35:35,2461,92,475,42.4,49.4,2217
2024-07-10 14:35:36,2461,94,475,42.4,49.4,2264
2024-07-10 14:35:37,2461,96,475,42.4,49.4,2297
2024-07-10 14:35:38,2475,96,474,42.4,49.3,2309
2024-07-10 14:35:39,2475,99,474,42.4,49.4,2365
2024-07-10 14:35:40,2475,100,478,42.4,49.7,2416
2024-07-10 14:35:41,2475,100,483,42.5,50.2,2494
2024-07-10 14:35:42,2475,100,483,42.5,50.2,2592
2024-07-10 14:35:43,2526,100,485,42.5,50.4,2721
2024-07-10 14:35:44,2526,100,487,42.5,50.7,2721
2024-07-10 14:35:45,2526,100,489,42.5,50.8,2654
2024-07-10 14:35:46,2526,100,490,42.5,50.9,2560
2024-07-10 14:35:47,2526,100,494,42.6,51.4,2569
2024-07-10 14:35:48,2602,100,497,42.6,51.7,2585
2024-07-10 14:35:49,2602,100,498,42.6,51.8,2592
2024-07-10 14:35:50,2602,100,500,42.6,51.9,2587
2024-07-10 14:35:51,2602,100,501,42.7,52.1,2610
2024-07-10 14:35:52,2602,100,505,42.7,52.5,2737
2024-07-10 14:35:53,2641,100,505,42.7,52.5,2834
2024-07-10 14:35:54,2641,100,509,42.7,52.9,3237
2024-07-10 14:35:55,2641,100,511,42.8,53.1,3577
2024-07-10 14:35:56,2641,100,511,42.8,53.1,3044
2024-07-10 14:35:57,2641,100,510,42.8,53.1,2843
2024-07-10 14:35:58,2663,100,510,42.7,53.0,3029
2024-07-10 14:35:59,2663,100,509,42.7,52.8,2918
2024-07-10 14:36:00,2663,100,508,42.7,52.8,2638
2024-07-10 14:36:01,2663,100,509,42.7,52.9,2716
2024-07-10 14:36:02,2663,100,509,42.7,52.9,2771
2024-07-10 14:36:03,2660,100,509,42.7,52.9,2591
2024-07-10 14:36:04,2660,100,510,42.7,53,2532
2024-07-10 14:36:05,2660,100,511,42.7,53.1,2434
2024-07-10 14:36:06,2660,100,511,42.7,53.2,2447
2024-07-10 14:36:07,2660,100,511,42.7,53.1,2458
2024-07-10 14:36:08,2662,100,511,42.7,53.1,2458
2024-07-10 14:36:09,2662,99,509,42.7,52.9,2381
2024-07-10 14:36:10,2662,99,509,42.7,52.8,2376
2024-07-10 14:36:11,2662,100,507,42.7,52.7,2563
2024-07-10 14:36:12,2662,100,504,42.6,52.5,3030
2024-07-10 14:36:13,2634,100,504,42.6,52.4,3278
2024-07-10 14:36:14,2634,100,509,42.6,52.9,3293
2024-07-10 14:36:15,2634,100,511,42.7,53.1,3352
2024-07-10 14:36:16,2634,100,512,42.7,53.3,2873
2024-07-10 14:36:17,2634,100,512,42.7,53.2,2558
2024-07-10 14:36:18,2667,94,509,42.7,52.9,2246
2024-07-10 14:36:19,2667,94,509,42.6,53.0,2260
2024-07-10 14:36:20,2667,97,491,42.5,51.0,2325
2024-07-10 14:36:21,2667,92,473,42.2,48.5,2219
2024-07-10 14:36:22,2667,93,475,42.2,49.4,2232
2024-07-10 14:36:23,2511,92,484,42.3,50.3,2203
2024-07-10 14:36:24,2511,94,478,42.3,49.7,2255
2024-07-10 14:36:25,2511,96,473,42.2,49.1,2311
2024-07-10 14:36:26,2511,91,474,42.2,49.2,2189
2024-07-10 14:36:27,2511,92,478,42.3,49.7,2196
2024-07-10 14:36:28,2489,91,478,42.3,49.7,2185
2024-07-10 14:36:29,2489,88,469,42.1,48.7,2120
2024-07-10 14:36:30,2489,88,463,42.1,48.2,2122
2024-07-10 14:36:31,2489,89,461,42.1,48.0,2126
2024-07-10 14:36:32,2489,89,456,42.0,47.4,2126
2024-07-10 14:36:33,2370,90,456,42.0,47.4,2156
2024-07-10 14:36:34,2370,91,458,42.0,47.6,2181
2024-07-10 14:36:35,2370,91,462,42.0,48.0,2190
2024-07-10 14:36:36,2370,93,463,42.1,48.2,2222
2024-07-10 14:36:37,2370,96,464,42.1,48.3,2307
2024-07-10 14:36:38,2438,100,469,42.1,48.8,2412
2024-07-10 14:36:39,2438,100,472,42.2,49.1,2525
2024-07-10 14:36:40,2438,100,473,42.2,49.2,2555
2024-07-10 14:36:41,2438,100,474,42.2,49.2,2525
2024-07-10 14:36:42,2438,100,474,42.2,49.3,2394
2024-07-10 14:36:43,2486,100,479,42.2,49.8,2462
2024-07-10 14:36:44,2486,100,479,42.3,49.8,2582
2024-07-10 14:36:45,2486,100,481,42.3,50.0,2776
2024-07-10 14:36:46,2486,100,484,42.3,50.3,2835
2024-07-10 14:36:47,2486,100,490,42.4,50.9,2959
2024-07-10 14:36:48,2556,100,491,42.4,51.0,3206
2024-07-10 14:36:49,2556,100,491,42.4,51.0,3526
2024-07-10 14:36:50,2556,100,491,42.4,51.1,3775
2024-07-10 14:36:51,2556,100,493,42.4,51.3,3455
2024-07-10 14:36:52,2556,100,497,42.4,51.7,3638
2024-07-10 14:36:53,2603,100,498,42.5,51.8,3622
2024-07-10 14:36:54,2603,100,503,42.5,52.3,3509
2024-07-10 14:36:55,2603,100,505,42.5,52.5,3596
2024-07-10 14:36:56,2603,100,506,42.5,52.6,3613
2024-07-10 14:36:57,2603,100,506,42.6,52.7,3841
2024-07-10 14:36:58,2654,100,509,42.6,52.9,3791
2024-07-10 14:36:59,2654,100,509,42.6,52.9,4023
2024-07-10 14:37:00,2654,100,510,42.6,53.0,4051
2024-07-10 14:37:01,2654,100,510,42.6,53.1,4365
2024-07-10 14:37:02,2654,100,510,42.6,53.1,4194
2024-07-10 14:37:03,2660,100,510,42.6,53.0,4077
2024-07-10 14:37:04,2660,100,510,42.6,53.0,3669
2024-07-10 14:37:05,2660,100,509,42.6,53.0,3655
2024-07-10 14:37:06,2660,100,509,42.5,52.9,3380
2024-07-10 14:37:07,2660,100,509,42.5,52.9,3475
2024-07-10 14:37:08,2654,100,509,42.5,52.9,3519
2024-07-10 14:37:09,2654,100,510,42.5,53.0,3373
2024-07-10 14:37:10,2654,100,510,42.5,53.0,3451
2024-07-10 14:37:11,2654,100,510,42.5,53.1,3405
2024-07-10 14:37:12,2654,100,510,42.5,52.9,3182
2024-07-10 14:37:13,2653,100,508,42.5,52.9,2861
2024-07-10 14:37:14,2653,100,509,42.5,52.9,3004
2024-07-10 14:37:15,2653,100,509,42.5,53.0,3840
2024-07-10 14:37:16,2653,100,509,42.5,53.0,3728
2024-07-10 14:37:17,2653,100,510,42.5,53.0,3728
2024-07-10 14:37:18,2655,100,510,42.5,53.1,3568
2024-07-10 14:37:19,2655,100,510,42.5,53.1,3339
2024-07-10 14:37:20,2655,100,511,42.5,53.1,3169
2024-07-10 14:37:21,2655,100,511,42.5,53.1,2979
2024-07-10 14:37:22,2655,100,511,42.5,53.1,2926
2024-07-10 14:37:23,2661,100,511,42.5,53.1,3044
2024-07-10 14:37:24,2661,100,510,42.5,53.0,3044
2024-07-10 14:37:25,2661,100,510,42.5,53.0,3166
2024-07-10 14:37:26,2661,100,510,42.5,53.0,3107
2024-07-10 14:37:27,2661,100,510,42.5,53.1,3162
2024-07-10 14:37:28,2656,100,510,42.5,53.1,3006
2024-07-10 14:37:29,2656,100,510,42.5,53.0,2801
2024-07-10 14:37:30,2656,100,511,42.5,53.1,2772
2024-07-10 14:37:31,2656,100,511,42.5,53.1,3535
2024-07-10 14:37:32,2656,100,512,42.5,53.2,4072
2024-07-10 14:37:33,2652,100,509,42.5,52.9,4180
2024-07-10 14:37:34,2652,100,509,42.5,52.9,3527
2024-07-10 14:37:35,2652,100,510,42.5,53.0,3708
2024-07-10 14:37:36,2652,100,510,42.5,53.0,3742
2024-07-10 14:37:37,2652,100,511,42.5,53.1,3536
2024-07-10 14:37:38,2660,100,511,42.5,53.2,3122
2024-07-10 14:37:39,2660,100,511,42.5,53.2,3652
2024-07-10 14:37:40,2660,100,512,42.5,53.2,3847
2024-07-10 14:37:41,,,,,,3883
2024-07-10 14:37:42,2660,100,511,42.5,53.2,3489
2024-07-10 14:37:43,2654,100,511,42.5,53.0,3449
2024-07-10 14:37:44,2654,100,510,42.5,53.0,3330
2024-07-10 14:37:45,2654,100,510,42.5,53.1,3670
2024-07-10 14:37:46,2654,100,510,42.5,53.0,4055
2024-07-10 14:37:47,,100,510,42.5,53.0,4272
2024-07-10 14:37:48,2654,100,511,42.5,53.1,4530
2024-07-10 14:37:49,2658,100,511,42.5,53.1,5044
2024-07-10 14:37:50,2658,100,511,42.5,53.2,5063
2024-07-10 14:37:51,2658,100,511,42.5,53.2,4750
2024-07-10 14:37:52,,100,511,42.4,53.1,4615
2024-07-10 14:37:53,2656,100,511,42.4,53.1,4426
2024-07-10 14:37:54,2656,100,510,42.4,53.0,4280
2024-07-10 14:37:55,,100,510,42.4,53.0,4122
2024-07-10 14:37:56,2656,100,510,42.4,53.1,4198
2024-07-10 14:37:57,2656,,,,,4362
2024-07-10 14:37:58,2656,100,510,42.4,53.1,4154
2024-07-10 14:37:59,2657,100,511,42.4,53.1,4218
2024-07-10 14:38:00,2657,100,511,42.4,53.1,4074
2024-07-10 14:38:01,2657,100,511,42.4,53.1,3962
2024-07-10 14:38:02,2657,100,511,42.4,53.2,4181
2024-07-10 14:38:03,2657,100,511,42.4,53.2,3804
2024-07-10 14:38:04,2662,100,512,42.4,53.2,3677
2024-07-10 14:38:05,2662,100,511,42.4,53.2,3701
2024-07-10 14:38:06,2662,100,510,42.4,53.0,3946
2024-07-10 14:38:07,2662,100,510,42.4,53.0,3946
2024-07-10 14:38:08,2662,100,510,42.4,53.0,3985
2024-07-10 14:38:09,2654,100,510,42.4,53.1,4385
2024-07-10 14:38:10,2654,100,511,42.4,53.1,4384
2024-07-10 14:38:11,2654,100,511,42.4,53.1,4093
2024-07-10 14:38:12,2654,100,511,42.4,53.2,4038
2024-07-10 14:38:13,2654,100,511,42.4,53.1,4236
2024-07-10 14:38:14,2661,100,512,42.4,53.2,4316
2024-07-10 14:38:15,2661,100,512,42.4,53.3,4268
2024-07-10 14:38:16,2661,100,512,42.4,53.3,4137
2024-07-10 14:38:17,2661,100,511,42.4,53.1,4307
2024-07-10 14:38:18,2661,100,510,42.4,53.1,4193
2024-07-10 14:38:19,2654,100,511,42.4,53.1,3997
2024-07-10 14:38:20,2654,100,511,42.4,53.1,4010
2024-07-10 14:38:21,2654,100,511,42.4,53.2,4058
2024-07-10 14:38:22,2654,100,512,42.4,53.2,4158
2024-07-10 14:38:23,2654,100,510,42.4,53.1,4151
2024-07-10 14:38:24,2653,100,510,42.4,53.1,3942
2024-07-10 14:38:25,2653,100,511,42.4,53.1,3942
2024-07-10 14:38:26,2653,100,511,42.4,53.1,4010
2024-07-10 14:38:27,2653,100,511,42.4,53.1,4002
2024-07-10 14:38:28,2653,100,511,42.4,53.2,4018
2024-07-10 14:38:29,2658,100,511,42.4,53.2,4347
2024-07-10 14:38:30,2658,100,512,42.4,53.2,4660
2024-07-10 14:38:31,2658,100,512,42.4,53.2,4478
2024-07-10 14:38:32,2658,100,511,42.4,53.2,4435
2024-07-10 14:38:33,2658,100,511,42.4,53.2,4413
2024-07-10 14:38:34,2658,100,512,42.4,53.2,4488
2024-07-10 14:38:35,2658,100,511,42.3,53.2,4657
2024-07-10 14:38:36,2658,100,510,42.3,53.0,4677
2024-07-10 14:38:37,2658,100,510,42.3,53.0,4717
2024-07-10 14:38:38,2658,100,510,42.3,53.0,4609
2024-07-10 14:38:39,2651,100,510,42.3,53.1,4591
2024-07-10 14:38:40,2651,100,511,42.3,53.1,4763
2024-07-10 14:38:41,2651,100,512,42.3,53.2,4873
2024-07-10 14:38:42,2651,100,512,42.3,53.2,4704
2024-07-10 14:38:43,2651,100,512,42.3,53.3,4503
2024-07-10 14:38:44,2662,100,513,42.3,53.3,4729
2024-07-10 14:38:45,2662,100,512,42.3,53.2,4854
2024-07-10 14:38:46,2662,100,512,42.3,53.2,4936
2024-07-10 14:38:47,2662,100,511,42.3,53.1,4746
2024-07-10 14:38:48,2662,100,511,42.3,53.2,4503
2024-07-10 14:38:49,2656,100,512,42.3,53.2,4635
2024-07-10 14:38:50,2656,100,512,42.3,53.2,4643
2024-07-10 14:38:51,2656,100,512,42.3,53.2,4525
2024-07-10 14:38:52,2656,100,511,42.3,53.1,4610
2024-07-10 14:38:53,2656,100,510,42.3,53.0,4822
2024-07-10 14:38:54,2649,100,510,42.3,53.0,4822
2024-07-10 14:38:55,2649,100,510,42.3,53.0,4892
2024-07-10 14:38:56,2649,100,510,42.3,53.1,4410
2024-07-10 14:38:57,2649,100,510,42.3,53.2,4244
2024-07-10 14:38:58,2649,100,513,42.3,53.3,4403
2024-07-10 14:38:59,2666,100,513,42.3,53.4,4375
2024-07-10 14:39:00,2666,100,512,42.3,53.3,4308
2024-07-10 14:39:01,2666,100,510,42.3,53.1,4171
2024-07-10 14:39:02,2666,100,511,42.3,53.1,4216
2024-07-10 14:39:03,2666,100,511,42.3,53.1,4520
2024-07-10 14:39:04,2653,100,511,42.3,53.2,4581
2024-07-10 14:39:05,2653,100,511,42.3,53.2,4629
2024-07-10 14:39:06,2653,100,512,42.3,53.2,4822
2024-07-10 14:39:07,2653,100,512,42.3,53.2,4740
2024-07-10 14:39:08,2653,100,512,42.3,53.2,4679
2024-07-10 14:39:09,2658,100,512,42.3,53.3,4957
2024-07-10 14:39:10,2658,100,511,42.3,53.2,4999
2024-07-10 14:39:11,2658,100,511,42.3,53.1,4989
2024-07-10 14:39:12,2658,100,510,42.3,53.1,4968
2024-07-10 14:39:13,2658,100,510,42.3,53.1,4962
2024-07-10 14:39:14,2651,100,511,42.3,53.1,4957
2024-07-10 14:39:15,2651,100,511,42.3,53.1,4964
2024-07-10 14:39:16,2651,100,512,42.3,53.2,4980
2024-07-10 14:39:17,2651,100,512,42.3,53.3,4973
2024-07-10 14:39:18,2651,100,512,42.3,53.3,4987
2024-07-10 14:39:19,2662,100,513,42.3,53.4,4955
2024-07-10 14:39:20,2662,100,512,42.3,53.2,4904
2024-07-10 14:39:21,2662,100,511,42.2,53.1,4980
2024-07-10 14:39:22,2662,100,511,42.2,53.2,4842
2024-07-10 14:39:23,2662,100,512,42.3,53.2,4753
2024-07-10 14:39:24,2655,100,512,42.2,53.2,4851
2024-07-10 14:39:25,2655,100,512,42.2,53.2,4335
2024-07-10 14:39:26,2655,100,512,42.2,53.3,3996
2024-07-10 14:39:27,2655,100,511,42.2,53.1,3612
2024-07-10 14:39:28,2655,100,510,42.2,53.0,3340
2024-07-10 14:39:29,2647,100,510,42.2,53.1,3535
2024-07-10 14:39:30,2647,100,511,42.2,53.1,4231
2024-07-10 14:39:31,2647,100,511,42.2,53.1,4265
2024-07-10 14:39:32,2647,100,512,42.2,53.2,3707
2024-07-10 14:39:33,2647,100,512,42.2,53.2,3920
2024-07-10 14:39:34,2658,100,512,42.2,53.3,3865
2024-07-10 14:39:35,2658,100,513,42.2,53.3,4208
2024-07-10 14:39:36,2658,100,512,42.2,53.3,4249
2024-07-10 14:39:37,2658,100,513,42.2,53.3,4209
2024-07-10 14:39:38,2658,100,511,42.2,53.1,4481
2024-07-10 14:39:39,2651,100,511,42.2,53.1,4423
2024-07-10 14:39:40,2651,100,511,42.2,53.2,4729
2024-07-10 14:39:41,2651,100,512,42.2,53.2,4729
2024-07-10 14:39:42,2651,100,512,42.2,53.2,4796
2024-07-10 14:39:43,2651,100,512,42.2,53.2,4861
2024-07-10 14:39:44,2656,100,512,42.2,53.3,4913
2024-07-10 14:39:45,2656,100,512,42.2,53.3,4973
2024-07-10 14:39:46,2656,100,512,42.2,53.2,4944
2024-07-10 14:39:47,2656,100,512,42.2,53.2,4940
2024-07-10 14:39:48,2656,100,511,42.2,53.1,4978
2024-07-10 14:39:49,2649,100,511,42.2,53.1,4958
2024-07-10 14:39:50,2649,100,511,42.2,53.1,5044
2024-07-10 14:39:51,2649,100,511,42.2,53.1,5046
2024-07-10 14:39:52,2649,100,511,42.2,53.2,5053
2024-07-10 14:39:53,2649,100,511,42.2,53.2,5059
2024-07-10 14:39:54,2654,100,513,42.2,53.3,5069
2024-07-10 14:39:55,2654,100,513,42.2,53.3,5061
2024-07-10 14:39:56,2654,100,514,42.2,53.4,5052
2024-07-10 14:39:57,2654,100,513,42.2,53.3,5057
2024-07-10 14:39:58,2654,100,511,42.2,53.1,5017
2024-07-10 14:39:59,2651,100,511,42.2,53.1,5007
2024-07-10 14:40:00,2651,100,511,42.2,53.2,4978
2024-07-10 14:40:01,2651,100,511,42.2,53.2,4725
2024-07-10 14:40:02,2651,100,512,42.2,53.3,4806
2024-07-10 14:40:03,2651,100,512,42.2,53.2,5014
2024-07-10 14:40:04,2655,100,512,42.2,53.3,5020
2024-07-10 14:40:05,2655,100,510,42.1,53.1,4896
2024-07-10 14:40:06,2655,100,510,42.1,53.1,4943
2024-07-10 14:40:07,2655,100,511,42.1,53.1,4966
2024-07-10 14:40:08,2655,100,511,42.1,53.1,4779
2024-07-10 14:40:09,2650,100,512,42.1,53.2,4780
2024-07-10 14:40:10,2650,100,512,42.2,53.3,4449
2024-07-10 14:40:11,2650,100,512,42.2,53.3,4412
2024-07-10 14:40:12,2650,100,513,42.2,53.3,4418
2024-07-10 14:40:13,2650,100,512,42.2,53.3,4302
2024-07-10 14:40:14,2657,100,513,42.1,53.3,4417
2024-07-10 14:40:15,2657,100,512,42.2,53.3,3944
2024-07-10 14:40:16,2657,100,512,42.1,53.2,3444
2024-07-10 14:40:17,2657,100,510,42.1,53.1,3535
2024-07-10 14:40:18,2657,100,510,42.1,53.1,3811
2024-07-10 14:40:19,2645,100,510,42.1,53.1,3984
2024-07-10 14:40:20,2645,100,511,42.1,53.1,4284
2024-07-10 14:40:21,2645,100,511,42.1,53.1,4290
2024-07-10 14:40:22,2645,100,512,42.1,53.2,3874
2024-07-10 14:40:23,2645,100,512,42.1,53.3,4378
2024-07-10 14:40:24,2656,100,513,42.1,53.3,4085
2024-07-10 14:40:25,2656,100,512,42.1,53.3,3406
2024-07-10 14:40:26,2656,100,513,42.1,53.3,3383
2024-07-10 14:40:27,2656,100,513,42.1,53.3,3674
2024-07-10 14:40:28,2656,100,512,42.1,53.2,3674
2024-07-10 14:40:29,2643,100,510,42.1,53.0,3795
2024-07-10 14:40:30,2643,100,510,42.1,53.0,4029
2024-07-10 14:40:31,2643,100,510,42.1,53.1,4054
2024-07-10 14:40:32,2643,100,512,42.1,53.2,3807
2024-07-10 14:40:33,2643,100,513,42.1,53.3,4290
2024-07-10 14:40:34,2659,100,513,42.1,53.4,4224
2024-07-10 14:40:35,2659,100,514,42.1,53.4,3547
2024-07-10 14:40:36,2659,100,513,42.1,53.3,3305
2024-07-10 14:40:37,2659,100,511,42.1,53.2,3267
2024-07-10 14:40:38,2659,100,511,42.1,53.1,3162
2024-07-10 14:40:39,2646,100,511,42.1,53.1,3154
2024-07-10 14:40:40,2646,100,511,42.1,53.1,3187
2024-07-10 14:40:41,2646,100,511,42.1,53.2,3233
2024-07-10 14:40:42,2646,100,512,42.1,53.2,3298
2024-07-10 14:40:43,2646,100,512,42.1,53.2,3176
2024-07-10 14:40:44,2651,100,512,42.1,53.2,2970
2024-07-10 14:40:45,2651,100,512,42.1,53.2,3088
2024-07-10 14:40:46,2651,100,512,42.1,53.2,3456
2024-07-10 14:40:47,2651,100,512,42.1,53.3,3749
2024-07-10 14:40:48,2651,100,512,42.1,53.2,
2024-07-10 14:40:49,2651,100,512,42.1,53.2,5326
2024-07-10 14:40:50,2654,100,512,42.1,53.3,5304
2024-07-10 14:40:51,2654,100,513,42.1,53.3,5063
2024-07-10 14:40:52,2654,100,512,42.1,53.2,4547
2024-07-10 14:40:53,2654,100,511,42.1,53.2,3862
2024-07-10 14:40:54,2645,100,510,42.0,53.0,3043
2024-07-10 14:40:55,2645,100,510,42.0,53.1,2819
2024-07-10 14:40:56,2645,100,510,42.0,53.1,2675
2024-07-10 14:40:57,2645,100,511,42.0,53.1,2040
2024-07-10 14:40:58,2645,85,512,42.1,53.3,1907
2024-07-10 14:40:59,2657,79,513,42.1,53.4,1860
2024-07-10 14:41:00,2657,78,458,41.5,47.6,
2024-07-10 14:41:01,2657,75,409,40.7,42.5,1802
2024-07-10 14:41:02,2657,74,405,40.8,42.1,1772
2024-07-10 14:41:03,2657,73,406,40.8,42.3,1749
2024-07-10 14:41:04,2075,72,395,40.7,41.0,1724
2024-07-10 14:41:05,2075,71,391,40.6,40.7,1700
2024-07-10 14:41:06,2075,70,388,40.6,40.4,1686
2024-07-10 14:41:07,2075,70,376,40.5,39.1,1679
2024-07-10 14:41:08,2075,70,372,40.4,38.6,1675
2024-07-10 14:41:09,1938,70,377,40.4,39.2,1678
2024-07-10 14:41:10,1938,70,379,40.5,39.4,1678
2024-07-10 14:41:11,1938,70,378,40.5,39.3,1690
2024-07-10 14:41:12,1938,71,377,40.4,39.0,1696
2024-07-10 14:41:13,1938,71,375,40.4,39.0,1696
2024-07-10 14:41:14,1946,71,375,40.4,39.0,1704
2024-07-10 14:41:15,1946,72,375,40.4,39.0,1725
2024-07-10 14:41:16,1946,72,382,40.5,39.7,1739
2024-07-10 14:41:17,1946,74,382,40.5,39.8,1764
2024-07-10 14:41:18,1946,75,382,40.5,39.7,1800
2024-07-10 14:41:19,1985,75,383,40.5,39.8,1811
2024-07-10 14:41:20,1985,77,387,40.6,40.2,1843
2024-07-10 14:41:21,1985,78,388,40.6,40.3,1864
2024-07-10 14:41:22,1985,80,389,40.6,40.4,1910
2024-07-10 14:41:23,1985,80,391,40.7,41.0,1921
2024-07-10 14:41:24,2054,81,397,40.7,41.3,1953
2024-07-10 14:41:25,2054,82,397,40.7,41.3,1979
2024-07-10 14:41:26,2054,84,397,40.7,41.3,2013
2024-07-10 14:41:27,2054,85,399,40.7,41.4,2038
2024-07-10 14:41:28,2054,85,401,40.8,41.7,2032
2024-07-10 14:41:29,2085,88,403,40.8,41.9,2106
2024-07-10 14:41:30,2085,92,405,40.8,42.1,2219
2024-07-10 14:41:31,2085,90,390,40.7,40.5,2170
2024-07-10 14:41:32,2085,91,394,40.9,41.0,2190
2024-07-10 14:41:33,2085,99,423,41.0,43.9,2370
2024-07-10 14:41:34,1941,100,416,41.0,43.3,2580
2024-07-10 14:41:35,1941,91,410,40.9,42.6,2184
2024-07-10 14:41:36,1941,86,416,41.0,43.3,2056
2024-07-10 14:41:37,1941,86,419,41.0,43.6,2055
2024-07-10 14:41:38,1941,86,421,41.0,43.7,2056
2024-07-10 14:41:39,1966,91,422,41.1,43.9,2193
2024-07-10 14:41:40,1966,93,427,41.1,44.4,2224
2024-07-10 14:41:41,1966,89,429,41.1,44.6,2143
2024-07-10 14:41:42,1966,91,429,41.1,44.6,2187
2024-07-10 14:41:43,1966,91,429,41.2,44.6,2188
2024-07-10 14:41:44,2018,85,433,41.2,45.1,2043
2024-07-10 14:41:45,2018,83,436,41.2,45.4,1987
2024-07-10 14:41:46,2018,81,436,41.2,45.4,1953
2024-07-10 14:41:47,2018,81,429,41.1,44.6,1934
2024-07-10 14:41:48,2018,79,416,41.0,43.2,1907
2024-07-10 14:41:49,1897,79,406,40.9,42.2,1904
2024-07-10 14:41:50,1897,80,412,40.9,42.8,1911
2024-07-10 14:41:51,1897,80,416,41.0,43.2,1922
2024-07-10 14:41:52,1897,81,413,40.9,42.9,1933
2024-07-10 14:41:53,1897,81,410,40.9,42.7,1933
2024-07-10 14:41:54,1918,81,413,41.0,43.2,1943
2024-07-10 14:41:55,1918,81,417,41.0,43.4,1955
2024-07-10 14:41:56,1918,82,419,41.0,43.6,1966
2024-07-10 14:41:57,1918,84,420,41.0,43.7,2009
2024-07-10 14:41:58,1918,87,420,41.0,43.6,2087
2024-07-10 14:41:59,1960,86,421,41.0,43.8,2072
2024-07-10 14:42:00,1960,85,426,41.1,44.3,2039
2024-07-10 14:42:01,1960,86,426,41.1,44.3,2061
2024-07-10 14:42:02,1960,87,428,41.1,44.5,2089
2024-07-10 14:42:03,1960,87,431,41.1,44.8,2089
2024-07-10 14:42:04,2018,91,432,41.2,44.9,2182
2024-07-10 14:42:05,2018,100,435,41.2,45.2,2407
2024-07-10 14:42:06,2018,99,437,41.2,45.4,2375
2024-07-10 14:42:07,2018,89,440,41.3,45.8,2144
2024-07-10 14:42:08,2018,87,440,41.3,45.7,2096
2024-07-10 14:42:09,2071,89,443,41.3,46.0,2126
2024-07-10 14:42:10,2071,90,445,41.3,46.3,2162
2024-07-10 14:42:11,2071,92,446,41.3,46.4,2207
2024-07-10 14:42:12,2071,91,448,41.4,46.6,2179
2024-07-10 14:42:13,2071,92,451,41.4,46.9,2198
2024-07-10 14:42:14,2142,92,456,41.4,47.4,2216
2024-07-10 14:42:15,2142,93,456,41.4,47.4,2241
2024-07-10 14:42:16,2142,100,456,41.5,47.4,2715
2024-07-10 14:42:17,2142,100,458,41.5,47.7,3468
2024-07-10 14:42:18,2142,100,461,41.5,47.9,3779
2024-07-10 14:42:19,2185,100,463,41.5,48.1,3781
2024-07-10 14:42:20,2185,100,465,41.6,48.3,3428
2024-07-10 14:42:21,2185,100,465,41.6,48.6,3539
2024-07-10 14:42:22,2185,100,471,41.6,49.0,4031
2024-07-10 14:42:23,2185,100,475,41.7,49.4,4731
2024-07-10 14:42:24,2244,100,475,41.7,49.4,4728
2024-07-10 14:42:25,2244,100,475,41.7,49.4,4194
2024-07-10 14:42:26,2244,100,476,41.7,49.5,3830
2024-07-10 14:42:27,2244,100,481,41.7,50.0,3791
2024-07-10 14:42:28,2244,100,482,41.7,50.1,3651
2024-07-10 14:42:29,2297,100,483,41.8,50.3,3524
2024-07-10 14:42:30,2297,100,487,41.8,50.6,3833
2024-07-10 14:42:31,2297,100,493,41.9,51.2,4112
2024-07-10 14:42:32,2297,100,492,41.9,51.2,4276
2024-07-10 14:42:33,2297,100,492,41.9,51.2,4049
2024-07-10 14:42:34,2351,100,496,41.9,51.5,3673
2024-07-10 14:42:35,2351,100,497,41.9,51.7,3436
2024-07-10 14:42:36,2351,100,501,41.9,52.0,3467
2024-07-10 14:42:37,2351,100,501,42.0,52.1,3587
2024-07-10 14:42:38,2351,100,504,42.0,52.4,3808
2024-07-10 14:42:39,2397,100,504,42.0,52.4,3826
2024-07-10 14:42:40,2397,100,504,42.0,52.4,4111
2024-07-10 14:42:41,2397,100,504,42.0,52.4,4642
2024-07-10 14:42:42,2397,100,504,42.0,52.4,4766
2024-07-10 14:42:43,2397,100,505,42.0,52.4,4904
2024-07-10 14:42:44,2401,100,504,42.0,52.4,4743
2024-07-10 14:42:45,2401,100,504,42.0,52.5,4549
2024-07-10 14:42:46,2401,100,505,42.0,52.5,4436
2024-07-10 14:42:47,2401,100,504,42.0,52.4,4617
2024-07-10 14:42:48,2401,100,504,42.0,52.4,4760
2024-07-10 14:42:49,2398,100,504,42.0,52.4,4866
2024-07-10 14:42:50,2398,100,504,42.0,52.4,4866
2024-07-10 14:42:51,2398,100,504,42.0,52.4,4952
2024-07-10 14:42:52,2398,100,504,42.0,52.4,5094
2024-07-10 14:42:53,2398,100,504,42.0,52.5,5201
2024-07-10 14:42:54,2399,100,505,42.0,52.5,5247
2024-07-10 14:42:55,2399,100,504,42.0,52.4,5261
2024-07-10 14:42:56,2399,100,505,42.0,52.5,5268
2024-07-10 14:42:57,2399,100,504,42.0,52.4,5263
2024-07-10 14:42:58,2399,100,506,42.0,52.6,5197
2024-07-10 14:42:59,2407,100,505,42.0,52.6,4924
2024-07-10 14:43:00,2407,100,506,42.0,52.6,4761
2024-07-10 14:43:01,2407,100,506,42.0,52.6,4797
2024-07-10 14:43:02,2407,100,506,42.0,52.6,4395
2024-07-10 14:43:03,2407,100,506,42.0,52.6,4521
2024-07-10 14:43:04,2408,100,505,42.0,52.5,4664
2024-07-10 14:43:05,2408,100,506,42.0,52.6,4744
2024-07-10 14:43:06,2408,100,506,42.0,52.6,4541
2024-07-10 14:43:07,2408,100,506,42.0,52.6,4150
2024-07-10 14:43:08,2408,100,506,42.0,52.6,4462
2024-07-10 14:43:09,2409,100,506,42.0,52.6,4691
2024-07-10 14:43:10,2409,100,506,42.0,52.6,4677
2024-07-10 14:43:11,2409,100,506,42.0,52.6,4798
2024-07-10 14:43:12,2409,100,506,42.0,52.6,4824
2024-07-10 14:43:13,2409,100,505,42.0,52.5,4994
2024-07-10 14:43:14,2407,100,505,42.0,52.5,5058
2024-07-10 14:43:15,2407,100,505,42.0,52.5,5082
2024-07-10 14:43:16,2407,100,505,42.0,52.5,5094
2024-07-10 14:43:17,2407,100,505,42.0,52.5,5091
2024-07-10 14:43:18,2407,100,506,42.0,52.6,5071
2024-07-10 14:43:19,2413,100,506,42.0,52.7,5083
2024-07-10 14:43:20,2413,100,507,42.0,52.7,5082
2024-07-10 14:43:21,2413,100,507,42.0,52.7,5072
2024-07-10 14:43:22,2413,100,507,42.0,52.7,5062
2024-07-10 14:43:23,2413,100,507,42.0,52.7,5049
2024-07-10 14:43:24,2415,100,507,42.0,52.7,5043
2024-07-10 14:43:25,2415,100,507,42.0,52.7,5031
2024-07-10 14:43:26,2415,100,507,42.0,52.7,5030
2024-07-10 14:43:27,2415,100,507,42.0,52.7,5029
2024-07-10 14:43:28,2415,100,507,42.0,52.8,5028
2024-07-10 14:43:29,2416,100,507,42.0,52.8,5023
2024-07-10 14:43:30,2416,100,507,42.0,52.8,5012
2024-07-10 14:43:31,2416,100,506,42.0,52.6,5005
2024-07-10 14:43:32,2416,100,506,42.0,52.7,4996
2024-07-10 14:43:33,2416,100,507,42.0,52.7,4988
2024-07-10 14:43:34,2412,100,507,42.0,52.7,4984
2024-07-10 14:43:35,2412,100,507,42.0,52.7,4984
2024-07-10 14:43:36,2412,100,507,42.0,52.7,4980
2024-07-10 14:43:37,2412,100,506,42.0,52.7,4977
2024-07-10 14:43:38,2412,100,507,42.0,52.7,4954
2024-07-10 14:43:39,2415,100,507,42.0,52.7,4957
2024-07-10 14:43:40,2415,100,507,42.0,52.7,4952
2024-07-10 14:43:41,2415,100,507,42.0,52.7,4947
2024-07-10 14:43:42,2415,100,507,42.0,52.7,4939
2024-07-10 14:43:43,2415,100,508,42.0,52.8,4926
2024-07-10 14:43:44,2421,100,508,42.0,52.8,4918
2024-07-10 14:43:45,2421,100,509,42.0,52.8,4914
2024-07-10 14:43:46,2421,100,508,42.0,52.8,4903
2024-07-10 14:43:47,2421,100,509,42.0,52.9,4899
2024-07-10 14:43:48,2421,100,509,42.0,52.9,4887
2024-07-10 14:43:49,2421,100,507,42.0,52.7,4894
2024-07-10 14:43:50,2421,100,508,42.0,52.8,4887
2024-07-10 14:43:51,2421,100,507,42.0,52.8,4882
2024-07-10 14:43:52,2421,100,508,42.0,52.8,4868
2024-07-10 14:43:53,2421,100,508,42.0,52.8,4856
2024-07-10 14:43:54,2419,100,508,42.0,52.9,4849
2024-07-10 14:43:55,2419,100,508,42.0,52.8,4846
2024-07-10 14:43:56,2419,100,508,42.0,52.7,4840
2024-07-10 14:43:57,2419,100,507,42.0,52.7,4839
2024-07-10 14:43:58,2419,100,507,42.0,52.7,4835
2024-07-10 14:43:59,2414,100,507,42.0,52.8,4822
2024-07-10 14:44:00,2414,100,507,42.0,52.7,4817
2024-07-10 14:44:01,2414,100,507,42.0,52.8,4814
2024-07-10 14:44:02,2414,100,508,42.0,52.9,4797
2024-07-10 14:44:03,2414,100,509,42.0,52.9,4783
2024-07-10 14:44:04,2421,100,509,42.0,52.9,4783
2024-07-10 14:44:05,2421,100,509,42.0,52.9,4773
2024-07-10 14:44:06,2421,100,509,42.0,52.9,4769
2024-07-10 14:44:07,2421,100,509,42.0,52.9,4765
2024-07-10 14:44:08,2421,100,509,42.0,52.9,4762
2024-07-10 14:44:09,2423,100,509,42.0,52.9,4750
2024-07-10 14:44:10,2423,100,509,42.0,52.9,4741
2024-07-10 14:44:11,2423,100,509,42.0,52.9,4732
2024-07-10 14:44:12,2423,100,507,42.0,52.7,4719
2024-07-10 14:44:13,2423,100,507,41.9,52.7,4715
2024-07-10 14:44:14,2414,100,507,41.9,52.7,4694
2024-07-10 14:44:15,2414,100,507,41.9,52.8,4684
2024-07-10 14:44:16,2414,100,508,42.0,52.9,4675
2024-07-10 14:44:17,2414,100,510,42.0,53.0,4672
2024-07-10 14:44:18,2414,100,510,42.0,53.0,4658
2024-07-10 14:44:19,2427,100,510,42.0,53.0,4662
2024-07-10 14:44:20,2427,100,510,42.0,53,4659
2024-07-10 14:44:21,2427,100,508,42.0,52.8,4677
2024-07-10 14:44:22,2427,100,506,41.9,52.7,4681
2024-07-10 14:44:23,2427,100,506,41.9,52.6,4681
2024-07-10 14:44:24,2411,100,507,41.9,52.7,4679
2024-07-10 14:44:25,2411,100,509,42.0,52.9,4665
2024-07-10 14:44:26,2411,100,510,42.0,53.0,4627
2024-07-10 14:44:27,2411,100,510,42.0,53.1,4582
2024-07-10 14:44:28,2411,100,510,42.0,53.0,4559
2024-07-10 14:44:29,2427,100,508,41.9,52.8,4375
2024-07-10 14:44:30,2427,100,507,41.9,52.7,4253
2024-07-10 14:44:31,2427,100,507,41.9,52.7,4319
2024-07-10 14:44:32,2427,100,508,41.9,52.8,4513
2024-07-10 14:44:33,2427,100,509,42.0,52.9,4675
2024-07-10 14:44:34,2425,100,510,42.0,53.0,4685
2024-07-10 14:44:35,2425,100,509,42.0,53.0,4637
2024-07-10 14:44:36,2425,100,510,42.0,53.0,4609
2024-07-10 14:44:37,2425,100,510,42.0,53.0,4586
2024-07-10 14:44:38,2425,100,510,42.0,53.0,4615
2024-07-10 14:44:39,2429,100,509,42.0,52.9,4562
2024-07-10 14:44:40,2429,100,508,41.9,52.8,4563
2024-07-10 14:44:41,2429,100,508,41.9,52.8,4443
2024-07-10 14:44:42,2429,100,508,41.9,52.8,4132
2024-07-10 14:44:43,2429,100,508,41.9,52.9,4042
2024-07-10 14:44:44,2420,100,509,41.9,52.9,3994
2024-07-10 14:44:45,2420,100,509,41.9,52.9,3755
2024-07-10 14:44:46,2420,100,509,41.9,52.9,3555
2024-07-10 14:44:47,2420,100,509,41.9,53.0,3355
2024-07-10 14:44:48,2420,100,510,41.9,53.0,3173
2024-07-10 14:44:49,2430,100,510,42.0,53.1,3074
2024-07-10 14:44:50,2430,100,511,42.0,53.1,3054
2024-07-10 14:44:51,2430,100,511,42.0,53.1,3053
2024-07-10 14:44:52,2430,100,510,41.9,53.1,3276
2024-07-10 14:44:53,2430,100,507,41.9,52.7,3633
2024-07-10 14:44:54,2415,100,508,41.9,52.8,3722
2024-07-10 14:44:55,2415,100,507,41.9,52.8,3712
2024-07-10 14:44:56,2415,100,509,41.9,52.9,3685
2024-07-10 14:44:57,2415,100,509,41.9,52.9,3591
2024-07-10 14:44:58,2415,100,510,41.9,53.0,3471
2024-07-10 14:44:59,2428,100,510,41.9,53.0,3413
2024-07-10 14:45:00,2428,100,510,41.9,53.0,3352
2024-07-10 14:45:01,2428,100,510,41.9,53.0,3272
2024-07-10 14:45:02,2428,100,510,41.9,53.1,3276
2024-07-10 14:45:03,2428,100,511,41.9,53.1,3288
2024-07-10 14:45:04,2428,100,510,41.9,53.0,3159
2024-07-10 14:45:05,2428,100,509,41.9,53.0,3114
2024-07-10 14:45:06,2428,100,510,41.9,53.0,3224
2024-07-10 14:45:07,2428,100,509,41.9,53.0,3370
2024-07-10 14:45:08,2428,100,510,41.9,53.0,3357
2024-07-10 14:45:09,2423,100,510,41.9,53.0,3081
2024-07-10 14:45:10,2423,100,508,41.9,52.9,2996
2024-07-10 14:45:11,2423,100,509,41.9,52.9,2996
2024-07-10 14:45:12,2423,100,508,41.9,52.9,2980
2024-07-10 14:45:13,2423,100,509,41.9,52.9,3014
2024-07-10 14:45:14,2421,100,509,41.9,52.9,3108
2024-07-10 14:45:15,2421,100,509,41.9,52.9,3327
2024-07-10 14:45:16,2421,100,509,41.9,52.9,3287
2024-07-10 14:45:17,2421,100,510,41.9,53.1,3442
2024-07-10 14:45:18,2421,100,511,41.9,53.1,3584
2024-07-10 14:45:19,2429,100,510,41.9,53.1,3527
2024-07-10 14:45:20,2429,100,511,41.9,53.1,3454
2024-07-10 14:45:21,2429,100,511,41.9,53.1,3655
2024-07-10 14:45:22,2429,100,509,41.9,53.0,4030
2024-07-10 14:45:23,2429,100,510,41.9,53.0,4318
2024-07-10 14:45:24,2423,100,510,41.9,53.0,4505
2024-07-10 14:45:25,2423,100,510,41.9,53.0,4509
2024-07-10 14:45:26,2423,100,510,41.9,53.0,4493
2024-07-10 14:45:27,2423,100,510,41.9,53.0,4452
2024-07-10 14:45:28,2423,100,510,41.9,53.0,4474
2024-07-10 14:45:29,2425,100,510,41.9,53.0,4549
2024-07-10 14:45:30,2425,100,509,41.9,52.9,4604
2024-07-10 14:45:31,2425,100,508,41.9,52.8,4623
2024-07-10 14:45:32,2425,100,508,41.9,52.8,4628
2024-07-10 14:45:33,2425,100,508,41.9,52.9,4633
2024-07-10 14:45:34,2425,100,511,41.9,53.1,4630
2024-07-10 14:45:35,2425,100,514,42.0,53.4,4639
2024-07-10 14:45:36,2425,100,512,41.9,53.3,4639
2024-07-10 14:45:37,2425,100,509,41.9,52.9,4642
2024-07-10 14:45:38,2425,100,508,41.9,52.9,4629
2024-07-10 14:45:39,2418,100,508,41.9,52.9,4621
2024-07-10 14:45:40,2418,100,509,41.9,52.9,4607
2024-07-10 14:45:41,2418,100,509,41.9,52.9,4597
2024-07-10 14:45:42,2418,100,510,41.9,53.1,4593
2024-07-10 14:45:43,2418,100,511,41.9,53.2,4590
2024-07-10 14:45:44,2432,100,511,41.9,53.2,4584
2024-07-10 14:45:45,2432,100,512,41.9,53.2,4575
2024-07-10 14:45:46,2432,100,510,41.9,53.0,4591
2024-07-10 14:45:47,2432,100,509,41.9,52.9,4594
2024-07-10 14:45:48,2432,100,509,41.9,53.0,4607
2024-07-10 14:45:49,2422,100,510,41.9,53.0,4608
2024-07-10 14:45:50,2422,100,510,41.9,53.0,4616
2024-07-10 14:45:51,2422,100,510,41.9,53.0,4615
2024-07-10 14:45:52,2422,100,510,41.9,53.0,4617
2024-07-10 14:45:53,2422,100,510,41.9,53.0,4617
2024-07-10 14:45:54,2424,100,510,41.9,53.0,4610
2024-07-10 14:45:55,2424,100,510,41.9,53.0,4620
2024-07-10 14:45:56,2424,100,510,41.9,53.0,4632
2024-07-10 14:45:57,2424,100,510,41.9,53.1,4632
2024-07-10 14:45:58,2424,100,510,41.9,53.0,4627
2024-07-10 14:45:59,2426,100,511,41.9,53.1,4627
2024-07-10 14:46:00,2426,100,510,41.9,53.0,4628
2024-07-10 14:46:01,2426,100,510,41.9,53.1,4634
2024-07-10 14:46:02,2426,100,510,41.9,53.1,4642
2024-07-10 14:46:03,2426,100,510,41.9,53.0,4642
2024-07-10 14:46:04,2427,100,511,41.9,53.1,4643
2024-07-10 14:46:05,2427,100,510,41.9,53.1,4657
2024-07-10 14:46:06,2427,100,511,41.9,53.1,4658
2024-07-10 14:46:07,2427,100,510,41.9,53.0,4665
2024-07-10 14:46:08,2427,100,509,41.9,53.0,4668
2024-07-10 14:46:09,2423,100,510,41.9,53.0,4678
2024-07-10 14:46:10,2423,100,510,41.9,53.0,4682
2024-07-10 14:46:11,2423,100,510,41.9,53.0,4684
2024-07-10 14:46:12,2423,100,510,41.9,53.0,4693
2024-07-10 14:46:13,2423,100,510,41.9,53.0,4692
2024-07-10 14:46:14,2425,100,510,41.9,53.1,4682
2024-07-10 14:46:15,2425,100,510,41.9,53.1,4691
2024-07-10 14:46:16,2425,100,510,41.9,53.1,4680
2024-07-10 14:46:17,2425,100,509,41.9,52.9,4684
2024-07-10 14:46:18,2425,100,509,41.9,52.9,4681
2024-07-10 14:46:19,2420,100,509,41.9,53.0,4689
2024-07-10 14:46:20,2420,100,510,41.9,53.0,4687
2024-07-10 14:46:21,2420,100,509,41.9,53.0,4684
2024-07-10 14:46:22,2420,100,509,41.9,53.0,4686
2024-07-10 14:46:23,2420,100,510,41.9,53.0,4678
2024-07-10 14:46:24,2424,100,510,41.9,53.1,4680
2024-07-10 14:46:25,2424,100,511,41.9,53.1,4687
2024-07-10 14:46:26,2424,100,511,41.9,53.1,4677
2024-07-10 14:46:27,2424,100,511,41.9,53.1,4693
2024-07-10 14:46:28,2424,100,511,41.9,53.1,4693
2024-07-10 14:46:29,2428,100,511,41.9,53.1,4669
2024-07-10 14:46:30,2428,100,511,41.9,53.1,4688
2024-07-10 14:46:31,2428,100,510,41.9,53,4700
2024-07-10 14:46:32,2428,100,509,41.9,52.9,4705
2024-07-10 14:46:33,2428,100,509,41.9,52.9,4703
2024-07-10 14:46:34,2418,100,509,41.9,52.9,4715
2024-07-10 14:46:35,2418,100,510,41.9,53.1,4728
2024-07-10 14:46:36,2418,100,511,41.9,53.1,4729
2024-07-10 14:46:37,2418,100,512,41.9,53.2,4724
2024-07-10 14:46:38,2418,100,512,41.9,53.2,4723
2024-07-10 14:46:39,2432,100,512,41.9,53.2,4741
2024-07-10 14:46:40,2432,100,510,41.9,53.1,4741
2024-07-10 14:46:41,2432,100,509,41.9,52.9,4749
2024-07-10 14:46:42,2432,100,509,41.9,52.9,4757
2024-07-10 14:46:43,2432,100,509,41.9,52.9,4745
2024-07-10 14:46:44,2422,100,510,41.9,53.0,4756
2024-07-10 14:46:45,2422,100,510,41.9,53.1,4756
2024-07-10 14:46:46,2422,100,510,41.9,53.0,4767
2024-07-10 14:46:47,2422,100,510,41.9,53.0,4772
2024-07-10 14:46:48,2422,100,510,41.9,53.0,4769
2024-07-10 14:46:49,2423,100,510,41.9,53.0,4780
2024-07-10 14:46:50,2423,100,510,41.9,53.0,4779
2024-07-10 14:46:51,2423,100,510,41.9,53.0,4781
2024-07-10 14:46:52,2423,100,512,41.9,53.2,4788
2024-07-10 14:46:53,2423,100,512,41.9,53.3,4786
2024-07-10 14:46:54,2432,100,512,41.9,53.3,4795
2024-07-10 14:46:55,2432,100,511,41.8,53.0,4794
2024-07-10 14:46:56,2432,100,509,41.8,52.9,4787
2024-07-10 14:46:57,2432,100,509,41.8,53.0,4790
2024-07-10 14:46:58,2432,100,510,41.8,53.0,4794
2024-07-10 14:46:59,2421,100,510,41.8,53.0,4796
2024-07-10 14:47:00,2421,100,510,41.8,53.0,4793
2024-07-10 14:47:01,2421,100,510,41.8,53.1,4818
2024-07-10 14:47:02,2421,100,510,41.8,53.0,4817
2024-07-10 14:47:03,2421,100,510,41.8,53.1,4831
2024-07-10 14:47:04,2423,100,510,41.8,53.1,4839
2024-07-10 14:47:05,2423,100,510,41.8,53.0,4844
2024-07-10 14:47:06,2423,100,510,41.8,53.1,4842
2024-07-10 14:47:07,2423,100,511,41.8,53.1,4852
2024-07-10 14:47:08,2423,100,510,41.8,53.1,4850
2024-07-10 14:47:09,2425,100,510,41.8,53.0,4848
2024-07-10 14:47:10,2425,100,510,41.8,53.1,4849
2024-07-10 14:47:11,2425,100,511,41.8,53.1,4836
2024-07-10 14:47:12,2425,100,511,41.8,53.1,4850
2024-07-10 14:47:13,2425,100,511,41.8,53.1,4855
2024-07-10 14:47:14,2426,100,511,41.8,53.1,4870
2024-07-10 14:47:15,2426,100,511,41.8,53.1,4885
2024-07-10 14:47:16,2426,100,511,41.8,53.1,4901
2024-07-10 14:47:17,2426,100,511,41.8,53.1,4899
2024-07-10 14:47:18,2426,100,510,41.8,53.1,4903
2024-07-10 14:47:19,2421,100,510,41.8,53.0,4899
2024-07-10 14:47:20,2421,100,510,41.8,53.0,4898
2024-07-10 14:47:21,2421,100,510,41.8,53.0,4899
2024-07-10 14:47:22,2421,100,510,41.8,53.0,4885
2024-07-10 14:47:23,2421,100,510,41.8,53.1,4897
2024-07-10 14:47:24,2422,100,511,41.8,53.1,4906
2024-07-10 14:47:25,2422,100,510,41.8,53.1,4899
2024-07-10 14:47:26,2422,100,510,41.8,53.0,4893
2024-07-10 14:47:27,2422,100,511,41.8,53.1,4912
2024-07-10 14:47:28,2422,100,510,41.8,53.1,4922
2024-07-10 14:47:29,2424,100,510,41.8,53.0,4924
2024-07-10 14:47:30,2424,100,511,41.8,53.1,4926
2024-07-10 14:47:31,2424,100,511,41.8,53.1,4924
2024-07-10 14:47:32,2424,100,511,41.8,53.1,4933
2024-07-10 14:47:33,2424,100,511,41.8,53.1,4933
2024-07-10 14:47:34,2422,100,510,41.8,53.0,4939
2024-07-10 14:47:35,2422,100,510,41.8,53.1,4940
2024-07-10 14:47:36,2422,100,510,41.8,53.1,4933
2024-07-10 14:47:37,2422,100,510,41.8,53.1,4952
2024-07-10 14:47:38,2422,100,510,41.8,53.1,4960
2024-07-10 14:47:39,2422,100,510,41.8,53.1,4965
2024-07-10 14:47:40,2422,100,510,41.8,53.0,4953
2024-07-10 14:47:41,2422,100,511,41.8,53.1,4970
2024-07-10 14:47:42,2422,100,510,41.8,53.1,4978
2024-07-10 14:47:43,2422,100,510,41.8,53.1,4987
2024-07-10 14:47:44,2424,100,510,41.8,53.1,4992
2024-07-10 14:47:45,2424,100,510,41.8,53.1,4984
2024-07-10 14:47:46,2424,100,511,41.8,53.1,5020
2024-07-10 14:47:47,2424,100,510,41.8,53.0,5017
2024-07-10 14:47:48,2424,100,509,41.8,53.0,5028
2024-07-10 14:47:49,2419,100,510,41.8,53.0,5022
2024-07-10 14:47:50,2419,100,510,41.8,53.0,5014
2024-07-10 14:47:51,2419,100,510,41.8,53.0,5008
2024-07-10 14:47:52,2419,100,510,41.8,53.0,4998
2024-07-10 14:47:53,2419,100,510,41.8,53.0,4976
2024-07-10 14:47:54,2424,100,510,41.8,53.1,4997
2024-07-10 14:47:55,2424,100,511,41.8,53.1,5008
2024-07-10 14:47:56,2424,100,511,41.8,53.1,5008
2024-07-10 14:47:57,2424,100,512,41.8,53.2,5007
2024-07-10 14:47:58,2424,100,512,41.8,53.2,5008
2024-07-10 14:47:59,2428,100,510,41.8,53.1,5017
2024-07-10 14:48:00,2428,100,510,41.8,53.1,5018
2024-07-10 14:48:01,2428,100,510,41.8,53.0,5021
2024-07-10 14:48:02,2428,100,510,41.8,53.1,5033
2024-07-10 14:48:03,2428,100,511,41.8,53.1,5050
2024-07-10 14:48:04,2423,100,511,41.8,53.1,5046
2024-07-10 14:48:05,2423,100,511,41.8,53.1,5054
2024-07-10 14:48:06,2423,100,509,41.8,52.9,5062
2024-07-10 14:48:07,2423,100,508,41.8,52.9,5072
2024-07-10 14:48:08,2423,100,509,41.8,52.9,5079
2024-07-10 14:48:09,2415,100,509,41.8,52.9,5081
2024-07-10 14:48:10,2415,100,511,41.8,53.1,5094
2024-07-10 14:48:11,2415,100,511,41.8,53.2,5098
2024-07-10 14:48:12,2415,100,511,41.8,53.2,5113
2024-07-10 14:48:13,2415,100,511,41.8,53.2,5126
2024-07-10 14:48:14,2426,100,511,41.8,53.1,5125
2024-07-10 14:48:15,2426,100,511,41.8,53.2,5132
2024-07-10 14:48:16,2426,100,510,41.8,53.1,5144
2024-07-10 14:48:17,2426,100,510,41.8,53.0,5161
2024-07-10 14:48:18,2426,100,510,41.8,53.0,5180
2024-07-10 14:48:19,2416,100,509,41.8,53.0,5180
2024-07-10 14:48:20,2416,100,509,41.8,53.0,5185
2024-07-10 14:48:21,2416,100,510,41.8,53.0,5204
2024-07-10 14:48:22,2416,100,509,41.8,52.9,5211
2024-07-10 14:48:23,2416,100,512,41.8,53.2,5224
2024-07-10 14:48:24,2430,100,512,41.8,53.3,5240
2024-07-10 14:48:25,2430,100,512,41.8,53.2,5198
2024-07-10 14:48:26,2430,100,512,41.8,53.2,5224
2024-07-10 14:48:27,2430,100,510,41.8,53.0,4957
2024-07-10 14:48:28,2430,100,510,41.8,53.0,4772
2024-07-10 14:48:29,2419,100,510,41.8,53.1,4573
2024-07-10 14:48:30,2419,100,510,41.8,53.1,4443
2024-07-10 14:48:31,2419,100,510,41.8,53.1,3657
2024-07-10 14:48:32,2419,100,510,41.8,53.1,3309
2024-07-10 14:48:33,2419,100,510,41.8,53.1,3248
2024-07-10 14:48:34,2422,100,511,41.8,53.1,2388
2024-07-10 14:48:35,2422,89,511,41.8,53.1,2131
2024-07-10 14:48:36,2422,87,510,41.8,53.1,2097
2024-07-10 14:48:37,2422,85,496,41.3,51.6,2044
2024-07-10 14:48:38,2422,87,449,41.1,46.7,2090
2024-07-10 14:48:39,2100,87,449,41.1,46.6,2084
2024-07-10 14:48:40,2100,95,446,41.1,46.4,2283
2024-07-10 14:48:41,2100,100,444,41.0,46.1,2697
2024-07-10 14:48:42,2100,100,445,41.0,46.3,3283
2024-07-10 14:48:43,2100,100,451,41.1,46.9,2972
2024-07-10 14:48:44,2121,100,452,41.1,47.0,2823
2024-07-10 14:48:45,2121,100,454,41.1,47.2,2587
2024-07-10 14:48:46,2121,100,455,41.2,47.3,2656
2024-07-10 14:48:47,2121,100,458,41.2,47.6,2867
2024-07-10 14:48:48,2121,100,459,41.2,47.8,3021
2024-07-10 14:48:49,2165,100,464,41.3,48.3,2425
2024-07-10 14:48:50,2165,98,465,41.3,48.4,2362
2024-07-10 14:48:51,2165,98,466,41.3,48.5,2361
2024-07-10 14:48:52,2165,100,469,41.3,48.7,2525
2024-07-10 14:48:53,2165,100,470,41.3,48.9,2578
2024-07-10 14:48:54,2212,100,472,41.4,49.1,2972
2024-07-10 14:48:55,2212,100,473,41.4,49.2,2973
2024-07-10 14:48:56,2212,100,477,41.4,49.6,2910
2024-07-10 14:48:57,2212,100,480,41.4,49.9,2627
2024-07-10 14:48:58,2212,100,482,41.5,50.2,2858
2024-07-10 14:48:59,2274,100,482,41.5,50.1,2659
2024-07-10 14:49:00,2274,100,483,41.5,50.3,2584
2024-07-10 14:49:01,2274,100,486,41.5,50.7,2560
2024-07-10 14:49:02,2274,97,489,41.5,50.8,2319
2024-07-10 14:49:03,2274,84,491,41.6,51.1,2022
2024-07-10 14:49:04,2325,89,493,41.6,51.3,2134
2024-07-10 14:49:05,2325,86,464,41.3,48.2,2064
2024-07-10 14:49:06,2325,86,420,40.8,43.7,2064
2024-07-10 14:49:07,2325,75,425,40.8,44.2,1797
2024-07-10 14:49:08,2325,72,456,41.1,47.4,1726
2024-07-10 14:49:09,2118,71,417,40.8,43.3,1696
2024-07-10 14:49:10,2118,71,382,40.2,38.9,1700
2024-07-10 14:49:11,2118,71,381,40.3,39.6,1707
2024-07-10 14:49:12,2118,73,385,40.3,39.8,1740
2024-07-10 14:49:13,2118,73,377,40.3,39.3,1742
2024-07-10 14:49:14,1717,72,373,40.2,38.8,1732
2024-07-10 14:49:15,1717,73,378,40.2,39.3,1745
2024-07-10 14:49:16,1717,74,387,40.4,40.3,1786
2024-07-10 14:49:17,1717,76,386,40.3,40.1,1818
2024-07-10 14:49:18,1717,73,383,40.3,39.9,1740
2024-07-10 14:49:19,1767,72,383,40.3,39.8,1729
2024-07-10 14:49:20,1767,72,385,40.3,40.1,1732
2024-07-10 14:49:21,1767,74,387,40.4,40.1,1786
2024-07-10 14:49:22,1767,73,382,40.3,39.7,1741
2024-07-10 14:49:23,1767,74,377,40.3,39.2,1774
2024-07-10 14:49:24,1751,72,380,40.3,39.5,1718
2024-07-10 14:49:25,1751,72,388,40.4,40.4,1716
2024-07-10 14:49:26,1751,72,385,40.4,40.0,1728
2024-07-10 14:49:27,1751,73,377,40.3,39.2,1743
2024-07-10 14:49:28,1751,72,378,40.3,39.3,1733
2024-07-10 14:49:29,1754,70,379,40.3,39.4,1691
2024-07-10 14:49:30,1754,70,381,40.3,39.6,1684
2024-07-10 14:49:31,1754,70,378,40.3,39.4,1680
2024-07-10 14:49:32,1754,70,371,40.1,37.9,1676
2024-07-10 14:49:33,1754,70,364,40.1,37.8,1675
2024-07-10 14:49:34,1703,70,370,40.2,38.5,1673
2024-07-10 14:49:35,1703,70,371,40.2,38.6,1679
2024-07-10 14:49:36,1703,70,371,40.2,38.6,1678
2024-07-10 14:49:37,1703,70,371,40.2,38.6,1679
2024-07-10 14:49:38,1703,70,370,40.2,38.4,1687
2024-07-10 14:49:39,1697,70,369,40.2,38.4,1691
2024-07-10 14:49:40,1697,71,367,40.2,38.2,1698
2024-07-10 14:49:41,1697,71,367,40.2,38.2,1711
2024-07-10 14:49:42,1697,71,368,40.2,38.2,1714
2024-07-10 14:49:43,1697,72,370,40.2,38.7,1716
2024-07-10 14:49:44,1714,72,373,40.2,38.8,1736
2024-07-10 14:49:45,1714,72,374,40.2,38.8,1736
2024-07-10 14:49:46,1714,73,375,40.3,39.0,1747
2024-07-10 14:49:47,1714,73,378,40.3,39.3,1749
2024-07-10 14:49:48,1714,74,378,40.3,39.3,1769
2024-07-10 14:49:49,1747,74,380,40.3,39.5,1785
2024-07-10 14:49:50,1747,75,381,40.4,39.6,1795
2024-07-10 14:49:51,1747,76,383,40.4,39.8,1812
2024-07-10 14:49:52,1747,76,386,40.4,40.3,1812
2024-07-10 14:49:53,1747,76,386,40.4,40.2,1827
2024-07-10 14:49:54,1790,77,387,40.4,40.4,1846
2024-07-10 14:49:55,1790,78,391,40.5,40.6,1865
2024-07-10 14:49:56,1790,79,397,40.5,41.3,1888
2024-07-10 14:49:57,1790,80,397,40.6,41.3,1916
2024-07-10 14:49:58,1790,80,397,40.6,41.3,1928
2024-07-10 14:49:59,1840,81,397,40.6,41.2,1952
2024-07-10 14:50:00,1840,83,402,40.6,41.8,1995
2024-07-10 14:50:01,1840,85,403,40.6,41.9,2038
2024-07-10 14:50:02,1840,86,404,40.6,42.0,2057
2024-07-10 14:50:03,1840,99,406,40.7,42.3,2370
2024-07-10 14:50:04,1902,97,410,40.7,42.6,2326
2024-07-10 14:50:05,1902,91,413,40.8,42.9,2188
2024-07-10 14:50:06,1902,94,413,40.8,43.0,2257
2024-07-10 14:50:07,1902,97,416,40.8,43.3,2329
2024-07-10 14:50:08,1902,95,417,40.8,43.3,2278
2024-07-10 14:50:09,1949,100,419,40.8,43.6,2510
2024-07-10 14:50:10,1949,100,421,40.8,43.8,2507
2024-07-10 14:50:11,1949,100,424,40.9,44.1,2507
2024-07-10 14:50:12,1949,100,426,40.9,44.3,3048
2024-07-10 14:50:13,1949,100,429,40.9,44.6,3078
2024-07-10 14:50:14,2011,100,431,41.0,44.8,3078
2024-07-10 14:50:15,2011,100,431,41.0,44.9,2669
2024-07-10 14:50:16,2011,100,435,41.0,45.2,2669
2024-07-10 14:50:17,2011,100,437,41.0,45.4,2790
2024-07-10 14:50:18,2011,100,438,41.1,45.6,3155
2024-07-10 14:50:19,2058,100,440,41.1,45.8,4520
2024-07-10 14:50:20,2058,100,443,41.1,46.1,4520
2024-07-10 14:50:21,2058,100,446,41.1,46.4,4859
2024-07-10 14:50:22,2058,100,448,41.2,46.6,4669
2024-07-10 14:50:23,2058,100,449,41.2,46.7,3791
2024-07-10 14:50:24,2114,100,451,41.2,46.9,3606
2024-07-10 14:50:25,2114,100,452,41.2,47.2,3229
2024-07-10 14:50:26,2114,100,456,41.3,47.4,2598
2024-07-10 14:50:27,2114,92,458,41.3,47.6,2206
2024-07-10 14:50:28,2114,88,459,41.3,47.7,2122
2024-07-10 14:50:29,2181,86,464,41.4,48.2,2057
2024-07-10 14:50:30,2181,84,458,41.3,47.6,2021
2024-07-10 14:50:31,2181,83,430,41.0,44.7,1998
2024-07-10 14:50:32,2181,83,422,40.9,43.9,1992
2024-07-10 14:50:33,2181,83,425,40.9,44.2,1982
2024-07-10 14:50:34,1981,83,425,40.9,44.2,1982
2024-07-10 14:50:35,1981,84,426,40.9,44.2,2006
2024-07-10 14:50:36,1981,86,425,40.9,44.2,2070
2024-07-10 14:50:37,1981,85,424,40.9,44.1,2036
2024-07-10 14:50:38,1981,84,425,40.9,44.1,2020
2024-07-10 14:50:39,1982,85,425,40.9,44.2,2038
2024-07-10 14:50:40,1982,86,431,41.0,44.8,2052
2024-07-10 14:50:41,1982,86,432,41.0,44.9,2067
2024-07-10 14:50:42,1982,86,432,41.0,44.9,2067
2024-07-10 14:50:43,1982,87,432,41.0,44.9,2079
2024-07-10 14:50:44,2018,88,433,41.0,45.1,2120
2024-07-10 14:50:45,2018,89,437,41.1,45.7,2129
2024-07-10 14:50:46,2018,91,443,41.1,46.0,2175
2024-07-10 14:50:47,2018,93,443,41.1,46.1,2235
2024-07-10 14:50:48,2018,92,444,41.1,46.1,2205
2024-07-10 14:50:49,2080,92,446,41.2,46.4,2199
2024-07-10 14:50:50,2080,95,448,41.2,46.6,2291
2024-07-10 14:50:51,2080,94,450,41.2,46.8,2244
2024-07-10 14:50:52,2080,95,452,41.2,47.0,2276
2024-07-10 14:50:53,2080,95,454,41.3,47.2,2274
2024-07-10 14:50:54,2141,93,456,41.3,47.4,2220
2024-07-10 14:50:55,2141,92,463,41.3,48.1,2199
2024-07-10 14:50:56,2141,92,463,41.4,48.1,2216
2024-07-10 14:50:57,2141,97,462,41.4,48.1,2336
2024-07-10 14:50:58,2141,97,464,41.4,48.2,2339
2024-07-10 14:50:59,2187,95,465,41.4,48.3,2287
2024-07-10 14:51:00,2187,96,468,41.4,48.6,2294
2024-07-10 14:51:01,2187,96,468,41.4,48.7,2310
2024-07-10 14:51:02,2187,100,474,41.5,49.2,2418
2024-07-10 14:51:03,2187,100,476,41.5,49.5,2419
2024-07-10 14:51:04,2253,100,477,41.5,49.6,2421
2024-07-10 14:51:05,2253,100,477,41.5,49.6,2496
2024-07-10 14:51:06,2253,100,481,41.6,50.0,2569
2024-07-10 14:51:07,2253,100,482,41.6,50.3,2902
2024-07-10 14:51:08,2253,100,485,41.6,50.4,3053
2024-07-10 14:51:09,2300,100,488,41.6,50.7,3141
2024-07-10 14:51:10,2300,100,489,41.6,50.9,3175
2024-07-10 14:51:11,2300,100,494,41.7,51.3,3202
2024-07-10 14:51:12,2300,100,494,41.7,51.4,3546
2024-07-10 14:51:13,2300,100,497,41.7,51.7,3715
2024-07-10 14:51:14,2368,100,500,41.8,52.0,3165
2024-07-10 14:51:15,2368,100,500,41.8,51.9,2949
2024-07-10 14:51:16,2368,100,501,41.8,52.1,3102
2024-07-10 14:51:17,2368,100,503,41.8,52.3,3469
2024-07-10 14:51:18,2368,100,503,41.8,52.3,3666
2024-07-10 14:51:19,2390,100,503,41.8,52.3,3681
2024-07-10 14:51:20,2390,100,502,41.8,52.2,3885
2024-07-10 14:51:21,2390,100,502,41.8,52.2,3996
2024-07-10 14:51:22,2390,100,502,41.8,52.2,3961
2024-07-10 14:51:23,2390,100,502,41.8,52.2,4128
2024-07-10 14:51:24,2383,100,502,41.8,52.2,4163
2024-07-10 14:51:25,2383,100,502,41.8,52.2,3979
2024-07-10 14:51:26,2383,100,502,41.8,52.2,3449
2024-07-10 14:51:27,2383,100,503,41.8,52.3,3745
2024-07-10 14:51:28,2383,100,503,41.8,52.3,3745
2024-07-10 14:51:29,2387,100,503,41.8,52.3,4075
2024-07-10 14:51:30,2387,100,503,41.8,52.3,4100
2024-07-10 14:51:31,2387,100,504,41.8,52.4,4574
2024-07-10 14:51:32,2387,100,504,41.8,52.4,4134
2024-07-10 14:51:33,2387,100,504,41.8,52.4,3135
2024-07-10 14:51:34,2395,100,505,41.8,52.5,2909
2024-07-10 14:51:35,2395,100,504,41.8,52.5,2627
2024-07-10 14:51:36,2395,97,505,41.8,52.5,2330
2024-07-10 14:51:37,2395,95,503,41.8,52.3,2271
2024-07-10 14:51:38,2395,93,494,41.6,50.2,2231
2024-07-10 14:51:39,2293,91,478,41.5,49.7,2186
2024-07-10 14:51:40,2293,90,474,41.4,49.3,2148
2024-07-10 14:51:41,2293,88,465,41.3,48.4,2105
2024-07-10 14:51:42,2293,87,461,41.3,48.0,2090
2024-07-10 14:51:43,2293,86,457,41.2,47.5,2071
2024-07-10 14:51:44,2112,86,442,41.1,45.9,2063
2024-07-10 14:51:45,2112,85,436,41.0,45.3,2050
2024-07-10 14:51:46,2112,85,438,41.0,45.6,2040
2024-07-10 14:51:47,2112,85,440,41.0,45.8,2030
2024-07-10 14:51:48,2112,85,439,41.0,45.6,2030
2024-07-10 14:51:49,2051,84,438,41.0,45.5,2021
2024-07-10 14:51:50,2051,84,437,41.0,45.4,2016
2024-07-10 14:51:51,2051,84,433,40.9,45.0,2011
2024-07-10 14:51:52,2051,83,431,40.9,44.9,2003
2024-07-10 14:51:53,2051,83,432,40.9,44.9,1996
2024-07-10 14:51:54,2014,83,431,40.9,44.8,1994
2024-07-10 14:51:55,2014,83,426,40.9,44.3,1987
2024-07-10 14:51:56,2014,83,426,40.9,44.3,1984
2024-07-10 14:51:57,2014,83,426,40.9,44.3,1981
2024-07-10 14:51:58,2014,82,427,40.9,44.4,1979
2024-07-10 14:51:59,1996,82,428,40.9,44.5,1976
2024-07-10 14:52:00,1996,82,427,40.9,44.4,1976
2024-07-10 14:52:01,1996,83,425,40.9,44.2,1980
2024-07-10 14:52:02,1996,83,419,40.8,43.6,1980
2024-07-10 14:52:03,1996,83,419,40.8,43.6,1981
2024-07-10 14:52:04,1981,83,427,40.9,44.4,1984
2024-07-10 14:52:05,1981,83,430,40.9,44.7,1988
2024-07-10 14:52:06,1981,83,429,40.9,44.6,1995
2024-07-10 14:52:07,1981,84,427,40.9,44.3,2012
2024-07-10 14:52:08,1981,84,426,40.9,44.3,2012
2024-07-10 14:52:09,1988,84,426,40.9,44.3,2022
2024-07-10 14:52:10,1988,85,427,40.9,44.4,2041
2024-07-10 14:52:11,1988,86,435,41.0,45.2,2057
2024-07-10 14:52:12,1988,86,435,41.0,45.3,2074
2024-07-10 14:52:13,1988,88,435,41.0,45.2,2100
2024-07-10 14:52:14,2035,88,435,41.0,45.3,2119
2024-07-10 14:52:15,2035,89,437,41.0,45.4,2147
2024-07-10 14:52:16,2035,91,439,41.0,45.7,2178
2024-07-10 14:52:17,2035,91,442,41.1,46.0,2178
2024-07-10 14:52:18,2035,92,445,41.1,46.5,2207
2024-07-10 14:52:19,2102,94,448,41.1,46.6,2254
2024-07-10 14:52:20,2102,96,450,41.2,46.8,2308
2024-07-10 14:52:21,2102,100,452,41.2,47.0,2476
2024-07-10 14:52:22,2102,100,453,41.2,47.1,2561
2024-07-10 14:52:23,2102,100,454,41.2,47.2,2736
2024-07-10 14:52:24,2137,100,457,41.3,47.6,3194
2024-07-10 14:52:25,2137,100,458,41.3,47.6,3436
2024-07-10 14:52:26,2137,100,463,41.3,48.2,4452
2024-07-10 14:52:27,2137,100,467,41.4,48.5,5497
2024-07-10 14:52:28,2137,100,467,41.4,48.6,5068
2024-07-10 14:52:29,2198,100,467,41.4,48.6,4945
2024-07-10 14:52:30,2198,100,470,41.4,48.9,5102
2024-07-10 14:52:31,2198,100,472,41.4,49.1,5320
2024-07-10 14:52:32,2198,100,474,41.4,49.3,5063
2024-07-10 14:52:33,2198,100,477,41.5,49.6,4993
2024-07-10 14:52:34,2251,100,478,41.5,49.7,4344
2024-07-10 14:52:35,2251,100,482,41.5,50.1,3945
2024-07-10 14:52:36,2251,100,484,41.5,50.3,4242
2024-07-10 14:52:37,2251,100,486,41.6,50.6,5044
2024-07-10 14:52:38,2251,100,487,41.6,50.6,5505
2024-07-10 14:52:39,2304,100,490,41.6,51.0,4680
2024-07-10 14:52:40,2304,100,493,41.6,51.2,4251
2024-07-10 14:52:41,2304,100,493,41.6,51.2,3751
2024-07-10 14:52:42,2304,100,497,41.7,51.6,3796
2024-07-10 14:52:43,2304,100,499,41.7,51.9,3821
2024-07-10 14:52:44,2377,100,502,41.7,52.2,4251
2024-07-10 14:52:45,2377,100,503,41.8,52.3,4002
2024-07-10 14:52:46,2377,100,504,41.8,52.4,3547
2024-07-10 14:52:47,2377,100,504,41.8,52.4,3423
2024-07-10 14:52:48,2377,100,504,41.8,52.4,3165
2024-07-10 14:52:49,2392,100,504,41.8,52.4,3495
2024-07-10 14:52:50,2392,100,505,41.8,52.5,3822
2024-07-10 14:52:51,2392,100,504,41.8,52.5,4385
2024-07-10 14:52:52,2392,100,505,41.8,52.5,5204
2024-07-10 14:52:53,2392,100,506,41.8,52.6,5231
2024-07-10 14:52:54,2398,100,506,41.8,52.6,4817
2024-07-10 14:52:55,2398,100,505,41.7,52.5,4856
2024-07-10 14:52:56,2398,100,504,41.7,52.4,4929
2024-07-10 14:52:57,2398,100,505,41.7,52.5,4405
2024-07-10 14:52:58,2398,100,505,41.7,52.5,4327
2024-07-10 14:52:59,2396,100,505,41.7,52.5,4330
2024-07-10 14:53:00,2396,100,505,41.7,52.5,5301
2024-07-10 14:53:01,2396,100,503,41.7,52.3,5651
2024-07-10 14:53:02,2396,100,503,41.7,52.3,5588
2024-07-10 14:53:03,2396,100,503,41.7,52.3,5668
2024-07-10 14:53:04,2395,100,506,41.7,52.6,5668
2024-07-10 14:53:05,2395,100,507,41.8,52.8,5581
2024-07-10 14:53:06,2395,100,507,41.8,52.7,5036
2024-07-10 14:53:07,2395,100,507,41.8,52.8,5532
2024-07-10 14:53:08,2395,100,504,41.7,52.4,5647
2024-07-10 14:53:09,2384,100,503,41.7,52.3,5644
2024-07-10 14:53:10,2384,100,505,41.7,52.5,4758
2024-07-10 14:53:11,2384,100,506,41.7,52.7,5643
2024-07-10 14:53:12,2384,100,507,41.7,52.7,5326
2024-07-10 14:53:13,2384,100,507,41.7,52.7,4891
2024-07-10 14:53:14,2404,100,507,41.7,52.7,4507
2024-07-10 14:53:15,2404,100,507,41.7,52.7,4229
2024-07-10 14:53:16,2404,100,507,41.7,52.7,3249
2024-07-10 14:53:17,2404,100,506,41.7,52.6,2963
2024-07-10 14:53:18,2404,100,505,41.7,52.5,3434
2024-07-10 14:53:19,2395,100,505,41.7,52.5,4985
2024-07-10 14:53:20,2395,100,505,41.7,52.6,5348
2024-07-10 14:53:21,2395,100,506,41.7,52.6,5664
2024-07-10 14:53:22,2395,100,506,41.7,52.6,5650
2024-07-10 14:53:23,2395,100,506,41.7,52.6,5650
2024-07-10 14:53:24,2398,100,507,41.7,52.7,5637
2024-07-10 14:53:25,2398,100,508,41.7,52.8,5632
2024-07-10 14:53:26,2398,100,508,41.7,52.9,5627
2024-07-10 14:53:27,2398,100,509,41.7,52.9,5614
2024-07-10 14:53:28,2398,100,507,41.7,52.8,5608
2024-07-10 14:53:29,2408,100,506,41.7,52.6,5605
2024-07-10 14:53:30,2408,100,507,41.7,52.8,5607
2024-07-10 14:53:31,2408,100,507,41.7,52.7,5625
2024-07-10 14:53:32,2408,100,506,41.7,52.7,5620
2024-07-10 14:53:33,2408,100,507,41.7,52.7,5620
2024-07-10 14:53:34,2405,100,507,41.7,52.7,5610
2024-07-10 14:53:35,2405,100,507,41.7,52.7,5598
2024-07-10 14:53:36,2405,100,507,41.7,52.7,5619
2024-07-10 14:53:37,2405,100,507,41.7,52.7,5521
2024-07-10 14:53:38,2405,100,507,41.7,52.7,5280
2024-07-10 14:53:39,2406,100,507,41.7,52.7,4857
2024-07-10 14:53:40,2406,100,508,41.7,52.8,4794
2024-07-10 14:53:41,2406,100,508,41.7,52.8,4878
2024-07-10 14:53:42,2406,100,508,41.7,52.8,4815
2024-07-10 14:53:43,2406,100,508,41.7,52.8,4753
2024-07-10 14:53:44,2408,100,507,41.7,52.7,4540
2024-07-10 14:53:45,2408,100,507,41.7,52.7,4739
2024-07-10 14:53:46,2408,100,507,41.7,52.8,4764
2024-07-10 14:53:47,2408,100,507,41.7,52.8,4965
2024-07-10 14:53:48,2408,100,507,41.7,52.8,5461
2024-07-10 14:53:49,2406,100,507,41.7,52.7,5599
2024-07-10 14:53:50,2406,100,508,41.7,52.8,5531
2024-07-10 14:53:51,2406,100,508,41.7,52.8,5441
2024-07-10 14:53:52,2406,100,508,41.7,52.8,5441
2024-07-10 14:53:53,2406,100,508,41.7,52.9,5656
2024-07-10 14:53:54,2410,100,508,41.7,52.9,5666
2024-07-10 14:53:55,2410,100,509,41.7,52.9,5675
2024-07-10 14:53:56,2410,100,509,41.7,52.9,5676
2024-07-10 14:53:57,2410,100,509,41.7,53.0,5680
2024-07-10 14:53:58,2410,100,509,41.7,52.9,5696
2024-07-10 14:53:59,2395,100,505,41.7,52.5,5704
2024-07-10 14:54:00,2395,100,505,41.7,52.5,5717
2024-07-10 14:54:01,2395,100,507,41.7,52.8,5715
2024-07-10 14:54:02,2395,100,507,41.7,52.7,5607
2024-07-10 14:54:03,2395,100,508,41.7,52.9,5606
2024-07-10 14:54:04,2415,100,509,41.7,53.0,5562
2024-07-10 14:54:05,2415,100,509,41.7,52.9,4885
2024-07-10 14:54:06,2415,100,510,41.7,53.0,3751
2024-07-10 14:54:07,2415,100,510,41.7,53.0,3684
2024-07-10 14:54:08,2415,100,508,41.7,52.8,4105
2024-07-10 14:54:09,2399,100,506,41.7,52.7,4103
2024-07-10 14:54:10,2399,100,507,41.7,52.7,3985
2024-07-10 14:54:11,2399,100,507,41.7,52.7,4143
2024-07-10 14:54:12,2399,100,508,41.7,52.9,4206
2024-07-10 14:54:13,2399,100,509,41.7,53.0,4290
2024-07-10 14:54:14,2411,100,510,41.7,53.0,4364
2024-07-10 14:54:15,2411,100,510,41.7,53.0,4123
2024-07-10 14:54:16,2411,100,510,41.7,53.0,3713
2024-07-10 14:54:17,2411,100,510,41.7,53.0,4009
2024-07-10 14:54:18,2411,100,509,41.7,52.9,3955
2024-07-10 14:54:19,2410,100,508,41.7,52.8,3724
2024-07-10 14:54:20,2410,100,508,41.7,52.8,3750
2024-07-10 14:54:21,2410,100,508,41.7,52.8,3314
2024-07-10 14:54:22,2410,100,508,41.7,52.8,3536
2024-07-10 14:54:23,2410,100,508,41.7,52.8,3916
2024-07-10 14:54:24,2408,100,508,41.7,52.9,3631
2024-07-10 14:54:25,2408,100,509,41.7,53.0,3140
2024-07-10 14:54:26,2408,100,510,41.7,53.0,3203
2024-07-10 14:54:27,2408,100,509,41.7,52.9,3417
2024-07-10 14:54:28,2408,100,510,41.7,53.0,2963
2024-07-10 14:54:29,2415,100,510,41.7,53.0,2818
2024-07-10 14:54:30,2415,100,510,41.7,53.0,2801
2024-07-10 14:54:31,2415,100,510,41.7,53.0,2705
2024-07-10 14:54:32,2415,100,511,41.7,53.1,2716
2024-07-10 14:54:33,2415,100,509,41.7,53.0,2733
2024-07-10 14:54:34,2407,100,508,41.6,52.8,2767
2024-07-10 14:54:35,2407,100,508,41.7,52.9,2741
2024-07-10 14:54:36,2407,100,508,41.7,52.9,2789
2024-07-10 14:54:37,2407,100,509,41.7,52.9,2831
2024-07-10 14:54:38,2407,100,509,41.7,52.9,2857
2024-07-10 14:54:39,2409,100,509,41.7,52.9,2897
2024-07-10 14:54:40,2409,100,509,41.7,53.0,2897
2024-07-10 14:54:41,2409,100,510,41.7,53.1,2919
2024-07-10 14:54:42,2409,100,510,41.7,53.0,2919
2024-07-10 14:54:43,2409,100,510,41.7,53.0,2904
2024-07-10 14:54:44,2416,100,510,41.7,53.1,2904
2024-07-10 14:54:45,2416,100,510,41.7,53.0,2889
2024-07-10 14:54:46,2416,100,510,41.7,53.0,2906
2024-07-10 14:54:47,2416,100,509,41.7,52.9,2927
2024-07-10 14:54:48,2416,100,509,41.7,52.9,2985
2024-07-10 14:54:49,2413,100,509,41.6,52.9,2899
2024-07-10 14:54:50,2413,100,510,41.7,53.0,2745
2024-07-10 14:54:51,2413,100,510,41.6,53.0,2634
2024-07-10 14:54:52,2413,100,508,41.6,52.9,2489
2024-07-10 14:54:53,2413,100,509,41.6,52.9,2428
2024-07-10 14:54:54,2409,99,509,41.6,52.9,2381
2024-07-10 14:54:55,2409,99,509,41.6,52.9,2376
2024-07-10 14:54:56,2409,99,508,41.6,52.8,2368
2024-07-10 14:54:57,2409,99,502,41.6,52.2,2369
2024-07-10 14:54:58,2409,99,500,41.5,52.0,2377
2024-07-10 14:54:59,2381,100,505,41.6,52.5,2389
2024-07-10 14:55:00,2381,100,507,41.6,52.7,2396
2024-07-10 14:55:01,2381,100,507,41.6,52.8,2400
2024-07-10 14:55:02,2381,100,508,41.6,52.8,2418
2024-07-10 14:55:03,2381,100,508,41.6,52.8,2420
2024-07-10 14:55:04,2405,100,510,41.6,53.0,2428
2024-07-10 14:55:05,2405,100,511,41.7,53.1,2433
2024-07-10 14:55:06,2405,100,511,41.6,53.1,2434
2024-07-10 14:55:07,2405,100,511,41.6,53.2,2445
2024-07-10 14:55:08,2405,100,509,41.6,52.9,2502
2024-07-10 14:55:09,2413,100,509,41.6,52.9,2509
2024-07-10 14:55:10,2413,100,509,41.6,52.9,2462
2024-07-10 14:55:11,2413,100,509,41.6,53.0,2470
2024-07-10 14:55:12,2413,100,509,41.6,53.0,2481
2024-07-10 14:55:13,2413,100,510,41.6,53.0,2506
2024-07-10 14:55:14,2412,100,510,41.6,53.0,2528
2024-07-10 14:55:15,2412,100,510,41.6,53.0,2556
2024-07-10 14:55:16,2412,100,510,41.6,53.0,2567
2024-07-10 14:55:17,2412,100,510,41.6,53.0,2590
2024-07-10 14:55:18,2412,100,510,41.6,53.0,2653
2024-07-10 14:55:19,2414,100,510,41.6,53.0,2721
2024-07-10 14:55:20,2414,100,510,41.6,53.1,2611
2024-07-10 14:55:21,2414,100,510,41.6,53.0,2556
2024-07-10 14:55:22,2414,100,510,41.6,53.1,2511
2024-07-10 14:55:23,2414,100,511,41.6,53.1,2508
2024-07-10 14:55:24,2417,100,510,41.6,53.0,2493
2024-07-10 14:55:25,2417,100,510,41.6,53.0,2493
2024-07-10 14:55:26,2417,100,510,41.6,53.0,2491
2024-07-10 14:55:27,2417,100,510,41.6,53.0,2499
2024-07-10 14:55:28,2417,100,510,41.6,53.0,2521
2024-07-10 14:55:29,2412,100,509,41.6,53.0,2541
2024-07-10 14:55:30,2412,100,509,41.6,52.9,2536
2024-07-10 14:55:31,2412,100,509,41.6,52.9,2532
2024-07-10 14:55:32,2412,100,509,41.6,52.9,2581
2024-07-10 14:55:33,2412,100,509,41.6,52.9,2565
2024-07-10 14:55:34,2409,100,509,41.6,53.0,2540
2024-07-10 14:55:35,2409,100,509,41.6,52.9,2526
2024-07-10 14:55:36,2409,100,510,41.6,53.1,2517
2024-07-10 14:55:37,2409,100,511,41.6,53.1,2502
2024-07-10 14:55:38,2409,100,511,41.6,53.1,2463
2024-07-10 14:55:39,2418,100,511,41.6,53.2,2457
2024-07-10 14:55:40,2418,100,511,41.6,53.1,2457
2024-07-10 14:55:41,2418,100,511,41.6,53.1,2458
2024-07-10 14:55:42,2418,100,510,41.6,53.0,2451
2024-07-10 14:55:43,2418,100,509,41.6,52.9,2447
2024-07-10 14:55:44,2408,100,509,41.6,53.0,2449
2024-07-10 14:55:45,2408,100,509,41.6,52.9,2446
2024-07-10 14:55:46,2408,100,509,41.6,52.9,2448
2024-07-10 14:55:47,2408,100,509,41.6,53.0,2457
2024-07-10 14:55:48,2408,100,511,41.6,53.1,2451
2024-07-10 14:55:49,2421,100,512,41.6,53.2,2443
2024-07-10 14:55:50,2421,100,512,41.6,53.2,2441
2024-07-10 14:55:51,2421,100,512,41.6,53.3,2443
2024-07-10 14:55:52,2421,100,510,41.6,53.0,2439
2024-07-10 14:55:53,2421,100,510,41.6,53.0,2445
2024-07-10 14:55:54,2411,100,510,41.6,53.0,2452
2024-07-10 14:55:55,2411,100,510,41.6,53.0,2458
2024-07-10 14:55:56,2411,100,510,41.6,53.0,2465
2024-07-10 14:55:57,2411,100,510,41.6,53.1,2481
2024-07-10 14:55:58,2411,100,510,41.6,53.0,2499
2024-07-10 14:55:59,2413,100,510,41.6,53.1,2523
2024-07-10 14:56:00,2413,100,510,41.6,53.1,2534
2024-07-10 14:56:01,2413,100,510,41.6,53.1,2656
2024-07-10 14:56:02,2413,100,510,41.6,53.1,2792
2024-07-10 14:56:03,2413,100,511,41.6,53.1,2711
2024-07-10 14:56:04,2415,100,511,41.6,53.1,2589
2024-07-10 14:56:05,2415,100,510,41.6,53.0,2560
2024-07-10 14:56:06,2415,100,510,41.6,53.0,2560
2024-07-10 14:56:07,2415,100,510,41.6,53.0,2543
2024-07-10 14:56:08,2415,100,510,41.6,53.0,2536
2024-07-10 14:56:09,2412,100,510,41.6,53.0,2557
2024-07-10 14:56:10,2412,100,511,41.6,53.1,2558
2024-07-10 14:56:11,2412,100,510,41.6,53.1,2520
2024-07-10 14:56:12,2412,100,511,41.6,53.1,2514
2024-07-10 14:56:13,2412,100,510,41.6,53.0,2511
2024-07-10 14:56:14,2405,100,508,41.5,52.8,2511
2024-07-10 14:56:15,2405,100,508,41.6,52.8,2496
2024-07-10 14:56:16,2405,100,509,41.6,52.9,2494
2024-07-10 14:56:17,2405,100,511,41.6,53.2,2494
2024-07-10 14:56:18,2405,100,512,41.6,53.2,2488
2024-07-10 14:56:19,2421,100,512,41.6,53.2,2494
2024-07-10 14:56:20,2421,100,511,41.6,53.2,2494
2024-07-10 14:56:21,2421,100,508,41.5,52.8,2495
2024-07-10 14:56:22,2421,100,508,41.5,52.8,2495
2024-07-10 14:56:23,2421,100,509,41.5,52.9,2501
2024-07-10 14:56:24,2411,100,511,41.6,53.1,2507
2024-07-10 14:56:25,2411,100,512,41.6,53.2,2518
2024-07-10 14:56:26,2411,100,511,41.6,53.2,2533
2024-07-10 14:56:27,2411,100,512,41.6,53.2,2527
2024-07-10 14:56:28,2411,100,511,41.6,53.1,2536
2024-07-10 14:56:29,2407,100,509,41.5,52.9,2527
2024-07-10 14:56:30,2407,100,508,41.5,52.9,2524
2024-07-10 14:56:31,2407,100,509,41.5,52.9,2527
2024-07-10 14:56:32,2407,100,510,41.5,53.0,2515
2024-07-10 14:56:33,2407,100,511,41.6,53.1,2511
2024-07-10 14:56:34,2422,100,512,41.6,53.2,2525
2024-07-10 14:56:35,2422,100,512,41.6,53.2,2518
2024-07-10 14:56:36,2422,100,511,41.6,53.2,2518
2024-07-10 14:56:37,2422,100,511,41.5,53.0,2521
2024-07-10 14:56:38,2422,100,509,41.5,52.9,2530
2024-07-10 14:56:39,2405,100,509,41.5,52.9,2550
2024-07-10 14:56:40,2405,100,509,41.5,52.9,2540
2024-07-10 14:56:41,2405,100,510,41.5,53.0,2528
2024-07-10 14:56:42,2405,100,510,41.5,53.0,2525
2024-07-10 14:56:43,2405,100,511,41.5,53.1,2517
2024-07-10 14:56:44,2413,100,510,41.6,53.0,2515
2024-07-10 14:56:45,2413,100,511,41.5,53.1,2526
2024-07-10 14:56:46,2413,100,511,41.6,53.1,2523
2024-07-10 14:56:47,2413,100,510,41.6,53.1,2527
2024-07-10 14:56:48,2413,100,511,41.6,53.1,2533
2024-07-10 14:56:49,2414,100,510,41.6,53.1,2545
2024-07-10 14:56:50,2414,100,511,41.5,53.1,2562
2024-07-10 14:56:51,2414,100,511,41.5,53.1,2587
2024-07-10 14:56:52,2414,100,511,41.5,53.1,2646
2024-07-10 14:56:53,2414,100,511,41.5,53.2,2632
2024-07-10 14:56:54,2415,100,511,41.5,53.1,2592
2024-07-10 14:56:55,2415,100,510,41.5,53.1,2599
2024-07-10 14:56:56,2415,100,511,41.5,53.1,2600
2024-07-10 14:56:57,2415,100,510,41.5,53.0,2605
2024-07-10 14:56:58,2415,100,510,41.5,53.0,2628
2024-07-10 14:56:59,2411,100,511,41.5,53.1,2653
2024-07-10 14:57:00,2411,100,510,41.5,53.1,2653
2024-07-10 14:57:01,2411,100,511,41.5,53.1,2668
2024-07-10 14:57:02,2411,100,510,41.5,53.1,2691
2024-07-10 14:57:03,2411,100,509,41.5,52.9,2701
2024-07-10 14:57:04,2403,100,508,41.5,52.9,2718
2024-07-10 14:57:05,2403,100,509,41.5,52.9,2733
2024-07-10 14:57:06,2403,100,511,41.5,53.1,2764
2024-07-10 14:57:07,2403,100,511,41.5,53.1,2773
2024-07-10 14:57:08,2403,100,511,41.5,53.2,2833
2024-07-10 14:57:09,2416,100,511,41.5,53.2,2956
2024-07-10 14:57:10,2416,100,511,41.5,53.1,2965
2024-07-10 14:57:11,2416,100,512,41.5,53.2,2912
2024-07-10 14:57:12,2416,100,510,41.5,53.0,2923
2024-07-10 14:57:13,2416,100,510,41.5,53.0,3032
2024-07-10 14:57:14,2407,100,510,41.5,53.0,3053
2024-07-10 14:57:15,2407,100,509,41.5,52.9,3014
2024-07-10 14:57:16,2407,100,510,41.5,53.0,3018
2024-07-10 14:57:17,2407,100,509,41.5,53.0,3021
2024-07-10 14:57:18,2407,100,510,41.5,53.0,3038
2024-07-10 14:57:19,2408,100,510,41.5,53.1,3003
2024-07-10 14:57:20,2408,100,512,41.5,53.2,2946
2024-07-10 14:57:21,2408,100,512,41.5,53.2,3106
2024-07-10 14:57:22,2408,100,512,41.5,53.2,3229
2024-07-10 14:57:23,2408,100,510,41.5,53.1,3109
2024-07-10 14:57:24,2408,100,509,41.5,52.9,2964
2024-07-10 14:57:25,2408,100,509,41.5,52.9,2857
2024-07-10 14:57:26,2408,100,509,41.5,52.9,2806
2024-07-10 14:57:27,2408,100,510,41.5,53.1,2792
2024-07-10 14:57:28,2408,100,512,41.5,53.3,2784
2024-07-10 14:57:29,2422,100,513,41.5,53.3,2773
2024-07-10 14:57:30,2422,100,512,41.5,53.2,2779
2024-07-10 14:57:31,2422,100,510,41.5,53.1,2777
2024-07-10 14:57:32,2422,100,510,41.5,53.0,2774
2024-07-10 14:57:33,2422,100,509,41.5,52.9,2782
2024-07-10 14:57:34,2405,100,509,41.5,53.0,2770
2024-07-10 14:57:35,2405,100,510,41.5,53.0,2769
2024-07-10 14:57:36,2405,100,509,41.5,53.0,2782
2024-07-10 14:57:37,2405,100,510,41.5,53.1,2782
2024-07-10 14:57:38,2405,100,511,41.5,53.1,2794
2024-07-10 14:57:39,2412,100,511,41.5,53.1,2805
2024-07-10 14:57:40,2412,100,511,41.5,53.1,2825
2024-07-10 14:57:41,2412,100,511,41.5,53.1,2844
2024-07-10 14:57:42,2412,100,511,41.5,53.1,2856
2024-07-10 14:57:43,2412,100,511,41.5,53.1,2855
2024-07-10 14:57:44,2413,100,511,41.5,53.2,2884
2024-07-10 14:57:45,2413,100,512,41.5,53.2,2898
2024-07-10 14:57:46,2413,100,511,41.5,53.1,2898
2024-07-10 14:57:47,2413,100,511,41.5,53.1,2878
2024-07-10 14:57:48,2413,100,510,41.5,53.1,2870
2024-07-10 14:57:49,2409,100,510,41.5,53.0,2888
2024-07-10 14:57:50,2409,100,510,41.5,53.1,2924
2024-07-10 14:57:51,2409,100,510,41.5,53.1,2868
2024-07-10 14:57:52,2409,100,510,41.5,53.1,2846
2024-07-10 14:57:53,2409,100,511,41.5,53.1,2820
2024-07-10 14:57:54,2410,100,510,41.5,53.1,2806
2024-07-10 14:57:55,2410,100,511,41.5,53.1,2783
2024-07-10 14:57:56,2410,100,511,41.5,53.1,2748
2024-07-10 14:57:57,2410,100,510,41.5,53.0,2748
2024-07-10 14:57:58,2410,100,510,41.5,53.0,2741
2024-07-10 14:57:59,2406,100,510,41.5,53.0,2744
2024-07-10 14:58:00,2406,100,510,41.5,53.1,2736
2024-07-10 14:58:01,2406,100,510,41.5,53.0,2732
2024-07-10 14:58:02,2406,100,510,41.5,53.1,2725
2024-07-10 14:58:03,2406,100,511,41.5,53.1,2716
2024-07-10 14:58:04,2408,100,510,41.5,53.0,2728
2024-07-10 14:58:05,2408,100,510,41.5,53.1,2707
2024-07-10 14:58:06,2408,100,510,41.5,53.1,2700
2024-07-10 14:58:07,2408,100,511,41.5,53.1,2705
2024-07-10 14:58:08,2408,100,511,41.5,53.1,2686
2024-07-10 14:58:09,2410,100,511,41.5,53.1,2680
2024-07-10 14:58:10,2410,100,511,41.5,53.1,2685
2024-07-10 14:58:11,2410,100,510,41.5,53.1,2670
2024-07-10 14:58:12,2410,100,511,41.5,53.1,2666
2024-07-10 14:58:13,2410,100,511,41.5,53.1,2661
2024-07-10 14:58:14,2412,100,511,41.5,53.1,2670
2024-07-10 14:58:15,2412,100,511,41.5,53.1,2685
2024-07-10 14:58:16,2412,100,509,41.5,53.0,2707
2024-07-10 14:58:17,2412,100,509,41.5,53.0,2733
2024-07-10 14:58:18,2412,100,509,41.5,53.0,2844
2024-07-10 14:58:19,2402,100,509,41.5,52.9,2857
2024-07-10 14:58:20,2402,100,510,41.5,53.0,2766
2024-07-10 14:58:21,2402,100,512,41.5,53.2,2700
2024-07-10 14:58:22,2402,100,512,41.5,53.2,2696
2024-07-10 14:58:23,2402,100,511,41.5,53.1,2701
2024-07-10 14:58:24,2415,100,511,41.5,53.1,2732
2024-07-10 14:58:25,2415,100,511,41.5,53.1,2760
2024-07-10 14:58:26,2415,100,511,41.5,53.1,2730
2024-07-10 14:58:27,2415,100,510,41.5,53.1,2677
2024-07-10 14:58:28,2415,100,510,41.5,53.0,2647
2024-07-10 14:58:29,2405,100,510,41.5,53.0,2642
2024-07-10 14:58:30,,,,,,2643
2024-07-10 14:58:31,2405,100,510,41.5,53.0,2643
2024-07-10 14:58:32,2405,100,510,41.5,53.0,2632
2024-07-10 14:58:33,2406,100,510,41.5,53.1,2624
2024-07-10 14:58:34,2406,100,510,41.5,53.1,2613
2024-07-10 14:58:35,2406,100,511,41.5,53.1,2614
2024-07-10 14:58:36,2406,100,510,41.5,53.1,2612
2024-07-10 14:58:37,2406,100,511,41.5,53.1,2608
2024-07-10 14:58:38,2407,100,510,41.5,53.1,2590
2024-07-10 14:58:39,2407,100,511,41.5,53.1,2596
2024-07-10 14:58:40,2407,100,510,41.5,53.1,2588
2024-07-10 14:58:41,2407,100,510,41.5,53.1,2588
2024-07-10 14:58:42,2407,100,511,41.5,53.1,2578
2024-07-10 14:58:43,2409,100,511,41.5,53.1,2568
2024-07-10 14:58:44,2409,100,511,41.5,53.1,2554
2024-07-10 14:58:45,2409,100,511,41.5,53.1,2552
2024-07-10 14:58:46,2409,100,511,41.5,53.1,2548
2024-07-10 14:58:47,2409,100,511,41.5,53.1,2544
2024-07-10 14:58:48,2409,100,511,41.5,53.1,2540
2024-07-10 14:58:49,2410,100,510,41.5,53.1,2534
2024-07-10 14:58:50,2410,100,510,41.5,53.0,2534
2024-07-10 14:58:51,2410,100,510,41.4,53.0,2533
2024-07-10 14:58:52,2410,100,510,41.4,53.0,2532
2024-07-10 14:58:53,2406,100,510,41.4,53.1,2542
2024-07-10 14:58:54,2406,100,510,41.4,53.0,2531
2024-07-10 14:58:55,2406,100,511,41.4,53.1,2534
2024-07-10 14:58:56,2406,100,510,41.5,53.1,2531
2024-07-10 14:58:57,2406,100,511,41.5,53.1,2528
2024-07-10 14:58:58,2408,100,511,41.5,53.1,2525
2024-07-10 14:58:59,2408,100,511,41.5,53.1,2523
2024-07-10 14:59:00,2408,100,511,41.5,53.1,2525
2024-07-10 14:59:01,2408,100,511,41.4,53.1,2517
2024-07-10 14:59:02,2408,100,511,41.4,53.1,2518
2024-07-10 14:59:03,2409,100,511,41.4,53.1,2520
2024-07-10 14:59:04,2409,100,510,41.4,53.0,2520
2024-07-10 14:59:05,2409,100,509,41.4,52.9,2526
2024-07-10 14:59:06,2409,100,509,41.4,52.9,2521
2024-07-10 14:59:07,2409,100,509,41.4,52.9,2513
2024-07-10 14:59:08,2413,100,512,41.4,53.2,2513
2024-07-10 14:59:09,2413,100,512,41.5,53.3,2520
2024-07-10 14:59:10,2413,100,513,41.5,53.3,2514
2024-07-10 14:59:11,2413,100,512,41.4,53.2,2515
2024-07-10 14:59:12,2413,100,511,41.4,53.1,2521
2024-07-10 14:59:13,2402,100,509,41.4,52.9,2524
2024-07-10 14:59:14,2402,100,509,41.4,52.9,2528
2024-07-10 14:59:15,2402,100,509,41.4,53.0,2533
2024-07-10 14:59:16,2402,100,509,41.4,53.0,2543
2024-07-10 14:59:17,2402,100,510,41.4,53.0,2542
2024-07-10 14:59:18,2414,100,511,41.4,53.1,2538
2024-07-10 14:59:19,2414,100,512,41.4,53.2,2538
2024-07-10 14:59:20,2414,100,512,41.4,53.2,2541
2024-07-10 14:59:21,2414,100,512,41.4,53.2,2548
2024-07-10 14:59:22,2414,100,512,41.4,53.1,2556
2024-07-10 14:59:23,2404,100,510,41.4,53.0,2560
2024-07-10 14:59:24,2404,100,510,41.4,53.0,2545
2024-07-10 14:59:25,2404,100,510,41.4,53.0,2542
2024-07-10 14:59:26,2404,100,510,41.4,53.0,2545
2024-07-10 14:59:27,2404,100,510,41.4,53.1,2545
2024-07-10 14:59:28,2406,100,511,41.4,53.1,2543
2024-07-10 14:59:29,2406,100,511,41.4,53.1,2542
2024-07-10 14:59:30,2406,100,511,41.4,53.1,2543
2024-07-10 14:59:31,2406,100,511,41.4,53.1,2549
2024-07-10 14:59:32,2406,100,511,41.4,53.1,2546
2024-07-10 14:59:33,2408,100,510,41.4,53.1,2551
2024-07-10 14:59:34,2408,100,511,41.4,53.1,2560
2024-07-10 14:59:35,2408,100,510,41.4,53.1,2588
2024-07-10 14:59:36,2408,100,510,41.4,53.0,2592
2024-07-10 14:59:37,2408,100,510,41.4,53.0,2591
2024-07-10 14:59:38,2403,100,510,41.4,53.0,2569
2024-07-10 14:59:39,2403,100,510,41.4,53.0,2563
2024-07-10 14:59:40,2403,100,510,41.4,53.0,2556
2024-07-10 14:59:41,2403,100,510,41.4,53.0,2553
2024-07-10 14:59:42,2403,100,510,41.4,53.0,2563
2024-07-10 14:59:43,2404,100,510,41.4,53.0,2550
2024-07-10 14:59:44,2404,100,510,41.4,53.0,2552
2024-07-10 14:59:45,2404,100,510,41.4,53.0,2556
2024-07-10 14:59:46,2404,100,510,41.4,53.1,2552
2024-07-10 14:59:47,2404,100,510,41.4,53.1,2548
2024-07-10 14:59:48,2406,100,511,41.4,53.1,2552
2024-07-10 14:59:49,2406,100,511,41.4,53.1,2552
2024-07-10 14:59:50,2406,100,510,41.4,53.1,2552
2024-07-10 14:59:51,2406,100,511,41.4,53.1,2552
2024-07-10 14:59:52,2406,100,510,41.4,53.1,2554
2024-07-10 14:59:53,2406,100,511,41.4,53.1,2556
2024-07-10 14:59:54,2406,100,511,41.4,53.1,2560
2024-07-10 14:59:55,2406,100,511,41.4,53.1,2562
2024-07-10 14:59:56,2406,100,511,41.4,53.1,2565
2024-07-10 14:59:57,2406,100,511,41.4,53.1,2548
2024-07-10 14:59:58,2408,100,511,41.4,53.1,2537
2024-07-10 14:59:59,2408,100,511,41.4,53.1,2540
2024-07-10 15:00:00,2408,100,511,41.4,53.1,2535
2024-07-10 15:00:01,2408,100,511,41.4,53.1,2544
2024-07-10 15:00:02,2408,100,510,41.4,53.0,2543
2024-07-10 15:00:03,2397,100,509,41.4,52.9,2540
2024-07-10 15:00:04,2397,100,509,41.4,53.0,2530
2024-07-10 15:00:05,2397,100,509,41.4,52.9,2510
2024-07-10 15:00:06,2397,100,510,41.4,53.0,2510
2024-07-10 15:00:07,2397,100,511,41.4,53.1,2506
2024-07-10 15:00:08,2410,100,511,41.4,53.2,2504
2024-07-10 15:00:09,2410,100,512,41.4,53.2,2495
2024-07-10 15:00:10,2410,100,511,41.4,53.2,2491
2024-07-10 15:00:11,2410,100,512,41.4,53.2,2495
2024-07-10 15:00:12,2410,100,510,41.4,53.1,2491
2024-07-10 15:00:13,2401,100,510,41.4,53.0,2479
2024-07-10 15:00:14,2401,100,510,41.4,53.0,2473
2024-07-10 15:00:15,2401,100,510,41.4,53.0,2476
2024-07-10 15:00:16,2401,100,510,41.4,53.0,2469
2024-07-10 15:00:17,2401,100,510,41.4,53.0,2463
2024-07-10 15:00:18,2402,100,510,41.4,53.1,2458
2024-07-10 15:00:19,2402,100,510,41.4,53.0,2456
2024-07-10 15:00:20,2402,100,510,41.4,53.0,2448
2024-07-10 15:00:21,2402,100,510,41.4,53.1,2440
2024-07-10 15:00:22,2402,100,510,41.4,53.0,2435
2024-07-10 15:00:23,2405,100,511,41.4,53.2,2428
2024-07-10 15:00:24,2405,100,511,41.4,53.2,2423
2024-07-10 15:00:25,2405,100,511,41.4,53.1,2414
2024-07-10 15:00:26,2405,100,511,41.4,53.2,2413
2024-07-10 15:00:27,2405,100,511,41.4,53.1,2408
2024-07-10 15:00:28,2405,100,511,41.4,53.1,2403
2024-07-10 15:00:29,2405,100,511,41.4,53.1,2400
2024-07-10 15:00:30,2405,100,510,41.4,53.0,2395
2024-07-10 15:00:31,2405,100,510,41.4,53.0,2389
2024-07-10 15:00:32,2405,99,509,41.4,53.0,2381
2024-07-10 15:00:33,2399,99,510,41.4,53.0,2383
2024-07-10 15:00:34,2399,99,506,41.3,52.7,2380
2024-07-10 15:00:35,2399,99,505,41.3,52.5,2380
2024-07-10 15:00:36,2399,99,505,41.3,52.6,2372
2024-07-10 15:00:37,2399,99,506,41.3,52.6,2369
2024-07-10 15:00:38,2378,99,506,41.3,52.6,2369
2024-07-10 15:00:39,2378,99,506,41.3,52.6,2365
2024-07-10 15:00:40,2378,98,506,41.3,52.6,2359
2024-07-10 15:00:41,2378,99,506,41.3,52.6,2365
2024-07-10 15:00:42,2378,98,504,41.3,52.4,2354
2024-07-10 15:00:43,2354,98,501,41.3,52.1,2351
2024-07-10 15:00:44,2354,98,501,41.3,52.0,2340
2024-07-10 15:00:45,2354,98,500,41.3,52.0,2345
2024-07-10 15:00:46,2354,98,501,41.3,52.1,2341
2024-07-10 15:00:47,2354,97,500,41.3,52.0,2339
2024-07-10 15:00:48,2358,97,502,41.3,52.2,2333
2024-07-10 15:00:49,2358,97,501,41.3,52.1,2332
2024-07-10 15:00:50,2358,97,493,41.2,51.3,2327
2024-07-10 15:00:51,2358,97,493,41.2,51.2,2327
2024-07-10 15:00:52,2358,97,497,41.2,51.7,2336
2024-07-10 15:00:53,2341,96,498,41.2,51.8,2298
2024-07-10 15:00:54,2341,96,497,41.2,51.6,2314
2024-07-10 15:00:55,,,,,,2312
2024-07-10 15:00:56,2341,96,494,41.2,51.3,2313
2024-07-10 15:00:57,2341,94,492,41.2,51.2,2310
2024-07-10 15:00:58,2341,94,488,41.1,50.8,2306
2024-07-10 15:00:59,2228,94,480,41.1,49.9,2307
2024-07-10 15:01:00,2228,94,476,41.0,49.5,2299
2024-07-10 15:01:01,2228,93,482,41.1,50.1,2297
2024-07-10 15:01:02,2228,93,486,41.1,50.5,2294
2024-07-10 15:01:03,2228,93,482,41.1,50.1,2297
2024-07-10 15:01:04,2222,93,475,41.0,49.4,2292
2024-07-10 15:01:05,2222,93,476,41.0,49.5,2291
2024-07-10 15:01:06,2222,93,478,41.0,49.7,2279
2024-07-10 15:01:07,2222,92,481,41.0,50.0,2281
2024-07-10 15:01:08,2222,93,481,41.0,50.0,2280
2024-07-10 15:01:09,2206,93,473,41.0,49.2,2276
2024-07-10 15:01:10,2206,92,471,40.9,49.0,2274
2024-07-10 15:01:11,2206,92,475,41.0,49.4,2272
2024-07-10 15:01:12,2206,92,476,41.0,49.5,2265
2024-07-10 15:01:13,2206,92,475,41.0,49.4,2266
2024-07-10 15:01:14,2212,92,474,41.0,49.3,2266
2024-07-10 15:01:15,2212,92,473,41.0,49.2,2262
2024-07-10 15:01:16,2212,92,473,41.0,49.2,2258
2024-07-10 15:01:17,2212,92,472,41.0,49.1,2251
2024-07-10 15:01:18,2212,91,471,41.0,49.0,2260
2024-07-10 15:01:19,2202,92,471,41.0,49.0,2251
2024-07-10 15:01:20,2202,91,470,40.9,48.8,2251
2024-07-10 15:01:21,2202,91,469,40.9,48.8,2242
2024-07-10 15:01:22,2202,91,468,40.9,48.7,2242
2024-07-10 15:01:23,2202,91,468,40.9,48.6,2238
2024-07-10 15:01:24,2184,91,468,40.9,48.7,2241
2024-07-10 15:01:25,2184,91,468,40.9,48.7,2231
2024-07-10 15:01:26,2184,90,468,40.9,48.6,2231
2024-07-10 15:01:27,2184,90,468,40.9,48.5,2234
2024-07-10 15:01:28,2184,91,464,40.9,48.3,2227
2024-07-10 15:01:29,2156,90,462,40.9,48.0,2222
2024-07-10 15:01:30,2156,90,462,40.9,48.1,2222
2024-07-10 15:01:31,2156,90,462,40.9,48.1,2221
2024-07-10 15:01:32,2156,90,463,40.9,48.2,2215
2024-07-10 15:01:33,2156,90,463,40.9,48.2,2217
2024-07-10 15:01:34,2160,90,464,40.9,48.2,2216
2024-07-10 15:01:35,2160,90,463,40.9,48.2,2216
2024-07-10 15:01:36,2160,90,464,40.9,48.2,2204
2024-07-10 15:01:37,2160,89,463,40.9,48.2,2207
2024-07-10 15:01:38,2160,89,463,40.9,48.1,2205
2024-07-10 15:01:39,2145,89,461,40.8,47.9,2201
2024-07-10 15:01:40,2145,89,457,40.8,47.5,2201
2024-07-10 15:01:41,2145,89,456,40.8,47.4,2198
2024-07-10 15:01:42,2145,89,456,40.8,47.4,2198
2024-07-10 15:01:43,2145,89,458,40.8,47.6,2205
2024-07-10 15:01:44,2143,89,460,40.8,47.8,2193
2024-07-10 15:01:45,2143,89,460,40.8,47.9,2191
2024-07-10 15:01:46,2143,89,458,40.8,47.7,2189
2024-07-10 15:01:47,2143,89,459,40.8,47.7,2184
2024-07-10 15:01:48,2143,89,458,40.8,47.6,2183
2024-07-10 15:01:49,2126,88,457,40.8,47.5,2182
2024-07-10 15:01:50,2126,88,457,40.8,47.5,2183
2024-07-10 15:01:51,2126,88,453,40.8,47.1,2174
2024-07-10 15:01:52,2126,88,452,40.7,47.0,2186
2024-07-10 15:01:53,2126,89,452,40.8,47.0,2172
2024-07-10 15:01:54,2101,88,452,40.8,47.0,2176
2024-07-10 15:01:55,2101,88,452,40.7,47.0,2170
2024-07-10 15:01:56,2101,88,452,40.7,47.0,2175
2024-07-10 15:01:57,2101,88,454,40.8,47.2,2170
2024-07-10 15:01:58,2101,88,455,40.8,47.3,2158
2024-07-10 15:01:59,2112,87,454,40.8,47.2,2170
2024-07-10 15:02:00,2112,88,453,40.8,47.0,2161
2024-07-10 15:02:01,2112,88,448,40.7,46.6,2160
2024-07-10 15:02:02,2112,88,447,40.7,46.5,2159
2024-07-10 15:02:03,2112,87,449,40.7,46.7,2161
2024-07-10 15:02:04,2102,88,452,40.8,47.0,2159
2024-07-10 15:02:05,2102,87,452,40.8,47.0,2161
2024-07-10 15:02:06,2102,88,446,40.7,46.4,2155
2024-07-10 15:02:07,2102,87,446,40.7,46.3,2154
2024-07-10 15:02:08,2102,87,447,40.7,46.4,2148
2024-07-10 15:02:09,2080,87,448,40.7,46.5,2154
2024-07-10 15:02:10,2080,87,448,40.7,46.5,2149
2024-07-10 15:02:11,2080,87,447,40.7,46.5,2152
2024-07-10 15:02:12,2080,87,448,40.7,46.5,2149
2024-07-10 15:02:13,2080,87,447,40.7,46.5,2149
2024-07-10 15:02:14,2077,87,447,40.7,46.5,2149
2024-07-10 15:02:15,2077,87,447,40.7,46.4,2146
2024-07-10 15:02:16,2077,87,447,40.7,46.4,2154
2024-07-10 15:02:17,2077,87,447,40.7,46.5,2153
2024-07-10 15:02:18,2077,87,448,40.7,46.6,2148
2024-07-10 15:02:19,2082,87,447,40.7,46.5,2144
2024-07-10 15:02:20,2082,87,448,40.7,46.6,2144
2024-07-10 15:02:21,2082,87,447,40.7,46.5,2143
2024-07-10 15:02:22,2082,87,447,40.7,46.5,2136
2024-07-10 15:02:23,2082,87,447,40.7,46.5,2142
2024-07-10 15:02:24,2079,87,447,40.7,46.5,2141
2024-07-10 15:02:25,2079,87,447,40.7,46.5,2140
2024-07-10 15:02:26,2079,87,446,40.7,46.4,2142
2024-07-10 15:02:27,2079,87,446,40.7,46.4,2139
2024-07-10 15:02:28,2079,87,446,40.7,46.4,2137
2024-07-10 15:02:29,2073,87,446,40.7,46.4,2135
2024-07-10 15:02:30,2073,86,445,40.7,46.3,2130
2024-07-10 15:02:31,2073,86,446,40.7,46.3,2134
2024-07-10 15:02:32,2073,86,441,40.7,45.9,2135
2024-07-10 15:02:33,2073,86,440,40.6,45.7,2133
2024-07-10 15:02:34,2039,86,439,40.6,45.6,2141
2024-07-10 15:02:35,2039,87,442,40.7,46.0,2126
2024-07-10 15:02:36,2039,86,442,40.7,46.0,2134
2024-07-10 15:02:37,2039,86,442,40.7,45.9,2133
2024-07-10 15:02:38,2039,86,442,40.7,45.9,2131
2024-07-10 15:02:39,2053,86,442,40.7,45.9,2126
2024-07-10 15:02:40,2053,86,442,40.7,45.9,2135
2024-07-10 15:02:41,2053,86,442,40.7,45.9,2132
2024-07-10 15:02:42,2053,86,442,40.7,46.0,2131
2024-07-10 15:02:43,2053,86,442,40.7,46.0,2133
2024-07-10 15:02:44,2047,86,441,40.7,45.9,2136
2024-07-10 15:02:45,2047,87,441,40.7,45.8,2134
2024-07-10 15:02:46,2047,86,441,40.7,45.8,2135
2024-07-10 15:02:47,2047,86,440,40.7,45.8,2135
2024-07-10 15:02:48,2047,86,440,40.7,45.8,2132
2024-07-10 15:02:49,2045,86,440,40.7,45.7,2137
2024-07-10 15:02:50,2045,87,440,40.7,45.8,2135
2024-07-10 15:02:51,2045,86,441,40.7,45.8,2131
2024-07-10 15:02:52,2045,86,442,40.7,45.9,2131
2024-07-10 15:02:53,2045,86,442,40.7,45.9,2131
2024-07-10 15:02:54,2052,86,442,40.7,45.9,2134
2024-07-10 15:02:55,2052,86,441,40.7,45.9,2129
2024-07-10 15:02:56,2052,86,441,40.7,45.9,2132
2024-07-10 15:02:57,2052,86,441,40.7,45.8,2128
2024-07-10 15:02:58,2052,86,440,40.7,45.8,2131
2024-07-10 15:02:59,2046,86,440,40.7,45.7,2132
2024-07-10 15:03:00,2046,86,440,40.7,45.7,2129
2024-07-10 15:03:01,2046,86,440,40.7,45.8,2137
2024-07-10 15:03:02,2046,87,440,40.7,45.8,2122
2024-07-10 15:03:03,2046,86,440,40.7,45.7,2130
2024-07-10 15:03:04,2044,86,440,40.7,45.8,2124
2024-07-10 15:03:05,2044,86,440,40.7,45.8,2127
2024-07-10 15:03:06,2044,86,439,40.7,45.7,2129
2024-07-10 15:03:07,2044,86,440,40.7,45.7,2124
2024-07-10 15:03:08,2044,86,441,40.7,45.9,2124
2024-07-10 15:03:09,2048,88,441,40.7,45.9,2129
2024-07-10 15:03:10,2048,88,441,40.7,45.8,2126
2024-07-10 15:03:11,2048,88,441,40.7,45.9,2122
2024-07-10 15:03:12,2048,88,444,40.7,46.1,2122
2024-07-10 15:03:13,2048,88,447,40.8,46.4,2124
2024-07-10 15:03:14,2094,88,450,40.8,46.8,2122
2024-07-10 15:03:15,2094,88,450,40.8,46.8,2127
2024-07-10 15:03:16,2094,88,450,40.8,46.8,2130
2024-07-10 15:03:17,2094,88,449,40.8,46.7,2123
2024-07-10 15:03:18,2094,88,449,40.8,46.6,2130
2024-07-10 15:03:19,2088,88,449,40.8,46.6,2125
2024-07-10 15:03:20,2088,88,449,40.8,46.6,2117
2024-07-10 15:03:21,2088,88,449,40.8,46.6,2129
2024-07-10 15:03:22,2088,88,449,40.8,46.7,2126
2024-07-10 15:03:23,2088,88,449,40.8,46.7,2124
2024-07-10 15:03:24,2089,88,449,40.8,46.6,2124
2024-07-10 15:03:25,2089,88,449,40.8,46.6,2127
2024-07-10 15:03:26,2089,88,448,40.8,46.6,2124
2024-07-10 15:03:27,2089,88,448,40.8,46.6,2123
2024-07-10 15:03:28,2089,88,449,40.8,46.7,2132
2024-07-10 15:03:29,2093,88,450,40.8,46.7,2126
2024-07-10 15:03:30,2093,88,449,40.8,46.7,2121
2024-07-10 15:03:31,2093,88,449,40.8,46.7,2120
2024-07-10 15:03:32,2093,88,450,40.8,46.7,2123
2024-07-10 15:03:33,2093,88,449,40.8,46.7,2121
2024-07-10 15:03:34,2092,88,450,40.8,46.8,2126
2024-07-10 15:03:35,2092,88,449,40.8,46.7,2115
2024-07-10 15:03:36,2092,88,449,40.8,46.7,2116
2024-07-10 15:03:37,2092,88,449,40.8,46.7,2119
2024-07-10 15:03:38,2092,88,449,40.8,46.6,2113
2024-07-10 15:03:39,2086,88,448,40.8,46.6,2114
2024-07-10 15:03:40,2086,88,448,40.8,46.5,2119
2024-07-10 15:03:41,2086,88,448,40.8,46.6,2126
2024-07-10 15:03:42,2086,88,448,40.8,46.6,2114
2024-07-10 15:03:43,2086,88,448,40.8,46.5,2119
2024-07-10 15:03:44,2087,88,447,40.8,46.5,2115
2024-07-10 15:03:45,2087,88,450,40.8,46.7,2114
2024-07-10 15:03:46,2087,88,451,40.8,46.9,2112
2024-07-10 15:03:47,2087,88,451,40.8,46.9,2107
2024-07-10 15:03:48,2087,87,449,40.8,46.7,2108
2024-07-10 15:03:49,2076,87,447,40.8,46.5,2103
2024-07-10 15:03:50,2076,87,445,40.7,46.2,2102
2024-07-10 15:03:51,2076,87,444,40.7,46.2,2109
2024-07-10 15:03:52,2076,87,444,40.7,46.2,2108
2024-07-10 15:03:53,2076,87,443,40.7,46.0,2105
2024-07-10 15:03:54,2057,87,442,40.7,46.0,2105
2024-07-10 15:03:55,2057,87,442,40.7,46.0,2105
2024-07-10 15:03:56,2057,87,444,40.7,46.2,2108
2024-07-10 15:03:57,2057,87,444,40.7,46.3,2104
2024-07-10 15:03:58,2057,87,445,40.7,46.2,2105
2024-07-10 15:03:59,2068,87,445,40.7,46.2,2106
2024-07-10 15:04:00,2068,87,444,40.7,46.2,2106
2024-07-10 15:04:01,2068,87,444,40.7,46.2,2103
2024-07-10 15:04:02,2068,87,444,40.7,46.2,2106
2024-07-10 15:04:03,2068,87,444,40.7,46.2,2107
2024-07-10 15:04:04,2066,87,444,40.8,46.2,2107
2024-07-10 15:04:05,2066,87,444,40.7,46.2,2105
2024-07-10 15:04:06,2066,87,444,40.7,46.2,2105
2024-07-10 15:04:07,2066,87,444,40.7,46.2,2109
2024-07-10 15:04:08,2066,87,444,40.7,46.2,2108
2024-07-10 15:04:09,2065,87,444,40.7,46.2,2108
2024-07-10 15:04:10,2065,87,444,40.7,46.1,2112
2024-07-10 15:04:11,2065,88,444,40.7,46.2,2108
2024-07-10 15:04:12,2065,87,444,40.7,46.2,2109
2024-07-10 15:04:13,2065,87,444,40.7,46.2,2111
2024-07-10 15:04:14,2064,88,444,40.8,46.1,2110
2024-07-10 15:04:15,2064,88,443,40.7,46.1,2107
2024-07-10 15:04:16,2064,87,446,40.8,46.4,2118
2024-07-10 15:04:17,2064,88,448,40.8,46.6,2109
2024-07-10 15:04:18,2064,87,448,40.8,46.6,2112
2024-07-10 15:04:19,2069,88,443,40.7,46.0,2111
2024-07-10 15:04:20,2069,88,442,40.7,45.9,2112
2024-07-10 15:04:21,2069,88,444,40.8,46.1,2113
2024-07-10 15:04:22,2069,88,448,40.8,46.5,2112
2024-07-10 15:04:23,2069,88,449,40.8,46.7,2111
2024-07-10 15:04:24,2091,88,449,40.8,46.7,2109
2024-07-10 15:04:25,2091,87,449,40.8,46.7,2119
2024-07-10 15:04:26,2091,88,449,40.8,46.7,2112
2024-07-10 15:04:27,2091,88,445,40.8,46.2,2112
2024-07-10 15:04:28,2091,88,443,40.7,46.0,2112
2024-07-10 15:04:29,2068,88,444,40.8,46.2,2115
2024-07-10 15:04:30,2068,88,451,40.8,46.9,2117
2024-07-10 15:04:31,2068,88,451,40.8,46.9,2116
2024-07-10 15:04:32,2068,88,449,40.8,46.7,2111
2024-07-10 15:04:33,2068,88,449,40.8,46.7,2115
2024-07-10 15:04:34,2083,88,448,40.8,46.5,2117
2024-07-10 15:04:35,2083,88,447,40.8,46.5,2117
2024-07-10 15:04:36,2083,88,446,40.8,46.3,2116
2024-07-10 15:04:37,2083,88,446,40.8,46.3,2117
2024-07-10 15:04:38,2083,88,449,40.8,46.7,2117
2024-07-10 15:04:39,2099,88,451,40.8,46.8,2120
2024-07-10 15:04:40,2099,88,450,40.8,46.8,2119
2024-07-10 15:04:41,2099,88,448,40.8,46.6,
2024-07-10 15:04:42,2099,88,447,40.8,46.6,2120
2024-07-10 15:04:43,2099,88,447,40.8,46.5,2125
2024-07-10 15:04:44,2083,88,447,40.8,46.4,2121
2024-07-10 15:04:45,2083,88,448,40.8,46.6,2122
2024-07-10 15:04:46,2083,88,448,40.8,46.6,2122
2024-07-10 15:04:47,2083,88,449,40.8,46.7,2114
2024-07-10 15:04:48,2083,88,449,40.8,46.7,
2024-07-10 15:04:49,2090,88,449,40.8,46.7,2129
2024-07-10 15:04:50,2090,88,449,40.8,46.7,2126
2024-07-10 15:04:51,2090,88,449,40.8,46.7,2124
2024-07-10 15:04:52,2090,88,449,40.8,46.7,2123
2024-07-10 15:04:53,2090,88,449,40.8,46.7,2127
2024-07-10 15:04:54,2092,88,449,40.8,46.7,2122
2024-07-10 15:04:55,2092,88,447,40.8,46.5,2119
2024-07-10 15:04:56,2092,88,447,40.8,46.5,2119
2024-07-10 15:04:57,2092,88,447,40.8,46.5,2122
2024-07-10 15:04:58,2092,88,447,40.8,46.4,2123
2024-07-10 15:04:59,2082,89,447,40.8,46.7,2134
2024-07-10 15:05:00,2082,88,450,40.8,46.8,2123
2024-07-10 15:05:01,2082,88,450,40.8,46.8,2123
2024-07-10 15:05:02,2082,88,450,40.8,46.8,2125
2024-07-10 15:05:03,2082,88,450,40.8,46.8,2130
2024-07-10 15:05:04,2095,88,449,40.8,46.7,2119
2024-07-10 15:05:05,2095,88,449,40.8,46.7,2118
2024-07-10 15:05:06,2095,88,448,40.8,46.6,2113
2024-07-10 15:05:07,2095,88,448,40.8,46.6,2113
2024-07-10 15:05:08,2095,88,448,40.8,46.5,2110
2024-07-10 15:05:09,2085,87,448,40.8,46.6,2107
2024-07-10 15:05:10,2085,87,447,40.8,46.4,2106
2024-07-10 15:05:11,2085,87,445,40.8,46.3,2103
2024-07-10 15:05:12,2085,87,443,40.8,46.1,2101
2024-07-10 15:05:13,2085,87,443,40.8,46.1,2102
2024-07-10 15:05:14,2063,87,443,40.8,46.1,2101
2024-07-10 15:05:15,2063,87,443,40.8,46.1,2098
2024-07-10 15:05:16,2063,87,443,40.8,46.1,2097
2024-07-10 15:05:17,2063,87,443,40.8,46.1,2092
2024-07-10 15:05:18,2063,87,443,40.8,46.1,2094
2024-07-10 15:05:19,2062,87,443,40.8,46.1,2094
2024-07-10 15:05:20,2062,87,444,40.8,46.2,2087
2024-07-10 15:05:21,2062,87,445,40.8,46.3,2090
2024-07-10 15:05:22,2062,86,445,40.8,46.3,2084
2024-07-10 15:05:23,2062,87,444,40.8,46.1,2086
2024-07-10 15:05:24,2040,87,440,40.7,45.7,2088
2024-07-10 15:05:25,2040,86,435,40.7,45.3,2085
2024-07-10 15:05:26,2040,86,438,40.7,45.6,2083
2024-07-10 15:05:27,2040,86,445,40.8,46.2,2083
2024-07-10 15:05:28,2040,86,442,40.8,46.0,2077
2024-07-10 15:05:29,2038,86,438,40.7,45.6,2077
2024-07-10 15:05:30,2038,86,438,40.7,45.5,2082
2024-07-10 15:05:31,2038,86,439,40.7,45.6,2082
2024-07-10 15:05:32,2038,86,438,40.7,45.5,2076
2024-07-10 15:05:33,2038,86,438,40.7,45.6,2077
2024-07-10 15:05:34,2044,86,439,40.7,45.6,2076
2024-07-10 15:05:35,2044,86,440,40.7,45.7,2074
2024-07-10 15:05:36,2044,86,440,40.7,45.8,2074
2024-07-10 15:05:37,2044,86,440,40.7,45.8,2072
2024-07-10 15:05:38,2044,86,440,40.7,45.8,2075
2024-07-10 15:05:39,2048,86,440,40.7,45.8,2063
2024-07-10 15:05:40,2048,86,439,40.7,45.6,2068
2024-07-10 15:05:41,2048,86,438,40.7,45.6,2065
2024-07-10 15:05:42,2048,86,438,40.7,45.5,2065
2024-07-10 15:05:43,2048,86,438,40.7,45.6,2064
2024-07-10 15:05:44,2037,86,438,40.7,45.5,2062
2024-07-10 15:05:45,2037,86,439,40.7,45.7,2062
2024-07-10 15:05:46,2037,85,439,40.7,45.7,2060
2024-07-10 15:05:47,2037,85,440,40.7,45.8,2058
2024-07-10 15:05:48,2037,85,437,40.7,45.4,2060
2024-07-10 15:05:49,2022,85,435,40.7,45.2,2052
2024-07-10 15:05:50,2022,85,435,40.7,45.2,2052
2024-07-10 15:05:51,2022,85,435,40.7,45.2,2050
2024-07-10 15:05:52,2022,85,435,40.7,45.2,2053
2024-07-10 15:05:53,2022,85,434,40.7,45.1,2049
2024-07-10 15:05:54,2015,85,434,40.7,45.1,2046
2024-07-10 15:05:55,2015,85,434,40.7,45.1,2047
2024-07-10 15:05:56,2015,85,434,40.7,45.1,2044
2024-07-10 15:05:57,2015,85,434,40.7,45.1,2046
2024-07-10 15:05:58,2015,85,433,40.7,45.1,2040
2024-07-10 15:05:59,2013,84,433,40.7,45.0,2036
2024-07-10 15:06:00,2013,85,433,40.7,45.1,2042
2024-07-10 15:06:01,2013,84,434,40.7,45.1,2036
2024-07-10 15:06:02,2013,84,431,40.6,44.8,2037
2024-07-10 15:06:03,2013,84,429,40.6,44.6,2032
2024-07-10 15:06:04,1991,85,429,40.6,44.6,2045
2024-07-10 15:06:05,1991,85,429,40.6,44.6,2041
2024-07-10 15:06:06,1991,84,429,40.6,44.6,2030
2024-07-10 15:06:07,1991,84,434,40.7,45.1,2030
2024-07-10 15:06:08,1991,84,437,40.7,45.4,2030
2024-07-10 15:06:09,2011,84,430,40.6,44.7,2024
2024-07-10 15:06:10,2011,84,427,40.6,44.4,2026
2024-07-10 15:06:11,2011,84,428,40.6,44.5,2026
2024-07-10 15:06:12,2011,84,429,40.6,44.7,2023
2024-07-10 15:06:13,2011,84,430,40.6,44.7,2020
2024-07-10 15:06:14,1996,84,430,40.6,44.7,2018
2024-07-10 15:06:15,1996,84,430,40.6,44.7,2023
2024-07-10 15:06:16,1996,83,430,40.6,44.7,2012
2024-07-10 15:06:17,1996,83,430,40.6,44.7,2009
2024-07-10 15:06:18,1996,83,425,40.6,44.2,2007
2024-07-10 15:06:19,1962,83,423,40.5,44.0,2007
2024-07-10 15:06:20,1962,84,423,40.6,44.0,2015
2024-07-10 15:06:21,1962,83,424,40.6,44.1,2003
2024-07-10 15:06:22,1962,83,426,40.6,44.3,2002
2024-07-10 15:06:23,1962,83,426,40.6,44.3,1997
2024-07-10 15:06:24,1977,83,426,40.6,44.3,2004
2024-07-10 15:06:25,1977,83,427,40.6,44.4,2000
2024-07-10 15:06:26,1977,83,425,40.6,44.2,1995
2024-07-10 15:06:27,1977,83,423,40.6,44.0,1993
2024-07-10 15:06:28,1977,83,423,40.6,44.0,1992
2024-07-10 15:06:29,1965,82,424,40.6,44.1,1989
2024-07-10 15:06:30,1965,83,424,40.6,44.1,1995
2024-07-10 15:06:31,1965,82,424,40.6,44.1,1985
2024-07-10 15:06:32,1965,82,420,40.5,43.7,1986
2024-07-10 15:06:33,1965,83,417,40.5,43.4,1990
2024-07-10 15:06:34,1934,82,417,40.5,43.5,1977
2024-07-10 15:06:35,1934,82,421,40.5,43.7,1980
2024-07-10 15:06:36,1934,82,421,40.5,43.8,1978
2024-07-10 15:06:37,1934,82,421,40.5,43.8,1974
2024-07-10 15:06:38,1934,82,421,40.5,43.8,1973
2024-07-10 15:06:39,1952,82,421,40.5,43.7,1975
2024-07-10 15:06:40,1952,82,418,40.5,43.4,1967
2024-07-10 15:06:41,1952,82,418,40.5,43.5,1971
2024-07-10 15:06:42,1952,81,418,40.5,43.5,1962
2024-07-10 15:06:43,1952,82,418,40.5,43.5,1968
2024-07-10 15:06:44,1940,81,419,40.5,43.6,1963
2024-07-10 15:06:45,1940,81,418,40.5,43.4,1964
2024-07-10 15:06:46,1940,82,416,40.5,43.2,1969
2024-07-10 15:06:47,1940,81,416,40.5,43.2,1964
2024-07-10 15:06:48,1940,81,415,40.5,43.1,1961
2024-07-10 15:06:49,1921,81,415,40.5,43.1,1957
2024-07-10 15:06:50,1921,81,415,40.5,43.1,1958
2024-07-10 15:06:51,1921,81,415,40.5,43.2,1955
2024-07-10 15:06:52,1921,81,415,40.5,43.2,1949
2024-07-10 15:06:53,1921,81,415,40.5,43.1,1951
2024-07-10 15:06:54,1923,81,415,40.5,43.2,1950
2024-07-10 15:06:55,1923,81,415,40.5,43.2,1946
2024-07-10 15:06:56,1923,81,415,40.5,43.1,1952
2024-07-10 15:06:57,1923,81,415,40.5,43.1,1950
2024-07-10 15:06:58,1923,81,415,40.5,43.1,1945
2024-07-10 15:06:59,1922,81,415,40.5,43.1,1945
2024-07-10 15:07:00,1922,80,415,40.5,43.1,1936
2024-07-10 15:07:01,1922,80,415,40.5,43.2,1939
2024-07-10 15:07:02,1922,80,414,40.5,43.0,1931
2024-07-10 15:07:03,1922,80,412,40.4,42.8,1939
2024-07-10 15:07:04,1899,80,410,40.4,42.6,1934
2024-07-10 15:07:05,1899,80,409,40.4,42.6,1933
2024-07-10 15:07:06,1899,80,409,40.4,42.6,1926
2024-07-10 15:07:07,1899,80,409,40.4,42.6,1926
2024-07-10 15:07:08,1899,80,409,40.4,42.5,1929
2024-07-10 15:07:09,1892,80,409,40.4,42.6,1929
2024-07-10 15:07:10,1892,80,409,40.4,42.6,1929
2024-07-10 15:07:11,1892,80,411,40.4,42.8,1920
2024-07-10 15:07:12,1892,80,410,40.4,42.7,1925
2024-07-10 15:07:13,1892,80,411,40.4,42.7,1922
2024-07-10 15:07:14,1900,80,411,40.4,42.7,1918
2024-07-10 15:07:15,1900,79,410,40.4,42.7,1917
2024-07-10 15:07:16,1900,79,410,40.4,42.5,1913
2024-07-10 15:07:17,1900,79,407,40.4,42.3,1913
2024-07-10 15:07:18,1900,80,406,40.4,42.2,1920
2024-07-10 15:07:19,1871,79,405,40.4,42.1,1912
2024-07-10 15:07:20,1871,79,404,40.4,42.0,1910
2024-07-10 15:07:21,1871,79,405,40.4,42.1,1909
2024-07-10 15:07:22,1871,79,404,40.4,42.0,1898
2024-07-10 15:07:23,1871,79,404,40.4,42.1,1913
2024-07-10 15:07:24,1880,79,406,40.4,42.3,1906
2024-07-10 15:07:25,1880,79,407,40.4,42.3,1898
2024-07-10 15:07:26,1880,79,407,40.4,42.3,1899
2024-07-10 15:07:27,1880,79,406,40.4,42.1,1899
2024-07-10 15:07:28,1880,79,404,40.4,42,1896
2024-07-10 15:07:29,1870,79,404,40.4,42.1,1895
2024-07-10 15:07:30,1870,78,405,40.4,42.1,1887
2024-07-10 15:07:31,1870,78,405,40.4,42.1,1891
2024-07-10 15:07:32,1870,78,401,40.3,41.7,1891
2024-07-10 15:07:33,1870,78,401,40.3,41.6,1887
2024-07-10 15:07:34,1848,78,400,40.3,41.6,1893
2024-07-10 15:07:35,1848,78,400,40.3,41.6,1893
2024-07-10 15:07:36,1848,78,400,40.3,41.6,1886
2024-07-10 15:07:37,1848,78,401,40.3,41.7,1882
2024-07-10 15:07:38,1848,78,400,40.3,41.6,1880
2024-07-10 15:07:39,1847,78,401,40.3,41.6,1879
2024-07-10 15:07:40,1847,78,400,40.3,41.6,1876
2024-07-10 15:07:41,1847,78,400,40.3,41.6,1875
2024-07-10 15:07:42,1847,78,400,40.3,41.5,1876
2024-07-10 15:07:43,1847,78,400,40.3,41.6,1875
2024-07-10 15:07:44,1845,78,399,40.3,41.5,1871
2024-07-10 15:07:45,1845,78,400,40.3,41.6,1873
2024-07-10 15:07:46,1845,77,399,40.3,41.5,1865
2024-07-10 15:07:47,1845,77,399,40.3,41.5,1865
2024-07-10 15:07:48,1845,77,398,40.3,41.4,1866
2024-07-10 15:07:49,1829,77,396,40.3,41.1,1863
2024-07-10 15:07:50,1829,77,395,40.3,41.0,1858
2024-07-10 15:07:51,1829,77,395,40.3,41.1,1853
2024-07-10 15:07:52,1829,76,395,40.3,41.0,1844
2024-07-10 15:07:53,1829,77,395,40.3,41.1,1853
2024-07-10 15:07:54,1816,77,395,40.2,41.0,1856
2024-07-10 15:07:55,1816,77,389,40.2,40.5,1856
2024-07-10 15:07:56,1816,77,389,40.2,40.5,1852
2024-07-10 15:07:57,1816,77,395,40.3,41.1,1847
2024-07-10 15:07:58,1816,77,398,40.3,41.3,1855
2024-07-10 15:07:59,1834,77,397,40.3,41.3,1846
2024-07-10 15:08:00,1834,76,396,40.3,41.2,1844
2024-07-10 15:08:01,1834,76,394,40.3,41.0,1840
2024-07-10 15:08:02,1834,77,391,40.2,40.7,1846
2024-07-10 15:08:03,1834,76,388,40.2,40.4,1841
2024-07-10 15:08:04,1784,76,388,40.2,40.3,1840
2024-07-10 15:08:05,1784,76,390,40.2,40.5,1837
2024-07-10 15:08:06,1784,76,391,40.2,40.6,1834
2024-07-10 15:08:07,1784,76,390,40.2,40.6,1833
2024-07-10 15:08:08,1784,76,390,40.2,40.6,1833
2024-07-10 15:08:09,1797,76,390,40.2,40.5,1833
2024-07-10 15:08:10,1797,76,391,40.2,40.6,1826
2024-07-10 15:08:11,1797,76,392,40.2,40.8,1822
2024-07-10 15:08:12,1797,76,392,40.2,40.7,1823
2024-07-10 15:08:13,1797,75,391,40.2,40.7,1820
2024-07-10 15:08:14,1791,76,389,40.2,40.5,1822
2024-07-10 15:08:15,1791,75,386,40.2,40.1,1813
2024-07-10 15:08:16,1791,75,386,40.2,40.2,1817
2024-07-10 15:08:17,1791,75,387,40.2,40.2,1815
2024-07-10 15:08:18,1791,75,386,40.2,40.1,1813
2024-07-10 15:08:19,1772,75,385,40.2,40.0,1812
2024-07-10 15:08:20,1772,75,385,40.2,40.0,1808
2024-07-10 15:08:21,1772,75,385,40.2,40.0,1806
2024-07-10 15:08:22,1772,75,385,40.2,40.0,1804
2024-07-10 15:08:23,1772,75,385,40.2,40.0,1802
2024-07-10 15:08:24,1771,75,384,40.2,40.0,1802
2024-07-10 15:08:25,1771,75,385,40.2,40.0,1799
2024-07-10 15:08:26,1771,74,385,40.2,40.0,1796
2024-07-10 15:08:27,1771,74,385,40.2,40.0,1797
2024-07-10 15:08:28,1771,75,383,40.1,39.9,1798
2024-07-10 15:08:29,1755,75,380,40.1,39.5,1800
2024-07-10 15:08:30,1755,74,377,40.1,39.2,1792
2024-07-10 15:08:31,1755,74,382,40.2,40.1,1793
2024-07-10 15:08:32,1755,74,384,40.1,40.0,1784
2024-07-10 15:08:33,1755,74,380,40.1,39.5,1785
2024-07-10 15:08:34,1752,74,381,40.1,39.6,1787
2024-07-10 15:08:35,1752,74,380,40.1,39.5,1789
2024-07-10 15:08:36,1752,74,379,40.1,39.4,1783
2024-07-10 15:08:37,1752,74,379,40.1,39.4,1780
2024-07-10 15:08:38,1752,73,379,40.1,39.4,1773
2024-07-10 15:08:39,1743,73,379,40.1,39.4,1773
2024-07-10 15:08:40,1743,74,379,40.1,39.4,1775
2024-07-10 15:08:41,1743,74,378,40.1,39.3,1778
2024-07-10 15:08:42,1743,74,376,40.1,39.1,1774
2024-07-10 15:08:43,1743,73,376,40.1,39.1,1771
2024-07-10 15:08:44,1732,73,377,40.1,39.2,1769
2024-07-10 15:08:45,1732,73,378,40.1,39.3,1764
2024-07-10 15:08:46,1732,73,378,40.1,39.3,1767
2024-07-10 15:08:47,1732,73,376,40.1,39.1,1765
2024-07-10 15:08:48,1732,73,375,40.0,38.9,1767
2024-07-10 15:08:49,1723,73,375,40.0,38.9,1765
2024-07-10 15:08:50,1723,73,375,40.0,39.0,1759
2024-07-10 15:08:51,1723,73,375,40.0,39.0,1758
2024-07-10 15:08:52,1723,73,374,40.0,38.9,1758
2024-07-10 15:08:53,1723,73,374,40.0,38.9,1757
2024-07-10 15:08:54,1721,73,374,40.0,38.9,1757
2024-07-10 15:08:55,1721,73,374,40.0,38.9,1750
2024-07-10 15:08:56,1721,73,374,40.0,38.9,1753
2024-07-10 15:08:57,1721,73,374,40.0,38.9,1754
2024-07-10 15:08:58,1721,73,374,40.1,38.9,1752
2024-07-10 15:08:59,1724,73,375,40.1,39.0,1752
2024-07-10 15:09:00,1724,72,375,40.1,38.9,1749
2024-07-10 15:09:01,1724,72,375,40.1,39.0,1749
2024-07-10 15:09:02,1724,72,372,40.0,38.7,1749
2024-07-10 15:09:03,1724,72,370,40.0,38.5,1743
2024-07-10 15:09:04,1689,72,368,40.0,38.2,1746
2024-07-10 15:09:05,1689,72,368,40.0,38.3,1743
2024-07-10 15:09:06,1689,72,370,40.0,38.4,1747
2024-07-10 15:09:07,1689,72,370,40.0,38.5,1741
2024-07-10 15:09:08,1689,72,370,40.0,38.4,1739
2024-07-10 15:09:09,1700,72,370,40.0,38.5,1739
2024-07-10 15:09:10,1700,72,370,40.0,38.4,1742
2024-07-10 15:09:11,1700,72,370,40.0,38.5,1744
2024-07-10 15:09:12,1700,72,370,40.0,38.4,1739
2024-07-10 15:09:13,1700,72,370,40,38.5,1736
2024-07-10 15:09:14,1699,72,370,40.0,38.4,1734
2024-07-10 15:09:15,1699,72,370,40.0,38.5,1739
2024-07-10 15:09:16,1699,72,370,40,38.4,1738
2024-07-10 15:09:17,1699,72,370,40.0,38.5,1735
2024-07-10 15:09:18,1699,72,370,40.0,38.5,1739
2024-07-10 15:09:19,1699,72,370,40.0,38.5,1737
2024-07-10 15:09:20,1699,72,370,40.0,38.5,1733
2024-07-10 15:09:21,1699,72,370,40.0,38.5,1731
2024-07-10 15:09:22,1699,72,370,40.0,38.4,1736
2024-07-10 15:09:23,1699,72,370,40.0,38.4,1731
2024-07-10 15:09:24,1699,72,369,40.0,38.4,1735
2024-07-10 15:09:25,1699,72,370,40.0,38.4,1737
2024-07-10 15:09:26,1699,72,369,40.0,38.4,1732
2024-07-10 15:09:27,1699,72,370,40.0,38.4,1730
2024-07-10 15:09:28,1699,72,369,40.0,38.4,1730
2024-07-10 15:09:29,1698,72,370,40.0,38.4,1730
2024-07-10 15:09:30,1698,72,369,40.0,38.4,1730
2024-07-10 15:09:31,1698,71,369,40.0,38.4,1724
2024-07-10 15:09:32,1698,72,369,40.0,38.4,1734
2024-07-10 15:09:33,1698,72,367,39.9,38.2,1732
2024-07-10 15:09:34,1672,72,363,39.9,37.8,1734
2024-07-10 15:09:35,1672,72,363,39.9,37.9,1734
2024-07-10 15:09:36,1672,71,369,40.0,38.4,1706
2024-07-10 15:09:37,1672,72,371,40.0,38.6,1733
2024-07-10 15:09:38,1672,72,368,40.0,38.2,1729
2024-07-10 15:09:39,1673,72,363,39.9,37.7,1730
2024-07-10 15:09:40,1673,72,364,39.9,37.9,1731
2024-07-10 15:09:41,1673,72,369,40.0,38.4,1732
2024-07-10 15:09:42,1673,72,369,40.0,38.4,1743
2024-07-10 15:09:43,1673,72,368,40.0,38.3,1736
2024-07-10 15:09:44,1695,72,369,40.0,38.3,1735
2024-07-10 15:09:45,1695,72,368,40.0,38.3,1734
2024-07-10 15:09:46,1695,72,368,40,38.3,1735
2024-07-10 15:09:47,1695,72,368,40.0,38.3,1734
2024-07-10 15:09:48,1695,72,368,40.0,38.3,1733
2024-07-10 15:09:49,1696,72,369,40.0,38.4,1742
2024-07-10 15:09:50,1696,72,369,40.0,38.3,1734
2024-07-10 15:09:51,1696,72,369,40.0,38.4,1737
2024-07-10 15:09:52,1696,72,368,40.0,38.3,1737
2024-07-10 15:09:53,1696,72,369,40.0,38.3,1737
2024-07-10 15:09:54,1694,72,368,40.0,38.3,1735
2024-07-10 15:09:55,1694,72,368,40.0,38.3,1742
2024-07-10 15:09:56,1694,72,368,40.0,38.3,1738
2024-07-10 15:09:57,1694,72,368,40.0,38.3,1741
2024-07-10 15:09:58,1694,72,368,40.0,38.3,1742
2024-07-10 15:09:59,1694,72,368,40.0,38.3,1743
2024-07-10 15:10:00,1694,72,368,40.0,38.3,1739
2024-07-10 15:10:01,1694,72,368,40.0,38.3,1744
2024-07-10 15:10:02,1694,72,368,40.0,38.3,1749
2024-07-10 15:10:03,1694,72,368,40.0,38.3,1749
2024-07-10 15:10:04,1694,73,368,40.0,38.3,1750
2024-07-10 15:10:05,1694,73,368,40.0,38.3,1751
2024-07-10 15:10:06,1694,72,369,40.0,38.3,1749
2024-07-10 15:10:07,1694,72,368,40.0,38.3,1747
2024-07-10 15:10:08,1694,73,369,40.0,38.3,1756
2024-07-10 15:10:09,1695,73,369,40.0,38.3,1764
2024-07-10 15:10:10,1695,73,369,40.0,38.3,1757
2024-07-10 15:10:11,1695,73,369,40.0,38.4,1752
2024-07-10 15:10:12,1695,73,373,40.1,38.8,1760
2024-07-10 15:10:13,1695,73,374,40.1,38.8,1763
2024-07-10 15:10:14,1721,73,373,40.1,38.8,1765
2024-07-10 15:10:15,1721,73,374,40.1,38.9,1769
2024-07-10 15:10:16,1721,73,373,40.1,38.8,1770
2024-07-10 15:10:17,1721,73,373,40.1,38.7,1770
2024-07-10 15:10:18,1721,74,372,40.0,38.6,1777
2024-07-10 15:10:19,1710,74,371,40.0,38.6,1775
2024-07-10 15:10:20,1710,74,371,40.0,38.6,1777
2024-07-10 15:10:21,1710,74,375,40.1,39.0,1778
2024-07-10 15:10:22,1710,74,377,40.1,39.2,1785
2024-07-10 15:10:23,1710,74,377,40.1,39.2,1781
2024-07-10 15:10:24,1738,74,377,40.1,39.2,1783
2024-07-10 15:10:25,1738,74,377,40.1,39.2,1784
2024-07-10 15:10:26,1738,74,377,40.1,39.2,1789
2024-07-10 15:10:27,1738,74,377,40.1,39.2,1788
2024-07-10 15:10:28,1738,74,377,40.1,39.1,1789
2024-07-10 15:10:29,1735,74,377,40.1,39.2,1795
2024-07-10 15:10:30,1735,75,376,40.1,39.1,1798
2024-07-10 15:10:31,1735,75,376,40.1,39.1,1807
2024-07-10 15:10:32,1735,75,376,40.1,39.1,1805
2024-07-10 15:10:33,1735,75,378,40.1,39.3,1802
2024-07-10 15:10:34,1766,75,385,40.2,40.0,1810
2024-07-10 15:10:35,1766,75,385,40.2,40.0,1806
2024-07-10 15:10:36,1766,75,382,40.2,39.7,1812
2024-07-10 15:10:37,1766,75,382,40.2,39.6,1810
2024-07-10 15:10:38,1766,75,381,40.2,39.6,1809
2024-07-10 15:10:39,1752,75,380,40.2,39.5,1815
2024-07-10 15:10:40,1752,75,380,40.2,39.6,1816
2024-07-10 15:10:41,1752,75,380,40.2,39.5,1816
2024-07-10 15:10:42,1752,75,380,40.2,39.6,1820
2024-07-10 15:10:43,1752,76,382,40.2,39.7,1825
2024-07-10 15:10:44,1767,76,383,40.2,39.9,1825
2024-07-10 15:10:45,1767,76,383,40.2,39.9,1829
2024-07-10 15:10:46,1767,76,383,40.2,39.9,1837
2024-07-10 15:10:47,1767,76,384,40.2,39.9,1833
2024-07-10 15:10:48,1767,76,386,40.2,40.2,1827
2024-07-10 15:10:49,1784,76,386,40.2,40.2,1839
2024-07-10 15:10:50,1784,76,387,40.2,40.2,1842
2024-07-10 15:10:51,1784,76,386,40.2,40.2,1843
2024-07-10 15:10:52,1784,76,386,40.2,40.2,1844
2024-07-10 15:10:53,1784,77,386,40.2,40.2,1846
2024-07-10 15:10:54,1784,77,387,40.2,40.2,1850
2024-07-10 15:10:55,1784,77,386,40.2,40.2,1852
2024-07-10 15:10:56,1784,77,388,40.2,40.3,1852
2024-07-10 15:10:57,1784,77,389,40.3,40.5,1853
2024-07-10 15:10:58,1784,77,392,40.3,40.8,1859
2024-07-10 15:10:59,1813,77,392,40.3,40.8,1858
2024-07-10 15:11:00,1813,77,392,40.3,40.8,1866
2024-07-10 15:11:01,1813,77,391,40.3,40.7,1865
2024-07-10 15:11:02,1813,78,390,40.3,40.6,1871
2024-07-10 15:11:03,1813,78,389,40.3,40.4,1871
2024-07-10 15:11:04,1804,77,389,40.3,40.4,1868
2024-07-10 15:11:05,1804,78,393,40.3,40.9,1874
2024-07-10 15:11:06,1804,78,395,40.3,41.1,1875
2024-07-10 15:11:07,1804,78,394,40.3,41.0,1876
2024-07-10 15:11:08,1804,78,393,40.3,40.8,1881
2024-07-10 15:11:09,1812,78,392,40.3,40.8,1890
2024-07-10 15:11:10,1812,78,394,40.3,41,1885
2024-07-10 15:11:11,1812,78,395,40.3,41.1,1892
2024-07-10 15:11:12,1812,78,395,40.4,41.1,1889
2024-07-10 15:11:13,1812,79,396,40.4,41.1,1894
2024-07-10 15:11:14,1831,79,396,40.4,41.2,1899
2024-07-10 15:11:15,1831,79,396,40.4,41.2,1895
2024-07-10 15:11:16,1831,79,398,40.4,41.3,1904
2024-07-10 15:11:17,1831,79,400,40.4,41.6,1907
2024-07-10 15:11:18,1831,79,400,40.4,41.6,1907
2024-07-10 15:11:19,1853,79,400,40.4,41.6,1913
2024-07-10 15:11:20,1853,79,400,40.4,41.6,1912
2024-07-10 15:11:21,1853,79,401,40.4,41.7,1915
2024-07-10 15:11:22,1853,79,400,40.4,41.6,1915
2024-07-10 15:11:23,1853,80,401,40.4,41.7,1927
2024-07-10 15:11:24,1853,80,401,40.4,41.7,1928
2024-07-10 15:11:25,1853,80,401,40.4,41.6,1931
2024-07-10 15:11:26,1853,80,401,40.4,41.7,1931
2024-07-10 15:11:27,1853,80,403,40.4,41.9,1938
2024-07-10 15:11:28,1853,80,405,40.5,42.1,1938
2024-07-10 15:11:29,1878,81,405,40.5,42.1,1944
2024-07-10 15:11:30,1878,81,405,40.5,42.2,1948
2024-07-10 15:11:31,1878,81,405,40.5,42.1,1951
2024-07-10 15:11:32,1878,81,408,40.5,42.4,1954
2024-07-10 15:11:33,1878,81,410,40.5,42.6,1948
2024-07-10 15:11:34,1908,81,411,40.5,42.8,1954
2024-07-10 15:11:35,1908,81,411,40.5,42.8,1961
2024-07-10 15:11:36,1908,81,411,40.5,42.7,1965
2024-07-10 15:11:37,1908,82,410,40.5,42.6,1976
2024-07-10 15:11:38,1908,82,409,40.5,42.5,1976
2024-07-10 15:11:39,1895,82,409,40.5,42.5,1979
2024-07-10 15:11:40,1895,82,410,40.5,42.6,1980
2024-07-10 15:11:41,1895,83,414,40.6,43.3,1990
2024-07-10 15:11:42,1895,82,417,40.6,43.4,1988
2024-07-10 15:11:43,1895,83,417,40.6,43.3,1995
2024-07-10 15:11:44,1933,83,416,40.6,43.3,1998
2024-07-10 15:11:45,1933,83,416,40.6,43.2,1998
2024-07-10 15:11:46,1933,83,415,40.6,43.2,1999
2024-07-10 15:11:47,1933,83,416,40.6,43.3,2001
2024-07-10 15:11:48,1933,83,418,40.6,43.5,2002
2024-07-10 15:11:49,1959,83,421,40.7,43.8,2012
2024-07-10 15:11:50,1959,83,422,40.7,43.9,2012
2024-07-10 15:11:51,1959,84,419,40.6,43.6,2020
2024-07-10 15:11:52,1959,84,420,40.6,43.7,2015
2024-07-10 15:11:53,1959,84,420,40.6,43.7,2021
2024-07-10 15:11:54,1952,84,419,40.6,43.6,2021
2024-07-10 15:11:55,1952,84,422,40.7,43.8,2031
2024-07-10 15:11:56,1952,85,423,40.7,44.0,2040
2024-07-10 15:11:57,1952,85,424,40.7,44.1,2038
2024-07-10 15:11:58,1952,85,425,40.7,44.2,2042
2024-07-10 15:11:59,1980,85,427,40.7,44.4,2044
2024-07-10 15:12:00,1980,85,429,40.7,44.6,2050
2024-07-10 15:12:01,1980,85,429,40.7,44.6,2054
2024-07-10 15:12:02,1980,85,429,40.7,44.6,2058
2024-07-10 15:12:03,1980,86,429,40.7,44.6,2069
2024-07-10 15:12:04,1996,86,429,40.7,44.6,2065
2024-07-10 15:12:05,1996,86,429,40.7,44.6,2070
2024-07-10 15:12:06,1996,86,430,40.7,44.7,2075
2024-07-10 15:12:07,1996,86,434,40.8,45.2,2076
2024-07-10 15:12:08,1996,86,434,40.8,45.2,2080
2024-07-10 15:12:09,2025,86,435,40.8,45.2,2081
2024-07-10 15:12:10,2025,87,434,40.8,45.2,2088
2024-07-10 15:12:11,2025,87,434,40.8,45.1,2094
2024-07-10 15:12:12,2025,87,434,40.8,45.1,2097
2024-07-10 15:12:13,2025,87,434,40.8,45.1,2106
2024-07-10 15:12:14,2026,87,435,40.8,45.6,2105
2024-07-10 15:12:15,2026,88,441,40.9,45.8,2113
2024-07-10 15:12:16,2026,88,440,40.9,45.8,2115
2024-07-10 15:12:17,2026,88,440,40.9,45.8,2124
2024-07-10 15:12:18,2026,88,441,40.9,45.8,2126
2024-07-10 15:12:19,2058,88,441,40.9,45.8,2127
2024-07-10 15:12:20,2058,89,441,40.9,45.8,2137
2024-07-10 15:12:21,2058,89,442,40.9,46.0,2139
2024-07-10 15:12:22,2058,89,447,40.9,46.5,2142
2024-07-10 15:12:23,2058,89,447,40.9,46.5,2147
2024-07-10 15:12:24,2092,89,447,40.9,46.5,2155
2024-07-10 15:12:25,2092,90,447,40.9,46.6,2162
2024-07-10 15:12:26,2092,90,447,40.9,46.5,2165
2024-07-10 15:12:27,2092,90,450,41.0,46.8,2175
2024-07-10 15:12:28,2092,90,451,41.0,46.8,2174
2024-07-10 15:12:29,2117,90,453,41.0,47.1,2180
2024-07-10 15:12:30,2117,91,454,41.0,47.2,2187
2024-07-10 15:12:31,2117,91,455,41.0,47.3,2199
2024-07-10 15:12:32,2117,91,455,41.0,47.3,2193
2024-07-10 15:12:33,2117,91,455,41.0,47.3,2204
2024-07-10 15:12:34,2133,92,456,41.0,47.4,2208
2024-07-10 15:12:35,2133,92,457,41.0,47.6,2216
2024-07-10 15:12:36,2133,92,459,41.1,47.7,2216
2024-07-10 15:12:37,2133,92,460,41.1,47.8,2224
2024-07-10 15:12:38,2133,92,465,41.1,48.3,2225
2024-07-10 15:12:39,2184,93,465,41.1,48.3,2238
2024-07-10 15:12:40,2184,93,465,41.1,48.4,2246
2024-07-10 15:12:41,2184,93,464,41.1,48.2,2248
2024-07-10 15:12:42,2184,94,464,41.1,48.2,2257
2024-07-10 15:12:43,2184,94,465,41.1,48.3,2264
2024-07-10 15:12:44,2201,94,469,41.2,48.7,2271
2024-07-10 15:12:45,2201,95,470,41.2,48.9,2282
2024-07-10 15:12:46,2201,95,472,41.2,49.1,2295
2024-07-10 15:12:47,2201,96,476,41.2,49.5,2305
2024-07-10 15:12:48,2201,96,477,41.3,49.5,2304
2024-07-10 15:12:49,2248,95,478,41.3,49.7,2291
2024-07-10 15:12:50,2248,96,479,41.3,49.8,2313
2024-07-10 15:12:51,2248,96,480,41.3,49.9,2307
2024-07-10 15:12:52,2248,96,480,41.3,49.9,2310
2024-07-10 15:12:53,2248,96,480,41.3,49.9,2314
2024-07-10 15:12:54,2260,96,480,41.3,49.9,2312
2024-07-10 15:12:55,2260,96,481,41.3,50.0,2325
2024-07-10 15:12:56,2260,96,484,41.3,50.3,2322
2024-07-10 15:12:57,2260,97,484,41.3,50.3,2328
2024-07-10 15:12:58,2260,97,484,41.3,50.3,2334
2024-07-10 15:12:59,2278,97,484,41.3,50.3,2333
2024-07-10 15:13:00,2278,97,484,41.3,50.3,2337
2024-07-10 15:13:01,2278,97,484,41.3,50.3,2346
2024-07-10 15:13:02,2278,98,487,41.4,50.6,2351
2024-07-10 15:13:03,2278,98,488,41.4,50.7,2360
2024-07-10 15:13:04,2303,98,489,41.4,50.8,2364
2024-07-10 15:13:05,2303,98,490,41.4,51.1,2366
2024-07-10 15:13:06,2303,98,492,41.4,51.1,2371
2024-07-10 15:13:07,2303,98,493,41.4,51.2,2371
2024-07-10 15:13:08,2303,99,493,41.4,51.2,2376
2024-07-10 15:13:09,2327,99,493,41.4,51.3,2375
2024-07-10 15:13:10,2327,99,493,41.4,51.3,2381
2024-07-10 15:13:11,2327,99,494,41.4,51.4,2374
2024-07-10 15:13:12,2327,99,498,41.5,51.7,2379
2024-07-10 15:13:13,2327,99,500,41.5,52.0,2381
2024-07-10 15:13:14,2363,99,500,41.5,52.0,2378
2024-07-10 15:13:15,2363,99,498,41.5,51.7,2378
2024-07-10 15:13:16,2363,99,496,41.4,51.5,2383
2024-07-10 15:13:17,2363,99,496,41.4,51.5,2382
2024-07-10 15:13:18,2363,99,498,41.5,51.8,2385
2024-07-10 15:13:19,2354,99,498,41.5,51.7,2388
2024-07-10 15:13:20,2354,99,498,41.5,51.8,2388
2024-07-10 15:13:21,2354,99,498,41.5,51.8,2388
2024-07-10 15:13:22,2354,99,498,41.5,51.8,2392
2024-07-10 15:13:23,2354,99,498,41.5,51.8,2396
2024-07-10 15:13:24,2356,99,498,41.5,51.8,2396
2024-07-10 15:13:25,2356,99,498,41.5,51.8,2391
2024-07-10 15:13:26,2356,99,499,41.5,51.8,2394
2024-07-10 15:13:27,2356,100,499,41.5,51.9,2400
2024-07-10 15:13:28,2356,100,500,41.5,51.9,2401
2024-07-10 15:13:29,2363,100,500,41.5,52.0,2402
2024-07-10 15:13:30,2363,100,501,41.5,52.1,2409
2024-07-10 15:13:31,2363,100,505,41.5,52.5,2413
2024-07-10 15:13:32,2363,100,506,41.5,52.6,2404
2024-07-10 15:13:33,2363,100,505,41.5,52.5,2408
2024-07-10 15:13:34,2388,100,505,41.5,52.5,2408
2024-07-10 15:13:35,2388,100,503,41.5,52.3,2415
2024-07-10 15:13:36,2388,100,503,41.5,52.3,2415
2024-07-10 15:13:37,2388,100,503,41.5,52.3,2414
2024-07-10 15:13:38,2388,100,503,41.5,52.3,2416
2024-07-10 15:13:39,2383,100,503,41.5,52.3,2419
2024-07-10 15:13:40,2383,100,503,41.5,52.3,2418
2024-07-10 15:13:41,2383,100,504,41.5,52.4,2424
2024-07-10 15:13:42,2383,100,504,41.5,52.4,2424
2024-07-10 15:13:43,2383,100,505,41.5,52.5,2419
2024-07-10 15:13:44,2389,100,504,41.5,52.5,2424
2024-07-10 15:13:45,2389,100,505,41.5,52.5,2426
2024-07-10 15:13:46,2389,100,505,41.5,52.5,2429
2024-07-10 15:13:47,2389,100,505,41.5,52.5,2430
2024-07-10 15:13:48,2389,100,505,41.5,52.5,2432
2024-07-10 15:13:49,2389,100,505,41.5,52.5,2434
2024-07-10 15:13:50,2389,100,505,41.5,52.5,2439
2024-07-10 15:13:51,2389,100,505,41.5,52.5,2441
2024-07-10 15:13:52,2389,100,505,41.5,52.5,2437
2024-07-10 15:13:53,2389,100,505,41.5,52.5,2446
2024-07-10 15:13:54,2391,100,505,41.5,52.5,2444
2024-07-10 15:13:55,2391,100,506,41.5,52.6,2447
2024-07-10 15:13:56,2391,100,506,41.5,52.6,2451
2024-07-10 15:13:57,2391,100,506,41.5,52.7,2457
2024-07-10 15:13:58,2391,100,507,41.5,52.6,2456
2024-07-10 15:13:59,2396,100,505,41.5,52.5,2471
2024-07-10 15:14:00,2396,100,506,41.5,52.6,2474
2024-07-10 15:14:01,2396,100,506,41.5,52.6,2462
2024-07-10 15:14:02,2396,100,505,41.5,52.6,2464
2024-07-10 15:14:03,2396,100,506,41.5,52.6,2468
2024-07-10 15:14:04,2393,100,506,41.5,52.6,2468
2024-07-10 15:14:05,2393,100,506,41.5,52.6,2461
2024-07-10 15:14:06,2393,100,506,41.5,52.7,2467
2024-07-10 15:14:07,2393,100,506,41.5,52.6,2471
2024-07-10 15:14:08,2393,100,506,41.5,52.6,2476
2024-07-10 15:14:09,2394,100,506,41.5,52.6,2477
2024-07-10 15:14:10,2394,100,506,41.5,52.6,2477
2024-07-10 15:14:11,2394,100,506,41.5,52.6,2477
2024-07-10 15:14:12,2394,100,506,41.5,52.6,2480
2024-07-10 15:14:13,2394,100,506,41.5,52.6,2480
2024-07-10 15:14:14,2395,100,506,41.5,52.6,2495
2024-07-10 15:14:15,2395,100,506,41.5,52.6,2492
2024-07-10 15:14:16,2395,100,506,41.5,52.6,2490
2024-07-10 15:14:17,2395,100,506,41.5,52.6,2500
2024-07-10 15:14:18,2395,100,506,41.5,52.7,2502
2024-07-10 15:14:19,2399,100,507,41.5,52.7,2488
2024-07-10 15:14:20,2399,100,507,41.5,52.7,2478
2024-07-10 15:14:21,2399,100,508,41.5,52.8,2483
2024-07-10 15:14:22,2399,100,507,41.5,52.8,2465
2024-07-10 15:14:23,2399,100,508,41.5,52.8,2459
2024-07-10 15:14:24,2399,100,506,41.5,52.7,2461
2024-07-10 15:14:25,2399,100,507,41.5,52.7,2467
2024-07-10 15:14:26,2399,100,507,41.5,52.7,2449
2024-07-10 15:14:27,2399,100,506,41.5,52.7,2450
2024-07-10 15:14:28,2399,100,507,41.5,52.7,2454
2024-07-10 15:14:29,2398,100,507,41.5,52.7,2452
2024-07-10 15:14:30,2398,100,507,41.5,52.7,2452
2024-07-10 15:14:31,2398,100,507,41.5,52.7,2455
2024-07-10 15:14:32,2398,100,507,41.5,52.7,2460
2024-07-10 15:14:33,2398,100,508,41.5,52.8,2464
2024-07-10 15:14:34,2405,100,508,41.5,52.8,2448
2024-07-10 15:14:35,2405,100,508,41.5,52.8,2456
2024-07-10 15:14:36,2405,100,508,41.5,52.8,2458
2024-07-10 15:14:37,2405,100,508,41.5,52.8,2455
2024-07-10 15:14:38,2405,100,508,41.5,52.8,2453
2024-07-10 15:14:39,2406,100,508,41.5,52.8,2453
2024-07-10 15:14:40,2406,100,507,41.5,52.7,2456
2024-07-10 15:14:41,2406,100,507,41.5,52.7,2457
2024-07-10 15:14:42,2406,100,507,41.5,52.7,2466
2024-07-10 15:14:43,2406,100,507,41.5,52.7,2455
2024-07-10 15:14:44,2401,100,507,41.5,52.8,2462
2024-07-10 15:14:45,2401,100,507,41.5,52.7,2463
2024-07-10 15:14:46,2401,100,507,41.5,52.8,2458
2024-07-10 15:14:47,2401,100,507,41.5,52.8,2458
2024-07-10 15:14:48,2401,100,507,41.5,52.8,2461
2024-07-10 15:14:49,2401,100,507,41.5,52.8,2462
2024-07-10 15:14:50,2401,100,507,41.5,52.8,2452
2024-07-10 15:14:51,2401,100,508,41.5,52.8,2463
2024-07-10 15:14:52,2401,100,508,41.5,52.8,2463
2024-07-10 15:14:53,2401,100,508,41.5,52.8,2466
2024-07-10 15:14:54,2402,100,508,41.5,52.8,2467
2024-07-10 15:14:55,2402,100,509,41.5,52.9,2471
2024-07-10 15:14:56,2402,100,509,41.5,52.9,2471
2024-07-10 15:14:57,2402,100,509,41.5,52.9,2471
2024-07-10 15:14:58,2402,100,509,41.5,52.9,2467
2024-07-10 15:14:59,2408,100,509,41.5,52.9,2476
2024-07-10 15:15:00,2408,100,508,41.5,52.9,2475
2024-07-10 15:15:01,2408,100,508,41.5,52.8,2480
2024-07-10 15:15:02,2408,100,507,41.5,52.7,2487
2024-07-10 15:15:03,2408,100,507,41.5,52.7,2499
2024-07-10 15:15:04,2397,100,507,41.5,52.7,2516
2024-07-10 15:15:05,2397,100,507,41.5,52.7,2547
2024-07-10 15:15:06,2397,100,508,41.5,52.8,2556
2024-07-10 15:15:07,2397,100,508,41.5,52.8,2553
2024-07-10 15:15:08,2397,100,510,41.6,53.0,2572
2024-07-10 15:15:09,2415,100,510,41.6,53.0,2581
2024-07-10 15:15:10,2415,100,510,41.6,53.1,2588
2024-07-10 15:15:11,2415,100,508,41.5,52.8,2599
2024-07-10 15:15:12,2415,100,507,41.5,52.7,2595
2024-07-10 15:15:13,2415,100,506,41.5,52.7,2593
2024-07-10 15:15:14,2399,100,507,41.5,52.8,2590
2024-07-10 15:15:15,2399,100,507,41.5,52.7,2577
2024-07-10 15:15:16,2399,100,507,41.5,52.8,2560
2024-07-10 15:15:17,2399,100,509,41.5,52.9,2533
2024-07-10 15:15:18,2399,100,511,41.6,53.1,2506
2024-07-10 15:15:19,2416,100,510,41.6,53.0,2500
2024-07-10 15:15:20,2416,100,510,41.5,53.0,2499
2024-07-10 15:15:21,2416,100,508,41.5,52.8,2490
2024-07-10 15:15:22,2416,100,507,41.5,52.7,2494
2024-07-10 15:15:23,2416,100,507,41.5,52.7,2515
2024-07-10 15:15:24,2399,100,507,41.5,52.7,2509
2024-07-10 15:15:25,2399,100,508,41.5,52.8,2513
2024-07-10 15:15:26,2399,100,510,41.6,53.0,2512
2024-07-10 15:15:27,2399,100,510,41.6,53.0,2509
2024-07-10 15:15:28,2399,100,510,41.6,53.1,2495
2024-07-10 15:15:29,2408,100,509,41.5,52.9,2483
2024-07-10 15:15:30,2408,100,507,41.5,52.7,2458
2024-07-10 15:15:31,2408,100,507,41.5,52.8,2447
2024-07-10 15:15:32,2408,100,507,41.5,52.7,2437
2024-07-10 15:15:33,2408,100,509,41.5,52.9,2430
2024-07-10 15:15:34,2402,100,510,41.5,53.0,2428
2024-07-10 15:15:35,2402,100,511,41.6,53.1,2418
2024-07-10 15:15:36,2402,100,511,41.6,53.1,2416
2024-07-10 15:15:37,2402,100,509,41.5,52.9,2411
2024-07-10 15:15:38,2402,100,509,41.5,52.9,2413
2024-07-10 15:15:39,2406,100,508,41.5,52.9,2400
2024-07-10 15:15:40,2406,99,509,41.5,52.8,2395
2024-07-10 15:15:41,2406,99,508,41.5,52.9,2391
2024-07-10 15:15:42,2406,99,503,41.5,52.3,2390
2024-07-10 15:15:43,2406,99,501,41.4,52.1,2386
2024-07-10 15:15:44,2367,99,502,41.5,52.2,2377
2024-07-10 15:15:45,2367,98,505,41.5,52.5,2372
2024-07-10 15:15:46,2367,98,505,41.5,52.5,2372
2024-07-10 15:15:47,2367,98,503,41.5,52.3,2371
2024-07-10 15:15:48,2367,98,499,41.4,51.9,2372
2024-07-10 15:15:49,2355,98,499,41.4,51.9,2369
2024-07-10 15:15:50,2355,98,499,41.4,51.9,2371
2024-07-10 15:15:51,2355,98,500,41.4,51.9,2362
2024-07-10 15:15:52,2355,98,499,41.4,51.9,2354
2024-07-10 15:15:53,2355,98,500,41.4,52.0,2352
2024-07-10 15:15:54,2358,97,500,41.4,52.0,2347
2024-07-10 15:15:55,2358,97,501,41.4,52.1,2340
2024-07-10 15:15:56,2358,97,498,41.4,51.8,2338
2024-07-10 15:15:57,2358,97,494,41.4,51.4,2338
2024-07-10 15:15:58,2358,97,493,41.4,51.3,2335
2024-07-10 15:15:59,2325,97,493,41.4,51.3,2331
2024-07-10 15:16:00,2325,97,494,41.4,51.3,2335
2024-07-10 15:16:01,2325,96,496,41.4,51.6,2322
2024-07-10 15:16:02,2325,96,497,41.4,51.6,2324
2024-07-10 15:16:03,2325,96,494,41.4,51.4,2324
2024-07-10 15:16:04,2310,96,489,41.3,50.8,2320
2024-07-10 15:16:05,2310,96,489,41.3,50.8,2319
2024-07-10 15:16:06,2310,96,489,41.3,50.9,2315
2024-07-10 15:16:07,2310,96,492,41.3,51.2,2313
2024-07-10 15:16:08,2310,96,493,41.4,51.3,2310
2024-07-10 15:16:09,2324,96,493,41.4,51.3,2309
2024-07-10 15:16:10,2324,96,491,41.3,51.0,2303
2024-07-10 15:16:11,2324,95,490,41.3,50.9,2301
2024-07-10 15:16:12,2324,96,490,41.3,50.9,2303
2024-07-10 15:16:13,2324,95,487,41.3,50.7,2297
2024-07-10 15:16:14,2285,95,485,41.3,50.5,2291
2024-07-10 15:16:15,2285,95,485,41.3,50.4,2290
2024-07-10 15:16:16,2285,95,485,41.3,50.4,2294
2024-07-10 15:16:17,2285,95,485,41.3,50.4,2294
2024-07-10 15:16:18,2285,95,485,41.3,50.4,2291
2024-07-10 15:16:19,2286,95,486,41.3,50.5,2287
2024-07-10 15:16:20,2286,95,486,41.3,50.6,2281
2024-07-10 15:16:21,2286,95,486,41.3,50.5,2279
2024-07-10 15:16:22,2286,94,486,41.3,50.6,2276
2024-07-10 15:16:23,2286,94,486,41.3,50.5,2274
2024-07-10 15:16:24,2282,94,484,41.3,50.3,2274
2024-07-10 15:16:25,2282,94,480,41.2,49.9,2272
2024-07-10 15:16:26,2282,94,478,41.2,49.7,2267
2024-07-10 15:16:27,2282,94,479,41.2,49.8,2266
2024-07-10 15:16:28,2282,94,483,41.3,50.2,2266
2024-07-10 15:16:29,2270,94,483,41.3,50.2,2263
2024-07-10 15:16:30,2270,94,483,41.2,50.2,2264
2024-07-10 15:16:31,2270,94,480,41.2,49.9,2259
2024-07-10 15:16:32,2270,94,479,41.2,49.8,2258
2024-07-10 15:16:33,2270,94,479,41.2,49.9,2258
2024-07-10 15:16:34,2255,94,479,41.2,49.9,2257
2024-07-10 15:16:35,2255,94,481,41.2,50.0,2254
2024-07-10 15:16:36,2255,93,483,41.3,50.2,2253
2024-07-10 15:16:37,2255,93,482,41.2,50.1,2249
2024-07-10 15:16:38,2255,93,478,41.2,49.7,2248
2024-07-10 15:16:39,2240,93,475,41.2,49.4,2251
2024-07-10 15:16:40,2240,93,474,41.2,49.3,2237
2024-07-10 15:16:41,2240,93,474,41.2,49.3,2243
2024-07-10 15:16:42,2240,93,475,41.2,49.4,2243
2024-07-10 15:16:43,2240,93,477,41.2,49.6,2241
2024-07-10 15:16:44,2240,93,477,41.2,49.6,2240
2024-07-10 15:16:45,2240,93,477,41.2,49.6,2237
2024-07-10 15:16:46,2240,93,477,41.2,49.6,2242
2024-07-10 15:16:47,2240,93,477,41.2,49.6,2239
2024-07-10 15:16:48,2240,93,477,41.2,49.6,2236
2024-07-10 15:16:49,2242,93,476,41.2,49.5,2235
2024-07-10 15:16:50,2242,93,477,41.2,49.6,2243
2024-07-10 15:16:51,2242,93,476,41.2,49.5,2232
2024-07-10 15:16:52,2242,93,475,41.2,49.4,2234
2024-07-10 15:16:53,2242,93,475,41.2,49.4,2233
2024-07-10 15:16:54,2229,93,475,41.2,49.4,2230
2024-07-10 15:16:55,2229,93,475,41.2,49.4,2231
2024-07-10 15:16:56,2229,92,478,41.2,49.7,2228
2024-07-10 15:16:57,2229,92,477,41.2,49.6,2227
2024-07-10 15:16:58,2229,92,475,41.2,49.4,2223
2024-07-10 15:16:59,2213,92,470,41.1,48.8,2225
2024-07-10 15:17:00,2213,92,470,41.1,48.9,2228
2024-07-10 15:17:01,2213,92,471,41.1,48.9,2223
2024-07-10 15:17:02,2213,93,470,41.1,48.9,2231
2024-07-10 15:17:03,2213,92,470,41.1,48.8,2222
2024-07-10 15:17:04,2211,92,471,41.1,48.9,2221
2024-07-10 15:17:05,2211,92,473,41.2,49.2,2222
2024-07-10 15:17:06,2211,92,474,41.2,49.3,2223
2024-07-10 15:17:07,2211,93,472,41.2,49.1,2233
2024-07-10 15:17:08,2211,92,471,41.1,49.0,2226
2024-07-10 15:17:09,2211,92,471,41.1,49.0,2226
2024-07-10 15:17:10,2211,93,472,41.1,49.0,2230
2024-07-10 15:17:11,2211,93,471,41.1,49.0,2239
2024-07-10 15:17:12,2211,93,471,41.1,49.0,2242
2024-07-10 15:17:13,2211,93,472,41.1,49.0,2244
2024-07-10 15:17:14,2237,93,476,41.2,49.5,2243
2024-07-10 15:17:15,2237,93,477,41.2,49.7,2248
2024-07-10 15:17:16,2237,94,478,41.2,49.7,2263
2024-07-10 15:17:17,2237,94,477,41.2,49.6,2256
2024-07-10 15:17:18,2237,93,476,41.2,49.5,2239
2024-07-10 15:17:19,2239,92,476,41.2,49.5,2226
2024-07-10 15:17:20,2239,92,476,41.2,49.5,2226
2024-07-10 15:17:21,2239,92,469,41.1,48.8,2221
2024-07-10 15:17:22,2239,92,465,41.1,48.4,2213
2024-07-10 15:17:23,2239,92,470,41.1,48.8,2210
2024-07-10 15:17:24,2196,92,472,41.1,49.1,2214
2024-07-10 15:17:25,2196,91,472,41.2,49.1,2201
2024-07-10 15:17:26,2196,91,472,41.1,48.9,2195
2024-07-10 15:17:27,2196,91,468,41.1,48.6,2195
2024-07-10 15:17:28,2196,91,465,41.1,48.3,2193
2024-07-10 15:17:29,2178,91,465,41.1,48.3,2194
2024-07-10 15:17:30,2178,91,464,41.1,48.3,2190
2024-07-10 15:17:31,2178,91,466,41.1,48.4,2185
2024-07-10 15:17:32,2178,91,467,41.1,48.6,2182
2024-07-10 15:17:33,2178,91,468,41.1,48.7,2192
2024-07-10 15:17:34,2193,90,467,41.1,48.6,2180
2024-07-10 15:17:35,2193,91,468,41.1,48.6,2182
2024-07-10 15:17:36,2193,90,461,41.0,48.0,2180
2024-07-10 15:17:37,2193,90,460,41.0,47.8,2178
2024-07-10 15:17:38,2193,90,460,41.0,47.8,2176
2024-07-10 15:17:39,2154,90,461,41.0,47.9,2177
2024-07-10 15:17:40,2154,90,462,41.0,48.0,2175
2024-07-10 15:17:41,2154,91,462,41.1,48.1,2182
2024-07-10 15:17:42,2154,90,463,41.1,48.1,2174
2024-07-10 15:17:43,2154,90,462,41.1,48.1,2169
2024-07-10 15:17:44,2167,90,462,41.0,48.0,2172
2024-07-10 15:17:45,2167,90,459,41.0,47.8,2170
2024-07-10 15:17:46,2167,90,460,41.0,47.8,2170
2024-07-10 15:17:47,2167,90,460,41.0,47.8,2173
2024-07-10 15:17:48,2167,90,460,41.0,47.8,2166
2024-07-10 15:17:49,2157,90,460,41.0,47.9,2166
2024-07-10 15:17:50,2157,90,462,41.1,48.1,2170
2024-07-10 15:17:51,2157,90,462,41.1,48.0,2170
2024-07-10 15:17:52,2157,90,462,41.0,48.1,2167
2024-07-10 15:17:53,2157,90,462,41.1,48.0,2166
2024-07-10 15:17:54,2162,90,461,41.0,48.0,2163
2024-07-10 15:17:55,2162,90,460,41.0,47.8,2163
2024-07-10 15:17:56,2162,90,459,41.0,47.7,2172
2024-07-10 15:17:57,2162,90,459,41.0,47.7,2170
2024-07-10 15:17:58,2162,90,459,41.0,47.7,2159
2024-07-10 15:17:59,2158,90,460,41.1,48.0,2161
2024-07-10 15:18:00,2158,90,462,41.1,48.1,2159
2024-07-10 15:18:01,2158,89,462,41.1,48.0,2157
2024-07-10 15:18:02,2158,89,462,41.1,48.0,2154
2024-07-10 15:18:03,2158,89,455,41.0,47.3,2153
2024-07-10 15:18:04,2110,89,452,40.9,47.0,2157
2024-07-10 15:18:05,2110,89,453,41.0,47.1,2146
2024-07-10 15:18:06,2110,89,456,41.0,47.4,2145
2024-07-10 15:18:07,2110,89,459,41.0,47.7,2145
2024-07-10 15:18:08,2110,89,458,41.0,47.6,2146
2024-07-10 15:18:09,2130,89,455,41.0,47.3,2139
2024-07-10 15:18:10,2130,89,455,41.0,47.4,2138
2024-07-10 15:18:11,2130,89,455,41.0,47.4,2136
2024-07-10 15:18:12,2130,88,455,41.0,47.4,2133
2024-07-10 15:18:13,2130,89,455,41.0,47.3,2134
2024-07-10 15:18:14,2130,88,452,41.0,47.0,2131
2024-07-10 15:18:15,2130,88,452,40.9,47.0,2126
2024-07-10 15:18:16,2130,88,452,40.9,47.0,2124
2024-07-10 15:18:17,2130,88,452,40.9,47.0,2126
2024-07-10 15:18:18,2130,88,450,40.9,46.8,2123
2024-07-10 15:18:19,2108,88,451,40.9,46.9,2119
2024-07-10 15:18:20,2108,88,451,40.9,46.9,2120
2024-07-10 15:18:21,2108,88,451,40.9,46.8,2118
2024-07-10 15:18:22,2108,88,450,40.9,46.8,2121
2024-07-10 15:18:23,2108,88,451,40.9,46.8,2114
2024-07-10 15:18:24,2108,88,450,40.9,46.8,2122
2024-07-10 15:18:25,2108,88,451,40.9,46.8,2114
2024-07-10 15:18:26,2108,88,451,40.9,46.8,2112
2024-07-10 15:18:27,2108,87,451,40.9,46.9,2108
2024-07-10 15:18:28,2108,88,451,40.9,46.9,2115
2024-07-10 15:18:29,2105,87,447,40.9,46.5,2106
2024-07-10 15:18:30,2105,87,446,40.9,46.4,2108
2024-07-10 15:18:31,2105,88,446,40.9,46.4,2116
2024-07-10 15:18:32,2105,88,446,40.9,46.4,2111
2024-07-10 15:18:33,2105,88,447,40.9,46.4,2110
2024-07-10 15:18:34,2084,88,447,40.9,46.4,2115
2024-07-10 15:18:35,2084,87,449,40.9,46.7,2108
2024-07-10 15:18:36,2084,88,452,41.0,47.0,2120
2024-07-10 15:18:37,2084,88,452,41.0,47.0,2114
2024-07-10 15:18:38,2084,88,446,40.9,46.3,2115
2024-07-10 15:18:39,2079,88,445,40.9,46.2,2117
2024-07-10 15:18:40,2079,88,450,40.9,46.8,2115
2024-07-10 15:18:41,2079,88,451,40.9,46.9,2117
2024-07-10 15:18:42,2079,88,451,40.9,46.9,2127
2024-07-10 15:18:43,2079,88,451,40.9,46.9,2128
2024-07-10 15:18:44,2108,88,451,40.9,46.9,2123
2024-07-10 15:18:45,2108,88,450,40.9,46.8,2124
2024-07-10 15:18:46,2108,88,451,40.9,46.9,2130
2024-07-10 15:18:47,2108,88,450,40.9,46.8,2133
2024-07-10 15:18:48,2108,89,451,40.9,46.9,2141
2024-07-10 15:18:49,2104,90,449,40.9,46.7,2159
2024-07-10 15:18:50,2104,90,450,40.9,46.7,2160
2024-07-10 15:18:51,2104,89,450,40.9,46.8,2152
2024-07-10 15:18:52,2104,89,453,41.0,47.6,2138
2024-07-10 15:18:53,2104,89,460,41.0,47.8,2138
2024-07-10 15:18:54,2149,89,457,41.0,47.5,2149
2024-07-10 15:18:55,2149,89,453,41.0,47.1,2137
2024-07-10 15:18:56,2149,88,452,41.0,47.0,2127
2024-07-10 15:18:57,2149,88,452,41.0,47.0,2117
2024-07-10 15:18:58,2149,87,452,41.0,47.0,2106
2024-07-10 15:18:59,2113,87,452,41.0,47.0,2108
2024-07-10 15:19:00,2113,87,446,40.9,46.4,2096
2024-07-10 15:19:01,2113,87,443,40.8,46.0,2097
2024-07-10 15:19:02,2113,87,442,40.8,45.9,2089
2024-07-10 15:19:03,2113,86,448,40.9,46.5,2085
2024-07-10 15:19:04,2091,87,447,40.9,46.5,2088
2024-07-10 15:19:05,2091,87,443,40.9,46.1,2092
2024-07-10 15:19:06,2091,86,442,40.8,45.9,2081
2024-07-10 15:19:07,2091,87,441,40.8,45.8,2088
2024-07-10 15:19:08,2091,86,441,40.8,45.8,2077
2024-07-10 15:19:09,2064,86,442,40.8,46.0,2079
2024-07-10 15:19:10,2064,86,443,40.9,46.1,2074
2024-07-10 15:19:11,2064,86,443,40.9,46.0,2075
2024-07-10 15:19:12,2064,86,442,40.8,46.0,2075
2024-07-10 15:19:13,2064,86,440,40.8,45.7,2075
2024-07-10 15:19:14,2051,86,439,40.8,45.7,2073
2024-07-10 15:19:15,2051,86,439,40.8,45.7,2070
2024-07-10 15:19:16,2051,86,440,40.8,45.7,2070
2024-07-10 15:19:17,2051,86,441,40.8,45.8,2066
2024-07-10 15:19:18,2051,86,442,40.9,46.0,2066
2024-07-10 15:19:19,2066,86,443,40.9,46.0,2064
2024-07-10 15:19:20,2066,86,442,40.9,45.9,2064
2024-07-10 15:19:21,2066,86,441,40.8,45.8,2064
2024-07-10 15:19:22,2066,85,439,40.8,45.6,2060
2024-07-10 15:19:23,2066,85,439,40.8,45.6,2061
2024-07-10 15:19:24,2048,85,438,40.8,45.6,2059
2024-07-10 15:19:25,2048,85,434,40.8,45.1,2056
2024-07-10 15:19:26,2048,85,432,40.7,44.9,2057
2024-07-10 15:19:27,2048,85,434,40.8,45.2,2055
2024-07-10 15:19:28,2048,85,435,40.8,45.2,2056
2024-07-10 15:19:29,2031,85,436,40.8,45.3,2049
2024-07-10 15:19:30,2031,85,435,40.8,45.3,2050
2024-07-10 15:19:31,2031,85,436,40.8,45.3,2048
2024-07-10 15:19:32,2031,85,435,40.8,45.3,2040
2024-07-10 15:19:33,2031,85,437,40.8,45.4,2054
2024-07-10 15:19:34,2035,85,436,40.8,45.4,2039
2024-07-10 15:19:35,2035,84,437,40.8,45.4,2036
2024-07-10 15:19:36,2035,84,435,40.8,45.2,2032
2024-07-10 15:19:37,2035,85,433,40.8,45.0,2040
2024-07-10 15:19:38,2035,84,429,40.7,44.7,2018
2024-07-10 15:19:39,1997,84,429,40.7,44.6,2015
2024-07-10 15:19:40,1997,84,430,40.7,44.7,2025
2024-07-10 15:19:41,1997,84,431,40.7,44.9,2025
2024-07-10 15:19:42,1997,83,431,40.7,44.8,2006
2024-07-10 15:19:43,1997,83,431,40.7,44.8,2007
2024-07-10 15:19:44,2006,83,430,40.7,44.7,2001
2024-07-10 15:19:45,2006,83,425,40.7,44.2,1999
2024-07-10 15:19:46,2006,83,425,40.7,44.2,1997
2024-07-10 15:19:47,2006,83,425,40.7,44.2,1990
2024-07-10 15:19:48,2006,82,425,40.7,44.1,1988
2024-07-10 15:19:49,1977,82,425,40.7,44.2,1977
2024-07-10 15:19:50,1977,82,425,40.7,44.2,1980
2024-07-10 15:19:51,1977,82,424,40.7,44.1,1979
2024-07-10 15:19:52,1977,82,420,40.6,43.7,1969
2024-07-10 15:19:53,1977,82,419,40.6,43.6,1973
2024-07-10 15:19:54,1947,82,419,40.6,43.5,1980
2024-07-10 15:19:55,1947,82,420,40.6,43.7,1971
2024-07-10 15:19:56,1947,82,422,40.6,43.9,1968
2024-07-10 15:19:57,1947,81,422,40.6,43.9,1965
2024-07-10 15:19:58,1947,81,422,40.6,43.9,1962
2024-07-10 15:19:59,1954,81,421,40.6,43.8,1956
2024-07-10 15:20:00,1954,81,414,40.6,43.0,1960
2024-07-10 15:20:01,1954,81,412,40.5,42.9,1956
2024-07-10 15:20:02,1954,81,415,40.6,43.2,1954
2024-07-10 15:20:03,1954,81,417,40.6,43.3,1952
2024-07-10 15:20:04,1936,81,417,40.6,43.3,1953
2024-07-10 15:20:05,1936,81,417,40.6,43.3,1948
2024-07-10 15:20:06,1936,81,416,40.6,43.3,1951
2024-07-10 15:20:07,1936,81,416,40.6,43.3,1948
2024-07-10 15:20:08,1936,81,416,40.6,43.3,1946
2024-07-10 15:20:09,1934,81,416,40.6,43.2,1946
2024-07-10 15:20:10,1934,81,416,40.6,43.2,1943
2024-07-10 15:20:11,1934,81,415,40.6,43.2,1950
2024-07-10 15:20:12,1934,81,416,40.6,43.2,1945
2024-07-10 15:20:13,1934,80,416,40.6,43.2,1939
2024-07-10 15:20:14,1932,81,416,40.6,43.2,1950
2024-07-10 15:20:15,1932,81,415,40.6,43.1,1956
2024-07-10 15:20:16,1932,82,413,40.5,42.8,1968
2024-07-10 15:20:17,1932,82,411,40.5,42.8,1972
2024-07-10 15:20:18,1932,82,416,40.6,43.3,1988
2024-07-10 15:20:19,1930,82,419,40.6,43.6,1980
2024-07-10 15:20:20,1930,82,422,40.6,43.8,1967
2024-07-10 15:20:21,1930,82,421,40.7,43.8,1966
2024-07-10 15:20:22,1930,82,421,40.7,43.8,1967
2024-07-10 15:20:23,1930,81,421,40.7,43.8,1957
2024-07-10 15:20:24,1953,81,419,40.6,43.6,1964
2024-07-10 15:20:25,1953,81,416,40.6,43.3,1965
2024-07-10 15:20:26,1953,82,414,40.6,43.0,1973
2024-07-10 15:20:27,1953,81,413,40.6,43.0,1960
2024-07-10 15:20:28,1953,81,415,40.6,43.1,1965
2024-07-10 15:20:29,1936,81,418,40.6,43.5,1965
2024-07-10 15:20:30,1936,82,418,40.6,43.4,1966
2024-07-10 15:20:31,1936,81,417,40.6,43.3,1965
2024-07-10 15:20:32,1936,82,415,40.6,43.2,1968
2024-07-10 15:20:33,1936,81,415,40.6,43.1,1963
2024-07-10 15:20:34,1926,82,414,40.6,43.1,1975
2024-07-10 15:20:35,1926,81,415,40.6,43.1,1964
2024-07-10 15:20:36,1926,81,415,40.6,43.2,1965
2024-07-10 15:20:37,1926,81,416,40.6,43.2,1959
2024-07-10 15:20:38,1926,81,416,40.6,43.2,1961
2024-07-10 15:20:39,1931,81,416,40.6,43.2,1961
2024-07-10 15:20:40,1931,81,416,40.6,43.2,1963
2024-07-10 15:20:41,1931,81,415,40.6,43.2,1962
2024-07-10 15:20:42,1931,82,416,40.6,43.2,1967
2024-07-10 15:20:43,1931,81,415,40.6,43.2,1965
2024-07-10 15:20:44,1930,81,415,40.6,43.2,1962
2024-07-10 15:20:45,1930,81,415,40.6,43.2,1959
2024-07-10 15:20:46,1930,81,415,40.6,43.1,1963
2024-07-10 15:20:47,1930,81,414,40.6,43.0,1962
2024-07-10 15:20:48,1930,81,414,40.6,43.1,1963
2024-07-10 15:20:49,1923,82,414,40.6,43.0,1966
2024-07-10 15:20:50,1923,81,414,40.6,43.0,1963
2024-07-10 15:20:51,1923,81,414,40.6,43.0,1964
2024-07-10 15:20:52,1923,81,414,40.6,43.1,1962
2024-07-10 15:20:53,1923,81,415,40.6,43.1,1965
2024-07-10 15:20:54,1926,81,414,40.6,43.1,1962
2024-07-10 15:20:55,1926,81,416,40.6,43.2,1961
2024-07-10 15:20:56,1926,81,416,40.6,43.3,1963
2024-07-10 15:20:57,1926,81,416,40.6,43.3,1957
2024-07-10 15:20:58,1926,81,416,40.6,43.2,1959
2024-07-10 15:20:59,1916,81,413,40.6,42.9,1956
2024-07-10 15:21:00,1916,81,412,40.6,42.8,1956
2024-07-10 15:21:01,1916,81,413,40.6,42.9,1959
2024-07-10 15:21:02,1916,81,414,40.6,43.0,1955
2024-07-10 15:21:03,1916,81,414,40.6,43.1,1957
2024-07-10 15:21:04,1923,81,414,40.6,43.1,1953
2024-07-10 15:21:05,1923,81,415,40.6,43.1,1952
2024-07-10 15:21:06,1923,81,414,40.6,43.1,1950
2024-07-10 15:21:07,1923,81,415,40.6,43.1,1948
2024-07-10 15:21:08,1923,81,414,40.6,43.1,1956
2024-07-10 15:21:09,1927,81,415,40.6,43.1,1947
2024-07-10 15:21:10,1927,81,414,40.6,43.1,1949
2024-07-10 15:21:11,1927,81,414,40.6,43.1,1945
2024-07-10 15:21:12,1927,81,414,40.6,43.1,1943
2024-07-10 15:21:13,1927,81,414,40.6,43.0,1944
2024-07-10 15:21:14,1926,81,414,40.6,43.0,1947
2024-07-10 15:21:15,1926,80,414,40.6,43.0,1940
2024-07-10 15:21:16,1926,80,414,40.6,43.0,1939
2024-07-10 15:21:17,1926,80,410,40.5,42.6,1939
2024-07-10 15:21:18,1926,80,409,40.5,42.5,1939
2024-07-10 15:21:19,1898,80,409,40.5,42.5,1933
2024-07-10 15:21:20,1898,80,409,40.5,42.5,1939
2024-07-10 15:21:21,1898,80,409,40.5,42.5,1937
2024-07-10 15:21:22,1898,80,409,40.5,42.5,1934
2024-07-10 15:21:23,1898,80,409,40.5,42.5,1932
2024-07-10 15:21:24,1901,80,410,40.5,42.6,1935
2024-07-10 15:21:25,1901,80,409,40.5,42.5,1922
2024-07-10 15:21:26,1901,80,410,40.5,42.6,1922
2024-07-10 15:21:27,1901,80,409,40.5,42.6,1926
2024-07-10 15:21:28,1901,80,410,40.5,42.6,1928
2024-07-10 15:21:29,1903,100,409,40.5,42.6,1925
2024-07-10 15:21:31,1903,100,410,40.5,42.6,1923
2024-07-10 15:21:32,1903,100,409,40.5,42.6,1920
2024-07-10 15:21:33,1903,100,412,40.6,42.8,1920
2024-07-10 15:21:34,1903,100,414,40.6,43.1,1920
2024-07-10 15:21:35,1932,100,416,40.6,43.3,1917
2024-07-10 15:21:36,1932,100,418,40.7,43.4,1919
2024-07-10 15:21:37,1932,100,421,40.7,43.7,1916
2024-07-10 15:21:38,1932,100,421,40.7,43.8,1910
2024-07-10 15:21:39,1932,100,424,40.7,44.1,1915
2024-07-10 15:21:40,1987,100,430,40.8,44.7,1909
2024-07-10 15:21:41,1987,100,431,40.8,44.8,1907
2024-07-10 15:21:42,1987,100,431,40.8,44.8,1908
2024-07-10 15:21:43,1987,100,433,40.8,45.0,1910
2024-07-10 15:21:44,1987,100,436,40.8,45.3,1902
2024-07-10 15:21:45,2039,100,437,40.9,45.5,1902
2024-07-10 15:21:46,2039,100,439,40.9,45.7,1913
2024-07-10 15:21:47,2039,100,441,40.9,45.8,1901
2024-07-10 15:21:48,2039,100,444,40.9,46.1,1901
2024-07-10 15:21:49,2039,100,447,41.0,46.6,1897
2024-07-10 15:21:50,2102,100,449,41.0,46.7,1897
2024-07-10 15:21:51,2102,100,450,41.0,46.8,1897
2024-07-10 15:21:52,2102,100,453,41.0,47.1,1894
2024-07-10 15:21:53,2102,100,454,41.1,47.2,
2024-07-10 15:21:54,2102,100,456,41.1,47.4,1893
2024-07-10 15:21:55,2154,100,459,41.1,47.7,1891
2024-07-10 15:21:56,2154,100,459,41.1,47.8,
2024-07-10 15:21:57,2154,100,465,41.2,48.4,1895
2024-07-10 15:21:58,2154,100,467,41.2,48.6,1887
2024-07-10 15:21:59,2154,100,467,41.2,48.5,1894
2024-07-10 15:22:00,2197,100,472,41.3,49.0,1884
2024-07-10 15:22:01,2197,100,473,41.3,49.2,
2024-07-10 15:22:02,2197,100,474,41.3,49.2,1880
2024-07-10 15:22:03,2197,100,475,41.3,49.4,1885
2024-07-10 15:22:04,2197,100,480,41.3,49.9,1889
2024-07-10 15:22:05,2256,100,483,41.4,50.2,1889
2024-07-10 15:22:06,2256,100,485,41.4,50.4,1879
2024-07-10 15:22:07,2256,100,485,41.4,50.4,1880
2024-07-10 15:22:08,2256,100,487,41.4,50.7,1880
2024-07-10 15:22:09,2256,100,489,41.5,50.8,1880
2024-07-10 15:22:10,2310,100,492,41.5,51.1,1877
2024-07-10 15:22:11,2310,100,495,41.5,51.5,1868
2024-07-10 15:22:12,2310,100,496,41.5,51.5,1877
2024-07-10 15:22:13,2310,100,499,41.6,51.9,1875
2024-07-10 15:22:14,2310,100,502,41.6,52.2,1875
2024-07-10 15:22:15,2383,100,504,41.6,52.4,1873
2024-07-10 15:22:16,2383,100,503,41.6,52.1,1875
2024-07-10 15:22:17,2383,100,500,41.6,52.0,1871
2024-07-10 15:22:18,2383,100,500,41.6,52.0,1866
2024-07-10 15:22:19,2383,100,501,41.6,52.1,1871
2024-07-10 15:22:20,2372,100,501,41.6,52.1,1870
2024-07-10 15:22:21,2372,100,501,41.6,52.1,1873
2024-07-10 15:22:22,2372,100,503,41.6,52.3,1868
2024-07-10 15:22:23,2372,100,503,41.6,52.3,1867
2024-07-10 15:22:24,2372,100,503,41.6,52.3,1868
2024-07-10 15:22:25,2382,100,503,41.6,52.3,1868
2024-07-10 15:22:26,2382,100,503,41.6,52.3,1864
2024-07-10 15:22:27,2382,100,503,41.6,52.3,1863
2024-07-10 15:22:28,2382,100,503,41.6,52.3,1863
2024-07-10 15:22:29,2382,100,503,41.6,52.3,1866
2024-07-10 15:22:30,2384,100,504,41.6,52.4,1864
2024-07-10 15:22:31,2384,100,503,41.6,52.3,1872
2024-07-10 15:22:32,2384,100,503,41.6,52.3,1872
2024-07-10 15:22:33,2384,100,503,41.6,52.3,1869
2024-07-10 15:22:34,2384,100,503,41.6,52.3,1860
2024-07-10 15:22:35,2383,100,502,41.6,52.2,1862
2024-07-10 15:22:36,2383,100,502,41.6,52.2,1856
2024-07-10 15:22:37,2383,100,502,41.6,52.2,1862
2024-07-10 15:22:38,2383,100,502,41.6,52.2,1860
2024-07-10 15:22:39,2383,100,503,41.6,52.3,1860
2024-07-10 15:22:40,2388,100,504,41.6,52.4,1855
2024-07-10 15:22:41,2388,100,505,41.6,52.5,1868
2024-07-10 15:22:42,2388,100,505,41.6,52.5,1854
2024-07-10 15:22:43,2388,100,505,41.6,52.5,1860
2024-07-10 15:22:44,2388,100,504,41.6,52.5,1866
2024-07-10 15:22:45,2393,100,504,41.6,52.5,1857
2024-07-10 15:22:46,2393,100,504,41.6,52.4,1857
2024-07-10 15:22:47,2393,100,503,41.6,52.3,1848
2024-07-10 15:22:48,2393,100,502,41.6,52.2,1864
2024-07-10 15:22:49,2393,100,503,41.6,52.3,1855
2024-07-10 15:22:50,2381,100,503,41.6,52.3,1854
2024-07-10 15:22:51,2381,100,505,41.6,52.5,1855
2024-07-10 15:22:52,2381,100,505,41.6,52.6,1848
2024-07-10 15:22:53,2381,100,506,41.6,52.6,1855
2024-07-10 15:22:54,2381,100,505,41.6,52.6,1855
2024-07-10 15:22:55,2398,100,505,41.6,52.5,1853
2024-07-10 15:22:56,2398,100,504,41.6,52.4,1853
2024-07-10 15:22:57,2398,100,504,41.6,52.5,1853
2024-07-10 15:22:58,2398,100,504,41.6,52.4,1852
2024-07-10 15:22:59,2398,100,505,41.6,52.5,1846
2024-07-10 15:23:00,2392,100,504,41.6,52.4,1859
2024-07-10 15:23:01,2392,100,505,41.6,52.5,1849
2024-07-10 15:23:02,2392,100,504,41.6,52.4,1851
2024-07-10 15:23:03,2392,100,505,41.6,52.5,1842
2024-07-10 15:23:04,2392,100,504,41.6,52.4,1852
2024-07-10 15:23:05,2392,100,505,41.6,52.5,1850
2024-07-10 15:23:06,2392,100,505,41.6,52.5,1850
2024-07-10 15:23:07,2392,100,505,41.6,52.5,1847
2024-07-10 15:23:08,2392,100,506,41.6,52.6,1846
2024-07-10 15:23:09,2392,100,507,41.6,52.7,1850
2024-07-10 15:23:10,2404,100,507,41.6,52.7,1838
2024-07-10 15:23:11,2404,100,507,41.6,52.7,1842
2024-07-10 15:23:12,2404,100,505,41.6,52.5,1838
2024-07-10 15:23:13,2404,100,505,41.6,52.5,1842
2024-07-10 15:23:14,2404,100,504,41.6,52.5,1842
2024-07-10 15:23:15,2393,100,505,41.6,52.5,1841
2024-07-10 15:23:16,2393,100,504,41.6,52.4,1836
2024-07-10 15:23:17,2393,100,507,41.6,52.7,1844
2024-07-10 15:23:18,2393,100,507,41.6,52.7,1835
2024-07-10 15:23:19,2393,100,507,41.6,52.7,1827
2024-07-10 15:23:20,2406,100,507,41.6,52.8,1839
2024-07-10 15:23:21,2406,100,507,41.6,52.7,1835
2024-07-10 15:23:22,2406,100,506,41.6,52.7,1832
2024-07-10 15:23:23,2406,100,506,41.6,52.6,1830
2024-07-10 15:23:24,2406,100,506,41.6,52.6,1834
2024-07-10 15:23:25,2400,60,506,41.6,52.6,1831
2024-07-10 15:23:26,2400,60,496,41.5,51.6,1830
2024-07-10 15:23:27,2400,60,466,41.2,48.5,1829
2024-07-10 15:23:28,2400,60,331,39.7,34.4,1826
2024-07-10 15:23:29,2400,60,283,39.0,29.4,1825
2024-07-10 15:23:30,1319,60,333,39.5,34.7,1824
2024-07-10 15:23:31,1319,60,358,39.8,37.2,1821
2024-07-10 15:23:32,1319,60,323,39.4,33.5,1833
2024-07-10 15:23:33,1319,60,317,39.4,33.0,1820
2024-07-10 15:23:34,1319,60,330,39.5,34.3,1820
2024-07-10 15:23:35,1512,60,330,39.5,34.3,1820
2024-07-10 15:23:36,1512,60,328,39.5,34.1,1816
2024-07-10 15:23:37,1512,60,324,39.4,33.7,1827
2024-07-10 15:23:38,1512,60,324,39.4,33.7,1819
2024-07-10 15:23:39,1512,60,324,39.4,33.7,1816
2024-07-10 15:23:40,1489,60,327,39.5,34.0,1820
2024-07-10 15:23:41,1489,60,328,39.5,34.1,1820
2024-07-10 15:23:42,1489,60,328,39.5,34.1,1815
2024-07-10 15:23:43,1489,60,324,39.4,33.7,1813
2024-07-10 15:23:44,1489,60,324,39.4,33.7,1814
2024-07-10 15:23:45,1480,60,324,39.4,33.7,1812
2024-07-10 15:23:46,1480,60,323,39.4,33.6,1813
2024-07-10 15:23:47,1480,60,323,39.4,33.6,1820
2024-07-10 15:23:48,1480,60,323,39.4,33.6,1817
2024-07-10 15:23:49,1480,60,323,39.4,33.6,1812
2024-07-10 15:23:50,1476,60,323,39.5,33.6,1813
2024-07-10 15:23:51,1476,60,323,39.5,33.6,1809
2024-07-10 15:23:52,1476,60,323,39.5,33.5,1821
2024-07-10 15:23:53,1476,60,322,39.5,33.5,1822
2024-07-10 15:23:54,1476,60,322,39.4,33.5,1814
2024-07-10 15:23:55,1473,60,322,39.5,33.5,1823
2024-07-10 15:23:56,1473,60,322,39.5,33.5,1808
2024-07-10 15:23:57,1473,60,322,39.5,33.5,1809
2024-07-10 15:23:58,1473,60,322,39.5,33.5,1813
2024-07-10 15:23:59,1473,60,322,39.5,33.5,1806
2024-07-10 15:24:00,1471,60,322,39.4,33.4,1814
2024-07-10 15:24:01,1471,60,320,39.4,33.2,1814
2024-07-10 15:24:02,1471,60,319,39.4,33.2,1821
2024-07-10 15:24:03,1471,60,319,39.4,33.2,1815
2024-07-10 15:24:04,1471,60,319,39.4,33.1,1817
2024-07-10 15:24:05,1457,60,320,39.4,33.3,1816
2024-07-10 15:24:06,1457,60,321,39.4,33.4,1823
2024-07-10 15:24:07,1457,60,321,39.4,33.3,1816
2024-07-10 15:24:08,1457,60,321,39.4,33.3,1817
2024-07-10 15:24:09,1457,60,321,39.4,33.3,1819
2024-07-10 15:24:10,1464,60,320,39.4,33.2,1818
2024-07-10 15:24:11,1464,60,318,39.4,33.1,1818
2024-07-10 15:24:12,1464,60,318,39.4,33.0,1818
2024-07-10 15:24:13,1464,60,318,39.4,33.0,1823
2024-07-10 15:24:14,1450,60,317,39.4,33.0,1825
2024-07-10 15:24:15,1450,60,317,39.4,33.0,1826
2024-07-10 15:24:16,1450,60,317,39.4,33.0,1824
2024-07-10 15:24:17,1450,60,318,39.4,33.0,1828
2024-07-10 15:24:18,1450,60,318,39.4,33.0,1828
2024-07-10 15:24:19,1453,60,318,39.4,33.1,1830
2024-07-10 15:24:20,1453,60,318,39.4,33.0,1830
2024-07-10 15:24:21,1453,60,318,39.4,33.0,1827
2024-07-10 15:24:22,1453,60,318,39.4,33.0,1824
2024-07-10 15:24:23,1453,60,317,39.4,33.0,1833
2024-07-10 15:24:24,1449,60,318,39.4,33.0,1828
2024-07-10 15:24:25,1449,60,317,39.4,32.9,1828
2024-07-10 15:24:26,1449,60,316,39.4,32.9,1839
2024-07-10 15:24:27,1449,60,316,39.4,32.9,1832
2024-07-10 15:24:28,1449,60,316,39.4,32.8,1834
2024-07-10 15:24:29,1449,60,316,39.4,32.9,1834
2024-07-10 15:24:30,1443,60,315,39.4,32.8,1834
2024-07-10 15:24:31,1443,60,315,39.4,32.7,1833
2024-07-10 15:24:32,1443,60,314,39.4,32.7,1836
2024-07-10 15:24:33,1443,60,314,39.4,32.7,1836
2024-07-10 15:24:34,1443,60,315,39.4,32.8,1838
2024-07-10 15:24:35,1439,60,316,39.4,32.8,1839
2024-07-10 15:24:36,1439,60,315,39.4,32.8,1842
2024-07-10 15:24:37,1439,60,315,39.4,32.8,1847
2024-07-10 15:24:38,1439,60,315,39.4,32.8,1844
2024-07-10 15:24:39,1439,60,315,39.4,32.7,1845
2024-07-10 15:24:40,1437,60,315,39.4,32.7,1846
2024-07-10 15:24:41,1437,60,315,39.4,32.7,1851
2024-07-10 15:24:42,1437,60,314,39.4,32.7,1851
2024-07-10 15:24:43,1437,60,314,39.4,32.7,1850
2024-07-10 15:24:44,1437,60,314,39.4,32.7,1850
2024-07-10 15:24:45,1434,60,314,39.4,32.6,1849
2024-07-10 15:24:46,1434,60,314,39.4,32.6,1847
2024-07-10 15:24:47,1434,60,314,39.4,32.6,1849
2024-07-10 15:24:48,1434,60,313,39.4,32.6,1844
2024-07-10 15:24:49,1434,60,314,39.4,32.6,1850
2024-07-10 15:24:50,1432,60,313,39.4,32.6,1852
2024-07-10 15:24:51,1432,60,313,39.4,32.6,1852
2024-07-10 15:24:52,1432,60,313,39.4,32.6,1848
2024-07-10 15:24:53,1432,60,313,39.4,32.6,1853
2024-07-10 15:24:54,1432,60,313,39.4,32.5,1864
2024-07-10 15:24:55,1429,60,313,39.4,32.5,1856
2024-07-10 15:24:56,1429,60,312,39.4,32.5,1856
2024-07-10 15:24:57,1429,60,312,39.4,32.5,1855
2024-07-10 15:24:58,1429,60,313,39.4,32.5,1866
2024-07-10 15:24:59,1429,60,312,39.4,32.5,1858
2024-07-10 15:25:00,1426,60,312,39.4,32.5,1862
2024-07-10 15:25:01,1426,60,312,39.4,32.4,1862
2024-07-10 15:25:02,1426,100,312,39.4,32.4,1866
2024-07-10 15:25:03,1426,100,312,39.4,32.4,1867
2024-07-10 15:25:04,1427,100,312,39.4,32.4,1864
2024-07-10 15:25:05,1427,100,315,39.4,32.7,1875
2024-07-10 15:25:06,1427,100,316,39.5,32.8,1868
2024-07-10 15:25:07,1427,100,319,39.5,33.1,1880
2024-07-10 15:25:08,1427,100,320,39.5,33.4,1872
2024-07-10 15:25:09,1487,100,324,39.6,33.7,1874
2024-07-10 15:25:10,1487,100,326,39.6,33.9,1874
2024-07-10 15:25:11,1487,100,327,39.6,34.0,1875
2024-07-10 15:25:12,1487,100,330,39.6,34.3,1874
2024-07-10 15:25:13,1487,100,330,39.7,34.4,1880
2024-07-10 15:25:14,1526,100,332,39.7,34.6,1884
2024-07-10 15:25:15,1526,100,334,39.7,34.7,1886
2024-07-10 15:25:16,1526,100,336,39.7,34.9,1877
2024-07-10 15:25:17,1526,100,337,39.8,35.1,1877
2024-07-10 15:25:18,1526,100,343,39.8,35.7,1884
2024-07-10 15:25:19,1580,100,344,39.8,35.8,1884
2024-07-10 15:25:20,1580,100,344,39.8,35.7,1884
2024-07-10 15:25:21,1580,100,348,39.9,36.2,1895
2024-07-10 15:25:22,1580,100,349,39.9,36.3,1891
2024-07-10 15:25:23,1580,100,352,39.9,36.6,1897
2024-07-10 15:25:24,1631,100,352,40.0,36.6,1896
2024-07-10 15:25:25,1631,100,356,40.0,37.0,1895
2024-07-10 15:25:26,1631,100,359,40.0,37.3,1897
2024-07-10 15:25:27,1631,100,361,40.1,37.5,1895
2024-07-10 15:25:28,1631,100,361,40.1,37.5,1895
2024-07-10 15:25:29,1668,100,363,40.1,37.7,1896
2024-07-10 15:25:30,1668,100,365,40.1,38.2,1897
2024-07-10 15:25:31,1668,100,368,40.2,38.3,1900
2024-07-10 15:25:32,1668,100,370,40.2,38.5,1899
2024-07-10 15:25:33,1668,100,371,40.2,38.6,1897
2024-07-10 15:25:34,1731,100,377,40.3,39.1,1894
2024-07-10 15:25:35,1731,100,379,40.3,39.4,1896
2024-07-10 15:25:36,1731,100,379,40.3,39.4,1897
2024-07-10 15:25:37,1731,100,380,40.3,39.5,1895
2024-07-10 15:25:38,1731,100,382,40.3,39.8,1895
2024-07-10 15:25:39,1778,100,384,40.4,40.0,1896
2024-07-10 15:25:40,1778,100,387,40.4,40.2,1895
2024-07-10 15:25:41,1778,100,389,40.4,40.5,1894
2024-07-10 15:25:42,1778,100,392,40.5,40.7,1893
2024-07-10 15:25:43,1778,100,396,40.5,41.2,1892
2024-07-10 15:25:44,1839,100,396,40.5,41.2,1891
2024-07-10 15:25:45,1839,100,399,40.5,41.5,1892
2024-07-10 15:25:46,1839,100,400,40.6,41.6,1891
2024-07-10 15:25:47,1839,100,403,40.6,41.9,1890
2024-07-10 15:25:48,1839,100,404,40.6,42.1,1892
2024-07-10 15:25:49,1887,100,406,40.6,42.2,1892
2024-07-10 15:25:50,1887,100,408,40.7,42.7,1890
2024-07-10 15:25:51,1887,100,413,40.7,43.0,1893
2024-07-10 15:25:52,1887,100,414,40.7,43.1,1888
2024-07-10 15:25:53,1887,100,416,40.7,43.2,1895
2024-07-10 15:25:54,1948,100,418,40.8,43.5,1893
2024-07-10 15:25:55,1948,100,420,40.8,43.7,1901
2024-07-10 15:25:56,1948,100,423,40.8,44.0,1894
2024-07-10 15:25:57,1948,100,423,40.8,44.0,1894
2024-07-10 15:25:58,1948,100,426,40.9,44.3,1895
2024-07-10 15:25:59,2019,100,429,40.9,44.6,1894
2024-07-10 15:26:00,2019,100,434,41.0,45.1,1905
2024-07-10 15:26:01,2019,100,434,41.0,45.1,1896
2024-07-10 15:26:02,2019,100,435,41.0,45.3,1896
2024-07-10 15:26:03,2019,100,439,41.0,45.6,1896
2024-07-10 15:26:04,2064,100,440,41.0,45.7,1893
2024-07-10 15:26:05,2064,100,443,41.1,46.0,1908
2024-07-10 15:26:06,2064,100,444,41.1,46.2,1908
2024-07-10 15:26:07,2064,100,449,41.1,46.7,1893
2024-07-10 15:26:08,2064,100,450,41.1,46.8,1900
2024-07-10 15:26:09,2125,100,452,41.1,47.0,1900
2024-07-10 15:26:10,2125,100,453,41.2,47.3,1903
2024-07-10 15:26:11,2125,100,456,41.2,47.4,1903
2024-07-10 15:26:12,2125,100,459,41.2,47.8,1909
2024-07-10 15:26:13,2125,100,461,41.2,47.9,1904
2024-07-10 15:26:14,2187,100,463,41.3,48.1,1914
2024-07-10 15:26:15,2187,100,465,41.3,48.4,1903
2024-07-10 15:26:16,2187,100,469,41.3,48.8,1905
2024-07-10 15:26:17,2187,100,471,41.3,48.9,1906
2024-07-10 15:26:18,2187,100,473,41.4,49.2,1905
2024-07-10 15:26:19,2245,100,474,41.4,49.3,1911
2024-07-10 15:26:20,2245,100,478,41.4,49.7,1911
2024-07-10 15:26:21,2245,100,479,41.4,49.8,1907
2024-07-10 15:26:22,2245,100,480,41.4,49.9,1910
2024-07-10 15:26:23,2245,100,485,41.5,50.4,1909
2024-07-10 15:26:24,2304,100,489,41.5,50.8,1911
2024-07-10 15:26:25,2304,100,491,41.6,51.0,1912
2024-07-10 15:26:26,2304,100,490,41.6,51,1919
2024-07-10 15:26:27,2304,100,492,41.6,51.1,1917
2024-07-10 15:26:28,2304,100,494,41.6,51.4,1919
2024-07-10 15:26:29,2356,100,497,41.6,51.6,1917
2024-07-10 15:26:30,2356,100,497,41.6,51.6,1924
2024-07-10 15:26:31,2356,100,497,41.6,51.7,1926
2024-07-10 15:26:32,2356,100,497,41.6,51.8,1934
2024-07-10 15:26:33,2356,100,498,41.6,51.7,1934
2024-07-10 15:26:34,2358,100,497,41.6,51.6,1935
2024-07-10 15:26:35,2358,100,496,41.6,51.6,1940
2024-07-10 15:26:36,2358,100,496,41.6,51.6,1938
2024-07-10 15:26:37,2358,100,496,41.6,51.6,1946
2024-07-10 15:26:38,2358,100,497,41.6,51.7,1956
2024-07-10 15:26:39,2362,100,498,41.6,51.8,1950
2024-07-10 15:26:40,2362,100,499,41.6,51.9,1964
2024-07-10 15:26:41,2362,100,499,41.6,51.9,1966
2024-07-10 15:26:42,2362,100,499,41.6,51.9,1970
2024-07-10 15:26:43,2362,100,499,41.6,51.9,1977
2024-07-10 15:26:44,2369,100,499,41.6,51.9,1981
2024-07-10 15:26:45,2369,100,498,41.6,51.8,1985
2024-07-10 15:26:46,2369,100,498,41.6,51.8,1988
2024-07-10 15:26:47,2369,100,498,41.6,51.8,1996
2024-07-10 15:26:48,2369,100,498,41.6,51.8,1998
2024-07-10 15:26:49,2365,100,498,41.6,51.8,2002
2024-07-10 15:26:50,2365,100,498,41.6,51.8,2003
2024-07-10 15:26:51,2365,100,500,41.6,52.0,2011
2024-07-10 15:26:52,2365,100,500,41.6,52.1,2021
2024-07-10 15:26:53,2365,100,501,41.6,52.1,2017
2024-07-10 15:26:54,2378,100,501,41.6,52.0,2017
2024-07-10 15:26:55,2378,100,501,41.6,52.1,2018
2024-07-10 15:26:56,2378,100,501,41.6,52.1,2026
2024-07-10 15:26:57,2378,100,502,41.6,52.1,2027
2024-07-10 15:26:58,2378,100,500,41.6,52.0,2040
2024-07-10 15:26:59,2368,100,499,41.6,51.9,2045
2024-07-10 15:27:00,2368,100,498,41.6,51.8,2042
2024-07-10 15:27:01,2368,100,499,41.6,51.9,2035
2024-07-10 15:27:02,2368,100,501,41.6,52.1,2038
2024-07-10 15:27:03,2368,100,502,41.6,52.2,2054
2024-07-10 15:27:04,2384,100,502,41.6,52.2,2052
2024-07-10 15:27:05,2384,100,502,41.6,52.2,2063
2024-07-10 15:27:06,2384,100,502,41.6,52.2,2070
2024-07-10 15:27:07,2384,100,502,41.6,52.2,2071
2024-07-10 15:27:08,2384,100,502,41.6,52.2,2084
2024-07-10 15:27:09,2384,100,502,41.6,52.2,2076
2024-07-10 15:27:10,2384,100,502,41.6,52.2,2080
2024-07-10 15:27:11,2384,100,502,41.6,52.2,2084
2024-07-10 15:27:12,2384,100,502,41.6,52.2,2092
2024-07-10 15:27:13,2384,100,502,41.6,52.2,2107
2024-07-10 15:27:14,2385,100,502,41.6,52.2,2110
2024-07-10 15:27:15,2385,100,503,41.6,52.3,2127
2024-07-10 15:27:16,2385,100,502,41.6,52.2,2145
2024-07-10 15:27:17,2385,100,503,41.6,52.3,2146
2024-07-10 15:27:18,2385,100,502,41.6,52.2,2146
2024-07-10 15:27:19,2386,100,503,41.6,52.3,2142
2024-07-10 15:27:20,2386,100,503,41.6,52.3,2178
2024-07-10 15:27:21,2386,100,503,41.6,52.3,2211
2024-07-10 15:27:22,2386,100,502,41.6,52.2,2229
2024-07-10 15:27:23,2386,100,503,41.6,52.3,2223
2024-07-10 15:27:24,2388,100,503,41.6,52.3,2154
2024-07-10 15:27:25,2388,100,503,41.6,52.3,2164
2024-07-10 15:27:26,2388,100,504,41.6,52.4,2193
2024-07-10 15:27:27,2388,100,503,41.6,52.3,2147
2024-07-10 15:27:28,2388,100,504,41.6,52.4,2130
2024-07-10 15:27:29,2394,100,505,41.7,52.5,2100
2024-07-10 15:27:30,2394,100,505,41.7,52.5,2093
2024-07-10 15:27:31,2394,100,505,41.7,52.5,2086
2024-07-10 15:27:32,2394,100,505,41.7,52.5,2086
2024-07-10 15:27:33,2394,100,505,41.6,52.5,2085
2024-07-10 15:27:34,2395,100,505,41.6,52.4,2075
2024-07-10 15:27:35,2395,100,504,41.6,52.4,2071
2024-07-10 15:27:36,2395,100,504,41.6,52.4,2065
2024-07-10 15:27:37,2395,100,504,41.6,52.4,2060
2024-07-10 15:27:38,2395,100,504,41.6,52.4,2060
2024-07-10 15:27:39,2393,100,504,41.6,52.4,2055
2024-07-10 15:27:40,2393,100,504,41.6,52.4,2055
2024-07-10 15:27:41,2393,100,504,41.6,52.4,2051
2024-07-10 15:27:42,2393,100,505,41.6,52.5,2053
2024-07-10 15:27:43,2393,100,505,41.6,52.6,2050
2024-07-10 15:27:44,2401,100,505,41.6,52.5,2053
2024-07-10 15:27:45,2401,100,506,41.6,52.6,2064
2024-07-10 15:27:46,2401,100,506,41.6,52.6,2056
2024-07-10 15:27:47,2401,100,506,41.6,52.6,2057
2024-07-10 15:27:48,2401,100,506,41.6,52.6,2059
2024-07-10 15:27:49,2404,100,507,41.6,52.7,2060
2024-07-10 15:27:50,2404,100,506,41.6,52.6,2065
2024-07-10 15:27:51,2404,100,505,41.6,52.5,2065
2024-07-10 15:27:52,2404,100,505,41.6,52.5,2069
2024-07-10 15:27:53,2404,100,505,41.6,52.6,2066
2024-07-10 15:27:54,2400,100,505,41.6,52.6,2076
2024-07-10 15:27:55,2400,100,506,41.6,52.6,2081
2024-07-10 15:27:56,2400,100,505,41.6,52.6,2093
2024-07-10 15:27:57,2400,100,506,41.6,52.6,2091
2024-07-10 15:27:58,2400,100,505,41.6,52.5,2109
2024-07-10 15:27:59,2400,100,506,41.6,52.6,2109
2024-07-10 15:28:00,2400,100,505,41.6,52.6,2113
2024-07-10 15:28:01,2400,100,506,41.6,52.6,2129
2024-07-10 15:28:02,2400,100,506,41.6,52.6,2149
2024-07-10 15:28:03,2400,100,506,41.6,52.6,2140
2024-07-10 15:28:04,2410,100,506,41.6,52.6,2111
2024-07-10 15:28:05,2410,100,508,41.7,52.8,2091
2024-07-10 15:28:06,2410,100,508,41.7,52.8,2084
2024-07-10 15:28:07,2410,100,508,41.6,52.8,2067
2024-07-10 15:28:08,2410,100,506,41.6,52.6,2066
2024-07-10 15:28:09,2399,100,506,41.6,52.6,2067
2024-07-10 15:28:10,2399,100,505,41.6,52.5,2067
2024-07-10 15:28:11,2399,100,505,41.6,52.5,2061
2024-07-10 15:28:12,2399,100,506,41.6,52.6,2037
2024-07-10 15:28:13,2399,100,507,41.6,52.7,2034
2024-07-10 15:28:14,2411,100,508,41.6,52.8,2025
2024-07-10 15:28:15,2411,100,508,41.6,52.8,2026
2024-07-10 15:28:16,2411,100,508,41.6,52.8,2021
2024-07-10 15:28:17,2411,100,508,41.6,52.8,2021
2024-07-10 15:28:18,2411,100,508,41.6,52.8,2017
2024-07-10 15:28:19,2410,100,507,41.6,52.7,2015
2024-07-10 15:28:20,2410,100,507,41.6,52.7,2009
2024-07-10 15:28:21,2410,100,506,41.6,52.7,2008
2024-07-10 15:28:22,2410,100,507,41.6,52.7,2005
2024-07-10 15:28:23,2410,100,507,41.6,52.7,2008
2024-07-10 15:28:24,2405,100,507,41.6,52.7,2002
2024-07-10 15:28:25,2405,100,506,41.6,52.7,1997
2024-07-10 15:28:26,2405,100,506,41.6,52.6,1997
2024-07-10 15:28:27,2405,100,507,41.6,52.7,2000
2024-07-10 15:28:28,2405,100,507,41.6,52.7,1994
2024-07-10 15:28:29,2413,100,509,41.6,52.9,1994
2024-07-10 15:28:30,2413,100,509,41.7,52.9,1993
2024-07-10 15:28:31,2413,100,509,41.7,52.9,1992
2024-07-10 15:28:32,2413,100,509,41.7,52.9,1986
2024-07-10 15:28:33,2413,100,507,41.6,52.7,1993
2024-07-10 15:28:34,2406,100,507,41.6,52.7,1988
2024-07-10 15:28:35,2406,100,507,41.6,52.7,1988
2024-07-10 15:28:36,2406,100,507,41.6,52.7,1990
2024-07-10 15:28:37,2406,100,508,41.6,52.8,1985
2024-07-10 15:28:38,2406,100,507,41.6,52.7,1988
2024-07-10 15:28:39,2408,100,507,41.6,52.7,1983
2024-07-10 15:28:40,2408,100,507,41.6,52.8,1982
2024-07-10 15:28:41,2408,100,508,41.6,52.8,1985
2024-07-10 15:28:42,2408,100,508,41.6,52.8,1984
2024-07-10 15:28:43,2408,100,508,41.6,52.8,1983
2024-07-10 15:28:44,2411,100,507,41.6,52.8,1984
2024-07-10 15:28:45,2411,100,508,41.6,52.8,1980
2024-07-10 15:28:46,2411,100,509,41.6,52.9,1981
2024-07-10 15:28:47,2411,100,509,41.6,53.0,1978
2024-07-10 15:28:48,2411,100,509,41.6,52.9,1980
2024-07-10 15:28:49,2418,100,509,41.6,52.9,1982
2024-07-10 15:28:50,2418,100,509,41.6,52.9,1980
2024-07-10 15:28:51,2418,100,508,41.6,52.8,1974
2024-07-10 15:28:52,2418,100,508,41.6,52.8,1978
2024-07-10 15:28:53,2418,100,508,41.6,52.9,1974
2024-07-10 15:28:54,2413,100,508,41.6,52.8,1971
2024-07-10 15:28:55,2413,100,508,41.6,52.8,1973
2024-07-10 15:28:56,2413,100,507,41.6,52.7,1974
2024-07-10 15:28:57,2413,100,508,41.6,52.8,1971
2024-07-10 15:28:58,2413,100,508,41.6,52.8,1972
2024-07-10 15:28:59,2410,100,508,41.6,52.8,1977
2024-07-10 15:29:00,2410,100,508,41.6,52.8,1972
2024-07-10 15:29:01,2410,100,508,41.6,52.8,1967
2024-07-10 15:29:02,2410,100,508,41.6,52.8,1973
2024-07-10 15:29:03,2410,100,508,41.6,52.8,1966
2024-07-10 15:29:04,2414,100,509,41.6,52.9,1958
2024-07-10 15:29:05,2414,100,509,41.6,52.9,1965
2024-07-10 15:29:06,2414,100,509,41.6,53.0,1963
2024-07-10 15:29:07,2414,100,509,41.6,52.9,1964
2024-07-10 15:29:08,2414,100,509,41.6,52.9,1960
2024-07-10 15:29:09,2418,100,509,41.6,52.9,1963
2024-07-10 15:29:10,2418,100,510,41.6,53.0,1951
2024-07-10 15:29:11,2418,100,508,41.6,52.9,1962
2024-07-10 15:29:12,2418,100,508,41.6,52.8,1962
2024-07-10 15:29:13,2418,100,508,41.6,52.8,1956
2024-07-10 15:29:14,2411,100,508,41.6,52.8,1955
2024-07-10 15:29:15,2411,100,508,41.6,52.8,1953
2024-07-10 15:29:16,2411,100,508,41.6,52.8,1951
2024-07-10 15:29:17,2411,100,508,41.6,52.8,1950
2024-07-10 15:29:18,2411,100,508,41.6,52.8,1956
2024-07-10 15:29:19,2415,100,509,41.6,52.9,1953
2024-07-10 15:29:20,2415,100,509,41.6,52.9,1952
2024-07-10 15:29:21,2415,100,509,41.6,52.9,1948
2024-07-10 15:29:22,2415,100,509,41.6,52.9,1951
2024-07-10 15:29:23,2415,100,508,41.6,52.9,1948
2024-07-10 15:29:24,2415,100,509,41.6,52.9,1949
2024-07-10 15:29:25,2415,100,508,41.6,52.9,1946
2024-07-10 15:29:26,2415,100,509,41.6,52.9,1947
2024-07-10 15:29:27,2415,100,508,41.6,52.9,1945
2024-07-10 15:29:28,2415,100,509,41.6,53.0,1939
2024-07-10 15:29:29,2420,100,510,41.6,53.0,1946
2024-07-10 15:29:30,2420,100,510,41.6,53.0,1942
2024-07-10 15:29:31,2420,100,510,41.6,53.0,1942
2024-07-10 15:29:32,2420,100,510,41.6,53.0,1942
2024-07-10 15:29:33,2420,100,510,41.6,53.0,1934
2024-07-10 15:29:34,2418,100,510,41.6,53.0,1942
2024-07-10 15:29:35,2418,100,508,41.6,52.8,1940
2024-07-10 15:29:36,2418,100,509,41.6,52.9,1938
2024-07-10 15:29:37,2418,100,509,41.6,52.9,1941
2024-07-10 15:29:38,2418,100,509,41.6,52.9,1933
2024-07-10 15:29:39,2416,100,509,41.6,52.9,1934
2024-07-10 15:29:40,2416,100,509,41.6,52.9,1938
2024-07-10 15:29:41,2416,100,451,41.0,46.9,1936
2024-07-10 15:29:42,2416,100,397,40.4,41.3,1940
2024-07-10 15:29:43,2416,100,295,39.1,30.7,1935
2024-07-10 15:29:44,1108,100,247,37.9,25.7,1927
2024-07-10 15:29:45,1108,100,157,37.3,16.3,1938
2024-07-10 15:29:46,1108,100,115,36.0,7.88,1931
2024-07-10 15:29:47,1108,100,39.6,35.3,4.11,1935
2024-07-10 15:29:48,1108,100,11.9,34.4,0.174,1930
2024-07-10 15:29:49,64.1,100,0,34.3,0.174,1930
2024-07-10 15:29:50,64.1,100,0,34.2,0.177,1930
2024-07-10 15:29:51,64.1,100,0,34.1,0.177,1933
2024-07-10 15:29:52,64.1,100,0,34.1,0.177,1937
2024-07-10 15:29:53,64.1,100,0,34.0,0.176,1935
2024-07-10 15:29:54,56.1,100,0,34.0,0.173,1925
2024-07-10 15:29:55,56.1,100,0,33.9,0.173,1929
2024-07-10 15:29:56,56.1,100,0,33.9,0.168,1929
2024-07-10 15:29:57,56.1,100,0,33.8,0.174,1932
2024-07-10 15:29:58,56.1,100,0,33.8,0.171,1932
2024-07-10 15:29:59,53.9,100,0,33.8,0.163,1929
2024-07-10 15:30:00,53.9,100,0,33.8,0.172,1928
2024-07-10 15:30:01,53.9,100,0,33.7,0.171,1929
2024-07-10 15:30:02,53.9,100,0,33.7,0.169,1927
2024-07-10 15:30:03,53.9,100,0,33.7,0.171,1924
2024-07-10 15:30:04,51.7,100,0,33.7,0.173,1925
2024-07-10 15:30:05,51.7,100,0,33.7,0.171,1931
2024-07-10 15:30:06,51.7,100,0,33.7,0.175,1928
2024-07-10 15:30:07,51.7,100,0,33.6,0.169,1928
2024-07-10 15:30:08,51.7,100,0,33.6,0.170,1928
2024-07-10 15:30:09,50,100,0,33.6,0.170,1932
2024-07-10 15:30:10,50,100,0,33.6,0.169,1928
2024-07-10 15:30:11,50,100,0,33.6,0.169,1927
2024-07-10 15:30:12,50,100,0,33.6,0.169,1928
2024-07-10 15:30:13,50,100,0,33.6,0.169,1925
2024-07-10 15:30:14,49.5,100,0,33.6,0.170,1930
2024-07-10 15:30:15,49.5,100,0,33.6,0.171,1921
2024-07-10 15:30:16,49.5,100,0,33.5,0.163,1925
2024-07-10 15:30:17,49.5,100,0,33.5,0.166,1925
2024-07-10 15:30:18,49.5,100,0,33.5,0.168,1920
2024-07-10 15:30:19,46.7,100,0,33.4,0.167,1928
2024-07-10 15:30:20,46.7,100,0,33.4,0.167,1927
2024-07-10 15:30:21,46.7,100,0,33.3,0.169,1928
2024-07-10 15:30:22,46.7,100,0,33.3,0.167,1928
2024-07-10 15:30:23,46.7,100,0,33.3,0.158,1923
2024-07-10 15:30:24,55.7,100,0,33.3,0.157,1926
2024-07-10 15:30:25,55.7,100,0,33.3,0.168,1926
2024-07-10 15:30:26,55.7,100,0,33.3,0.167,1925
2024-07-10 15:30:27,55.7,100,0,33.3,0.167,1926
2024-07-10 15:30:28,55.7,100,0,33.2,0.158,1927
2024-07-10 15:30:29,49.5,100,0,33.1,0.164,1928
2024-07-10 15:30:30,,,,,,1924
2024-07-10 15:30:31,49.5,100,0,33.1,0.167,1922
2024-07-10 15:30:32,49.5,100,0,33.1,0.166,1928
2024-07-10 15:30:33,49.5,100,0,33.1,0.169,1929
2024-07-10 15:30:34,49.5,100,0,33.1,0.161,1930
2024-07-10 15:30:35,49.4,100,0,33.1,0.163,1936
2024-07-10 15:30:36,49.4,100,0,33.0,0.163,1930
2024-07-10 15:30:37,49.4,100,0,32.9,0.160,1927
2024-07-10 15:30:38,49.4,100,0,32.9,0.162,1929
2024-07-10 15:30:39,49.4,100,0,32.9,0.160,1932
2024-07-10 15:30:40,44.7,100,0,32.8,0.158,1927
2024-07-10 15:30:41,44.7,100,0,32.7,0.160,1928
2024-07-10 15:30:42,44.7,100,0,32.7,0.163,1928
2024-07-10 15:30:43,44.7,100,0,32.7,0.162,1929
2024-07-10 15:30:44,44.7,100,0,32.7,0.158,1928
2024-07-10 15:30:45,49.4,100,0,32.7,0.163,1928
2024-07-10 15:30:46,49.4,100,0,32.7,0.160,1928
2024-07-10 15:30:47,49.4,100,0,32.6,0.157,1929
2024-07-10 15:30:48,49.4,100,0,32.5,0.160,1922
2024-07-10 15:30:49,49.4,100,0,32.5,0.157,1934
2024-07-10 15:30:50,49.3,100,0,32.5,0.159,1933
2024-07-10 15:30:51,49.3,100,0,32.5,0.158,1943
2024-07-10 15:30:52,49.3,100,0,32.5,0.156,1931
2024-07-10 15:30:53,49.3,100,0,32.4,0.160,1932
2024-07-10 15:30:54,49.3,100,0,32.4,0.155,1933
2024-07-10 15:30:55,49.3,100,0,32.4,0.156,1933
2024-07-10 15:30:56,49.3,100,0,32.4,0.154,1933
2024-07-10 15:30:57,49.3,100,0,32.4,0.158,1932
2024-07-10 15:30:58,49.3,100,0,32.3,0.156,1934
2024-07-10 15:30:59,49.3,100,0,32.3,0.159,1935
2024-07-10 15:31:00,49.3,100,0,32.3,0.155,1939
2024-07-10 15:31:01,49.3,100,0,32.3,0.154,1933
2024-07-10 15:31:02,49.3,100,0,32.2,0.157,1936
2024-07-10 15:31:03,49.3,100,0,32.2,0.156,1938
2024-07-10 15:31:04,49.3,100,0,32.2,0.155,1935
2024-07-10 15:31:05,49.3,100,0,32.2,0.151,1941
2024-07-10 15:31:06,49.3,100,0,32.2,0.148,1944
2024-07-10 15:31:07,49.3,100,0,32.2,0.156,1945
2024-07-10 15:31:08,49.3,100,0,32.2,0.155,1946
2024-07-10 15:31:09,49.3,100,0,32.1,0.154,1948
2024-07-10 15:31:10,49.4,100,0,32.1,0.157,1944
2024-07-10 15:31:11,49.4,100,0,32.1,0.155,1945
2024-07-10 15:31:12,49.4,100,0,32.1,0.154,1945
2024-07-10 15:31:13,49.4,100,0,32.1,0.158,1945
2024-07-10 15:31:14,49.4,100,0,32.1,0.161,1946
2024-07-10 15:31:15,49.4,100,0,32.1,0.159,1947
2024-07-10 15:31:16,49.4,100,0,32.1,0.153,1948
2024-07-10 15:31:17,49.4,100,0,32.1,0.155,1956
2024-07-10 15:31:18,49.4,100,0,32.1,0.157,1947
2024-07-10 15:31:19,49.4,100,0,32.1,0.154,1952
2024-07-10 15:31:20,49.3,100,0,32.1,0.156,1953
2024-07-10 15:31:21,49.3,100,0,32.1,0.158,1949
2024-07-10 15:31:22,49.3,100,0,32.1,0.156,1943
2024-07-10 15:31:23,49.3,100,0,32.1,0.152,1950
2024-07-10 15:31:24,49.3,100,0,32.1,0.152,1949
2024-07-10 15:31:25,44.5,100,0,32.1,0.152,1949
2024-07-10 15:31:26,44.5,100,0,32.1,0.153,1953
2024-07-10 15:31:27,44.5,100,0,32.1,0.148,1953
2024-07-10 15:31:28,44.5,100,0,32.1,0.149,1956
2024-07-10 15:31:29,44.5,100,0,32.1,0.153,1946
2024-07-10 15:31:30,49.1,100,0,32.1,0.149,1942
2024-07-10 15:31:31,49.1,100,0,32.1,0.149,1947
2024-07-10 15:31:32,49.1,100,0,32.1,0.151,1948
2024-07-10 15:31:33,49.1,100,0,32.1,0.149,1948
2024-07-10 15:31:34,49.1,100,0,32.0,0.150,1943
2024-07-10 15:31:35,49.3,100,0,32.0,0.135,1944
2024-07-10 15:31:36,49.3,100,0,32.0,0.151,1944
2024-07-10 15:31:37,49.3,100,0,32.0,0.150,1935
2024-07-10 15:31:38,49.3,100,0,32.0,0.139,1941
2024-07-10 15:31:39,,,,,,1939
2024-07-10 15:31:40,,,,,,1937
2024-07-10 15:31:41,,,,,,1936
2024-07-10 15:31:42,,,,,,1939
2024-07-10 15:31:43,,,,,,1932
2024-07-10 15:31:44,,,,,,1941
2024-07-10 15:31:45,,,,,,1943
2024-07-10 15:31:46,,,,,,1941
2024-07-10 15:31:47,,,,,,1945
2024-07-10 15:31:48,,,,,,1952
2024-07-10 15:31:49,,,,,,1951
2024-07-10 15:31:50,,,,,,1951
2024-07-10 15:31:51,,,,,,1963
2024-07-10 15:31:52,,,,,,1962
2024-07-10 15:31:53,,,,,,1967
2024-07-10 15:31:54,,,,,,1971
2024-07-10 15:31:55,,,,,,1975
2024-07-10 15:31:56,,,,,,1984
2024-07-10 15:31:57,,,,,,1987
2024-07-10 15:31:58,,,,,,1991
2024-07-10 15:31:59,,,,,,1996
2024-07-10 15:32:00,,,,,,2002
2024-07-10 15:32:01,,,,,,2010
2024-07-10 15:32:02,,,,,,2016
2024-07-10 15:32:03,,,,,,2024
2024-07-10 15:32:04,,,,,,2026
2024-07-10 15:32:05,,,,,,2032
2024-07-10 15:32:06,,,,,,2036
2024-07-10 15:32:07,,,,,,2034
2024-07-10 15:32:08,,,,,,2044
2024-07-10 15:32:09,,,,,,2048
2024-07-10 15:32:10,,,,,,2043
2024-07-10 15:32:11,,,,,,2036
2024-07-10 15:32:12,,,,,,2036
2024-07-10 15:32:13,,,,,,2036
2024-07-10 15:32:14,,,,,,2034
2024-07-10 15:32:15,,,,,,2034
2024-07-10 15:32:16,,,,,,2034
2024-07-10 15:32:17,,,,,,2030
2024-07-10 15:32:18,,,,,,2035
2024-07-10 15:32:19,,,,,,2038
2024-07-10 15:32:20,,,,,,2035
2024-07-10 15:32:21,,,,,,2039
2024-07-10 15:32:22,,,,,,2045
2024-07-10 15:32:23,,,,,,2038
2024-07-10 15:32:24,,,,,,2039
2024-07-10 15:32:25,,,,,,2045
2024-07-10 15:32:26,,,,,,2040
2024-07-10 15:32:27,,,,,,2045
2024-07-10 15:32:28,,,,,,2048
2024-07-10 15:32:29,,,,,,2052
2024-07-10 15:32:31,,,,,,2048
2024-07-10 15:32:32,,,,,,2048
2024-07-10 15:32:33,,,,,,2056
2024-07-10 15:32:34,,,,,,2061
2024-07-10 15:32:35,,,,,,2066
2024-07-10 15:32:36,,,,,,2065
2024-07-10 15:32:37,,,,,,2074
2024-07-10 15:32:38,,,,,,2070
2024-07-10 15:32:39,,,,,,2066
2024-07-10 15:32:40,,,,,,2068
2024-07-10 15:32:41,,,,,,2067
2024-07-10 15:32:42,,,,,,2075
2024-07-10 15:32:43,,,,,,2074
2024-07-10 15:32:44,,,,,,2080
2024-07-10 15:32:45,,,,,,2082
2024-07-10 15:32:46,,,,,,2082
2024-07-10 15:32:47,,,,,,2089
2024-07-10 15:32:48,,,,,,2085
2024-07-10 15:32:49,,,,,,2084
2024-07-10 15:32:50,,,,,,2100
2024-07-10 15:32:51,,,,,,2093
2024-07-10 15:32:52,,,,,,2094
2024-07-10 15:32:53,,,,,,2099
2024-07-10 15:32:54,,,,,,2100
2024-07-10 15:32:55,,,,,,2099
2024-07-10 15:32:56,,,,,,2100
2024-07-10 15:32:57,,,,,,2106
2024-07-10 15:32:58,,,,,,2106
2024-07-10 15:32:59,,,,,,2107
2024-07-10 15:33:00,,,,,,2115
2024-07-10 15:33:01,,,,,,2117
2024-07-10 15:33:02,,,,,,2110
2024-07-10 15:33:03,,,,,,2112
2024-07-10 15:33:04,,,,,,2111
2024-07-10 15:33:05,,,,,,2111
2024-07-10 15:33:06,,,,,,2109
2024-07-10 15:33:07,,,,,,2106
2024-07-10 15:33:08,,,,,,2114
2024-07-10 15:33:09,,,,,,2107
2024-07-10 15:33:10,,,,,,2107
2024-07-10 15:33:11,,,,,,2110
2024-07-10 15:33:12,,,,,,2105
2024-07-10 15:33:13,,,,,,2101
2024-07-10 15:33:14,,,,,,2091
2024-07-10 15:33:15,,,,,,2099
2024-07-10 15:33:16,,,,,,2097
2024-07-10 15:33:17,,,,,,2094
2024-07-10 15:33:18,,,,,,2098
2024-07-10 15:33:19,,,,,,2089
2024-07-10 15:33:20,,,,,,2074
2024-07-10 15:33:21,,,,,,2078
2024-07-10 15:33:22,,,,,,2078
2024-07-10 15:33:23,,,,,,2075
2024-07-10 15:33:24,,,,,,2076
2024-07-10 15:33:25,,,,,,2072
2024-07-10 15:33:26,,,,,,2073
2024-07-10 15:33:27,,,,,,2070
2024-07-10 15:33:28,,,,,,2070
2024-07-10 15:33:29,,,,,,2064
2024-07-10 15:33:30,,,,,,2059
2024-07-10 15:33:31,,,,,,2061
2024-07-10 15:33:32,,,,,,2060
2024-07-10 15:33:33,,,,,,2060
2024-07-10 15:33:34,,,,,,2057
2024-07-10 15:33:35,,,,,,2056
2024-07-10 15:33:36,,,,,,2052
2024-07-10 15:33:37,,,,,,2053
2024-07-10 15:33:38,,,,,,2054
2024-07-10 15:33:39,,,,,,2051
2024-07-10 15:33:40,,,,,,2045
2024-07-10 15:33:41,,,,,,2051
2024-07-10 15:33:42,,,,,,2048
2024-07-10 15:33:43,,,,,,2054
2024-07-10 15:33:44,,,,,,2054
2024-07-10 15:33:45,,,,,,2056
2024-07-10 15:33:46,,,,,,2058
2024-07-10 15:33:47,,,,,,2058
2024-07-10 15:33:48,,,,,,2056
2024-07-10 15:33:49,,,,,,2057
2024-07-10 15:33:50,,,,,,2062
2024-07-10 15:33:51,,,,,,2062
2024-07-10 15:33:52,,,,,,2064
2024-07-10 15:33:53,,,,,,2067
2024-07-10 15:33:54,,,,,,2065
2024-07-10 15:33:55,,,,,,2071
2024-07-10 15:33:56,,,,,,2069
2024-07-10 15:33:57,,,,,,2066
2024-07-10 15:33:58,,,,,,2065
2024-07-10 15:33:59,,,,,,2067
2024-07-10 15:34:00,,,,,,2068
2024-07-10 15:34:01,,,,,,2064
2024-07-10 15:34:02,,,,,,2063
2024-07-10 15:34:03,,,,,,2060
2024-07-10 15:34:04,,,,,,2052
2024-07-10 15:34:05,,,,,,2054
2024-07-10 15:34:06,,,,,,2047
2024-07-10 15:34:07,,,,,,2045
2024-07-10 15:34:08,,,,,,2043
2024-07-10 15:34:09,,,,,,2039
2024-07-10 15:34:10,,,,,,2036
2024-07-10 15:34:11,,,,,,2037
2024-07-10 15:34:12,,,,,,2034
2024-07-10 15:34:13,,,,,,2022
2024-07-10 15:34:14,,,,,,2026
2024-07-10 15:34:15,,,,,,2025
2024-07-10 15:34:16,,,,,,2028
2024-07-10 15:34:17,,,,,,2028
2024-07-10 15:34:18,,,,,,2029
2024-07-10 15:34:19,,,,,,2021
2024-07-10 15:34:20,,,,,,2018
2024-07-10 15:34:21,,,,,,2022
2024-07-10 15:34:22,,,,,,2017
2024-07-10 15:34:23,,,,,,2005
2024-07-10 15:34:24,,,,,,2020
2024-07-10 15:34:25,,,,,,2012
2024-07-10 15:34:26,,,,,,2006
2024-07-10 15:34:27,,,,,,2014
2024-07-10 15:34:28,,,,,,2023
2024-07-10 15:34:29,,,,,,2010
2024-07-10 15:34:30,,,,,,2011
2024-07-10 15:34:31,,,,,,2002
2024-07-10 15:34:32,,,,,,2005
2024-07-10 15:34:33,,,,,,2005
2024-07-10 15:34:34,,,,,,2005
2024-07-10 15:34:35,,,,,,2017
2024-07-10 15:34:36,,,,,,2006
2024-07-10 15:34:37,,,,,,2016
2024-07-10 15:34:38,,,,,,2006
2024-07-10 15:34:39,,,,,,2004
2024-07-10 15:34:40,,,,,,2005
2024-07-10 15:34:41,,,,,,2004
2024-07-10 15:34:42,,,,,,2007
2024-07-10 15:34:43,,,,,,2004
2024-07-10 15:34:44,,,,,,2004
2024-07-10 15:34:45,,,,,,2001
2024-07-10 15:34:46,,,,,,2003
2024-07-10 15:34:47,,,,,,2006
2024-07-10 15:34:48,,,,,,2001
2024-07-10 15:34:49,,,,,,2003
2024-07-10 15:34:50,,,,,,2005
2024-07-10 15:34:51,,,,,,2005
2024-07-10 15:34:52,,,,,,2007
2024-07-10 15:34:53,,,,,,2003
2024-07-10 15:34:54,,,,,,2002
2024-07-10 15:34:55,,,,,,2006
2024-07-10 15:34:56,,,,,,2003
2024-07-10 15:34:57,,,,,,2003
2024-07-10 15:34:58,,,,,,2004
2024-07-10 15:34:59,,,,,,2004
2024-07-10 15:35:00,,,,,,2009
2024-07-10 15:35:01,,,,,,2003
2024-07-10 15:35:02,,,,,,2005
2024-07-10 15:35:03,,,,,,2002
2024-07-10 15:35:04,,,,,,2003
2024-07-10 15:35:05,,,,,,2004
2024-07-10 15:35:06,,,,,,2014
2024-07-10 15:35:07,,,,,,2008
2024-07-10 15:35:08,,,,,,2005
2024-07-10 15:35:09,,,,,,2018
2024-07-10 15:35:10,,,,,,2009
2024-07-10 15:35:11,,,,,,2005
2024-07-10 15:35:12,,,,,,2007
2024-07-10 15:35:13,,,,,,2005
2024-07-10 15:35:14,,,,,,2017
2024-07-10 15:35:15,,,,,,2008
2024-07-10 15:35:16,,,,,,2005
2024-07-10 15:35:17,,,,,,2010
2024-07-10 15:35:18,,,,,,2011
2024-07-10 15:35:19,,,,,,2012
2024-07-10 15:35:20,,,,,,2012
2024-07-10 15:35:21,,,,,,2020
2024-07-10 15:35:22,,,,,,2013