# Renewables.ninja Weather (Point API) - 52.011, 4.358 - Version: 1.0 - License: https://science.nasa.gov/earth-science/earth-science-data/data-information-policy - Reference: https://www.renewables.ninja/
# Units: time in UTC, local_time in Europe/Amsterdam, t2m in ºC, swgdn in W/m²
# {"units": {"time": "UTC", "local_time": "Europe/Amsterdam", "t2m": "\u00baC", "swgdn": "W/m\u00b2"}, "params": {"local_time": true, "header": true, "lat": "52.0114017", "lon": "4.35839", "date_from": "2019-01-01", "date_to": "2019-12-31", "dataset": "merra2", "var_t2m": true, "var_prectotland": false, "var_precsnoland": false, "var_snomas": false, "var_rhoa": false, "var_swgdn": true, "var_swtdn": false, "var_cldtot": false}}
time,local_time,t2m,swgdn
2019-01-01 00:00,2019-01-01 01:00,7.928,0
2019-01-01 01:00,2019-01-01 02:00,8.023,0
2019-01-01 02:00,2019-01-01 03:00,8.107,0
2019-01-01 03:00,2019-01-01 04:00,8.162,0
2019-01-01 04:00,2019-01-01 05:00,8.232,0
2019-01-01 05:00,2019-01-01 06:00,8.287,0
2019-01-01 06:00,2019-01-01 07:00,8.381,0
2019-01-01 07:00,2019-01-01 08:00,8.444,0
2019-01-01 08:00,2019-01-01 09:00,8.508,8.356
2019-01-01 09:00,2019-01-01 10:00,8.658,47.706
2019-01-01 10:00,2019-01-01 11:00,8.930,143.197
2019-01-01 11:00,2019-01-01 12:00,9.057,183.001
2019-01-01 12:00,2019-01-01 13:00,8.937,214.739
2019-01-01 13:00,2019-01-01 14:00,8.558,160.610
2019-01-01 14:00,2019-01-01 15:00,8.014,76.417
2019-01-01 15:00,2019-01-01 16:00,7.294,7.056
2019-01-01 16:00,2019-01-01 17:00,7.008,0
2019-01-01 17:00,2019-01-01 18:00,6.921,0
2019-01-01 18:00,2019-01-01 19:00,6.791,0
2019-01-01 19:00,2019-01-01 20:00,6.609,0
2019-01-01 20:00,2019-01-01 21:00,6.336,0
2019-01-01 21:00,2019-01-01 22:00,5.945,0
2019-01-01 22:00,2019-01-01 23:00,5.733,0
2019-01-01 23:00,2019-01-02 00:00,5.653,0
2019-01-02 00:00,2019-01-02 01:00,5.740,0
2019-01-02 01:00,2019-01-02 02:00,5.944,0
2019-01-02 02:00,2019-01-02 03:00,6.080,0
2019-01-02 03:00,2019-01-02 04:00,5.973,0
2019-01-02 04:00,2019-01-02 05:00,5.752,0
2019-01-02 05:00,2019-01-02 06:00,5.561,0
2019-01-02 06:00,2019-01-02 07:00,5.376,0
2019-01-02 07:00,2019-01-02 08:00,5.352,0.165
2019-01-02 08:00,2019-01-02 09:00,5.753,37.132
2019-01-02 09:00,2019-01-02 10:00,6.530,115.328
2019-01-02 10:00,2019-01-02 11:00,7.080,179.917
2019-01-02 11:00,2019-01-02 12:00,7.349,198.844
2019-01-02 12:00,2019-01-02 13:00,7.378,199.063
2019-01-02 13:00,2019-01-02 14:00,7.166,147.863
2019-01-02 14:00,2019-01-02 15:00,6.523,72.117
2019-01-02 15:00,2019-01-02 16:00,5.231,6.804
2019-01-02 16:00,2019-01-02 17:00,4.774,0
2019-01-02 17:00,2019-01-02 18:00,4.534,0
2019-01-02 18:00,2019-01-02 19:00,4.258,0
2019-01-02 19:00,2019-01-02 20:00,4.038,0
2019-01-02 20:00,2019-01-02 21:00,3.953,0
2019-01-02 21:00,2019-01-02 22:00,3.909,0
2019-01-02 22:00,2019-01-02 23:00,4.158,0
2019-01-02 23:00,2019-01-03 00:00,4.258,0
2019-01-03 00:00,2019-01-03 01:00,4.275,0
2019-01-03 01:00,2019-01-03 02:00,4.269,0
2019-01-03 02:00,2019-01-03 03:00,4.216,0
2019-01-03 03:00,2019-01-03 04:00,4.147,0
2019-01-03 04:00,2019-01-03 05:00,4.159,0
2019-01-03 05:00,2019-01-03 06:00,4.211,0
2019-01-03 06:00,2019-01-03 07:00,4.056,0
2019-01-03 07:00,2019-01-03 08:00,4.030,0.164
2019-01-03 08:00,2019-01-03 09:00,4.495,28.588
2019-01-03 09:00,2019-01-03 10:00,5.454,84.948
2019-01-03 10:00,2019-01-03 11:00,5.969,129.167
2019-01-03 11:00,2019-01-03 12:00,6.299,164.889
2019-01-03 12:00,2019-01-03 13:00,6.411,144.404
2019-01-03 13:00,2019-01-03 14:00,6.346,101.720
2019-01-03 14:00,2019-01-03 15:00,5.958,53.285
2019-01-03 15:00,2019-01-03 16:00,5.002,5.952
2019-01-03 16:00,2019-01-03 17:00,4.737,0
2019-01-03 17:00,2019-01-03 18:00,4.682,0
2019-01-03 18:00,2019-01-03 19:00,4.605,0
2019-01-03 19:00,2019-01-03 20:00,4.566,0
2019-01-03 20:00,2019-01-03 21:00,4.490,0
2019-01-03 21:00,2019-01-03 22:00,4.529,0
2019-01-03 22:00,2019-01-03 23:00,4.700,0
2019-01-03 23:00,2019-01-04 00:00,4.655,0
2019-01-04 00:00,2019-01-04 01:00,4.354,0
2019-01-04 01:00,2019-01-04 02:00,4.156,0
2019-01-04 02:00,2019-01-04 03:00,4.142,0
2019-01-04 03:00,2019-01-04 04:00,4.141,0
2019-01-04 04:00,2019-01-04 05:00,4.039,0
2019-01-04 05:00,2019-01-04 06:00,4.137,0
2019-01-04 06:00,2019-01-04 07:00,4.295,0
2019-01-04 07:00,2019-01-04 08:00,4.372,0.127
2019-01-04 08:00,2019-01-04 09:00,4.658,18.047
2019-01-04 09:00,2019-01-04 10:00,5.095,80.616
2019-01-04 10:00,2019-01-04 11:00,5.364,126.484
2019-01-04 11:00,2019-01-04 12:00,5.522,141.692
2019-01-04 12:00,2019-01-04 13:00,5.614,145.276
2019-01-04 13:00,2019-01-04 14:00,5.706,81.182
2019-01-04 14:00,2019-01-04 15:00,5.761,31.095
2019-01-04 15:00,2019-01-04 16:00,5.815,3.173
2019-01-04 16:00,2019-01-04 17:00,6.023,0
2019-01-04 17:00,2019-01-04 18:00,6.268,0
2019-01-04 18:00,2019-01-04 19:00,6.454,0
2019-01-04 19:00,2019-01-04 20:00,6.488,0
2019-01-04 20:00,2019-01-04 21:00,6.568,0
2019-01-04 21:00,2019-01-04 22:00,6.592,0
2019-01-04 22:00,2019-01-04 23:00,6.582,0
2019-01-04 23:00,2019-01-05 00:00,6.609,0
2019-01-05 00:00,2019-01-05 01:00,6.612,0
2019-01-05 01:00,2019-01-05 02:00,6.643,0
2019-01-05 02:00,2019-01-05 03:00,6.666,0
2019-01-05 03:00,2019-01-05 04:00,6.719,0
2019-01-05 04:00,2019-01-05 05:00,6.774,0
2019-01-05 05:00,2019-01-05 06:00,6.927,0
2019-01-05 06:00,2019-01-05 07:00,6.995,0
2019-01-05 07:00,2019-01-05 08:00,6.977,0.138
2019-01-05 08:00,2019-01-05 09:00,7.079,17.221
2019-01-05 09:00,2019-01-05 10:00,7.305,47.870
2019-01-05 10:00,2019-01-05 11:00,7.450,65.939
2019-01-05 11:00,2019-01-05 12:00,7.495,78.235
2019-01-05 12:00,2019-01-05 13:00,7.473,92.806
2019-01-05 13:00,2019-01-05 14:00,7.373,80.879
2019-01-05 14:00,2019-01-05 15:00,7.091,38.023
2019-01-05 15:00,2019-01-05 16:00,6.709,3.884
2019-01-05 16:00,2019-01-05 17:00,6.493,0
2019-01-05 17:00,2019-01-05 18:00,6.356,0
2019-01-05 18:00,2019-01-05 19:00,6.220,0
2019-01-05 19:00,2019-01-05 20:00,6.173,0
2019-01-05 20:00,2019-01-05 21:00,6.247,0
2019-01-05 21:00,2019-01-05 22:00,6.277,0
2019-01-05 22:00,2019-01-05 23:00,6.182,0
2019-01-05 23:00,2019-01-06 00:00,6.038,0
2019-01-06 00:00,2019-01-06 01:00,5.880,0
2019-01-06 01:00,2019-01-06 02:00,5.564,0
2019-01-06 02:00,2019-01-06 03:00,5.211,0
2019-01-06 03:00,2019-01-06 04:00,5.099,0
2019-01-06 04:00,2019-01-06 05:00,4.986,0
2019-01-06 05:00,2019-01-06 06:00,4.939,0
2019-01-06 06:00,2019-01-06 07:00,5.009,0
2019-01-06 07:00,2019-01-06 08:00,5.016,0.224
2019-01-06 08:00,2019-01-06 09:00,5.436,24.083
2019-01-06 09:00,2019-01-06 10:00,6.293,68.539
2019-01-06 10:00,2019-01-06 11:00,6.921,120.482
2019-01-06 11:00,2019-01-06 12:00,7.223,150.105
2019-01-06 12:00,2019-01-06 13:00,7.397,155.265
2019-01-06 13:00,2019-01-06 14:00,7.351,113.494
2019-01-06 14:00,2019-01-06 15:00,6.832,51.107
2019-01-06 15:00,2019-01-06 16:00,5.828,6.758
2019-01-06 16:00,2019-01-06 17:00,5.436,0
2019-01-06 17:00,2019-01-06 18:00,5.157,0
2019-01-06 18:00,2019-01-06 19:00,5.035,0
2019-01-06 19:00,2019-01-06 20:00,4.971,0
2019-01-06 20:00,2019-01-06 21:00,4.706,0
2019-01-06 21:00,2019-01-06 22:00,4.619,0
2019-01-06 22:00,2019-01-06 23:00,4.765,0
2019-01-06 23:00,2019-01-07 00:00,4.977,0
2019-01-07 00:00,2019-01-07 01:00,5.030,0
2019-01-07 01:00,2019-01-07 02:00,5.164,0
2019-01-07 02:00,2019-01-07 03:00,5.308,0
2019-01-07 03:00,2019-01-07 04:00,5.497,0
2019-01-07 04:00,2019-01-07 05:00,5.780,0
2019-01-07 05:00,2019-01-07 06:00,6.079,0
2019-01-07 06:00,2019-01-07 07:00,6.415,0
2019-01-07 07:00,2019-01-07 08:00,6.723,0.096
2019-01-07 08:00,2019-01-07 09:00,7.201,10.914
2019-01-07 09:00,2019-01-07 10:00,7.685,25.991
2019-01-07 10:00,2019-01-07 11:00,7.956,36.804
2019-01-07 11:00,2019-01-07 12:00,8.193,60.113
2019-01-07 12:00,2019-01-07 13:00,8.258,63.058
2019-01-07 13:00,2019-01-07 14:00,8.218,56.075
2019-01-07 14:00,2019-01-07 15:00,8.069,31.226
2019-01-07 15:00,2019-01-07 16:00,7.908,1.872
2019-01-07 16:00,2019-01-07 17:00,8.018,0
2019-01-07 17:00,2019-01-07 18:00,8.187,0
2019-01-07 18:00,2019-01-07 19:00,8.370,0
2019-01-07 19:00,2019-01-07 20:00,8.553,0
2019-01-07 20:00,2019-01-07 21:00,8.845,0
2019-01-07 21:00,2019-01-07 22:00,9.019,0
2019-01-07 22:00,2019-01-07 23:00,8.958,0
2019-01-07 23:00,2019-01-08 00:00,8.349,0
2019-01-08 00:00,2019-01-08 01:00,7.752,0
2019-01-08 01:00,2019-01-08 02:00,7.532,0
2019-01-08 02:00,2019-01-08 03:00,7.492,0
2019-01-08 03:00,2019-01-08 04:00,7.443,0
2019-01-08 04:00,2019-01-08 05:00,7.361,0
2019-01-08 05:00,2019-01-08 06:00,7.335,0
2019-01-08 06:00,2019-01-08 07:00,7.352,0
2019-01-08 07:00,2019-01-08 08:00,7.436,0.524
2019-01-08 08:00,2019-01-08 09:00,7.657,32.963
2019-01-08 09:00,2019-01-08 10:00,7.941,96.906
2019-01-08 10:00,2019-01-08 11:00,8.240,152.575
2019-01-08 11:00,2019-01-08 12:00,8.426,186.425
2019-01-08 12:00,2019-01-08 13:00,8.303,158.029
2019-01-08 13:00,2019-01-08 14:00,8.085,132.186
2019-01-08 14:00,2019-01-08 15:00,7.770,62.732
2019-01-08 15:00,2019-01-08 16:00,7.353,7.261
2019-01-08 16:00,2019-01-08 17:00,7.059,0
2019-01-08 17:00,2019-01-08 18:00,6.843,0
2019-01-08 18:00,2019-01-08 19:00,6.687,0
2019-01-08 19:00,2019-01-08 20:00,6.547,0
2019-01-08 20:00,2019-01-08 21:00,6.401,0
2019-01-08 21:00,2019-01-08 22:00,6.288,0
2019-01-08 22:00,2019-01-08 23:00,6.146,0
2019-01-08 23:00,2019-01-09 00:00,5.994,0
2019-01-09 00:00,2019-01-09 01:00,5.807,0
2019-01-09 01:00,2019-01-09 02:00,5.630,0
2019-01-09 02:00,2019-01-09 03:00,5.501,0
2019-01-09 03:00,2019-01-09 04:00,5.358,0
2019-01-09 04:00,2019-01-09 05:00,5.234,0
2019-01-09 05:00,2019-01-09 06:00,5.163,0
2019-01-09 06:00,2019-01-09 07:00,5.128,0
2019-01-09 07:00,2019-01-09 08:00,5.142,0.426
2019-01-09 08:00,2019-01-09 09:00,5.292,33.255
2019-01-09 09:00,2019-01-09 10:00,5.617,92.455
2019-01-09 10:00,2019-01-09 11:00,6.155,163.107
2019-01-09 11:00,2019-01-09 12:00,6.767,216.151
2019-01-09 12:00,2019-01-09 13:00,7.064,219.082
2019-01-09 13:00,2019-01-09 14:00,6.946,161.673
2019-01-09 14:00,2019-01-09 15:00,6.409,76.808
2019-01-09 15:00,2019-01-09 16:00,5.584,8.705
2019-01-09 16:00,2019-01-09 17:00,5.008,0
2019-01-09 17:00,2019-01-09 18:00,4.755,0
2019-01-09 18:00,2019-01-09 19:00,4.548,0
2019-01-09 19:00,2019-01-09 20:00,4.277,0
2019-01-09 20:00,2019-01-09 21:00,3.791,0
2019-01-09 21:00,2019-01-09 22:00,3.646,0
2019-01-09 22:00,2019-01-09 23:00,3.566,0
2019-01-09 23:00,2019-01-10 00:00,3.267,0
2019-01-10 00:00,2019-01-10 01:00,3.332,0
2019-01-10 01:00,2019-01-10 02:00,3.232,0
2019-01-10 02:00,2019-01-10 03:00,2.983,0
2019-01-10 03:00,2019-01-10 04:00,2.852,0
2019-01-10 04:00,2019-01-10 05:00,3.073,0
2019-01-10 05:00,2019-01-10 06:00,3.199,0
2019-01-10 06:00,2019-01-10 07:00,3.240,0
2019-01-10 07:00,2019-01-10 08:00,3.280,0.446
2019-01-10 08:00,2019-01-10 09:00,3.622,21.134
2019-01-10 09:00,2019-01-10 10:00,4.278,50.881
2019-01-10 10:00,2019-01-10 11:00,4.814,76.683
2019-01-10 11:00,2019-01-10 12:00,5.011,96.050
2019-01-10 12:00,2019-01-10 13:00,5.033,106.651
2019-01-10 13:00,2019-01-10 14:00,5.083,94.416
2019-01-10 14:00,2019-01-10 15:00,4.800,50.844
2019-01-10 15:00,2019-01-10 16:00,4.038,5.860
2019-01-10 16:00,2019-01-10 17:00,4.075,0
2019-01-10 17:00,2019-01-10 18:00,4.215,0
2019-01-10 18:00,2019-01-10 19:00,4.334,0
2019-01-10 19:00,2019-01-10 20:00,4.429,0
2019-01-10 20:00,2019-01-10 21:00,4.551,0
2019-01-10 21:00,2019-01-10 22:00,4.911,0
2019-01-10 22:00,2019-01-10 23:00,5.362,0
2019-01-10 23:00,2019-01-11 00:00,5.803,0
2019-01-11 00:00,2019-01-11 01:00,6.221,0
2019-01-11 01:00,2019-01-11 02:00,6.621,0
2019-01-11 02:00,2019-01-11 03:00,6.972,0
2019-01-11 03:00,2019-01-11 04:00,7.258,0
2019-01-11 04:00,2019-01-11 05:00,7.393,0
2019-01-11 05:00,2019-01-11 06:00,7.246,0
2019-01-11 06:00,2019-01-11 07:00,6.982,0
2019-01-11 07:00,2019-01-11 08:00,6.847,0.502
2019-01-11 08:00,2019-01-11 09:00,7.049,27.404
2019-01-11 09:00,2019-01-11 10:00,7.526,52.558
2019-01-11 10:00,2019-01-11 11:00,7.859,74.619
2019-01-11 11:00,2019-01-11 12:00,8.067,89.950
2019-01-11 12:00,2019-01-11 13:00,8.027,89.250
2019-01-11 13:00,2019-01-11 14:00,7.873,72.455
2019-01-11 14:00,2019-01-11 15:00,7.665,39.274
2019-01-11 15:00,2019-01-11 16:00,7.398,5.182
2019-01-11 16:00,2019-01-11 17:00,7.271,0
2019-01-11 17:00,2019-01-11 18:00,7.267,0
2019-01-11 18:00,2019-01-11 19:00,7.185,0
2019-01-11 19:00,2019-01-11 20:00,7.122,0
2019-01-11 20:00,2019-01-11 21:00,6.921,0
2019-01-11 21:00,2019-01-11 22:00,6.744,0
2019-01-11 22:00,2019-01-11 23:00,6.629,0
2019-01-11 23:00,2019-01-12 00:00,6.476,0
2019-01-12 00:00,2019-01-12 01:00,6.348,0
2019-01-12 01:00,2019-01-12 02:00,6.281,0
2019-01-12 02:00,2019-01-12 03:00,6.275,0
2019-01-12 03:00,2019-01-12 04:00,6.221,0
2019-01-12 04:00,2019-01-12 05:00,6.271,0
2019-01-12 05:00,2019-01-12 06:00,6.398,0
2019-01-12 06:00,2019-01-12 07:00,6.682,0
2019-01-12 07:00,2019-01-12 08:00,7.036,0.597
2019-01-12 08:00,2019-01-12 09:00,7.387,19.309
2019-01-12 09:00,2019-01-12 10:00,7.604,30.018
2019-01-12 10:00,2019-01-12 11:00,7.604,23.776
2019-01-12 11:00,2019-01-12 12:00,7.612,20.412
2019-01-12 12:00,2019-01-12 13:00,7.744,21.601
2019-01-12 13:00,2019-01-12 14:00,7.955,32.622
2019-01-12 14:00,2019-01-12 15:00,8.159,40.427
2019-01-12 15:00,2019-01-12 16:00,7.955,10.561
2019-01-12 16:00,2019-01-12 17:00,7.671,0
2019-01-12 17:00,2019-01-12 18:00,7.573,0
2019-01-12 18:00,2019-01-12 19:00,7.558,0
2019-01-12 19:00,2019-01-12 20:00,7.429,0
2019-01-12 20:00,2019-01-12 21:00,7.297,0
2019-01-12 21:00,2019-01-12 22:00,7.262,0
2019-01-12 22:00,2019-01-12 23:00,7.328,0
2019-01-12 23:00,2019-01-13 00:00,7.551,0
2019-01-13 00:00,2019-01-13 01:00,7.807,0
2019-01-13 01:00,2019-01-13 02:00,8.049,0
2019-01-13 02:00,2019-01-13 03:00,8.313,0
2019-01-13 03:00,2019-01-13 04:00,8.536,0
2019-01-13 04:00,2019-01-13 05:00,8.569,0
2019-01-13 05:00,2019-01-13 06:00,8.556,0
2019-01-13 06:00,2019-01-13 07:00,8.585,0
2019-01-13 07:00,2019-01-13 08:00,8.618,0.256
2019-01-13 08:00,2019-01-13 09:00,8.676,12.454
2019-01-13 09:00,2019-01-13 10:00,8.763,32.759
2019-01-13 10:00,2019-01-13 11:00,8.817,49.353
2019-01-13 11:00,2019-01-13 12:00,8.856,68.566
2019-01-13 12:00,2019-01-13 13:00,8.918,71.238
2019-01-13 13:00,2019-01-13 14:00,9.050,83.949
2019-01-13 14:00,2019-01-13 15:00,9.159,33.917
2019-01-13 15:00,2019-01-13 16:00,9.236,3.202
2019-01-13 16:00,2019-01-13 17:00,9.196,0
2019-01-13 17:00,2019-01-13 18:00,9.048,0
2019-01-13 18:00,2019-01-13 19:00,8.831,0
2019-01-13 19:00,2019-01-13 20:00,8.595,0
2019-01-13 20:00,2019-01-13 21:00,8.358,0
2019-01-13 21:00,2019-01-13 22:00,8.057,0
2019-01-13 22:00,2019-01-13 23:00,7.805,0
2019-01-13 23:00,2019-01-14 00:00,7.580,0
2019-01-14 00:00,2019-01-14 01:00,7.439,0
2019-01-14 01:00,2019-01-14 02:00,7.290,0
2019-01-14 02:00,2019-01-14 03:00,7.200,0
2019-01-14 03:00,2019-01-14 04:00,7.203,0
2019-01-14 04:00,2019-01-14 05:00,7.171,0
2019-01-14 05:00,2019-01-14 06:00,6.940,0
2019-01-14 06:00,2019-01-14 07:00,6.697,0
2019-01-14 07:00,2019-01-14 08:00,6.511,0.709
2019-01-14 08:00,2019-01-14 09:00,6.359,32.691
2019-01-14 09:00,2019-01-14 10:00,6.485,108.658
2019-01-14 10:00,2019-01-14 11:00,6.684,189.562
2019-01-14 11:00,2019-01-14 12:00,6.796,221.155
2019-01-14 12:00,2019-01-14 13:00,6.759,217.269
2019-01-14 13:00,2019-01-14 14:00,6.483,155.503
2019-01-14 14:00,2019-01-14 15:00,6.061,81.971
2019-01-14 15:00,2019-01-14 16:00,5.426,13.201
2019-01-14 16:00,2019-01-14 17:00,4.999,0
2019-01-14 17:00,2019-01-14 18:00,4.718,0
2019-01-14 18:00,2019-01-14 19:00,4.274,0
2019-01-14 19:00,2019-01-14 20:00,3.841,0
2019-01-14 20:00,2019-01-14 21:00,3.625,0
2019-01-14 21:00,2019-01-14 22:00,3.426,0
2019-01-14 22:00,2019-01-14 23:00,3.298,0
2019-01-14 23:00,2019-01-15 00:00,3.296,0
2019-01-15 00:00,2019-01-15 01:00,3.421,0
2019-01-15 01:00,2019-01-15 02:00,3.672,0
2019-01-15 02:00,2019-01-15 03:00,4.000,0
2019-01-15 03:00,2019-01-15 04:00,4.444,0
2019-01-15 04:00,2019-01-15 05:00,4.917,0
2019-01-15 05:00,2019-01-15 06:00,5.165,0
2019-01-15 06:00,2019-01-15 07:00,5.437,0
2019-01-15 07:00,2019-01-15 08:00,5.610,1.839
2019-01-15 08:00,2019-01-15 09:00,6.071,38.391
2019-01-15 09:00,2019-01-15 10:00,6.636,97.587
2019-01-15 10:00,2019-01-15 11:00,7.150,156.702
2019-01-15 11:00,2019-01-15 12:00,7.531,186.491
2019-01-15 12:00,2019-01-15 13:00,7.643,163.398
2019-01-15 13:00,2019-01-15 14:00,7.497,95.642
2019-01-15 14:00,2019-01-15 15:00,7.295,39.137
2019-01-15 15:00,2019-01-15 16:00,7.168,6.756
2019-01-15 16:00,2019-01-15 17:00,7.130,0
2019-01-15 17:00,2019-01-15 18:00,7.141,0
2019-01-15 18:00,2019-01-15 19:00,7.206,0
2019-01-15 19:00,2019-01-15 20:00,7.274,0
2019-01-15 20:00,2019-01-15 21:00,7.392,0
2019-01-15 21:00,2019-01-15 22:00,7.428,0
2019-01-15 22:00,2019-01-15 23:00,7.374,0
2019-01-15 23:00,2019-01-16 00:00,7.397,0
2019-01-16 00:00,2019-01-16 01:00,7.429,0
2019-01-16 01:00,2019-01-16 02:00,7.309,0
2019-01-16 02:00,2019-01-16 03:00,7.102,0
2019-01-16 03:00,2019-01-16 04:00,6.832,0
2019-01-16 04:00,2019-01-16 05:00,6.512,0
2019-01-16 05:00,2019-01-16 06:00,6.257,0
2019-01-16 06:00,2019-01-16 07:00,6.094,0
2019-01-16 07:00,2019-01-16 08:00,6.013,0.568
2019-01-16 08:00,2019-01-16 09:00,5.918,12.123
2019-01-16 09:00,2019-01-16 10:00,5.815,34.754
2019-01-16 10:00,2019-01-16 11:00,5.911,82.770
2019-01-16 11:00,2019-01-16 12:00,5.855,79.070
2019-01-16 12:00,2019-01-16 13:00,5.639,63.707
2019-01-16 13:00,2019-01-16 14:00,5.489,45.178
2019-01-16 14:00,2019-01-16 15:00,5.375,17.695
2019-01-16 15:00,2019-01-16 16:00,5.241,2.669
2019-01-16 16:00,2019-01-16 17:00,5.134,0
2019-01-16 17:00,2019-01-16 18:00,5.048,0
2019-01-16 18:00,2019-01-16 19:00,5.014,0
2019-01-16 19:00,2019-01-16 20:00,5.118,0
2019-01-16 20:00,2019-01-16 21:00,5.451,0
2019-01-16 21:00,2019-01-16 22:00,5.867,0
2019-01-16 22:00,2019-01-16 23:00,6.053,0
2019-01-16 23:00,2019-01-17 00:00,5.920,0
2019-01-17 00:00,2019-01-17 01:00,5.475,0
2019-01-17 01:00,2019-01-17 02:00,5.128,0
2019-01-17 02:00,2019-01-17 03:00,4.713,0
2019-01-17 03:00,2019-01-17 04:00,4.477,0
2019-01-17 04:00,2019-01-17 05:00,4.488,0
2019-01-17 05:00,2019-01-17 06:00,4.575,0
2019-01-17 06:00,2019-01-17 07:00,4.599,0
2019-01-17 07:00,2019-01-17 08:00,4.563,0.613
2019-01-17 08:00,2019-01-17 09:00,4.851,14.122
2019-01-17 09:00,2019-01-17 10:00,5.044,61.605
2019-01-17 10:00,2019-01-17 11:00,5.109,135.751
2019-01-17 11:00,2019-01-17 12:00,5.159,153.617
2019-01-17 12:00,2019-01-17 13:00,5.254,138.496
2019-01-17 13:00,2019-01-17 14:00,5.234,102.875
2019-01-17 14:00,2019-01-17 15:00,4.916,52.807
2019-01-17 15:00,2019-01-17 16:00,4.450,12.021
2019-01-17 16:00,2019-01-17 17:00,4.357,0
2019-01-17 17:00,2019-01-17 18:00,4.401,0
2019-01-17 18:00,2019-01-17 19:00,4.387,0
2019-01-17 19:00,2019-01-17 20:00,4.201,0
2019-01-17 20:00,2019-01-17 21:00,3.993,0
2019-01-17 21:00,2019-01-17 22:00,3.724,0
2019-01-17 22:00,2019-01-17 23:00,3.280,0
2019-01-17 23:00,2019-01-18 00:00,2.691,0
2019-01-18 00:00,2019-01-18 01:00,2.174,0
2019-01-18 01:00,2019-01-18 02:00,1.871,0
2019-01-18 02:00,2019-01-18 03:00,2.102,0
2019-01-18 03:00,2019-01-18 04:00,2.697,0
2019-01-18 04:00,2019-01-18 05:00,3.283,0
2019-01-18 05:00,2019-01-18 06:00,2.932,0
2019-01-18 06:00,2019-01-18 07:00,2.121,0
2019-01-18 07:00,2019-01-18 08:00,1.488,3.299
2019-01-18 08:00,2019-01-18 09:00,2.072,51.729
2019-01-18 09:00,2019-01-18 10:00,3.049,111.216
2019-01-18 10:00,2019-01-18 11:00,3.464,158.807
2019-01-18 11:00,2019-01-18 12:00,3.805,176.848
2019-01-18 12:00,2019-01-18 13:00,4.083,164.127
2019-01-18 13:00,2019-01-18 14:00,4.079,133.402
2019-01-18 14:00,2019-01-18 15:00,3.556,76.715
2019-01-18 15:00,2019-01-18 16:00,2.346,15.070
2019-01-18 16:00,2019-01-18 17:00,1.745,0
2019-01-18 17:00,2019-01-18 18:00,1.569,0
2019-01-18 18:00,2019-01-18 19:00,1.323,0
2019-01-18 19:00,2019-01-18 20:00,1.088,0
2019-01-18 20:00,2019-01-18 21:00,0.875,0
2019-01-18 21:00,2019-01-18 22:00,0.631,0
2019-01-18 22:00,2019-01-18 23:00,0.324,0
2019-01-18 23:00,2019-01-19 00:00,-0.008,0
2019-01-19 00:00,2019-01-19 01:00,-0.345,0
2019-01-19 01:00,2019-01-19 02:00,-0.663,0
2019-01-19 02:00,2019-01-19 03:00,-0.903,0
2019-01-19 03:00,2019-01-19 04:00,-1.051,0
2019-01-19 04:00,2019-01-19 05:00,-1.151,0
2019-01-19 05:00,2019-01-19 06:00,-1.239,0
2019-01-19 06:00,2019-01-19 07:00,-1.309,0
2019-01-19 07:00,2019-01-19 08:00,-1.326,3.998
2019-01-19 08:00,2019-01-19 09:00,-0.680,67.534
2019-01-19 09:00,2019-01-19 10:00,0.167,168.388
2019-01-19 10:00,2019-01-19 11:00,1.348,246.257
2019-01-19 11:00,2019-01-19 12:00,2.398,281.025
2019-01-19 12:00,2019-01-19 13:00,2.999,267.440
2019-01-19 13:00,2019-01-19 14:00,3.132,210.396
2019-01-19 14:00,2019-01-19 15:00,2.514,119.421
2019-01-19 15:00,2019-01-19 16:00,0.969,24.172
2019-01-19 16:00,2019-01-19 17:00,0.289,0
2019-01-19 17:00,2019-01-19 18:00,0.154,0
2019-01-19 18:00,2019-01-19 19:00,-0.247,0
2019-01-19 19:00,2019-01-19 20:00,-0.678,0
2019-01-19 20:00,2019-01-19 21:00,-1.053,0
2019-01-19 21:00,2019-01-19 22:00,-1.322,0
2019-01-19 22:00,2019-01-19 23:00,-1.525,0
2019-01-19 23:00,2019-01-20 00:00,-1.676,0
2019-01-20 00:00,2019-01-20 01:00,-1.812,0
2019-01-20 01:00,2019-01-20 02:00,-1.901,0
2019-01-20 02:00,2019-01-20 03:00,-1.996,0
2019-01-20 03:00,2019-01-20 04:00,-2.060,0
2019-01-20 04:00,2019-01-20 05:00,-2.126,0
2019-01-20 05:00,2019-01-20 06:00,-2.170,0
2019-01-20 06:00,2019-01-20 07:00,-2.192,0
2019-01-20 07:00,2019-01-20 08:00,-2.145,5.584
2019-01-20 08:00,2019-01-20 09:00,-1.177,86.682
2019-01-20 09:00,2019-01-20 10:00,-0.116,190.869
2019-01-20 10:00,2019-01-20 11:00,1.073,266.261
2019-01-20 11:00,2019-01-20 12:00,2.237,299.175
2019-01-20 12:00,2019-01-20 13:00,2.707,285.352
2019-01-20 13:00,2019-01-20 14:00,2.840,226.923
2019-01-20 14:00,2019-01-20 15:00,2.135,132.424
2019-01-20 15:00,2019-01-20 16:00,0.680,28.870
2019-01-20 16:00,2019-01-20 17:00,0.053,0
2019-01-20 17:00,2019-01-20 18:00,-0.035,0
2019-01-20 18:00,2019-01-20 19:00,-0.096,0
2019-01-20 19:00,2019-01-20 20:00,-0.136,0
2019-01-20 20:00,2019-01-20 21:00,-0.159,0
2019-01-20 21:00,2019-01-20 22:00,-0.161,0
2019-01-20 22:00,2019-01-20 23:00,-0.092,0
2019-01-20 23:00,2019-01-21 00:00,0.121,0
2019-01-21 00:00,2019-01-21 01:00,0.432,0
2019-01-21 01:00,2019-01-21 02:00,0.645,0
2019-01-21 02:00,2019-01-21 03:00,0.649,0
2019-01-21 03:00,2019-01-21 04:00,0.716,0
2019-01-21 04:00,2019-01-21 05:00,0.832,0
2019-01-21 05:00,2019-01-21 06:00,1.025,0
2019-01-21 06:00,2019-01-21 07:00,1.261,0
2019-01-21 07:00,2019-01-21 08:00,1.390,6.181
2019-01-21 08:00,2019-01-21 09:00,1.932,87.124
2019-01-21 09:00,2019-01-21 10:00,3.045,188.007
2019-01-21 10:00,2019-01-21 11:00,3.896,257.969
2019-01-21 11:00,2019-01-21 12:00,4.637,286.727
2019-01-21 12:00,2019-01-21 13:00,4.949,271.202
2019-01-21 13:00,2019-01-21 14:00,4.740,201.945
2019-01-21 14:00,2019-01-21 15:00,3.724,113.320
2019-01-21 15:00,2019-01-21 16:00,2.408,22.769
2019-01-21 16:00,2019-01-21 17:00,1.868,0
2019-01-21 17:00,2019-01-21 18:00,1.795,0
2019-01-21 18:00,2019-01-21 19:00,1.676,0
2019-01-21 19:00,2019-01-21 20:00,1.489,0
2019-01-21 20:00,2019-01-21 21:00,1.217,0
2019-01-21 21:00,2019-01-21 22:00,0.853,0
2019-01-21 22:00,2019-01-21 23:00,0.432,0
2019-01-21 23:00,2019-01-22 00:00,0.006,0
2019-01-22 00:00,2019-01-22 01:00,-0.402,0
2019-01-22 01:00,2019-01-22 02:00,-0.738,0
2019-01-22 02:00,2019-01-22 03:00,-0.959,0
2019-01-22 03:00,2019-01-22 04:00,-1.114,0
2019-01-22 04:00,2019-01-22 05:00,-1.228,0
2019-01-22 05:00,2019-01-22 06:00,-1.307,0
2019-01-22 06:00,2019-01-22 07:00,-1.418,0
2019-01-22 07:00,2019-01-22 08:00,-1.484,1.826
2019-01-22 08:00,2019-01-22 09:00,-1.283,19.349
2019-01-22 09:00,2019-01-22 10:00,-0.861,28.155
2019-01-22 10:00,2019-01-22 11:00,-0.325,37.022
2019-01-22 11:00,2019-01-22 12:00,0.088,42.365
2019-01-22 12:00,2019-01-22 13:00,0.425,44.958
2019-01-22 13:00,2019-01-22 14:00,0.647,39.482
2019-01-22 14:00,2019-01-22 15:00,0.758,23.325
2019-01-22 15:00,2019-01-22 16:00,0.746,5.884
2019-01-22 16:00,2019-01-22 17:00,0.707,0
2019-01-22 17:00,2019-01-22 18:00,0.592,0
2019-01-22 18:00,2019-01-22 19:00,0.472,0
2019-01-22 19:00,2019-01-22 20:00,0.446,0
2019-01-22 20:00,2019-01-22 21:00,0.300,0
2019-01-22 21:00,2019-01-22 22:00,0.169,0
2019-01-22 22:00,2019-01-22 23:00,-0.177,0
2019-01-22 23:00,2019-01-23 00:00,-0.783,0
2019-01-23 00:00,2019-01-23 01:00,-1.439,0
2019-01-23 01:00,2019-01-23 02:00,-2.024,0
2019-01-23 02:00,2019-01-23 03:00,-2.226,0
2019-01-23 03:00,2019-01-23 04:00,-2.234,0
2019-01-23 04:00,2019-01-23 05:00,-2.203,0
2019-01-23 05:00,2019-01-23 06:00,-2.141,0
2019-01-23 06:00,2019-01-23 07:00,-2.272,0
2019-01-23 07:00,2019-01-23 08:00,-2.075,4.840
2019-01-23 08:00,2019-01-23 09:00,-1.262,58.965
2019-01-23 09:00,2019-01-23 10:00,-0.475,141.151
2019-01-23 10:00,2019-01-23 11:00,0.476,213.779
2019-01-23 11:00,2019-01-23 12:00,1.129,235.116
2019-01-23 12:00,2019-01-23 13:00,1.363,207.017
2019-01-23 13:00,2019-01-23 14:00,1.388,158.214
2019-01-23 14:00,2019-01-23 15:00,1.157,91.407
2019-01-23 15:00,2019-01-23 16:00,0.320,21.401
2019-01-23 16:00,2019-01-23 17:00,-0.248,0
2019-01-23 17:00,2019-01-23 18:00,-0.468,0
2019-01-23 18:00,2019-01-23 19:00,-0.770,0
2019-01-23 19:00,2019-01-23 20:00,-1.108,0
2019-01-23 20:00,2019-01-23 21:00,-1.420,0
2019-01-23 21:00,2019-01-23 22:00,-1.602,0
2019-01-23 22:00,2019-01-23 23:00,-1.656,0
2019-01-23 23:00,2019-01-24 00:00,-1.647,0
2019-01-24 00:00,2019-01-24 01:00,-1.595,0
2019-01-24 01:00,2019-01-24 02:00,-1.527,0
2019-01-24 02:00,2019-01-24 03:00,-1.476,0
2019-01-24 03:00,2019-01-24 04:00,-1.469,0
2019-01-24 04:00,2019-01-24 05:00,-1.429,0
2019-01-24 05:00,2019-01-24 06:00,-1.353,0
2019-01-24 06:00,2019-01-24 07:00,-1.373,0
2019-01-24 07:00,2019-01-24 08:00,-1.422,5.685
2019-01-24 08:00,2019-01-24 09:00,-1.036,64.891
2019-01-24 09:00,2019-01-24 10:00,-0.538,142.068
2019-01-24 10:00,2019-01-24 11:00,0.099,191.953
2019-01-24 11:00,2019-01-24 12:00,0.827,202.289
2019-01-24 12:00,2019-01-24 13:00,1.234,178.442
2019-01-24 13:00,2019-01-24 14:00,1.518,129.459
2019-01-24 14:00,2019-01-24 15:00,1.620,74.474
2019-01-24 15:00,2019-01-24 16:00,1.495,19.380
2019-01-24 16:00,2019-01-24 17:00,1.303,0
2019-01-24 17:00,2019-01-24 18:00,1.006,0
2019-01-24 18:00,2019-01-24 19:00,0.475,0
2019-01-24 19:00,2019-01-24 20:00,-0.221,0
2019-01-24 20:00,2019-01-24 21:00,-0.847,0
2019-01-24 21:00,2019-01-24 22:00,-1.362,0
2019-01-24 22:00,2019-01-24 23:00,-1.552,0
2019-01-24 23:00,2019-01-25 00:00,-1.651,0
2019-01-25 00:00,2019-01-25 01:00,-1.727,0
2019-01-25 01:00,2019-01-25 02:00,-1.817,0
2019-01-25 02:00,2019-01-25 03:00,-1.831,0
2019-01-25 03:00,2019-01-25 04:00,-1.777,0
2019-01-25 04:00,2019-01-25 05:00,-1.712,0
2019-01-25 05:00,2019-01-25 06:00,-1.506,0
2019-01-25 06:00,2019-01-25 07:00,-1.285,0
2019-01-25 07:00,2019-01-25 08:00,-0.962,4.471
2019-01-25 08:00,2019-01-25 09:00,0.002,39.524
2019-01-25 09:00,2019-01-25 10:00,1.012,79.452
2019-01-25 10:00,2019-01-25 11:00,1.851,114.991
2019-01-25 11:00,2019-01-25 12:00,2.549,126.634
2019-01-25 12:00,2019-01-25 13:00,2.775,104.749
2019-01-25 13:00,2019-01-25 14:00,2.651,53.281
2019-01-25 14:00,2019-01-25 15:00,2.619,15.763
2019-01-25 15:00,2019-01-25 16:00,3.316,2.563
2019-01-25 16:00,2019-01-25 17:00,4.187,0
2019-01-25 17:00,2019-01-25 18:00,4.966,0
2019-01-25 18:00,2019-01-25 19:00,5.855,0
2019-01-25 19:00,2019-01-25 20:00,6.412,0
2019-01-25 20:00,2019-01-25 21:00,6.699,0
2019-01-25 21:00,2019-01-25 22:00,6.621,0
2019-01-25 22:00,2019-01-25 23:00,6.408,0
2019-01-25 23:00,2019-01-26 00:00,6.319,0
2019-01-26 00:00,2019-01-26 01:00,6.255,0
2019-01-26 01:00,2019-01-26 02:00,6.307,0
2019-01-26 02:00,2019-01-26 03:00,6.432,0
2019-01-26 03:00,2019-01-26 04:00,6.302,0
2019-01-26 04:00,2019-01-26 05:00,6.156,0
2019-01-26 05:00,2019-01-26 06:00,6.049,0
2019-01-26 06:00,2019-01-26 07:00,5.991,0
2019-01-26 07:00,2019-01-26 08:00,6.053,4.721
2019-01-26 08:00,2019-01-26 09:00,6.343,47.797
2019-01-26 09:00,2019-01-26 10:00,6.729,106.081
2019-01-26 10:00,2019-01-26 11:00,6.950,129.554
2019-01-26 11:00,2019-01-26 12:00,6.875,140.584
2019-01-26 12:00,2019-01-26 13:00,6.838,155.011
2019-01-26 13:00,2019-01-26 14:00,6.663,144.660
2019-01-26 14:00,2019-01-26 15:00,6.402,69.613
2019-01-26 15:00,2019-01-26 16:00,6.057,16.556
2019-01-26 16:00,2019-01-26 17:00,6.083,0.001
2019-01-26 17:00,2019-01-26 18:00,6.285,0
2019-01-26 18:00,2019-01-26 19:00,6.310,0
2019-01-26 19:00,2019-01-26 20:00,6.167,0
2019-01-26 20:00,2019-01-26 21:00,5.939,0
2019-01-26 21:00,2019-01-26 22:00,5.882,0
2019-01-26 22:00,2019-01-26 23:00,5.800,0
2019-01-26 23:00,2019-01-27 00:00,5.845,0
2019-01-27 00:00,2019-01-27 01:00,6.057,0
2019-01-27 01:00,2019-01-27 02:00,6.323,0
2019-01-27 02:00,2019-01-27 03:00,6.535,0
2019-01-27 03:00,2019-01-27 04:00,6.557,0
2019-01-27 04:00,2019-01-27 05:00,6.341,0
2019-01-27 05:00,2019-01-27 06:00,6.152,0
2019-01-27 06:00,2019-01-27 07:00,6.155,0
2019-01-27 07:00,2019-01-27 08:00,6.063,1.236
2019-01-27 08:00,2019-01-27 09:00,6.040,14.358
2019-01-27 09:00,2019-01-27 10:00,6.122,49.203
2019-01-27 10:00,2019-01-27 11:00,6.109,61.193
2019-01-27 11:00,2019-01-27 12:00,5.964,112.066
2019-01-27 12:00,2019-01-27 13:00,5.747,114.357
2019-01-27 13:00,2019-01-27 14:00,5.343,73.189
2019-01-27 14:00,2019-01-27 15:00,5.106,40.830
2019-01-27 15:00,2019-01-27 16:00,5.020,17.772
2019-01-27 16:00,2019-01-27 17:00,4.911,0.008
2019-01-27 17:00,2019-01-27 18:00,4.750,0
2019-01-27 18:00,2019-01-27 19:00,4.714,0
2019-01-27 19:00,2019-01-27 20:00,4.573,0
2019-01-27 20:00,2019-01-27 21:00,4.531,0
2019-01-27 21:00,2019-01-27 22:00,4.548,0
2019-01-27 22:00,2019-01-27 23:00,4.708,0
2019-01-27 23:00,2019-01-28 00:00,4.972,0
2019-01-28 00:00,2019-01-28 01:00,5.132,0
2019-01-28 01:00,2019-01-28 02:00,4.958,0
2019-01-28 02:00,2019-01-28 03:00,4.717,0
2019-01-28 03:00,2019-01-28 04:00,4.661,0
2019-01-28 04:00,2019-01-28 05:00,4.653,0
2019-01-28 05:00,2019-01-28 06:00,4.572,0
2019-01-28 06:00,2019-01-28 07:00,4.454,0
2019-01-28 07:00,2019-01-28 08:00,4.345,4.593
2019-01-28 08:00,2019-01-28 09:00,4.424,41.664
2019-01-28 09:00,2019-01-28 10:00,4.748,81.870
2019-01-28 10:00,2019-01-28 11:00,5.039,98.885
2019-01-28 11:00,2019-01-28 12:00,5.274,104.396
2019-01-28 12:00,2019-01-28 13:00,5.418,107.075
2019-01-28 13:00,2019-01-28 14:00,5.352,101.628
2019-01-28 14:00,2019-01-28 15:00,5.128,71.336
2019-01-28 15:00,2019-01-28 16:00,4.827,25.528
2019-01-28 16:00,2019-01-28 17:00,4.520,0.024
2019-01-28 17:00,2019-01-28 18:00,4.388,0
2019-01-28 18:00,2019-01-28 19:00,4.141,0
2019-01-28 19:00,2019-01-28 20:00,4.044,0
2019-01-28 20:00,2019-01-28 21:00,4.014,0
2019-01-28 21:00,2019-01-28 22:00,3.799,0
2019-01-28 22:00,2019-01-28 23:00,3.509,0
2019-01-28 23:00,2019-01-29 00:00,3.335,0
2019-01-29 00:00,2019-01-29 01:00,2.817,0
2019-01-29 01:00,2019-01-29 02:00,2.409,0
2019-01-29 02:00,2019-01-29 03:00,2.024,0
2019-01-29 03:00,2019-01-29 04:00,1.700,0
2019-01-29 04:00,2019-01-29 05:00,1.533,0
2019-01-29 05:00,2019-01-29 06:00,1.618,0
2019-01-29 06:00,2019-01-29 07:00,1.743,0
2019-01-29 07:00,2019-01-29 08:00,1.670,11.088
2019-01-29 08:00,2019-01-29 09:00,2.096,75.490
2019-01-29 09:00,2019-01-29 10:00,2.419,168.296
2019-01-29 10:00,2019-01-29 11:00,3.166,251.609
2019-01-29 11:00,2019-01-29 12:00,3.836,284.031
2019-01-29 12:00,2019-01-29 13:00,4.174,265.227
2019-01-29 13:00,2019-01-29 14:00,4.207,188.308
2019-01-29 14:00,2019-01-29 15:00,3.868,97.260
2019-01-29 15:00,2019-01-29 16:00,3.032,22.589
2019-01-29 16:00,2019-01-29 17:00,2.459,0.037
2019-01-29 17:00,2019-01-29 18:00,2.300,0
2019-01-29 18:00,2019-01-29 19:00,1.961,0
2019-01-29 19:00,2019-01-29 20:00,1.539,0
2019-01-29 20:00,2019-01-29 21:00,1.155,0
2019-01-29 21:00,2019-01-29 22:00,0.859,0
2019-01-29 22:00,2019-01-29 23:00,0.631,0
2019-01-29 23:00,2019-01-30 00:00,0.340,0
2019-01-30 00:00,2019-01-30 01:00,0.140,0
2019-01-30 01:00,2019-01-30 02:00,0.060,0
2019-01-30 02:00,2019-01-30 03:00,0.058,0
2019-01-30 03:00,2019-01-30 04:00,0.045,0
2019-01-30 04:00,2019-01-30 05:00,0.015,0
2019-01-30 05:00,2019-01-30 06:00,0.022,0
2019-01-30 06:00,2019-01-30 07:00,0.023,0
2019-01-30 07:00,2019-01-30 08:00,0.076,3.737
2019-01-30 08:00,2019-01-30 09:00,0.399,26.537
2019-01-30 09:00,2019-01-30 10:00,0.632,55.929
2019-01-30 10:00,2019-01-30 11:00,0.986,78.073
2019-01-30 11:00,2019-01-30 12:00,1.390,90.943
2019-01-30 12:00,2019-01-30 13:00,1.588,84.959
2019-01-30 13:00,2019-01-30 14:00,1.502,61.631
2019-01-30 14:00,2019-01-30 15:00,1.228,33.014
2019-01-30 15:00,2019-01-30 16:00,0.878,9.069
2019-01-30 16:00,2019-01-30 17:00,0.875,0.035
2019-01-30 17:00,2019-01-30 18:00,1.217,0
2019-01-30 18:00,2019-01-30 19:00,1.535,0
2019-01-30 19:00,2019-01-30 20:00,1.760,0
2019-01-30 20:00,2019-01-30 21:00,1.835,0
2019-01-30 21:00,2019-01-30 22:00,1.709,0
2019-01-30 22:00,2019-01-30 23:00,1.496,0
2019-01-30 23:00,2019-01-31 00:00,1.236,0
2019-01-31 00:00,2019-01-31 01:00,0.899,0
2019-01-31 01:00,2019-01-31 02:00,0.693,0
2019-01-31 02:00,2019-01-31 03:00,0.592,0
2019-01-31 03:00,2019-01-31 04:00,0.507,0
2019-01-31 04:00,2019-01-31 05:00,0.383,0
2019-01-31 05:00,2019-01-31 06:00,0.267,0
2019-01-31 06:00,2019-01-31 07:00,0.264,0
2019-01-31 07:00,2019-01-31 08:00,0.335,13.553
2019-01-31 08:00,2019-01-31 09:00,1.042,87.728
2019-01-31 09:00,2019-01-31 10:00,1.373,174.617
2019-01-31 10:00,2019-01-31 11:00,1.488,232.682
2019-01-31 11:00,2019-01-31 12:00,1.678,271.328
2019-01-31 12:00,2019-01-31 13:00,1.829,272.205
2019-01-31 13:00,2019-01-31 14:00,1.887,235.248
2019-01-31 14:00,2019-01-31 15:00,1.664,159.970
2019-01-31 15:00,2019-01-31 16:00,0.294,56.106
2019-01-31 16:00,2019-01-31 17:00,-1.082,0.377
2019-01-31 17:00,2019-01-31 18:00,-1.195,0
2019-01-31 18:00,2019-01-31 19:00,-1.198,0
2019-01-31 19:00,2019-01-31 20:00,-1.296,0
2019-01-31 20:00,2019-01-31 21:00,-1.326,0
2019-01-31 21:00,2019-01-31 22:00,-0.883,0
2019-01-31 22:00,2019-01-31 23:00,-0.427,0
2019-01-31 23:00,2019-02-01 00:00,-0.201,0
2019-02-01 00:00,2019-02-01 01:00,-0.077,0
2019-02-01 01:00,2019-02-01 02:00,-0.038,0
2019-02-01 02:00,2019-02-01 03:00,0.011,0
2019-02-01 03:00,2019-02-01 04:00,0.038,0
2019-02-01 04:00,2019-02-01 05:00,0.061,0
2019-02-01 05:00,2019-02-01 06:00,0.017,0
2019-02-01 06:00,2019-02-01 07:00,-0.224,0
2019-02-01 07:00,2019-02-01 08:00,-0.217,9.779
2019-02-01 08:00,2019-02-01 09:00,0.561,64.350
2019-02-01 09:00,2019-02-01 10:00,1.306,128.175
2019-02-01 10:00,2019-02-01 11:00,2.020,161.051
2019-02-01 11:00,2019-02-01 12:00,2.552,161.962
2019-02-01 12:00,2019-02-01 13:00,2.877,133.583
2019-02-01 13:00,2019-02-01 14:00,3.028,96.755
2019-02-01 14:00,2019-02-01 15:00,2.903,48.455
2019-02-01 15:00,2019-02-01 16:00,2.554,14.412
2019-02-01 16:00,2019-02-01 17:00,2.557,0.124
2019-02-01 17:00,2019-02-01 18:00,2.471,0
2019-02-01 18:00,2019-02-01 19:00,2.380,0
2019-02-01 19:00,2019-02-01 20:00,2.450,0
2019-02-01 20:00,2019-02-01 21:00,2.433,0
2019-02-01 21:00,2019-02-01 22:00,2.176,0
2019-02-01 22:00,2019-02-01 23:00,1.850,0
2019-02-01 23:00,2019-02-02 00:00,1.760,0
2019-02-02 00:00,2019-02-02 01:00,1.859,0
2019-02-02 01:00,2019-02-02 02:00,1.768,0
2019-02-02 02:00,2019-02-02 03:00,1.780,0
2019-02-02 03:00,2019-02-02 04:00,1.823,0
2019-02-02 04:00,2019-02-02 05:00,1.875,0
2019-02-02 05:00,2019-02-02 06:00,1.915,0
2019-02-02 06:00,2019-02-02 07:00,1.938,0
2019-02-02 07:00,2019-02-02 08:00,1.997,5.171
2019-02-02 08:00,2019-02-02 09:00,2.341,32.725
2019-02-02 09:00,2019-02-02 10:00,2.576,68.041
2019-02-02 10:00,2019-02-02 11:00,2.694,90.028
2019-02-02 11:00,2019-02-02 12:00,2.766,100.481
2019-02-02 12:00,2019-02-02 13:00,2.794,95.926
2019-02-02 13:00,2019-02-02 14:00,2.758,79.085
2019-02-02 14:00,2019-02-02 15:00,2.609,51.034
2019-02-02 15:00,2019-02-02 16:00,2.220,18.874
2019-02-02 16:00,2019-02-02 17:00,1.692,0.255
2019-02-02 17:00,2019-02-02 18:00,1.510,0
2019-02-02 18:00,2019-02-02 19:00,1.534,0
2019-02-02 19:00,2019-02-02 20:00,1.610,0
2019-02-02 20:00,2019-02-02 21:00,1.705,0
2019-02-02 21:00,2019-02-02 22:00,1.730,0
2019-02-02 22:00,2019-02-02 23:00,1.748,0
2019-02-02 23:00,2019-02-03 00:00,1.889,0
2019-02-03 00:00,2019-02-03 01:00,2.207,0
2019-02-03 01:00,2019-02-03 02:00,2.478,0
2019-02-03 02:00,2019-02-03 03:00,2.560,0
2019-02-03 03:00,2019-02-03 04:00,2.504,0
2019-02-03 04:00,2019-02-03 05:00,2.352,0
2019-02-03 05:00,2019-02-03 06:00,2.043,0
2019-02-03 06:00,2019-02-03 07:00,1.645,0
2019-02-03 07:00,2019-02-03 08:00,1.716,21.480
2019-02-03 08:00,2019-02-03 09:00,3.313,119.125
2019-02-03 09:00,2019-02-03 10:00,4.562,219.346
2019-02-03 10:00,2019-02-03 11:00,5.087,296.319
2019-02-03 11:00,2019-02-03 12:00,5.358,326.548
2019-02-03 12:00,2019-02-03 13:00,5.452,309.787
2019-02-03 13:00,2019-02-03 14:00,5.374,258.192
2019-02-03 14:00,2019-02-03 15:00,4.927,171.303
2019-02-03 15:00,2019-02-03 16:00,3.426,64.831
2019-02-03 16:00,2019-02-03 17:00,2.283,1.229
2019-02-03 17:00,2019-02-03 18:00,1.909,0
2019-02-03 18:00,2019-02-03 19:00,1.581,0
2019-02-03 19:00,2019-02-03 20:00,1.491,0
2019-02-03 20:00,2019-02-03 21:00,1.728,0
2019-02-03 21:00,2019-02-03 22:00,1.739,0
2019-02-03 22:00,2019-02-03 23:00,1.406,0
2019-02-03 23:00,2019-02-04 00:00,1.121,0
2019-02-04 00:00,2019-02-04 01:00,0.895,0
2019-02-04 01:00,2019-02-04 02:00,0.540,0
2019-02-04 02:00,2019-02-04 03:00,0.136,0
2019-02-04 03:00,2019-02-04 04:00,-0.067,0
2019-02-04 04:00,2019-02-04 05:00,-0.156,0
2019-02-04 05:00,2019-02-04 06:00,-0.088,0
2019-02-04 06:00,2019-02-04 07:00,0.049,0
2019-02-04 07:00,2019-02-04 08:00,0.302,9.383
2019-02-04 08:00,2019-02-04 09:00,0.948,34.017
2019-02-04 09:00,2019-02-04 10:00,1.588,49.818
2019-02-04 10:00,2019-02-04 11:00,2.136,62.974
2019-02-04 11:00,2019-02-04 12:00,2.489,64.950
2019-02-04 12:00,2019-02-04 13:00,2.674,56.398
2019-02-04 13:00,2019-02-04 14:00,2.678,44.090
2019-02-04 14:00,2019-02-04 15:00,2.621,34.856
2019-02-04 15:00,2019-02-04 16:00,2.516,17.973
2019-02-04 16:00,2019-02-04 17:00,2.470,0.362
2019-02-04 17:00,2019-02-04 18:00,2.510,0
2019-02-04 18:00,2019-02-04 19:00,2.653,0
2019-02-04 19:00,2019-02-04 20:00,2.816,0
2019-02-04 20:00,2019-02-04 21:00,2.928,0
2019-02-04 21:00,2019-02-04 22:00,3.066,0
2019-02-04 22:00,2019-02-04 23:00,3.449,0
2019-02-04 23:00,2019-02-05 00:00,3.700,0
2019-02-05 00:00,2019-02-05 01:00,3.777,0
2019-02-05 01:00,2019-02-05 02:00,3.686,0
2019-02-05 02:00,2019-02-05 03:00,3.629,0
2019-02-05 03:00,2019-02-05 04:00,3.613,0
2019-02-05 04:00,2019-02-05 05:00,3.629,0
2019-02-05 05:00,2019-02-05 06:00,3.620,0
2019-02-05 06:00,2019-02-05 07:00,3.532,0
2019-02-05 07:00,2019-02-05 08:00,3.514,7.949
2019-02-05 08:00,2019-02-05 09:00,3.814,36.835
2019-02-05 09:00,2019-02-05 10:00,4.184,65.422
2019-02-05 10:00,2019-02-05 11:00,4.539,89.578
2019-02-05 11:00,2019-02-05 12:00,4.867,101.410
2019-02-05 12:00,2019-02-05 13:00,5.137,113.465
2019-02-05 13:00,2019-02-05 14:00,5.360,119.810
2019-02-05 14:00,2019-02-05 15:00,5.434,92.914
2019-02-05 15:00,2019-02-05 16:00,4.907,50.456
2019-02-05 16:00,2019-02-05 17:00,3.407,2.040
2019-02-05 17:00,2019-02-05 18:00,3.220,0
2019-02-05 18:00,2019-02-05 19:00,3.237,0
2019-02-05 19:00,2019-02-05 20:00,3.001,0
2019-02-05 20:00,2019-02-05 21:00,2.689,0
2019-02-05 21:00,2019-02-05 22:00,2.383,0
2019-02-05 22:00,2019-02-05 23:00,2.011,0
2019-02-05 23:00,2019-02-06 00:00,1.826,0
2019-02-06 00:00,2019-02-06 01:00,1.687,0
2019-02-06 01:00,2019-02-06 02:00,1.650,0
2019-02-06 02:00,2019-02-06 03:00,1.721,0
2019-02-06 03:00,2019-02-06 04:00,1.927,0
2019-02-06 04:00,2019-02-06 05:00,2.297,0
2019-02-06 05:00,2019-02-06 06:00,2.829,0
2019-02-06 06:00,2019-02-06 07:00,3.157,0
2019-02-06 07:00,2019-02-06 08:00,3.707,5.888
2019-02-06 08:00,2019-02-06 09:00,4.074,21.389
2019-02-06 09:00,2019-02-06 10:00,4.336,36.760
2019-02-06 10:00,2019-02-06 11:00,4.555,54.195
2019-02-06 11:00,2019-02-06 12:00,4.810,67.357
2019-02-06 12:00,2019-02-06 13:00,5.082,59.304
2019-02-06 13:00,2019-02-06 14:00,5.275,45.547
2019-02-06 14:00,2019-02-06 15:00,5.432,38.133
2019-02-06 15:00,2019-02-06 16:00,5.487,12.539
2019-02-06 16:00,2019-02-06 17:00,5.408,0.357
2019-02-06 17:00,2019-02-06 18:00,5.277,0
2019-02-06 18:00,2019-02-06 19:00,5.238,0
2019-02-06 19:00,2019-02-06 20:00,5.151,0
2019-02-06 20:00,2019-02-06 21:00,5.081,0
2019-02-06 21:00,2019-02-06 22:00,5.058,0
2019-02-06 22:00,2019-02-06 23:00,5.117,0
2019-02-06 23:00,2019-02-07 00:00,5.321,0
2019-02-07 00:00,2019-02-07 01:00,5.480,0
2019-02-07 01:00,2019-02-07 02:00,5.472,0
2019-02-07 02:00,2019-02-07 03:00,5.626,0
2019-02-07 03:00,2019-02-07 04:00,6.085,0
2019-02-07 04:00,2019-02-07 05:00,6.767,0
2019-02-07 05:00,2019-02-07 06:00,7.235,0
2019-02-07 06:00,2019-02-07 07:00,7.507,0
2019-02-07 07:00,2019-02-07 08:00,7.679,7.863
2019-02-07 08:00,2019-02-07 09:00,7.391,59.880
2019-02-07 09:00,2019-02-07 10:00,7.257,127.796
2019-02-07 10:00,2019-02-07 11:00,7.554,219.867
2019-02-07 11:00,2019-02-07 12:00,8.124,345.983
2019-02-07 12:00,2019-02-07 13:00,8.483,340.138
2019-02-07 13:00,2019-02-07 14:00,8.596,280.368
2019-02-07 14:00,2019-02-07 15:00,8.462,178.841
2019-02-07 15:00,2019-02-07 16:00,7.954,58.449
2019-02-07 16:00,2019-02-07 17:00,7.428,1.785
2019-02-07 17:00,2019-02-07 18:00,7.198,0
2019-02-07 18:00,2019-02-07 19:00,6.933,0
2019-02-07 19:00,2019-02-07 20:00,6.570,0
2019-02-07 20:00,2019-02-07 21:00,5.987,0
2019-02-07 21:00,2019-02-07 22:00,5.576,0
2019-02-07 22:00,2019-02-07 23:00,5.245,0
2019-02-07 23:00,2019-02-08 00:00,5.024,0
2019-02-08 00:00,2019-02-08 01:00,4.971,0
2019-02-08 01:00,2019-02-08 02:00,4.957,0
2019-02-08 02:00,2019-02-08 03:00,4.914,0
2019-02-08 03:00,2019-02-08 04:00,4.982,0
2019-02-08 04:00,2019-02-08 05:00,5.121,0
2019-02-08 05:00,2019-02-08 06:00,5.353,0
2019-02-08 06:00,2019-02-08 07:00,5.489,0
2019-02-08 07:00,2019-02-08 08:00,5.615,13.182
2019-02-08 08:00,2019-02-08 09:00,6.000,60.931
2019-02-08 09:00,2019-02-08 10:00,6.633,113.207
2019-02-08 10:00,2019-02-08 11:00,7.314,143.416
2019-02-08 11:00,2019-02-08 12:00,7.771,127.828
2019-02-08 12:00,2019-02-08 13:00,7.998,88.725
2019-02-08 13:00,2019-02-08 14:00,8.191,68.225
2019-02-08 14:00,2019-02-08 15:00,8.410,60.109
2019-02-08 15:00,2019-02-08 16:00,8.385,24.518
2019-02-08 16:00,2019-02-08 17:00,8.210,1.091
2019-02-08 17:00,2019-02-08 18:00,8.173,0
2019-02-08 18:00,2019-02-08 19:00,8.255,0
2019-02-08 19:00,2019-02-08 20:00,8.282,0
2019-02-08 20:00,2019-02-08 21:00,8.114,0
2019-02-08 21:00,2019-02-08 22:00,7.761,0
2019-02-08 22:00,2019-02-08 23:00,7.447,0
2019-02-08 23:00,2019-02-09 00:00,7.319,0
2019-02-09 00:00,2019-02-09 01:00,7.316,0
2019-02-09 01:00,2019-02-09 02:00,7.372,0
2019-02-09 02:00,2019-02-09 03:00,7.435,0
2019-02-09 03:00,2019-02-09 04:00,7.373,0
2019-02-09 04:00,2019-02-09 05:00,7.290,0
2019-02-09 05:00,2019-02-09 06:00,7.121,0
2019-02-09 06:00,2019-02-09 07:00,7.015,0
2019-02-09 07:00,2019-02-09 08:00,7.136,36.816
2019-02-09 08:00,2019-02-09 09:00,7.731,151.498
2019-02-09 09:00,2019-02-09 10:00,8.419,262.254
2019-02-09 10:00,2019-02-09 11:00,8.890,336.016
2019-02-09 11:00,2019-02-09 12:00,9.138,362.463
2019-02-09 12:00,2019-02-09 13:00,9.234,346.767
2019-02-09 13:00,2019-02-09 14:00,9.080,272.061
2019-02-09 14:00,2019-02-09 15:00,8.728,150.124
2019-02-09 15:00,2019-02-09 16:00,8.304,54.950
2019-02-09 16:00,2019-02-09 17:00,7.925,3.455
2019-02-09 17:00,2019-02-09 18:00,7.773,0
2019-02-09 18:00,2019-02-09 19:00,7.534,0
2019-02-09 19:00,2019-02-09 20:00,7.239,0
2019-02-09 20:00,2019-02-09 21:00,7.034,0
2019-02-09 21:00,2019-02-09 22:00,6.952,0
2019-02-09 22:00,2019-02-09 23:00,6.828,0
2019-02-09 23:00,2019-02-10 00:00,6.668,0
2019-02-10 00:00,2019-02-10 01:00,6.543,0
2019-02-10 01:00,2019-02-10 02:00,6.414,0
2019-02-10 02:00,2019-02-10 03:00,6.042,0
2019-02-10 03:00,2019-02-10 04:00,5.402,0
2019-02-10 04:00,2019-02-10 05:00,4.849,0
2019-02-10 05:00,2019-02-10 06:00,5.155,0
2019-02-10 06:00,2019-02-10 07:00,6.091,0
2019-02-10 07:00,2019-02-10 08:00,6.989,2.758
2019-02-10 08:00,2019-02-10 09:00,7.694,17.284
2019-02-10 09:00,2019-02-10 10:00,7.843,71.161
2019-02-10 10:00,2019-02-10 11:00,7.692,220.517
2019-02-10 11:00,2019-02-10 12:00,7.285,221.392
2019-02-10 12:00,2019-02-10 13:00,6.749,138.154
2019-02-10 13:00,2019-02-10 14:00,6.203,84.195
2019-02-10 14:00,2019-02-10 15:00,5.567,37.386
2019-02-10 15:00,2019-02-10 16:00,5.022,19.676
2019-02-10 16:00,2019-02-10 17:00,4.696,1.564
2019-02-10 17:00,2019-02-10 18:00,4.867,0
2019-02-10 18:00,2019-02-10 19:00,5.286,0
2019-02-10 19:00,2019-02-10 20:00,5.501,0
2019-02-10 20:00,2019-02-10 21:00,5.455,0
2019-02-10 21:00,2019-02-10 22:00,5.408,0
2019-02-10 22:00,2019-02-10 23:00,5.461,0
2019-02-10 23:00,2019-02-11 00:00,5.571,0
2019-02-11 00:00,2019-02-11 01:00,5.452,0
2019-02-11 01:00,2019-02-11 02:00,5.050,0
2019-02-11 02:00,2019-02-11 03:00,4.704,0
2019-02-11 03:00,2019-02-11 04:00,4.468,0
2019-02-11 04:00,2019-02-11 05:00,4.361,0
2019-02-11 05:00,2019-02-11 06:00,4.387,0
2019-02-11 06:00,2019-02-11 07:00,4.339,0.020
2019-02-11 07:00,2019-02-11 08:00,4.832,41.851
2019-02-11 08:00,2019-02-11 09:00,5.799,124.458
2019-02-11 09:00,2019-02-11 10:00,6.355,186.861
2019-02-11 10:00,2019-02-11 11:00,6.755,235.082
2019-02-11 11:00,2019-02-11 12:00,7.206,303.112
2019-02-11 12:00,2019-02-11 13:00,7.574,346.954
2019-02-11 13:00,2019-02-11 14:00,7.619,313.787
2019-02-11 14:00,2019-02-11 15:00,7.229,225.803
2019-02-11 15:00,2019-02-11 16:00,6.313,102.549
2019-02-11 16:00,2019-02-11 17:00,4.621,7.500
2019-02-11 17:00,2019-02-11 18:00,4.009,0
2019-02-11 18:00,2019-02-11 19:00,3.558,0
2019-02-11 19:00,2019-02-11 20:00,3.176,0
2019-02-11 20:00,2019-02-11 21:00,2.910,0
2019-02-11 21:00,2019-02-11 22:00,2.782,0
2019-02-11 22:00,2019-02-11 23:00,2.878,0
2019-02-11 23:00,2019-02-12 00:00,2.816,0
2019-02-12 00:00,2019-02-12 01:00,2.804,0
2019-02-12 01:00,2019-02-12 02:00,2.494,0
2019-02-12 02:00,2019-02-12 03:00,2.369,0
2019-02-12 03:00,2019-02-12 04:00,2.632,0
2019-02-12 04:00,2019-02-12 05:00,3.216,0
2019-02-12 05:00,2019-02-12 06:00,3.775,0
2019-02-12 06:00,2019-02-12 07:00,3.955,0.038
2019-02-12 07:00,2019-02-12 08:00,4.344,24.510
2019-02-12 08:00,2019-02-12 09:00,5.300,96.787
2019-02-12 09:00,2019-02-12 10:00,6.024,187.387
2019-02-12 10:00,2019-02-12 11:00,6.888,300.218
2019-02-12 11:00,2019-02-12 12:00,7.872,385.265
2019-02-12 12:00,2019-02-12 13:00,8.330,388.486
2019-02-12 13:00,2019-02-12 14:00,8.336,326.693
2019-02-12 14:00,2019-02-12 15:00,8.025,219.462
2019-02-12 15:00,2019-02-12 16:00,7.205,92.661
2019-02-12 16:00,2019-02-12 17:00,5.890,7.722
2019-02-12 17:00,2019-02-12 18:00,5.540,0
2019-02-12 18:00,2019-02-12 19:00,5.456,0
2019-02-12 19:00,2019-02-12 20:00,5.348,0
2019-02-12 20:00,2019-02-12 21:00,5.074,0
2019-02-12 21:00,2019-02-12 22:00,4.826,0
2019-02-12 22:00,2019-02-12 23:00,4.659,0
2019-02-12 23:00,2019-02-13 00:00,4.565,0
2019-02-13 00:00,2019-02-13 01:00,4.514,0
2019-02-13 01:00,2019-02-13 02:00,4.554,0
2019-02-13 02:00,2019-02-13 03:00,4.486,0
2019-02-13 03:00,2019-02-13 04:00,4.376,0
2019-02-13 04:00,2019-02-13 05:00,4.196,0
2019-02-13 05:00,2019-02-13 06:00,4.058,0
2019-02-13 06:00,2019-02-13 07:00,4.036,0.091
2019-02-13 07:00,2019-02-13 08:00,4.055,24.144
2019-02-13 08:00,2019-02-13 09:00,4.447,94.591
2019-02-13 09:00,2019-02-13 10:00,5.136,186.789
2019-02-13 10:00,2019-02-13 11:00,6.015,268.676
2019-02-13 11:00,2019-02-13 12:00,6.785,291.996
2019-02-13 12:00,2019-02-13 13:00,7.168,256.294
2019-02-13 13:00,2019-02-13 14:00,7.252,197.173
2019-02-13 14:00,2019-02-13 15:00,7.124,124.145
2019-02-13 15:00,2019-02-13 16:00,6.616,58.476
2019-02-13 16:00,2019-02-13 17:00,5.747,6.102
2019-02-13 17:00,2019-02-13 18:00,5.511,0
2019-02-13 18:00,2019-02-13 19:00,5.318,0
2019-02-13 19:00,2019-02-13 20:00,4.886,0
2019-02-13 20:00,2019-02-13 21:00,4.364,0
2019-02-13 21:00,2019-02-13 22:00,3.900,0
2019-02-13 22:00,2019-02-13 23:00,3.542,0
2019-02-13 23:00,2019-02-14 00:00,3.228,0
2019-02-14 00:00,2019-02-14 01:00,3.035,0
2019-02-14 01:00,2019-02-14 02:00,2.813,0
2019-02-14 02:00,2019-02-14 03:00,2.518,0
2019-02-14 03:00,2019-02-14 04:00,2.222,0
2019-02-14 04:00,2019-02-14 05:00,1.971,0
2019-02-14 05:00,2019-02-14 06:00,1.723,0
2019-02-14 06:00,2019-02-14 07:00,1.354,0.337
2019-02-14 07:00,2019-02-14 08:00,1.628,53.121
2019-02-14 08:00,2019-02-14 09:00,2.453,177.519
2019-02-14 09:00,2019-02-14 10:00,3.721,296.985
2019-02-14 10:00,2019-02-14 11:00,5.480,381.623
2019-02-14 11:00,2019-02-14 12:00,7.389,419.735
2019-02-14 12:00,2019-02-14 13:00,8.664,407.416
2019-02-14 13:00,2019-02-14 14:00,9.389,348.414
2019-02-14 14:00,2019-02-14 15:00,9.560,246.742
2019-02-14 15:00,2019-02-14 16:00,8.531,118.766
2019-02-14 16:00,2019-02-14 17:00,7.016,12.509
2019-02-14 17:00,2019-02-14 18:00,6.320,0
2019-02-14 18:00,2019-02-14 19:00,5.766,0
2019-02-14 19:00,2019-02-14 20:00,5.380,0
2019-02-14 20:00,2019-02-14 21:00,5.123,0
2019-02-14 21:00,2019-02-14 22:00,4.824,0
2019-02-14 22:00,2019-02-14 23:00,4.406,0
2019-02-14 23:00,2019-02-15 00:00,3.877,0
2019-02-15 00:00,2019-02-15 01:00,3.282,0
2019-02-15 01:00,2019-02-15 02:00,2.665,0
2019-02-15 02:00,2019-02-15 03:00,2.147,0
2019-02-15 03:00,2019-02-15 04:00,1.785,0
2019-02-15 04:00,2019-02-15 05:00,1.506,0
2019-02-15 05:00,2019-02-15 06:00,1.265,0
2019-02-15 06:00,2019-02-15 07:00,1.037,0.602
2019-02-15 07:00,2019-02-15 08:00,1.806,65.765
2019-02-15 08:00,2019-02-15 09:00,3.195,195.245
2019-02-15 09:00,2019-02-15 10:00,4.748,313.738
2019-02-15 10:00,2019-02-15 11:00,6.714,394.386
2019-02-15 11:00,2019-02-15 12:00,8.673,429.554
2019-02-15 12:00,2019-02-15 13:00,10.135,416.733
2019-02-15 13:00,2019-02-15 14:00,10.908,354.806
2019-02-15 14:00,2019-02-15 15:00,11.063,251.815
2019-02-15 15:00,2019-02-15 16:00,9.853,122.463
2019-02-15 16:00,2019-02-15 17:00,8.046,14.085
2019-02-15 17:00,2019-02-15 18:00,7.433,0
2019-02-15 18:00,2019-02-15 19:00,7.172,0
2019-02-15 19:00,2019-02-15 20:00,6.843,0
2019-02-15 20:00,2019-02-15 21:00,6.341,0
2019-02-15 21:00,2019-02-15 22:00,5.670,0
2019-02-15 22:00,2019-02-15 23:00,4.912,0
2019-02-15 23:00,2019-02-16 00:00,4.212,0
2019-02-16 00:00,2019-02-16 01:00,3.681,0
2019-02-16 01:00,2019-02-16 02:00,3.308,0
2019-02-16 02:00,2019-02-16 03:00,3.243,0
2019-02-16 03:00,2019-02-16 04:00,3.354,0
2019-02-16 04:00,2019-02-16 05:00,3.248,0
2019-02-16 05:00,2019-02-16 06:00,3.146,0
2019-02-16 06:00,2019-02-16 07:00,2.919,0.804
2019-02-16 07:00,2019-02-16 08:00,3.348,52.086
2019-02-16 08:00,2019-02-16 09:00,4.581,190.574
2019-02-16 09:00,2019-02-16 10:00,5.952,313.580
2019-02-16 10:00,2019-02-16 11:00,7.645,391.159
2019-02-16 11:00,2019-02-16 12:00,9.001,423.343
2019-02-16 12:00,2019-02-16 13:00,9.929,398.919
2019-02-16 13:00,2019-02-16 14:00,10.355,326.529
2019-02-16 14:00,2019-02-16 15:00,10.263,217.849
2019-02-16 15:00,2019-02-16 16:00,9.199,99.902
2019-02-16 16:00,2019-02-16 17:00,7.539,12.724
2019-02-16 17:00,2019-02-16 18:00,6.892,0
2019-02-16 18:00,2019-02-16 19:00,6.595,0
2019-02-16 19:00,2019-02-16 20:00,6.279,0
2019-02-16 20:00,2019-02-16 21:00,5.885,0
2019-02-16 21:00,2019-02-16 22:00,5.439,0
2019-02-16 22:00,2019-02-16 23:00,4.989,0
2019-02-16 23:00,2019-02-17 00:00,4.514,0
2019-02-17 00:00,2019-02-17 01:00,4.028,0
2019-02-17 01:00,2019-02-17 02:00,3.604,0
2019-02-17 02:00,2019-02-17 03:00,3.382,0
2019-02-17 03:00,2019-02-17 04:00,3.521,0
2019-02-17 04:00,2019-02-17 05:00,3.813,0
2019-02-17 05:00,2019-02-17 06:00,3.797,0
2019-02-17 06:00,2019-02-17 07:00,3.395,1.167
2019-02-17 07:00,2019-02-17 08:00,3.927,64.592
2019-02-17 08:00,2019-02-17 09:00,5.004,203.008
2019-02-17 09:00,2019-02-17 10:00,6.425,318.858
2019-02-17 10:00,2019-02-17 11:00,8.146,392.894
2019-02-17 11:00,2019-02-17 12:00,9.813,416.524
2019-02-17 12:00,2019-02-17 13:00,10.850,404.149
2019-02-17 13:00,2019-02-17 14:00,11.443,347.858
2019-02-17 14:00,2019-02-17 15:00,11.408,248.421
2019-02-17 15:00,2019-02-17 16:00,10.373,123.205
2019-02-17 16:00,2019-02-17 17:00,8.714,16.757
2019-02-17 17:00,2019-02-17 18:00,8.027,0
2019-02-17 18:00,2019-02-17 19:00,7.622,0
2019-02-17 19:00,2019-02-17 20:00,7.144,0
2019-02-17 20:00,2019-02-17 21:00,6.631,0
2019-02-17 21:00,2019-02-17 22:00,6.157,0
2019-02-17 22:00,2019-02-17 23:00,5.717,0
2019-02-17 23:00,2019-02-18 00:00,5.305,0
2019-02-18 00:00,2019-02-18 01:00,4.952,0
2019-02-18 01:00,2019-02-18 02:00,4.644,0
2019-02-18 02:00,2019-02-18 03:00,4.361,0
2019-02-18 03:00,2019-02-18 04:00,4.040,0
2019-02-18 04:00,2019-02-18 05:00,3.694,0
2019-02-18 05:00,2019-02-18 06:00,3.358,0
2019-02-18 06:00,2019-02-18 07:00,3.109,1.621
2019-02-18 07:00,2019-02-18 08:00,3.987,62.330
2019-02-18 08:00,2019-02-18 09:00,5.189,164.854
2019-02-18 09:00,2019-02-18 10:00,6.515,265.294
2019-02-18 10:00,2019-02-18 11:00,8.073,362.260
2019-02-18 11:00,2019-02-18 12:00,9.514,408.797
2019-02-18 12:00,2019-02-18 13:00,10.490,395.634
2019-02-18 13:00,2019-02-18 14:00,11.077,336.850
2019-02-18 14:00,2019-02-18 15:00,11.095,238.916
2019-02-18 15:00,2019-02-18 16:00,10.053,116.530
2019-02-18 16:00,2019-02-18 17:00,8.176,15.965
2019-02-18 17:00,2019-02-18 18:00,7.347,0
2019-02-18 18:00,2019-02-18 19:00,6.935,0
2019-02-18 19:00,2019-02-18 20:00,6.737,0
2019-02-18 20:00,2019-02-18 21:00,6.687,0
2019-02-18 21:00,2019-02-18 22:00,6.743,0
2019-02-18 22:00,2019-02-18 23:00,6.871,0
2019-02-18 23:00,2019-02-19 00:00,6.843,0
2019-02-19 00:00,2019-02-19 01:00,6.683,0
2019-02-19 01:00,2019-02-19 02:00,6.541,0
2019-02-19 02:00,2019-02-19 03:00,6.365,0
2019-02-19 03:00,2019-02-19 04:00,6.070,0
2019-02-19 04:00,2019-02-19 05:00,5.745,0
2019-02-19 05:00,2019-02-19 06:00,5.434,0
2019-02-19 06:00,2019-02-19 07:00,5.275,0.907
2019-02-19 07:00,2019-02-19 08:00,5.454,40.921
2019-02-19 08:00,2019-02-19 09:00,5.993,118.513
2019-02-19 09:00,2019-02-19 10:00,6.789,216.998
2019-02-19 10:00,2019-02-19 11:00,7.758,341.982
2019-02-19 11:00,2019-02-19 12:00,8.499,436.475
2019-02-19 12:00,2019-02-19 13:00,8.667,421.818
2019-02-19 13:00,2019-02-19 14:00,8.487,357.921
2019-02-19 14:00,2019-02-19 15:00,8.123,251.200
2019-02-19 15:00,2019-02-19 16:00,7.524,98.704
2019-02-19 16:00,2019-02-19 17:00,6.592,14.505
2019-02-19 17:00,2019-02-19 18:00,6.053,0
2019-02-19 18:00,2019-02-19 19:00,6.223,0
2019-02-19 19:00,2019-02-19 20:00,6.447,0
2019-02-19 20:00,2019-02-19 21:00,6.376,0
2019-02-19 21:00,2019-02-19 22:00,5.953,0
2019-02-19 22:00,2019-02-19 23:00,5.687,0
2019-02-19 23:00,2019-02-20 00:00,5.619,0
2019-02-20 00:00,2019-02-20 01:00,5.560,0
2019-02-20 01:00,2019-02-20 02:00,5.398,0
2019-02-20 02:00,2019-02-20 03:00,5.158,0
2019-02-20 03:00,2019-02-20 04:00,4.911,0
2019-02-20 04:00,2019-02-20 05:00,4.711,0
2019-02-20 05:00,2019-02-20 06:00,4.649,0
2019-02-20 06:00,2019-02-20 07:00,4.640,1.325
2019-02-20 07:00,2019-02-20 08:00,4.983,32.350
2019-02-20 08:00,2019-02-20 09:00,5.631,110.707
2019-02-20 09:00,2019-02-20 10:00,6.504,202.399
2019-02-20 10:00,2019-02-20 11:00,7.428,246.488
2019-02-20 11:00,2019-02-20 12:00,8.119,269.715
2019-02-20 12:00,2019-02-20 13:00,8.598,298.357
2019-02-20 13:00,2019-02-20 14:00,8.881,290.913
2019-02-20 14:00,2019-02-20 15:00,8.911,226.937
2019-02-20 15:00,2019-02-20 16:00,8.574,125.654
2019-02-20 16:00,2019-02-20 17:00,7.223,23.681
2019-02-20 17:00,2019-02-20 18:00,6.356,0
2019-02-20 18:00,2019-02-20 19:00,6.308,0
2019-02-20 19:00,2019-02-20 20:00,6.259,0
2019-02-20 20:00,2019-02-20 21:00,6.010,0
2019-02-20 21:00,2019-02-20 22:00,5.607,0
2019-02-20 22:00,2019-02-20 23:00,5.177,0
2019-02-20 23:00,2019-02-21 00:00,4.905,0
2019-02-21 00:00,2019-02-21 01:00,4.762,0
2019-02-21 01:00,2019-02-21 02:00,4.766,0
2019-02-21 02:00,2019-02-21 03:00,4.831,0
2019-02-21 03:00,2019-02-21 04:00,4.929,0
2019-02-21 04:00,2019-02-21 05:00,5.069,0
2019-02-21 05:00,2019-02-21 06:00,5.256,0
2019-02-21 06:00,2019-02-21 07:00,5.233,1.566
2019-02-21 07:00,2019-02-21 08:00,5.592,34.327
2019-02-21 08:00,2019-02-21 09:00,6.452,142.551
2019-02-21 09:00,2019-02-21 10:00,7.586,249.690
2019-02-21 10:00,2019-02-21 11:00,8.585,276.875
2019-02-21 11:00,2019-02-21 12:00,8.972,231.579
2019-02-21 12:00,2019-02-21 13:00,9.058,201.596
2019-02-21 13:00,2019-02-21 14:00,8.965,162.579
2019-02-21 14:00,2019-02-21 15:00,8.723,121.534
2019-02-21 15:00,2019-02-21 16:00,8.326,68.897
2019-02-21 16:00,2019-02-21 17:00,7.743,12.777
2019-02-21 17:00,2019-02-21 18:00,7.314,0
2019-02-21 18:00,2019-02-21 19:00,7.158,0
2019-02-21 19:00,2019-02-21 20:00,7.038,0
2019-02-21 20:00,2019-02-21 21:00,7.022,0
2019-02-21 21:00,2019-02-21 22:00,6.881,0
2019-02-21 22:00,2019-02-21 23:00,6.946,0
2019-02-21 23:00,2019-02-22 00:00,7.017,0
2019-02-22 00:00,2019-02-22 01:00,7.032,0
2019-02-22 01:00,2019-02-22 02:00,6.816,0
2019-02-22 02:00,2019-02-22 03:00,6.520,0
2019-02-22 03:00,2019-02-22 04:00,6.379,0
2019-02-22 04:00,2019-02-22 05:00,6.397,0
2019-02-22 05:00,2019-02-22 06:00,6.549,0
2019-02-22 06:00,2019-02-22 07:00,6.619,2.836
2019-02-22 07:00,2019-02-22 08:00,6.819,52.796
2019-02-22 08:00,2019-02-22 09:00,7.184,127.636
2019-02-22 09:00,2019-02-22 10:00,7.785,199.799
2019-02-22 10:00,2019-02-22 11:00,8.966,292.610
2019-02-22 11:00,2019-02-22 12:00,10.226,368.951
2019-02-22 12:00,2019-02-22 13:00,11.213,359.949
2019-02-22 13:00,2019-02-22 14:00,11.939,341.706
2019-02-22 14:00,2019-02-22 15:00,12.157,256.369
2019-02-22 15:00,2019-02-22 16:00,11.692,141.145
2019-02-22 16:00,2019-02-22 17:00,9.942,27.863
2019-02-22 17:00,2019-02-22 18:00,8.656,0
2019-02-22 18:00,2019-02-22 19:00,7.895,0
2019-02-22 19:00,2019-02-22 20:00,7.294,0
2019-02-22 20:00,2019-02-22 21:00,6.881,0
2019-02-22 21:00,2019-02-22 22:00,6.620,0
2019-02-22 22:00,2019-02-22 23:00,6.370,0
2019-02-22 23:00,2019-02-23 00:00,6.021,0
2019-02-23 00:00,2019-02-23 01:00,5.696,0
2019-02-23 01:00,2019-02-23 02:00,5.412,0
2019-02-23 02:00,2019-02-23 03:00,5.367,0
2019-02-23 03:00,2019-02-23 04:00,5.324,0
2019-02-23 04:00,2019-02-23 05:00,5.127,0
2019-02-23 05:00,2019-02-23 06:00,4.904,0
2019-02-23 06:00,2019-02-23 07:00,4.723,3.545
2019-02-23 07:00,2019-02-23 08:00,4.888,60.103
2019-02-23 08:00,2019-02-23 09:00,5.778,191.342
2019-02-23 09:00,2019-02-23 10:00,7.152,347.298
2019-02-23 10:00,2019-02-23 11:00,8.623,434.931
2019-02-23 11:00,2019-02-23 12:00,9.843,471.100
2019-02-23 12:00,2019-02-23 13:00,10.527,455.573
2019-02-23 13:00,2019-02-23 14:00,10.848,394.527
2019-02-23 14:00,2019-02-23 15:00,10.835,292.343
2019-02-23 15:00,2019-02-23 16:00,10.217,161.407
2019-02-23 16:00,2019-02-23 17:00,8.294,33.944
2019-02-23 17:00,2019-02-23 18:00,7.179,0
2019-02-23 18:00,2019-02-23 19:00,6.750,0
2019-02-23 19:00,2019-02-23 20:00,6.153,0
2019-02-23 20:00,2019-02-23 21:00,5.482,0
2019-02-23 21:00,2019-02-23 22:00,4.849,0
2019-02-23 22:00,2019-02-23 23:00,4.301,0
2019-02-23 23:00,2019-02-24 00:00,3.817,0
2019-02-24 00:00,2019-02-24 01:00,3.416,0
2019-02-24 01:00,2019-02-24 02:00,3.047,0
2019-02-24 02:00,2019-02-24 03:00,2.695,0
2019-02-24 03:00,2019-02-24 04:00,2.313,0
2019-02-24 04:00,2019-02-24 05:00,1.898,0
2019-02-24 05:00,2019-02-24 06:00,1.581,0
2019-02-24 06:00,2019-02-24 07:00,1.491,8.169
2019-02-24 07:00,2019-02-24 08:00,2.750,112.873
2019-02-24 08:00,2019-02-24 09:00,4.235,254.140
2019-02-24 09:00,2019-02-24 10:00,5.844,373.564
2019-02-24 10:00,2019-02-24 11:00,7.984,455.577
2019-02-24 11:00,2019-02-24 12:00,9.579,489.994
2019-02-24 12:00,2019-02-24 13:00,10.944,457.932
2019-02-24 13:00,2019-02-24 14:00,11.810,369.414
2019-02-24 14:00,2019-02-24 15:00,12.274,249.982
2019-02-24 15:00,2019-02-24 16:00,12.020,128.459
2019-02-24 16:00,2019-02-24 17:00,10.932,31.776
2019-02-24 17:00,2019-02-24 18:00,9.757,0
2019-02-24 18:00,2019-02-24 19:00,8.831,0
2019-02-24 19:00,2019-02-24 20:00,7.975,0
2019-02-24 20:00,2019-02-24 21:00,7.260,0
2019-02-24 21:00,2019-02-24 22:00,6.715,0
2019-02-24 22:00,2019-02-24 23:00,6.318,0
2019-02-24 23:00,2019-02-25 00:00,6.051,0
2019-02-25 00:00,2019-02-25 01:00,5.866,0
2019-02-25 01:00,2019-02-25 02:00,5.698,0
2019-02-25 02:00,2019-02-25 03:00,5.559,0
2019-02-25 03:00,2019-02-25 04:00,5.403,0
2019-02-25 04:00,2019-02-25 05:00,5.230,0
2019-02-25 05:00,2019-02-25 06:00,5.045,0
2019-02-25 06:00,2019-02-25 07:00,4.873,9.141
2019-02-25 07:00,2019-02-25 08:00,5.474,113.614
2019-02-25 08:00,2019-02-25 09:00,6.787,252.765
2019-02-25 09:00,2019-02-25 10:00,7.852,372.140
2019-02-25 10:00,2019-02-25 11:00,9.382,453.778
2019-02-25 11:00,2019-02-25 12:00,11.247,489.946
2019-02-25 12:00,2019-02-25 13:00,12.636,475.560
2019-02-25 13:00,2019-02-25 14:00,13.564,412.997
2019-02-25 14:00,2019-02-25 15:00,14.023,308.552
2019-02-25 15:00,2019-02-25 16:00,13.741,174.960
2019-02-25 16:00,2019-02-25 17:00,12.706,41.559
2019-02-25 17:00,2019-02-25 18:00,11.521,0
2019-02-25 18:00,2019-02-25 19:00,10.395,0
2019-02-25 19:00,2019-02-25 20:00,9.244,0
2019-02-25 20:00,2019-02-25 21:00,8.230,0
2019-02-25 21:00,2019-02-25 22:00,7.449,0
2019-02-25 22:00,2019-02-25 23:00,6.856,0
2019-02-25 23:00,2019-02-26 00:00,6.383,0
2019-02-26 00:00,2019-02-26 01:00,6.050,0
2019-02-26 01:00,2019-02-26 02:00,5.959,0
2019-02-26 02:00,2019-02-26 03:00,6.097,0
2019-02-26 03:00,2019-02-26 04:00,6.271,0
2019-02-26 04:00,2019-02-26 05:00,6.185,0
2019-02-26 05:00,2019-02-26 06:00,6.184,0
2019-02-26 06:00,2019-02-26 07:00,5.895,10.688
2019-02-26 07:00,2019-02-26 08:00,6.315,118.176
2019-02-26 08:00,2019-02-26 09:00,7.757,257.737
2019-02-26 09:00,2019-02-26 10:00,8.845,376.881
2019-02-26 10:00,2019-02-26 11:00,10.341,459.521
2019-02-26 11:00,2019-02-26 12:00,12.101,496.186
2019-02-26 12:00,2019-02-26 13:00,13.419,482.642
2019-02-26 13:00,2019-02-26 14:00,14.420,420.834
2019-02-26 14:00,2019-02-26 15:00,14.804,316.530
2019-02-26 15:00,2019-02-26 16:00,14.552,181.655
2019-02-26 16:00,2019-02-26 17:00,13.672,45.585
2019-02-26 17:00,2019-02-26 18:00,12.240,0
2019-02-26 18:00,2019-02-26 19:00,11.058,0
2019-02-26 19:00,2019-02-26 20:00,9.759,0
2019-02-26 20:00,2019-02-26 21:00,8.572,0
2019-02-26 21:00,2019-02-26 22:00,7.714,0
2019-02-26 22:00,2019-02-26 23:00,7.133,0
2019-02-26 23:00,2019-02-27 00:00,6.685,0
2019-02-27 00:00,2019-02-27 01:00,6.335,0
2019-02-27 01:00,2019-02-27 02:00,6.065,0
2019-02-27 02:00,2019-02-27 03:00,5.819,0
2019-02-27 03:00,2019-02-27 04:00,5.516,0
2019-02-27 04:00,2019-02-27 05:00,5.123,0
2019-02-27 05:00,2019-02-27 06:00,4.648,0
2019-02-27 06:00,2019-02-27 07:00,4.264,12.646
2019-02-27 07:00,2019-02-27 08:00,5.697,124.729
2019-02-27 08:00,2019-02-27 09:00,6.901,266.327
2019-02-27 09:00,2019-02-27 10:00,8.207,386.591
2019-02-27 10:00,2019-02-27 11:00,9.888,469.237
2019-02-27 11:00,2019-02-27 12:00,11.360,505.006
2019-02-27 12:00,2019-02-27 13:00,12.315,489.719
2019-02-27 13:00,2019-02-27 14:00,12.706,425.693
2019-02-27 14:00,2019-02-27 15:00,12.554,319.781
2019-02-27 15:00,2019-02-27 16:00,11.553,184.430
2019-02-27 16:00,2019-02-27 17:00,9.189,47.874
2019-02-27 17:00,2019-02-27 18:00,7.321,0.001
2019-02-27 18:00,2019-02-27 19:00,6.572,0
2019-02-27 19:00,2019-02-27 20:00,6.039,0
2019-02-27 20:00,2019-02-27 21:00,5.682,0
2019-02-27 21:00,2019-02-27 22:00,5.526,0
2019-02-27 22:00,2019-02-27 23:00,5.689,0
2019-02-27 23:00,2019-02-28 00:00,6.054,0
2019-02-28 00:00,2019-02-28 01:00,6.340,0
2019-02-28 01:00,2019-02-28 02:00,6.458,0
2019-02-28 02:00,2019-02-28 03:00,6.374,0
2019-02-28 03:00,2019-02-28 04:00,6.292,0
2019-02-28 04:00,2019-02-28 05:00,6.111,0
2019-02-28 05:00,2019-02-28 06:00,5.905,0
2019-02-28 06:00,2019-02-28 07:00,5.932,5.676
2019-02-28 07:00,2019-02-28 08:00,6.240,38.158
2019-02-28 08:00,2019-02-28 09:00,6.592,75.476
2019-02-28 09:00,2019-02-28 10:00,7.311,162.989
2019-02-28 10:00,2019-02-28 11:00,8.695,329.890
2019-02-28 11:00,2019-02-28 12:00,9.768,353.950
2019-02-28 12:00,2019-02-28 13:00,10.172,336.164
2019-02-28 13:00,2019-02-28 14:00,10.253,302.380
2019-02-28 14:00,2019-02-28 15:00,10.210,197.862
2019-02-28 15:00,2019-02-28 16:00,9.837,78.978
2019-02-28 16:00,2019-02-28 17:00,9.232,12.628
2019-02-28 17:00,2019-02-28 18:00,8.844,0.001
2019-02-28 18:00,2019-02-28 19:00,8.590,0
2019-02-28 19:00,2019-02-28 20:00,8.454,0
2019-02-28 20:00,2019-02-28 21:00,8.312,0
2019-02-28 21:00,2019-02-28 22:00,8.176,0
2019-02-28 22:00,2019-02-28 23:00,7.991,0
2019-02-28 23:00,2019-03-01 00:00,7.749,0
2019-03-01 00:00,2019-03-01 01:00,7.479,0
2019-03-01 01:00,2019-03-01 02:00,7.230,0
2019-03-01 02:00,2019-03-01 03:00,7.024,0
2019-03-01 03:00,2019-03-01 04:00,6.817,0
2019-03-01 04:00,2019-03-01 05:00,6.670,0
2019-03-01 05:00,2019-03-01 06:00,6.637,0
2019-03-01 06:00,2019-03-01 07:00,6.600,2.537
2019-03-01 07:00,2019-03-01 08:00,6.608,35.476
2019-03-01 08:00,2019-03-01 09:00,6.685,109.845
2019-03-01 09:00,2019-03-01 10:00,6.850,199.918
2019-03-01 10:00,2019-03-01 11:00,7.076,265.983
2019-03-01 11:00,2019-03-01 12:00,7.467,400.541
2019-03-01 12:00,2019-03-01 13:00,7.754,432.614
2019-03-01 13:00,2019-03-01 14:00,7.678,370.741
2019-03-01 14:00,2019-03-01 15:00,7.276,257.933
2019-03-01 15:00,2019-03-01 16:00,6.683,137.781
2019-03-01 16:00,2019-03-01 17:00,5.868,35.535
2019-03-01 17:00,2019-03-01 18:00,4.950,0.037
2019-03-01 18:00,2019-03-01 19:00,4.758,0
2019-03-01 19:00,2019-03-01 20:00,4.653,0
2019-03-01 20:00,2019-03-01 21:00,4.620,0
2019-03-01 21:00,2019-03-01 22:00,4.501,0
2019-03-01 22:00,2019-03-01 23:00,4.261,0
2019-03-01 23:00,2019-03-02 00:00,4.148,0
2019-03-02 00:00,2019-03-02 01:00,4.157,0
2019-03-02 01:00,2019-03-02 02:00,4.234,0
2019-03-02 02:00,2019-03-02 03:00,4.391,0
2019-03-02 03:00,2019-03-02 04:00,4.621,0
2019-03-02 04:00,2019-03-02 05:00,4.961,0
2019-03-02 05:00,2019-03-02 06:00,5.208,0
2019-03-02 06:00,2019-03-02 07:00,5.475,5.114
2019-03-02 07:00,2019-03-02 08:00,5.930,38.790
2019-03-02 08:00,2019-03-02 09:00,6.821,113.915
2019-03-02 09:00,2019-03-02 10:00,7.913,247.952
2019-03-02 10:00,2019-03-02 11:00,9.072,343.290
2019-03-02 11:00,2019-03-02 12:00,9.910,429.071
2019-03-02 12:00,2019-03-02 13:00,10.362,389.392
2019-03-02 13:00,2019-03-02 14:00,10.206,206.353
2019-03-02 14:00,2019-03-02 15:00,9.623,70.466
2019-03-02 15:00,2019-03-02 16:00,9.285,36.411
2019-03-02 16:00,2019-03-02 17:00,9.256,16.929
2019-03-02 17:00,2019-03-02 18:00,9.209,0.103
2019-03-02 18:00,2019-03-02 19:00,8.848,0
2019-03-02 19:00,2019-03-02 20:00,8.006,0
2019-03-02 20:00,2019-03-02 21:00,7.608,0
2019-03-02 21:00,2019-03-02 22:00,7.725,0
2019-03-02 22:00,2019-03-02 23:00,8.176,0
2019-03-02 23:00,2019-03-03 00:00,8.523,0
2019-03-03 00:00,2019-03-03 01:00,8.471,0
2019-03-03 01:00,2019-03-03 02:00,8.417,0
2019-03-03 02:00,2019-03-03 03:00,8.574,0
2019-03-03 03:00,2019-03-03 04:00,8.585,0
2019-03-03 04:00,2019-03-03 05:00,8.611,0
2019-03-03 05:00,2019-03-03 06:00,8.683,0
2019-03-03 06:00,2019-03-03 07:00,8.744,3.734
2019-03-03 07:00,2019-03-03 08:00,8.777,15.476
2019-03-03 08:00,2019-03-03 09:00,8.967,28.311
2019-03-03 09:00,2019-03-03 10:00,9.258,37.329
2019-03-03 10:00,2019-03-03 11:00,9.656,42.579
2019-03-03 11:00,2019-03-03 12:00,10.133,72.641
2019-03-03 12:00,2019-03-03 13:00,10.813,138.553
2019-03-03 13:00,2019-03-03 14:00,11.486,198.341
2019-03-03 14:00,2019-03-03 15:00,11.744,199.694
2019-03-03 15:00,2019-03-03 16:00,11.487,82.810
2019-03-03 16:00,2019-03-03 17:00,11.053,18.784
2019-03-03 17:00,2019-03-03 18:00,10.668,0.134
2019-03-03 18:00,2019-03-03 19:00,10.559,0
2019-03-03 19:00,2019-03-03 20:00,10.368,0
2019-03-03 20:00,2019-03-03 21:00,10.554,0
2019-03-03 21:00,2019-03-03 22:00,10.768,0
2019-03-03 22:00,2019-03-03 23:00,10.616,0
2019-03-03 23:00,2019-03-04 00:00,10.445,0
2019-03-04 00:00,2019-03-04 01:00,10.342,0
2019-03-04 01:00,2019-03-04 02:00,9.962,0
2019-03-04 02:00,2019-03-04 03:00,9.591,0
2019-03-04 03:00,2019-03-04 04:00,9.137,0
2019-03-04 04:00,2019-03-04 05:00,8.694,0
2019-03-04 05:00,2019-03-04 06:00,8.279,0
2019-03-04 06:00,2019-03-04 07:00,7.845,3.476
2019-03-04 07:00,2019-03-04 08:00,7.369,29.422
2019-03-04 08:00,2019-03-04 09:00,6.959,80.531
2019-03-04 09:00,2019-03-04 10:00,6.916,178.451
2019-03-04 10:00,2019-03-04 11:00,7.471,369.366
2019-03-04 11:00,2019-03-04 12:00,7.812,411.082
2019-03-04 12:00,2019-03-04 13:00,7.797,374.079
2019-03-04 13:00,2019-03-04 14:00,8.254,440.765
2019-03-04 14:00,2019-03-04 15:00,8.499,353.739
2019-03-04 15:00,2019-03-04 16:00,8.342,212.984
2019-03-04 16:00,2019-03-04 17:00,7.816,56.961
2019-03-04 17:00,2019-03-04 18:00,7.299,0.436
2019-03-04 18:00,2019-03-04 19:00,7.063,0
2019-03-04 19:00,2019-03-04 20:00,7.095,0
2019-03-04 20:00,2019-03-04 21:00,7.140,0
2019-03-04 21:00,2019-03-04 22:00,6.974,0
2019-03-04 22:00,2019-03-04 23:00,6.769,0
2019-03-04 23:00,2019-03-05 00:00,6.624,0
2019-03-05 00:00,2019-03-05 01:00,6.521,0
2019-03-05 01:00,2019-03-05 02:00,6.314,0
2019-03-05 02:00,2019-03-05 03:00,6.031,0
2019-03-05 03:00,2019-03-05 04:00,5.880,0
2019-03-05 04:00,2019-03-05 05:00,5.789,0
2019-03-05 05:00,2019-03-05 06:00,5.662,0
2019-03-05 06:00,2019-03-05 07:00,5.669,18.802
2019-03-05 07:00,2019-03-05 08:00,6.243,132.637
2019-03-05 08:00,2019-03-05 09:00,7.030,275.590
2019-03-05 09:00,2019-03-05 10:00,7.672,388.013
2019-03-05 10:00,2019-03-05 11:00,8.140,441.920
2019-03-05 11:00,2019-03-05 12:00,8.479,440.809
2019-03-05 12:00,2019-03-05 13:00,8.796,442.907
2019-03-05 13:00,2019-03-05 14:00,9.077,427.355
2019-03-05 14:00,2019-03-05 15:00,9.104,331.534
2019-03-05 15:00,2019-03-05 16:00,8.899,201.060
2019-03-05 16:00,2019-03-05 17:00,8.098,50.723
2019-03-05 17:00,2019-03-05 18:00,7.069,0.656
2019-03-05 18:00,2019-03-05 19:00,7.097,0
2019-03-05 19:00,2019-03-05 20:00,7.090,0
2019-03-05 20:00,2019-03-05 21:00,6.795,0
2019-03-05 21:00,2019-03-05 22:00,6.468,0
2019-03-05 22:00,2019-03-05 23:00,6.442,0
2019-03-05 23:00,2019-03-06 00:00,6.656,0
2019-03-06 00:00,2019-03-06 01:00,7.023,0
2019-03-06 01:00,2019-03-06 02:00,7.162,0
2019-03-06 02:00,2019-03-06 03:00,7.121,0
2019-03-06 03:00,2019-03-06 04:00,7.158,0
2019-03-06 04:00,2019-03-06 05:00,7.436,0
2019-03-06 05:00,2019-03-06 06:00,7.598,0
2019-03-06 06:00,2019-03-06 07:00,7.610,9.011
2019-03-06 07:00,2019-03-06 08:00,7.827,39.197
2019-03-06 08:00,2019-03-06 09:00,7.912,64.600
2019-03-06 09:00,2019-03-06 10:00,8.246,103.761
2019-03-06 10:00,2019-03-06 11:00,8.457,86.216
2019-03-06 11:00,2019-03-06 12:00,8.612,98.426
2019-03-06 12:00,2019-03-06 13:00,8.914,101.085
2019-03-06 13:00,2019-03-06 14:00,9.349,109.761
2019-03-06 14:00,2019-03-06 15:00,9.525,67.739
2019-03-06 15:00,2019-03-06 16:00,9.444,28.102
2019-03-06 16:00,2019-03-06 17:00,9.377,7.126
2019-03-06 17:00,2019-03-06 18:00,9.420,0.234
2019-03-06 18:00,2019-03-06 19:00,9.389,0
2019-03-06 19:00,2019-03-06 20:00,9.332,0
2019-03-06 20:00,2019-03-06 21:00,9.284,0
2019-03-06 21:00,2019-03-06 22:00,9.270,0
2019-03-06 22:00,2019-03-06 23:00,9.381,0
2019-03-06 23:00,2019-03-07 00:00,9.427,0
2019-03-07 00:00,2019-03-07 01:00,9.390,0
2019-03-07 01:00,2019-03-07 02:00,9.105,0
2019-03-07 02:00,2019-03-07 03:00,8.598,0
2019-03-07 03:00,2019-03-07 04:00,8.107,0
2019-03-07 04:00,2019-03-07 05:00,8.069,0
2019-03-07 05:00,2019-03-07 06:00,7.971,0
2019-03-07 06:00,2019-03-07 07:00,7.385,10.391
2019-03-07 07:00,2019-03-07 08:00,7.300,44.904
2019-03-07 08:00,2019-03-07 09:00,7.694,104.597
2019-03-07 09:00,2019-03-07 10:00,8.382,282.792
2019-03-07 10:00,2019-03-07 11:00,9.295,500.368
2019-03-07 11:00,2019-03-07 12:00,9.734,436.821
2019-03-07 12:00,2019-03-07 13:00,9.518,306.805
2019-03-07 13:00,2019-03-07 14:00,9.376,269.559
2019-03-07 14:00,2019-03-07 15:00,9.344,251.413
2019-03-07 15:00,2019-03-07 16:00,9.280,202.395
2019-03-07 16:00,2019-03-07 17:00,8.914,76.676
2019-03-07 17:00,2019-03-07 18:00,8.476,1.389
2019-03-07 18:00,2019-03-07 19:00,8.269,0
2019-03-07 19:00,2019-03-07 20:00,8.079,0
2019-03-07 20:00,2019-03-07 21:00,7.840,0
2019-03-07 21:00,2019-03-07 22:00,7.667,0
2019-03-07 22:00,2019-03-07 23:00,7.454,0
2019-03-07 23:00,2019-03-08 00:00,7.224,0
2019-03-08 00:00,2019-03-08 01:00,7.060,0
2019-03-08 01:00,2019-03-08 02:00,6.941,0
2019-03-08 02:00,2019-03-08 03:00,6.827,0
2019-03-08 03:00,2019-03-08 04:00,6.632,0
2019-03-08 04:00,2019-03-08 05:00,6.374,0
2019-03-08 05:00,2019-03-08 06:00,6.067,0
2019-03-08 06:00,2019-03-08 07:00,5.928,29.229
2019-03-08 07:00,2019-03-08 08:00,6.625,156.535
2019-03-08 08:00,2019-03-08 09:00,7.361,298.561
2019-03-08 09:00,2019-03-08 10:00,7.887,422.102
2019-03-08 10:00,2019-03-08 11:00,8.256,507.399
2019-03-08 11:00,2019-03-08 12:00,8.544,549.890
2019-03-08 12:00,2019-03-08 13:00,8.764,530.160
2019-03-08 13:00,2019-03-08 14:00,9.004,482.366
2019-03-08 14:00,2019-03-08 15:00,9.127,343.330
2019-03-08 15:00,2019-03-08 16:00,8.658,72.121
2019-03-08 16:00,2019-03-08 17:00,8.260,21.484
2019-03-08 17:00,2019-03-08 18:00,8.012,0.777
2019-03-08 18:00,2019-03-08 19:00,7.803,0
2019-03-08 19:00,2019-03-08 20:00,7.574,0
2019-03-08 20:00,2019-03-08 21:00,7.374,0
2019-03-08 21:00,2019-03-08 22:00,7.217,0
2019-03-08 22:00,2019-03-08 23:00,7.004,0
2019-03-08 23:00,2019-03-09 00:00,6.789,0
2019-03-09 00:00,2019-03-09 01:00,7.402,0
2019-03-09 01:00,2019-03-09 02:00,8.173,0
2019-03-09 02:00,2019-03-09 03:00,8.539,0
2019-03-09 03:00,2019-03-09 04:00,8.492,0
2019-03-09 04:00,2019-03-09 05:00,7.847,0
2019-03-09 05:00,2019-03-09 06:00,7.397,0
2019-03-09 06:00,2019-03-09 07:00,7.400,32.427
2019-03-09 07:00,2019-03-09 08:00,8.072,156.560
2019-03-09 08:00,2019-03-09 09:00,8.715,202.528
2019-03-09 09:00,2019-03-09 10:00,9.008,230.738
2019-03-09 10:00,2019-03-09 11:00,9.332,295.253
2019-03-09 11:00,2019-03-09 12:00,9.840,310.480
2019-03-09 12:00,2019-03-09 13:00,10.348,326.740
2019-03-09 13:00,2019-03-09 14:00,10.743,356.572
2019-03-09 14:00,2019-03-09 15:00,10.520,217.444
2019-03-09 15:00,2019-03-09 16:00,10.190,103.691
2019-03-09 16:00,2019-03-09 17:00,9.734,55.763
2019-03-09 17:00,2019-03-09 18:00,8.998,2.603
2019-03-09 18:00,2019-03-09 19:00,8.536,0
2019-03-09 19:00,2019-03-09 20:00,8.404,0
2019-03-09 20:00,2019-03-09 21:00,8.214,0
2019-03-09 21:00,2019-03-09 22:00,7.922,0
2019-03-09 22:00,2019-03-09 23:00,7.612,0
2019-03-09 23:00,2019-03-10 00:00,7.200,0
2019-03-10 00:00,2019-03-10 01:00,6.843,0
2019-03-10 01:00,2019-03-10 02:00,6.638,0
2019-03-10 02:00,2019-03-10 03:00,6.110,0
2019-03-10 03:00,2019-03-10 04:00,5.521,0
2019-03-10 04:00,2019-03-10 05:00,5.157,0
2019-03-10 05:00,2019-03-10 06:00,4.960,0
2019-03-10 06:00,2019-03-10 07:00,4.678,10.335
2019-03-10 07:00,2019-03-10 08:00,4.554,37.585
2019-03-10 08:00,2019-03-10 09:00,5.364,75.583
2019-03-10 09:00,2019-03-10 10:00,6.476,83.949
2019-03-10 10:00,2019-03-10 11:00,7.154,45.871
2019-03-10 11:00,2019-03-10 12:00,6.728,117.893
2019-03-10 12:00,2019-03-10 13:00,6.220,250.587
2019-03-10 13:00,2019-03-10 14:00,6.401,281.353
2019-03-10 14:00,2019-03-10 15:00,6.396,167.793
2019-03-10 15:00,2019-03-10 16:00,6.255,88.518
2019-03-10 16:00,2019-03-10 17:00,6.274,43.760
2019-03-10 17:00,2019-03-10 18:00,6.373,2.916
2019-03-10 18:00,2019-03-10 19:00,6.438,0
2019-03-10 19:00,2019-03-10 20:00,6.356,0
2019-03-10 20:00,2019-03-10 21:00,6.097,0
2019-03-10 21:00,2019-03-10 22:00,5.869,0
2019-03-10 22:00,2019-03-10 23:00,5.732,0
2019-03-10 23:00,2019-03-11 00:00,5.554,0
2019-03-11 00:00,2019-03-11 01:00,5.273,0
2019-03-11 01:00,2019-03-11 02:00,5.146,0
2019-03-11 02:00,2019-03-11 03:00,4.944,0
2019-03-11 03:00,2019-03-11 04:00,4.553,0
2019-03-11 04:00,2019-03-11 05:00,4.083,0
2019-03-11 05:00,2019-03-11 06:00,3.738,0
2019-03-11 06:00,2019-03-11 07:00,4.161,9.314
2019-03-11 07:00,2019-03-11 08:00,5.058,110.438
2019-03-11 08:00,2019-03-11 09:00,5.727,220.518
2019-03-11 09:00,2019-03-11 10:00,6.074,264.333
2019-03-11 10:00,2019-03-11 11:00,6.729,466.299
2019-03-11 11:00,2019-03-11 12:00,7.229,509.759
2019-03-11 12:00,2019-03-11 13:00,7.430,442.980
2019-03-11 13:00,2019-03-11 14:00,7.384,318.328
2019-03-11 14:00,2019-03-11 15:00,7.446,287.634
2019-03-11 15:00,2019-03-11 16:00,7.334,197.948
2019-03-11 16:00,2019-03-11 17:00,6.944,72.239
2019-03-11 17:00,2019-03-11 18:00,6.403,4.024
2019-03-11 18:00,2019-03-11 19:00,5.837,0
2019-03-11 19:00,2019-03-11 20:00,5.082,0
2019-03-11 20:00,2019-03-11 21:00,4.418,0
2019-03-11 21:00,2019-03-11 22:00,4.119,0
2019-03-11 22:00,2019-03-11 23:00,4.356,0
2019-03-11 23:00,2019-03-12 00:00,5.007,0
2019-03-12 00:00,2019-03-12 01:00,5.334,0
2019-03-12 01:00,2019-03-12 02:00,5.277,0
2019-03-12 02:00,2019-03-12 03:00,5.120,0
2019-03-12 03:00,2019-03-12 04:00,5.001,0
2019-03-12 04:00,2019-03-12 05:00,5.041,0
2019-03-12 05:00,2019-03-12 06:00,4.889,0
2019-03-12 06:00,2019-03-12 07:00,4.808,16.227
2019-03-12 07:00,2019-03-12 08:00,5.173,58.613
2019-03-12 08:00,2019-03-12 09:00,5.770,98.213
2019-03-12 09:00,2019-03-12 10:00,6.380,125.523
2019-03-12 10:00,2019-03-12 11:00,7.014,152.074
2019-03-12 11:00,2019-03-12 12:00,7.590,142.933
2019-03-12 12:00,2019-03-12 13:00,8.176,134.694
2019-03-12 13:00,2019-03-12 14:00,8.532,90.320
2019-03-12 14:00,2019-03-12 15:00,8.858,73.837
2019-03-12 15:00,2019-03-12 16:00,8.995,51.453
2019-03-12 16:00,2019-03-12 17:00,8.385,13.860
2019-03-12 17:00,2019-03-12 18:00,7.301,0.726
2019-03-12 18:00,2019-03-12 19:00,6.859,0
2019-03-12 19:00,2019-03-12 20:00,6.488,0
2019-03-12 20:00,2019-03-12 21:00,5.697,0
2019-03-12 21:00,2019-03-12 22:00,5.528,0
2019-03-12 22:00,2019-03-12 23:00,5.732,0
2019-03-12 23:00,2019-03-13 00:00,5.997,0
2019-03-13 00:00,2019-03-13 01:00,6.213,0
2019-03-13 01:00,2019-03-13 02:00,6.318,0
2019-03-13 02:00,2019-03-13 03:00,6.364,0
2019-03-13 03:00,2019-03-13 04:00,6.455,0
2019-03-13 04:00,2019-03-13 05:00,6.608,0
2019-03-13 05:00,2019-03-13 06:00,6.684,0.011
2019-03-13 06:00,2019-03-13 07:00,6.792,20.256
2019-03-13 07:00,2019-03-13 08:00,7.127,90.649
2019-03-13 08:00,2019-03-13 09:00,7.712,215.419
2019-03-13 09:00,2019-03-13 10:00,8.235,284.975
2019-03-13 10:00,2019-03-13 11:00,8.488,274.092
2019-03-13 11:00,2019-03-13 12:00,8.757,303.344
2019-03-13 12:00,2019-03-13 13:00,9.106,331.943
2019-03-13 13:00,2019-03-13 14:00,9.296,306.883
2019-03-13 14:00,2019-03-13 15:00,9.220,209.140
2019-03-13 15:00,2019-03-13 16:00,9.029,161.629
2019-03-13 16:00,2019-03-13 17:00,8.671,77.255
2019-03-13 17:00,2019-03-13 18:00,8.203,5.305
2019-03-13 18:00,2019-03-13 19:00,7.895,0
2019-03-13 19:00,2019-03-13 20:00,7.672,0
2019-03-13 20:00,2019-03-13 21:00,7.374,0
2019-03-13 21:00,2019-03-13 22:00,7.291,0
2019-03-13 22:00,2019-03-13 23:00,7.335,0
2019-03-13 23:00,2019-03-14 00:00,7.239,0
2019-03-14 00:00,2019-03-14 01:00,7.164,0
2019-03-14 01:00,2019-03-14 02:00,7.054,0
2019-03-14 02:00,2019-03-14 03:00,6.861,0
2019-03-14 03:00,2019-03-14 04:00,6.620,0
2019-03-14 04:00,2019-03-14 05:00,6.473,0
2019-03-14 05:00,2019-03-14 06:00,6.417,0.008
2019-03-14 06:00,2019-03-14 07:00,6.316,7.511
2019-03-14 07:00,2019-03-14 08:00,6.213,20.590
2019-03-14 08:00,2019-03-14 09:00,6.428,42.171
2019-03-14 09:00,2019-03-14 10:00,7.203,121.335
2019-03-14 10:00,2019-03-14 11:00,8.298,133.149
2019-03-14 11:00,2019-03-14 12:00,9.397,176.671
2019-03-14 12:00,2019-03-14 13:00,10.393,355.484
2019-03-14 13:00,2019-03-14 14:00,10.633,317.321
2019-03-14 14:00,2019-03-14 15:00,10.209,349.976
2019-03-14 15:00,2019-03-14 16:00,9.636,256.330
2019-03-14 16:00,2019-03-14 17:00,8.998,110.705
2019-03-14 17:00,2019-03-14 18:00,8.346,8.261
2019-03-14 18:00,2019-03-14 19:00,8.110,0
2019-03-14 19:00,2019-03-14 20:00,7.972,0
2019-03-14 20:00,2019-03-14 21:00,7.879,0
2019-03-14 21:00,2019-03-14 22:00,7.667,0
2019-03-14 22:00,2019-03-14 23:00,7.480,0
2019-03-14 23:00,2019-03-15 00:00,7.366,0
2019-03-15 00:00,2019-03-15 01:00,7.337,0
2019-03-15 01:00,2019-03-15 02:00,7.282,0
2019-03-15 02:00,2019-03-15 03:00,7.132,0
2019-03-15 03:00,2019-03-15 04:00,6.736,0
2019-03-15 04:00,2019-03-15 05:00,6.457,0
2019-03-15 05:00,2019-03-15 06:00,6.488,0.020
2019-03-15 06:00,2019-03-15 07:00,7.127,5.319
2019-03-15 07:00,2019-03-15 08:00,8.829,28.052
2019-03-15 08:00,2019-03-15 09:00,9.603,77.531
2019-03-15 09:00,2019-03-15 10:00,10.033,133.175
2019-03-15 10:00,2019-03-15 11:00,10.469,245.508
2019-03-15 11:00,2019-03-15 12:00,11.057,363.951
2019-03-15 12:00,2019-03-15 13:00,11.279,391.933
2019-03-15 13:00,2019-03-15 14:00,11.370,395.171
2019-03-15 14:00,2019-03-15 15:00,11.226,257.639
2019-03-15 15:00,2019-03-15 16:00,10.795,138.428
2019-03-15 16:00,2019-03-15 17:00,10.202,53.694
2019-03-15 17:00,2019-03-15 18:00,9.614,5.016
2019-03-15 18:00,2019-03-15 19:00,9.154,0
2019-03-15 19:00,2019-03-15 20:00,8.674,0
2019-03-15 20:00,2019-03-15 21:00,8.224,0
2019-03-15 21:00,2019-03-15 22:00,7.772,0
2019-03-15 22:00,2019-03-15 23:00,7.602,0
2019-03-15 23:00,2019-03-16 00:00,7.422,0
2019-03-16 00:00,2019-03-16 01:00,7.340,0
2019-03-16 01:00,2019-03-16 02:00,7.464,0
2019-03-16 02:00,2019-03-16 03:00,7.485,0
2019-03-16 03:00,2019-03-16 04:00,7.379,0
2019-03-16 04:00,2019-03-16 05:00,7.393,0
2019-03-16 05:00,2019-03-16 06:00,7.887,0.013
2019-03-16 06:00,2019-03-16 07:00,8.550,6.932
2019-03-16 07:00,2019-03-16 08:00,9.148,36.076
2019-03-16 08:00,2019-03-16 09:00,9.409,107.790
2019-03-16 09:00,2019-03-16 10:00,9.849,207.245
2019-03-16 10:00,2019-03-16 11:00,10.213,259.191
2019-03-16 11:00,2019-03-16 12:00,10.529,304.758
2019-03-16 12:00,2019-03-16 13:00,10.743,317.725
2019-03-16 13:00,2019-03-16 14:00,10.476,209.956
2019-03-16 14:00,2019-03-16 15:00,10.648,285.287
2019-03-16 15:00,2019-03-16 16:00,10.443,187.364
2019-03-16 16:00,2019-03-16 17:00,10.011,84.305
2019-03-16 17:00,2019-03-16 18:00,9.635,6.401
2019-03-16 18:00,2019-03-16 19:00,9.437,0
2019-03-16 19:00,2019-03-16 20:00,9.363,0
2019-03-16 20:00,2019-03-16 21:00,9.355,0
2019-03-16 21:00,2019-03-16 22:00,9.446,0
2019-03-16 22:00,2019-03-16 23:00,9.441,0
2019-03-16 23:00,2019-03-17 00:00,9.200,0
2019-03-17 00:00,2019-03-17 01:00,8.823,0
2019-03-17 01:00,2019-03-17 02:00,8.548,0
2019-03-17 02:00,2019-03-17 03:00,8.406,0
2019-03-17 03:00,2019-03-17 04:00,8.025,0
2019-03-17 04:00,2019-03-17 05:00,7.279,0
2019-03-17 05:00,2019-03-17 06:00,6.544,0.445
2019-03-17 06:00,2019-03-17 07:00,6.408,57.954
2019-03-17 07:00,2019-03-17 08:00,6.966,165.902
2019-03-17 08:00,2019-03-17 09:00,7.399,274.768
2019-03-17 09:00,2019-03-17 10:00,7.652,372.534
2019-03-17 10:00,2019-03-17 11:00,7.791,422.012
2019-03-17 11:00,2019-03-17 12:00,7.860,431.720
2019-03-17 12:00,2019-03-17 13:00,7.894,393.601
2019-03-17 13:00,2019-03-17 14:00,7.742,327.916
2019-03-17 14:00,2019-03-17 15:00,7.491,243.958
2019-03-17 15:00,2019-03-17 16:00,7.247,158.015
2019-03-17 16:00,2019-03-17 17:00,7.066,82.636
2019-03-17 17:00,2019-03-17 18:00,6.554,9.625
2019-03-17 18:00,2019-03-17 19:00,6.289,0
2019-03-17 19:00,2019-03-17 20:00,6.129,0
2019-03-17 20:00,2019-03-17 21:00,5.922,0
2019-03-17 21:00,2019-03-17 22:00,5.776,0
2019-03-17 22:00,2019-03-17 23:00,5.855,0
2019-03-17 23:00,2019-03-18 00:00,6.015,0
2019-03-18 00:00,2019-03-18 01:00,6.051,0
2019-03-18 01:00,2019-03-18 02:00,5.805,0
2019-03-18 02:00,2019-03-18 03:00,5.310,0
2019-03-18 03:00,2019-03-18 04:00,4.979,0
2019-03-18 04:00,2019-03-18 05:00,4.822,0
2019-03-18 05:00,2019-03-18 06:00,4.728,0.901
2019-03-18 06:00,2019-03-18 07:00,5.392,72.383
2019-03-18 07:00,2019-03-18 08:00,6.545,216.127
2019-03-18 08:00,2019-03-18 09:00,7.146,356.853
2019-03-18 09:00,2019-03-18 10:00,7.592,462.941
2019-03-18 10:00,2019-03-18 11:00,7.950,543.101
2019-03-18 11:00,2019-03-18 12:00,8.157,564.447
2019-03-18 12:00,2019-03-18 13:00,8.269,555.521
2019-03-18 13:00,2019-03-18 14:00,8.222,504.501
2019-03-18 14:00,2019-03-18 15:00,8.015,411.007
2019-03-18 15:00,2019-03-18 16:00,7.708,291.959
2019-03-18 16:00,2019-03-18 17:00,7.069,142.066
2019-03-18 17:00,2019-03-18 18:00,5.364,17.857
2019-03-18 18:00,2019-03-18 19:00,4.610,0
2019-03-18 19:00,2019-03-18 20:00,4.505,0
2019-03-18 20:00,2019-03-18 21:00,4.587,0
2019-03-18 21:00,2019-03-18 22:00,4.606,0
2019-03-18 22:00,2019-03-18 23:00,4.469,0
2019-03-18 23:00,2019-03-19 00:00,4.303,0
2019-03-19 00:00,2019-03-19 01:00,3.971,0
2019-03-19 01:00,2019-03-19 02:00,3.513,0
2019-03-19 02:00,2019-03-19 03:00,3.124,0
2019-03-19 03:00,2019-03-19 04:00,2.854,0
2019-03-19 04:00,2019-03-19 05:00,2.483,0
2019-03-19 05:00,2019-03-19 06:00,2.099,1.312
2019-03-19 06:00,2019-03-19 07:00,2.985,70.341
2019-03-19 07:00,2019-03-19 08:00,4.634,204.782
2019-03-19 08:00,2019-03-19 09:00,6.008,339.929
2019-03-19 09:00,2019-03-19 10:00,7.841,456.157
2019-03-19 10:00,2019-03-19 11:00,9.146,539.820
2019-03-19 11:00,2019-03-19 12:00,9.976,575.115
2019-03-19 12:00,2019-03-19 13:00,10.288,530.517
2019-03-19 13:00,2019-03-19 14:00,10.385,466.310
2019-03-19 14:00,2019-03-19 15:00,10.309,363.619
2019-03-19 15:00,2019-03-19 16:00,10.200,286.012
2019-03-19 16:00,2019-03-19 17:00,9.489,137.243
2019-03-19 17:00,2019-03-19 18:00,7.658,17.664
2019-03-19 18:00,2019-03-19 19:00,6.960,0
2019-03-19 19:00,2019-03-19 20:00,6.911,0
2019-03-19 20:00,2019-03-19 21:00,6.596,0
2019-03-19 21:00,2019-03-19 22:00,6.317,0
2019-03-19 22:00,2019-03-19 23:00,6.258,0
2019-03-19 23:00,2019-03-20 00:00,6.082,0
2019-03-20 00:00,2019-03-20 01:00,6.161,0
2019-03-20 01:00,2019-03-20 02:00,6.293,0
2019-03-20 02:00,2019-03-20 03:00,6.604,0
2019-03-20 03:00,2019-03-20 04:00,6.875,0
2019-03-20 04:00,2019-03-20 05:00,6.978,0
2019-03-20 05:00,2019-03-20 06:00,6.926,0.793
2019-03-20 06:00,2019-03-20 07:00,7.130,41.030
2019-03-20 07:00,2019-03-20 08:00,7.626,99.245
2019-03-20 08:00,2019-03-20 09:00,8.181,144.203
2019-03-20 09:00,2019-03-20 10:00,9.019,223.728
2019-03-20 10:00,2019-03-20 11:00,10.025,375.625
2019-03-20 11:00,2019-03-20 12:00,11.007,511.362
2019-03-20 12:00,2019-03-20 13:00,11.517,514.334
2019-03-20 13:00,2019-03-20 14:00,11.479,403.956
2019-03-20 14:00,2019-03-20 15:00,11.233,295.572
2019-03-20 15:00,2019-03-20 16:00,10.896,202.915
2019-03-20 16:00,2019-03-20 17:00,10.329,101.983
2019-03-20 17:00,2019-03-20 18:00,9.120,14.234
2019-03-20 18:00,2019-03-20 19:00,8.471,0
2019-03-20 19:00,2019-03-20 20:00,8.378,0
2019-03-20 20:00,2019-03-20 21:00,8.286,0
2019-03-20 21:00,2019-03-20 22:00,8.133,0
2019-03-20 22:00,2019-03-20 23:00,7.864,0
2019-03-20 23:00,2019-03-21 00:00,7.517,0
2019-03-21 00:00,2019-03-21 01:00,7.092,0
2019-03-21 01:00,2019-03-21 02:00,6.657,0
2019-03-21 02:00,2019-03-21 03:00,6.414,0
2019-03-21 03:00,2019-03-21 04:00,6.478,0
2019-03-21 04:00,2019-03-21 05:00,6.731,0
2019-03-21 05:00,2019-03-21 06:00,6.578,1.226
2019-03-21 06:00,2019-03-21 07:00,6.650,34.325
2019-03-21 07:00,2019-03-21 08:00,6.856,83.731
2019-03-21 08:00,2019-03-21 09:00,7.324,128.364
2019-03-21 09:00,2019-03-21 10:00,8.384,198.305
2019-03-21 10:00,2019-03-21 11:00,9.561,289.571
2019-03-21 11:00,2019-03-21 12:00,9.890,268.865
2019-03-21 12:00,2019-03-21 13:00,9.955,255.167
2019-03-21 13:00,2019-03-21 14:00,10,250.376
2019-03-21 14:00,2019-03-21 15:00,9.924,210.435
2019-03-21 15:00,2019-03-21 16:00,9.734,153.269
2019-03-21 16:00,2019-03-21 17:00,9.329,81.401
2019-03-21 17:00,2019-03-21 18:00,8.359,12.949
2019-03-21 18:00,2019-03-21 19:00,7.662,0
2019-03-21 19:00,2019-03-21 20:00,7.422,0
2019-03-21 20:00,2019-03-21 21:00,7.280,0
2019-03-21 21:00,2019-03-21 22:00,7.001,0
2019-03-21 22:00,2019-03-21 23:00,6.623,0
2019-03-21 23:00,2019-03-22 00:00,6.291,0
2019-03-22 00:00,2019-03-22 01:00,6.044,0
2019-03-22 01:00,2019-03-22 02:00,5.799,0
2019-03-22 02:00,2019-03-22 03:00,5.820,0
2019-03-22 03:00,2019-03-22 04:00,5.838,0
2019-03-22 04:00,2019-03-22 05:00,5.593,0
2019-03-22 05:00,2019-03-22 06:00,5.233,1.305
2019-03-22 06:00,2019-03-22 07:00,5.129,31.396
2019-03-22 07:00,2019-03-22 08:00,5.553,86.755
2019-03-22 08:00,2019-03-22 09:00,6.585,157.157
2019-03-22 09:00,2019-03-22 10:00,8.000,298.635
2019-03-22 10:00,2019-03-22 11:00,9.632,454.786
2019-03-22 11:00,2019-03-22 12:00,11.332,551.201
2019-03-22 12:00,2019-03-22 13:00,12.650,606.454
2019-03-22 13:00,2019-03-22 14:00,13.453,551.418
2019-03-22 14:00,2019-03-22 15:00,13.787,448.780
2019-03-22 15:00,2019-03-22 16:00,13.534,310.120
2019-03-22 16:00,2019-03-22 17:00,12.247,155.158
2019-03-22 17:00,2019-03-22 18:00,9.644,25.471
2019-03-22 18:00,2019-03-22 19:00,7.972,0
2019-03-22 19:00,2019-03-22 20:00,6.979,0
2019-03-22 20:00,2019-03-22 21:00,6.397,0
2019-03-22 21:00,2019-03-22 22:00,6.374,0
2019-03-22 22:00,2019-03-22 23:00,6.667,0
2019-03-22 23:00,2019-03-23 00:00,6.782,0
2019-03-23 00:00,2019-03-23 01:00,6.954,0
2019-03-23 01:00,2019-03-23 02:00,7.189,0
2019-03-23 02:00,2019-03-23 03:00,7.447,0
2019-03-23 03:00,2019-03-23 04:00,7.592,0
2019-03-23 04:00,2019-03-23 05:00,7.676,0
2019-03-23 05:00,2019-03-23 06:00,7.703,1.385
2019-03-23 06:00,2019-03-23 07:00,8.222,33.178
2019-03-23 07:00,2019-03-23 08:00,8.901,92.656
2019-03-23 08:00,2019-03-23 09:00,9.642,198.359
2019-03-23 09:00,2019-03-23 10:00,10.359,295.034
2019-03-23 10:00,2019-03-23 11:00,10.633,333.580
2019-03-23 11:00,2019-03-23 12:00,10.677,401.386
2019-03-23 12:00,2019-03-23 13:00,10.706,457.553
2019-03-23 13:00,2019-03-23 14:00,10.533,410.597
2019-03-23 14:00,2019-03-23 15:00,10.180,322.574
2019-03-23 15:00,2019-03-23 16:00,9.608,206.846
2019-03-23 16:00,2019-03-23 17:00,8.767,93.223
2019-03-23 17:00,2019-03-23 18:00,7.658,17.665
2019-03-23 18:00,2019-03-23 19:00,6.869,0
2019-03-23 19:00,2019-03-23 20:00,6.374,0
2019-03-23 20:00,2019-03-23 21:00,5.830,0
2019-03-23 21:00,2019-03-23 22:00,5.274,0
2019-03-23 22:00,2019-03-23 23:00,4.764,0
2019-03-23 23:00,2019-03-24 00:00,4.264,0
2019-03-24 00:00,2019-03-24 01:00,3.856,0
2019-03-24 01:00,2019-03-24 02:00,3.612,0
2019-03-24 02:00,2019-03-24 03:00,3.606,0
2019-03-24 03:00,2019-03-24 04:00,3.736,0
2019-03-24 04:00,2019-03-24 05:00,3.915,0
2019-03-24 05:00,2019-03-24 06:00,3.799,3.944
2019-03-24 06:00,2019-03-24 07:00,4.063,76.434
2019-03-24 07:00,2019-03-24 08:00,4.796,185.193
2019-03-24 08:00,2019-03-24 09:00,5.877,276.712
2019-03-24 09:00,2019-03-24 10:00,7.385,469.539
2019-03-24 10:00,2019-03-24 11:00,8.609,615.809
2019-03-24 11:00,2019-03-24 12:00,9.260,665.113
2019-03-24 12:00,2019-03-24 13:00,9.526,648.065
2019-03-24 13:00,2019-03-24 14:00,9.536,583.195
2019-03-24 14:00,2019-03-24 15:00,9.305,475.404
2019-03-24 15:00,2019-03-24 16:00,8.813,333.199
2019-03-24 16:00,2019-03-24 17:00,8.100,172.731
2019-03-24 17:00,2019-03-24 18:00,6.592,32.353
2019-03-24 18:00,2019-03-24 19:00,5.523,0
2019-03-24 19:00,2019-03-24 20:00,5.417,0
2019-03-24 20:00,2019-03-24 21:00,5.669,0
2019-03-24 21:00,2019-03-24 22:00,6.338,0
2019-03-24 22:00,2019-03-24 23:00,7.015,0
2019-03-24 23:00,2019-03-25 00:00,7.373,0
2019-03-25 00:00,2019-03-25 01:00,7.418,0
2019-03-25 01:00,2019-03-25 02:00,7.210,0
2019-03-25 02:00,2019-03-25 03:00,6.779,0
2019-03-25 03:00,2019-03-25 04:00,6.389,0
2019-03-25 04:00,2019-03-25 05:00,6.257,0
2019-03-25 05:00,2019-03-25 06:00,6.198,6.222
2019-03-25 06:00,2019-03-25 07:00,6.624,99.372
2019-03-25 07:00,2019-03-25 08:00,7.182,188.693
2019-03-25 08:00,2019-03-25 09:00,7.823,323.370
2019-03-25 09:00,2019-03-25 10:00,8.396,452.943
2019-03-25 10:00,2019-03-25 11:00,8.896,555.173
2019-03-25 11:00,2019-03-25 12:00,9.113,608.428
2019-03-25 12:00,2019-03-25 13:00,9.073,597.937
2019-03-25 13:00,2019-03-25 14:00,8.907,529.976
2019-03-25 14:00,2019-03-25 15:00,8.670,366.749
2019-03-25 15:00,2019-03-25 16:00,8.399,234.070
2019-03-25 16:00,2019-03-25 17:00,8.053,123.134
2019-03-25 17:00,2019-03-25 18:00,7.456,31.950
2019-03-25 18:00,2019-03-25 19:00,6.965,0
2019-03-25 19:00,2019-03-25 20:00,6.733,0
2019-03-25 20:00,2019-03-25 21:00,6.578,0
2019-03-25 21:00,2019-03-25 22:00,6.511,0
2019-03-25 22:00,2019-03-25 23:00,6.429,0
2019-03-25 23:00,2019-03-26 00:00,6.095,0
2019-03-26 00:00,2019-03-26 01:00,6.011,0
2019-03-26 01:00,2019-03-26 02:00,5.783,0
2019-03-26 02:00,2019-03-26 03:00,5.635,0
2019-03-26 03:00,2019-03-26 04:00,5.540,0
2019-03-26 04:00,2019-03-26 05:00,5.510,0
2019-03-26 05:00,2019-03-26 06:00,5.565,4.775
2019-03-26 06:00,2019-03-26 07:00,6.411,73.091
2019-03-26 07:00,2019-03-26 08:00,7.355,194.695
2019-03-26 08:00,2019-03-26 09:00,7.990,281.200
2019-03-26 09:00,2019-03-26 10:00,8.480,369.217
2019-03-26 10:00,2019-03-26 11:00,8.993,484.685
2019-03-26 11:00,2019-03-26 12:00,9.364,516.879
2019-03-26 12:00,2019-03-26 13:00,9.288,451.993
2019-03-26 13:00,2019-03-26 14:00,9.016,394.624
2019-03-26 14:00,2019-03-26 15:00,8.880,397.496
2019-03-26 15:00,2019-03-26 16:00,8.682,306.069
2019-03-26 16:00,2019-03-26 17:00,8.162,126.965
2019-03-26 17:00,2019-03-26 18:00,7.153,29.206
2019-03-26 18:00,2019-03-26 19:00,6.256,0
2019-03-26 19:00,2019-03-26 20:00,6.092,0
2019-03-26 20:00,2019-03-26 21:00,5.776,0
2019-03-26 21:00,2019-03-26 22:00,5.515,0
2019-03-26 22:00,2019-03-26 23:00,5.349,0
2019-03-26 23:00,2019-03-27 00:00,5.203,0
2019-03-27 00:00,2019-03-27 01:00,5.213,0
2019-03-27 01:00,2019-03-27 02:00,5.257,0
2019-03-27 02:00,2019-03-27 03:00,5.287,0
2019-03-27 03:00,2019-03-27 04:00,5.298,0
2019-03-27 04:00,2019-03-27 05:00,5.248,0
2019-03-27 05:00,2019-03-27 06:00,5.329,8.524
2019-03-27 06:00,2019-03-27 07:00,6.487,107.557
2019-03-27 07:00,2019-03-27 08:00,8.285,260.034
2019-03-27 08:00,2019-03-27 09:00,9.342,413.323
2019-03-27 09:00,2019-03-27 10:00,10.132,545.564
2019-03-27 10:00,2019-03-27 11:00,10.704,628.100
2019-03-27 11:00,2019-03-27 12:00,11.090,661.990
2019-03-27 12:00,2019-03-27 13:00,11.288,640.876
2019-03-27 13:00,2019-03-27 14:00,11.266,571.271
2019-03-27 14:00,2019-03-27 15:00,10.946,413.184
2019-03-27 15:00,2019-03-27 16:00,10.391,245.024
2019-03-27 16:00,2019-03-27 17:00,9.672,117.855
2019-03-27 17:00,2019-03-27 18:00,8.658,27.666
2019-03-27 18:00,2019-03-27 19:00,7.602,0
2019-03-27 19:00,2019-03-27 20:00,7.199,0
2019-03-27 20:00,2019-03-27 21:00,6.952,0
2019-03-27 21:00,2019-03-27 22:00,6.812,0
2019-03-27 22:00,2019-03-27 23:00,6.692,0
2019-03-27 23:00,2019-03-28 00:00,6.602,0
2019-03-28 00:00,2019-03-28 01:00,6.461,0
2019-03-28 01:00,2019-03-28 02:00,6.303,0
2019-03-28 02:00,2019-03-28 03:00,6.212,0
2019-03-28 03:00,2019-03-28 04:00,6.237,0
2019-03-28 04:00,2019-03-28 05:00,6.241,0
2019-03-28 05:00,2019-03-28 06:00,6.358,7.769
2019-03-28 06:00,2019-03-28 07:00,7.380,89.403
2019-03-28 07:00,2019-03-28 08:00,8.623,203.566
2019-03-28 08:00,2019-03-28 09:00,9.529,314.909
2019-03-28 09:00,2019-03-28 10:00,10.187,398.804
2019-03-28 10:00,2019-03-28 11:00,10.554,431.681
2019-03-28 11:00,2019-03-28 12:00,10.625,402.328
2019-03-28 12:00,2019-03-28 13:00,10.480,312.898
2019-03-28 13:00,2019-03-28 14:00,10.269,250.721
2019-03-28 14:00,2019-03-28 15:00,10.026,184.926
2019-03-28 15:00,2019-03-28 16:00,9.879,141.267
2019-03-28 16:00,2019-03-28 17:00,9.757,94.124
2019-03-28 17:00,2019-03-28 18:00,8.955,28.314
2019-03-28 18:00,2019-03-28 19:00,8.098,0
2019-03-28 19:00,2019-03-28 20:00,7.892,0
2019-03-28 20:00,2019-03-28 21:00,7.781,0
2019-03-28 21:00,2019-03-28 22:00,7.567,0
2019-03-28 22:00,2019-03-28 23:00,7.104,0
2019-03-28 23:00,2019-03-29 00:00,6.617,0
2019-03-29 00:00,2019-03-29 01:00,6.216,0
2019-03-29 01:00,2019-03-29 02:00,5.881,0
2019-03-29 02:00,2019-03-29 03:00,5.617,0
2019-03-29 03:00,2019-03-29 04:00,5.267,0
2019-03-29 04:00,2019-03-29 05:00,4.843,0
2019-03-29 05:00,2019-03-29 06:00,4.549,12.091
2019-03-29 06:00,2019-03-29 07:00,5.718,123.096
2019-03-29 07:00,2019-03-29 08:00,7.051,279.697
2019-03-29 08:00,2019-03-29 09:00,8.609,436.612
2019-03-29 09:00,2019-03-29 10:00,10.983,560.376
2019-03-29 10:00,2019-03-29 11:00,12.554,643.178
2019-03-29 11:00,2019-03-29 12:00,13.462,677.993
2019-03-29 12:00,2019-03-29 13:00,14.150,659.152
2019-03-29 13:00,2019-03-29 14:00,14.701,594.472
2019-03-29 14:00,2019-03-29 15:00,15.034,486.156
2019-03-29 15:00,2019-03-29 16:00,15.056,345.285
2019-03-29 16:00,2019-03-29 17:00,14.711,188.729
2019-03-29 17:00,2019-03-29 18:00,13.281,46.826
2019-03-29 18:00,2019-03-29 19:00,11.551,0.002
2019-03-29 19:00,2019-03-29 20:00,10.239,0
2019-03-29 20:00,2019-03-29 21:00,9.425,0
2019-03-29 21:00,2019-03-29 22:00,8.984,0
2019-03-29 22:00,2019-03-29 23:00,8.635,0
2019-03-29 23:00,2019-03-30 00:00,8.274,0
2019-03-30 00:00,2019-03-30 01:00,7.879,0
2019-03-30 01:00,2019-03-30 02:00,7.458,0
2019-03-30 02:00,2019-03-30 03:00,7.005,0
2019-03-30 03:00,2019-03-30 04:00,6.536,0
2019-03-30 04:00,2019-03-30 05:00,6.109,0
2019-03-30 05:00,2019-03-30 06:00,5.943,13.872
2019-03-30 06:00,2019-03-30 07:00,7.556,126.191
2019-03-30 07:00,2019-03-30 08:00,8.898,283.954
2019-03-30 08:00,2019-03-30 09:00,10.361,434.870
2019-03-30 09:00,2019-03-30 10:00,12.326,548.877
2019-03-30 10:00,2019-03-30 11:00,14.405,630.146
2019-03-30 11:00,2019-03-30 12:00,15.191,664.206
2019-03-30 12:00,2019-03-30 13:00,15.371,628.652
2019-03-30 13:00,2019-03-30 14:00,15.300,567.171
2019-03-30 14:00,2019-03-30 15:00,15.042,462.649
2019-03-30 15:00,2019-03-30 16:00,14.549,319.924
2019-03-30 16:00,2019-03-30 17:00,13.550,167.274
2019-03-30 17:00,2019-03-30 18:00,11.544,41.077
2019-03-30 18:00,2019-03-30 19:00,10.051,0.018
2019-03-30 19:00,2019-03-30 20:00,9.414,0
2019-03-30 20:00,2019-03-30 21:00,8.879,0
2019-03-30 21:00,2019-03-30 22:00,8.367,0
2019-03-30 22:00,2019-03-30 23:00,7.787,0
2019-03-30 23:00,2019-03-31 00:00,7.266,0
2019-03-31 00:00,2019-03-31 01:00,6.799,0
2019-03-31 01:00,2019-03-31 03:00,6.816,0
2019-03-31 02:00,2019-03-31 04:00,7.121,0
2019-03-31 03:00,2019-03-31 05:00,7.219,0
2019-03-31 04:00,2019-03-31 06:00,7.174,0
2019-03-31 05:00,2019-03-31 07:00,7.162,7.128
2019-03-31 06:00,2019-03-31 08:00,7.567,56.187
2019-03-31 07:00,2019-03-31 09:00,8.067,142.395
2019-03-31 08:00,2019-03-31 10:00,8.576,248.483
2019-03-31 09:00,2019-03-31 11:00,9.156,409.423
2019-03-31 10:00,2019-03-31 12:00,9.896,546.448
2019-03-31 11:00,2019-03-31 13:00,10.620,638.382
2019-03-31 12:00,2019-03-31 14:00,11.135,653.742
2019-03-31 13:00,2019-03-31 15:00,11.353,602.100
2019-03-31 14:00,2019-03-31 16:00,11.268,500.226
2019-03-31 15:00,2019-03-31 17:00,10.949,362.348
2019-03-31 16:00,2019-03-31 18:00,10.268,204.935
2019-03-31 17:00,2019-03-31 19:00,8.908,56.910
2019-03-31 18:00,2019-03-31 20:00,7.479,0.082
2019-03-31 19:00,2019-03-31 21:00,6.586,0
2019-03-31 20:00,2019-03-31 22:00,5.772,0
2019-03-31 21:00,2019-03-31 23:00,5.084,0
2019-03-31 22:00,2019-04-01 00:00,4.498,0
2019-03-31 23:00,2019-04-01 01:00,4.000,0
2019-04-01 00:00,2019-04-01 02:00,3.611,0
2019-04-01 01:00,2019-04-01 03:00,3.281,0
2019-04-01 02:00,2019-04-01 04:00,3.034,0
2019-04-01 03:00,2019-04-01 05:00,2.794,0
2019-04-01 04:00,2019-04-01 06:00,2.499,0
2019-04-01 05:00,2019-04-01 07:00,2.303,18.589
2019-04-01 06:00,2019-04-01 08:00,2.933,144.481
2019-04-01 07:00,2019-04-01 09:00,4.262,307.704
2019-04-01 08:00,2019-04-01 10:00,5.892,460.579
2019-04-01 09:00,2019-04-01 11:00,7.859,584.362
2019-04-01 10:00,2019-04-01 12:00,9.750,666.643
2019-04-01 11:00,2019-04-01 13:00,11.108,700.926
2019-04-01 12:00,2019-04-01 14:00,11.955,684.483
2019-04-01 13:00,2019-04-01 15:00,12.503,618.278
2019-04-01 14:00,2019-04-01 16:00,12.769,508.576
2019-04-01 15:00,2019-04-01 17:00,12.733,365.857
2019-04-01 16:00,2019-04-01 18:00,12.124,205.955
2019-04-01 17:00,2019-04-01 19:00,10.281,58.338
2019-04-01 18:00,2019-04-01 20:00,8.826,0.188
2019-04-01 19:00,2019-04-01 21:00,8.392,0
2019-04-01 20:00,2019-04-01 22:00,7.930,0
2019-04-01 21:00,2019-04-01 23:00,7.493,0
2019-04-01 22:00,2019-04-02 00:00,7.186,0
2019-04-01 23:00,2019-04-02 01:00,6.983,0
2019-04-02 00:00,2019-04-02 02:00,6.907,0
2019-04-02 01:00,2019-04-02 03:00,6.846,0
2019-04-02 02:00,2019-04-02 04:00,6.617,0
2019-04-02 03:00,2019-04-02 05:00,6.300,0
2019-04-02 04:00,2019-04-02 06:00,6.143,0
2019-04-02 05:00,2019-04-02 07:00,6.347,15.497
2019-04-02 06:00,2019-04-02 08:00,7.249,106.868
2019-04-02 07:00,2019-04-02 09:00,8.210,265.657
2019-04-02 08:00,2019-04-02 10:00,9.946,411.481
2019-04-02 09:00,2019-04-02 11:00,11.693,494.981
2019-04-02 10:00,2019-04-02 12:00,12.497,501.016
2019-04-02 11:00,2019-04-02 13:00,12.689,417.743
2019-04-02 12:00,2019-04-02 14:00,12.602,328.083
2019-04-02 13:00,2019-04-02 15:00,12.405,290.900
2019-04-02 14:00,2019-04-02 16:00,12.347,280.048
2019-04-02 15:00,2019-04-02 17:00,12.019,142.777
2019-04-02 16:00,2019-04-02 18:00,11.129,47.767
2019-04-02 17:00,2019-04-02 19:00,10.026,11.819
2019-04-02 18:00,2019-04-02 20:00,8.799,0.082
2019-04-02 19:00,2019-04-02 21:00,7.743,0
2019-04-02 20:00,2019-04-02 22:00,7.082,0
2019-04-02 21:00,2019-04-02 23:00,6.723,0
2019-04-02 22:00,2019-04-03 00:00,6.400,0
2019-04-02 23:00,2019-04-03 01:00,5.996,0
2019-04-03 00:00,2019-04-03 02:00,5.509,0
2019-04-03 01:00,2019-04-03 03:00,5.049,0
2019-04-03 02:00,2019-04-03 04:00,5.066,0
2019-04-03 03:00,2019-04-03 05:00,4.986,0
2019-04-03 04:00,2019-04-03 06:00,4.788,0
2019-04-03 05:00,2019-04-03 07:00,4.715,14.250
2019-04-03 06:00,2019-04-03 08:00,5.266,104.623
2019-04-03 07:00,2019-04-03 09:00,5.952,238.715
2019-04-03 08:00,2019-04-03 10:00,7.128,400.467
2019-04-03 09:00,2019-04-03 11:00,8.176,468.898
2019-04-03 10:00,2019-04-03 12:00,8.816,494.623
2019-04-03 11:00,2019-04-03 13:00,9.101,459.474
2019-04-03 12:00,2019-04-03 14:00,9.169,399.087
2019-04-03 13:00,2019-04-03 15:00,9.227,343.930
2019-04-03 14:00,2019-04-03 16:00,9.205,278.038
2019-04-03 15:00,2019-04-03 17:00,8.974,203.500
2019-04-03 16:00,2019-04-03 18:00,8.610,119.299
2019-04-03 17:00,2019-04-03 19:00,7.657,39.460
2019-04-03 18:00,2019-04-03 20:00,6.514,0.355
2019-04-03 19:00,2019-04-03 21:00,6.077,0
2019-04-03 20:00,2019-04-03 22:00,5.625,0
2019-04-03 21:00,2019-04-03 23:00,5.268,0
2019-04-03 22:00,2019-04-04 00:00,4.833,0
2019-04-03 23:00,2019-04-04 01:00,4.294,0
2019-04-04 00:00,2019-04-04 02:00,3.865,0
2019-04-04 01:00,2019-04-04 03:00,3.619,0
2019-04-04 02:00,2019-04-04 04:00,3.542,0
2019-04-04 03:00,2019-04-04 05:00,3.431,0
2019-04-04 04:00,2019-04-04 06:00,3.533,0
2019-04-04 05:00,2019-04-04 07:00,3.570,12.805
2019-04-04 06:00,2019-04-04 08:00,3.967,73.550
2019-04-04 07:00,2019-04-04 09:00,4.629,164.419
2019-04-04 08:00,2019-04-04 10:00,5.608,272.409
2019-04-04 09:00,2019-04-04 11:00,6.702,323.142
2019-04-04 10:00,2019-04-04 12:00,7.811,350.202
2019-04-04 11:00,2019-04-04 13:00,8.593,346.613
2019-04-04 12:00,2019-04-04 14:00,9.078,320.118
2019-04-04 13:00,2019-04-04 15:00,9.427,328.005
2019-04-04 14:00,2019-04-04 16:00,9.523,273.028
2019-04-04 15:00,2019-04-04 17:00,9.471,194.426
2019-04-04 16:00,2019-04-04 18:00,9.240,133.869
2019-04-04 17:00,2019-04-04 19:00,8.267,42.507
2019-04-04 18:00,2019-04-04 20:00,6.883,0.792
2019-04-04 19:00,2019-04-04 21:00,6.470,0
2019-04-04 20:00,2019-04-04 22:00,6.066,0
2019-04-04 21:00,2019-04-04 23:00,5.640,0
2019-04-04 22:00,2019-04-05 00:00,5.130,0
2019-04-04 23:00,2019-04-05 01:00,4.672,0
2019-04-05 00:00,2019-04-05 02:00,4.223,0
2019-04-05 01:00,2019-04-05 03:00,3.717,0
2019-04-05 02:00,2019-04-05 04:00,3.298,0
2019-04-05 03:00,2019-04-05 05:00,2.942,0
2019-04-05 04:00,2019-04-05 06:00,2.634,0
2019-04-05 05:00,2019-04-05 07:00,2.798,24.469
2019-04-05 06:00,2019-04-05 08:00,4.550,149.325
2019-04-05 07:00,2019-04-05 09:00,6.132,318.173
2019-04-05 08:00,2019-04-05 10:00,8.379,477.926
2019-04-05 09:00,2019-04-05 11:00,9.874,603.079
2019-04-05 10:00,2019-04-05 12:00,10.737,686.762
2019-04-05 11:00,2019-04-05 13:00,11.339,724.849
2019-04-05 12:00,2019-04-05 14:00,11.744,710.384
2019-04-05 13:00,2019-04-05 15:00,11.950,645.865
2019-04-05 14:00,2019-04-05 16:00,11.930,528.139
2019-04-05 15:00,2019-04-05 17:00,11.640,361.837
2019-04-05 16:00,2019-04-05 18:00,11.007,190.224
2019-04-05 17:00,2019-04-05 19:00,9.804,55.709
2019-04-05 18:00,2019-04-05 20:00,8.607,1.132
2019-04-05 19:00,2019-04-05 21:00,8.125,0
2019-04-05 20:00,2019-04-05 22:00,7.736,0
2019-04-05 21:00,2019-04-05 23:00,7.508,0
2019-04-05 22:00,2019-04-06 00:00,7.360,0
2019-04-05 23:00,2019-04-06 01:00,7.177,0
2019-04-06 00:00,2019-04-06 02:00,6.856,0
2019-04-06 01:00,2019-04-06 03:00,6.638,0
2019-04-06 02:00,2019-04-06 04:00,6.523,0
2019-04-06 03:00,2019-04-06 05:00,6.463,0
2019-04-06 04:00,2019-04-06 06:00,6.368,0
2019-04-06 05:00,2019-04-06 07:00,6.421,9.811
2019-04-06 06:00,2019-04-06 08:00,6.747,51.146
2019-04-06 07:00,2019-04-06 09:00,7.322,121.249
2019-04-06 08:00,2019-04-06 10:00,8.286,234.583
2019-04-06 09:00,2019-04-06 11:00,9.636,383.860
2019-04-06 10:00,2019-04-06 12:00,10.675,448.679
2019-04-06 11:00,2019-04-06 13:00,11.201,398.109
2019-04-06 12:00,2019-04-06 14:00,11.656,351.886
2019-04-06 13:00,2019-04-06 15:00,12.243,341.193
2019-04-06 14:00,2019-04-06 16:00,12.634,282.945
2019-04-06 15:00,2019-04-06 17:00,12.721,195.529
2019-04-06 16:00,2019-04-06 18:00,12.397,114.703
2019-04-06 17:00,2019-04-06 19:00,11.244,44.656
2019-04-06 18:00,2019-04-06 20:00,9.935,1.347
2019-04-06 19:00,2019-04-06 21:00,9.584,0
2019-04-06 20:00,2019-04-06 22:00,9.403,0
2019-04-06 21:00,2019-04-06 23:00,9.099,0
2019-04-06 22:00,2019-04-07 00:00,9.030,0
2019-04-06 23:00,2019-04-07 01:00,9.224,0
2019-04-07 00:00,2019-04-07 02:00,9.258,0
2019-04-07 01:00,2019-04-07 03:00,9.203,0
2019-04-07 02:00,2019-04-07 04:00,9.060,0
2019-04-07 03:00,2019-04-07 05:00,8.819,0
2019-04-07 04:00,2019-04-07 06:00,8.489,0
2019-04-07 05:00,2019-04-07 07:00,8.384,19.944
2019-04-07 06:00,2019-04-07 08:00,8.968,119.632
2019-04-07 07:00,2019-04-07 09:00,10.029,286.476
2019-04-07 08:00,2019-04-07 10:00,11.586,445.391
2019-04-07 09:00,2019-04-07 11:00,13.458,575.606
2019-04-07 10:00,2019-04-07 12:00,15.372,664.660
2019-04-07 11:00,2019-04-07 13:00,16.713,705.940
2019-04-07 12:00,2019-04-07 14:00,17.398,686.991
2019-04-07 13:00,2019-04-07 15:00,17.692,622.762
2019-04-07 14:00,2019-04-07 16:00,17.661,516.165
2019-04-07 15:00,2019-04-07 17:00,17.241,375.490
2019-04-07 16:00,2019-04-07 18:00,16.280,218.712
2019-04-07 17:00,2019-04-07 19:00,14.543,73.934
2019-04-07 18:00,2019-04-07 20:00,13.000,2.177
2019-04-07 19:00,2019-04-07 21:00,12.362,0
2019-04-07 20:00,2019-04-07 22:00,11.825,0
2019-04-07 21:00,2019-04-07 23:00,11.208,0
2019-04-07 22:00,2019-04-08 00:00,10.527,0
2019-04-07 23:00,2019-04-08 01:00,9.862,0
2019-04-08 00:00,2019-04-08 02:00,9.256,0
2019-04-08 01:00,2019-04-08 03:00,8.696,0
2019-04-08 02:00,2019-04-08 04:00,8.203,0
2019-04-08 03:00,2019-04-08 05:00,7.781,0
2019-04-08 04:00,2019-04-08 06:00,7.359,0
2019-04-08 05:00,2019-04-08 07:00,7.393,30.059
2019-04-08 06:00,2019-04-08 08:00,8.481,147.935
2019-04-08 07:00,2019-04-08 09:00,9.601,303.111
2019-04-08 08:00,2019-04-08 10:00,11.310,458.603
2019-04-08 09:00,2019-04-08 11:00,13.282,567.381
2019-04-08 10:00,2019-04-08 12:00,15.131,649.921
2019-04-08 11:00,2019-04-08 13:00,16.344,685.274
2019-04-08 12:00,2019-04-08 14:00,17.111,649.233
2019-04-08 13:00,2019-04-08 15:00,17.548,578.827
2019-04-08 14:00,2019-04-08 16:00,17.590,467.754
2019-04-08 15:00,2019-04-08 17:00,17.064,323.361
2019-04-08 16:00,2019-04-08 18:00,15.900,167.244
2019-04-08 17:00,2019-04-08 19:00,14.128,53.806
2019-04-08 18:00,2019-04-08 20:00,12.641,2.250
2019-04-08 19:00,2019-04-08 21:00,11.702,0
2019-04-08 20:00,2019-04-08 22:00,10.681,0
2019-04-08 21:00,2019-04-08 23:00,9.938,0
2019-04-08 22:00,2019-04-09 00:00,9.409,0
2019-04-08 23:00,2019-04-09 01:00,8.887,0
2019-04-09 00:00,2019-04-09 02:00,8.422,0
2019-04-09 01:00,2019-04-09 03:00,7.893,0
2019-04-09 02:00,2019-04-09 04:00,7.354,0
2019-04-09 03:00,2019-04-09 05:00,6.851,0
2019-04-09 04:00,2019-04-09 06:00,6.361,0
2019-04-09 05:00,2019-04-09 07:00,6.076,29.943
2019-04-09 06:00,2019-04-09 08:00,6.442,141.184
2019-04-09 07:00,2019-04-09 09:00,7.372,286.987
2019-04-09 08:00,2019-04-09 10:00,8.612,429.267
2019-04-09 09:00,2019-04-09 11:00,9.901,543.741
2019-04-09 10:00,2019-04-09 12:00,11.083,621.797
2019-04-09 11:00,2019-04-09 13:00,12.064,655.600
2019-04-09 12:00,2019-04-09 14:00,12.696,626.354
2019-04-09 13:00,2019-04-09 15:00,12.958,531.729
2019-04-09 14:00,2019-04-09 16:00,12.919,404.242
2019-04-09 15:00,2019-04-09 17:00,12.557,260.693
2019-04-09 16:00,2019-04-09 18:00,11.843,134.872
2019-04-09 17:00,2019-04-09 19:00,10.835,46.914
2019-04-09 18:00,2019-04-09 20:00,9.756,2.404
2019-04-09 19:00,2019-04-09 21:00,8.858,0
2019-04-09 20:00,2019-04-09 22:00,8.020,0
2019-04-09 21:00,2019-04-09 23:00,7.310,0
2019-04-09 22:00,2019-04-10 00:00,6.700,0
2019-04-09 23:00,2019-04-10 01:00,6.091,0
2019-04-10 00:00,2019-04-10 02:00,5.427,0
2019-04-10 01:00,2019-04-10 03:00,4.770,0
2019-04-10 02:00,2019-04-10 04:00,4.215,0
2019-04-10 03:00,2019-04-10 05:00,3.737,0
2019-04-10 04:00,2019-04-10 06:00,3.360,0
2019-04-10 05:00,2019-04-10 07:00,3.323,46.810
2019-04-10 06:00,2019-04-10 08:00,4.119,198.511
2019-04-10 07:00,2019-04-10 09:00,5.365,368.608
2019-04-10 08:00,2019-04-10 10:00,6.629,524.829
2019-04-10 09:00,2019-04-10 11:00,7.717,649.588
2019-04-10 10:00,2019-04-10 12:00,8.595,734.333
2019-04-10 11:00,2019-04-10 13:00,9.289,770.608
2019-04-10 12:00,2019-04-10 14:00,9.783,754.411
2019-04-10 13:00,2019-04-10 15:00,10.041,689.973
2019-04-10 14:00,2019-04-10 16:00,9.984,581.309
2019-04-10 15:00,2019-04-10 17:00,9.636,437.769
2019-04-10 16:00,2019-04-10 18:00,8.981,272.823
2019-04-10 17:00,2019-04-10 19:00,7.818,107.756
2019-04-10 18:00,2019-04-10 20:00,6.211,5.616
2019-04-10 19:00,2019-04-10 21:00,5.294,0
2019-04-10 20:00,2019-04-10 22:00,4.648,0
2019-04-10 21:00,2019-04-10 23:00,4.261,0
2019-04-10 22:00,2019-04-11 00:00,3.994,0
2019-04-10 23:00,2019-04-11 01:00,3.779,0
2019-04-11 00:00,2019-04-11 02:00,3.734,0
2019-04-11 01:00,2019-04-11 03:00,3.549,0
2019-04-11 02:00,2019-04-11 04:00,3.262,0
2019-04-11 03:00,2019-04-11 05:00,2.898,0
2019-04-11 04:00,2019-04-11 06:00,2.519,0.002
2019-04-11 05:00,2019-04-11 07:00,2.689,49.832
2019-04-11 06:00,2019-04-11 08:00,3.863,200.713
2019-04-11 07:00,2019-04-11 09:00,5.412,366.842
2019-04-11 08:00,2019-04-11 10:00,6.727,514.432
2019-04-11 09:00,2019-04-11 11:00,7.631,632.577
2019-04-11 10:00,2019-04-11 12:00,8.280,713.734
2019-04-11 11:00,2019-04-11 13:00,8.842,748.523
2019-04-11 12:00,2019-04-11 14:00,9.277,733.611
2019-04-11 13:00,2019-04-11 15:00,9.530,672.362
2019-04-11 14:00,2019-04-11 16:00,9.583,569.014
2019-04-11 15:00,2019-04-11 17:00,9.412,427.140
2019-04-11 16:00,2019-04-11 18:00,8.994,261.487
2019-04-11 17:00,2019-04-11 19:00,8.042,100.984
2019-04-11 18:00,2019-04-11 20:00,6.691,5.808
2019-04-11 19:00,2019-04-11 21:00,6.319,0
2019-04-11 20:00,2019-04-11 22:00,5.878,0
2019-04-11 21:00,2019-04-11 23:00,5.388,0
2019-04-11 22:00,2019-04-12 00:00,4.818,0
2019-04-11 23:00,2019-04-12 01:00,4.307,0
2019-04-12 00:00,2019-04-12 02:00,3.857,0
2019-04-12 01:00,2019-04-12 03:00,3.408,0
2019-04-12 02:00,2019-04-12 04:00,3.047,0
2019-04-12 03:00,2019-04-12 05:00,2.780,0
2019-04-12 04:00,2019-04-12 06:00,2.565,0.013
2019-04-12 05:00,2019-04-12 07:00,2.941,45.666
2019-04-12 06:00,2019-04-12 08:00,4.374,171.853
2019-04-12 07:00,2019-04-12 09:00,5.921,310.497
2019-04-12 08:00,2019-04-12 10:00,7.193,437.362
2019-04-12 09:00,2019-04-12 11:00,7.827,542.280
2019-04-12 10:00,2019-04-12 12:00,8.075,555.861
2019-04-12 11:00,2019-04-12 13:00,8.156,545.514
2019-04-12 12:00,2019-04-12 14:00,8.187,514.911
2019-04-12 13:00,2019-04-12 15:00,8.122,455.827
2019-04-12 14:00,2019-04-12 16:00,8.016,396.916
2019-04-12 15:00,2019-04-12 17:00,7.757,302.381
2019-04-12 16:00,2019-04-12 18:00,7.359,195.814
2019-04-12 17:00,2019-04-12 19:00,6.624,79.381
2019-04-12 18:00,2019-04-12 20:00,5.361,5.634
2019-04-12 19:00,2019-04-12 21:00,4.696,0
2019-04-12 20:00,2019-04-12 22:00,4.199,0
2019-04-12 21:00,2019-04-12 23:00,3.787,0
2019-04-12 22:00,2019-04-13 00:00,3.496,0
2019-04-12 23:00,2019-04-13 01:00,3.260,0
2019-04-13 00:00,2019-04-13 02:00,2.980,0
2019-04-13 01:00,2019-04-13 03:00,2.740,0
2019-04-13 02:00,2019-04-13 04:00,2.380,0
2019-04-13 03:00,2019-04-13 05:00,2.052,0
2019-04-13 04:00,2019-04-13 06:00,1.783,0.048
2019-04-13 05:00,2019-04-13 07:00,2.172,38.689
2019-04-13 06:00,2019-04-13 08:00,3.241,133.147
2019-04-13 07:00,2019-04-13 09:00,4.213,231.708
2019-04-13 08:00,2019-04-13 10:00,4.958,340.481
2019-04-13 09:00,2019-04-13 11:00,5.337,348.763
2019-04-13 10:00,2019-04-13 12:00,5.599,392.300
2019-04-13 11:00,2019-04-13 13:00,5.943,416.838
2019-04-13 12:00,2019-04-13 14:00,6.329,423.151
2019-04-13 13:00,2019-04-13 15:00,6.448,401.100
2019-04-13 14:00,2019-04-13 16:00,6.316,342.246
2019-04-13 15:00,2019-04-13 17:00,5.931,242.792
2019-04-13 16:00,2019-04-13 18:00,5.480,152.612
2019-04-13 17:00,2019-04-13 19:00,4.870,61.463
2019-04-13 18:00,2019-04-13 20:00,4.084,4.400
2019-04-13 19:00,2019-04-13 21:00,3.701,0
2019-04-13 20:00,2019-04-13 22:00,3.504,0
2019-04-13 21:00,2019-04-13 23:00,3.363,0
2019-04-13 22:00,2019-04-14 00:00,3.220,0
2019-04-13 23:00,2019-04-14 01:00,2.972,0
2019-04-14 00:00,2019-04-14 02:00,2.616,0
2019-04-14 01:00,2019-04-14 03:00,2.312,0
2019-04-14 02:00,2019-04-14 04:00,2.349,0
2019-04-14 03:00,2019-04-14 05:00,2.342,0
2019-04-14 04:00,2019-04-14 06:00,2.012,0.095
2019-04-14 05:00,2019-04-14 07:00,2.009,36.324
2019-04-14 06:00,2019-04-14 08:00,2.764,149.883
2019-04-14 07:00,2019-04-14 09:00,3.751,323.634
2019-04-14 08:00,2019-04-14 10:00,5.141,468.826
2019-04-14 09:00,2019-04-14 11:00,6.342,557.184
2019-04-14 10:00,2019-04-14 12:00,7.178,567.330
2019-04-14 11:00,2019-04-14 13:00,7.848,546.846
2019-04-14 12:00,2019-04-14 14:00,8.506,542.921
2019-04-14 13:00,2019-04-14 15:00,9.077,516.101
2019-04-14 14:00,2019-04-14 16:00,9.498,457.155
2019-04-14 15:00,2019-04-14 17:00,9.756,363.628
2019-04-14 16:00,2019-04-14 18:00,9.661,239.391
2019-04-14 17:00,2019-04-14 19:00,8.657,103.047
2019-04-14 18:00,2019-04-14 20:00,6.955,8.728
2019-04-14 19:00,2019-04-14 21:00,6.494,0
2019-04-14 20:00,2019-04-14 22:00,6.140,0
2019-04-14 21:00,2019-04-14 23:00,5.519,0
2019-04-14 22:00,2019-04-15 00:00,4.962,0
2019-04-14 23:00,2019-04-15 01:00,4.313,0
2019-04-15 00:00,2019-04-15 02:00,3.757,0
2019-04-15 01:00,2019-04-15 03:00,3.458,0
2019-04-15 02:00,2019-04-15 04:00,3.228,0
2019-04-15 03:00,2019-04-15 05:00,3.162,0
2019-04-15 04:00,2019-04-15 06:00,3.362,0.245
2019-04-15 05:00,2019-04-15 07:00,3.958,47.301
2019-04-15 06:00,2019-04-15 08:00,5.098,174.853
2019-04-15 07:00,2019-04-15 09:00,6.478,365.432
2019-04-15 08:00,2019-04-15 10:00,8.037,515.270
2019-04-15 09:00,2019-04-15 11:00,9.541,626.766
2019-04-15 10:00,2019-04-15 12:00,11.043,705.235
2019-04-15 11:00,2019-04-15 13:00,12.286,737.757
2019-04-15 12:00,2019-04-15 14:00,13.222,717.265
2019-04-15 13:00,2019-04-15 15:00,13.894,662.086
2019-04-15 14:00,2019-04-15 16:00,14.295,557.859
2019-04-15 15:00,2019-04-15 17:00,14.442,421.886
2019-04-15 16:00,2019-04-15 18:00,14.149,266.431
2019-04-15 17:00,2019-04-15 19:00,13.038,114.477
2019-04-15 18:00,2019-04-15 20:00,11.587,10.784
2019-04-15 19:00,2019-04-15 21:00,10.778,0
2019-04-15 20:00,2019-04-15 22:00,9.862,0
2019-04-15 21:00,2019-04-15 23:00,9.046,0
2019-04-15 22:00,2019-04-16 00:00,8.484,0
2019-04-15 23:00,2019-04-16 01:00,7.943,0
2019-04-16 00:00,2019-04-16 02:00,7.401,0
2019-04-16 01:00,2019-04-16 03:00,6.853,0
2019-04-16 02:00,2019-04-16 04:00,6.321,0
2019-04-16 03:00,2019-04-16 05:00,5.761,0
2019-04-16 04:00,2019-04-16 06:00,5.182,0.487
2019-04-16 05:00,2019-04-16 07:00,5.106,63.732
2019-04-16 06:00,2019-04-16 08:00,6.031,212.940
2019-04-16 07:00,2019-04-16 09:00,8.025,376.532
2019-04-16 08:00,2019-04-16 10:00,10.006,492.121
2019-04-16 09:00,2019-04-16 11:00,11.756,572.339
2019-04-16 10:00,2019-04-16 12:00,13.271,654.097
2019-04-16 11:00,2019-04-16 13:00,14.440,678.881
2019-04-16 12:00,2019-04-16 14:00,15.263,607.792
2019-04-16 13:00,2019-04-16 15:00,15.758,479.871
2019-04-16 14:00,2019-04-16 16:00,15.901,331.363
2019-04-16 15:00,2019-04-16 17:00,15.601,210.195
2019-04-16 16:00,2019-04-16 18:00,14.830,120.743
2019-04-16 17:00,2019-04-16 19:00,13.672,50.520
2019-04-16 18:00,2019-04-16 20:00,12.518,5.739
2019-04-16 19:00,2019-04-16 21:00,11.777,0
2019-04-16 20:00,2019-04-16 22:00,11.094,0
2019-04-16 21:00,2019-04-16 23:00,10.439,0
2019-04-16 22:00,2019-04-17 00:00,9.854,0
2019-04-16 23:00,2019-04-17 01:00,9.301,0
2019-04-17 00:00,2019-04-17 02:00,8.882,0
2019-04-17 01:00,2019-04-17 03:00,8.650,0
2019-04-17 02:00,2019-04-17 04:00,8.462,0
2019-04-17 03:00,2019-04-17 05:00,8.286,0
2019-04-17 04:00,2019-04-17 06:00,8.104,0.527
2019-04-17 05:00,2019-04-17 07:00,8.602,45.103
2019-04-17 06:00,2019-04-17 08:00,9.665,150.334
2019-04-17 07:00,2019-04-17 09:00,10.951,266.948
2019-04-17 08:00,2019-04-17 10:00,12.275,378.430
2019-04-17 09:00,2019-04-17 11:00,13.255,481.858
2019-04-17 10:00,2019-04-17 12:00,13.810,503.029
2019-04-17 11:00,2019-04-17 13:00,14.043,390.704
2019-04-17 12:00,2019-04-17 14:00,13.883,249.166
2019-04-17 13:00,2019-04-17 15:00,13.673,208.073
2019-04-17 14:00,2019-04-17 16:00,13.600,215.582
2019-04-17 15:00,2019-04-17 17:00,13.615,215.599
2019-04-17 16:00,2019-04-17 18:00,13.584,188.738
2019-04-17 17:00,2019-04-17 19:00,12.976,93.948
2019-04-17 18:00,2019-04-17 20:00,11.577,10.976
2019-04-17 19:00,2019-04-17 21:00,10.947,0
2019-04-17 20:00,2019-04-17 22:00,10.673,0
2019-04-17 21:00,2019-04-17 23:00,10.524,0
2019-04-17 22:00,2019-04-18 00:00,10.457,0
2019-04-17 23:00,2019-04-18 01:00,10.365,0
2019-04-18 00:00,2019-04-18 02:00,10.082,0
2019-04-18 01:00,2019-04-18 03:00,9.658,0
2019-04-18 02:00,2019-04-18 04:00,9.167,0
2019-04-18 03:00,2019-04-18 05:00,8.714,0
2019-04-18 04:00,2019-04-18 06:00,8.260,1.003
2019-04-18 05:00,2019-04-18 07:00,8.590,66.024
2019-04-18 06:00,2019-04-18 08:00,9.607,211.539
2019-04-18 07:00,2019-04-18 09:00,11.281,372.377
2019-04-18 08:00,2019-04-18 10:00,13.388,519.620
2019-04-18 09:00,2019-04-18 11:00,15.277,649.479
2019-04-18 10:00,2019-04-18 12:00,16.685,730.766
2019-04-18 11:00,2019-04-18 13:00,17.512,769.259
2019-04-18 12:00,2019-04-18 14:00,17.923,747.596
2019-04-18 13:00,2019-04-18 15:00,18.073,686.430
2019-04-18 14:00,2019-04-18 16:00,18.037,582.796
2019-04-18 15:00,2019-04-18 17:00,17.780,444.671
2019-04-18 16:00,2019-04-18 18:00,17.152,286.362
2019-04-18 17:00,2019-04-18 19:00,15.887,128.234
2019-04-18 18:00,2019-04-18 20:00,14.277,15.473
2019-04-18 19:00,2019-04-18 21:00,13.476,0
2019-04-18 20:00,2019-04-18 22:00,12.863,0
2019-04-18 21:00,2019-04-18 23:00,12.284,0
2019-04-18 22:00,2019-04-19 00:00,11.747,0
2019-04-18 23:00,2019-04-19 01:00,11.265,0
2019-04-19 00:00,2019-04-19 02:00,10.765,0
2019-04-19 01:00,2019-04-19 03:00,10.326,0
2019-04-19 02:00,2019-04-19 04:00,10.025,0
2019-04-19 03:00,2019-04-19 05:00,9.583,0
2019-04-19 04:00,2019-04-19 06:00,9.137,1.316
2019-04-19 05:00,2019-04-19 07:00,9.192,61.063
2019-04-19 06:00,2019-04-19 08:00,9.982,192.553
2019-04-19 07:00,2019-04-19 09:00,11.574,344.377
2019-04-19 08:00,2019-04-19 10:00,13.414,493.771
2019-04-19 09:00,2019-04-19 11:00,15.156,628.019
2019-04-19 10:00,2019-04-19 12:00,16.827,736.196
2019-04-19 11:00,2019-04-19 13:00,18.154,777.562
2019-04-19 12:00,2019-04-19 14:00,19.075,760.647
2019-04-19 13:00,2019-04-19 15:00,19.646,698.681
2019-04-19 14:00,2019-04-19 16:00,19.849,594.218
2019-04-19 15:00,2019-04-19 17:00,19.538,456.394
2019-04-19 16:00,2019-04-19 18:00,18.552,298.191
2019-04-19 17:00,2019-04-19 19:00,16.882,138.167
2019-04-19 18:00,2019-04-19 20:00,15.024,18.460
2019-04-19 19:00,2019-04-19 21:00,14.133,0
2019-04-19 20:00,2019-04-19 22:00,13.482,0
2019-04-19 21:00,2019-04-19 23:00,12.791,0
2019-04-19 22:00,2019-04-20 00:00,12.093,0
2019-04-19 23:00,2019-04-20 01:00,11.401,0
2019-04-20 00:00,2019-04-20 02:00,10.753,0
2019-04-20 01:00,2019-04-20 03:00,10.153,0
2019-04-20 02:00,2019-04-20 04:00,9.600,0
2019-04-20 03:00,2019-04-20 05:00,9.060,0
2019-04-20 04:00,2019-04-20 06:00,8.574,2.181
2019-04-20 05:00,2019-04-20 07:00,9.358,82.992
2019-04-20 06:00,2019-04-20 08:00,10.637,239.298
2019-04-20 07:00,2019-04-20 09:00,12.039,405.502
2019-04-20 08:00,2019-04-20 10:00,13.962,556.987
2019-04-20 09:00,2019-04-20 11:00,15.996,674.323
2019-04-20 10:00,2019-04-20 12:00,17.762,755.127
2019-04-20 11:00,2019-04-20 13:00,18.888,788.693
2019-04-20 12:00,2019-04-20 14:00,19.525,769.799
2019-04-20 13:00,2019-04-20 15:00,19.846,706.618
2019-04-20 14:00,2019-04-20 16:00,19.787,600.698
2019-04-20 15:00,2019-04-20 17:00,19.240,457.545
2019-04-20 16:00,2019-04-20 18:00,18.220,297.950
2019-04-20 17:00,2019-04-20 19:00,16.694,138.158
2019-04-20 18:00,2019-04-20 20:00,14.988,19.667
2019-04-20 19:00,2019-04-20 21:00,14.059,0
2019-04-20 20:00,2019-04-20 22:00,13.239,0
2019-04-20 21:00,2019-04-20 23:00,12.413,0
2019-04-20 22:00,2019-04-21 00:00,11.548,0
2019-04-20 23:00,2019-04-21 01:00,10.597,0
2019-04-21 00:00,2019-04-21 02:00,9.853,0
2019-04-21 01:00,2019-04-21 03:00,9.222,0
2019-04-21 02:00,2019-04-21 04:00,8.650,0
2019-04-21 03:00,2019-04-21 05:00,8.083,0
2019-04-21 04:00,2019-04-21 06:00,7.552,2.788
2019-04-21 05:00,2019-04-21 07:00,8.057,85.864
2019-04-21 06:00,2019-04-21 08:00,9.135,243.355
2019-04-21 07:00,2019-04-21 09:00,10.870,411.129
2019-04-21 08:00,2019-04-21 10:00,13.066,564.280
2019-04-21 09:00,2019-04-21 11:00,15.174,687.076
2019-04-21 10:00,2019-04-21 12:00,17.023,768.899
2019-04-21 11:00,2019-04-21 13:00,18.300,803.220
2019-04-21 12:00,2019-04-21 14:00,19.171,783.591
2019-04-21 13:00,2019-04-21 15:00,19.635,719.120
2019-04-21 14:00,2019-04-21 16:00,19.708,611.892
2019-04-21 15:00,2019-04-21 17:00,19.327,471.510
2019-04-21 16:00,2019-04-21 18:00,18.421,310.615
2019-04-21 17:00,2019-04-21 19:00,16.656,147.499
2019-04-21 18:00,2019-04-21 20:00,14.478,22.599
2019-04-21 19:00,2019-04-21 21:00,13.459,0
2019-04-21 20:00,2019-04-21 22:00,12.866,0
2019-04-21 21:00,2019-04-21 23:00,12.290,0
2019-04-21 22:00,2019-04-22 00:00,11.769,0
2019-04-21 23:00,2019-04-22 01:00,11.272,0
2019-04-22 00:00,2019-04-22 02:00,10.787,0
2019-04-22 01:00,2019-04-22 03:00,10.319,0
2019-04-22 02:00,2019-04-22 04:00,9.895,0
2019-04-22 03:00,2019-04-22 05:00,9.494,0
2019-04-22 04:00,2019-04-22 06:00,9.070,3.391
2019-04-22 05:00,2019-04-22 07:00,9.850,87.600
2019-04-22 06:00,2019-04-22 08:00,11.207,240.884
2019-04-22 07:00,2019-04-22 09:00,12.670,402.649
2019-04-22 08:00,2019-04-22 10:00,14.728,549.611
2019-04-22 09:00,2019-04-22 11:00,16.817,657.154
2019-04-22 10:00,2019-04-22 12:00,18.591,746.996
2019-04-22 11:00,2019-04-22 13:00,19.765,785.411
2019-04-22 12:00,2019-04-22 14:00,20.374,769.565
2019-04-22 13:00,2019-04-22 15:00,20.610,706.048
2019-04-22 14:00,2019-04-22 16:00,20.561,599.374
2019-04-22 15:00,2019-04-22 17:00,20.211,456.305
2019-04-22 16:00,2019-04-22 18:00,19.382,296.346
2019-04-22 17:00,2019-04-22 19:00,17.958,138.652
2019-04-22 18:00,2019-04-22 20:00,16.397,22.133
2019-04-22 19:00,2019-04-22 21:00,15.323,0
2019-04-22 20:00,2019-04-22 22:00,14.452,0
2019-04-22 21:00,2019-04-22 23:00,13.515,0
2019-04-22 22:00,2019-04-23 00:00,12.672,0
2019-04-22 23:00,2019-04-23 01:00,11.844,0
2019-04-23 00:00,2019-04-23 02:00,11.059,0
2019-04-23 01:00,2019-04-23 03:00,10.375,0
2019-04-23 02:00,2019-04-23 04:00,9.875,0
2019-04-23 03:00,2019-04-23 05:00,9.376,0
2019-04-23 04:00,2019-04-23 06:00,8.854,4.074
2019-04-23 05:00,2019-04-23 07:00,9.042,88.460
2019-04-23 06:00,2019-04-23 08:00,10.118,241.868
2019-04-23 07:00,2019-04-23 09:00,11.900,403.584
2019-04-23 08:00,2019-04-23 10:00,13.666,551.501
2019-04-23 09:00,2019-04-23 11:00,15.090,672.690
2019-04-23 10:00,2019-04-23 12:00,16.226,752.109
2019-04-23 11:00,2019-04-23 13:00,17.073,785.343
2019-04-23 12:00,2019-04-23 14:00,17.659,764.660
2019-04-23 13:00,2019-04-23 15:00,18.048,696.645
2019-04-23 14:00,2019-04-23 16:00,18.205,586.905
2019-04-23 15:00,2019-04-23 17:00,18.113,441.735
2019-04-23 16:00,2019-04-23 18:00,17.683,279.990
2019-04-23 17:00,2019-04-23 19:00,16.540,127.957
2019-04-23 18:00,2019-04-23 20:00,14.921,21.636
2019-04-23 19:00,2019-04-23 21:00,14.109,0
2019-04-23 20:00,2019-04-23 22:00,13.714,0
2019-04-23 21:00,2019-04-23 23:00,13.286,0
2019-04-23 22:00,2019-04-24 00:00,12.867,0
2019-04-23 23:00,2019-04-24 01:00,12.500,0
2019-04-24 00:00,2019-04-24 02:00,12.278,0
2019-04-24 01:00,2019-04-24 03:00,12.091,0
2019-04-24 02:00,2019-04-24 04:00,11.919,0
2019-04-24 03:00,2019-04-24 05:00,11.735,0
2019-04-24 04:00,2019-04-24 06:00,11.446,3.995
2019-04-24 05:00,2019-04-24 07:00,11.999,72.989
2019-04-24 06:00,2019-04-24 08:00,12.901,210.697
2019-04-24 07:00,2019-04-24 09:00,14.529,360.089
2019-04-24 08:00,2019-04-24 10:00,16.586,495.968
2019-04-24 09:00,2019-04-24 11:00,18.022,567.841
2019-04-24 10:00,2019-04-24 12:00,19.001,642.760
2019-04-24 11:00,2019-04-24 13:00,19.742,771.301
2019-04-24 12:00,2019-04-24 14:00,20.063,748.049
2019-04-24 13:00,2019-04-24 15:00,20.032,676.626
2019-04-24 14:00,2019-04-24 16:00,19.115,427.684
2019-04-24 15:00,2019-04-24 17:00,17.773,238.990
2019-04-24 16:00,2019-04-24 18:00,16.604,136.682
2019-04-24 17:00,2019-04-24 19:00,15.231,41.916
2019-04-24 18:00,2019-04-24 20:00,13.964,4.591
2019-04-24 19:00,2019-04-24 21:00,13.084,0
2019-04-24 20:00,2019-04-24 22:00,12.549,0
2019-04-24 21:00,2019-04-24 23:00,12.238,0
2019-04-24 22:00,2019-04-25 00:00,11.826,0
2019-04-24 23:00,2019-04-25 01:00,11.295,0
2019-04-25 00:00,2019-04-25 02:00,10.749,0
2019-04-25 01:00,2019-04-25 03:00,10.330,0
2019-04-25 02:00,2019-04-25 04:00,10.015,0
2019-04-25 03:00,2019-04-25 05:00,9.828,0
2019-04-25 04:00,2019-04-25 06:00,9.635,5.398
2019-04-25 05:00,2019-04-25 07:00,9.844,58.270
2019-04-25 06:00,2019-04-25 08:00,10.525,93.510
2019-04-25 07:00,2019-04-25 09:00,11.267,130.547
2019-04-25 08:00,2019-04-25 10:00,11.891,185.744
2019-04-25 09:00,2019-04-25 11:00,12.669,375.857
2019-04-25 10:00,2019-04-25 12:00,13.823,513.965
2019-04-25 11:00,2019-04-25 13:00,14.756,548.141
2019-04-25 12:00,2019-04-25 14:00,15.008,411.120
2019-04-25 13:00,2019-04-25 15:00,15.019,327.398
2019-04-25 14:00,2019-04-25 16:00,15.059,314.288
2019-04-25 15:00,2019-04-25 17:00,14.742,192.730
2019-04-25 16:00,2019-04-25 18:00,14.091,93.661
2019-04-25 17:00,2019-04-25 19:00,13.324,50.371
2019-04-25 18:00,2019-04-25 20:00,12.363,20.616
2019-04-25 19:00,2019-04-25 21:00,11.658,0
2019-04-25 20:00,2019-04-25 22:00,11.197,0
2019-04-25 21:00,2019-04-25 23:00,10.841,0
2019-04-25 22:00,2019-04-26 00:00,10.355,0
2019-04-25 23:00,2019-04-26 01:00,9.648,0
2019-04-26 00:00,2019-04-26 02:00,9.175,0
2019-04-26 01:00,2019-04-26 03:00,8.880,0
2019-04-26 02:00,2019-04-26 04:00,8.647,0
2019-04-26 03:00,2019-04-26 05:00,8.256,0
2019-04-26 04:00,2019-04-26 06:00,8.364,4.873
2019-04-26 05:00,2019-04-26 07:00,8.907,78.714
2019-04-26 06:00,2019-04-26 08:00,9.807,245.297
2019-04-26 07:00,2019-04-26 09:00,11.115,426.688
2019-04-26 08:00,2019-04-26 10:00,12.357,576.421
2019-04-26 09:00,2019-04-26 11:00,13.181,680.761
2019-04-26 10:00,2019-04-26 12:00,13.689,720.383
2019-04-26 11:00,2019-04-26 13:00,14.202,783.993
2019-04-26 12:00,2019-04-26 14:00,14.579,770.574
2019-04-26 13:00,2019-04-26 15:00,14.820,711.816
2019-04-26 14:00,2019-04-26 16:00,14.890,608.222
2019-04-26 15:00,2019-04-26 17:00,14.813,472.266
2019-04-26 16:00,2019-04-26 18:00,14.543,315.553
2019-04-26 17:00,2019-04-26 19:00,13.898,156.815
2019-04-26 18:00,2019-04-26 20:00,12.370,32.911
2019-04-26 19:00,2019-04-26 21:00,11.345,0
2019-04-26 20:00,2019-04-26 22:00,11.339,0
2019-04-26 21:00,2019-04-26 23:00,11.225,0
2019-04-26 22:00,2019-04-27 00:00,10.735,0
2019-04-26 23:00,2019-04-27 01:00,10.010,0
2019-04-27 00:00,2019-04-27 02:00,9.481,0
2019-04-27 01:00,2019-04-27 03:00,9.185,0
2019-04-27 02:00,2019-04-27 04:00,9.123,0
2019-04-27 03:00,2019-04-27 05:00,9.031,0
2019-04-27 04:00,2019-04-27 06:00,9.259,3.786
2019-04-27 05:00,2019-04-27 07:00,9.523,51.084
2019-04-27 06:00,2019-04-27 08:00,10.046,198.532
2019-04-27 07:00,2019-04-27 09:00,10.834,381.075
2019-04-27 08:00,2019-04-27 10:00,11.510,525.173
2019-04-27 09:00,2019-04-27 11:00,11.764,582.471
2019-04-27 10:00,2019-04-27 12:00,11.733,601.964
2019-04-27 11:00,2019-04-27 13:00,11.549,598.532
2019-04-27 12:00,2019-04-27 14:00,11.363,563.729
2019-04-27 13:00,2019-04-27 15:00,11.339,487.807
2019-04-27 14:00,2019-04-27 16:00,11.099,360.365
2019-04-27 15:00,2019-04-27 17:00,10.529,215.849
2019-04-27 16:00,2019-04-27 18:00,10.044,109.926
2019-04-27 17:00,2019-04-27 19:00,9.844,46.739
2019-04-27 18:00,2019-04-27 20:00,9.772,10.243
2019-04-27 19:00,2019-04-27 21:00,9.684,0
2019-04-27 20:00,2019-04-27 22:00,9.571,0
2019-04-27 21:00,2019-04-27 23:00,9.338,0
2019-04-27 22:00,2019-04-28 00:00,8.935,0
2019-04-27 23:00,2019-04-28 01:00,8.342,0
2019-04-28 00:00,2019-04-28 02:00,7.982,0
2019-04-28 01:00,2019-04-28 03:00,7.899,0
2019-04-28 02:00,2019-04-28 04:00,7.834,0
2019-04-28 03:00,2019-04-28 05:00,7.795,0
2019-04-28 04:00,2019-04-28 06:00,7.732,2.227
2019-04-28 05:00,2019-04-28 07:00,7.907,27.334
2019-04-28 06:00,2019-04-28 08:00,8.308,74.135
2019-04-28 07:00,2019-04-28 09:00,8.812,129.910
2019-04-28 08:00,2019-04-28 10:00,9.435,239.297
2019-04-28 09:00,2019-04-28 11:00,10.223,458.503
2019-04-28 10:00,2019-04-28 12:00,10.757,481.133
2019-04-28 11:00,2019-04-28 13:00,11.160,521.605
2019-04-28 12:00,2019-04-28 14:00,11.450,549.551
2019-04-28 13:00,2019-04-28 15:00,11.672,514.120
2019-04-28 14:00,2019-04-28 16:00,11.684,417.999
2019-04-28 15:00,2019-04-28 17:00,11.608,304.285
2019-04-28 16:00,2019-04-28 18:00,11.573,242.616
2019-04-28 17:00,2019-04-28 19:00,11.328,127.269
2019-04-28 18:00,2019-04-28 20:00,10.396,30.128
2019-04-28 19:00,2019-04-28 21:00,9.467,0
2019-04-28 20:00,2019-04-28 22:00,9.036,0
2019-04-28 21:00,2019-04-28 23:00,8.616,0
2019-04-28 22:00,2019-04-29 00:00,8.196,0
2019-04-28 23:00,2019-04-29 01:00,7.786,0
2019-04-29 00:00,2019-04-29 02:00,7.393,0
2019-04-29 01:00,2019-04-29 03:00,7.026,0
2019-04-29 02:00,2019-04-29 04:00,6.659,0
2019-04-29 03:00,2019-04-29 05:00,6.404,0
2019-04-29 04:00,2019-04-29 06:00,6.348,10.590
2019-04-29 05:00,2019-04-29 07:00,7.301,110.871
2019-04-29 06:00,2019-04-29 08:00,8.547,255.313
2019-04-29 07:00,2019-04-29 09:00,10.559,413.048
2019-04-29 08:00,2019-04-29 10:00,12.077,545.689
2019-04-29 09:00,2019-04-29 11:00,12.922,634.709
2019-04-29 10:00,2019-04-29 12:00,13.528,699.100
2019-04-29 11:00,2019-04-29 13:00,14.004,770.910
2019-04-29 12:00,2019-04-29 14:00,14.278,784.018
2019-04-29 13:00,2019-04-29 15:00,14.294,744.012
2019-04-29 14:00,2019-04-29 16:00,14.006,623.520
2019-04-29 15:00,2019-04-29 17:00,13.501,475.673
2019-04-29 16:00,2019-04-29 18:00,12.815,317.483
2019-04-29 17:00,2019-04-29 19:00,11.960,165.480
2019-04-29 18:00,2019-04-29 20:00,10.843,40.102
2019-04-29 19:00,2019-04-29 21:00,9.932,0.002
2019-04-29 20:00,2019-04-29 22:00,9.617,0
2019-04-29 21:00,2019-04-29 23:00,9.474,0
2019-04-29 22:00,2019-04-30 00:00,9.379,0
2019-04-29 23:00,2019-04-30 01:00,9.190,0
2019-04-30 00:00,2019-04-30 02:00,9.000,0
2019-04-30 01:00,2019-04-30 03:00,8.957,0
2019-04-30 02:00,2019-04-30 04:00,8.841,0
2019-04-30 03:00,2019-04-30 05:00,8.811,0
2019-04-30 04:00,2019-04-30 06:00,8.821,4.342
2019-04-30 05:00,2019-04-30 07:00,9.111,42.069
2019-04-30 06:00,2019-04-30 08:00,9.434,105.761
2019-04-30 07:00,2019-04-30 09:00,9.867,182.301
2019-04-30 08:00,2019-04-30 10:00,10.415,256.104
2019-04-30 09:00,2019-04-30 11:00,11.087,365.187
2019-04-30 10:00,2019-04-30 12:00,11.984,539.083
2019-04-30 11:00,2019-04-30 13:00,12.575,594.742
2019-04-30 12:00,2019-04-30 14:00,12.896,591.951
2019-04-30 13:00,2019-04-30 15:00,13.006,549.523
2019-04-30 14:00,2019-04-30 16:00,12.868,473.309
2019-04-30 15:00,2019-04-30 17:00,12.525,375.970
2019-04-30 16:00,2019-04-30 18:00,12.016,261.488
2019-04-30 17:00,2019-04-30 19:00,11.321,137.040
2019-04-30 18:00,2019-04-30 20:00,10.393,32.244
2019-04-30 19:00,2019-04-30 21:00,9.374,0.011
2019-04-30 20:00,2019-04-30 22:00,8.840,0
2019-04-30 21:00,2019-04-30 23:00,8.533,0
2019-04-30 22:00,2019-05-01 00:00,8.334,0
2019-04-30 23:00,2019-05-01 01:00,8.168,0
2019-05-01 00:00,2019-05-01 02:00,8.091,0
2019-05-01 01:00,2019-05-01 03:00,8.192,0
2019-05-01 02:00,2019-05-01 04:00,8.311,0
2019-05-01 03:00,2019-05-01 05:00,8.277,0
2019-05-01 04:00,2019-05-01 06:00,8.182,4.977
2019-05-01 05:00,2019-05-01 07:00,8.235,46.895
2019-05-01 06:00,2019-05-01 08:00,8.520,120.808
2019-05-01 07:00,2019-05-01 09:00,9.037,208.072
2019-05-01 08:00,2019-05-01 10:00,9.529,274.167
2019-05-01 09:00,2019-05-01 11:00,10.108,363.251
2019-05-01 10:00,2019-05-01 12:00,10.570,419.741
2019-05-01 11:00,2019-05-01 13:00,11.221,529.694
2019-05-01 12:00,2019-05-01 14:00,11.787,564.873
2019-05-01 13:00,2019-05-01 15:00,12.063,536.437
2019-05-01 14:00,2019-05-01 16:00,12.032,485.310
2019-05-01 15:00,2019-05-01 17:00,11.840,446.143
2019-05-01 16:00,2019-05-01 18:00,11.358,298.380
2019-05-01 17:00,2019-05-01 19:00,10.574,141.672
2019-05-01 18:00,2019-05-01 20:00,9.523,36.773
2019-05-01 19:00,2019-05-01 21:00,8.380,0.055
2019-05-01 20:00,2019-05-01 22:00,7.908,0
2019-05-01 21:00,2019-05-01 23:00,7.549,0
2019-05-01 22:00,2019-05-02 00:00,7.276,0
2019-05-01 23:00,2019-05-02 01:00,7.070,0
2019-05-02 00:00,2019-05-02 02:00,6.953,0
2019-05-02 01:00,2019-05-02 03:00,6.975,0
2019-05-02 02:00,2019-05-02 04:00,7.051,0
2019-05-02 03:00,2019-05-02 05:00,7.178,0
2019-05-02 04:00,2019-05-02 06:00,7.505,11.108
2019-05-02 05:00,2019-05-02 07:00,9.133,81.108
2019-05-02 06:00,2019-05-02 08:00,10.577,164.533
2019-05-02 07:00,2019-05-02 09:00,11.463,213.280
2019-05-02 08:00,2019-05-02 10:00,11.934,216.978
2019-05-02 09:00,2019-05-02 11:00,11.855,183.469
2019-05-02 10:00,2019-05-02 12:00,11.647,162.186
2019-05-02 11:00,2019-05-02 13:00,11.499,173.339
2019-05-02 12:00,2019-05-02 14:00,11.523,245.581
2019-05-02 13:00,2019-05-02 15:00,11.698,315.406
2019-05-02 14:00,2019-05-02 16:00,11.924,378.465
2019-05-02 15:00,2019-05-02 17:00,11.971,375.299
2019-05-02 16:00,2019-05-02 18:00,11.631,295.271
2019-05-02 17:00,2019-05-02 19:00,10.937,175.177
2019-05-02 18:00,2019-05-02 20:00,9.824,50.025
2019-05-02 19:00,2019-05-02 21:00,8.488,0.110
2019-05-02 20:00,2019-05-02 22:00,8.313,0
2019-05-02 21:00,2019-05-02 23:00,8.147,0
2019-05-02 22:00,2019-05-03 00:00,7.966,0
2019-05-02 23:00,2019-05-03 01:00,7.734,0
2019-05-03 00:00,2019-05-03 02:00,7.564,0
2019-05-03 01:00,2019-05-03 03:00,7.328,0
2019-05-03 02:00,2019-05-03 04:00,7.117,0
2019-05-03 03:00,2019-05-03 05:00,6.869,0
2019-05-03 04:00,2019-05-03 06:00,6.761,13.014
2019-05-03 05:00,2019-05-03 07:00,7.799,112.106
2019-05-03 06:00,2019-05-03 08:00,8.710,237.267
2019-05-03 07:00,2019-05-03 09:00,9.344,384.166
2019-05-03 08:00,2019-05-03 10:00,10.014,516.741
2019-05-03 09:00,2019-05-03 11:00,10.562,610.090
2019-05-03 10:00,2019-05-03 12:00,10.901,634.826
2019-05-03 11:00,2019-05-03 13:00,11.035,640.947
2019-05-03 12:00,2019-05-03 14:00,10.976,638.440
2019-05-03 13:00,2019-05-03 15:00,10.693,586.990
2019-05-03 14:00,2019-05-03 16:00,10.211,474.895
2019-05-03 15:00,2019-05-03 17:00,9.601,345.564
2019-05-03 16:00,2019-05-03 18:00,8.880,198.989
2019-05-03 17:00,2019-05-03 19:00,8.060,92.184
2019-05-03 18:00,2019-05-03 20:00,7.172,23.332
2019-05-03 19:00,2019-05-03 21:00,6.500,0.078
2019-05-03 20:00,2019-05-03 22:00,6.114,0
2019-05-03 21:00,2019-05-03 23:00,5.842,0
2019-05-03 22:00,2019-05-04 00:00,5.882,0
2019-05-03 23:00,2019-05-04 01:00,6.032,0
2019-05-04 00:00,2019-05-04 02:00,6.146,0
2019-05-04 01:00,2019-05-04 03:00,6.074,0
2019-05-04 02:00,2019-05-04 04:00,5.707,0
2019-05-04 03:00,2019-05-04 05:00,5.440,0
2019-05-04 04:00,2019-05-04 06:00,5.500,14.473
2019-05-04 05:00,2019-05-04 07:00,6.481,97.814
2019-05-04 06:00,2019-05-04 08:00,7.205,191.543
2019-05-04 07:00,2019-05-04 09:00,7.718,312.564
2019-05-04 08:00,2019-05-04 10:00,8.059,397.440
2019-05-04 09:00,2019-05-04 11:00,8.213,428.540
2019-05-04 10:00,2019-05-04 12:00,8.226,448.550
2019-05-04 11:00,2019-05-04 13:00,8.397,469.896
2019-05-04 12:00,2019-05-04 14:00,8.541,471.702
2019-05-04 13:00,2019-05-04 15:00,8.585,475.376
2019-05-04 14:00,2019-05-04 16:00,8.497,429.629
2019-05-04 15:00,2019-05-04 17:00,8.358,350.987
2019-05-04 16:00,2019-05-04 18:00,8.259,257.972
2019-05-04 17:00,2019-05-04 19:00,8.042,144.597
2019-05-04 18:00,2019-05-04 20:00,7.482,46.642
2019-05-04 19:00,2019-05-04 21:00,6.710,0.341
2019-05-04 20:00,2019-05-04 22:00,6.223,0
2019-05-04 21:00,2019-05-04 23:00,5.924,0
2019-05-04 22:00,2019-05-05 00:00,5.970,0
2019-05-04 23:00,2019-05-05 01:00,6.220,0
2019-05-05 00:00,2019-05-05 02:00,6.586,0
2019-05-05 01:00,2019-05-05 03:00,6.750,0
2019-05-05 02:00,2019-05-05 04:00,6.590,0
2019-05-05 03:00,2019-05-05 05:00,6.345,0
2019-05-05 04:00,2019-05-05 06:00,6.353,13.790
2019-05-05 05:00,2019-05-05 07:00,7.226,105.747
2019-05-05 06:00,2019-05-05 08:00,8.156,236.464
2019-05-05 07:00,2019-05-05 09:00,8.823,342.682
2019-05-05 08:00,2019-05-05 10:00,9.379,466.367
2019-05-05 09:00,2019-05-05 11:00,9.685,569.272
2019-05-05 10:00,2019-05-05 12:00,9.887,601.489
2019-05-05 11:00,2019-05-05 13:00,10.135,671.993
2019-05-05 12:00,2019-05-05 14:00,10.292,664.032
2019-05-05 13:00,2019-05-05 15:00,10.299,620.642
2019-05-05 14:00,2019-05-05 16:00,10.123,527.663
2019-05-05 15:00,2019-05-05 17:00,9.778,408.276
2019-05-05 16:00,2019-05-05 18:00,9.424,300.210
2019-05-05 17:00,2019-05-05 19:00,8.967,193.283
2019-05-05 18:00,2019-05-05 20:00,7.972,60.518
2019-05-05 19:00,2019-05-05 21:00,6.574,0.571
2019-05-05 20:00,2019-05-05 22:00,6.102,0
2019-05-05 21:00,2019-05-05 23:00,5.755,0
2019-05-05 22:00,2019-05-06 00:00,5.483,0
2019-05-05 23:00,2019-05-06 01:00,5.359,0
2019-05-06 00:00,2019-05-06 02:00,5.298,0
2019-05-06 01:00,2019-05-06 03:00,5.281,0
2019-05-06 02:00,2019-05-06 04:00,5.306,0
2019-05-06 03:00,2019-05-06 05:00,5.432,0
2019-05-06 04:00,2019-05-06 06:00,5.643,14.298
2019-05-06 05:00,2019-05-06 07:00,7.104,90.717
2019-05-06 06:00,2019-05-06 08:00,8.275,198.647
2019-05-06 07:00,2019-05-06 09:00,9.112,322.900
2019-05-06 08:00,2019-05-06 10:00,9.983,463.417
2019-05-06 09:00,2019-05-06 11:00,10.746,557.448
2019-05-06 10:00,2019-05-06 12:00,11.276,654.446
2019-05-06 11:00,2019-05-06 13:00,11.520,689.194
2019-05-06 12:00,2019-05-06 14:00,11.437,632.083
2019-05-06 13:00,2019-05-06 15:00,11.126,521.190
2019-05-06 14:00,2019-05-06 16:00,10.713,413.310
2019-05-06 15:00,2019-05-06 17:00,10.350,328.388
2019-05-06 16:00,2019-05-06 18:00,9.894,222.691
2019-05-06 17:00,2019-05-06 19:00,9.367,119.193
2019-05-06 18:00,2019-05-06 20:00,8.428,34.434
2019-05-06 19:00,2019-05-06 21:00,7.383,0.448
2019-05-06 20:00,2019-05-06 22:00,7.021,0
2019-05-06 21:00,2019-05-06 23:00,6.711,0
2019-05-06 22:00,2019-05-07 00:00,6.570,0
2019-05-06 23:00,2019-05-07 01:00,6.542,0
2019-05-07 00:00,2019-05-07 02:00,6.530,0
2019-05-07 01:00,2019-05-07 03:00,6.605,0
2019-05-07 02:00,2019-05-07 04:00,6.610,0
2019-05-07 03:00,2019-05-07 05:00,6.588,0
2019-05-07 04:00,2019-05-07 06:00,6.388,13.606
2019-05-07 05:00,2019-05-07 07:00,6.889,84.708
2019-05-07 06:00,2019-05-07 08:00,7.884,174.219
2019-05-07 07:00,2019-05-07 09:00,8.780,281.678
2019-05-07 08:00,2019-05-07 10:00,9.725,373.777
2019-05-07 09:00,2019-05-07 11:00,10.553,429.293
2019-05-07 10:00,2019-05-07 12:00,11.132,457.662
2019-05-07 11:00,2019-05-07 13:00,11.656,452.597
2019-05-07 12:00,2019-05-07 14:00,12.312,583.663
2019-05-07 13:00,2019-05-07 15:00,12.566,552.728
2019-05-07 14:00,2019-05-07 16:00,12.778,536.491
2019-05-07 15:00,2019-05-07 17:00,12.674,400.920
2019-05-07 16:00,2019-05-07 18:00,12.579,315.209
2019-05-07 17:00,2019-05-07 19:00,12.265,145.807
2019-05-07 18:00,2019-05-07 20:00,11.237,45.630
2019-05-07 19:00,2019-05-07 21:00,9.795,0.907
2019-05-07 20:00,2019-05-07 22:00,9.234,0
2019-05-07 21:00,2019-05-07 23:00,9.057,0
2019-05-07 22:00,2019-05-08 00:00,8.752,0
2019-05-07 23:00,2019-05-08 01:00,8.479,0
2019-05-08 00:00,2019-05-08 02:00,8.259,0
2019-05-08 01:00,2019-05-08 03:00,7.873,0
2019-05-08 02:00,2019-05-08 04:00,7.808,0
2019-05-08 03:00,2019-05-08 05:00,7.762,0
2019-05-08 04:00,2019-05-08 06:00,7.693,5.177
2019-05-08 05:00,2019-05-08 07:00,7.844,32.243
2019-05-08 06:00,2019-05-08 08:00,8.269,82.949
2019-05-08 07:00,2019-05-08 09:00,8.854,125.257
2019-05-08 08:00,2019-05-08 10:00,9.621,215.602
2019-05-08 09:00,2019-05-08 11:00,10.491,339.804
2019-05-08 10:00,2019-05-08 12:00,10.742,233.176
2019-05-08 11:00,2019-05-08 13:00,10.636,126.706
2019-05-08 12:00,2019-05-08 14:00,10.997,141.317
2019-05-08 13:00,2019-05-08 15:00,11.755,240.784
2019-05-08 14:00,2019-05-08 16:00,12.380,196.376
2019-05-08 15:00,2019-05-08 17:00,13.116,353.089
2019-05-08 16:00,2019-05-08 18:00,13.507,329.809
2019-05-08 17:00,2019-05-08 19:00,13.087,200.330
2019-05-08 18:00,2019-05-08 20:00,11.796,68.775
2019-05-08 19:00,2019-05-08 21:00,10.250,1.436
2019-05-08 20:00,2019-05-08 22:00,9.672,0
2019-05-08 21:00,2019-05-08 23:00,9.443,0
2019-05-08 22:00,2019-05-09 00:00,9.247,0
2019-05-08 23:00,2019-05-09 01:00,9.029,0
2019-05-09 00:00,2019-05-09 02:00,8.766,0
2019-05-09 01:00,2019-05-09 03:00,8.741,0
2019-05-09 02:00,2019-05-09 04:00,8.469,0
2019-05-09 03:00,2019-05-09 05:00,8.366,0
2019-05-09 04:00,2019-05-09 06:00,8.248,18.708
2019-05-09 05:00,2019-05-09 07:00,8.867,109.924
2019-05-09 06:00,2019-05-09 08:00,10.085,294.338
2019-05-09 07:00,2019-05-09 09:00,11.590,464.526
2019-05-09 08:00,2019-05-09 10:00,12.817,614.131
2019-05-09 09:00,2019-05-09 11:00,13.647,725.904
2019-05-09 10:00,2019-05-09 12:00,14.281,796.350
2019-05-09 11:00,2019-05-09 13:00,14.699,821.586
2019-05-09 12:00,2019-05-09 14:00,14.902,799.931
2019-05-09 13:00,2019-05-09 15:00,14.923,731.171
2019-05-09 14:00,2019-05-09 16:00,14.764,614.210
2019-05-09 15:00,2019-05-09 17:00,14.356,411.376
2019-05-09 16:00,2019-05-09 18:00,13.765,270.807
2019-05-09 17:00,2019-05-09 19:00,13.014,127.075
2019-05-09 18:00,2019-05-09 20:00,12.173,36.108
2019-05-09 19:00,2019-05-09 21:00,11.453,0.649
2019-05-09 20:00,2019-05-09 22:00,11.097,0
2019-05-09 21:00,2019-05-09 23:00,10.831,0
2019-05-09 22:00,2019-05-10 00:00,10.595,0
2019-05-09 23:00,2019-05-10 01:00,10.315,0
2019-05-10 00:00,2019-05-10 02:00,9.921,0
2019-05-10 01:00,2019-05-10 03:00,9.461,0
2019-05-10 02:00,2019-05-10 04:00,8.984,0
2019-05-10 03:00,2019-05-10 05:00,8.430,0
2019-05-10 04:00,2019-05-10 06:00,8.312,22.429
2019-05-10 05:00,2019-05-10 07:00,9.386,114.113
2019-05-10 06:00,2019-05-10 08:00,9.948,192.599
2019-05-10 07:00,2019-05-10 09:00,10.314,272.958
2019-05-10 08:00,2019-05-10 10:00,10.816,393.233
2019-05-10 09:00,2019-05-10 11:00,11.368,517.934
2019-05-10 10:00,2019-05-10 12:00,11.817,579.047
2019-05-10 11:00,2019-05-10 13:00,12.051,546.596
2019-05-10 12:00,2019-05-10 14:00,12.285,575.610
2019-05-10 13:00,2019-05-10 15:00,12.446,563.333
2019-05-10 14:00,2019-05-10 16:00,12.567,555.724
2019-05-10 15:00,2019-05-10 17:00,12.553,461.429
2019-05-10 16:00,2019-05-10 18:00,12.441,337.260
2019-05-10 17:00,2019-05-10 19:00,12.137,195.136
2019-05-10 18:00,2019-05-10 20:00,11.184,62.395
2019-05-10 19:00,2019-05-10 21:00,9.906,1.895
2019-05-10 20:00,2019-05-10 22:00,9.469,0
2019-05-10 21:00,2019-05-10 23:00,9.008,0
2019-05-10 22:00,2019-05-11 00:00,8.521,0
2019-05-10 23:00,2019-05-11 01:00,8.034,0
2019-05-11 00:00,2019-05-11 02:00,7.599,0
2019-05-11 01:00,2019-05-11 03:00,7.215,0
2019-05-11 02:00,2019-05-11 04:00,6.867,0
2019-05-11 03:00,2019-05-11 05:00,6.572,0
2019-05-11 04:00,2019-05-11 06:00,6.578,31.391
2019-05-11 05:00,2019-05-11 07:00,7.512,149.087
2019-05-11 06:00,2019-05-11 08:00,8.886,313.430
2019-05-11 07:00,2019-05-11 09:00,10.346,473.376
2019-05-11 08:00,2019-05-11 10:00,11.336,618.784
2019-05-11 09:00,2019-05-11 11:00,12.062,734.352
2019-05-11 10:00,2019-05-11 12:00,12.580,807.655
2019-05-11 11:00,2019-05-11 13:00,12.874,836.364
2019-05-11 12:00,2019-05-11 14:00,12.913,815.128
2019-05-11 13:00,2019-05-11 15:00,12.763,762.123
2019-05-11 14:00,2019-05-11 16:00,12.446,672.485
2019-05-11 15:00,2019-05-11 17:00,11.996,547.216
2019-05-11 16:00,2019-05-11 18:00,11.439,394.189
2019-05-11 17:00,2019-05-11 19:00,10.771,231.186
2019-05-11 18:00,2019-05-11 20:00,9.860,82.350
2019-05-11 19:00,2019-05-11 21:00,8.623,3.037
2019-05-11 20:00,2019-05-11 22:00,8.101,0
2019-05-11 21:00,2019-05-11 23:00,7.686,0
2019-05-11 22:00,2019-05-12 00:00,7.265,0
2019-05-11 23:00,2019-05-12 01:00,6.995,0
2019-05-12 00:00,2019-05-12 02:00,6.878,0
2019-05-12 01:00,2019-05-12 03:00,6.611,0
2019-05-12 02:00,2019-05-12 04:00,6.449,0
2019-05-12 03:00,2019-05-12 05:00,6.433,0
2019-05-12 04:00,2019-05-12 06:00,6.979,33.234
2019-05-12 05:00,2019-05-12 07:00,8.774,153.496
2019-05-12 06:00,2019-05-12 08:00,9.757,308.285
2019-05-12 07:00,2019-05-12 09:00,10.350,482.258
2019-05-12 08:00,2019-05-12 10:00,10.895,615.173
2019-05-12 09:00,2019-05-12 11:00,11.299,701.968
2019-05-12 10:00,2019-05-12 12:00,11.712,777.076
2019-05-12 11:00,2019-05-12 13:00,12.071,813.517
2019-05-12 12:00,2019-05-12 14:00,12.334,803.713
2019-05-12 13:00,2019-05-12 15:00,12.493,764.997
2019-05-12 14:00,2019-05-12 16:00,12.452,674.971
2019-05-12 15:00,2019-05-12 17:00,12.187,551.218
2019-05-12 16:00,2019-05-12 18:00,11.753,399.534
2019-05-12 17:00,2019-05-12 19:00,11.176,238.052
2019-05-12 18:00,2019-05-12 20:00,10.278,87.933
2019-05-12 19:00,2019-05-12 21:00,8.825,3.851
2019-05-12 20:00,2019-05-12 22:00,8.228,0
2019-05-12 21:00,2019-05-12 23:00,7.762,0
2019-05-12 22:00,2019-05-13 00:00,7.376,0
2019-05-12 23:00,2019-05-13 01:00,6.962,0
2019-05-13 00:00,2019-05-13 02:00,6.537,0
2019-05-13 01:00,2019-05-13 03:00,6.051,0
2019-05-13 02:00,2019-05-13 04:00,5.657,0
2019-05-13 03:00,2019-05-13 05:00,5.319,0
2019-05-13 04:00,2019-05-13 06:00,5.575,38.576
2019-05-13 05:00,2019-05-13 07:00,7.262,172.504
2019-05-13 06:00,2019-05-13 08:00,8.645,342.806
2019-05-13 07:00,2019-05-13 09:00,9.812,506.205
2019-05-13 08:00,2019-05-13 10:00,10.951,652.674
2019-05-13 09:00,2019-05-13 11:00,12.016,769.944
2019-05-13 10:00,2019-05-13 12:00,12.926,848.710
2019-05-13 11:00,2019-05-13 13:00,13.576,880.039
2019-05-13 12:00,2019-05-13 14:00,13.952,862.647
2019-05-13 13:00,2019-05-13 15:00,14.075,801.020
2019-05-13 14:00,2019-05-13 16:00,13.986,699.111
2019-05-13 15:00,2019-05-13 17:00,13.739,564.931
2019-05-13 16:00,2019-05-13 18:00,13.330,407.598
2019-05-13 17:00,2019-05-13 19:00,12.705,236.149
2019-05-13 18:00,2019-05-13 20:00,11.536,76.201
2019-05-13 19:00,2019-05-13 21:00,10.093,4.031
2019-05-13 20:00,2019-05-13 22:00,9.583,0
2019-05-13 21:00,2019-05-13 23:00,9.047,0
2019-05-13 22:00,2019-05-14 00:00,8.404,0
2019-05-13 23:00,2019-05-14 01:00,7.877,0
2019-05-14 00:00,2019-05-14 02:00,7.398,0
2019-05-14 01:00,2019-05-14 03:00,6.951,0
2019-05-14 02:00,2019-05-14 04:00,6.667,0
2019-05-14 03:00,2019-05-14 05:00,6.664,0.001
2019-05-14 04:00,2019-05-14 06:00,6.903,31.408
2019-05-14 05:00,2019-05-14 07:00,7.818,138.219
2019-05-14 06:00,2019-05-14 08:00,8.903,305.603
2019-05-14 07:00,2019-05-14 09:00,9.983,494.693
2019-05-14 08:00,2019-05-14 10:00,11.036,642.991
2019-05-14 09:00,2019-05-14 11:00,12.031,761.699
2019-05-14 10:00,2019-05-14 12:00,12.954,840.968
2019-05-14 11:00,2019-05-14 13:00,13.730,857.836
2019-05-14 12:00,2019-05-14 14:00,14.146,762.205
2019-05-14 13:00,2019-05-14 15:00,14.356,668.173
2019-05-14 14:00,2019-05-14 16:00,14.561,616.630
2019-05-14 15:00,2019-05-14 17:00,14.601,511.163
2019-05-14 16:00,2019-05-14 18:00,14.441,402.890
2019-05-14 17:00,2019-05-14 19:00,13.899,241.693
2019-05-14 18:00,2019-05-14 20:00,12.566,91.298
2019-05-14 19:00,2019-05-14 21:00,10.939,4.906
2019-05-14 20:00,2019-05-14 22:00,10.341,0
2019-05-14 21:00,2019-05-14 23:00,9.916,0
2019-05-14 22:00,2019-05-15 00:00,9.262,0
2019-05-14 23:00,2019-05-15 01:00,8.551,0
2019-05-15 00:00,2019-05-15 02:00,7.890,0
2019-05-15 01:00,2019-05-15 03:00,7.257,0
2019-05-15 02:00,2019-05-15 04:00,6.677,0
2019-05-15 03:00,2019-05-15 05:00,6.191,0.007
2019-05-15 04:00,2019-05-15 06:00,6.423,41.089
2019-05-15 05:00,2019-05-15 07:00,7.462,168.345
2019-05-15 06:00,2019-05-15 08:00,8.820,339.643
2019-05-15 07:00,2019-05-15 09:00,11.319,503.088
2019-05-15 08:00,2019-05-15 10:00,13.162,649.811
2019-05-15 09:00,2019-05-15 11:00,14.037,767.541
2019-05-15 10:00,2019-05-15 12:00,14.557,846.762
2019-05-15 11:00,2019-05-15 13:00,14.962,879.603
2019-05-15 12:00,2019-05-15 14:00,15.273,866.185
2019-05-15 13:00,2019-05-15 15:00,15.490,806.930
2019-05-15 14:00,2019-05-15 16:00,15.577,704.065
2019-05-15 15:00,2019-05-15 17:00,15.497,567.613
2019-05-15 16:00,2019-05-15 18:00,15.253,408.747
2019-05-15 17:00,2019-05-15 19:00,14.705,236.588
2019-05-15 18:00,2019-05-15 20:00,13.564,82.311
2019-05-15 19:00,2019-05-15 21:00,12.155,4.959
2019-05-15 20:00,2019-05-15 22:00,11.482,0
2019-05-15 21:00,2019-05-15 23:00,10.799,0
2019-05-15 22:00,2019-05-16 00:00,10.091,0
2019-05-15 23:00,2019-05-16 01:00,9.215,0
2019-05-16 00:00,2019-05-16 02:00,8.547,0
2019-05-16 01:00,2019-05-16 03:00,8.028,0
2019-05-16 02:00,2019-05-16 04:00,7.624,0
2019-05-16 03:00,2019-05-16 05:00,7.313,0.023
2019-05-16 04:00,2019-05-16 06:00,7.477,43.889
2019-05-16 05:00,2019-05-16 07:00,8.432,181.311
2019-05-16 06:00,2019-05-16 08:00,9.949,346.271
2019-05-16 07:00,2019-05-16 09:00,11.261,506.035
2019-05-16 08:00,2019-05-16 10:00,12.190,646.034
2019-05-16 09:00,2019-05-16 11:00,13.086,761.239
2019-05-16 10:00,2019-05-16 12:00,14.018,837.391
2019-05-16 11:00,2019-05-16 13:00,14.901,867.955
2019-05-16 12:00,2019-05-16 14:00,15.577,840.162
2019-05-16 13:00,2019-05-16 15:00,16.043,774.225
2019-05-16 14:00,2019-05-16 16:00,16.264,673.350
2019-05-16 15:00,2019-05-16 17:00,16.117,539.846
2019-05-16 16:00,2019-05-16 18:00,15.558,394.753
2019-05-16 17:00,2019-05-16 19:00,14.585,228.003
2019-05-16 18:00,2019-05-16 20:00,13.339,83.633
2019-05-16 19:00,2019-05-16 21:00,12.167,5.005
2019-05-16 20:00,2019-05-16 22:00,11.542,0
2019-05-16 21:00,2019-05-16 23:00,11.266,0
2019-05-16 22:00,2019-05-17 00:00,11.126,0
2019-05-16 23:00,2019-05-17 01:00,10.987,0
2019-05-17 00:00,2019-05-17 02:00,10.829,0
2019-05-17 01:00,2019-05-17 03:00,10.579,0
2019-05-17 02:00,2019-05-17 04:00,10.278,0
2019-05-17 03:00,2019-05-17 05:00,9.970,0.034
2019-05-17 04:00,2019-05-17 06:00,9.935,27.981
2019-05-17 05:00,2019-05-17 07:00,10.284,98.673
2019-05-17 06:00,2019-05-17 08:00,10.871,211.016
2019-05-17 07:00,2019-05-17 09:00,11.702,369.331
2019-05-17 08:00,2019-05-17 10:00,12.649,519.789
2019-05-17 09:00,2019-05-17 11:00,13.277,487.248
2019-05-17 10:00,2019-05-17 12:00,13.604,445.281
2019-05-17 11:00,2019-05-17 13:00,13.935,459.480
2019-05-17 12:00,2019-05-17 14:00,14.199,417.441
2019-05-17 13:00,2019-05-17 15:00,14.402,400.096
2019-05-17 14:00,2019-05-17 16:00,14.377,314.553
2019-05-17 15:00,2019-05-17 17:00,14.234,248.213
2019-05-17 16:00,2019-05-17 18:00,13.926,167.960
2019-05-17 17:00,2019-05-17 19:00,13.539,101.969
2019-05-17 18:00,2019-05-17 20:00,12.911,42.593
2019-05-17 19:00,2019-05-17 21:00,11.998,3.387
2019-05-17 20:00,2019-05-17 22:00,11.465,0
2019-05-17 21:00,2019-05-17 23:00,11.069,0
2019-05-17 22:00,2019-05-18 00:00,10.705,0
2019-05-17 23:00,2019-05-18 01:00,10.490,0
2019-05-18 00:00,2019-05-18 02:00,10.315,0
2019-05-18 01:00,2019-05-18 03:00,10.169,0
2019-05-18 02:00,2019-05-18 04:00,9.959,0
2019-05-18 03:00,2019-05-18 05:00,9.668,0.096
2019-05-18 04:00,2019-05-18 06:00,9.639,39.115
2019-05-18 05:00,2019-05-18 07:00,10.586,150.863
2019-05-18 06:00,2019-05-18 08:00,11.877,288.550
2019-05-18 07:00,2019-05-18 09:00,13.236,433.835
2019-05-18 08:00,2019-05-18 10:00,14.501,573.719
2019-05-18 09:00,2019-05-18 11:00,15.691,681.262
2019-05-18 10:00,2019-05-18 12:00,16.479,726.967
2019-05-18 11:00,2019-05-18 13:00,16.949,719.612
2019-05-18 12:00,2019-05-18 14:00,17.170,663.659
2019-05-18 13:00,2019-05-18 15:00,17.174,573.212
2019-05-18 14:00,2019-05-18 16:00,17.047,462.349
2019-05-18 15:00,2019-05-18 17:00,16.772,349.648
2019-05-18 16:00,2019-05-18 18:00,16.453,256.752
2019-05-18 17:00,2019-05-18 19:00,15.874,157.473
2019-05-18 18:00,2019-05-18 20:00,14.670,63.708
2019-05-18 19:00,2019-05-18 21:00,13.331,5.012
2019-05-18 20:00,2019-05-18 22:00,12.722,0
2019-05-18 21:00,2019-05-18 23:00,12.300,0
2019-05-18 22:00,2019-05-19 00:00,11.979,0
2019-05-18 23:00,2019-05-19 01:00,11.739,0
2019-05-19 00:00,2019-05-19 02:00,11.546,0
2019-05-19 01:00,2019-05-19 03:00,11.421,0
2019-05-19 02:00,2019-05-19 04:00,11.355,0
2019-05-19 03:00,2019-05-19 05:00,11.346,0.072
2019-05-19 04:00,2019-05-19 06:00,11.446,16.020
2019-05-19 05:00,2019-05-19 07:00,11.781,50.043
2019-05-19 06:00,2019-05-19 08:00,12.094,94.572
2019-05-19 07:00,2019-05-19 09:00,12.535,151.497
2019-05-19 08:00,2019-05-19 10:00,13.090,224.165
2019-05-19 09:00,2019-05-19 11:00,13.748,315.364
2019-05-19 10:00,2019-05-19 12:00,14.496,426.018
2019-05-19 11:00,2019-05-19 13:00,15.121,500.922
2019-05-19 12:00,2019-05-19 14:00,15.511,513.567
2019-05-19 13:00,2019-05-19 15:00,15.670,505.951
2019-05-19 14:00,2019-05-19 16:00,15.539,420.628
2019-05-19 15:00,2019-05-19 17:00,15.044,317.807
2019-05-19 16:00,2019-05-19 18:00,14.275,204.691
2019-05-19 17:00,2019-05-19 19:00,13.501,117.336
2019-05-19 18:00,2019-05-19 20:00,12.747,48.461
2019-05-19 19:00,2019-05-19 21:00,12.019,4.687
2019-05-19 20:00,2019-05-19 22:00,11.582,0
2019-05-19 21:00,2019-05-19 23:00,11.352,0
2019-05-19 22:00,2019-05-20 00:00,11.176,0
2019-05-19 23:00,2019-05-20 01:00,11.022,0
2019-05-20 00:00,2019-05-20 02:00,10.925,0
2019-05-20 01:00,2019-05-20 03:00,10.884,0
2019-05-20 02:00,2019-05-20 04:00,10.873,0
2019-05-20 03:00,2019-05-20 05:00,10.910,0.218
2019-05-20 04:00,2019-05-20 06:00,11.163,33.756
2019-05-20 05:00,2019-05-20 07:00,11.799,125.957
2019-05-20 06:00,2019-05-20 08:00,12.599,229.692
2019-05-20 07:00,2019-05-20 09:00,13.427,334.092
2019-05-20 08:00,2019-05-20 10:00,14.083,443.952
2019-05-20 09:00,2019-05-20 11:00,14.634,563.754
2019-05-20 10:00,2019-05-20 12:00,14.959,633.714
2019-05-20 11:00,2019-05-20 13:00,15.090,659.940
2019-05-20 12:00,2019-05-20 14:00,14.983,626.117
2019-05-20 13:00,2019-05-20 15:00,14.722,569.816
2019-05-20 14:00,2019-05-20 16:00,14.439,515.414
2019-05-20 15:00,2019-05-20 17:00,14.052,422.765
2019-05-20 16:00,2019-05-20 18:00,13.534,300.604
2019-05-20 17:00,2019-05-20 19:00,12.867,175.336
2019-05-20 18:00,2019-05-20 20:00,12.089,67.937
2019-05-20 19:00,2019-05-20 21:00,11.413,6.241
2019-05-20 20:00,2019-05-20 22:00,11.143,0
2019-05-20 21:00,2019-05-20 23:00,11.130,0
2019-05-20 22:00,2019-05-21 00:00,11.152,0
2019-05-20 23:00,2019-05-21 01:00,11.109,0
2019-05-21 00:00,2019-05-21 02:00,11.014,0
2019-05-21 01:00,2019-05-21 03:00,10.917,0
2019-05-21 02:00,2019-05-21 04:00,10.818,0
2019-05-21 03:00,2019-05-21 05:00,10.758,0.271
2019-05-21 04:00,2019-05-21 06:00,10.802,33.722
2019-05-21 05:00,2019-05-21 07:00,11.153,114.015
2019-05-21 06:00,2019-05-21 08:00,11.646,217.038
2019-05-21 07:00,2019-05-21 09:00,12.174,333.866
2019-05-21 08:00,2019-05-21 10:00,12.641,422.391
2019-05-21 09:00,2019-05-21 11:00,12.887,449.530
2019-05-21 10:00,2019-05-21 12:00,13.086,451.755
2019-05-21 11:00,2019-05-21 13:00,13.139,434.374
2019-05-21 12:00,2019-05-21 14:00,13.100,403.661
2019-05-21 13:00,2019-05-21 15:00,13.058,363.941
2019-05-21 14:00,2019-05-21 16:00,12.977,324.823
2019-05-21 15:00,2019-05-21 17:00,12.873,279.297
2019-05-21 16:00,2019-05-21 18:00,12.707,222.078
2019-05-21 17:00,2019-05-21 19:00,12.396,152.012
2019-05-21 18:00,2019-05-21 20:00,11.901,71.455
2019-05-21 19:00,2019-05-21 21:00,11.128,8.237
2019-05-21 20:00,2019-05-21 22:00,10.557,0
2019-05-21 21:00,2019-05-21 23:00,10.289,0
2019-05-21 22:00,2019-05-22 00:00,10.056,0
2019-05-21 23:00,2019-05-22 01:00,9.762,0
2019-05-22 00:00,2019-05-22 02:00,9.393,0
2019-05-22 01:00,2019-05-22 03:00,8.845,0
2019-05-22 02:00,2019-05-22 04:00,8.584,0
2019-05-22 03:00,2019-05-22 05:00,8.511,0.583
2019-05-22 04:00,2019-05-22 06:00,9.192,56.976
2019-05-22 05:00,2019-05-22 07:00,10.965,192.925
2019-05-22 06:00,2019-05-22 08:00,12.130,355.092
2019-05-22 07:00,2019-05-22 09:00,13.263,508.639
2019-05-22 08:00,2019-05-22 10:00,14.271,631.671
2019-05-22 09:00,2019-05-22 11:00,15.097,730.034
2019-05-22 10:00,2019-05-22 12:00,15.739,807.861
2019-05-22 11:00,2019-05-22 13:00,16.152,846.369
2019-05-22 12:00,2019-05-22 14:00,16.262,817.490
2019-05-22 13:00,2019-05-22 15:00,16.118,738.249
2019-05-22 14:00,2019-05-22 16:00,15.870,631.628
2019-05-22 15:00,2019-05-22 17:00,15.588,498.183
2019-05-22 16:00,2019-05-22 18:00,15.172,306.340
2019-05-22 17:00,2019-05-22 19:00,14.607,143.015
2019-05-22 18:00,2019-05-22 20:00,13.905,55.853
2019-05-22 19:00,2019-05-22 21:00,13.268,7.485
2019-05-22 20:00,2019-05-22 22:00,12.885,0
2019-05-22 21:00,2019-05-22 23:00,12.478,0
2019-05-22 22:00,2019-05-23 00:00,11.845,0
2019-05-22 23:00,2019-05-23 01:00,11.148,0
2019-05-23 00:00,2019-05-23 02:00,10.658,0
2019-05-23 01:00,2019-05-23 03:00,10.364,0
2019-05-23 02:00,2019-05-23 04:00,10.022,0
2019-05-23 03:00,2019-05-23 05:00,9.608,0.765
2019-05-23 04:00,2019-05-23 06:00,10.127,55.271
2019-05-23 05:00,2019-05-23 07:00,11.593,186.646
2019-05-23 06:00,2019-05-23 08:00,12.818,333.723
2019-05-23 07:00,2019-05-23 09:00,14.508,425.921
2019-05-23 08:00,2019-05-23 10:00,15.564,493.989
2019-05-23 09:00,2019-05-23 11:00,16.238,604.092
2019-05-23 10:00,2019-05-23 12:00,16.840,720.471
2019-05-23 11:00,2019-05-23 13:00,17.286,760.434
2019-05-23 12:00,2019-05-23 14:00,17.573,733.561
2019-05-23 13:00,2019-05-23 15:00,17.743,669.113
2019-05-23 14:00,2019-05-23 16:00,17.928,600.646
2019-05-23 15:00,2019-05-23 17:00,18.003,487.889
2019-05-23 16:00,2019-05-23 18:00,17.841,311.718
2019-05-23 17:00,2019-05-23 19:00,17.429,160.982
2019-05-23 18:00,2019-05-23 20:00,16.635,65.715
2019-05-23 19:00,2019-05-23 21:00,15.882,9.408
2019-05-23 20:00,2019-05-23 22:00,15.222,0
2019-05-23 21:00,2019-05-23 23:00,14.328,0
2019-05-23 22:00,2019-05-24 00:00,13.689,0
2019-05-23 23:00,2019-05-24 01:00,12.991,0
2019-05-24 00:00,2019-05-24 02:00,12.243,0
2019-05-24 01:00,2019-05-24 03:00,11.650,0
2019-05-24 02:00,2019-05-24 04:00,11.189,0
2019-05-24 03:00,2019-05-24 05:00,10.662,0.925
2019-05-24 04:00,2019-05-24 06:00,11.106,55.589
2019-05-24 05:00,2019-05-24 07:00,12.688,182.484
2019-05-24 06:00,2019-05-24 08:00,13.872,342.728
2019-05-24 07:00,2019-05-24 09:00,15.195,499.704
2019-05-24 08:00,2019-05-24 10:00,16.222,638.478
2019-05-24 09:00,2019-05-24 11:00,16.876,754.761
2019-05-24 10:00,2019-05-24 12:00,17.233,842.448
2019-05-24 11:00,2019-05-24 13:00,17.303,878.827
2019-05-24 12:00,2019-05-24 14:00,17.143,867.970
2019-05-24 13:00,2019-05-24 15:00,16.722,813.673
2019-05-24 14:00,2019-05-24 16:00,16.162,716.943
2019-05-24 15:00,2019-05-24 17:00,15.530,583.939
2019-05-24 16:00,2019-05-24 18:00,14.837,430.376
2019-05-24 17:00,2019-05-24 19:00,14.022,269.015
2019-05-24 18:00,2019-05-24 20:00,13.055,117.594
2019-05-24 19:00,2019-05-24 21:00,11.569,13.898
2019-05-24 20:00,2019-05-24 22:00,10.683,0
2019-05-24 21:00,2019-05-24 23:00,10.275,0
2019-05-24 22:00,2019-05-25 00:00,9.933,0
2019-05-24 23:00,2019-05-25 01:00,9.673,0
2019-05-25 00:00,2019-05-25 02:00,9.459,0
2019-05-25 01:00,2019-05-25 03:00,9.338,0
2019-05-25 02:00,2019-05-25 04:00,9.314,0
2019-05-25 03:00,2019-05-25 05:00,9.471,0.907
2019-05-25 04:00,2019-05-25 06:00,10.120,36.224
2019-05-25 05:00,2019-05-25 07:00,11.038,86.201
2019-05-25 06:00,2019-05-25 08:00,11.476,140.399
2019-05-25 07:00,2019-05-25 09:00,11.917,232.859
2019-05-25 08:00,2019-05-25 10:00,12.687,370.453
2019-05-25 09:00,2019-05-25 11:00,13.942,542.891
2019-05-25 10:00,2019-05-25 12:00,15.130,654.631
2019-05-25 11:00,2019-05-25 13:00,15.717,644.836
2019-05-25 12:00,2019-05-25 14:00,16.012,631.149
2019-05-25 13:00,2019-05-25 15:00,16.069,578.464
2019-05-25 14:00,2019-05-25 16:00,16.144,547.566
2019-05-25 15:00,2019-05-25 17:00,16.284,527.537
2019-05-25 16:00,2019-05-25 18:00,16.186,404.481
2019-05-25 17:00,2019-05-25 19:00,15.806,222.858
2019-05-25 18:00,2019-05-25 20:00,14.895,84.138
2019-05-25 19:00,2019-05-25 21:00,13.395,12.318
2019-05-25 20:00,2019-05-25 22:00,12.565,0
2019-05-25 21:00,2019-05-25 23:00,11.912,0
2019-05-25 22:00,2019-05-26 00:00,11.400,0
2019-05-25 23:00,2019-05-26 01:00,11.251,0
2019-05-26 00:00,2019-05-26 02:00,11.341,0
2019-05-26 01:00,2019-05-26 03:00,11.419,0
2019-05-26 02:00,2019-05-26 04:00,11.638,0
2019-05-26 03:00,2019-05-26 05:00,11.722,1.107
2019-05-26 04:00,2019-05-26 06:00,12.134,41.635
2019-05-26 05:00,2019-05-26 07:00,12.875,118.970
2019-05-26 06:00,2019-05-26 08:00,13.855,199.408
2019-05-26 07:00,2019-05-26 09:00,14.857,285.419
2019-05-26 08:00,2019-05-26 10:00,15.953,403.198
2019-05-26 09:00,2019-05-26 11:00,17.004,515.166
2019-05-26 10:00,2019-05-26 12:00,17.654,607.363
2019-05-26 11:00,2019-05-26 13:00,18.065,696.763
2019-05-26 12:00,2019-05-26 14:00,18.219,692.224
2019-05-26 13:00,2019-05-26 15:00,18.193,701.687
2019-05-26 14:00,2019-05-26 16:00,18.141,623.698
2019-05-26 15:00,2019-05-26 17:00,17.879,471.209
2019-05-26 16:00,2019-05-26 18:00,17.415,299.203
2019-05-26 17:00,2019-05-26 19:00,16.686,149.875
2019-05-26 18:00,2019-05-26 20:00,15.741,40.480
2019-05-26 19:00,2019-05-26 21:00,14.845,2.929
2019-05-26 20:00,2019-05-26 22:00,14.223,0
2019-05-26 21:00,2019-05-26 23:00,13.874,0
2019-05-26 22:00,2019-05-27 00:00,13.726,0
2019-05-26 23:00,2019-05-27 01:00,13.427,0
2019-05-27 00:00,2019-05-27 02:00,12.674,0
2019-05-27 01:00,2019-05-27 03:00,11.884,0
2019-05-27 02:00,2019-05-27 04:00,11.400,0
2019-05-27 03:00,2019-05-27 05:00,10.963,1.797
2019-05-27 04:00,2019-05-27 06:00,11.548,56.120
2019-05-27 05:00,2019-05-27 07:00,12.605,141.538
2019-05-27 06:00,2019-05-27 08:00,13.491,291.497
2019-05-27 07:00,2019-05-27 09:00,14.604,484.931
2019-05-27 08:00,2019-05-27 10:00,15.482,641.691
2019-05-27 09:00,2019-05-27 11:00,15.920,653.922
2019-05-27 10:00,2019-05-27 12:00,16.161,647.744
2019-05-27 11:00,2019-05-27 13:00,16.255,585.881
2019-05-27 12:00,2019-05-27 14:00,16.045,451.921
2019-05-27 13:00,2019-05-27 15:00,15.616,385.764
2019-05-27 14:00,2019-05-27 16:00,15.481,477.512
2019-05-27 15:00,2019-05-27 17:00,15.553,471.933
2019-05-27 16:00,2019-05-27 18:00,15.597,413.064
2019-05-27 17:00,2019-05-27 19:00,15.238,244.020
2019-05-27 18:00,2019-05-27 20:00,14.439,96.988
2019-05-27 19:00,2019-05-27 21:00,13.025,10.312
2019-05-27 20:00,2019-05-27 22:00,12.544,0
2019-05-27 21:00,2019-05-27 23:00,12.567,0
2019-05-27 22:00,2019-05-28 00:00,12.501,0
2019-05-27 23:00,2019-05-28 01:00,12.355,0
2019-05-28 00:00,2019-05-28 02:00,12.063,0
2019-05-28 01:00,2019-05-28 03:00,11.820,0
2019-05-28 02:00,2019-05-28 04:00,11.570,0
2019-05-28 03:00,2019-05-28 05:00,11.364,0.946
2019-05-28 04:00,2019-05-28 06:00,11.547,32.241
2019-05-28 05:00,2019-05-28 07:00,12.011,90.737
2019-05-28 06:00,2019-05-28 08:00,12.210,151.383
2019-05-28 07:00,2019-05-28 09:00,12.446,200.752
2019-05-28 08:00,2019-05-28 10:00,12.600,209.910
2019-05-28 09:00,2019-05-28 11:00,12.765,242.092
2019-05-28 10:00,2019-05-28 12:00,12.989,312.746
2019-05-28 11:00,2019-05-28 13:00,13.167,367.334
2019-05-28 12:00,2019-05-28 14:00,13.350,387.770
2019-05-28 13:00,2019-05-28 15:00,13.672,472.051
2019-05-28 14:00,2019-05-28 16:00,13.892,454.802
2019-05-28 15:00,2019-05-28 17:00,13.992,399.955
2019-05-28 16:00,2019-05-28 18:00,13.930,330.686
2019-05-28 17:00,2019-05-28 19:00,13.633,227.276
2019-05-28 18:00,2019-05-28 20:00,12.931,110.330
2019-05-28 19:00,2019-05-28 21:00,11.502,16.939
2019-05-28 20:00,2019-05-28 22:00,10.646,0
2019-05-28 21:00,2019-05-28 23:00,10.077,0
2019-05-28 22:00,2019-05-29 00:00,9.495,0
2019-05-28 23:00,2019-05-29 01:00,8.981,0
2019-05-29 00:00,2019-05-29 02:00,8.611,0
2019-05-29 01:00,2019-05-29 03:00,8.374,0
2019-05-29 02:00,2019-05-29 04:00,8.176,0
2019-05-29 03:00,2019-05-29 05:00,7.843,2.439
2019-05-29 04:00,2019-05-29 06:00,8.249,75.002
2019-05-29 05:00,2019-05-29 07:00,9.715,217.419
2019-05-29 06:00,2019-05-29 08:00,11.094,377.655
2019-05-29 07:00,2019-05-29 09:00,12.299,535.167
2019-05-29 08:00,2019-05-29 10:00,13.419,676.188
2019-05-29 09:00,2019-05-29 11:00,14.608,789.532
2019-05-29 10:00,2019-05-29 12:00,15.682,864.741
2019-05-29 11:00,2019-05-29 13:00,16.467,893.970
2019-05-29 12:00,2019-05-29 14:00,17.026,869.626
2019-05-29 13:00,2019-05-29 15:00,17.340,798.965
2019-05-29 14:00,2019-05-29 16:00,17.465,700.627
2019-05-29 15:00,2019-05-29 17:00,17.397,571.620
2019-05-29 16:00,2019-05-29 18:00,17.106,404.345
2019-05-29 17:00,2019-05-29 19:00,16.442,225.183
2019-05-29 18:00,2019-05-29 20:00,15.431,91.688
2019-05-29 19:00,2019-05-29 21:00,14.132,12.521
2019-05-29 20:00,2019-05-29 22:00,13.418,0
2019-05-29 21:00,2019-05-29 23:00,13.138,0
2019-05-29 22:00,2019-05-30 00:00,13.052,0
2019-05-29 23:00,2019-05-30 01:00,13.023,0
2019-05-30 00:00,2019-05-30 02:00,12.878,0
2019-05-30 01:00,2019-05-30 03:00,12.808,0
2019-05-30 02:00,2019-05-30 04:00,12.802,0
2019-05-30 03:00,2019-05-30 05:00,12.876,1.543
2019-05-30 04:00,2019-05-30 06:00,13.104,35.371
2019-05-30 05:00,2019-05-30 07:00,13.552,89.168
2019-05-30 06:00,2019-05-30 08:00,14.170,162.858
2019-05-30 07:00,2019-05-30 09:00,14.885,272.722
2019-05-30 08:00,2019-05-30 10:00,15.740,438.642
2019-05-30 09:00,2019-05-30 11:00,16.630,573.460
2019-05-30 10:00,2019-05-30 12:00,17.526,729.128
2019-05-30 11:00,2019-05-30 13:00,18.193,804.482
2019-05-30 12:00,2019-05-30 14:00,18.668,850.282
2019-05-30 13:00,2019-05-30 15:00,18.878,754.251
2019-05-30 14:00,2019-05-30 16:00,18.840,646.543
2019-05-30 15:00,2019-05-30 17:00,18.806,559.501
2019-05-30 16:00,2019-05-30 18:00,18.516,415.405
2019-05-30 17:00,2019-05-30 19:00,17.891,210.896
2019-05-30 18:00,2019-05-30 20:00,17.034,70.948
2019-05-30 19:00,2019-05-30 21:00,16.273,9.885
2019-05-30 20:00,2019-05-30 22:00,15.769,0
2019-05-30 21:00,2019-05-30 23:00,15.329,0
2019-05-30 22:00,2019-05-31 00:00,14.991,0
2019-05-30 23:00,2019-05-31 01:00,14.682,0
2019-05-31 00:00,2019-05-31 02:00,14.451,0
2019-05-31 01:00,2019-05-31 03:00,14.318,0
2019-05-31 02:00,2019-05-31 04:00,14.183,0
2019-05-31 03:00,2019-05-31 05:00,14.041,1.616
2019-05-31 04:00,2019-05-31 06:00,14.115,47.782
2019-05-31 05:00,2019-05-31 07:00,14.555,163.307
2019-05-31 06:00,2019-05-31 08:00,15.460,307.997
2019-05-31 07:00,2019-05-31 09:00,16.518,486.146
2019-05-31 08:00,2019-05-31 10:00,17.293,632.012
2019-05-31 09:00,2019-05-31 11:00,17.789,760.449
2019-05-31 10:00,2019-05-31 12:00,18.164,851.092
2019-05-31 11:00,2019-05-31 13:00,18.415,881.859
2019-05-31 12:00,2019-05-31 14:00,18.535,856.061
2019-05-31 13:00,2019-05-31 15:00,18.507,777.227
2019-05-31 14:00,2019-05-31 16:00,18.305,675.759
2019-05-31 15:00,2019-05-31 17:00,18.060,543.478
2019-05-31 16:00,2019-05-31 18:00,17.708,376.076
2019-05-31 17:00,2019-05-31 19:00,17.172,211.100
2019-05-31 18:00,2019-05-31 20:00,16.389,97.387
2019-05-31 19:00,2019-05-31 21:00,14.964,18.502
2019-05-31 20:00,2019-05-31 22:00,14.005,0
2019-05-31 21:00,2019-05-31 23:00,13.697,0
2019-05-31 22:00,2019-06-01 00:00,13.439,0
2019-05-31 23:00,2019-06-01 01:00,13.099,0
2019-06-01 00:00,2019-06-01 02:00,12.814,0
2019-06-01 01:00,2019-06-01 03:00,12.565,0
2019-06-01 02:00,2019-06-01 04:00,12.287,0
2019-06-01 03:00,2019-06-01 05:00,12.037,3.237
2019-06-01 04:00,2019-06-01 06:00,12.927,75.652
2019-06-01 05:00,2019-06-01 07:00,14.347,212.655
2019-06-01 06:00,2019-06-01 08:00,15.600,350.278
2019-06-01 07:00,2019-06-01 09:00,16.693,477.569
2019-06-01 08:00,2019-06-01 10:00,17.624,611.721
2019-06-01 09:00,2019-06-01 11:00,18.522,719.494
2019-06-01 10:00,2019-06-01 12:00,19.427,815.681
2019-06-01 11:00,2019-06-01 13:00,20.321,823.104
2019-06-01 12:00,2019-06-01 14:00,21.091,796.727
2019-06-01 13:00,2019-06-01 15:00,21.819,785.424
2019-06-01 14:00,2019-06-01 16:00,22.326,704.719
2019-06-01 15:00,2019-06-01 17:00,22.504,565.166
2019-06-01 16:00,2019-06-01 18:00,22.517,415.446
2019-06-01 17:00,2019-06-01 19:00,22.341,233.281
2019-06-01 18:00,2019-06-01 20:00,21.620,80.767
2019-06-01 19:00,2019-06-01 21:00,20.607,11.628
2019-06-01 20:00,2019-06-01 22:00,19.662,0
2019-06-01 21:00,2019-06-01 23:00,18.739,0
2019-06-01 22:00,2019-06-02 00:00,17.829,0
2019-06-01 23:00,2019-06-02 01:00,17.027,0
2019-06-02 00:00,2019-06-02 02:00,16.360,0
2019-06-02 01:00,2019-06-02 03:00,15.838,0
2019-06-02 02:00,2019-06-02 04:00,15.385,0
2019-06-02 03:00,2019-06-02 05:00,15.078,3.348
2019-06-02 04:00,2019-06-02 06:00,15.734,63.182
2019-06-02 05:00,2019-06-02 07:00,16.930,177.275
2019-06-02 06:00,2019-06-02 08:00,17.949,294.813
2019-06-02 07:00,2019-06-02 09:00,19.432,395.061
2019-06-02 08:00,2019-06-02 10:00,21.393,533.357
2019-06-02 09:00,2019-06-02 11:00,23.002,675.545
2019-06-02 10:00,2019-06-02 12:00,24.039,742.616
2019-06-02 11:00,2019-06-02 13:00,24.765,801.581
2019-06-02 12:00,2019-06-02 14:00,25.225,800.880
2019-06-02 13:00,2019-06-02 15:00,25.402,773.331
2019-06-02 14:00,2019-06-02 16:00,25.354,700.818
2019-06-02 15:00,2019-06-02 17:00,24.967,577.977
2019-06-02 16:00,2019-06-02 18:00,24.037,427.826
2019-06-02 17:00,2019-06-02 19:00,22.469,267.140
2019-06-02 18:00,2019-06-02 20:00,20.430,123.431
2019-06-02 19:00,2019-06-02 21:00,18.327,19.077
2019-06-02 20:00,2019-06-02 22:00,16.970,0
2019-06-02 21:00,2019-06-02 23:00,16.363,0
2019-06-02 22:00,2019-06-03 00:00,16.019,0
2019-06-02 23:00,2019-06-03 01:00,15.903,0
2019-06-03 00:00,2019-06-03 02:00,15.709,0
2019-06-03 01:00,2019-06-03 03:00,15.462,0
2019-06-03 02:00,2019-06-03 04:00,15.148,0
2019-06-03 03:00,2019-06-03 05:00,14.899,2.479
2019-06-03 04:00,2019-06-03 06:00,15.243,59.192
2019-06-03 05:00,2019-06-03 07:00,15.756,155.042
2019-06-03 06:00,2019-06-03 08:00,16.372,315.906
2019-06-03 07:00,2019-06-03 09:00,16.762,350.070
2019-06-03 08:00,2019-06-03 10:00,16.813,365.196
2019-06-03 09:00,2019-06-03 11:00,16.437,286.045
2019-06-03 10:00,2019-06-03 12:00,15.895,239.800
2019-06-03 11:00,2019-06-03 13:00,15.634,277.963
2019-06-03 12:00,2019-06-03 14:00,15.816,277.238
2019-06-03 13:00,2019-06-03 15:00,16.496,395.245
2019-06-03 14:00,2019-06-03 16:00,17.307,570.959
2019-06-03 15:00,2019-06-03 17:00,17.802,564.564
2019-06-03 16:00,2019-06-03 18:00,17.693,422.742
2019-06-03 17:00,2019-06-03 19:00,17.247,264.939
2019-06-03 18:00,2019-06-03 20:00,16.316,118.009
2019-06-03 19:00,2019-06-03 21:00,14.737,20.572
2019-06-03 20:00,2019-06-03 22:00,13.891,0
2019-06-03 21:00,2019-06-03 23:00,13.490,0
2019-06-03 22:00,2019-06-04 00:00,13.219,0
2019-06-03 23:00,2019-06-04 01:00,13.036,0
2019-06-04 00:00,2019-06-04 02:00,12.861,0
2019-06-04 01:00,2019-06-04 03:00,12.934,0
2019-06-04 02:00,2019-06-04 04:00,12.813,0
2019-06-04 03:00,2019-06-04 05:00,12.441,3.795
2019-06-04 04:00,2019-06-04 06:00,12.607,63.202
2019-06-04 05:00,2019-06-04 07:00,13.849,147.785
2019-06-04 06:00,2019-06-04 08:00,15.087,285.120
2019-06-04 07:00,2019-06-04 09:00,16.606,487.663
2019-06-04 08:00,2019-06-04 10:00,17.914,641.925
2019-06-04 09:00,2019-06-04 11:00,18.899,714.190
2019-06-04 10:00,2019-06-04 12:00,19.322,594.487
2019-06-04 11:00,2019-06-04 13:00,19.541,556.045
2019-06-04 12:00,2019-06-04 14:00,19.432,442.730
2019-06-04 13:00,2019-06-04 15:00,19.398,292.649
2019-06-04 14:00,2019-06-04 16:00,20.698,460.376
2019-06-04 15:00,2019-06-04 17:00,21.918,421.039
2019-06-04 16:00,2019-06-04 18:00,21.975,190.715
2019-06-04 17:00,2019-06-04 19:00,21.256,59.884
2019-06-04 18:00,2019-06-04 20:00,20.578,26.382
2019-06-04 19:00,2019-06-04 21:00,19.953,4.986
2019-06-04 20:00,2019-06-04 22:00,19.408,0
2019-06-04 21:00,2019-06-04 23:00,18.664,0
2019-06-04 22:00,2019-06-05 00:00,17.483,0
2019-06-04 23:00,2019-06-05 01:00,16.126,0
2019-06-05 00:00,2019-06-05 02:00,14.938,0
2019-06-05 01:00,2019-06-05 03:00,14.008,0
2019-06-05 02:00,2019-06-05 04:00,13.381,0
2019-06-05 03:00,2019-06-05 05:00,13.454,3.954
2019-06-05 04:00,2019-06-05 06:00,14.191,54.929
2019-06-05 05:00,2019-06-05 07:00,14.946,132.475
2019-06-05 06:00,2019-06-05 08:00,15.529,119.676
2019-06-05 07:00,2019-06-05 09:00,15.452,124.434
2019-06-05 08:00,2019-06-05 10:00,15.253,193.124
2019-06-05 09:00,2019-06-05 11:00,15.851,453.533
2019-06-05 10:00,2019-06-05 12:00,16.555,593.921
2019-06-05 11:00,2019-06-05 13:00,17.309,693.352
2019-06-05 12:00,2019-06-05 14:00,18.042,681.249
2019-06-05 13:00,2019-06-05 15:00,18.433,551.607
2019-06-05 14:00,2019-06-05 16:00,18.110,355.938
2019-06-05 15:00,2019-06-05 17:00,17.351,212.151
2019-06-05 16:00,2019-06-05 18:00,16.498,148.632
2019-06-05 17:00,2019-06-05 19:00,15.596,97.982
2019-06-05 18:00,2019-06-05 20:00,14.709,50.365
2019-06-05 19:00,2019-06-05 21:00,13.938,9.310
2019-06-05 20:00,2019-06-05 22:00,13.463,0
2019-06-05 21:00,2019-06-05 23:00,13.210,0
2019-06-05 22:00,2019-06-06 00:00,13.071,0
2019-06-05 23:00,2019-06-06 01:00,12.938,0
2019-06-06 00:00,2019-06-06 02:00,12.441,0
2019-06-06 01:00,2019-06-06 03:00,11.954,0
2019-06-06 02:00,2019-06-06 04:00,11.659,0
2019-06-06 03:00,2019-06-06 05:00,11.489,0.712
2019-06-06 04:00,2019-06-06 06:00,11.675,34.326
2019-06-06 05:00,2019-06-06 07:00,12.396,173.542
2019-06-06 06:00,2019-06-06 08:00,13.345,350.849
2019-06-06 07:00,2019-06-06 09:00,14.321,515.918
2019-06-06 08:00,2019-06-06 10:00,15.151,655.445
2019-06-06 09:00,2019-06-06 11:00,15.844,744.360
2019-06-06 10:00,2019-06-06 12:00,16.141,656.358
2019-06-06 11:00,2019-06-06 13:00,16.222,576.847
2019-06-06 12:00,2019-06-06 14:00,16.092,442.279
2019-06-06 13:00,2019-06-06 15:00,16.294,501.314
2019-06-06 14:00,2019-06-06 16:00,16.807,666.524
2019-06-06 15:00,2019-06-06 17:00,16.950,550.478
2019-06-06 16:00,2019-06-06 18:00,16.758,361.775
2019-06-06 17:00,2019-06-06 19:00,16.492,220.619
2019-06-06 18:00,2019-06-06 20:00,16.130,107.104
2019-06-06 19:00,2019-06-06 21:00,15.515,21.192
2019-06-06 20:00,2019-06-06 22:00,14.555,0
2019-06-06 21:00,2019-06-06 23:00,13.755,0
2019-06-06 22:00,2019-06-07 00:00,13.036,0
2019-06-06 23:00,2019-06-07 01:00,12.514,0
2019-06-07 00:00,2019-06-07 02:00,12.100,0
2019-06-07 01:00,2019-06-07 03:00,11.790,0
2019-06-07 02:00,2019-06-07 04:00,11.245,0
2019-06-07 03:00,2019-06-07 05:00,10.866,4.886
2019-06-07 04:00,2019-06-07 06:00,11.621,55.606
2019-06-07 05:00,2019-06-07 07:00,12.247,119.322
2019-06-07 06:00,2019-06-07 08:00,13.314,238.407
2019-06-07 07:00,2019-06-07 09:00,15.207,438.844
2019-06-07 08:00,2019-06-07 10:00,16.778,618.809
2019-06-07 09:00,2019-06-07 11:00,17.898,763.882
2019-06-07 10:00,2019-06-07 12:00,18.787,725.914
2019-06-07 11:00,2019-06-07 13:00,19.617,640.209
2019-06-07 12:00,2019-06-07 14:00,20.485,671.593
2019-06-07 13:00,2019-06-07 15:00,21.200,697.372
2019-06-07 14:00,2019-06-07 16:00,21.190,559.709
2019-06-07 15:00,2019-06-07 17:00,18.862,171.679
2019-06-07 16:00,2019-06-07 18:00,16.253,102.813
2019-06-07 17:00,2019-06-07 19:00,15.708,116.403
2019-06-07 18:00,2019-06-07 20:00,15.620,98.935
2019-06-07 19:00,2019-06-07 21:00,15.124,23.555
2019-06-07 20:00,2019-06-07 22:00,14.587,0
2019-06-07 21:00,2019-06-07 23:00,14.376,0
2019-06-07 22:00,2019-06-08 00:00,14.146,0
2019-06-07 23:00,2019-06-08 01:00,13.772,0
2019-06-08 00:00,2019-06-08 02:00,13.301,0
2019-06-08 01:00,2019-06-08 03:00,12.857,0
2019-06-08 02:00,2019-06-08 04:00,12.733,0
2019-06-08 03:00,2019-06-08 05:00,12.767,1.117
2019-06-08 04:00,2019-06-08 06:00,12.898,29.018
2019-06-08 05:00,2019-06-08 07:00,12.918,89.911
2019-06-08 06:00,2019-06-08 08:00,12.927,139.332
2019-06-08 07:00,2019-06-08 09:00,13.384,255.417
2019-06-08 08:00,2019-06-08 10:00,14.101,386.049
2019-06-08 09:00,2019-06-08 11:00,14.799,435.356
2019-06-08 10:00,2019-06-08 12:00,15.540,484.006
2019-06-08 11:00,2019-06-08 13:00,16.327,654.104
2019-06-08 12:00,2019-06-08 14:00,16.704,675.558
2019-06-08 13:00,2019-06-08 15:00,16.828,693.023
2019-06-08 14:00,2019-06-08 16:00,16.682,605.483
2019-06-08 15:00,2019-06-08 17:00,16.517,503.724
2019-06-08 16:00,2019-06-08 18:00,16.283,407.027
2019-06-08 17:00,2019-06-08 19:00,15.836,274.281
2019-06-08 18:00,2019-06-08 20:00,15.208,130.875
2019-06-08 19:00,2019-06-08 21:00,14.496,24.222
2019-06-08 20:00,2019-06-08 22:00,13.899,0
2019-06-08 21:00,2019-06-08 23:00,13.459,0
2019-06-08 22:00,2019-06-09 00:00,13.070,0
2019-06-08 23:00,2019-06-09 01:00,12.761,0
2019-06-09 00:00,2019-06-09 02:00,12.484,0
2019-06-09 01:00,2019-06-09 03:00,12.251,0
2019-06-09 02:00,2019-06-09 04:00,12.074,0
2019-06-09 03:00,2019-06-09 05:00,11.867,4.000
2019-06-09 04:00,2019-06-09 06:00,12.189,40.467
2019-06-09 05:00,2019-06-09 07:00,12.584,75.910
2019-06-09 06:00,2019-06-09 08:00,13.597,236.243
2019-06-09 07:00,2019-06-09 09:00,15.033,521.594
2019-06-09 08:00,2019-06-09 10:00,16.038,675.692
2019-06-09 09:00,2019-06-09 11:00,16.842,785.940
2019-06-09 10:00,2019-06-09 12:00,17.491,852.412
2019-06-09 11:00,2019-06-09 13:00,17.949,869.031
2019-06-09 12:00,2019-06-09 14:00,18.246,843.028
2019-06-09 13:00,2019-06-09 15:00,18.379,751.215
2019-06-09 14:00,2019-06-09 16:00,18.434,652.869
2019-06-09 15:00,2019-06-09 17:00,18.159,437.728
2019-06-09 16:00,2019-06-09 18:00,17.658,271.565
2019-06-09 17:00,2019-06-09 19:00,17.127,145.597
2019-06-09 18:00,2019-06-09 20:00,16.377,69.659
2019-06-09 19:00,2019-06-09 21:00,15.379,16.406
2019-06-09 20:00,2019-06-09 22:00,14.594,0
2019-06-09 21:00,2019-06-09 23:00,14.171,0
2019-06-09 22:00,2019-06-10 00:00,13.859,0
2019-06-09 23:00,2019-06-10 01:00,13.650,0
2019-06-10 00:00,2019-06-10 02:00,13.541,0
2019-06-10 01:00,2019-06-10 03:00,13.289,0
2019-06-10 02:00,2019-06-10 04:00,13.025,0
2019-06-10 03:00,2019-06-10 05:00,12.875,4.676
2019-06-10 04:00,2019-06-10 06:00,13.257,51.437
2019-06-10 05:00,2019-06-10 07:00,13.928,117.951
2019-06-10 06:00,2019-06-10 08:00,15.094,234.101
2019-06-10 07:00,2019-06-10 09:00,16.228,290.379
2019-06-10 08:00,2019-06-10 10:00,17.368,397.807
2019-06-10 09:00,2019-06-10 11:00,18.656,668.395
2019-06-10 10:00,2019-06-10 12:00,19.567,771.442
2019-06-10 11:00,2019-06-10 13:00,20.142,727.539
2019-06-10 12:00,2019-06-10 14:00,20.422,611.871
2019-06-10 13:00,2019-06-10 15:00,20.083,385.942
2019-06-10 14:00,2019-06-10 16:00,19.625,238.405
2019-06-10 15:00,2019-06-10 17:00,19.323,192.320
2019-06-10 16:00,2019-06-10 18:00,18.812,102.268
2019-06-10 17:00,2019-06-10 19:00,18.482,115.411
2019-06-10 18:00,2019-06-10 20:00,17.926,72.471
2019-06-10 19:00,2019-06-10 21:00,16.844,16.226
2019-06-10 20:00,2019-06-10 22:00,16.045,0
2019-06-10 21:00,2019-06-10 23:00,15.398,0
2019-06-10 22:00,2019-06-11 00:00,14.895,0
2019-06-10 23:00,2019-06-11 01:00,14.291,0
2019-06-11 00:00,2019-06-11 02:00,14.095,0
2019-06-11 01:00,2019-06-11 03:00,13.847,0
2019-06-11 02:00,2019-06-11 04:00,13.477,0
2019-06-11 03:00,2019-06-11 05:00,13.073,2.759
2019-06-11 04:00,2019-06-11 06:00,12.921,37.267
2019-06-11 05:00,2019-06-11 07:00,12.961,98.724
2019-06-11 06:00,2019-06-11 08:00,13.249,206.336
2019-06-11 07:00,2019-06-11 09:00,13.858,365.618
2019-06-11 08:00,2019-06-11 10:00,14.781,539.276
2019-06-11 09:00,2019-06-11 11:00,15.829,743.113
2019-06-11 10:00,2019-06-11 12:00,16.652,866.948
2019-06-11 11:00,2019-06-11 13:00,17.129,873.749
2019-06-11 12:00,2019-06-11 14:00,17.448,871.057
2019-06-11 13:00,2019-06-11 15:00,17.376,711.392
2019-06-11 14:00,2019-06-11 16:00,16.954,460.574
2019-06-11 15:00,2019-06-11 17:00,16.547,280.339
2019-06-11 16:00,2019-06-11 18:00,16.599,379.358
2019-06-11 17:00,2019-06-11 19:00,16.466,292.018
2019-06-11 18:00,2019-06-11 20:00,15.764,94.744
2019-06-11 19:00,2019-06-11 21:00,14.772,11.867
2019-06-11 20:00,2019-06-11 22:00,14.280,0
2019-06-11 21:00,2019-06-11 23:00,13.943,0
2019-06-11 22:00,2019-06-12 00:00,13.423,0
2019-06-11 23:00,2019-06-12 01:00,12.769,0
2019-06-12 00:00,2019-06-12 02:00,12.420,0
2019-06-12 01:00,2019-06-12 03:00,12.574,0
2019-06-12 02:00,2019-06-12 04:00,12.552,0
2019-06-12 03:00,2019-06-12 05:00,12.578,3.698
2019-06-12 04:00,2019-06-12 06:00,12.977,36.768
2019-06-12 05:00,2019-06-12 07:00,13.433,75.346
2019-06-12 06:00,2019-06-12 08:00,13.822,123.131
2019-06-12 07:00,2019-06-12 09:00,14.455,180.941
2019-06-12 08:00,2019-06-12 10:00,15.132,228.266
2019-06-12 09:00,2019-06-12 11:00,15.432,207.364
2019-06-12 10:00,2019-06-12 12:00,15.346,152.415
2019-06-12 11:00,2019-06-12 13:00,15.196,129.585
2019-06-12 12:00,2019-06-12 14:00,15.114,146.476
2019-06-12 13:00,2019-06-12 15:00,15.266,222.182
2019-06-12 14:00,2019-06-12 16:00,15.235,269.168
2019-06-12 15:00,2019-06-12 17:00,14.859,288.277
2019-06-12 16:00,2019-06-12 18:00,14.336,288.939
2019-06-12 17:00,2019-06-12 19:00,13.876,225.185
2019-06-12 18:00,2019-06-12 20:00,13.508,125.833
2019-06-12 19:00,2019-06-12 21:00,12.703,24.816
2019-06-12 20:00,2019-06-12 22:00,12.251,0
2019-06-12 21:00,2019-06-12 23:00,12.126,0
2019-06-12 22:00,2019-06-13 00:00,11.996,0
2019-06-12 23:00,2019-06-13 01:00,12.046,0
2019-06-13 00:00,2019-06-13 02:00,12.097,0
2019-06-13 01:00,2019-06-13 03:00,12.125,0
2019-06-13 02:00,2019-06-13 04:00,11.923,0
2019-06-13 03:00,2019-06-13 05:00,11.676,6.192
2019-06-13 04:00,2019-06-13 06:00,11.827,83.274
2019-06-13 05:00,2019-06-13 07:00,12.501,216.453
2019-06-13 06:00,2019-06-13 08:00,13.515,354.512
2019-06-13 07:00,2019-06-13 09:00,14.561,481.670
2019-06-13 08:00,2019-06-13 10:00,15.465,599.116
2019-06-13 09:00,2019-06-13 11:00,16.313,718.930
2019-06-13 10:00,2019-06-13 12:00,16.972,780.433
2019-06-13 11:00,2019-06-13 13:00,17.318,776.090
2019-06-13 12:00,2019-06-13 14:00,17.284,665.720
2019-06-13 13:00,2019-06-13 15:00,17.000,439.622
2019-06-13 14:00,2019-06-13 16:00,16.838,412.024
2019-06-13 15:00,2019-06-13 17:00,16.939,421.530
2019-06-13 16:00,2019-06-13 18:00,16.764,283.310
2019-06-13 17:00,2019-06-13 19:00,16.232,117.221
2019-06-13 18:00,2019-06-13 20:00,15.508,42.353
2019-06-13 19:00,2019-06-13 21:00,14.936,13.125
2019-06-13 20:00,2019-06-13 22:00,14.315,0
2019-06-13 21:00,2019-06-13 23:00,13.850,0
2019-06-13 22:00,2019-06-14 00:00,13.509,0
2019-06-13 23:00,2019-06-14 01:00,13.176,0
2019-06-14 00:00,2019-06-14 02:00,12.790,0
2019-06-14 01:00,2019-06-14 03:00,12.366,0
2019-06-14 02:00,2019-06-14 04:00,11.912,0
2019-06-14 03:00,2019-06-14 05:00,11.664,7.076
2019-06-14 04:00,2019-06-14 06:00,12.533,90.188
2019-06-14 05:00,2019-06-14 07:00,13.078,113.000
2019-06-14 06:00,2019-06-14 08:00,13.633,150.035
2019-06-14 07:00,2019-06-14 09:00,14.589,220.193
2019-06-14 08:00,2019-06-14 10:00,16.322,425.808
2019-06-14 09:00,2019-06-14 11:00,17.597,464.625
2019-06-14 10:00,2019-06-14 12:00,17.457,345.456
2019-06-14 11:00,2019-06-14 13:00,17.934,575.893
2019-06-14 12:00,2019-06-14 14:00,18.917,766.862
2019-06-14 13:00,2019-06-14 15:00,19.566,724.938
2019-06-14 14:00,2019-06-14 16:00,19.745,520.084
2019-06-14 15:00,2019-06-14 17:00,19.958,469.319
2019-06-14 16:00,2019-06-14 18:00,19.895,364.869
2019-06-14 17:00,2019-06-14 19:00,19.599,239.413
2019-06-14 18:00,2019-06-14 20:00,18.681,121.243
2019-06-14 19:00,2019-06-14 21:00,16.893,22.250
2019-06-14 20:00,2019-06-14 22:00,16.080,0
2019-06-14 21:00,2019-06-14 23:00,16.016,0
2019-06-14 22:00,2019-06-15 00:00,15.917,0
2019-06-14 23:00,2019-06-15 01:00,15.728,0
2019-06-15 00:00,2019-06-15 02:00,15.549,0
2019-06-15 01:00,2019-06-15 03:00,15.354,0
2019-06-15 02:00,2019-06-15 04:00,15.235,0
2019-06-15 03:00,2019-06-15 05:00,15.108,0.793
2019-06-15 04:00,2019-06-15 06:00,15.018,11.655
2019-06-15 05:00,2019-06-15 07:00,15.076,37.477
2019-06-15 06:00,2019-06-15 08:00,15.218,79.474
2019-06-15 07:00,2019-06-15 09:00,15.302,159.808
2019-06-15 08:00,2019-06-15 10:00,15.262,231.294
2019-06-15 09:00,2019-06-15 11:00,15.549,396.145
2019-06-15 10:00,2019-06-15 12:00,16.690,730.680
2019-06-15 11:00,2019-06-15 13:00,17.772,879.319
2019-06-15 12:00,2019-06-15 14:00,18.362,837.555
2019-06-15 13:00,2019-06-15 15:00,18.592,726.984
2019-06-15 14:00,2019-06-15 16:00,18.560,566.441
2019-06-15 15:00,2019-06-15 17:00,18.329,399.066
2019-06-15 16:00,2019-06-15 18:00,17.997,259.371
2019-06-15 17:00,2019-06-15 19:00,17.696,221.428
2019-06-15 18:00,2019-06-15 20:00,16.994,137.415
2019-06-15 19:00,2019-06-15 21:00,15.526,29.444
2019-06-15 20:00,2019-06-15 22:00,14.899,0
2019-06-15 21:00,2019-06-15 23:00,15.024,0
2019-06-15 22:00,2019-06-16 00:00,14.606,0
2019-06-15 23:00,2019-06-16 01:00,13.855,0
2019-06-16 00:00,2019-06-16 02:00,13.464,0
2019-06-16 01:00,2019-06-16 03:00,13.392,0
2019-06-16 02:00,2019-06-16 04:00,13.250,0
2019-06-16 03:00,2019-06-16 05:00,13.242,6.511
2019-06-16 04:00,2019-06-16 06:00,13.982,79.650
2019-06-16 05:00,2019-06-16 07:00,14.812,217.301
2019-06-16 06:00,2019-06-16 08:00,15.870,373.092
2019-06-16 07:00,2019-06-16 09:00,16.692,528.243
2019-06-16 08:00,2019-06-16 10:00,17.349,674.159
2019-06-16 09:00,2019-06-16 11:00,17.879,778.542
2019-06-16 10:00,2019-06-16 12:00,18.334,823.496
2019-06-16 11:00,2019-06-16 13:00,18.745,844.722
2019-06-16 12:00,2019-06-16 14:00,19.083,838.442
2019-06-16 13:00,2019-06-16 15:00,19.348,772.647
2019-06-16 14:00,2019-06-16 16:00,19.449,674.218
2019-06-16 15:00,2019-06-16 17:00,19.430,554.089
2019-06-16 16:00,2019-06-16 18:00,19.213,415.137
2019-06-16 17:00,2019-06-16 19:00,18.785,279.296
2019-06-16 18:00,2019-06-16 20:00,18.017,142.879
2019-06-16 19:00,2019-06-16 21:00,16.546,30.912
2019-06-16 20:00,2019-06-16 22:00,15.544,0
2019-06-16 21:00,2019-06-16 23:00,15.174,0
2019-06-16 22:00,2019-06-17 00:00,14.873,0
2019-06-16 23:00,2019-06-17 01:00,14.651,0
2019-06-17 00:00,2019-06-17 02:00,14.377,0
2019-06-17 01:00,2019-06-17 03:00,13.945,0
2019-06-17 02:00,2019-06-17 04:00,13.507,0
2019-06-17 03:00,2019-06-17 05:00,13.269,7.310
2019-06-17 04:00,2019-06-17 06:00,14.272,87.219
2019-06-17 05:00,2019-06-17 07:00,15.453,224.828
2019-06-17 06:00,2019-06-17 08:00,16.810,379.252
2019-06-17 07:00,2019-06-17 09:00,18.586,532.754
2019-06-17 08:00,2019-06-17 10:00,19.768,670.010
2019-06-17 09:00,2019-06-17 11:00,20.599,779.784
2019-06-17 10:00,2019-06-17 12:00,21.240,852.119
2019-06-17 11:00,2019-06-17 13:00,21.734,881.141
2019-06-17 12:00,2019-06-17 14:00,22.115,865.296
2019-06-17 13:00,2019-06-17 15:00,22.351,800.336
2019-06-17 14:00,2019-06-17 16:00,22.396,693.996
2019-06-17 15:00,2019-06-17 17:00,22.211,550.155
2019-06-17 16:00,2019-06-17 18:00,21.842,407.891
2019-06-17 17:00,2019-06-17 19:00,21.103,236.776
2019-06-17 18:00,2019-06-17 20:00,19.767,99.394
2019-06-17 19:00,2019-06-17 21:00,17.933,18.830
2019-06-17 20:00,2019-06-17 22:00,16.778,0
2019-06-17 21:00,2019-06-17 23:00,16.190,0
2019-06-17 22:00,2019-06-18 00:00,15.860,0
2019-06-17 23:00,2019-06-18 01:00,15.669,0
2019-06-18 00:00,2019-06-18 02:00,15.433,0
2019-06-18 01:00,2019-06-18 03:00,15.159,0
2019-06-18 02:00,2019-06-18 04:00,14.865,0
2019-06-18 03:00,2019-06-18 05:00,14.781,7.422
2019-06-18 04:00,2019-06-18 06:00,15.462,89.564
2019-06-18 05:00,2019-06-18 07:00,16.499,225.966
2019-06-18 06:00,2019-06-18 08:00,17.783,376.736
2019-06-18 07:00,2019-06-18 09:00,19.514,500.762
2019-06-18 08:00,2019-06-18 10:00,20.834,510.890
2019-06-18 09:00,2019-06-18 11:00,21.385,480.167
2019-06-18 10:00,2019-06-18 12:00,21.817,558.956
2019-06-18 11:00,2019-06-18 13:00,22.275,646.362
2019-06-18 12:00,2019-06-18 14:00,22.489,679.734
2019-06-18 13:00,2019-06-18 15:00,22.400,600.452
2019-06-18 14:00,2019-06-18 16:00,22.092,443.612
2019-06-18 15:00,2019-06-18 17:00,21.619,320.373
2019-06-18 16:00,2019-06-18 18:00,21.222,235.249
2019-06-18 17:00,2019-06-18 19:00,20.737,176.081
2019-06-18 18:00,2019-06-18 20:00,19.885,98.226
2019-06-18 19:00,2019-06-18 21:00,18.721,21.578
2019-06-18 20:00,2019-06-18 22:00,17.938,0
2019-06-18 21:00,2019-06-18 23:00,17.543,0
2019-06-18 22:00,2019-06-19 00:00,17.214,0
2019-06-18 23:00,2019-06-19 01:00,16.901,0
2019-06-19 00:00,2019-06-19 02:00,16.583,0
2019-06-19 01:00,2019-06-19 03:00,16.275,0
2019-06-19 02:00,2019-06-19 04:00,15.853,0
2019-06-19 03:00,2019-06-19 05:00,15.409,6.089
2019-06-19 04:00,2019-06-19 06:00,16.039,71.509
2019-06-19 05:00,2019-06-19 07:00,16.825,173.359
2019-06-19 06:00,2019-06-19 08:00,17.769,253.821
2019-06-19 07:00,2019-06-19 09:00,19.282,403.199
2019-06-19 08:00,2019-06-19 10:00,20.903,529.296
2019-06-19 09:00,2019-06-19 11:00,21.571,483.844
2019-06-19 10:00,2019-06-19 12:00,21.193,323.796
2019-06-19 11:00,2019-06-19 13:00,20.820,311.288
2019-06-19 12:00,2019-06-19 14:00,21.207,506.611
2019-06-19 13:00,2019-06-19 15:00,22.018,744.395
2019-06-19 14:00,2019-06-19 16:00,22.278,684.817
2019-06-19 15:00,2019-06-19 17:00,21.796,518.169
2019-06-19 16:00,2019-06-19 18:00,20.814,368.749
2019-06-19 17:00,2019-06-19 19:00,19.492,232.712
2019-06-19 18:00,2019-06-19 20:00,18.046,102.642
2019-06-19 19:00,2019-06-19 21:00,16.772,20.756
2019-06-19 20:00,2019-06-19 22:00,15.891,0
2019-06-19 21:00,2019-06-19 23:00,15.554,0
2019-06-19 22:00,2019-06-20 00:00,15.297,0
2019-06-19 23:00,2019-06-20 01:00,15.027,0
2019-06-20 00:00,2019-06-20 02:00,14.842,0
2019-06-20 01:00,2019-06-20 03:00,14.682,0
2019-06-20 02:00,2019-06-20 04:00,14.594,0
2019-06-20 03:00,2019-06-20 05:00,14.712,5.226
2019-06-20 04:00,2019-06-20 06:00,15.586,47.122
2019-06-20 05:00,2019-06-20 07:00,16.233,116.333
2019-06-20 06:00,2019-06-20 08:00,16.882,256.852
2019-06-20 07:00,2019-06-20 09:00,17.629,439.750
2019-06-20 08:00,2019-06-20 10:00,18.391,626.533
2019-06-20 09:00,2019-06-20 11:00,18.850,744.588
2019-06-20 10:00,2019-06-20 12:00,19.082,821.816
2019-06-20 11:00,2019-06-20 13:00,19.151,858.070
2019-06-20 12:00,2019-06-20 14:00,19.044,840.897
2019-06-20 13:00,2019-06-20 15:00,18.769,773.824
2019-06-20 14:00,2019-06-20 16:00,18.540,694.573
2019-06-20 15:00,2019-06-20 17:00,18.382,589.463
2019-06-20 16:00,2019-06-20 18:00,18.160,454.432
2019-06-20 17:00,2019-06-20 19:00,17.761,298.749
2019-06-20 18:00,2019-06-20 20:00,17.075,149.459
2019-06-20 19:00,2019-06-20 21:00,15.679,32.437
2019-06-20 20:00,2019-06-20 22:00,14.587,0
2019-06-20 21:00,2019-06-20 23:00,14.269,0
2019-06-20 22:00,2019-06-21 00:00,14.075,0
2019-06-20 23:00,2019-06-21 01:00,13.881,0
2019-06-21 00:00,2019-06-21 02:00,13.611,0
2019-06-21 01:00,2019-06-21 03:00,13.321,0
2019-06-21 02:00,2019-06-21 04:00,13.120,0
2019-06-21 03:00,2019-06-21 05:00,13.088,6.713
2019-06-21 04:00,2019-06-21 06:00,14.029,75.032
2019-06-21 05:00,2019-06-21 07:00,14.873,186.996
2019-06-21 06:00,2019-06-21 08:00,15.704,340.511
2019-06-21 07:00,2019-06-21 09:00,16.467,514.807
2019-06-21 08:00,2019-06-21 10:00,17.141,654.800
2019-06-21 09:00,2019-06-21 11:00,17.636,762.740
2019-06-21 10:00,2019-06-21 12:00,17.932,839.108
2019-06-21 11:00,2019-06-21 13:00,18.106,877.686
2019-06-21 12:00,2019-06-21 14:00,18.247,881.118
2019-06-21 13:00,2019-06-21 15:00,18.269,833.147
2019-06-21 14:00,2019-06-21 16:00,18.177,741.024
2019-06-21 15:00,2019-06-21 17:00,17.943,615.436
2019-06-21 16:00,2019-06-21 18:00,17.588,465.606
2019-06-21 17:00,2019-06-21 19:00,17.087,306.262
2019-06-21 18:00,2019-06-21 20:00,16.344,153.750
2019-06-21 19:00,2019-06-21 21:00,14.839,34.155
2019-06-21 20:00,2019-06-21 22:00,13.786,0
2019-06-21 21:00,2019-06-21 23:00,13.366,0
2019-06-21 22:00,2019-06-22 00:00,12.987,0
2019-06-21 23:00,2019-06-22 01:00,12.649,0
2019-06-22 00:00,2019-06-22 02:00,12.332,0
2019-06-22 01:00,2019-06-22 03:00,12.020,0
2019-06-22 02:00,2019-06-22 04:00,11.726,0
2019-06-22 03:00,2019-06-22 05:00,11.580,8.571
2019-06-22 04:00,2019-06-22 06:00,12.722,97.324
2019-06-22 05:00,2019-06-22 07:00,14.057,240.309
2019-06-22 06:00,2019-06-22 08:00,15.505,397.555
2019-06-22 07:00,2019-06-22 09:00,16.745,552.696
2019-06-22 08:00,2019-06-22 10:00,17.799,691.346
2019-06-22 09:00,2019-06-22 11:00,18.648,789.255
2019-06-22 10:00,2019-06-22 12:00,19.356,863.140
2019-06-22 11:00,2019-06-22 13:00,19.819,849.138
2019-06-22 12:00,2019-06-22 14:00,20.270,845.293
2019-06-22 13:00,2019-06-22 15:00,20.600,755.700
2019-06-22 14:00,2019-06-22 16:00,20.728,627.742
2019-06-22 15:00,2019-06-22 17:00,20.673,465.101
2019-06-22 16:00,2019-06-22 18:00,20.450,337.418
2019-06-22 17:00,2019-06-22 19:00,20.038,242.789
2019-06-22 18:00,2019-06-22 20:00,19.201,125.114
2019-06-22 19:00,2019-06-22 21:00,17.984,27.391
2019-06-22 20:00,2019-06-22 22:00,17.219,0
2019-06-22 21:00,2019-06-22 23:00,16.705,0
2019-06-22 22:00,2019-06-23 00:00,16.036,0
2019-06-22 23:00,2019-06-23 01:00,15.425,0
2019-06-23 00:00,2019-06-23 02:00,14.859,0
2019-06-23 01:00,2019-06-23 03:00,14.402,0
2019-06-23 02:00,2019-06-23 04:00,14.208,0
2019-06-23 03:00,2019-06-23 05:00,13.973,7.174
2019-06-23 04:00,2019-06-23 06:00,14.711,87.296
2019-06-23 05:00,2019-06-23 07:00,15.661,223.744
2019-06-23 06:00,2019-06-23 08:00,17.232,376.045
2019-06-23 07:00,2019-06-23 09:00,19.040,522.080
2019-06-23 08:00,2019-06-23 10:00,20.494,647.706
2019-06-23 09:00,2019-06-23 11:00,22.003,723.926
2019-06-23 10:00,2019-06-23 12:00,23.291,789.694
2019-06-23 11:00,2019-06-23 13:00,24.287,835.887
2019-06-23 12:00,2019-06-23 14:00,25.140,853.617
2019-06-23 13:00,2019-06-23 15:00,25.794,805.562
2019-06-23 14:00,2019-06-23 16:00,26.176,695.206
2019-06-23 15:00,2019-06-23 17:00,26.261,559.895
2019-06-23 16:00,2019-06-23 18:00,25.868,399.191
2019-06-23 17:00,2019-06-23 19:00,25.073,226.230
2019-06-23 18:00,2019-06-23 20:00,23.703,93.768
2019-06-23 19:00,2019-06-23 21:00,22.449,16.537
2019-06-23 20:00,2019-06-23 22:00,21.883,0
2019-06-23 21:00,2019-06-23 23:00,21.443,0
2019-06-23 22:00,2019-06-24 00:00,20.851,0
2019-06-23 23:00,2019-06-24 01:00,20.168,0
2019-06-24 00:00,2019-06-24 02:00,19.742,0
2019-06-24 01:00,2019-06-24 03:00,19.327,0
2019-06-24 02:00,2019-06-24 04:00,19.010,0
2019-06-24 03:00,2019-06-24 05:00,18.617,6.929
2019-06-24 04:00,2019-06-24 06:00,18.935,77.764
2019-06-24 05:00,2019-06-24 07:00,19.570,199.960
2019-06-24 06:00,2019-06-24 08:00,20.729,351.805
2019-06-24 07:00,2019-06-24 09:00,22.508,515.883
2019-06-24 08:00,2019-06-24 10:00,24.045,651.732
2019-06-24 09:00,2019-06-24 11:00,25.070,764.690
2019-06-24 10:00,2019-06-24 12:00,25.878,832.421
2019-06-24 11:00,2019-06-24 13:00,26.672,855.328
2019-06-24 12:00,2019-06-24 14:00,27.526,841.962
2019-06-24 13:00,2019-06-24 15:00,28.284,782.001
2019-06-24 14:00,2019-06-24 16:00,28.651,615.716
2019-06-24 15:00,2019-06-24 17:00,28.446,380.738
2019-06-24 16:00,2019-06-24 18:00,27.883,240.645
2019-06-24 17:00,2019-06-24 19:00,26.645,138.032
2019-06-24 18:00,2019-06-24 20:00,24.364,64.975
2019-06-24 19:00,2019-06-24 21:00,21.834,20.290
2019-06-24 20:00,2019-06-24 22:00,20.141,0
2019-06-24 21:00,2019-06-24 23:00,19.411,0
2019-06-24 22:00,2019-06-25 00:00,19.124,0
2019-06-24 23:00,2019-06-25 01:00,19.063,0
2019-06-25 00:00,2019-06-25 02:00,18.972,0
2019-06-25 01:00,2019-06-25 03:00,18.866,0
2019-06-25 02:00,2019-06-25 04:00,18.903,0
2019-06-25 03:00,2019-06-25 05:00,19.129,5.560
2019-06-25 04:00,2019-06-25 06:00,20.040,38.501
2019-06-25 05:00,2019-06-25 07:00,20.745,56.277
2019-06-25 06:00,2019-06-25 08:00,21.819,167.023
2019-06-25 07:00,2019-06-25 09:00,23.076,397.488
2019-06-25 08:00,2019-06-25 10:00,25.013,642.456
2019-06-25 09:00,2019-06-25 11:00,26.733,756.023
2019-06-25 10:00,2019-06-25 12:00,27.836,821.094
2019-06-25 11:00,2019-06-25 13:00,28.671,840.454
2019-06-25 12:00,2019-06-25 14:00,29.202,804.191
2019-06-25 13:00,2019-06-25 15:00,29.269,740.313
2019-06-25 14:00,2019-06-25 16:00,28.879,641.917
2019-06-25 15:00,2019-06-25 17:00,27.902,518.747
2019-06-25 16:00,2019-06-25 18:00,26.455,371.513
2019-06-25 17:00,2019-06-25 19:00,24.276,225.096
2019-06-25 18:00,2019-06-25 20:00,22.001,103.421
2019-06-25 19:00,2019-06-25 21:00,19.991,23.727
2019-06-25 20:00,2019-06-25 22:00,18.629,0
2019-06-25 21:00,2019-06-25 23:00,17.903,0
2019-06-25 22:00,2019-06-26 00:00,17.422,0
2019-06-25 23:00,2019-06-26 01:00,17.076,0
2019-06-26 00:00,2019-06-26 02:00,16.799,0
2019-06-26 01:00,2019-06-26 03:00,16.613,0
2019-06-26 02:00,2019-06-26 04:00,16.490,0
2019-06-26 03:00,2019-06-26 05:00,16.365,6.639
2019-06-26 04:00,2019-06-26 06:00,16.711,78.767
2019-06-26 05:00,2019-06-26 07:00,17.371,211.651
2019-06-26 06:00,2019-06-26 08:00,18.228,364.320
2019-06-26 07:00,2019-06-26 09:00,19.226,515.665
2019-06-26 08:00,2019-06-26 10:00,20.052,651.669
2019-06-26 09:00,2019-06-26 11:00,20.794,761.437
2019-06-26 10:00,2019-06-26 12:00,21.457,835.191
2019-06-26 11:00,2019-06-26 13:00,21.868,866.440
2019-06-26 12:00,2019-06-26 14:00,21.988,840.413
2019-06-26 13:00,2019-06-26 15:00,21.871,784.040
2019-06-26 14:00,2019-06-26 16:00,21.486,690.146
2019-06-26 15:00,2019-06-26 17:00,20.969,566.945
2019-06-26 16:00,2019-06-26 18:00,20.339,424.229
2019-06-26 17:00,2019-06-26 19:00,19.531,274.340
2019-06-26 18:00,2019-06-26 20:00,18.642,133.443
2019-06-26 19:00,2019-06-26 21:00,17.684,27.982
2019-06-26 20:00,2019-06-26 22:00,16.914,0
2019-06-26 21:00,2019-06-26 23:00,16.439,0
2019-06-26 22:00,2019-06-27 00:00,16.070,0
2019-06-26 23:00,2019-06-27 01:00,15.719,0
2019-06-27 00:00,2019-06-27 02:00,15.376,0
2019-06-27 01:00,2019-06-27 03:00,15.054,0
2019-06-27 02:00,2019-06-27 04:00,14.720,0
2019-06-27 03:00,2019-06-27 05:00,14.384,7.260
2019-06-27 04:00,2019-06-27 06:00,14.527,89.801
2019-06-27 05:00,2019-06-27 07:00,15.072,230.398
2019-06-27 06:00,2019-06-27 08:00,15.785,389.900
2019-06-27 07:00,2019-06-27 09:00,16.678,547.673
2019-06-27 08:00,2019-06-27 10:00,17.629,688.110
2019-06-27 09:00,2019-06-27 11:00,18.565,795.031
2019-06-27 10:00,2019-06-27 12:00,19.391,869.834
2019-06-27 11:00,2019-06-27 13:00,20.004,901.409
2019-06-27 12:00,2019-06-27 14:00,20.340,888.226
2019-06-27 13:00,2019-06-27 15:00,20.434,829.827
2019-06-27 14:00,2019-06-27 16:00,20.337,733.146
2019-06-27 15:00,2019-06-27 17:00,20.004,604.964
2019-06-27 16:00,2019-06-27 18:00,19.388,455.630
2019-06-27 17:00,2019-06-27 19:00,18.557,297.904
2019-06-27 18:00,2019-06-27 20:00,17.570,147.704
2019-06-27 19:00,2019-06-27 21:00,16.416,31.685
2019-06-27 20:00,2019-06-27 22:00,15.439,0
2019-06-27 21:00,2019-06-27 23:00,14.913,0
2019-06-27 22:00,2019-06-28 00:00,14.501,0
2019-06-27 23:00,2019-06-28 01:00,14.145,0
2019-06-28 00:00,2019-06-28 02:00,13.806,0
2019-06-28 01:00,2019-06-28 03:00,13.455,0
2019-06-28 02:00,2019-06-28 04:00,13.119,0
2019-06-28 03:00,2019-06-28 05:00,12.925,7.390
2019-06-28 04:00,2019-06-28 06:00,13.704,90.487
2019-06-28 05:00,2019-06-28 07:00,14.618,228.361
2019-06-28 06:00,2019-06-28 08:00,15.539,386.102
2019-06-28 07:00,2019-06-28 09:00,16.520,541.982
2019-06-28 08:00,2019-06-28 10:00,17.595,682.156
2019-06-28 09:00,2019-06-28 11:00,18.707,794.555
2019-06-28 10:00,2019-06-28 12:00,19.808,869.328
2019-06-28 11:00,2019-06-28 13:00,20.750,901.131
2019-06-28 12:00,2019-06-28 14:00,21.476,884.442
2019-06-28 13:00,2019-06-28 15:00,21.963,827.536
2019-06-28 14:00,2019-06-28 16:00,22.260,731.367
2019-06-28 15:00,2019-06-28 17:00,22.375,603.678
2019-06-28 16:00,2019-06-28 18:00,22.328,455.227
2019-06-28 17:00,2019-06-28 19:00,21.972,298.006
2019-06-28 18:00,2019-06-28 20:00,21.016,147.999
2019-06-28 19:00,2019-06-28 21:00,19.269,31.704
2019-06-28 20:00,2019-06-28 22:00,18.129,0
2019-06-28 21:00,2019-06-28 23:00,17.545,0
2019-06-28 22:00,2019-06-29 00:00,16.965,0
2019-06-28 23:00,2019-06-29 01:00,16.347,0
2019-06-29 00:00,2019-06-29 02:00,15.729,0
2019-06-29 01:00,2019-06-29 03:00,15.129,0
2019-06-29 02:00,2019-06-29 04:00,14.569,0
2019-06-29 03:00,2019-06-29 05:00,14.095,7.633
2019-06-29 04:00,2019-06-29 06:00,14.502,93.445
2019-06-29 05:00,2019-06-29 07:00,15.596,235.313
2019-06-29 06:00,2019-06-29 08:00,17.460,394.305
2019-06-29 07:00,2019-06-29 09:00,19.944,551.000
2019-06-29 08:00,2019-06-29 10:00,22.167,690.486
2019-06-29 09:00,2019-06-29 11:00,24.114,804.041
2019-06-29 10:00,2019-06-29 12:00,25.584,877.802
2019-06-29 11:00,2019-06-29 13:00,26.649,908.378
2019-06-29 12:00,2019-06-29 14:00,27.504,894.860
2019-06-29 13:00,2019-06-29 15:00,28.105,834.930
2019-06-29 14:00,2019-06-29 16:00,28.389,716.872
2019-06-29 15:00,2019-06-29 17:00,28.267,549.660
2019-06-29 16:00,2019-06-29 18:00,27.863,429.077
2019-06-29 17:00,2019-06-29 19:00,27.209,296.088
2019-06-29 18:00,2019-06-29 20:00,25.441,148.724
2019-06-29 19:00,2019-06-29 21:00,23.448,31.532
2019-06-29 20:00,2019-06-29 22:00,22.285,0
2019-06-29 21:00,2019-06-29 23:00,21.646,0
2019-06-29 22:00,2019-06-30 00:00,21.148,0
2019-06-29 23:00,2019-06-30 01:00,20.690,0
2019-06-30 00:00,2019-06-30 02:00,20.227,0
2019-06-30 01:00,2019-06-30 03:00,19.682,0
2019-06-30 02:00,2019-06-30 04:00,19.066,0
2019-06-30 03:00,2019-06-30 05:00,18.472,6.373
2019-06-30 04:00,2019-06-30 06:00,18.571,75.006
2019-06-30 05:00,2019-06-30 07:00,19.267,195.682
2019-06-30 06:00,2019-06-30 08:00,20.169,342.557
2019-06-30 07:00,2019-06-30 09:00,20.293,441.730
2019-06-30 08:00,2019-06-30 10:00,20.398,641.972
2019-06-30 09:00,2019-06-30 11:00,20.686,773.223
2019-06-30 10:00,2019-06-30 12:00,21.010,853.967
2019-06-30 11:00,2019-06-30 13:00,21.261,876.119
2019-06-30 12:00,2019-06-30 14:00,21.297,810.442
2019-06-30 13:00,2019-06-30 15:00,21.277,764.818
2019-06-30 14:00,2019-06-30 16:00,20.872,541.568
2019-06-30 15:00,2019-06-30 17:00,20.644,458.113
2019-06-30 16:00,2019-06-30 18:00,20.661,429.260
2019-06-30 17:00,2019-06-30 19:00,20.377,285.003
2019-06-30 18:00,2019-06-30 20:00,19.801,141.453
2019-06-30 19:00,2019-06-30 21:00,18.470,29.056
2019-06-30 20:00,2019-06-30 22:00,17.602,0
2019-06-30 21:00,2019-06-30 23:00,17.295,0
2019-06-30 22:00,2019-07-01 00:00,16.979,0
2019-06-30 23:00,2019-07-01 01:00,16.727,0
2019-07-01 00:00,2019-07-01 02:00,16.534,0
2019-07-01 01:00,2019-07-01 03:00,16.364,0
2019-07-01 02:00,2019-07-01 04:00,15.998,0
2019-07-01 03:00,2019-07-01 05:00,15.763,6.744
2019-07-01 04:00,2019-07-01 06:00,16.649,88.795
2019-07-01 05:00,2019-07-01 07:00,17.533,228.761
2019-07-01 06:00,2019-07-01 08:00,18.164,386.648
2019-07-01 07:00,2019-07-01 09:00,18.639,541.698
2019-07-01 08:00,2019-07-01 10:00,18.988,671.694
2019-07-01 09:00,2019-07-01 11:00,19.322,782.624
2019-07-01 10:00,2019-07-01 12:00,19.546,853.898
2019-07-01 11:00,2019-07-01 13:00,19.682,902.122
2019-07-01 12:00,2019-07-01 14:00,19.661,891.478
2019-07-01 13:00,2019-07-01 15:00,19.564,833.959
2019-07-01 14:00,2019-07-01 16:00,19.422,736.631
2019-07-01 15:00,2019-07-01 17:00,19.257,605.745
2019-07-01 16:00,2019-07-01 18:00,19.060,450.852
2019-07-01 17:00,2019-07-01 19:00,18.790,288.332
2019-07-01 18:00,2019-07-01 20:00,18.357,126.705
2019-07-01 19:00,2019-07-01 21:00,17.317,22.570
2019-07-01 20:00,2019-07-01 22:00,16.707,0
2019-07-01 21:00,2019-07-01 23:00,16.605,0
2019-07-01 22:00,2019-07-02 00:00,16.360,0
2019-07-01 23:00,2019-07-02 01:00,16.101,0
2019-07-02 00:00,2019-07-02 02:00,15.732,0
2019-07-02 01:00,2019-07-02 03:00,15.196,0
2019-07-02 02:00,2019-07-02 04:00,14.782,0
2019-07-02 03:00,2019-07-02 05:00,14.497,6.085
2019-07-02 04:00,2019-07-02 06:00,15.321,86.277
2019-07-02 05:00,2019-07-02 07:00,16.284,226.087
2019-07-02 06:00,2019-07-02 08:00,17.035,381.448
2019-07-02 07:00,2019-07-02 09:00,17.888,534.910
2019-07-02 08:00,2019-07-02 10:00,18.684,672.139
2019-07-02 09:00,2019-07-02 11:00,19.387,788.378
2019-07-02 10:00,2019-07-02 12:00,19.862,843.845
2019-07-02 11:00,2019-07-02 13:00,20.232,886.339
2019-07-02 12:00,2019-07-02 14:00,20.291,846.308
2019-07-02 13:00,2019-07-02 15:00,20.208,794.780
2019-07-02 14:00,2019-07-02 16:00,19.979,707.998
2019-07-02 15:00,2019-07-02 17:00,19.590,590.564
2019-07-02 16:00,2019-07-02 18:00,19.005,458.369
2019-07-02 17:00,2019-07-02 19:00,18.207,300.730
2019-07-02 18:00,2019-07-02 20:00,17.245,148.610
2019-07-02 19:00,2019-07-02 21:00,16.046,30.616
2019-07-02 20:00,2019-07-02 22:00,14.988,0
2019-07-02 21:00,2019-07-02 23:00,14.422,0
2019-07-02 22:00,2019-07-03 00:00,13.925,0
2019-07-02 23:00,2019-07-03 01:00,13.440,0
2019-07-03 00:00,2019-07-03 02:00,13.010,0
2019-07-03 01:00,2019-07-03 03:00,12.641,0
2019-07-03 02:00,2019-07-03 04:00,12.318,0
2019-07-03 03:00,2019-07-03 05:00,12.170,6.926
2019-07-03 04:00,2019-07-03 06:00,13.431,92.887
2019-07-03 05:00,2019-07-03 07:00,15.054,233.635
2019-07-03 06:00,2019-07-03 08:00,16.063,388.602
2019-07-03 07:00,2019-07-03 09:00,16.814,538.670
2019-07-03 08:00,2019-07-03 10:00,17.483,669.757
2019-07-03 09:00,2019-07-03 11:00,18.057,774.206
2019-07-03 10:00,2019-07-03 12:00,18.551,847.021
2019-07-03 11:00,2019-07-03 13:00,18.947,886.744
2019-07-03 12:00,2019-07-03 14:00,19.193,879.960
2019-07-03 13:00,2019-07-03 15:00,19.260,830.356
2019-07-03 14:00,2019-07-03 16:00,19.144,737.289
2019-07-03 15:00,2019-07-03 17:00,18.752,608.890
2019-07-03 16:00,2019-07-03 18:00,18.126,458.054
2019-07-03 17:00,2019-07-03 19:00,17.373,298.102
2019-07-03 18:00,2019-07-03 20:00,16.512,146.124
2019-07-03 19:00,2019-07-03 21:00,15.342,29.429
2019-07-03 20:00,2019-07-03 22:00,14.266,0
2019-07-03 21:00,2019-07-03 23:00,13.704,0
2019-07-03 22:00,2019-07-04 00:00,13.196,0
2019-07-03 23:00,2019-07-04 01:00,12.778,0
2019-07-04 00:00,2019-07-04 02:00,12.453,0
2019-07-04 01:00,2019-07-04 03:00,12.167,0
2019-07-04 02:00,2019-07-04 04:00,11.931,0
2019-07-04 03:00,2019-07-04 05:00,11.821,6.455
2019-07-04 04:00,2019-07-04 06:00,12.866,90.359
2019-07-04 05:00,2019-07-04 07:00,14.372,231.535
2019-07-04 06:00,2019-07-04 08:00,15.350,385.838
2019-07-04 07:00,2019-07-04 09:00,16.288,534.386
2019-07-04 08:00,2019-07-04 10:00,17.256,669.430
2019-07-04 09:00,2019-07-04 11:00,18.341,784.112
2019-07-04 10:00,2019-07-04 12:00,19.399,860.612
2019-07-04 11:00,2019-07-04 13:00,20.224,892.347
2019-07-04 12:00,2019-07-04 14:00,20.806,879.297
2019-07-04 13:00,2019-07-04 15:00,21.111,820.150
2019-07-04 14:00,2019-07-04 16:00,21.050,705.888
2019-07-04 15:00,2019-07-04 17:00,20.688,556.155
2019-07-04 16:00,2019-07-04 18:00,19.949,329.646
2019-07-04 17:00,2019-07-04 19:00,18.791,143.109
2019-07-04 18:00,2019-07-04 20:00,17.516,49.779
2019-07-04 19:00,2019-07-04 21:00,16.532,8.257
2019-07-04 20:00,2019-07-04 22:00,16.037,0
2019-07-04 21:00,2019-07-04 23:00,15.772,0
2019-07-04 22:00,2019-07-05 00:00,15.695,0
2019-07-04 23:00,2019-07-05 01:00,15.860,0
2019-07-05 00:00,2019-07-05 02:00,15.915,0
2019-07-05 01:00,2019-07-05 03:00,15.901,0
2019-07-05 02:00,2019-07-05 04:00,15.885,0
2019-07-05 03:00,2019-07-05 05:00,15.866,4.119
2019-07-05 04:00,2019-07-05 06:00,16.482,74.279
2019-07-05 05:00,2019-07-05 07:00,17.659,224.796
2019-07-05 06:00,2019-07-05 08:00,18.610,382.441
2019-07-05 07:00,2019-07-05 09:00,19.317,537.746
2019-07-05 08:00,2019-07-05 10:00,19.924,677.186
2019-07-05 09:00,2019-07-05 11:00,20.412,788.936
2019-07-05 10:00,2019-07-05 12:00,20.790,863.175
2019-07-05 11:00,2019-07-05 13:00,20.978,893.961
2019-07-05 12:00,2019-07-05 14:00,20.989,876.338
2019-07-05 13:00,2019-07-05 15:00,20.821,819.192
2019-07-05 14:00,2019-07-05 16:00,20.586,722.793
2019-07-05 15:00,2019-07-05 17:00,20.238,595.048
2019-07-05 16:00,2019-07-05 18:00,19.748,446.548
2019-07-05 17:00,2019-07-05 19:00,19.152,290.013
2019-07-05 18:00,2019-07-05 20:00,18.416,140.117
2019-07-05 19:00,2019-07-05 21:00,17.184,26.833
2019-07-05 20:00,2019-07-05 22:00,16.315,0
2019-07-05 21:00,2019-07-05 23:00,16.133,0
2019-07-05 22:00,2019-07-06 00:00,15.988,0
2019-07-05 23:00,2019-07-06 01:00,15.794,0
2019-07-06 00:00,2019-07-06 02:00,15.599,0
2019-07-06 01:00,2019-07-06 03:00,15.504,0
2019-07-06 02:00,2019-07-06 04:00,15.524,0
2019-07-06 03:00,2019-07-06 05:00,15.625,5.018
2019-07-06 04:00,2019-07-06 06:00,16.524,79.140
2019-07-06 05:00,2019-07-06 07:00,17.595,213.317
2019-07-06 06:00,2019-07-06 08:00,18.997,367.149
2019-07-06 07:00,2019-07-06 09:00,19.998,519.553
2019-07-06 08:00,2019-07-06 10:00,20.518,648.077
2019-07-06 09:00,2019-07-06 11:00,20.609,667.455
2019-07-06 10:00,2019-07-06 12:00,20.271,576.892
2019-07-06 11:00,2019-07-06 13:00,19.783,506.865
2019-07-06 12:00,2019-07-06 14:00,19.122,410.385
2019-07-06 13:00,2019-07-06 15:00,18.481,328.222
2019-07-06 14:00,2019-07-06 16:00,17.770,215.729
2019-07-06 15:00,2019-07-06 17:00,17.015,126.261
2019-07-06 16:00,2019-07-06 18:00,16.459,92.661
2019-07-06 17:00,2019-07-06 19:00,16.034,62.445
2019-07-06 18:00,2019-07-06 20:00,15.686,39.400
2019-07-06 19:00,2019-07-06 21:00,15.290,11.030
2019-07-06 20:00,2019-07-06 22:00,14.832,0
2019-07-06 21:00,2019-07-06 23:00,14.232,0
2019-07-06 22:00,2019-07-07 00:00,13.605,0
2019-07-06 23:00,2019-07-07 01:00,13.066,0
2019-07-07 00:00,2019-07-07 02:00,12.687,0
2019-07-07 01:00,2019-07-07 03:00,12.388,0
2019-07-07 02:00,2019-07-07 04:00,12.115,0
2019-07-07 03:00,2019-07-07 05:00,11.943,5.210
2019-07-07 04:00,2019-07-07 06:00,12.973,83.354
2019-07-07 05:00,2019-07-07 07:00,14.200,219.809
2019-07-07 06:00,2019-07-07 08:00,14.897,372.292
2019-07-07 07:00,2019-07-07 09:00,15.593,521.821
2019-07-07 08:00,2019-07-07 10:00,16.305,657.496
2019-07-07 09:00,2019-07-07 11:00,17.022,767.236
2019-07-07 10:00,2019-07-07 12:00,17.414,818.348
2019-07-07 11:00,2019-07-07 13:00,17.727,864.927
2019-07-07 12:00,2019-07-07 14:00,17.824,847.953
2019-07-07 13:00,2019-07-07 15:00,17.726,794.712
2019-07-07 14:00,2019-07-07 16:00,17.515,704.383
2019-07-07 15:00,2019-07-07 17:00,17.201,580.355
2019-07-07 16:00,2019-07-07 18:00,16.699,421.085
2019-07-07 17:00,2019-07-07 19:00,16.080,280.126
2019-07-07 18:00,2019-07-07 20:00,15.428,135.153
2019-07-07 19:00,2019-07-07 21:00,14.491,25.423
2019-07-07 20:00,2019-07-07 22:00,13.541,0
2019-07-07 21:00,2019-07-07 23:00,13.159,0
2019-07-07 22:00,2019-07-08 00:00,12.865,0
2019-07-07 23:00,2019-07-08 01:00,12.660,0
2019-07-08 00:00,2019-07-08 02:00,12.531,0
2019-07-08 01:00,2019-07-08 03:00,12.357,0
2019-07-08 02:00,2019-07-08 04:00,12.205,0
2019-07-08 03:00,2019-07-08 05:00,12.121,4.561
2019-07-08 04:00,2019-07-08 06:00,13.036,79.488
2019-07-08 05:00,2019-07-08 07:00,14.014,209.850
2019-07-08 06:00,2019-07-08 08:00,14.635,355.777
2019-07-08 07:00,2019-07-08 09:00,15.257,497.708
2019-07-08 08:00,2019-07-08 10:00,15.724,521.855
2019-07-08 09:00,2019-07-08 11:00,15.787,479.631
2019-07-08 10:00,2019-07-08 12:00,16.045,595.487
2019-07-08 11:00,2019-07-08 13:00,16.348,602.066
2019-07-08 12:00,2019-07-08 14:00,16.120,411.732
2019-07-08 13:00,2019-07-08 15:00,15.690,289.818
2019-07-08 14:00,2019-07-08 16:00,15.695,419.634
2019-07-08 15:00,2019-07-08 17:00,16.222,576.061
2019-07-08 16:00,2019-07-08 18:00,16.132,432.020
2019-07-08 17:00,2019-07-08 19:00,15.689,265.872
2019-07-08 18:00,2019-07-08 20:00,15.150,130.742
2019-07-08 19:00,2019-07-08 21:00,14.153,24.034
2019-07-08 20:00,2019-07-08 22:00,13.224,0
2019-07-08 21:00,2019-07-08 23:00,13.025,0
2019-07-08 22:00,2019-07-09 00:00,12.772,0
2019-07-08 23:00,2019-07-09 01:00,12.594,0
2019-07-09 00:00,2019-07-09 02:00,12.580,0
2019-07-09 01:00,2019-07-09 03:00,12.403,0
2019-07-09 02:00,2019-07-09 04:00,12.125,0
2019-07-09 03:00,2019-07-09 05:00,11.957,4.322
2019-07-09 04:00,2019-07-09 06:00,12.844,63.633
2019-07-09 05:00,2019-07-09 07:00,14.385,178.624
2019-07-09 06:00,2019-07-09 08:00,15.285,347.932
2019-07-09 07:00,2019-07-09 09:00,16.010,491.120
2019-07-09 08:00,2019-07-09 10:00,16.844,675.923
2019-07-09 09:00,2019-07-09 11:00,17.610,784.511
2019-07-09 10:00,2019-07-09 12:00,18.304,858.930
2019-07-09 11:00,2019-07-09 13:00,18.839,890.628
2019-07-09 12:00,2019-07-09 14:00,19.141,873.736
2019-07-09 13:00,2019-07-09 15:00,19.256,814.856
2019-07-09 14:00,2019-07-09 16:00,19.173,713.890
2019-07-09 15:00,2019-07-09 17:00,18.856,551.374
2019-07-09 16:00,2019-07-09 18:00,18.461,419.011
2019-07-09 17:00,2019-07-09 19:00,17.950,259.811
2019-07-09 18:00,2019-07-09 20:00,17.148,96.149
2019-07-09 19:00,2019-07-09 21:00,15.989,14.521
2019-07-09 20:00,2019-07-09 22:00,15.315,0
2019-07-09 21:00,2019-07-09 23:00,15.048,0
2019-07-09 22:00,2019-07-10 00:00,14.621,0
2019-07-09 23:00,2019-07-10 01:00,14.146,0
2019-07-10 00:00,2019-07-10 02:00,13.831,0
2019-07-10 01:00,2019-07-10 03:00,13.451,0
2019-07-10 02:00,2019-07-10 04:00,13.020,0
2019-07-10 03:00,2019-07-10 05:00,12.728,3.093
2019-07-10 04:00,2019-07-10 06:00,13.365,59.455
2019-07-10 05:00,2019-07-10 07:00,14.273,176.861
2019-07-10 06:00,2019-07-10 08:00,15.922,294.812
2019-07-10 07:00,2019-07-10 09:00,17.448,343.809
2019-07-10 08:00,2019-07-10 10:00,18.407,350.308
2019-07-10 09:00,2019-07-10 11:00,18.997,349.334
2019-07-10 10:00,2019-07-10 12:00,19.241,334.258
2019-07-10 11:00,2019-07-10 13:00,19.226,308.124
2019-07-10 12:00,2019-07-10 14:00,18.869,256.079
2019-07-10 13:00,2019-07-10 15:00,18.062,185.594
2019-07-10 14:00,2019-07-10 16:00,17.385,154.462
2019-07-10 15:00,2019-07-10 17:00,17.155,131.589
2019-07-10 16:00,2019-07-10 18:00,17.259,107.869
2019-07-10 17:00,2019-07-10 19:00,17.309,71.889
2019-07-10 18:00,2019-07-10 20:00,17.222,35.194
2019-07-10 19:00,2019-07-10 21:00,16.886,5.843
2019-07-10 20:00,2019-07-10 22:00,16.824,0
2019-07-10 21:00,2019-07-10 23:00,16.860,0
2019-07-10 22:00,2019-07-11 00:00,16.832,0
2019-07-10 23:00,2019-07-11 01:00,16.782,0
2019-07-11 00:00,2019-07-11 02:00,16.653,0
2019-07-11 01:00,2019-07-11 03:00,16.567,0
2019-07-11 02:00,2019-07-11 04:00,16.434,0
2019-07-11 03:00,2019-07-11 05:00,16.377,0.986
2019-07-11 04:00,2019-07-11 06:00,16.617,15.922
2019-07-11 05:00,2019-07-11 07:00,17.054,42.067
2019-07-11 06:00,2019-07-11 08:00,17.417,79.946
2019-07-11 07:00,2019-07-11 09:00,17.836,149.626
2019-07-11 08:00,2019-07-11 10:00,18.578,245.395
2019-07-11 09:00,2019-07-11 11:00,19.559,359.265
2019-07-11 10:00,2019-07-11 12:00,20.553,542.370
2019-07-11 11:00,2019-07-11 13:00,21.391,701.657
2019-07-11 12:00,2019-07-11 14:00,21.824,757.317
2019-07-11 13:00,2019-07-11 15:00,21.852,663.289
2019-07-11 14:00,2019-07-11 16:00,21.665,592.116
2019-07-11 15:00,2019-07-11 17:00,21.420,521.003
2019-07-11 16:00,2019-07-11 18:00,21.081,397.595
2019-07-11 17:00,2019-07-11 19:00,20.555,253.234
2019-07-11 18:00,2019-07-11 20:00,19.691,115.940
2019-07-11 19:00,2019-07-11 21:00,18.212,19.120
2019-07-11 20:00,2019-07-11 22:00,17.725,0
2019-07-11 21:00,2019-07-11 23:00,17.635,0
2019-07-11 22:00,2019-07-12 00:00,17.554,0
2019-07-11 23:00,2019-07-12 01:00,16.993,0
2019-07-12 00:00,2019-07-12 02:00,16.323,0
2019-07-12 01:00,2019-07-12 03:00,15.761,0
2019-07-12 02:00,2019-07-12 04:00,15.581,0
2019-07-12 03:00,2019-07-12 05:00,15.757,2.139
2019-07-12 04:00,2019-07-12 06:00,16.469,40.626
2019-07-12 05:00,2019-07-12 07:00,17.319,124.824
2019-07-12 06:00,2019-07-12 08:00,18.004,234.233
2019-07-12 07:00,2019-07-12 09:00,18.781,324.772
2019-07-12 08:00,2019-07-12 10:00,19.325,389.875
2019-07-12 09:00,2019-07-12 11:00,19.380,434.425
2019-07-12 10:00,2019-07-12 12:00,19.241,512.699
2019-07-12 11:00,2019-07-12 13:00,19.241,662.371
2019-07-12 12:00,2019-07-12 14:00,19.317,714.629
2019-07-12 13:00,2019-07-12 15:00,19.425,761.239
2019-07-12 14:00,2019-07-12 16:00,19.186,667.117
2019-07-12 15:00,2019-07-12 17:00,18.885,544.156
2019-07-12 16:00,2019-07-12 18:00,18.519,404.494
2019-07-12 17:00,2019-07-12 19:00,18.007,255.606
2019-07-12 18:00,2019-07-12 20:00,17.322,116.354
2019-07-12 19:00,2019-07-12 21:00,16.323,18.509
2019-07-12 20:00,2019-07-12 22:00,15.488,0
2019-07-12 21:00,2019-07-12 23:00,15.250,0
2019-07-12 22:00,2019-07-13 00:00,15.146,0
2019-07-12 23:00,2019-07-13 01:00,15.125,0
2019-07-13 00:00,2019-07-13 02:00,15.186,0
2019-07-13 01:00,2019-07-13 03:00,15.298,0
2019-07-13 02:00,2019-07-13 04:00,15.410,0
2019-07-13 03:00,2019-07-13 05:00,15.486,2.170
2019-07-13 04:00,2019-07-13 06:00,16.045,55.402
2019-07-13 05:00,2019-07-13 07:00,16.660,169.929
2019-07-13 06:00,2019-07-13 08:00,17.158,296.047
2019-07-13 07:00,2019-07-13 09:00,17.733,406.246
2019-07-13 08:00,2019-07-13 10:00,18.328,506.485
2019-07-13 09:00,2019-07-13 11:00,18.910,638.349
2019-07-13 10:00,2019-07-13 12:00,19.327,723.851
2019-07-13 11:00,2019-07-13 13:00,19.371,726.531
2019-07-13 12:00,2019-07-13 14:00,19.270,730.528
2019-07-13 13:00,2019-07-13 15:00,19.073,647.366
2019-07-13 14:00,2019-07-13 16:00,18.821,620.710
2019-07-13 15:00,2019-07-13 17:00,18.486,530.943
2019-07-13 16:00,2019-07-13 18:00,18.003,406.184
2019-07-13 17:00,2019-07-13 19:00,17.430,263.439
2019-07-13 18:00,2019-07-13 20:00,16.732,121.359
2019-07-13 19:00,2019-07-13 21:00,15.803,18.364
2019-07-13 20:00,2019-07-13 22:00,15.374,0
2019-07-13 21:00,2019-07-13 23:00,15.339,0
2019-07-13 22:00,2019-07-14 00:00,15.250,0
2019-07-13 23:00,2019-07-14 01:00,15.109,0
2019-07-14 00:00,2019-07-14 02:00,14.865,0
2019-07-14 01:00,2019-07-14 03:00,14.767,0
2019-07-14 02:00,2019-07-14 04:00,14.671,0
2019-07-14 03:00,2019-07-14 05:00,14.540,1.243
2019-07-14 04:00,2019-07-14 06:00,14.646,38.299
2019-07-14 05:00,2019-07-14 07:00,15.055,131.360
2019-07-14 06:00,2019-07-14 08:00,15.614,233.634
2019-07-14 07:00,2019-07-14 09:00,16.139,316.752
2019-07-14 08:00,2019-07-14 10:00,16.638,406.162
2019-07-14 09:00,2019-07-14 11:00,17.177,549.795
2019-07-14 10:00,2019-07-14 12:00,17.753,616.068
2019-07-14 11:00,2019-07-14 13:00,18.291,671.995
2019-07-14 12:00,2019-07-14 14:00,18.609,713.721
2019-07-14 13:00,2019-07-14 15:00,18.804,707.249
2019-07-14 14:00,2019-07-14 16:00,18.820,648.448
2019-07-14 15:00,2019-07-14 17:00,18.544,551.852
2019-07-14 16:00,2019-07-14 18:00,17.966,407.732
2019-07-14 17:00,2019-07-14 19:00,17.242,261.536
2019-07-14 18:00,2019-07-14 20:00,16.466,109.164
2019-07-14 19:00,2019-07-14 21:00,15.762,12.426
2019-07-14 20:00,2019-07-14 22:00,15.454,0
2019-07-14 21:00,2019-07-14 23:00,15.342,0
2019-07-14 22:00,2019-07-15 00:00,15.258,0
2019-07-14 23:00,2019-07-15 01:00,15.145,0
2019-07-15 00:00,2019-07-15 02:00,15.021,0
2019-07-15 01:00,2019-07-15 03:00,14.903,0
2019-07-15 02:00,2019-07-15 04:00,14.794,0
2019-07-15 03:00,2019-07-15 05:00,14.715,0.888
2019-07-15 04:00,2019-07-15 06:00,14.900,24.607
2019-07-15 05:00,2019-07-15 07:00,15.178,74.882
2019-07-15 06:00,2019-07-15 08:00,15.502,140.619
2019-07-15 07:00,2019-07-15 09:00,15.870,245.812
2019-07-15 08:00,2019-07-15 10:00,16.258,340.658
2019-07-15 09:00,2019-07-15 11:00,16.855,515.935
2019-07-15 10:00,2019-07-15 12:00,17.398,614.093
2019-07-15 11:00,2019-07-15 13:00,17.996,783.352
2019-07-15 12:00,2019-07-15 14:00,18.335,804.107
2019-07-15 13:00,2019-07-15 15:00,18.395,778.925
2019-07-15 14:00,2019-07-15 16:00,18.195,696.382
2019-07-15 15:00,2019-07-15 17:00,17.829,576.641
2019-07-15 16:00,2019-07-15 18:00,17.312,431.017
2019-07-15 17:00,2019-07-15 19:00,16.688,273.668
2019-07-15 18:00,2019-07-15 20:00,15.986,122.220
2019-07-15 19:00,2019-07-15 21:00,15.129,17.112
2019-07-15 20:00,2019-07-15 22:00,14.688,0
2019-07-15 21:00,2019-07-15 23:00,14.610,0
2019-07-15 22:00,2019-07-16 00:00,14.579,0
2019-07-15 23:00,2019-07-16 01:00,14.476,0
2019-07-16 00:00,2019-07-16 02:00,14.359,0
2019-07-16 01:00,2019-07-16 03:00,14.270,0
2019-07-16 02:00,2019-07-16 04:00,14.178,0
2019-07-16 03:00,2019-07-16 05:00,14.139,1.421
2019-07-16 04:00,2019-07-16 06:00,14.626,40.332
2019-07-16 05:00,2019-07-16 07:00,15.336,129.204
2019-07-16 06:00,2019-07-16 08:00,15.925,246.787
2019-07-16 07:00,2019-07-16 09:00,16.631,405.654
2019-07-16 08:00,2019-07-16 10:00,17.533,581.394
2019-07-16 09:00,2019-07-16 11:00,18.335,709.701
2019-07-16 10:00,2019-07-16 12:00,19.044,829.143
2019-07-16 11:00,2019-07-16 13:00,19.530,852.237
2019-07-16 12:00,2019-07-16 14:00,19.769,815.234
2019-07-16 13:00,2019-07-16 15:00,19.850,744.594
2019-07-16 14:00,2019-07-16 16:00,19.797,678.667
2019-07-16 15:00,2019-07-16 17:00,19.679,574.917
2019-07-16 16:00,2019-07-16 18:00,19.398,426.564
2019-07-16 17:00,2019-07-16 19:00,18.892,268.225
2019-07-16 18:00,2019-07-16 20:00,18.047,114.208
2019-07-16 19:00,2019-07-16 21:00,16.448,16.477
2019-07-16 20:00,2019-07-16 22:00,15.543,0
2019-07-16 21:00,2019-07-16 23:00,15.123,0
2019-07-16 22:00,2019-07-17 00:00,14.780,0
2019-07-16 23:00,2019-07-17 01:00,14.521,0
2019-07-17 00:00,2019-07-17 02:00,14.333,0
2019-07-17 01:00,2019-07-17 03:00,14.126,0
2019-07-17 02:00,2019-07-17 04:00,13.909,0
2019-07-17 03:00,2019-07-17 05:00,13.684,1.826
2019-07-17 04:00,2019-07-17 06:00,13.934,52.979
2019-07-17 05:00,2019-07-17 07:00,15.099,184.738
2019-07-17 06:00,2019-07-17 08:00,16.344,345.414
2019-07-17 07:00,2019-07-17 09:00,17.563,499.113
2019-07-17 08:00,2019-07-17 10:00,18.921,641.874
2019-07-17 09:00,2019-07-17 11:00,20.404,753.914
2019-07-17 10:00,2019-07-17 12:00,21.644,827.030
2019-07-17 11:00,2019-07-17 13:00,22.628,857.886
2019-07-17 12:00,2019-07-17 14:00,23.194,835.171
2019-07-17 13:00,2019-07-17 15:00,23.389,782.393
2019-07-17 14:00,2019-07-17 16:00,23.396,683.134
2019-07-17 15:00,2019-07-17 17:00,23.317,549.052
2019-07-17 16:00,2019-07-17 18:00,23.165,400.029
2019-07-17 17:00,2019-07-17 19:00,22.812,247.182
2019-07-17 18:00,2019-07-17 20:00,21.815,104.437
2019-07-17 19:00,2019-07-17 21:00,20.049,12.971
2019-07-17 20:00,2019-07-17 22:00,19.107,0
2019-07-17 21:00,2019-07-17 23:00,18.641,0
2019-07-17 22:00,2019-07-18 00:00,18.341,0
2019-07-17 23:00,2019-07-18 01:00,18.137,0
2019-07-18 00:00,2019-07-18 02:00,17.897,0
2019-07-18 01:00,2019-07-18 03:00,17.558,0
2019-07-18 02:00,2019-07-18 04:00,17.017,0
2019-07-18 03:00,2019-07-18 05:00,16.386,1.321
2019-07-18 04:00,2019-07-18 06:00,16.615,51.071
2019-07-18 05:00,2019-07-18 07:00,17.486,154.531
2019-07-18 06:00,2019-07-18 08:00,18.474,271.302
2019-07-18 07:00,2019-07-18 09:00,19.512,394.117
2019-07-18 08:00,2019-07-18 10:00,20.143,407.463
2019-07-18 09:00,2019-07-18 11:00,20.323,406.058
2019-07-18 10:00,2019-07-18 12:00,20.367,428.155
2019-07-18 11:00,2019-07-18 13:00,20.413,397.958
2019-07-18 12:00,2019-07-18 14:00,20.440,355.453
2019-07-18 13:00,2019-07-18 15:00,20.492,319.948
2019-07-18 14:00,2019-07-18 16:00,20.542,313.690
2019-07-18 15:00,2019-07-18 17:00,20.443,285.543
2019-07-18 16:00,2019-07-18 18:00,20.112,199.914
2019-07-18 17:00,2019-07-18 19:00,19.736,148.785
2019-07-18 18:00,2019-07-18 20:00,19.179,66.102
2019-07-18 19:00,2019-07-18 21:00,18.369,8.466
2019-07-18 20:00,2019-07-18 22:00,17.909,0
2019-07-18 21:00,2019-07-18 23:00,17.695,0
2019-07-18 22:00,2019-07-19 00:00,17.545,0
2019-07-18 23:00,2019-07-19 01:00,17.322,0
2019-07-19 00:00,2019-07-19 02:00,16.945,0
2019-07-19 01:00,2019-07-19 03:00,16.375,0
2019-07-19 02:00,2019-07-19 04:00,16.011,0
2019-07-19 03:00,2019-07-19 05:00,15.644,1.394
2019-07-19 04:00,2019-07-19 06:00,16.004,58.431
2019-07-19 05:00,2019-07-19 07:00,17.139,179.129
2019-07-19 06:00,2019-07-19 08:00,17.921,253.809
2019-07-19 07:00,2019-07-19 09:00,18.990,406.077
2019-07-19 08:00,2019-07-19 10:00,20.288,517.669
2019-07-19 09:00,2019-07-19 11:00,21.306,690.893
2019-07-19 10:00,2019-07-19 12:00,22.016,742.263
2019-07-19 11:00,2019-07-19 13:00,22.473,801.055
2019-07-19 12:00,2019-07-19 14:00,22.743,815.710
2019-07-19 13:00,2019-07-19 15:00,22.821,770.484
2019-07-19 14:00,2019-07-19 16:00,22.737,659.289
2019-07-19 15:00,2019-07-19 17:00,22.529,495.987
2019-07-19 16:00,2019-07-19 18:00,22.203,335.141
2019-07-19 17:00,2019-07-19 19:00,21.667,172.757
2019-07-19 18:00,2019-07-19 20:00,20.869,64.522
2019-07-19 19:00,2019-07-19 21:00,19.964,7.289
2019-07-19 20:00,2019-07-19 22:00,19.673,0
2019-07-19 21:00,2019-07-19 23:00,19.465,0
2019-07-19 22:00,2019-07-20 00:00,19.216,0
2019-07-19 23:00,2019-07-20 01:00,18.795,0
2019-07-20 00:00,2019-07-20 02:00,18.509,0
2019-07-20 01:00,2019-07-20 03:00,18.358,0
2019-07-20 02:00,2019-07-20 04:00,18.223,0
2019-07-20 03:00,2019-07-20 05:00,18.008,0.452
2019-07-20 04:00,2019-07-20 06:00,18.087,22.337
2019-07-20 05:00,2019-07-20 07:00,18.483,70.278
2019-07-20 06:00,2019-07-20 08:00,19.114,117.513
2019-07-20 07:00,2019-07-20 09:00,19.647,148.064
2019-07-20 08:00,2019-07-20 10:00,19.567,179.173
2019-07-20 09:00,2019-07-20 11:00,19.404,195.742
2019-07-20 10:00,2019-07-20 12:00,20.211,364.848
2019-07-20 11:00,2019-07-20 13:00,21.708,566.267
2019-07-20 12:00,2019-07-20 14:00,22.876,660.761
2019-07-20 13:00,2019-07-20 15:00,23.178,556.142
2019-07-20 14:00,2019-07-20 16:00,22.762,414.482
2019-07-20 15:00,2019-07-20 17:00,22.361,420.877
2019-07-20 16:00,2019-07-20 18:00,21.982,371.980
2019-07-20 17:00,2019-07-20 19:00,21.237,243.742
2019-07-20 18:00,2019-07-20 20:00,20.280,105.427
2019-07-20 19:00,2019-07-20 21:00,19.268,11.956
2019-07-20 20:00,2019-07-20 22:00,18.615,0
2019-07-20 21:00,2019-07-20 23:00,18.307,0
2019-07-20 22:00,2019-07-21 00:00,18.197,0
2019-07-20 23:00,2019-07-21 01:00,18.127,0
2019-07-21 00:00,2019-07-21 02:00,17.946,0
2019-07-21 01:00,2019-07-21 03:00,17.410,0
2019-07-21 02:00,2019-07-21 04:00,16.658,0
2019-07-21 03:00,2019-07-21 05:00,16.067,0.926
2019-07-21 04:00,2019-07-21 06:00,16.433,58.852
2019-07-21 05:00,2019-07-21 07:00,17.826,192.615
2019-07-21 06:00,2019-07-21 08:00,18.699,349.205
2019-07-21 07:00,2019-07-21 09:00,19.486,502.907
2019-07-21 08:00,2019-07-21 10:00,20.201,633.398
2019-07-21 09:00,2019-07-21 11:00,20.715,691.983
2019-07-21 10:00,2019-07-21 12:00,21.112,748.833
2019-07-21 11:00,2019-07-21 13:00,21.552,833.373
2019-07-21 12:00,2019-07-21 14:00,21.799,821.280
2019-07-21 13:00,2019-07-21 15:00,21.773,722.342
2019-07-21 14:00,2019-07-21 16:00,21.561,628.557
2019-07-21 15:00,2019-07-21 17:00,21.310,547.068
2019-07-21 16:00,2019-07-21 18:00,20.918,411.027
2019-07-21 17:00,2019-07-21 19:00,20.380,236.705
2019-07-21 18:00,2019-07-21 20:00,19.510,89.760
2019-07-21 19:00,2019-07-21 21:00,18.204,9.433
2019-07-21 20:00,2019-07-21 22:00,17.798,0
2019-07-21 21:00,2019-07-21 23:00,17.646,0
2019-07-21 22:00,2019-07-22 00:00,17.596,0
2019-07-21 23:00,2019-07-22 01:00,17.407,0
2019-07-22 00:00,2019-07-22 02:00,17.157,0
2019-07-22 01:00,2019-07-22 03:00,16.881,0
2019-07-22 02:00,2019-07-22 04:00,16.379,0
2019-07-22 03:00,2019-07-22 05:00,16.309,0.605
2019-07-22 04:00,2019-07-22 06:00,17.004,30.342
2019-07-22 05:00,2019-07-22 07:00,17.642,93.924
2019-07-22 06:00,2019-07-22 08:00,18.456,183.759
2019-07-22 07:00,2019-07-22 09:00,19.493,342.055
2019-07-22 08:00,2019-07-22 10:00,20.504,477.059
2019-07-22 09:00,2019-07-22 11:00,21.447,589.390
2019-07-22 10:00,2019-07-22 12:00,22.124,621.577
2019-07-22 11:00,2019-07-22 13:00,22.574,616.771
2019-07-22 12:00,2019-07-22 14:00,22.839,594.208
2019-07-22 13:00,2019-07-22 15:00,23.115,590.634
2019-07-22 14:00,2019-07-22 16:00,23.310,546.978
2019-07-22 15:00,2019-07-22 17:00,23.263,429.080
2019-07-22 16:00,2019-07-22 18:00,22.870,305.851
2019-07-22 17:00,2019-07-22 19:00,22.269,200.992
2019-07-22 18:00,2019-07-22 20:00,21.347,93.811
2019-07-22 19:00,2019-07-22 21:00,19.806,10.598
2019-07-22 20:00,2019-07-22 22:00,18.948,0
2019-07-22 21:00,2019-07-22 23:00,18.532,0
2019-07-22 22:00,2019-07-23 00:00,18.250,0
2019-07-22 23:00,2019-07-23 01:00,18.104,0
2019-07-23 00:00,2019-07-23 02:00,18.093,0
2019-07-23 01:00,2019-07-23 03:00,18.202,0
2019-07-23 02:00,2019-07-23 04:00,18.038,0
2019-07-23 03:00,2019-07-23 05:00,17.604,0.622
2019-07-23 04:00,2019-07-23 06:00,17.502,53.010
2019-07-23 05:00,2019-07-23 07:00,18.933,183.332
2019-07-23 06:00,2019-07-23 08:00,20.213,339.198
2019-07-23 07:00,2019-07-23 09:00,22.408,495.153
2019-07-23 08:00,2019-07-23 10:00,24.360,635.530
2019-07-23 09:00,2019-07-23 11:00,26.071,748.544
2019-07-23 10:00,2019-07-23 12:00,27.456,824.081
2019-07-23 11:00,2019-07-23 13:00,28.596,856.136
2019-07-23 12:00,2019-07-23 14:00,29.450,842.038
2019-07-23 13:00,2019-07-23 15:00,29.996,782.375
2019-07-23 14:00,2019-07-23 16:00,30.179,682.442
2019-07-23 15:00,2019-07-23 17:00,29.991,551.011
2019-07-23 16:00,2019-07-23 18:00,29.404,399.672
2019-07-23 17:00,2019-07-23 19:00,28.256,242.226
2019-07-23 18:00,2019-07-23 20:00,26.239,99.649
2019-07-23 19:00,2019-07-23 21:00,24.216,9.722
2019-07-23 20:00,2019-07-23 22:00,23.403,0
2019-07-23 21:00,2019-07-23 23:00,22.886,0
2019-07-23 22:00,2019-07-24 00:00,22.384,0
2019-07-23 23:00,2019-07-24 01:00,21.861,0
2019-07-24 00:00,2019-07-24 02:00,21.360,0
2019-07-24 01:00,2019-07-24 03:00,20.915,0
2019-07-24 02:00,2019-07-24 04:00,20.562,0
2019-07-24 03:00,2019-07-24 05:00,20.328,0.424
2019-07-24 04:00,2019-07-24 06:00,20.698,47.437
2019-07-24 05:00,2019-07-24 07:00,21.894,169.750
2019-07-24 06:00,2019-07-24 08:00,23.012,321.226
2019-07-24 07:00,2019-07-24 09:00,24.650,475.658
2019-07-24 08:00,2019-07-24 10:00,26.980,615.845
2019-07-24 09:00,2019-07-24 11:00,29.185,727.372
2019-07-24 10:00,2019-07-24 12:00,30.462,799.612
2019-07-24 11:00,2019-07-24 13:00,31.154,826.637
2019-07-24 12:00,2019-07-24 14:00,31.318,796.738
2019-07-24 13:00,2019-07-24 15:00,30.950,735.097
2019-07-24 14:00,2019-07-24 16:00,30.142,616.123
2019-07-24 15:00,2019-07-24 17:00,28.969,475.962
2019-07-24 16:00,2019-07-24 18:00,27.488,366.286
2019-07-24 17:00,2019-07-24 19:00,25.749,222.872
2019-07-24 18:00,2019-07-24 20:00,23.977,90.897
2019-07-24 19:00,2019-07-24 21:00,22.267,8.504
2019-07-24 20:00,2019-07-24 22:00,21.079,0
2019-07-24 21:00,2019-07-24 23:00,20.354,0
2019-07-24 22:00,2019-07-25 00:00,19.945,0
2019-07-24 23:00,2019-07-25 01:00,19.695,0
2019-07-25 00:00,2019-07-25 02:00,19.387,0
2019-07-25 01:00,2019-07-25 03:00,19.047,0
2019-07-25 02:00,2019-07-25 04:00,18.784,0
2019-07-25 03:00,2019-07-25 05:00,18.654,0.324
2019-07-25 04:00,2019-07-25 06:00,19.295,44.535
2019-07-25 05:00,2019-07-25 07:00,20.636,162.677
2019-07-25 06:00,2019-07-25 08:00,22.179,309.799
2019-07-25 07:00,2019-07-25 09:00,24.330,459.160
2019-07-25 08:00,2019-07-25 10:00,26.931,590.023
2019-07-25 09:00,2019-07-25 11:00,28.991,633.631
2019-07-25 10:00,2019-07-25 12:00,30.505,644.023
2019-07-25 11:00,2019-07-25 13:00,31.399,588.472
2019-07-25 12:00,2019-07-25 14:00,32.122,594.259
2019-07-25 13:00,2019-07-25 15:00,32.703,581.629
2019-07-25 14:00,2019-07-25 16:00,33.143,556.312
2019-07-25 15:00,2019-07-25 17:00,33.255,466.463
2019-07-25 16:00,2019-07-25 18:00,33.093,342.216
2019-07-25 17:00,2019-07-25 19:00,32.215,198.799
2019-07-25 18:00,2019-07-25 20:00,30.144,75.566
2019-07-25 19:00,2019-07-25 21:00,28.277,6.594
2019-07-25 20:00,2019-07-25 22:00,27.337,0
2019-07-25 21:00,2019-07-25 23:00,26.895,0
2019-07-25 22:00,2019-07-26 00:00,26.463,0
2019-07-25 23:00,2019-07-26 01:00,25.874,0
2019-07-26 00:00,2019-07-26 02:00,25.262,0
2019-07-26 01:00,2019-07-26 03:00,24.546,0
2019-07-26 02:00,2019-07-26 04:00,23.858,0
2019-07-26 03:00,2019-07-26 05:00,23.013,0.175
2019-07-26 04:00,2019-07-26 06:00,22.567,38.835
2019-07-26 05:00,2019-07-26 07:00,22.902,158.329
2019-07-26 06:00,2019-07-26 08:00,23.539,308.106
2019-07-26 07:00,2019-07-26 09:00,24.932,425.596
2019-07-26 08:00,2019-07-26 10:00,26.726,512.833
2019-07-26 09:00,2019-07-26 11:00,28.546,617.837
2019-07-26 10:00,2019-07-26 12:00,29.940,645.588
2019-07-26 11:00,2019-07-26 13:00,30.765,675.025
2019-07-26 12:00,2019-07-26 14:00,31.390,685.017
2019-07-26 13:00,2019-07-26 15:00,31.493,628.970
2019-07-26 14:00,2019-07-26 16:00,31.158,492.984
2019-07-26 15:00,2019-07-26 17:00,30.086,371.455
2019-07-26 16:00,2019-07-26 18:00,28.121,268.830
2019-07-26 17:00,2019-07-26 19:00,26.255,154.455
2019-07-26 18:00,2019-07-26 20:00,24.312,59.589
2019-07-26 19:00,2019-07-26 21:00,22.649,4.887
2019-07-26 20:00,2019-07-26 22:00,21.661,0
2019-07-26 21:00,2019-07-26 23:00,21.237,0
2019-07-26 22:00,2019-07-27 00:00,20.928,0
2019-07-26 23:00,2019-07-27 01:00,20.574,0
2019-07-27 00:00,2019-07-27 02:00,20.232,0
2019-07-27 01:00,2019-07-27 03:00,20.016,0
2019-07-27 02:00,2019-07-27 04:00,19.785,0
2019-07-27 03:00,2019-07-27 05:00,19.557,0.084
2019-07-27 04:00,2019-07-27 06:00,19.695,29.233
2019-07-27 05:00,2019-07-27 07:00,20.144,112.277
2019-07-27 06:00,2019-07-27 08:00,20.912,216.734
2019-07-27 07:00,2019-07-27 09:00,21.853,290.247
2019-07-27 08:00,2019-07-27 10:00,22.311,301.747
2019-07-27 09:00,2019-07-27 11:00,22.395,288.024
2019-07-27 10:00,2019-07-27 12:00,22.529,353.801
2019-07-27 11:00,2019-07-27 13:00,22.359,298.985
2019-07-27 12:00,2019-07-27 14:00,22.379,301.454
2019-07-27 13:00,2019-07-27 15:00,22.449,302.857
2019-07-27 14:00,2019-07-27 16:00,22.195,242.121
2019-07-27 15:00,2019-07-27 17:00,21.442,166.726
2019-07-27 16:00,2019-07-27 18:00,20.440,115.355
2019-07-27 17:00,2019-07-27 19:00,19.650,69.808
2019-07-27 18:00,2019-07-27 20:00,19.114,28.329
2019-07-27 19:00,2019-07-27 21:00,18.769,2.057
2019-07-27 20:00,2019-07-27 22:00,18.655,0
2019-07-27 21:00,2019-07-27 23:00,18.717,0
2019-07-27 22:00,2019-07-28 00:00,18.736,0
2019-07-27 23:00,2019-07-28 01:00,18.668,0
2019-07-28 00:00,2019-07-28 02:00,18.561,0
2019-07-28 01:00,2019-07-28 03:00,18.494,0
2019-07-28 02:00,2019-07-28 04:00,18.489,0
2019-07-28 03:00,2019-07-28 05:00,18.496,0.042
2019-07-28 04:00,2019-07-28 06:00,18.515,21.741
2019-07-28 05:00,2019-07-28 07:00,18.807,88.077
2019-07-28 06:00,2019-07-28 08:00,19.193,182.482
2019-07-28 07:00,2019-07-28 09:00,19.731,264.223
2019-07-28 08:00,2019-07-28 10:00,20.272,327.350
2019-07-28 09:00,2019-07-28 11:00,20.520,370.321
2019-07-28 10:00,2019-07-28 12:00,20.578,384.159
2019-07-28 11:00,2019-07-28 13:00,20.625,424.428
2019-07-28 12:00,2019-07-28 14:00,20.608,421.636
2019-07-28 13:00,2019-07-28 15:00,20.608,437.308
2019-07-28 14:00,2019-07-28 16:00,20.363,374.564
2019-07-28 15:00,2019-07-28 17:00,19.994,272.314
2019-07-28 16:00,2019-07-28 18:00,19.548,178.489
2019-07-28 17:00,2019-07-28 19:00,19.092,99.400
2019-07-28 18:00,2019-07-28 20:00,18.724,39.502
2019-07-28 19:00,2019-07-28 21:00,18.367,3.197
2019-07-28 20:00,2019-07-28 22:00,18.093,0
2019-07-28 21:00,2019-07-28 23:00,17.840,0
2019-07-28 22:00,2019-07-29 00:00,17.603,0
2019-07-28 23:00,2019-07-29 01:00,17.302,0
2019-07-29 00:00,2019-07-29 02:00,16.939,0
2019-07-29 01:00,2019-07-29 03:00,16.593,0
2019-07-29 02:00,2019-07-29 04:00,16.206,0
2019-07-29 03:00,2019-07-29 05:00,15.824,0.031
2019-07-29 04:00,2019-07-29 06:00,16.016,39.024
2019-07-29 05:00,2019-07-29 07:00,16.970,146.409
2019-07-29 06:00,2019-07-29 08:00,18.078,265.307
2019-07-29 07:00,2019-07-29 09:00,19.726,449.437
2019-07-29 08:00,2019-07-29 10:00,21.272,616.225
2019-07-29 09:00,2019-07-29 11:00,22.296,732.248
2019-07-29 10:00,2019-07-29 12:00,22.922,810.109
2019-07-29 11:00,2019-07-29 13:00,23.265,843.919
2019-07-29 12:00,2019-07-29 14:00,23.423,832.500
2019-07-29 13:00,2019-07-29 15:00,23.434,774.592
2019-07-29 14:00,2019-07-29 16:00,23.322,675.689
2019-07-29 15:00,2019-07-29 17:00,23.147,544.511
2019-07-29 16:00,2019-07-29 18:00,22.921,392.679
2019-07-29 17:00,2019-07-29 19:00,22.498,233.733
2019-07-29 18:00,2019-07-29 20:00,21.510,88.696
2019-07-29 19:00,2019-07-29 21:00,19.974,5.336
2019-07-29 20:00,2019-07-29 22:00,19.179,0
2019-07-29 21:00,2019-07-29 23:00,18.575,0
2019-07-29 22:00,2019-07-30 00:00,18.119,0
2019-07-29 23:00,2019-07-30 01:00,17.782,0
2019-07-30 00:00,2019-07-30 02:00,17.481,0
2019-07-30 01:00,2019-07-30 03:00,17.194,0
2019-07-30 02:00,2019-07-30 04:00,16.873,0
2019-07-30 03:00,2019-07-30 05:00,16.584,0.010
2019-07-30 04:00,2019-07-30 06:00,16.729,35.350
2019-07-30 05:00,2019-07-30 07:00,17.881,153.995
2019-07-30 06:00,2019-07-30 08:00,19.151,311.872
2019-07-30 07:00,2019-07-30 09:00,21.266,476.935
2019-07-30 08:00,2019-07-30 10:00,22.997,615.952
2019-07-30 09:00,2019-07-30 11:00,24.182,727.841
2019-07-30 10:00,2019-07-30 12:00,24.858,803.386
2019-07-30 11:00,2019-07-30 13:00,25.165,837.884
2019-07-30 12:00,2019-07-30 14:00,25.316,825.639
2019-07-30 13:00,2019-07-30 15:00,25.259,740.959
2019-07-30 14:00,2019-07-30 16:00,25.075,602.841
2019-07-30 15:00,2019-07-30 17:00,24.908,521.568
2019-07-30 16:00,2019-07-30 18:00,24.365,333.639
2019-07-30 17:00,2019-07-30 19:00,23.541,183.020
2019-07-30 18:00,2019-07-30 20:00,22.484,71.488
2019-07-30 19:00,2019-07-30 21:00,21.014,4.028
2019-07-30 20:00,2019-07-30 22:00,20.183,0
2019-07-30 21:00,2019-07-30 23:00,19.606,0
2019-07-30 22:00,2019-07-31 00:00,19.140,0
2019-07-30 23:00,2019-07-31 01:00,18.685,0
2019-07-31 00:00,2019-07-31 02:00,18.075,0
2019-07-31 01:00,2019-07-31 03:00,17.538,0
2019-07-31 02:00,2019-07-31 04:00,17.174,0
2019-07-31 03:00,2019-07-31 05:00,16.956,0.002
2019-07-31 04:00,2019-07-31 06:00,16.959,22.125
2019-07-31 05:00,2019-07-31 07:00,17.315,82.995
2019-07-31 06:00,2019-07-31 08:00,17.845,160.537
2019-07-31 07:00,2019-07-31 09:00,18.271,225.831
2019-07-31 08:00,2019-07-31 10:00,18.635,293.335
2019-07-31 09:00,2019-07-31 11:00,19.023,361.687
2019-07-31 10:00,2019-07-31 12:00,19.296,384.796
2019-07-31 11:00,2019-07-31 13:00,19.506,396.217
2019-07-31 12:00,2019-07-31 14:00,19.665,364.036
2019-07-31 13:00,2019-07-31 15:00,19.832,361.183
2019-07-31 14:00,2019-07-31 16:00,20.105,396.502
2019-07-31 15:00,2019-07-31 17:00,20.254,370.144
2019-07-31 16:00,2019-07-31 18:00,20.227,302.588
2019-07-31 17:00,2019-07-31 19:00,19.835,169.533
2019-07-31 18:00,2019-07-31 20:00,19.168,64.679
2019-07-31 19:00,2019-07-31 21:00,18.206,3.497
2019-07-31 20:00,2019-07-31 22:00,17.663,0
2019-07-31 21:00,2019-07-31 23:00,17.291,0
2019-07-31 22:00,2019-08-01 00:00,16.999,0
2019-07-31 23:00,2019-08-01 01:00,16.739,0
2019-08-01 00:00,2019-08-01 02:00,16.708,0
2019-08-01 01:00,2019-08-01 03:00,16.694,0
2019-08-01 02:00,2019-08-01 04:00,16.600,0
2019-08-01 03:00,2019-08-01 05:00,16.497,0
2019-08-01 04:00,2019-08-01 06:00,16.532,28.178
2019-08-01 05:00,2019-08-01 07:00,17.147,137.336
2019-08-01 06:00,2019-08-01 08:00,18.258,279.996
2019-08-01 07:00,2019-08-01 09:00,19.331,431.285
2019-08-01 08:00,2019-08-01 10:00,20.055,568.221
2019-08-01 09:00,2019-08-01 11:00,20.531,670.107
2019-08-01 10:00,2019-08-01 12:00,20.926,745.722
2019-08-01 11:00,2019-08-01 13:00,21.183,774.740
2019-08-01 12:00,2019-08-01 14:00,21.356,750.143
2019-08-01 13:00,2019-08-01 15:00,21.438,683.423
2019-08-01 14:00,2019-08-01 16:00,21.354,602.015
2019-08-01 15:00,2019-08-01 17:00,21.205,473.902
2019-08-01 16:00,2019-08-01 18:00,20.961,343.371
2019-08-01 17:00,2019-08-01 19:00,20.500,197.066
2019-08-01 18:00,2019-08-01 20:00,19.795,71.519
2019-08-01 19:00,2019-08-01 21:00,18.429,3.040
2019-08-01 20:00,2019-08-01 22:00,17.866,0
2019-08-01 21:00,2019-08-01 23:00,17.542,0
2019-08-01 22:00,2019-08-02 00:00,17.241,0
2019-08-01 23:00,2019-08-02 01:00,16.968,0
2019-08-02 00:00,2019-08-02 02:00,16.704,0
2019-08-02 01:00,2019-08-02 03:00,16.507,0
2019-08-02 02:00,2019-08-02 04:00,16.348,0
2019-08-02 03:00,2019-08-02 05:00,16.226,0
2019-08-02 04:00,2019-08-02 06:00,16.572,30.093
2019-08-02 05:00,2019-08-02 07:00,17.884,144.964
2019-08-02 06:00,2019-08-02 08:00,18.642,290.960
2019-08-02 07:00,2019-08-02 09:00,19.386,437.933
2019-08-02 08:00,2019-08-02 10:00,20.088,565.122
2019-08-02 09:00,2019-08-02 11:00,20.677,660.486
2019-08-02 10:00,2019-08-02 12:00,21.127,715.164
2019-08-02 11:00,2019-08-02 13:00,21.417,717.690
2019-08-02 12:00,2019-08-02 14:00,21.514,669.655
2019-08-02 13:00,2019-08-02 15:00,21.503,606.779
2019-08-02 14:00,2019-08-02 16:00,21.444,528.722
2019-08-02 15:00,2019-08-02 17:00,21.294,437.737
2019-08-02 16:00,2019-08-02 18:00,20.904,318.137
2019-08-02 17:00,2019-08-02 19:00,20.235,169.241
2019-08-02 18:00,2019-08-02 20:00,19.423,57.975
2019-08-02 19:00,2019-08-02 21:00,18.686,2.326
2019-08-02 20:00,2019-08-02 22:00,18.197,0
2019-08-02 21:00,2019-08-02 23:00,17.903,0
2019-08-02 22:00,2019-08-03 00:00,17.681,0
2019-08-02 23:00,2019-08-03 01:00,17.438,0
2019-08-03 00:00,2019-08-03 02:00,17.149,0
2019-08-03 01:00,2019-08-03 03:00,16.957,0
2019-08-03 02:00,2019-08-03 04:00,16.705,0
2019-08-03 03:00,2019-08-03 05:00,16.654,0
2019-08-03 04:00,2019-08-03 06:00,16.944,25.116
2019-08-03 05:00,2019-08-03 07:00,17.986,121.411
2019-08-03 06:00,2019-08-03 08:00,18.754,258.818
2019-08-03 07:00,2019-08-03 09:00,19.607,450.030
2019-08-03 08:00,2019-08-03 10:00,20.408,584.860
2019-08-03 09:00,2019-08-03 11:00,20.867,634.089
2019-08-03 10:00,2019-08-03 12:00,21.371,742.837
2019-08-03 11:00,2019-08-03 13:00,21.743,785.491
2019-08-03 12:00,2019-08-03 14:00,21.856,763.648
2019-08-03 13:00,2019-08-03 15:00,21.848,703.664
2019-08-03 14:00,2019-08-03 16:00,21.647,613.863
2019-08-03 15:00,2019-08-03 17:00,21.381,496.804
2019-08-03 16:00,2019-08-03 18:00,21.000,347.816
2019-08-03 17:00,2019-08-03 19:00,20.485,207.659
2019-08-03 18:00,2019-08-03 20:00,19.686,68.121
2019-08-03 19:00,2019-08-03 21:00,18.247,2.304
2019-08-03 20:00,2019-08-03 22:00,17.755,0
2019-08-03 21:00,2019-08-03 23:00,17.439,0
2019-08-03 22:00,2019-08-04 00:00,17.153,0
2019-08-03 23:00,2019-08-04 01:00,16.913,0
2019-08-04 00:00,2019-08-04 02:00,16.654,0
2019-08-04 01:00,2019-08-04 03:00,16.422,0
2019-08-04 02:00,2019-08-04 04:00,16.102,0
2019-08-04 03:00,2019-08-04 05:00,15.739,0
2019-08-04 04:00,2019-08-04 06:00,15.706,23.396
2019-08-04 05:00,2019-08-04 07:00,16.772,126.971
2019-08-04 06:00,2019-08-04 08:00,18.201,267.155
2019-08-04 07:00,2019-08-04 09:00,19.862,417.538
2019-08-04 08:00,2019-08-04 10:00,21.200,568.734
2019-08-04 09:00,2019-08-04 11:00,22.209,701.707
2019-08-04 10:00,2019-08-04 12:00,23.048,778.160
2019-08-04 11:00,2019-08-04 13:00,23.844,778.549
2019-08-04 12:00,2019-08-04 14:00,24.608,752.176
2019-08-04 13:00,2019-08-04 15:00,25.052,571.383
2019-08-04 14:00,2019-08-04 16:00,24.890,311.677
2019-08-04 15:00,2019-08-04 17:00,24.870,302.860
2019-08-04 16:00,2019-08-04 18:00,24.866,234.209
2019-08-04 17:00,2019-08-04 19:00,24.356,98.793
2019-08-04 18:00,2019-08-04 20:00,23.216,34.485
2019-08-04 19:00,2019-08-04 21:00,22.089,0.921
2019-08-04 20:00,2019-08-04 22:00,21.509,0
2019-08-04 21:00,2019-08-04 23:00,20.934,0
2019-08-04 22:00,2019-08-05 00:00,20.542,0
2019-08-04 23:00,2019-08-05 01:00,20.152,0
2019-08-05 00:00,2019-08-05 02:00,19.744,0
2019-08-05 01:00,2019-08-05 03:00,19.353,0
2019-08-05 02:00,2019-08-05 04:00,18.951,0
2019-08-05 03:00,2019-08-05 05:00,18.663,0
2019-08-05 04:00,2019-08-05 06:00,18.610,13.709
2019-08-05 05:00,2019-08-05 07:00,19.128,83.548
2019-08-05 06:00,2019-08-05 08:00,19.596,211.595
2019-08-05 07:00,2019-08-05 09:00,20.415,371.231
2019-08-05 08:00,2019-08-05 10:00,21.242,534.877
2019-08-05 09:00,2019-08-05 11:00,21.852,647.835
2019-08-05 10:00,2019-08-05 12:00,22.106,679.875
2019-08-05 11:00,2019-08-05 13:00,22.230,676.955
2019-08-05 12:00,2019-08-05 14:00,22.539,696.789
2019-08-05 13:00,2019-08-05 15:00,23.007,718.287
2019-08-05 14:00,2019-08-05 16:00,23.259,625.196
2019-08-05 15:00,2019-08-05 17:00,23.109,457.850
2019-08-05 16:00,2019-08-05 18:00,22.721,308.284
2019-08-05 17:00,2019-08-05 19:00,22.138,179.370
2019-08-05 18:00,2019-08-05 20:00,21.272,59.418
2019-08-05 19:00,2019-08-05 21:00,20.077,1.526
2019-08-05 20:00,2019-08-05 22:00,19.562,0
2019-08-05 21:00,2019-08-05 23:00,19.217,0
2019-08-05 22:00,2019-08-06 00:00,18.784,0
2019-08-05 23:00,2019-08-06 01:00,18.399,0
2019-08-06 00:00,2019-08-06 02:00,18.073,0
2019-08-06 01:00,2019-08-06 03:00,17.778,0
2019-08-06 02:00,2019-08-06 04:00,17.511,0
2019-08-06 03:00,2019-08-06 05:00,17.300,0
2019-08-06 04:00,2019-08-06 06:00,17.326,16.537
2019-08-06 05:00,2019-08-06 07:00,17.893,85.822
2019-08-06 06:00,2019-08-06 08:00,18.687,182.385
2019-08-06 07:00,2019-08-06 09:00,19.429,319.764
2019-08-06 08:00,2019-08-06 10:00,20.060,452.340
2019-08-06 09:00,2019-08-06 11:00,20.632,552.024
2019-08-06 10:00,2019-08-06 12:00,21.062,549.806
2019-08-06 11:00,2019-08-06 13:00,21.178,454.414
2019-08-06 12:00,2019-08-06 14:00,21.555,549.741
2019-08-06 13:00,2019-08-06 15:00,22.272,673.788
2019-08-06 14:00,2019-08-06 16:00,22.711,631.834
2019-08-06 15:00,2019-08-06 17:00,22.707,490.421
2019-08-06 16:00,2019-08-06 18:00,22.400,331.123
2019-08-06 17:00,2019-08-06 19:00,21.822,171.310
2019-08-06 18:00,2019-08-06 20:00,20.782,51.207
2019-08-06 19:00,2019-08-06 21:00,19.564,0.990
2019-08-06 20:00,2019-08-06 22:00,18.768,0
2019-08-06 21:00,2019-08-06 23:00,18.120,0
2019-08-06 22:00,2019-08-07 00:00,17.711,0
2019-08-06 23:00,2019-08-07 01:00,17.436,0
2019-08-07 00:00,2019-08-07 02:00,17.189,0
2019-08-07 01:00,2019-08-07 03:00,16.948,0
2019-08-07 02:00,2019-08-07 04:00,16.763,0
2019-08-07 03:00,2019-08-07 05:00,16.612,0
2019-08-07 04:00,2019-08-07 06:00,16.746,20.008
2019-08-07 05:00,2019-08-07 07:00,17.452,119.190
2019-08-07 06:00,2019-08-07 08:00,18.417,266.892
2019-08-07 07:00,2019-08-07 09:00,19.342,424.278
2019-08-07 08:00,2019-08-07 10:00,20.033,565.586
2019-08-07 09:00,2019-08-07 11:00,20.686,687.761
2019-08-07 10:00,2019-08-07 12:00,21.273,769.289
2019-08-07 11:00,2019-08-07 13:00,21.709,807.213
2019-08-07 12:00,2019-08-07 14:00,21.992,794.188
2019-08-07 13:00,2019-08-07 15:00,22.136,736.920
2019-08-07 14:00,2019-08-07 16:00,22.164,637.985
2019-08-07 15:00,2019-08-07 17:00,22.023,504.781
2019-08-07 16:00,2019-08-07 18:00,21.715,351.365
2019-08-07 17:00,2019-08-07 19:00,21.225,196.060
2019-08-07 18:00,2019-08-07 20:00,20.373,59.866
2019-08-07 19:00,2019-08-07 21:00,19.259,0.790
2019-08-07 20:00,2019-08-07 22:00,18.920,0
2019-08-07 21:00,2019-08-07 23:00,18.551,0
2019-08-07 22:00,2019-08-08 00:00,18.188,0
2019-08-07 23:00,2019-08-08 01:00,17.826,0
2019-08-08 00:00,2019-08-08 02:00,17.558,0
2019-08-08 01:00,2019-08-08 03:00,17.546,0
2019-08-08 02:00,2019-08-08 04:00,17.693,0
2019-08-08 03:00,2019-08-08 05:00,17.610,0
2019-08-08 04:00,2019-08-08 06:00,17.444,20.009
2019-08-08 05:00,2019-08-08 07:00,18.105,130.556
2019-08-08 06:00,2019-08-08 08:00,18.892,268.259
2019-08-08 07:00,2019-08-08 09:00,19.671,431.632
2019-08-08 08:00,2019-08-08 10:00,20.359,577.478
2019-08-08 09:00,2019-08-08 11:00,21.007,697.406
2019-08-08 10:00,2019-08-08 12:00,21.592,779.528
2019-08-08 11:00,2019-08-08 13:00,22.024,817.281
2019-08-08 12:00,2019-08-08 14:00,22.193,766.295
2019-08-08 13:00,2019-08-08 15:00,21.973,603.450
2019-08-08 14:00,2019-08-08 16:00,21.680,497.680
2019-08-08 15:00,2019-08-08 17:00,21.784,503.200
2019-08-08 16:00,2019-08-08 18:00,21.524,308.613
2019-08-08 17:00,2019-08-08 19:00,21.024,161.401
2019-08-08 18:00,2019-08-08 20:00,19.958,50.277
2019-08-08 19:00,2019-08-08 21:00,19.106,0.637
2019-08-08 20:00,2019-08-08 22:00,18.448,0
2019-08-08 21:00,2019-08-08 23:00,17.798,0
2019-08-08 22:00,2019-08-09 00:00,17.477,0
2019-08-08 23:00,2019-08-09 01:00,17.395,0
2019-08-09 00:00,2019-08-09 02:00,17.448,0
2019-08-09 01:00,2019-08-09 03:00,17.603,0
2019-08-09 02:00,2019-08-09 04:00,17.572,0
2019-08-09 03:00,2019-08-09 05:00,17.535,0
2019-08-09 04:00,2019-08-09 06:00,17.471,4.981
2019-08-09 05:00,2019-08-09 07:00,17.589,44.220
2019-08-09 06:00,2019-08-09 08:00,18.462,128.373
2019-08-09 07:00,2019-08-09 09:00,20.620,293.889
2019-08-09 08:00,2019-08-09 10:00,22.994,385.145
2019-08-09 09:00,2019-08-09 11:00,24.686,414.529
2019-08-09 10:00,2019-08-09 12:00,25.444,414.242
2019-08-09 11:00,2019-08-09 13:00,24.587,288.874
2019-08-09 12:00,2019-08-09 14:00,22.693,191.955
2019-08-09 13:00,2019-08-09 15:00,21.894,121.608
2019-08-09 14:00,2019-08-09 16:00,21.865,172.572
2019-08-09 15:00,2019-08-09 17:00,22.408,284.953
2019-08-09 16:00,2019-08-09 18:00,22.767,209.004
2019-08-09 17:00,2019-08-09 19:00,22.678,107.381
2019-08-09 18:00,2019-08-09 20:00,22.235,33.243
2019-08-09 19:00,2019-08-09 21:00,21.681,0.322
2019-08-09 20:00,2019-08-09 22:00,21.530,0
2019-08-09 21:00,2019-08-09 23:00,21.068,0
2019-08-09 22:00,2019-08-10 00:00,20.600,0
2019-08-09 23:00,2019-08-10 01:00,20.040,0
2019-08-10 00:00,2019-08-10 02:00,19.518,0
2019-08-10 01:00,2019-08-10 03:00,19.108,0
2019-08-10 02:00,2019-08-10 04:00,18.758,0
2019-08-10 03:00,2019-08-10 05:00,18.509,0
2019-08-10 04:00,2019-08-10 06:00,18.406,15.941
2019-08-10 05:00,2019-08-10 07:00,18.686,116.772
2019-08-10 06:00,2019-08-10 08:00,19.335,255.002
2019-08-10 07:00,2019-08-10 09:00,20.049,390.350
2019-08-10 08:00,2019-08-10 10:00,20.695,561.033
2019-08-10 09:00,2019-08-10 11:00,21.238,680.157
2019-08-10 10:00,2019-08-10 12:00,21.893,759.151
2019-08-10 11:00,2019-08-10 13:00,22.427,796.592
2019-08-10 12:00,2019-08-10 14:00,22.640,773.681
2019-08-10 13:00,2019-08-10 15:00,22.641,720.271
2019-08-10 14:00,2019-08-10 16:00,22.448,630.937
2019-08-10 15:00,2019-08-10 17:00,22.064,502.526
2019-08-10 16:00,2019-08-10 18:00,21.552,351.948
2019-08-10 17:00,2019-08-10 19:00,20.894,193.776
2019-08-10 18:00,2019-08-10 20:00,20.091,54.741
2019-08-10 19:00,2019-08-10 21:00,19.277,0.255
2019-08-10 20:00,2019-08-10 22:00,18.691,0
2019-08-10 21:00,2019-08-10 23:00,18.250,0
2019-08-10 22:00,2019-08-11 00:00,17.936,0
2019-08-10 23:00,2019-08-11 01:00,17.696,0
2019-08-11 00:00,2019-08-11 02:00,17.475,0
2019-08-11 01:00,2019-08-11 03:00,17.259,0
2019-08-11 02:00,2019-08-11 04:00,17.006,0
2019-08-11 03:00,2019-08-11 05:00,16.653,0
2019-08-11 04:00,2019-08-11 06:00,16.345,17.017
2019-08-11 05:00,2019-08-11 07:00,16.737,103.030
2019-08-11 06:00,2019-08-11 08:00,17.692,213.560
2019-08-11 07:00,2019-08-11 09:00,18.663,369.632
2019-08-11 08:00,2019-08-11 10:00,19.300,450.746
2019-08-11 09:00,2019-08-11 11:00,19.608,417.669
2019-08-11 10:00,2019-08-11 12:00,20.228,544.274
2019-08-11 11:00,2019-08-11 13:00,21.196,797.465
2019-08-11 12:00,2019-08-11 14:00,21.749,782.750
2019-08-11 13:00,2019-08-11 15:00,21.790,657.051
2019-08-11 14:00,2019-08-11 16:00,21.630,495.852
2019-08-11 15:00,2019-08-11 17:00,21.410,432.283
2019-08-11 16:00,2019-08-11 18:00,21.098,335.646
2019-08-11 17:00,2019-08-11 19:00,20.441,182.813
2019-08-11 18:00,2019-08-11 20:00,19.493,48.946
2019-08-11 19:00,2019-08-11 21:00,18.582,0.136
2019-08-11 20:00,2019-08-11 22:00,18.086,0
2019-08-11 21:00,2019-08-11 23:00,17.507,0
2019-08-11 22:00,2019-08-12 00:00,17.022,0
2019-08-11 23:00,2019-08-12 01:00,16.629,0
2019-08-12 00:00,2019-08-12 02:00,16.273,0
2019-08-12 01:00,2019-08-12 03:00,15.971,0
2019-08-12 02:00,2019-08-12 04:00,15.663,0
2019-08-12 03:00,2019-08-12 05:00,15.401,0
2019-08-12 04:00,2019-08-12 06:00,15.327,13.894
2019-08-12 05:00,2019-08-12 07:00,15.903,98.912
2019-08-12 06:00,2019-08-12 08:00,16.817,221.940
2019-08-12 07:00,2019-08-12 09:00,17.888,341.871
2019-08-12 08:00,2019-08-12 10:00,18.688,442.664
2019-08-12 09:00,2019-08-12 11:00,19.177,513.555
2019-08-12 10:00,2019-08-12 12:00,19.446,526.852
2019-08-12 11:00,2019-08-12 13:00,19.536,541.016
2019-08-12 12:00,2019-08-12 14:00,19.267,458.386
2019-08-12 13:00,2019-08-12 15:00,18.459,308.954
2019-08-12 14:00,2019-08-12 16:00,17.494,213.793
2019-08-12 15:00,2019-08-12 17:00,16.739,144.710
2019-08-12 16:00,2019-08-12 18:00,16.201,85.824
2019-08-12 17:00,2019-08-12 19:00,15.804,43.040
2019-08-12 18:00,2019-08-12 20:00,15.302,11.176
2019-08-12 19:00,2019-08-12 21:00,14.831,0.012
2019-08-12 20:00,2019-08-12 22:00,14.566,0
2019-08-12 21:00,2019-08-12 23:00,14.373,0
2019-08-12 22:00,2019-08-13 00:00,14.198,0
2019-08-12 23:00,2019-08-13 01:00,14.177,0
2019-08-13 00:00,2019-08-13 02:00,14.171,0
2019-08-13 01:00,2019-08-13 03:00,14.203,0
2019-08-13 02:00,2019-08-13 04:00,14.230,0
2019-08-13 03:00,2019-08-13 05:00,14.166,0
2019-08-13 04:00,2019-08-13 06:00,14.203,10.373
2019-08-13 05:00,2019-08-13 07:00,15.252,93.505
2019-08-13 06:00,2019-08-13 08:00,16.181,220.673
2019-08-13 07:00,2019-08-13 09:00,16.825,367.296
2019-08-13 08:00,2019-08-13 10:00,17.426,484.146
2019-08-13 09:00,2019-08-13 11:00,17.728,566.050
2019-08-13 10:00,2019-08-13 12:00,17.945,636.394
2019-08-13 11:00,2019-08-13 13:00,18.093,673.915
2019-08-13 12:00,2019-08-13 14:00,18.076,635.896
2019-08-13 13:00,2019-08-13 15:00,18.096,592.371
2019-08-13 14:00,2019-08-13 16:00,18.081,525.660
2019-08-13 15:00,2019-08-13 17:00,17.893,417.811
2019-08-13 16:00,2019-08-13 18:00,17.558,282.276
2019-08-13 17:00,2019-08-13 19:00,17.117,143.471
2019-08-13 18:00,2019-08-13 20:00,16.140,33.660
2019-08-13 19:00,2019-08-13 21:00,15.225,0.018
2019-08-13 20:00,2019-08-13 22:00,15.086,0
2019-08-13 21:00,2019-08-13 23:00,15.004,0
2019-08-13 22:00,2019-08-14 00:00,14.904,0
2019-08-13 23:00,2019-08-14 01:00,14.741,0
2019-08-14 00:00,2019-08-14 02:00,14.610,0
2019-08-14 01:00,2019-08-14 03:00,14.445,0
2019-08-14 02:00,2019-08-14 04:00,14.308,0
2019-08-14 03:00,2019-08-14 05:00,14.144,0
2019-08-14 04:00,2019-08-14 06:00,14.091,10.136
2019-08-14 05:00,2019-08-14 07:00,14.841,77.141
2019-08-14 06:00,2019-08-14 08:00,15.548,209.240
2019-08-14 07:00,2019-08-14 09:00,16.643,395.376
2019-08-14 08:00,2019-08-14 10:00,17.823,522.300
2019-08-14 09:00,2019-08-14 11:00,18.946,615.567
2019-08-14 10:00,2019-08-14 12:00,19.894,684.423
2019-08-14 11:00,2019-08-14 13:00,20.540,681.294
2019-08-14 12:00,2019-08-14 14:00,20.659,593.083
2019-08-14 13:00,2019-08-14 15:00,20.519,561.298
2019-08-14 14:00,2019-08-14 16:00,20.366,516.191
2019-08-14 15:00,2019-08-14 17:00,19.851,351.030
2019-08-14 16:00,2019-08-14 18:00,19.044,169.873
2019-08-14 17:00,2019-08-14 19:00,18.368,70.956
2019-08-14 18:00,2019-08-14 20:00,17.730,12.609
2019-08-14 19:00,2019-08-14 21:00,17.296,0.001
2019-08-14 20:00,2019-08-14 22:00,16.986,0
2019-08-14 21:00,2019-08-14 23:00,16.777,0
2019-08-14 22:00,2019-08-15 00:00,16.711,0
2019-08-14 23:00,2019-08-15 01:00,16.716,0
2019-08-15 00:00,2019-08-15 02:00,16.740,0
2019-08-15 01:00,2019-08-15 03:00,16.804,0
2019-08-15 02:00,2019-08-15 04:00,16.823,0
2019-08-15 03:00,2019-08-15 05:00,16.951,0
2019-08-15 04:00,2019-08-15 06:00,17.082,5.015
2019-08-15 05:00,2019-08-15 07:00,17.468,55.568
2019-08-15 06:00,2019-08-15 08:00,18.044,139.044
2019-08-15 07:00,2019-08-15 09:00,18.616,237.669
2019-08-15 08:00,2019-08-15 10:00,19.029,344.416
2019-08-15 09:00,2019-08-15 11:00,19.112,416.803
2019-08-15 10:00,2019-08-15 12:00,19.358,633.438
2019-08-15 11:00,2019-08-15 13:00,19.928,770.027
2019-08-15 12:00,2019-08-15 14:00,20.128,748.967
2019-08-15 13:00,2019-08-15 15:00,20.136,680.289
2019-08-15 14:00,2019-08-15 16:00,20.048,575.414
2019-08-15 15:00,2019-08-15 17:00,19.947,451.598
2019-08-15 16:00,2019-08-15 18:00,19.694,302.851
2019-08-15 17:00,2019-08-15 19:00,19.199,149.163
2019-08-15 18:00,2019-08-15 20:00,18.439,29.879
2019-08-15 19:00,2019-08-15 21:00,17.828,0
2019-08-15 20:00,2019-08-15 22:00,17.741,0
2019-08-15 21:00,2019-08-15 23:00,17.606,0
2019-08-15 22:00,2019-08-16 00:00,17.252,0
2019-08-15 23:00,2019-08-16 01:00,16.870,0
2019-08-16 00:00,2019-08-16 02:00,16.292,0
2019-08-16 01:00,2019-08-16 03:00,15.652,0
2019-08-16 02:00,2019-08-16 04:00,15.284,0
2019-08-16 03:00,2019-08-16 05:00,15.159,0
2019-08-16 04:00,2019-08-16 06:00,15.157,6.399
2019-08-16 05:00,2019-08-16 07:00,16.043,67.153
2019-08-16 06:00,2019-08-16 08:00,17.081,159.435
2019-08-16 07:00,2019-08-16 09:00,17.746,186.589
2019-08-16 08:00,2019-08-16 10:00,18.132,205.769
2019-08-16 09:00,2019-08-16 11:00,19.080,513.024
2019-08-16 10:00,2019-08-16 12:00,20.452,735.589
2019-08-16 11:00,2019-08-16 13:00,21.105,685.039
2019-08-16 12:00,2019-08-16 14:00,21.329,578.472
2019-08-16 13:00,2019-08-16 15:00,21.439,484.874
2019-08-16 14:00,2019-08-16 16:00,21.190,263.554
2019-08-16 15:00,2019-08-16 17:00,20.725,134.819
2019-08-16 16:00,2019-08-16 18:00,20.292,82.621
2019-08-16 17:00,2019-08-16 19:00,19.749,38.763
2019-08-16 18:00,2019-08-16 20:00,19.139,9.319
2019-08-16 19:00,2019-08-16 21:00,18.792,0
2019-08-16 20:00,2019-08-16 22:00,18.521,0
2019-08-16 21:00,2019-08-16 23:00,18.176,0
2019-08-16 22:00,2019-08-17 00:00,17.770,0
2019-08-16 23:00,2019-08-17 01:00,17.367,0
2019-08-17 00:00,2019-08-17 02:00,17.095,0
2019-08-17 01:00,2019-08-17 03:00,16.916,0
2019-08-17 02:00,2019-08-17 04:00,16.726,0
2019-08-17 03:00,2019-08-17 05:00,16.567,0
2019-08-17 04:00,2019-08-17 06:00,16.485,3.970
2019-08-17 05:00,2019-08-17 07:00,16.712,60.109
2019-08-17 06:00,2019-08-17 08:00,17.333,166.543
2019-08-17 07:00,2019-08-17 09:00,18.108,250.483
2019-08-17 08:00,2019-08-17 10:00,18.998,308.186
2019-08-17 09:00,2019-08-17 11:00,19.613,313.881
2019-08-17 10:00,2019-08-17 12:00,19.993,344.737
2019-08-17 11:00,2019-08-17 13:00,20.707,567.392
2019-08-17 12:00,2019-08-17 14:00,21.493,709.655
2019-08-17 13:00,2019-08-17 15:00,21.616,640.584
2019-08-17 14:00,2019-08-17 16:00,21.524,574.551
2019-08-17 15:00,2019-08-17 17:00,21.221,443.511
2019-08-17 16:00,2019-08-17 18:00,20.690,288.234
2019-08-17 17:00,2019-08-17 19:00,19.990,144.641
2019-08-17 18:00,2019-08-17 20:00,18.932,27.810
2019-08-17 19:00,2019-08-17 21:00,17.959,0
2019-08-17 20:00,2019-08-17 22:00,17.468,0
2019-08-17 21:00,2019-08-17 23:00,17.184,0
2019-08-17 22:00,2019-08-18 00:00,16.983,0
2019-08-17 23:00,2019-08-18 01:00,16.812,0
2019-08-18 00:00,2019-08-18 02:00,16.599,0
2019-08-18 01:00,2019-08-18 03:00,16.337,0
2019-08-18 02:00,2019-08-18 04:00,16.139,0
2019-08-18 03:00,2019-08-18 05:00,15.959,0
2019-08-18 04:00,2019-08-18 06:00,15.711,1.670
2019-08-18 05:00,2019-08-18 07:00,15.772,31.635
2019-08-18 06:00,2019-08-18 08:00,15.968,91.187
2019-08-18 07:00,2019-08-18 09:00,16.398,199.543
2019-08-18 08:00,2019-08-18 10:00,16.877,263.052
2019-08-18 09:00,2019-08-18 11:00,17.380,362.968
2019-08-18 10:00,2019-08-18 12:00,18.250,485.578
2019-08-18 11:00,2019-08-18 13:00,18.730,471.647
2019-08-18 12:00,2019-08-18 14:00,19.101,524.462
2019-08-18 13:00,2019-08-18 15:00,19.445,592.749
2019-08-18 14:00,2019-08-18 16:00,19.548,572.138
2019-08-18 15:00,2019-08-18 17:00,19.556,453.165
2019-08-18 16:00,2019-08-18 18:00,19.418,312.873
2019-08-18 17:00,2019-08-18 19:00,19.042,160.751
2019-08-18 18:00,2019-08-18 20:00,18.259,32.129
2019-08-18 19:00,2019-08-18 21:00,17.532,0
2019-08-18 20:00,2019-08-18 22:00,16.988,0
2019-08-18 21:00,2019-08-18 23:00,16.395,0
2019-08-18 22:00,2019-08-19 00:00,16.014,0
2019-08-18 23:00,2019-08-19 01:00,15.850,0
2019-08-19 00:00,2019-08-19 02:00,15.780,0
2019-08-19 01:00,2019-08-19 03:00,15.683,0
2019-08-19 02:00,2019-08-19 04:00,15.465,0
2019-08-19 03:00,2019-08-19 05:00,15.241,0
2019-08-19 04:00,2019-08-19 06:00,15.131,6.041
2019-08-19 05:00,2019-08-19 07:00,15.625,97.750
2019-08-19 06:00,2019-08-19 08:00,16.432,248.970
2019-08-19 07:00,2019-08-19 09:00,17.525,404.269
2019-08-19 08:00,2019-08-19 10:00,18.405,546.403
2019-08-19 09:00,2019-08-19 11:00,19.103,656.957
2019-08-19 10:00,2019-08-19 12:00,19.649,730.993
2019-08-19 11:00,2019-08-19 13:00,20.106,757.177
2019-08-19 12:00,2019-08-19 14:00,20.488,734.836
2019-08-19 13:00,2019-08-19 15:00,20.554,644.723
2019-08-19 14:00,2019-08-19 16:00,20.571,579.368
2019-08-19 15:00,2019-08-19 17:00,20.308,451.235
2019-08-19 16:00,2019-08-19 18:00,19.818,300.821
2019-08-19 17:00,2019-08-19 19:00,19.133,148.514
2019-08-19 18:00,2019-08-19 20:00,18.213,26.732
2019-08-19 19:00,2019-08-19 21:00,17.490,0
2019-08-19 20:00,2019-08-19 22:00,17.052,0
2019-08-19 21:00,2019-08-19 23:00,16.637,0
2019-08-19 22:00,2019-08-20 00:00,16.262,0
2019-08-19 23:00,2019-08-20 01:00,15.953,0
2019-08-20 00:00,2019-08-20 02:00,15.665,0
2019-08-20 01:00,2019-08-20 03:00,15.389,0
2019-08-20 02:00,2019-08-20 04:00,15.136,0
2019-08-20 03:00,2019-08-20 05:00,14.862,0
2019-08-20 04:00,2019-08-20 06:00,14.695,5.031
2019-08-20 05:00,2019-08-20 07:00,15.732,91.210
2019-08-20 06:00,2019-08-20 08:00,16.931,238.726
2019-08-20 07:00,2019-08-20 09:00,17.951,391.697
2019-08-20 08:00,2019-08-20 10:00,18.568,531.733
2019-08-20 09:00,2019-08-20 11:00,19.060,644.350
2019-08-20 10:00,2019-08-20 12:00,19.457,716.391
2019-08-20 11:00,2019-08-20 13:00,19.704,749.718
2019-08-20 12:00,2019-08-20 14:00,19.757,735.675
2019-08-20 13:00,2019-08-20 15:00,19.628,681.004
2019-08-20 14:00,2019-08-20 16:00,19.385,581.638
2019-08-20 15:00,2019-08-20 17:00,19.103,451.360
2019-08-20 16:00,2019-08-20 18:00,18.743,301.543
2019-08-20 17:00,2019-08-20 19:00,18.196,147.746
2019-08-20 18:00,2019-08-20 20:00,16.781,25.999
2019-08-20 19:00,2019-08-20 21:00,15.795,0
2019-08-20 20:00,2019-08-20 22:00,15.583,0
2019-08-20 21:00,2019-08-20 23:00,15.515,0
2019-08-20 22:00,2019-08-21 00:00,15.454,0
2019-08-20 23:00,2019-08-21 01:00,15.179,0
2019-08-21 00:00,2019-08-21 02:00,14.744,0
2019-08-21 01:00,2019-08-21 03:00,14.312,0
2019-08-21 02:00,2019-08-21 04:00,13.954,0
2019-08-21 03:00,2019-08-21 05:00,13.657,0
2019-08-21 04:00,2019-08-21 06:00,13.465,4.209
2019-08-21 05:00,2019-08-21 07:00,14.620,88.020
2019-08-21 06:00,2019-08-21 08:00,16.337,237.689
2019-08-21 07:00,2019-08-21 09:00,18.146,397.419
2019-08-21 08:00,2019-08-21 10:00,19.651,541.529
2019-08-21 09:00,2019-08-21 11:00,20.507,645.073
2019-08-21 10:00,2019-08-21 12:00,21.003,667.884
2019-08-21 11:00,2019-08-21 13:00,21.246,625.021
2019-08-21 12:00,2019-08-21 14:00,21.354,570.854
2019-08-21 13:00,2019-08-21 15:00,21.427,559.855
2019-08-21 14:00,2019-08-21 16:00,21.494,555.068
2019-08-21 15:00,2019-08-21 17:00,21.325,406.620
2019-08-21 16:00,2019-08-21 18:00,21.026,281.486
2019-08-21 17:00,2019-08-21 19:00,20.546,144.287
2019-08-21 18:00,2019-08-21 20:00,19.349,23.862
2019-08-21 19:00,2019-08-21 21:00,18.359,0
2019-08-21 20:00,2019-08-21 22:00,17.429,0
2019-08-21 21:00,2019-08-21 23:00,16.704,0
2019-08-21 22:00,2019-08-22 00:00,16.102,0
2019-08-21 23:00,2019-08-22 01:00,15.482,0
2019-08-22 00:00,2019-08-22 02:00,14.936,0
2019-08-22 01:00,2019-08-22 03:00,14.446,0
2019-08-22 02:00,2019-08-22 04:00,14.022,0
2019-08-22 03:00,2019-08-22 05:00,13.746,0
2019-08-22 04:00,2019-08-22 06:00,13.656,3.658
2019-08-22 05:00,2019-08-22 07:00,14.843,84.003
2019-08-22 06:00,2019-08-22 08:00,16.903,225.924
2019-08-22 07:00,2019-08-22 09:00,18.675,369.338
2019-08-22 08:00,2019-08-22 10:00,20.131,505.049
2019-08-22 09:00,2019-08-22 11:00,20.819,607.392
2019-08-22 10:00,2019-08-22 12:00,21.385,725.707
2019-08-22 11:00,2019-08-22 13:00,21.866,776.752
2019-08-22 12:00,2019-08-22 14:00,22.157,764.722
2019-08-22 13:00,2019-08-22 15:00,22.259,705.510
2019-08-22 14:00,2019-08-22 16:00,22.134,603.593
2019-08-22 15:00,2019-08-22 17:00,21.773,468.984
2019-08-22 16:00,2019-08-22 18:00,21.184,310.646
2019-08-22 17:00,2019-08-22 19:00,20.112,149.930
2019-08-22 18:00,2019-08-22 20:00,18.006,23.931
2019-08-22 19:00,2019-08-22 21:00,16.905,0
2019-08-22 20:00,2019-08-22 22:00,16.510,0
2019-08-22 21:00,2019-08-22 23:00,16.248,0
2019-08-22 22:00,2019-08-23 00:00,16.030,0
2019-08-22 23:00,2019-08-23 01:00,15.838,0
2019-08-23 00:00,2019-08-23 02:00,15.650,0
2019-08-23 01:00,2019-08-23 03:00,15.416,0
2019-08-23 02:00,2019-08-23 04:00,15.125,0
2019-08-23 03:00,2019-08-23 05:00,14.732,0
2019-08-23 04:00,2019-08-23 06:00,14.328,3.007
2019-08-23 05:00,2019-08-23 07:00,15.168,77.754
2019-08-23 06:00,2019-08-23 08:00,16.630,211.318
2019-08-23 07:00,2019-08-23 09:00,18.319,355.708
2019-08-23 08:00,2019-08-23 10:00,20.263,500.229
2019-08-23 09:00,2019-08-23 11:00,21.638,617.572
2019-08-23 10:00,2019-08-23 12:00,22.491,695.796
2019-08-23 11:00,2019-08-23 13:00,23.295,731.901
2019-08-23 12:00,2019-08-23 14:00,24.102,716.829
2019-08-23 13:00,2019-08-23 15:00,24.701,644.400
2019-08-23 14:00,2019-08-23 16:00,24.944,533.691
2019-08-23 15:00,2019-08-23 17:00,24.816,404.508
2019-08-23 16:00,2019-08-23 18:00,24.328,265.861
2019-08-23 17:00,2019-08-23 19:00,23.012,126.376
2019-08-23 18:00,2019-08-23 20:00,20.723,19.379
2019-08-23 19:00,2019-08-23 21:00,19.569,0
2019-08-23 20:00,2019-08-23 22:00,18.981,0
2019-08-23 21:00,2019-08-23 23:00,18.553,0
2019-08-23 22:00,2019-08-24 00:00,18.112,0
2019-08-23 23:00,2019-08-24 01:00,17.583,0
2019-08-24 00:00,2019-08-24 02:00,16.999,0
2019-08-24 01:00,2019-08-24 03:00,16.379,0
2019-08-24 02:00,2019-08-24 04:00,15.781,0
2019-08-24 03:00,2019-08-24 05:00,15.178,0
2019-08-24 04:00,2019-08-24 06:00,14.619,2.329
2019-08-24 05:00,2019-08-24 07:00,15.361,78.431
2019-08-24 06:00,2019-08-24 08:00,16.706,227.209
2019-08-24 07:00,2019-08-24 09:00,18.360,386.582
2019-08-24 08:00,2019-08-24 10:00,20.840,532.928
2019-08-24 09:00,2019-08-24 11:00,23.820,651.414
2019-08-24 10:00,2019-08-24 12:00,25.887,730.712
2019-08-24 11:00,2019-08-24 13:00,27.034,765.004
2019-08-24 12:00,2019-08-24 14:00,27.697,751.518
2019-08-24 13:00,2019-08-24 15:00,28.127,691.085
2019-08-24 14:00,2019-08-24 16:00,28.327,586.929
2019-08-24 15:00,2019-08-24 17:00,28.190,450.864
2019-08-24 16:00,2019-08-24 18:00,27.718,294.095
2019-08-24 17:00,2019-08-24 19:00,26.096,135.417
2019-08-24 18:00,2019-08-24 20:00,23.693,18.695
2019-08-24 19:00,2019-08-24 21:00,22.094,0
2019-08-24 20:00,2019-08-24 22:00,21.049,0
2019-08-24 21:00,2019-08-24 23:00,20.283,0
2019-08-24 22:00,2019-08-25 00:00,19.658,0
2019-08-24 23:00,2019-08-25 01:00,19.055,0
2019-08-25 00:00,2019-08-25 02:00,18.442,0
2019-08-25 01:00,2019-08-25 03:00,17.884,0
2019-08-25 02:00,2019-08-25 04:00,17.533,0
2019-08-25 03:00,2019-08-25 05:00,17.410,0
2019-08-25 04:00,2019-08-25 06:00,17.418,1.764
2019-08-25 05:00,2019-08-25 07:00,18.029,60.742
2019-08-25 06:00,2019-08-25 08:00,19.680,167.947
2019-08-25 07:00,2019-08-25 09:00,20.899,295.231
2019-08-25 08:00,2019-08-25 10:00,22.508,415.950
2019-08-25 09:00,2019-08-25 11:00,25.037,515.335
2019-08-25 10:00,2019-08-25 12:00,26.877,585.881
2019-08-25 11:00,2019-08-25 13:00,27.965,608.144
2019-08-25 12:00,2019-08-25 14:00,28.551,587.436
2019-08-25 13:00,2019-08-25 15:00,29.006,548.655
2019-08-25 14:00,2019-08-25 16:00,29.314,470.730
2019-08-25 15:00,2019-08-25 17:00,29.247,372.003
2019-08-25 16:00,2019-08-25 18:00,28.624,248.337
2019-08-25 17:00,2019-08-25 19:00,26.599,115.449
2019-08-25 18:00,2019-08-25 20:00,23.880,15.681
2019-08-25 19:00,2019-08-25 21:00,22.403,0
2019-08-25 20:00,2019-08-25 22:00,21.660,0
2019-08-25 21:00,2019-08-25 23:00,21.054,0
2019-08-25 22:00,2019-08-26 00:00,20.493,0
2019-08-25 23:00,2019-08-26 01:00,19.940,0
2019-08-26 00:00,2019-08-26 02:00,19.395,0
2019-08-26 01:00,2019-08-26 03:00,18.886,0
2019-08-26 02:00,2019-08-26 04:00,18.423,0
2019-08-26 03:00,2019-08-26 05:00,18.034,0
2019-08-26 04:00,2019-08-26 06:00,17.702,1.359
2019-08-26 05:00,2019-08-26 07:00,18.289,70.544
2019-08-26 06:00,2019-08-26 08:00,19.953,215.255
2019-08-26 07:00,2019-08-26 09:00,21.382,373.028
2019-08-26 08:00,2019-08-26 10:00,23.603,519.026
2019-08-26 09:00,2019-08-26 11:00,26.290,631.704
2019-08-26 10:00,2019-08-26 12:00,28.051,708.126
2019-08-26 11:00,2019-08-26 13:00,29.045,738.761
2019-08-26 12:00,2019-08-26 14:00,29.682,711.120
2019-08-26 13:00,2019-08-26 15:00,30.036,644.480
2019-08-26 14:00,2019-08-26 16:00,29.995,537.291
2019-08-26 15:00,2019-08-26 17:00,29.627,424.017
2019-08-26 16:00,2019-08-26 18:00,28.864,267.850
2019-08-26 17:00,2019-08-26 19:00,27.329,116.587
2019-08-26 18:00,2019-08-26 20:00,25.027,13.372
2019-08-26 19:00,2019-08-26 21:00,23.954,0
2019-08-26 20:00,2019-08-26 22:00,23.284,0
2019-08-26 21:00,2019-08-26 23:00,22.634,0
2019-08-26 22:00,2019-08-27 00:00,22.011,0
2019-08-26 23:00,2019-08-27 01:00,21.397,0
2019-08-27 00:00,2019-08-27 02:00,20.847,0
2019-08-27 01:00,2019-08-27 03:00,20.364,0
2019-08-27 02:00,2019-08-27 04:00,19.965,0
2019-08-27 03:00,2019-08-27 05:00,19.639,0
2019-08-27 04:00,2019-08-27 06:00,19.345,0.881
2019-08-27 05:00,2019-08-27 07:00,19.876,59.479
2019-08-27 06:00,2019-08-27 08:00,20.922,193.536
2019-08-27 07:00,2019-08-27 09:00,22.106,345.029
2019-08-27 08:00,2019-08-27 10:00,24.204,486.974
2019-08-27 09:00,2019-08-27 11:00,27.293,602.935
2019-08-27 10:00,2019-08-27 12:00,29.381,680.434
2019-08-27 11:00,2019-08-27 13:00,30.676,713.963
2019-08-27 12:00,2019-08-27 14:00,31.228,684.685
2019-08-27 13:00,2019-08-27 15:00,31.448,625.530
2019-08-27 14:00,2019-08-27 16:00,31.388,521.044
2019-08-27 15:00,2019-08-27 17:00,31.039,375.010
2019-08-27 16:00,2019-08-27 18:00,30.622,236.076
2019-08-27 17:00,2019-08-27 19:00,29.399,99.612
2019-08-27 18:00,2019-08-27 20:00,27.631,10.766
2019-08-27 19:00,2019-08-27 21:00,26.428,0
2019-08-27 20:00,2019-08-27 22:00,25.338,0
2019-08-27 21:00,2019-08-27 23:00,24.239,0
2019-08-27 22:00,2019-08-28 00:00,23.361,0
2019-08-27 23:00,2019-08-28 01:00,22.694,0
2019-08-28 00:00,2019-08-28 02:00,22.132,0
2019-08-28 01:00,2019-08-28 03:00,21.629,0
2019-08-28 02:00,2019-08-28 04:00,21.011,0
2019-08-28 03:00,2019-08-28 05:00,20.252,0
2019-08-28 04:00,2019-08-28 06:00,19.486,0.599
2019-08-28 05:00,2019-08-28 07:00,19.725,50.497
2019-08-28 06:00,2019-08-28 08:00,20.468,131.941
2019-08-28 07:00,2019-08-28 09:00,21.407,187.195
2019-08-28 08:00,2019-08-28 10:00,22.192,192.699
2019-08-28 09:00,2019-08-28 11:00,22.439,191.897
2019-08-28 10:00,2019-08-28 12:00,22.708,247.313
2019-08-28 11:00,2019-08-28 13:00,23.171,294.407
2019-08-28 12:00,2019-08-28 14:00,23.564,320.603
2019-08-28 13:00,2019-08-28 15:00,23.893,340.540
2019-08-28 14:00,2019-08-28 16:00,23.876,286.249
2019-08-28 15:00,2019-08-28 17:00,23.207,159.110
2019-08-28 16:00,2019-08-28 18:00,22.196,86.416
2019-08-28 17:00,2019-08-28 19:00,21.338,49.449
2019-08-28 18:00,2019-08-28 20:00,20.509,6.039
2019-08-28 19:00,2019-08-28 21:00,20.083,0
2019-08-28 20:00,2019-08-28 22:00,19.853,0
2019-08-28 21:00,2019-08-28 23:00,19.575,0
2019-08-28 22:00,2019-08-29 00:00,19.129,0
2019-08-28 23:00,2019-08-29 01:00,18.681,0
2019-08-29 00:00,2019-08-29 02:00,18.503,0
2019-08-29 01:00,2019-08-29 03:00,18.247,0
2019-08-29 02:00,2019-08-29 04:00,17.806,0
2019-08-29 03:00,2019-08-29 05:00,17.365,0
2019-08-29 04:00,2019-08-29 06:00,17.159,0.402
2019-08-29 05:00,2019-08-29 07:00,17.674,59.666
2019-08-29 06:00,2019-08-29 08:00,18.532,201.426
2019-08-29 07:00,2019-08-29 09:00,19.303,332.388
2019-08-29 08:00,2019-08-29 10:00,20.067,453.605
2019-08-29 09:00,2019-08-29 11:00,20.476,524.372
2019-08-29 10:00,2019-08-29 12:00,20.817,576.764
2019-08-29 11:00,2019-08-29 13:00,21.137,642.122
2019-08-29 12:00,2019-08-29 14:00,21.221,591.165
2019-08-29 13:00,2019-08-29 15:00,21.264,591.172
2019-08-29 14:00,2019-08-29 16:00,21.295,539.523
2019-08-29 15:00,2019-08-29 17:00,20.993,415.158
2019-08-29 16:00,2019-08-29 18:00,20.392,273.243
2019-08-29 17:00,2019-08-29 19:00,19.511,117.129
2019-08-29 18:00,2019-08-29 20:00,17.945,10.614
2019-08-29 19:00,2019-08-29 21:00,17.025,0
2019-08-29 20:00,2019-08-29 22:00,16.562,0
2019-08-29 21:00,2019-08-29 23:00,16.214,0
2019-08-29 22:00,2019-08-30 00:00,15.993,0
2019-08-29 23:00,2019-08-30 01:00,15.819,0
2019-08-30 00:00,2019-08-30 02:00,15.585,0
2019-08-30 01:00,2019-08-30 03:00,15.375,0
2019-08-30 02:00,2019-08-30 04:00,15.195,0
2019-08-30 03:00,2019-08-30 05:00,15.031,0
2019-08-30 04:00,2019-08-30 06:00,14.832,0.253
2019-08-30 05:00,2019-08-30 07:00,15.561,58.660
2019-08-30 06:00,2019-08-30 08:00,17.310,202.009
2019-08-30 07:00,2019-08-30 09:00,18.574,351.491
2019-08-30 08:00,2019-08-30 10:00,19.592,471.334
2019-08-30 09:00,2019-08-30 11:00,20.368,513.562
2019-08-30 10:00,2019-08-30 12:00,20.833,493.393
2019-08-30 11:00,2019-08-30 13:00,21.072,459.822
2019-08-30 12:00,2019-08-30 14:00,21.195,412.807
2019-08-30 13:00,2019-08-30 15:00,21.198,378.491
2019-08-30 14:00,2019-08-30 16:00,21.180,351.174
2019-08-30 15:00,2019-08-30 17:00,21.157,301.941
2019-08-30 16:00,2019-08-30 18:00,21.032,200.513
2019-08-30 17:00,2019-08-30 19:00,20.441,88.552
2019-08-30 18:00,2019-08-30 20:00,19.570,7.699
2019-08-30 19:00,2019-08-30 21:00,19.611,0
2019-08-30 20:00,2019-08-30 22:00,19.044,0
2019-08-30 21:00,2019-08-30 23:00,18.166,0
2019-08-30 22:00,2019-08-31 00:00,17.438,0
2019-08-30 23:00,2019-08-31 01:00,17.041,0
2019-08-31 00:00,2019-08-31 02:00,16.717,0
2019-08-31 01:00,2019-08-31 03:00,16.390,0
2019-08-31 02:00,2019-08-31 04:00,16.026,0
2019-08-31 03:00,2019-08-31 05:00,15.563,0
2019-08-31 04:00,2019-08-31 06:00,14.960,0.117
2019-08-31 05:00,2019-08-31 07:00,15.317,57.038
2019-08-31 06:00,2019-08-31 08:00,17.119,203.848
2019-08-31 07:00,2019-08-31 09:00,18.532,364.827
2019-08-31 08:00,2019-08-31 10:00,21.292,511.514
2019-08-31 09:00,2019-08-31 11:00,23.485,626.716
2019-08-31 10:00,2019-08-31 12:00,24.764,699.633
2019-08-31 11:00,2019-08-31 13:00,25.972,727.716
2019-08-31 12:00,2019-08-31 14:00,26.743,669.049
2019-08-31 13:00,2019-08-31 15:00,26.900,475.212
2019-08-31 14:00,2019-08-31 16:00,26.612,337.863
2019-08-31 15:00,2019-08-31 17:00,25.645,187.896
2019-08-31 16:00,2019-08-31 18:00,24.208,108.877
2019-08-31 17:00,2019-08-31 19:00,22.428,39.864
2019-08-31 18:00,2019-08-31 20:00,20.794,4.052
2019-08-31 19:00,2019-08-31 21:00,19.898,0
2019-08-31 20:00,2019-08-31 22:00,19.475,0
2019-08-31 21:00,2019-08-31 23:00,19.146,0
2019-08-31 22:00,2019-09-01 00:00,18.669,0
2019-08-31 23:00,2019-09-01 01:00,18.119,0
2019-09-01 00:00,2019-09-01 02:00,17.641,0
2019-09-01 01:00,2019-09-01 03:00,17.145,0
2019-09-01 02:00,2019-09-01 04:00,16.705,0
2019-09-01 03:00,2019-09-01 05:00,16.404,0
2019-09-01 04:00,2019-09-01 06:00,16.310,0.024
2019-09-01 05:00,2019-09-01 07:00,16.366,16.071
2019-09-01 06:00,2019-09-01 08:00,16.835,63.339
2019-09-01 07:00,2019-09-01 09:00,17.537,186.529
2019-09-01 08:00,2019-09-01 10:00,18.305,416.242
2019-09-01 09:00,2019-09-01 11:00,18.725,538.776
2019-09-01 10:00,2019-09-01 12:00,18.907,606.276
2019-09-01 11:00,2019-09-01 13:00,19.264,708.344
2019-09-01 12:00,2019-09-01 14:00,19.325,692.265
2019-09-01 13:00,2019-09-01 15:00,19.206,637.089
2019-09-01 14:00,2019-09-01 16:00,18.969,536.400
2019-09-01 15:00,2019-09-01 17:00,18.554,401.172
2019-09-01 16:00,2019-09-01 18:00,18.059,248.003
2019-09-01 17:00,2019-09-01 19:00,17.454,97.627
2019-09-01 18:00,2019-09-01 20:00,16.098,6.107
2019-09-01 19:00,2019-09-01 21:00,15.545,0
2019-09-01 20:00,2019-09-01 22:00,15.356,0
2019-09-01 21:00,2019-09-01 23:00,15.220,0
2019-09-01 22:00,2019-09-02 00:00,15.037,0
2019-09-01 23:00,2019-09-02 01:00,14.776,0
2019-09-02 00:00,2019-09-02 02:00,14.529,0
2019-09-02 01:00,2019-09-02 03:00,14.240,0
2019-09-02 02:00,2019-09-02 04:00,13.944,0
2019-09-02 03:00,2019-09-02 05:00,13.683,0
2019-09-02 04:00,2019-09-02 06:00,13.523,0.009
2019-09-02 05:00,2019-09-02 07:00,14.122,48.729
2019-09-02 06:00,2019-09-02 08:00,16.135,191.139
2019-09-02 07:00,2019-09-02 09:00,17.167,347.343
2019-09-02 08:00,2019-09-02 10:00,17.902,488.174
2019-09-02 09:00,2019-09-02 11:00,18.456,601.057
2019-09-02 10:00,2019-09-02 12:00,18.971,682.221
2019-09-02 11:00,2019-09-02 13:00,19.434,724.668
2019-09-02 12:00,2019-09-02 14:00,19.700,715.541
2019-09-02 13:00,2019-09-02 15:00,19.749,655.552
2019-09-02 14:00,2019-09-02 16:00,19.571,553.008
2019-09-02 15:00,2019-09-02 17:00,19.178,366.295
2019-09-02 16:00,2019-09-02 18:00,18.619,178.189
2019-09-02 17:00,2019-09-02 19:00,18.023,67.184
2019-09-02 18:00,2019-09-02 20:00,17.067,4.068
2019-09-02 19:00,2019-09-02 21:00,17.034,0
2019-09-02 20:00,2019-09-02 22:00,17.242,0
2019-09-02 21:00,2019-09-02 23:00,17.330,0
2019-09-02 22:00,2019-09-03 00:00,17.194,0
2019-09-02 23:00,2019-09-03 01:00,16.993,0
2019-09-03 00:00,2019-09-03 02:00,16.854,0
2019-09-03 01:00,2019-09-03 03:00,16.764,0
2019-09-03 02:00,2019-09-03 04:00,16.493,0
2019-09-03 03:00,2019-09-03 05:00,16.222,0
2019-09-03 04:00,2019-09-03 06:00,16.084,0.001
2019-09-03 05:00,2019-09-03 07:00,16.401,42.996
2019-09-03 06:00,2019-09-03 08:00,17.492,176.803
2019-09-03 07:00,2019-09-03 09:00,18.617,317.867
2019-09-03 08:00,2019-09-03 10:00,19.287,438.755
2019-09-03 09:00,2019-09-03 11:00,19.623,552.945
2019-09-03 10:00,2019-09-03 12:00,19.810,618.746
2019-09-03 11:00,2019-09-03 13:00,20.007,654.525
2019-09-03 12:00,2019-09-03 14:00,20.133,667.150
2019-09-03 13:00,2019-09-03 15:00,20.082,612.905
2019-09-03 14:00,2019-09-03 16:00,19.857,516.893
2019-09-03 15:00,2019-09-03 17:00,19.520,397.607
2019-09-03 16:00,2019-09-03 18:00,18.978,242.657
2019-09-03 17:00,2019-09-03 19:00,18.235,81.627
2019-09-03 18:00,2019-09-03 20:00,17.179,3.807
2019-09-03 19:00,2019-09-03 21:00,16.988,0
2019-09-03 20:00,2019-09-03 22:00,16.815,0
2019-09-03 21:00,2019-09-03 23:00,16.773,0
2019-09-03 22:00,2019-09-04 00:00,16.901,0
2019-09-03 23:00,2019-09-04 01:00,16.874,0
2019-09-04 00:00,2019-09-04 02:00,16.784,0
2019-09-04 01:00,2019-09-04 03:00,16.701,0
2019-09-04 02:00,2019-09-04 04:00,16.645,0
2019-09-04 03:00,2019-09-04 05:00,16.477,0
2019-09-04 04:00,2019-09-04 06:00,16.243,0
2019-09-04 05:00,2019-09-04 07:00,16.110,30.714
2019-09-04 06:00,2019-09-04 08:00,16.506,128.854
2019-09-04 07:00,2019-09-04 09:00,17.165,204.798
2019-09-04 08:00,2019-09-04 10:00,17.872,264.791
2019-09-04 09:00,2019-09-04 11:00,18.440,283.197
2019-09-04 10:00,2019-09-04 12:00,18.676,223.858
2019-09-04 11:00,2019-09-04 13:00,18.585,174.974
2019-09-04 12:00,2019-09-04 14:00,18.704,238.259
2019-09-04 13:00,2019-09-04 15:00,19.024,329.311
2019-09-04 14:00,2019-09-04 16:00,19.112,393.788
2019-09-04 15:00,2019-09-04 17:00,18.978,358.695
2019-09-04 16:00,2019-09-04 18:00,18.635,235.789
2019-09-04 17:00,2019-09-04 19:00,17.855,91.831
2019-09-04 18:00,2019-09-04 20:00,16.375,3.637
2019-09-04 19:00,2019-09-04 21:00,16.243,0
2019-09-04 20:00,2019-09-04 22:00,16.559,0
2019-09-04 21:00,2019-09-04 23:00,16.831,0
2019-09-04 22:00,2019-09-05 00:00,16.754,0
2019-09-04 23:00,2019-09-05 01:00,16.371,0
2019-09-05 00:00,2019-09-05 02:00,15.907,0
2019-09-05 01:00,2019-09-05 03:00,15.559,0
2019-09-05 02:00,2019-09-05 04:00,15.295,0
2019-09-05 03:00,2019-09-05 05:00,15.194,0
2019-09-05 04:00,2019-09-05 06:00,14.976,0
2019-09-05 05:00,2019-09-05 07:00,14.793,36.448
2019-09-05 06:00,2019-09-05 08:00,15.247,171.001
2019-09-05 07:00,2019-09-05 09:00,15.783,321.623
2019-09-05 08:00,2019-09-05 10:00,16.246,457.853
2019-09-05 09:00,2019-09-05 11:00,16.516,544.539
2019-09-05 10:00,2019-09-05 12:00,16.810,636.525
2019-09-05 11:00,2019-09-05 13:00,16.912,591.335
2019-09-05 12:00,2019-09-05 14:00,16.945,628.285
2019-09-05 13:00,2019-09-05 15:00,16.972,589.176
2019-09-05 14:00,2019-09-05 16:00,16.860,490.040
2019-09-05 15:00,2019-09-05 17:00,16.592,371.036
2019-09-05 16:00,2019-09-05 18:00,16.089,229.221
2019-09-05 17:00,2019-09-05 19:00,15.371,83.912
2019-09-05 18:00,2019-09-05 20:00,14.073,2.985
2019-09-05 19:00,2019-09-05 21:00,13.367,0
2019-09-05 20:00,2019-09-05 22:00,13.036,0
2019-09-05 21:00,2019-09-05 23:00,12.865,0
2019-09-05 22:00,2019-09-06 00:00,12.849,0
2019-09-05 23:00,2019-09-06 01:00,12.821,0
2019-09-06 00:00,2019-09-06 02:00,12.899,0
2019-09-06 01:00,2019-09-06 03:00,13.040,0
2019-09-06 02:00,2019-09-06 04:00,13.209,0
2019-09-06 03:00,2019-09-06 05:00,13.434,0
2019-09-06 04:00,2019-09-06 06:00,13.433,0
2019-09-06 05:00,2019-09-06 07:00,13.764,21.585
2019-09-06 06:00,2019-09-06 08:00,14.379,70.333
2019-09-06 07:00,2019-09-06 09:00,14.877,124.686
2019-09-06 08:00,2019-09-06 10:00,15.890,305.975
2019-09-06 09:00,2019-09-06 11:00,17.080,468.840
2019-09-06 10:00,2019-09-06 12:00,17.806,502.428
2019-09-06 11:00,2019-09-06 13:00,18.146,466.535
2019-09-06 12:00,2019-09-06 14:00,18.338,405.384
2019-09-06 13:00,2019-09-06 15:00,18.231,352.232
2019-09-06 14:00,2019-09-06 16:00,17.420,275.467
2019-09-06 15:00,2019-09-06 17:00,16.232,118.992
2019-09-06 16:00,2019-09-06 18:00,15.775,43.130
2019-09-06 17:00,2019-09-06 19:00,15.809,14.713
2019-09-06 18:00,2019-09-06 20:00,15.833,0.482
2019-09-06 19:00,2019-09-06 21:00,15.908,0
2019-09-06 20:00,2019-09-06 22:00,15.851,0
2019-09-06 21:00,2019-09-06 23:00,15.582,0
2019-09-06 22:00,2019-09-07 00:00,15.097,0
2019-09-06 23:00,2019-09-07 01:00,14.629,0
2019-09-07 00:00,2019-09-07 02:00,14.178,0
2019-09-07 01:00,2019-09-07 03:00,13.751,0
2019-09-07 02:00,2019-09-07 04:00,13.416,0
2019-09-07 03:00,2019-09-07 05:00,13.218,0
2019-09-07 04:00,2019-09-07 06:00,13.126,0
2019-09-07 05:00,2019-09-07 07:00,13.434,30.614
2019-09-07 06:00,2019-09-07 08:00,15.183,155.063
2019-09-07 07:00,2019-09-07 09:00,15.869,290.062
2019-09-07 08:00,2019-09-07 10:00,16.250,391.770
2019-09-07 09:00,2019-09-07 11:00,16.628,453.737
2019-09-07 10:00,2019-09-07 12:00,16.901,480.957
2019-09-07 11:00,2019-09-07 13:00,17.035,457.492
2019-09-07 12:00,2019-09-07 14:00,17.088,439.570
2019-09-07 13:00,2019-09-07 15:00,17.055,405.248
2019-09-07 14:00,2019-09-07 16:00,16.892,364.603
2019-09-07 15:00,2019-09-07 17:00,16.562,280.502
2019-09-07 16:00,2019-09-07 18:00,16.066,170.117
2019-09-07 17:00,2019-09-07 19:00,15.450,57.835
2019-09-07 18:00,2019-09-07 20:00,14.751,1.285
2019-09-07 19:00,2019-09-07 21:00,14.489,0
2019-09-07 20:00,2019-09-07 22:00,14.332,0
2019-09-07 21:00,2019-09-07 23:00,14.154,0
2019-09-07 22:00,2019-09-08 00:00,13.946,0
2019-09-07 23:00,2019-09-08 01:00,13.750,0
2019-09-08 00:00,2019-09-08 02:00,13.383,0
2019-09-08 01:00,2019-09-08 03:00,13.066,0
2019-09-08 02:00,2019-09-08 04:00,12.794,0
2019-09-08 03:00,2019-09-08 05:00,12.515,0
2019-09-08 04:00,2019-09-08 06:00,12.430,0
2019-09-08 05:00,2019-09-08 07:00,12.728,24.868
2019-09-08 06:00,2019-09-08 08:00,14.208,135.495
2019-09-08 07:00,2019-09-08 09:00,15.105,255.149
2019-09-08 08:00,2019-09-08 10:00,15.941,377.216
2019-09-08 09:00,2019-09-08 11:00,16.548,462.519
2019-09-08 10:00,2019-09-08 12:00,17.020,540.965
2019-09-08 11:00,2019-09-08 13:00,17.370,576.002
2019-09-08 12:00,2019-09-08 14:00,17.425,519.737
2019-09-08 13:00,2019-09-08 15:00,17.388,468.423
2019-09-08 14:00,2019-09-08 16:00,17.303,417.179
2019-09-08 15:00,2019-09-08 17:00,17.017,313.990
2019-09-08 16:00,2019-09-08 18:00,16.544,183.470
2019-09-08 17:00,2019-09-08 19:00,15.760,58.822
2019-09-08 18:00,2019-09-08 20:00,14.512,1.015
2019-09-08 19:00,2019-09-08 21:00,14.068,0
2019-09-08 20:00,2019-09-08 22:00,13.804,0
2019-09-08 21:00,2019-09-08 23:00,13.636,0
2019-09-08 22:00,2019-09-09 00:00,13.573,0
2019-09-08 23:00,2019-09-09 01:00,13.412,0
2019-09-09 00:00,2019-09-09 02:00,13.052,0
2019-09-09 01:00,2019-09-09 03:00,12.565,0
2019-09-09 02:00,2019-09-09 04:00,12.118,0
2019-09-09 03:00,2019-09-09 05:00,11.839,0
2019-09-09 04:00,2019-09-09 06:00,11.648,0
2019-09-09 05:00,2019-09-09 07:00,11.831,25.683
2019-09-09 06:00,2019-09-09 08:00,13.715,152.469
2019-09-09 07:00,2019-09-09 09:00,15.062,300.389
2019-09-09 08:00,2019-09-09 10:00,16.026,438.109
2019-09-09 09:00,2019-09-09 11:00,16.744,516.917
2019-09-09 10:00,2019-09-09 12:00,17.296,572.996
2019-09-09 11:00,2019-09-09 13:00,17.688,576.541
2019-09-09 12:00,2019-09-09 14:00,17.848,541.958
2019-09-09 13:00,2019-09-09 15:00,17.971,541.765
2019-09-09 14:00,2019-09-09 16:00,17.823,426.682
2019-09-09 15:00,2019-09-09 17:00,17.507,320.438
2019-09-09 16:00,2019-09-09 18:00,16.960,167.651
2019-09-09 17:00,2019-09-09 19:00,15.849,47.096
2019-09-09 18:00,2019-09-09 20:00,15.059,0.605
2019-09-09 19:00,2019-09-09 21:00,14.947,0
2019-09-09 20:00,2019-09-09 22:00,14.874,0
2019-09-09 21:00,2019-09-09 23:00,14.720,0
2019-09-09 22:00,2019-09-10 00:00,14.449,0
2019-09-09 23:00,2019-09-10 01:00,14.191,0
2019-09-10 00:00,2019-09-10 02:00,13.900,0
2019-09-10 01:00,2019-09-10 03:00,13.620,0
2019-09-10 02:00,2019-09-10 04:00,13.542,0
2019-09-10 03:00,2019-09-10 05:00,13.364,0
2019-09-10 04:00,2019-09-10 06:00,13.150,0
2019-09-10 05:00,2019-09-10 07:00,13.055,23.064
2019-09-10 06:00,2019-09-10 08:00,13.836,145.674
2019-09-10 07:00,2019-09-10 09:00,15.331,287.130
2019-09-10 08:00,2019-09-10 10:00,17.153,424.052
2019-09-10 09:00,2019-09-10 11:00,18.126,542.458
2019-09-10 10:00,2019-09-10 12:00,18.852,632.625
2019-09-10 11:00,2019-09-10 13:00,19.345,661.287
2019-09-10 12:00,2019-09-10 14:00,19.575,639.206
2019-09-10 13:00,2019-09-10 15:00,19.480,555.000
2019-09-10 14:00,2019-09-10 16:00,19.159,454.820
2019-09-10 15:00,2019-09-10 17:00,18.718,337.858
2019-09-10 16:00,2019-09-10 18:00,18.126,201.507
2019-09-10 17:00,2019-09-10 19:00,16.858,61.538
2019-09-10 18:00,2019-09-10 20:00,15.219,0.495
2019-09-10 19:00,2019-09-10 21:00,14.761,0
2019-09-10 20:00,2019-09-10 22:00,14.563,0
2019-09-10 21:00,2019-09-10 23:00,14.389,0
2019-09-10 22:00,2019-09-11 00:00,14.060,0
2019-09-10 23:00,2019-09-11 01:00,13.900,0
2019-09-11 00:00,2019-09-11 02:00,13.855,0
2019-09-11 01:00,2019-09-11 03:00,13.928,0
2019-09-11 02:00,2019-09-11 04:00,14.015,0
2019-09-11 03:00,2019-09-11 05:00,14.048,0
2019-09-11 04:00,2019-09-11 06:00,14.204,0
2019-09-11 05:00,2019-09-11 07:00,14.679,10.201
2019-09-11 06:00,2019-09-11 08:00,15.030,29.118
2019-09-11 07:00,2019-09-11 09:00,15.186,54.837
2019-09-11 08:00,2019-09-11 10:00,15.564,130.903
2019-09-11 09:00,2019-09-11 11:00,16.106,172.769
2019-09-11 10:00,2019-09-11 12:00,16.478,163.084
2019-09-11 11:00,2019-09-11 13:00,16.772,167.169
2019-09-11 12:00,2019-09-11 14:00,17.169,203.620
2019-09-11 13:00,2019-09-11 15:00,17.699,239.023
2019-09-11 14:00,2019-09-11 16:00,18.302,233.650
2019-09-11 15:00,2019-09-11 17:00,18.623,179.404
2019-09-11 16:00,2019-09-11 18:00,18.541,102.121
2019-09-11 17:00,2019-09-11 19:00,18.141,32.349
2019-09-11 18:00,2019-09-11 20:00,17.730,0.167
2019-09-11 19:00,2019-09-11 21:00,17.603,0
2019-09-11 20:00,2019-09-11 22:00,17.533,0
2019-09-11 21:00,2019-09-11 23:00,17.451,0
2019-09-11 22:00,2019-09-12 00:00,17.296,0
2019-09-11 23:00,2019-09-12 01:00,16.871,0
2019-09-12 00:00,2019-09-12 02:00,16.519,0
2019-09-12 01:00,2019-09-12 03:00,16.405,0
2019-09-12 02:00,2019-09-12 04:00,16.250,0
2019-09-12 03:00,2019-09-12 05:00,16.115,0
2019-09-12 04:00,2019-09-12 06:00,15.952,0
2019-09-12 05:00,2019-09-12 07:00,16.033,17.420
2019-09-12 06:00,2019-09-12 08:00,17.181,122.740
2019-09-12 07:00,2019-09-12 09:00,18.159,274.725
2019-09-12 08:00,2019-09-12 10:00,19.057,436.180
2019-09-12 09:00,2019-09-12 11:00,20.085,558.050
2019-09-12 10:00,2019-09-12 12:00,20.671,633.942
2019-09-12 11:00,2019-09-12 13:00,20.859,669.187
2019-09-12 12:00,2019-09-12 14:00,20.861,658.602
2019-09-12 13:00,2019-09-12 15:00,20.728,598.083
2019-09-12 14:00,2019-09-12 16:00,20.544,496.000
2019-09-12 15:00,2019-09-12 17:00,20.281,358.768
2019-09-12 16:00,2019-09-12 18:00,19.961,204.925
2019-09-12 17:00,2019-09-12 19:00,19.331,56.977
2019-09-12 18:00,2019-09-12 20:00,18.453,0.140
2019-09-12 19:00,2019-09-12 21:00,18.165,0
2019-09-12 20:00,2019-09-12 22:00,17.630,0
2019-09-12 21:00,2019-09-12 23:00,17.161,0
2019-09-12 22:00,2019-09-13 00:00,16.922,0
2019-09-12 23:00,2019-09-13 01:00,16.858,0
2019-09-13 00:00,2019-09-13 02:00,16.868,0
2019-09-13 01:00,2019-09-13 03:00,17.052,0
2019-09-13 02:00,2019-09-13 04:00,17.257,0
2019-09-13 03:00,2019-09-13 05:00,17.286,0
2019-09-13 04:00,2019-09-13 06:00,17.266,0
2019-09-13 05:00,2019-09-13 07:00,17.114,8.498
2019-09-13 06:00,2019-09-13 08:00,17.473,93.271
2019-09-13 07:00,2019-09-13 09:00,17.844,250.677
2019-09-13 08:00,2019-09-13 10:00,18.415,397.870
2019-09-13 09:00,2019-09-13 11:00,18.998,449.216
2019-09-13 10:00,2019-09-13 12:00,19.558,579.136
2019-09-13 11:00,2019-09-13 13:00,20.016,653.888
2019-09-13 12:00,2019-09-13 14:00,20.265,657.125
2019-09-13 13:00,2019-09-13 15:00,20.123,530.419
2019-09-13 14:00,2019-09-13 16:00,19.560,339.287
2019-09-13 15:00,2019-09-13 17:00,19.184,337.610
2019-09-13 16:00,2019-09-13 18:00,18.584,200.598
2019-09-13 17:00,2019-09-13 19:00,17.401,57.401
2019-09-13 18:00,2019-09-13 20:00,15.864,0.062
2019-09-13 19:00,2019-09-13 21:00,15.400,0
2019-09-13 20:00,2019-09-13 22:00,14.930,0
2019-09-13 21:00,2019-09-13 23:00,14.511,0
2019-09-13 22:00,2019-09-14 00:00,14.145,0
2019-09-13 23:00,2019-09-14 01:00,13.688,0
2019-09-14 00:00,2019-09-14 02:00,13.220,0
2019-09-14 01:00,2019-09-14 03:00,12.788,0
2019-09-14 02:00,2019-09-14 04:00,12.414,0
2019-09-14 03:00,2019-09-14 05:00,12.060,0
2019-09-14 04:00,2019-09-14 06:00,11.707,0
2019-09-14 05:00,2019-09-14 07:00,11.571,16.124
2019-09-14 06:00,2019-09-14 08:00,12.980,136.565
2019-09-14 07:00,2019-09-14 09:00,14.352,286.806
2019-09-14 08:00,2019-09-14 10:00,16.510,404.905
2019-09-14 09:00,2019-09-14 11:00,18.013,540.752
2019-09-14 10:00,2019-09-14 12:00,18.945,642.645
2019-09-14 11:00,2019-09-14 13:00,19.678,674.266
2019-09-14 12:00,2019-09-14 14:00,20.186,655.950
2019-09-14 13:00,2019-09-14 15:00,20.500,599.120
2019-09-14 14:00,2019-09-14 16:00,20.621,493.803
2019-09-14 15:00,2019-09-14 17:00,20.470,356.105
2019-09-14 16:00,2019-09-14 18:00,20.004,199.760
2019-09-14 17:00,2019-09-14 19:00,18.697,51.644
2019-09-14 18:00,2019-09-14 20:00,17.460,0.016
2019-09-14 19:00,2019-09-14 21:00,16.750,0
2019-09-14 20:00,2019-09-14 22:00,16.026,0
2019-09-14 21:00,2019-09-14 23:00,15.240,0
2019-09-14 22:00,2019-09-15 00:00,14.503,0
2019-09-14 23:00,2019-09-15 01:00,13.880,0
2019-09-15 00:00,2019-09-15 02:00,13.480,0
2019-09-15 01:00,2019-09-15 03:00,13.289,0
2019-09-15 02:00,2019-09-15 04:00,13.237,0
2019-09-15 03:00,2019-09-15 05:00,13.230,0
2019-09-15 04:00,2019-09-15 06:00,13.239,0
2019-09-15 05:00,2019-09-15 07:00,13.493,14.040
2019-09-15 06:00,2019-09-15 08:00,15.534,119.441
2019-09-15 07:00,2019-09-15 09:00,17.289,262.058
2019-09-15 08:00,2019-09-15 10:00,18.992,433.268
2019-09-15 09:00,2019-09-15 11:00,20.172,553.773
2019-09-15 10:00,2019-09-15 12:00,20.861,627.495
2019-09-15 11:00,2019-09-15 13:00,21.280,655.060
2019-09-15 12:00,2019-09-15 14:00,21.346,596.804
2019-09-15 13:00,2019-09-15 15:00,21.034,494.391
2019-09-15 14:00,2019-09-15 16:00,20.518,391.167
2019-09-15 15:00,2019-09-15 17:00,19.909,273.897
2019-09-15 16:00,2019-09-15 18:00,19.175,128.250
2019-09-15 17:00,2019-09-15 19:00,18.323,20.016
2019-09-15 18:00,2019-09-15 20:00,17.546,0
2019-09-15 19:00,2019-09-15 21:00,16.973,0
2019-09-15 20:00,2019-09-15 22:00,16.469,0
2019-09-15 21:00,2019-09-15 23:00,16.113,0
2019-09-15 22:00,2019-09-16 00:00,16.110,0
2019-09-15 23:00,2019-09-16 01:00,16.031,0
2019-09-16 00:00,2019-09-16 02:00,15.892,0
2019-09-16 01:00,2019-09-16 03:00,15.753,0
2019-09-16 02:00,2019-09-16 04:00,15.564,0
2019-09-16 03:00,2019-09-16 05:00,15.187,0
2019-09-16 04:00,2019-09-16 06:00,14.737,0
2019-09-16 05:00,2019-09-16 07:00,14.415,4.204
2019-09-16 06:00,2019-09-16 08:00,14.523,38.976
2019-09-16 07:00,2019-09-16 09:00,14.682,93.721
2019-09-16 08:00,2019-09-16 10:00,14.994,143.143
2019-09-16 09:00,2019-09-16 11:00,15.416,186.160
2019-09-16 10:00,2019-09-16 12:00,15.903,251.154
2019-09-16 11:00,2019-09-16 13:00,16.315,275.783
2019-09-16 12:00,2019-09-16 14:00,16.570,281.629
2019-09-16 13:00,2019-09-16 15:00,16.556,251.335
2019-09-16 14:00,2019-09-16 16:00,16.541,243.355
2019-09-16 15:00,2019-09-16 17:00,16.533,205.081
2019-09-16 16:00,2019-09-16 18:00,16.323,136.328
2019-09-16 17:00,2019-09-16 19:00,15.398,35.287
2019-09-16 18:00,2019-09-16 20:00,14.227,0
2019-09-16 19:00,2019-09-16 21:00,13.748,0
2019-09-16 20:00,2019-09-16 22:00,13.378,0
2019-09-16 21:00,2019-09-16 23:00,13.152,0
2019-09-16 22:00,2019-09-17 00:00,12.971,0
2019-09-16 23:00,2019-09-17 01:00,12.733,0
2019-09-17 00:00,2019-09-17 02:00,12.457,0
2019-09-17 01:00,2019-09-17 03:00,12.208,0
2019-09-17 02:00,2019-09-17 04:00,12.021,0
2019-09-17 03:00,2019-09-17 05:00,11.910,0
2019-09-17 04:00,2019-09-17 06:00,11.890,0
2019-09-17 05:00,2019-09-17 07:00,12.067,10.069
2019-09-17 06:00,2019-09-17 08:00,14.026,116.181
2019-09-17 07:00,2019-09-17 09:00,15.891,258.803
2019-09-17 08:00,2019-09-17 10:00,16.584,350.719
2019-09-17 09:00,2019-09-17 11:00,16.986,460.868
2019-09-17 10:00,2019-09-17 12:00,17.207,559.191
2019-09-17 11:00,2019-09-17 13:00,17.268,616.694
2019-09-17 12:00,2019-09-17 14:00,17.240,616.338
2019-09-17 13:00,2019-09-17 15:00,17.030,554.833
2019-09-17 14:00,2019-09-17 16:00,16.557,426.832
2019-09-17 15:00,2019-09-17 17:00,15.916,289.213
2019-09-17 16:00,2019-09-17 18:00,15.247,154.308
2019-09-17 17:00,2019-09-17 19:00,14.419,36.858
2019-09-17 18:00,2019-09-17 20:00,13.430,0
2019-09-17 19:00,2019-09-17 21:00,12.966,0
2019-09-17 20:00,2019-09-17 22:00,12.623,0
2019-09-17 21:00,2019-09-17 23:00,12.357,0
2019-09-17 22:00,2019-09-18 00:00,12.136,0
2019-09-17 23:00,2019-09-18 01:00,11.933,0
2019-09-18 00:00,2019-09-18 02:00,11.741,0
2019-09-18 01:00,2019-09-18 03:00,11.710,0
2019-09-18 02:00,2019-09-18 04:00,11.709,0
2019-09-18 03:00,2019-09-18 05:00,11.684,0
2019-09-18 04:00,2019-09-18 06:00,11.586,0
2019-09-18 05:00,2019-09-18 07:00,11.725,6.716
2019-09-18 06:00,2019-09-18 08:00,13.035,79.413
2019-09-18 07:00,2019-09-18 09:00,14.753,221.273
2019-09-18 08:00,2019-09-18 10:00,15.649,376.149
2019-09-18 09:00,2019-09-18 11:00,16.264,502.004
2019-09-18 10:00,2019-09-18 12:00,16.704,596.667
2019-09-18 11:00,2019-09-18 13:00,16.987,636.103
2019-09-18 12:00,2019-09-18 14:00,17.091,617.503
2019-09-18 13:00,2019-09-18 15:00,17.013,560.057
2019-09-18 14:00,2019-09-18 16:00,16.720,457.490
2019-09-18 15:00,2019-09-18 17:00,16.230,324.385
2019-09-18 16:00,2019-09-18 18:00,15.556,171.535
2019-09-18 17:00,2019-09-18 19:00,14.497,35.804
2019-09-18 18:00,2019-09-18 20:00,13.350,0
2019-09-18 19:00,2019-09-18 21:00,13.027,0
2019-09-18 20:00,2019-09-18 22:00,12.666,0
2019-09-18 21:00,2019-09-18 23:00,12.391,0
2019-09-18 22:00,2019-09-19 00:00,12.238,0
2019-09-18 23:00,2019-09-19 01:00,11.901,0
2019-09-19 00:00,2019-09-19 02:00,11.675,0
2019-09-19 01:00,2019-09-19 03:00,11.627,0
2019-09-19 02:00,2019-09-19 04:00,11.696,0
2019-09-19 03:00,2019-09-19 05:00,11.860,0
2019-09-19 04:00,2019-09-19 06:00,11.897,0
2019-09-19 05:00,2019-09-19 07:00,11.974,5.301
2019-09-19 06:00,2019-09-19 08:00,12.848,77.701
2019-09-19 07:00,2019-09-19 09:00,14.150,181.830
2019-09-19 08:00,2019-09-19 10:00,14.936,288.105
2019-09-19 09:00,2019-09-19 11:00,15.616,414.497
2019-09-19 10:00,2019-09-19 12:00,16.319,539.343
2019-09-19 11:00,2019-09-19 13:00,16.911,585.402
2019-09-19 12:00,2019-09-19 14:00,17.334,600.879
2019-09-19 13:00,2019-09-19 15:00,17.499,550.196
2019-09-19 14:00,2019-09-19 16:00,17.447,447.277
2019-09-19 15:00,2019-09-19 17:00,17.195,313.985
2019-09-19 16:00,2019-09-19 18:00,16.638,161.227
2019-09-19 17:00,2019-09-19 19:00,15.149,30.994
2019-09-19 18:00,2019-09-19 20:00,13.911,0
2019-09-19 19:00,2019-09-19 21:00,13.495,0
2019-09-19 20:00,2019-09-19 22:00,13.100,0
2019-09-19 21:00,2019-09-19 23:00,12.699,0
2019-09-19 22:00,2019-09-20 00:00,12.275,0
2019-09-19 23:00,2019-09-20 01:00,11.848,0
2019-09-20 00:00,2019-09-20 02:00,11.442,0
2019-09-20 01:00,2019-09-20 03:00,11.089,0
2019-09-20 02:00,2019-09-20 04:00,10.802,0
2019-09-20 03:00,2019-09-20 05:00,10.535,0
2019-09-20 04:00,2019-09-20 06:00,10.268,0
2019-09-20 05:00,2019-09-20 07:00,10.088,6.202
2019-09-20 06:00,2019-09-20 08:00,11.226,103.000
2019-09-20 07:00,2019-09-20 09:00,12.661,250.265
2019-09-20 08:00,2019-09-20 10:00,14.490,384.488
2019-09-20 09:00,2019-09-20 11:00,16.120,487.507
2019-09-20 10:00,2019-09-20 12:00,17.103,558.724
2019-09-20 11:00,2019-09-20 13:00,18.008,605.971
2019-09-20 12:00,2019-09-20 14:00,18.786,614.542
2019-09-20 13:00,2019-09-20 15:00,19.324,558.286
2019-09-20 14:00,2019-09-20 16:00,19.546,455.869
2019-09-20 15:00,2019-09-20 17:00,19.364,319.618
2019-09-20 16:00,2019-09-20 18:00,18.641,166.021
2019-09-20 17:00,2019-09-20 19:00,16.592,31.524
2019-09-20 18:00,2019-09-20 20:00,15.096,0
2019-09-20 19:00,2019-09-20 21:00,14.320,0
2019-09-20 20:00,2019-09-20 22:00,13.532,0
2019-09-20 21:00,2019-09-20 23:00,12.912,0
2019-09-20 22:00,2019-09-21 00:00,12.364,0
2019-09-20 23:00,2019-09-21 01:00,11.793,0
2019-09-21 00:00,2019-09-21 02:00,11.247,0
2019-09-21 01:00,2019-09-21 03:00,10.854,0
2019-09-21 02:00,2019-09-21 04:00,10.593,0
2019-09-21 03:00,2019-09-21 05:00,10.395,0
2019-09-21 04:00,2019-09-21 06:00,10.202,0
2019-09-21 05:00,2019-09-21 07:00,10.036,5.364
2019-09-21 06:00,2019-09-21 08:00,10.988,103.574
2019-09-21 07:00,2019-09-21 09:00,12.457,258.853
2019-09-21 08:00,2019-09-21 10:00,14.930,407.708
2019-09-21 09:00,2019-09-21 11:00,17.407,529.210
2019-09-21 10:00,2019-09-21 12:00,19.299,610.978
2019-09-21 11:00,2019-09-21 13:00,20.821,645.535
2019-09-21 12:00,2019-09-21 14:00,21.972,629.616
2019-09-21 13:00,2019-09-21 15:00,22.769,565.185
2019-09-21 14:00,2019-09-21 16:00,23.173,458.381
2019-09-21 15:00,2019-09-21 17:00,22.999,319.319
2019-09-21 16:00,2019-09-21 18:00,21.872,163.552
2019-09-21 17:00,2019-09-21 19:00,19.735,29.077
2019-09-21 18:00,2019-09-21 20:00,18.572,0
2019-09-21 19:00,2019-09-21 21:00,17.841,0
2019-09-21 20:00,2019-09-21 22:00,17.367,0
2019-09-21 21:00,2019-09-21 23:00,17.434,0
2019-09-21 22:00,2019-09-22 00:00,17.097,0
2019-09-21 23:00,2019-09-22 01:00,16.643,0
2019-09-22 00:00,2019-09-22 02:00,16.141,0
2019-09-22 01:00,2019-09-22 03:00,15.725,0
2019-09-22 02:00,2019-09-22 04:00,15.491,0
2019-09-22 03:00,2019-09-22 05:00,15.195,0
2019-09-22 04:00,2019-09-22 06:00,14.741,0
2019-09-22 05:00,2019-09-22 07:00,14.303,3.796
2019-09-22 06:00,2019-09-22 08:00,14.679,78.583
2019-09-22 07:00,2019-09-22 09:00,15.913,194.601
2019-09-22 08:00,2019-09-22 10:00,18.033,313.653
2019-09-22 09:00,2019-09-22 11:00,20.538,429.536
2019-09-22 10:00,2019-09-22 12:00,22.395,517.210
2019-09-22 11:00,2019-09-22 13:00,23.473,540.726
2019-09-22 12:00,2019-09-22 14:00,23.738,466.381
2019-09-22 13:00,2019-09-22 15:00,23.555,362.904
2019-09-22 14:00,2019-09-22 16:00,23.442,285.572
2019-09-22 15:00,2019-09-22 17:00,23.133,210.316
2019-09-22 16:00,2019-09-22 18:00,22.056,89.963
2019-09-22 17:00,2019-09-22 19:00,20.193,11.461
2019-09-22 18:00,2019-09-22 20:00,18.895,0
2019-09-22 19:00,2019-09-22 21:00,18.009,0
2019-09-22 20:00,2019-09-22 22:00,17.195,0
2019-09-22 21:00,2019-09-22 23:00,16.663,0
2019-09-22 22:00,2019-09-23 00:00,16.387,0
2019-09-22 23:00,2019-09-23 01:00,16.210,0
2019-09-23 00:00,2019-09-23 02:00,16.067,0
2019-09-23 01:00,2019-09-23 03:00,15.946,0
2019-09-23 02:00,2019-09-23 04:00,15.593,0
2019-09-23 03:00,2019-09-23 05:00,15.374,0
2019-09-23 04:00,2019-09-23 06:00,15.268,0
2019-09-23 05:00,2019-09-23 07:00,15.115,0.852
2019-09-23 06:00,2019-09-23 08:00,15.286,29.509
2019-09-23 07:00,2019-09-23 09:00,15.635,88.454
2019-09-23 08:00,2019-09-23 10:00,15.973,132.606
2019-09-23 09:00,2019-09-23 11:00,16.541,209.586
2019-09-23 10:00,2019-09-23 12:00,17.590,391.175
2019-09-23 11:00,2019-09-23 13:00,18.706,560.890
2019-09-23 12:00,2019-09-23 14:00,19.274,565.341
2019-09-23 13:00,2019-09-23 15:00,19.444,519.976
2019-09-23 14:00,2019-09-23 16:00,19.399,428.326
2019-09-23 15:00,2019-09-23 17:00,19.162,299.550
2019-09-23 16:00,2019-09-23 18:00,18.588,146.162
2019-09-23 17:00,2019-09-23 19:00,16.805,21.564
2019-09-23 18:00,2019-09-23 20:00,16.075,0
2019-09-23 19:00,2019-09-23 21:00,15.902,0
2019-09-23 20:00,2019-09-23 22:00,15.643,0
2019-09-23 21:00,2019-09-23 23:00,15.676,0
2019-09-23 22:00,2019-09-24 00:00,15.814,0
2019-09-23 23:00,2019-09-24 01:00,15.963,0
2019-09-24 00:00,2019-09-24 02:00,15.657,0
2019-09-24 01:00,2019-09-24 03:00,15.137,0
2019-09-24 02:00,2019-09-24 04:00,14.652,0
2019-09-24 03:00,2019-09-24 05:00,14.185,0
2019-09-24 04:00,2019-09-24 06:00,13.860,0
2019-09-24 05:00,2019-09-24 07:00,13.640,1.692
2019-09-24 06:00,2019-09-24 08:00,13.850,45.867
2019-09-24 07:00,2019-09-24 09:00,14.416,95.625
2019-09-24 08:00,2019-09-24 10:00,15.573,121.175
2019-09-24 09:00,2019-09-24 11:00,16.521,149.884
2019-09-24 10:00,2019-09-24 12:00,16.977,162.063
2019-09-24 11:00,2019-09-24 13:00,16.936,134.413
2019-09-24 12:00,2019-09-24 14:00,16.512,98.263
2019-09-24 13:00,2019-09-24 15:00,15.843,73.527
2019-09-24 14:00,2019-09-24 16:00,15.422,72.640
2019-09-24 15:00,2019-09-24 17:00,15.370,84.180
2019-09-24 16:00,2019-09-24 18:00,15.449,70.692
2019-09-24 17:00,2019-09-24 19:00,15.249,10.793
2019-09-24 18:00,2019-09-24 20:00,15.035,0
2019-09-24 19:00,2019-09-24 21:00,14.864,0
2019-09-24 20:00,2019-09-24 22:00,14.907,0
2019-09-24 21:00,2019-09-24 23:00,15.126,0
2019-09-24 22:00,2019-09-25 00:00,15.272,0
2019-09-24 23:00,2019-09-25 01:00,15.253,0
2019-09-25 00:00,2019-09-25 02:00,15.149,0
2019-09-25 01:00,2019-09-25 03:00,15.005,0
2019-09-25 02:00,2019-09-25 04:00,14.844,0
2019-09-25 03:00,2019-09-25 05:00,14.690,0
2019-09-25 04:00,2019-09-25 06:00,14.483,0
2019-09-25 05:00,2019-09-25 07:00,14.268,1.332
2019-09-25 06:00,2019-09-25 08:00,14.241,45.844
2019-09-25 07:00,2019-09-25 09:00,14.492,149.857
2019-09-25 08:00,2019-09-25 10:00,15.245,310.722
2019-09-25 09:00,2019-09-25 11:00,16.485,449.812
2019-09-25 10:00,2019-09-25 12:00,17.739,535.624
2019-09-25 11:00,2019-09-25 13:00,18.287,492.856
2019-09-25 12:00,2019-09-25 14:00,18.249,376.391
2019-09-25 13:00,2019-09-25 15:00,17.989,271.577
2019-09-25 14:00,2019-09-25 16:00,17.886,203.174
2019-09-25 15:00,2019-09-25 17:00,17.940,150.636
2019-09-25 16:00,2019-09-25 18:00,17.720,79.063
2019-09-25 17:00,2019-09-25 19:00,17.101,9.350
2019-09-25 18:00,2019-09-25 20:00,16.660,0
2019-09-25 19:00,2019-09-25 21:00,16.346,0
2019-09-25 20:00,2019-09-25 22:00,16.068,0
2019-09-25 21:00,2019-09-25 23:00,15.958,0
2019-09-25 22:00,2019-09-26 00:00,15.898,0
2019-09-25 23:00,2019-09-26 01:00,15.783,0
2019-09-26 00:00,2019-09-26 02:00,15.709,0
2019-09-26 01:00,2019-09-26 03:00,15.620,0
2019-09-26 02:00,2019-09-26 04:00,15.524,0
2019-09-26 03:00,2019-09-26 05:00,15.301,0
2019-09-26 04:00,2019-09-26 06:00,15.046,0
2019-09-26 05:00,2019-09-26 07:00,14.892,0.775
2019-09-26 06:00,2019-09-26 08:00,15.022,29.575
2019-09-26 07:00,2019-09-26 09:00,15.380,79.820
2019-09-26 08:00,2019-09-26 10:00,15.831,124.558
2019-09-26 09:00,2019-09-26 11:00,16.255,100.597
2019-09-26 10:00,2019-09-26 12:00,16.575,107.898
2019-09-26 11:00,2019-09-26 13:00,17.119,152.703
2019-09-26 12:00,2019-09-26 14:00,17.902,205.278
2019-09-26 13:00,2019-09-26 15:00,18.959,330.646
2019-09-26 14:00,2019-09-26 16:00,19.655,274.174
2019-09-26 15:00,2019-09-26 17:00,19.346,113.494
2019-09-26 16:00,2019-09-26 18:00,18.591,70.793
2019-09-26 17:00,2019-09-26 19:00,17.690,11.076
2019-09-26 18:00,2019-09-26 20:00,17.047,0
2019-09-26 19:00,2019-09-26 21:00,16.667,0
2019-09-26 20:00,2019-09-26 22:00,16.190,0
2019-09-26 21:00,2019-09-26 23:00,15.784,0
2019-09-26 22:00,2019-09-27 00:00,15.414,0
2019-09-26 23:00,2019-09-27 01:00,15.074,0
2019-09-27 00:00,2019-09-27 02:00,14.790,0
2019-09-27 01:00,2019-09-27 03:00,14.690,0
2019-09-27 02:00,2019-09-27 04:00,14.454,0
2019-09-27 03:00,2019-09-27 05:00,14.198,0
2019-09-27 04:00,2019-09-27 06:00,13.911,0
2019-09-27 05:00,2019-09-27 07:00,13.631,0.830
2019-09-27 06:00,2019-09-27 08:00,13.723,65.319
2019-09-27 07:00,2019-09-27 09:00,14.287,195.547
2019-09-27 08:00,2019-09-27 10:00,15.175,325.323
2019-09-27 09:00,2019-09-27 11:00,16.227,428.790
2019-09-27 10:00,2019-09-27 12:00,17.233,499.753
2019-09-27 11:00,2019-09-27 13:00,17.885,529.949
2019-09-27 12:00,2019-09-27 14:00,18.384,491.993
2019-09-27 13:00,2019-09-27 15:00,18.716,452.644
2019-09-27 14:00,2019-09-27 16:00,18.689,351.137
2019-09-27 15:00,2019-09-27 17:00,18.030,200.446
2019-09-27 16:00,2019-09-27 18:00,17.102,73.022
2019-09-27 17:00,2019-09-27 19:00,16.369,6.637
2019-09-27 18:00,2019-09-27 20:00,16.086,0
2019-09-27 19:00,2019-09-27 21:00,15.953,0
2019-09-27 20:00,2019-09-27 22:00,15.730,0
2019-09-27 21:00,2019-09-27 23:00,15.560,0
2019-09-27 22:00,2019-09-28 00:00,15.428,0
2019-09-27 23:00,2019-09-28 01:00,15.258,0
2019-09-28 00:00,2019-09-28 02:00,15.033,0
2019-09-28 01:00,2019-09-28 03:00,14.739,0
2019-09-28 02:00,2019-09-28 04:00,14.577,0
2019-09-28 03:00,2019-09-28 05:00,14.397,0
2019-09-28 04:00,2019-09-28 06:00,14.109,0
2019-09-28 05:00,2019-09-28 07:00,13.862,0.536
2019-09-28 06:00,2019-09-28 08:00,13.967,65.574
2019-09-28 07:00,2019-09-28 09:00,14.653,204.082
2019-09-28 08:00,2019-09-28 10:00,15.650,347.430
2019-09-28 09:00,2019-09-28 11:00,16.720,457.902
2019-09-28 10:00,2019-09-28 12:00,17.512,492.346
2019-09-28 11:00,2019-09-28 13:00,17.968,495.477
2019-09-28 12:00,2019-09-28 14:00,18.294,494.171
2019-09-28 13:00,2019-09-28 15:00,18.470,453.769
2019-09-28 14:00,2019-09-28 16:00,18.358,335.282
2019-09-28 15:00,2019-09-28 17:00,18.023,226.282
2019-09-28 16:00,2019-09-28 18:00,17.398,105.199
2019-09-28 17:00,2019-09-28 19:00,16.580,9.885
2019-09-28 18:00,2019-09-28 20:00,16.005,0
2019-09-28 19:00,2019-09-28 21:00,15.592,0
2019-09-28 20:00,2019-09-28 22:00,15.240,0
2019-09-28 21:00,2019-09-28 23:00,15.162,0
2019-09-28 22:00,2019-09-29 00:00,15.057,0
2019-09-28 23:00,2019-09-29 01:00,14.734,0
2019-09-29 00:00,2019-09-29 02:00,14.494,0
2019-09-29 01:00,2019-09-29 03:00,14.343,0
2019-09-29 02:00,2019-09-29 04:00,14.098,0
2019-09-29 03:00,2019-09-29 05:00,13.822,0
2019-09-29 04:00,2019-09-29 06:00,13.668,0
2019-09-29 05:00,2019-09-29 07:00,13.660,0.062
2019-09-29 06:00,2019-09-29 08:00,13.712,16.723
2019-09-29 07:00,2019-09-29 09:00,13.982,58.260
2019-09-29 08:00,2019-09-29 10:00,14.365,129.127
2019-09-29 09:00,2019-09-29 11:00,14.919,212.982
2019-09-29 10:00,2019-09-29 12:00,15.688,227.518
2019-09-29 11:00,2019-09-29 13:00,16.848,284.597
2019-09-29 12:00,2019-09-29 14:00,18.064,314.295
2019-09-29 13:00,2019-09-29 15:00,18.468,218.417
2019-09-29 14:00,2019-09-29 16:00,18.565,233.156
2019-09-29 15:00,2019-09-29 17:00,18.424,172.410
2019-09-29 16:00,2019-09-29 18:00,17.867,73.682
2019-09-29 17:00,2019-09-29 19:00,17.106,5.604
2019-09-29 18:00,2019-09-29 20:00,16.607,0
2019-09-29 19:00,2019-09-29 21:00,16.534,0
2019-09-29 20:00,2019-09-29 22:00,16.579,0
2019-09-29 21:00,2019-09-29 23:00,16.122,0
2019-09-29 22:00,2019-09-30 00:00,15.268,0
2019-09-29 23:00,2019-09-30 01:00,14.909,0
2019-09-30 00:00,2019-09-30 02:00,14.715,0
2019-09-30 01:00,2019-09-30 03:00,14.496,0
2019-09-30 02:00,2019-09-30 04:00,14.429,0
2019-09-30 03:00,2019-09-30 05:00,14.405,0
2019-09-30 04:00,2019-09-30 06:00,14.390,0
2019-09-30 05:00,2019-09-30 07:00,14.309,0.127
2019-09-30 06:00,2019-09-30 08:00,14.391,40.692
2019-09-30 07:00,2019-09-30 09:00,14.864,162.021
2019-09-30 08:00,2019-09-30 10:00,15.509,317.311
2019-09-30 09:00,2019-09-30 11:00,16.100,447.551
2019-09-30 10:00,2019-09-30 12:00,16.513,535.184
2019-09-30 11:00,2019-09-30 13:00,16.736,575.555
2019-09-30 12:00,2019-09-30 14:00,16.913,561.299
2019-09-30 13:00,2019-09-30 15:00,17.022,502.276
2019-09-30 14:00,2019-09-30 16:00,17.008,394.908
2019-09-30 15:00,2019-09-30 17:00,16.701,173.692
2019-09-30 16:00,2019-09-30 18:00,16.153,51.484
2019-09-30 17:00,2019-09-30 19:00,15.179,4.340
2019-09-30 18:00,2019-09-30 20:00,14.823,0
2019-09-30 19:00,2019-09-30 21:00,14.618,0
2019-09-30 20:00,2019-09-30 22:00,14.661,0
2019-09-30 21:00,2019-09-30 23:00,14.643,0
2019-09-30 22:00,2019-10-01 00:00,14.491,0
2019-09-30 23:00,2019-10-01 01:00,14.231,0
2019-10-01 00:00,2019-10-01 02:00,14.056,0
2019-10-01 01:00,2019-10-01 03:00,14.198,0
2019-10-01 02:00,2019-10-01 04:00,14.748,0
2019-10-01 03:00,2019-10-01 05:00,15.389,0
2019-10-01 04:00,2019-10-01 06:00,15.888,0
2019-10-01 05:00,2019-10-01 07:00,16.018,0.023
2019-10-01 06:00,2019-10-01 08:00,16.054,15.117
2019-10-01 07:00,2019-10-01 09:00,16.145,52.466
2019-10-01 08:00,2019-10-01 10:00,16.542,197.980
2019-10-01 09:00,2019-10-01 11:00,17.301,395.093
2019-10-01 10:00,2019-10-01 12:00,17.833,386.069
2019-10-01 11:00,2019-10-01 13:00,18.115,372.898
2019-10-01 12:00,2019-10-01 14:00,18.259,343.048
2019-10-01 13:00,2019-10-01 15:00,18.194,298.707
2019-10-01 14:00,2019-10-01 16:00,17.974,247.171
2019-10-01 15:00,2019-10-01 17:00,17.563,166.740
2019-10-01 16:00,2019-10-01 18:00,16.851,71.803
2019-10-01 17:00,2019-10-01 19:00,15.614,4.239
2019-10-01 18:00,2019-10-01 20:00,15.109,0
2019-10-01 19:00,2019-10-01 21:00,14.742,0
2019-10-01 20:00,2019-10-01 22:00,14.289,0
2019-10-01 21:00,2019-10-01 23:00,13.387,0
2019-10-01 22:00,2019-10-02 00:00,12.247,0
2019-10-01 23:00,2019-10-02 01:00,11.280,0
2019-10-02 00:00,2019-10-02 02:00,11.054,0
2019-10-02 01:00,2019-10-02 03:00,11.275,0
2019-10-02 02:00,2019-10-02 04:00,11.195,0
2019-10-02 03:00,2019-10-02 05:00,11.243,0
2019-10-02 04:00,2019-10-02 06:00,10.881,0
2019-10-02 05:00,2019-10-02 07:00,10.521,0.015
2019-10-02 06:00,2019-10-02 08:00,10.909,48.315
2019-10-02 07:00,2019-10-02 09:00,12.088,172.957
2019-10-02 08:00,2019-10-02 10:00,12.883,302.688
2019-10-02 09:00,2019-10-02 11:00,13.397,387.426
2019-10-02 10:00,2019-10-02 12:00,13.660,468.008
2019-10-02 11:00,2019-10-02 13:00,13.707,506.575
2019-10-02 12:00,2019-10-02 14:00,13.503,464.651
2019-10-02 13:00,2019-10-02 15:00,13.197,389.953
2019-10-02 14:00,2019-10-02 16:00,12.935,292.659
2019-10-02 15:00,2019-10-02 17:00,12.702,172.418
2019-10-02 16:00,2019-10-02 18:00,12.464,60.905
2019-10-02 17:00,2019-10-02 19:00,12.286,3.669
2019-10-02 18:00,2019-10-02 20:00,12.421,0
2019-10-02 19:00,2019-10-02 21:00,12.555,0
2019-10-02 20:00,2019-10-02 22:00,12.600,0
2019-10-02 21:00,2019-10-02 23:00,12.594,0
2019-10-02 22:00,2019-10-03 00:00,12.531,0
2019-10-02 23:00,2019-10-03 01:00,12.463,0
2019-10-03 00:00,2019-10-03 02:00,12.442,0
2019-10-03 01:00,2019-10-03 03:00,12.471,0
2019-10-03 02:00,2019-10-03 04:00,12.639,0
2019-10-03 03:00,2019-10-03 05:00,12.528,0
2019-10-03 04:00,2019-10-03 06:00,12.364,0
2019-10-03 05:00,2019-10-03 07:00,12.229,0.001
2019-10-03 06:00,2019-10-03 08:00,12.495,30.961
2019-10-03 07:00,2019-10-03 09:00,13.233,120.737
2019-10-03 08:00,2019-10-03 10:00,13.846,267.105
2019-10-03 09:00,2019-10-03 11:00,14.358,351.374
2019-10-03 10:00,2019-10-03 12:00,14.830,447.701
2019-10-03 11:00,2019-10-03 13:00,15.108,469.215
2019-10-03 12:00,2019-10-03 14:00,15.183,438.702
2019-10-03 13:00,2019-10-03 15:00,14.997,318.854
2019-10-03 14:00,2019-10-03 16:00,14.533,179.623
2019-10-03 15:00,2019-10-03 17:00,14.064,96.786
2019-10-03 16:00,2019-10-03 18:00,13.371,35.432
2019-10-03 17:00,2019-10-03 19:00,12.436,1.832
2019-10-03 18:00,2019-10-03 20:00,12.172,0
2019-10-03 19:00,2019-10-03 21:00,12.012,0
2019-10-03 20:00,2019-10-03 22:00,11.545,0
2019-10-03 21:00,2019-10-03 23:00,10.954,0
2019-10-03 22:00,2019-10-04 00:00,10.540,0
2019-10-03 23:00,2019-10-04 01:00,10.178,0
2019-10-04 00:00,2019-10-04 02:00,10.040,0
2019-10-04 01:00,2019-10-04 03:00,9.818,0
2019-10-04 02:00,2019-10-04 04:00,9.459,0
2019-10-04 03:00,2019-10-04 05:00,9.066,0
2019-10-04 04:00,2019-10-04 06:00,8.910,0
2019-10-04 05:00,2019-10-04 07:00,9.030,0
2019-10-04 06:00,2019-10-04 08:00,9.570,7.132
2019-10-04 07:00,2019-10-04 09:00,10.925,34.472
2019-10-04 08:00,2019-10-04 10:00,12.706,81.378
2019-10-04 09:00,2019-10-04 11:00,14.023,174.345
2019-10-04 10:00,2019-10-04 12:00,15.176,335.878
2019-10-04 11:00,2019-10-04 13:00,15.770,431.187
2019-10-04 12:00,2019-10-04 14:00,15.918,461.712
2019-10-04 13:00,2019-10-04 15:00,15.775,404.592
2019-10-04 14:00,2019-10-04 16:00,15.539,316.925
2019-10-04 15:00,2019-10-04 17:00,15.077,189.795
2019-10-04 16:00,2019-10-04 18:00,14.302,58.149
2019-10-04 17:00,2019-10-04 19:00,13.200,2.702
2019-10-04 18:00,2019-10-04 20:00,12.456,0
2019-10-04 19:00,2019-10-04 21:00,11.817,0
2019-10-04 20:00,2019-10-04 22:00,11.271,0
2019-10-04 21:00,2019-10-04 23:00,10.499,0
2019-10-04 22:00,2019-10-05 00:00,9.851,0
2019-10-04 23:00,2019-10-05 01:00,9.432,0
2019-10-05 00:00,2019-10-05 02:00,9.199,0
2019-10-05 01:00,2019-10-05 03:00,9.028,0
2019-10-05 02:00,2019-10-05 04:00,9.076,0
2019-10-05 03:00,2019-10-05 05:00,8.962,0
2019-10-05 04:00,2019-10-05 06:00,8.877,0
2019-10-05 05:00,2019-10-05 07:00,8.833,0
2019-10-05 06:00,2019-10-05 08:00,8.817,24.623
2019-10-05 07:00,2019-10-05 09:00,9.204,109.610
2019-10-05 08:00,2019-10-05 10:00,9.862,271.305
2019-10-05 09:00,2019-10-05 11:00,10.835,384.964
2019-10-05 10:00,2019-10-05 12:00,11.961,489.511
2019-10-05 11:00,2019-10-05 13:00,12.970,526.879
2019-10-05 12:00,2019-10-05 14:00,13.638,467.263
2019-10-05 13:00,2019-10-05 15:00,14.070,396.826
2019-10-05 14:00,2019-10-05 16:00,14.221,281.265
2019-10-05 15:00,2019-10-05 17:00,13.973,146.422
2019-10-05 16:00,2019-10-05 18:00,13.191,59.041
2019-10-05 17:00,2019-10-05 19:00,11.712,2.830
2019-10-05 18:00,2019-10-05 20:00,11.219,0
2019-10-05 19:00,2019-10-05 21:00,10.863,0
2019-10-05 20:00,2019-10-05 22:00,10.596,0
2019-10-05 21:00,2019-10-05 23:00,10.378,0
2019-10-05 22:00,2019-10-06 00:00,10.115,0
2019-10-05 23:00,2019-10-06 01:00,9.847,0
2019-10-06 00:00,2019-10-06 02:00,9.524,0
2019-10-06 01:00,2019-10-06 03:00,9.241,0
2019-10-06 02:00,2019-10-06 04:00,9.066,0
2019-10-06 03:00,2019-10-06 05:00,9.039,0
2019-10-06 04:00,2019-10-06 06:00,8.987,0
2019-10-06 05:00,2019-10-06 07:00,8.886,0
2019-10-06 06:00,2019-10-06 08:00,8.881,4.791
2019-10-06 07:00,2019-10-06 09:00,8.939,19.265
2019-10-06 08:00,2019-10-06 10:00,9.186,43.301
2019-10-06 09:00,2019-10-06 11:00,9.631,83.280
2019-10-06 10:00,2019-10-06 12:00,10.192,127.078
2019-10-06 11:00,2019-10-06 13:00,10.747,144.687
2019-10-06 12:00,2019-10-06 14:00,11.298,135.965
2019-10-06 13:00,2019-10-06 15:00,11.737,107.210
2019-10-06 14:00,2019-10-06 16:00,11.905,70.998
2019-10-06 15:00,2019-10-06 17:00,11.800,42.133
2019-10-06 16:00,2019-10-06 18:00,11.409,19.554
2019-10-06 17:00,2019-10-06 19:00,10.719,0.783
2019-10-06 18:00,2019-10-06 20:00,10.334,0
2019-10-06 19:00,2019-10-06 21:00,10.183,0
2019-10-06 20:00,2019-10-06 22:00,9.987,0
2019-10-06 21:00,2019-10-06 23:00,9.727,0
2019-10-06 22:00,2019-10-07 00:00,9.494,0
2019-10-06 23:00,2019-10-07 01:00,9.353,0
2019-10-07 00:00,2019-10-07 02:00,9.150,0
2019-10-07 01:00,2019-10-07 03:00,8.795,0
2019-10-07 02:00,2019-10-07 04:00,8.406,0
2019-10-07 03:00,2019-10-07 05:00,8.076,0
2019-10-07 04:00,2019-10-07 06:00,7.800,0
2019-10-07 05:00,2019-10-07 07:00,7.644,0
2019-10-07 06:00,2019-10-07 08:00,7.637,18.003
2019-10-07 07:00,2019-10-07 09:00,8.015,63.221
2019-10-07 08:00,2019-10-07 10:00,8.869,121.925
2019-10-07 09:00,2019-10-07 11:00,9.759,159.283
2019-10-07 10:00,2019-10-07 12:00,10.654,162.143
2019-10-07 11:00,2019-10-07 13:00,11.383,147.258
2019-10-07 12:00,2019-10-07 14:00,11.859,134.418
2019-10-07 13:00,2019-10-07 15:00,12.246,127.035
2019-10-07 14:00,2019-10-07 16:00,12.539,156.744
2019-10-07 15:00,2019-10-07 17:00,12.674,108.222
2019-10-07 16:00,2019-10-07 18:00,12.568,40.429
2019-10-07 17:00,2019-10-07 19:00,12.220,1.143
2019-10-07 18:00,2019-10-07 20:00,12.408,0
2019-10-07 19:00,2019-10-07 21:00,12.574,0
2019-10-07 20:00,2019-10-07 22:00,12.613,0
2019-10-07 21:00,2019-10-07 23:00,12.679,0
2019-10-07 22:00,2019-10-08 00:00,12.692,0
2019-10-07 23:00,2019-10-08 01:00,12.626,0
2019-10-08 00:00,2019-10-08 02:00,12.619,0
2019-10-08 01:00,2019-10-08 03:00,12.826,0
2019-10-08 02:00,2019-10-08 04:00,13.178,0
2019-10-08 03:00,2019-10-08 05:00,13.358,0
2019-10-08 04:00,2019-10-08 06:00,13.448,0
2019-10-08 05:00,2019-10-08 07:00,13.425,0
2019-10-08 06:00,2019-10-08 08:00,13.451,20.122
2019-10-08 07:00,2019-10-08 09:00,14.040,125.196
2019-10-08 08:00,2019-10-08 10:00,14.807,280.673
2019-10-08 09:00,2019-10-08 11:00,15.696,401.617
2019-10-08 10:00,2019-10-08 12:00,16.287,475.702
2019-10-08 11:00,2019-10-08 13:00,16.552,503.036
2019-10-08 12:00,2019-10-08 14:00,16.556,465.190
2019-10-08 13:00,2019-10-08 15:00,16.450,406.976
2019-10-08 14:00,2019-10-08 16:00,16.288,341.219
2019-10-08 15:00,2019-10-08 17:00,15.967,216.095
2019-10-08 16:00,2019-10-08 18:00,15.291,76.546
2019-10-08 17:00,2019-10-08 19:00,14.275,1.341
2019-10-08 18:00,2019-10-08 20:00,14.143,0
2019-10-08 19:00,2019-10-08 21:00,13.958,0
2019-10-08 20:00,2019-10-08 22:00,13.895,0
2019-10-08 21:00,2019-10-08 23:00,13.711,0
2019-10-08 22:00,2019-10-09 00:00,13.354,0
2019-10-08 23:00,2019-10-09 01:00,13.181,0
2019-10-09 00:00,2019-10-09 02:00,13.038,0
2019-10-09 01:00,2019-10-09 03:00,12.747,0
2019-10-09 02:00,2019-10-09 04:00,12.530,0
2019-10-09 03:00,2019-10-09 05:00,12.300,0
2019-10-09 04:00,2019-10-09 06:00,12.031,0
2019-10-09 05:00,2019-10-09 07:00,11.787,0
2019-10-09 06:00,2019-10-09 08:00,11.663,9.527
2019-10-09 07:00,2019-10-09 09:00,11.777,41.659
2019-10-09 08:00,2019-10-09 10:00,12.016,68.487
2019-10-09 09:00,2019-10-09 11:00,12.306,79.280
2019-10-09 10:00,2019-10-09 12:00,12.550,77.115
2019-10-09 11:00,2019-10-09 13:00,12.686,69.932
2019-10-09 12:00,2019-10-09 14:00,12.815,71.452
2019-10-09 13:00,2019-10-09 15:00,12.924,96.428
2019-10-09 14:00,2019-10-09 16:00,13.070,144.870
2019-10-09 15:00,2019-10-09 17:00,13.045,118.803
2019-10-09 16:00,2019-10-09 18:00,12.638,33.886
2019-10-09 17:00,2019-10-09 19:00,12.359,0.227
2019-10-09 18:00,2019-10-09 20:00,12.415,0
2019-10-09 19:00,2019-10-09 21:00,12.297,0
2019-10-09 20:00,2019-10-09 22:00,12.192,0
2019-10-09 21:00,2019-10-09 23:00,12.121,0
2019-10-09 22:00,2019-10-10 00:00,11.993,0
2019-10-09 23:00,2019-10-10 01:00,11.953,0
2019-10-10 00:00,2019-10-10 02:00,11.839,0
2019-10-10 01:00,2019-10-10 03:00,11.676,0
2019-10-10 02:00,2019-10-10 04:00,11.496,0
2019-10-10 03:00,2019-10-10 05:00,11.438,0
2019-10-10 04:00,2019-10-10 06:00,11.569,0
2019-10-10 05:00,2019-10-10 07:00,11.617,0
2019-10-10 06:00,2019-10-10 08:00,11.793,22.778
2019-10-10 07:00,2019-10-10 09:00,12.606,145.777
2019-10-10 08:00,2019-10-10 10:00,13.341,281.968
2019-10-10 09:00,2019-10-10 11:00,14.011,390.877
2019-10-10 10:00,2019-10-10 12:00,14.474,463.127
2019-10-10 11:00,2019-10-10 13:00,14.758,495.575
2019-10-10 12:00,2019-10-10 14:00,14.969,478.763
2019-10-10 13:00,2019-10-10 15:00,15.117,412.880
2019-10-10 14:00,2019-10-10 16:00,15.184,318.298
2019-10-10 15:00,2019-10-10 17:00,15.065,196.965
2019-10-10 16:00,2019-10-10 18:00,14.564,63.189
2019-10-10 17:00,2019-10-10 19:00,14.015,0.561
2019-10-10 18:00,2019-10-10 20:00,13.936,0
2019-10-10 19:00,2019-10-10 21:00,13.685,0
2019-10-10 20:00,2019-10-10 22:00,13.659,0
2019-10-10 21:00,2019-10-10 23:00,13.752,0
2019-10-10 22:00,2019-10-11 00:00,13.706,0
2019-10-10 23:00,2019-10-11 01:00,13.669,0
2019-10-11 00:00,2019-10-11 02:00,13.637,0
2019-10-11 01:00,2019-10-11 03:00,13.613,0
2019-10-11 02:00,2019-10-11 04:00,13.589,0
2019-10-11 03:00,2019-10-11 05:00,13.604,0
2019-10-11 04:00,2019-10-11 06:00,13.571,0
2019-10-11 05:00,2019-10-11 07:00,13.405,0
2019-10-11 06:00,2019-10-11 08:00,13.344,2.593
2019-10-11 07:00,2019-10-11 09:00,13.338,21.928
2019-10-11 08:00,2019-10-11 10:00,13.467,49.421
2019-10-11 09:00,2019-10-11 11:00,13.839,89.846
2019-10-11 10:00,2019-10-11 12:00,14.405,119.509
2019-10-11 11:00,2019-10-11 13:00,15.082,192.375
2019-10-11 12:00,2019-10-11 14:00,15.878,269.127
2019-10-11 13:00,2019-10-11 15:00,16.429,230.125
2019-10-11 14:00,2019-10-11 16:00,16.614,174.669
2019-10-11 15:00,2019-10-11 17:00,16.351,79.100
2019-10-11 16:00,2019-10-11 18:00,16.052,25.116
2019-10-11 17:00,2019-10-11 19:00,15.894,0.253
2019-10-11 18:00,2019-10-11 20:00,15.782,0
2019-10-11 19:00,2019-10-11 21:00,15.585,0
2019-10-11 20:00,2019-10-11 22:00,15.417,0
2019-10-11 21:00,2019-10-11 23:00,15.375,0
2019-10-11 22:00,2019-10-12 00:00,15.265,0
2019-10-11 23:00,2019-10-12 01:00,15.013,0
2019-10-12 00:00,2019-10-12 02:00,14.695,0
2019-10-12 01:00,2019-10-12 03:00,14.329,0
2019-10-12 02:00,2019-10-12 04:00,14.025,0
2019-10-12 03:00,2019-10-12 05:00,13.833,0
2019-10-12 04:00,2019-10-12 06:00,13.595,0
2019-10-12 05:00,2019-10-12 07:00,13.333,0
2019-10-12 06:00,2019-10-12 08:00,13.128,7.640
2019-10-12 07:00,2019-10-12 09:00,13.322,46.545
2019-10-12 08:00,2019-10-12 10:00,13.625,72.342
2019-10-12 09:00,2019-10-12 11:00,13.844,100.129
2019-10-12 10:00,2019-10-12 12:00,14.023,141.732
2019-10-12 11:00,2019-10-12 13:00,14.167,158.426
2019-10-12 12:00,2019-10-12 14:00,14.188,144.255
2019-10-12 13:00,2019-10-12 15:00,14.096,116.048
2019-10-12 14:00,2019-10-12 16:00,13.934,78.053
2019-10-12 15:00,2019-10-12 17:00,13.665,40.966
2019-10-12 16:00,2019-10-12 18:00,13.216,13.578
2019-10-12 17:00,2019-10-12 19:00,12.818,0.034
2019-10-12 18:00,2019-10-12 20:00,12.735,0
2019-10-12 19:00,2019-10-12 21:00,12.662,0
2019-10-12 20:00,2019-10-12 22:00,12.586,0
2019-10-12 21:00,2019-10-12 23:00,12.518,0
2019-10-12 22:00,2019-10-13 00:00,12.361,0
2019-10-12 23:00,2019-10-13 01:00,12.387,0
2019-10-13 00:00,2019-10-13 02:00,12.681,0
2019-10-13 01:00,2019-10-13 03:00,13.093,0
2019-10-13 02:00,2019-10-13 04:00,13.467,0
2019-10-13 03:00,2019-10-13 05:00,13.806,0
2019-10-13 04:00,2019-10-13 06:00,13.873,0
2019-10-13 05:00,2019-10-13 07:00,13.665,0
2019-10-13 06:00,2019-10-13 08:00,13.848,7.477
2019-10-13 07:00,2019-10-13 09:00,14.213,42.709
2019-10-13 08:00,2019-10-13 10:00,14.915,98.003
2019-10-13 09:00,2019-10-13 11:00,16.075,184.459
2019-10-13 10:00,2019-10-13 12:00,17.253,260.190
2019-10-13 11:00,2019-10-13 13:00,18.652,337.927
2019-10-13 12:00,2019-10-13 14:00,19.823,366.305
2019-10-13 13:00,2019-10-13 15:00,20.160,259.916
2019-10-13 14:00,2019-10-13 16:00,19.670,136.282
2019-10-13 15:00,2019-10-13 17:00,18.815,80.109
2019-10-13 16:00,2019-10-13 18:00,17.722,29.976
2019-10-13 17:00,2019-10-13 19:00,16.682,0.054
2019-10-13 18:00,2019-10-13 20:00,16.074,0
2019-10-13 19:00,2019-10-13 21:00,15.646,0
2019-10-13 20:00,2019-10-13 22:00,15.262,0
2019-10-13 21:00,2019-10-13 23:00,14.812,0
2019-10-13 22:00,2019-10-14 00:00,14.281,0
2019-10-13 23:00,2019-10-14 01:00,13.705,0
2019-10-14 00:00,2019-10-14 02:00,13.229,0
2019-10-14 01:00,2019-10-14 03:00,13.093,0
2019-10-14 02:00,2019-10-14 04:00,13.015,0
2019-10-14 03:00,2019-10-14 05:00,12.853,0
2019-10-14 04:00,2019-10-14 06:00,12.900,0
2019-10-14 05:00,2019-10-14 07:00,13.059,0
2019-10-14 06:00,2019-10-14 08:00,13.023,5.243
2019-10-14 07:00,2019-10-14 09:00,13.257,34.613
2019-10-14 08:00,2019-10-14 10:00,13.523,53.490
2019-10-14 09:00,2019-10-14 11:00,13.814,125.436
2019-10-14 10:00,2019-10-14 12:00,13.922,122.801
2019-10-14 11:00,2019-10-14 13:00,14.302,189.523
2019-10-14 12:00,2019-10-14 14:00,14.939,200.059
2019-10-14 13:00,2019-10-14 15:00,15.666,167.459
2019-10-14 14:00,2019-10-14 16:00,16.410,122.973
2019-10-14 15:00,2019-10-14 17:00,16.828,69.277
2019-10-14 16:00,2019-10-14 18:00,16.735,17.428
2019-10-14 17:00,2019-10-14 19:00,16.652,0.004
2019-10-14 18:00,2019-10-14 20:00,16.888,0
2019-10-14 19:00,2019-10-14 21:00,17.071,0
2019-10-14 20:00,2019-10-14 22:00,16.826,0
2019-10-14 21:00,2019-10-14 23:00,16.528,0
2019-10-14 22:00,2019-10-15 00:00,16.059,0
2019-10-14 23:00,2019-10-15 01:00,15.931,0
2019-10-15 00:00,2019-10-15 02:00,15.842,0
2019-10-15 01:00,2019-10-15 03:00,15.612,0
2019-10-15 02:00,2019-10-15 04:00,15.455,0
2019-10-15 03:00,2019-10-15 05:00,15.155,0
2019-10-15 04:00,2019-10-15 06:00,14.617,0
2019-10-15 05:00,2019-10-15 07:00,14.226,0
2019-10-15 06:00,2019-10-15 08:00,14.099,6.814
2019-10-15 07:00,2019-10-15 09:00,14.381,54.783
2019-10-15 08:00,2019-10-15 10:00,14.623,92.434
2019-10-15 09:00,2019-10-15 11:00,14.833,111.400
2019-10-15 10:00,2019-10-15 12:00,15.061,124.123
2019-10-15 11:00,2019-10-15 13:00,15.228,133.224
2019-10-15 12:00,2019-10-15 14:00,15.294,134.492
2019-10-15 13:00,2019-10-15 15:00,15.067,82.344
2019-10-15 14:00,2019-10-15 16:00,14.672,45.731
2019-10-15 15:00,2019-10-15 17:00,14.345,34.019
2019-10-15 16:00,2019-10-15 18:00,13.953,24.999
2019-10-15 17:00,2019-10-15 19:00,13.755,0
2019-10-15 18:00,2019-10-15 20:00,13.657,0
2019-10-15 19:00,2019-10-15 21:00,13.529,0
2019-10-15 20:00,2019-10-15 22:00,13.515,0
2019-10-15 21:00,2019-10-15 23:00,13.429,0
2019-10-15 22:00,2019-10-16 00:00,13.276,0
2019-10-15 23:00,2019-10-16 01:00,13.002,0
2019-10-16 00:00,2019-10-16 02:00,12.671,0
2019-10-16 01:00,2019-10-16 03:00,12.307,0
2019-10-16 02:00,2019-10-16 04:00,11.779,0
2019-10-16 03:00,2019-10-16 05:00,11.315,0
2019-10-16 04:00,2019-10-16 06:00,10.974,0
2019-10-16 05:00,2019-10-16 07:00,10.632,0
2019-10-16 06:00,2019-10-16 08:00,10.335,11.090
2019-10-16 07:00,2019-10-16 09:00,10.690,112.769
2019-10-16 08:00,2019-10-16 10:00,11.684,251.284
2019-10-16 09:00,2019-10-16 11:00,13.070,354.827
2019-10-16 10:00,2019-10-16 12:00,14.301,350.252
2019-10-16 11:00,2019-10-16 13:00,14.759,251.558
2019-10-16 12:00,2019-10-16 14:00,14.733,156.133
2019-10-16 13:00,2019-10-16 15:00,14.746,120.418
2019-10-16 14:00,2019-10-16 16:00,14.824,84.065
2019-10-16 15:00,2019-10-16 17:00,14.691,33.095
2019-10-16 16:00,2019-10-16 18:00,14.431,7.228
2019-10-16 17:00,2019-10-16 19:00,14.198,0
2019-10-16 18:00,2019-10-16 20:00,14.073,0
2019-10-16 19:00,2019-10-16 21:00,14.073,0
2019-10-16 20:00,2019-10-16 22:00,14.024,0
2019-10-16 21:00,2019-10-16 23:00,13.916,0
2019-10-16 22:00,2019-10-17 00:00,13.798,0
2019-10-16 23:00,2019-10-17 01:00,13.666,0
2019-10-17 00:00,2019-10-17 02:00,13.603,0
2019-10-17 01:00,2019-10-17 03:00,13.504,0
2019-10-17 02:00,2019-10-17 04:00,13.405,0
2019-10-17 03:00,2019-10-17 05:00,13.314,0
2019-10-17 04:00,2019-10-17 06:00,13.056,0
2019-10-17 05:00,2019-10-17 07:00,12.618,0
2019-10-17 06:00,2019-10-17 08:00,12.106,9.076
2019-10-17 07:00,2019-10-17 09:00,12.839,111.802
2019-10-17 08:00,2019-10-17 10:00,13.514,247.374
2019-10-17 09:00,2019-10-17 11:00,14.148,359.340
2019-10-17 10:00,2019-10-17 12:00,14.801,433.249
2019-10-17 11:00,2019-10-17 13:00,15.279,462.075
2019-10-17 12:00,2019-10-17 14:00,15.531,441.759
2019-10-17 13:00,2019-10-17 15:00,15.642,374.083
2019-10-17 14:00,2019-10-17 16:00,15.637,277.650
2019-10-17 15:00,2019-10-17 17:00,15.287,153.332
2019-10-17 16:00,2019-10-17 18:00,13.871,37.706
2019-10-17 17:00,2019-10-17 19:00,12.748,0
2019-10-17 18:00,2019-10-17 20:00,12.517,0
2019-10-17 19:00,2019-10-17 21:00,12.324,0
2019-10-17 20:00,2019-10-17 22:00,12.151,0
2019-10-17 21:00,2019-10-17 23:00,12.019,0
2019-10-17 22:00,2019-10-18 00:00,12.188,0
2019-10-17 23:00,2019-10-18 01:00,12.297,0
2019-10-18 00:00,2019-10-18 02:00,12.497,0
2019-10-18 01:00,2019-10-18 03:00,12.658,0
2019-10-18 02:00,2019-10-18 04:00,12.616,0
2019-10-18 03:00,2019-10-18 05:00,12.473,0
2019-10-18 04:00,2019-10-18 06:00,12.296,0
2019-10-18 05:00,2019-10-18 07:00,12.228,0
2019-10-18 06:00,2019-10-18 08:00,12.352,5.294
2019-10-18 07:00,2019-10-18 09:00,12.728,74.484
2019-10-18 08:00,2019-10-18 10:00,13.130,188.944
2019-10-18 09:00,2019-10-18 11:00,13.201,206.240
2019-10-18 10:00,2019-10-18 12:00,12.978,141.038
2019-10-18 11:00,2019-10-18 13:00,13.137,195.500
2019-10-18 12:00,2019-10-18 14:00,13.563,253.607
2019-10-18 13:00,2019-10-18 15:00,14.220,321.382
2019-10-18 14:00,2019-10-18 16:00,14.551,256.979
2019-10-18 15:00,2019-10-18 17:00,14.343,142.023
2019-10-18 16:00,2019-10-18 18:00,13.749,28.294
2019-10-18 17:00,2019-10-18 19:00,13.294,0
2019-10-18 18:00,2019-10-18 20:00,13.000,0
2019-10-18 19:00,2019-10-18 21:00,12.658,0
2019-10-18 20:00,2019-10-18 22:00,12.256,0
2019-10-18 21:00,2019-10-18 23:00,12.013,0
2019-10-18 22:00,2019-10-19 00:00,11.858,0
2019-10-18 23:00,2019-10-19 01:00,11.576,0
2019-10-19 00:00,2019-10-19 02:00,11.391,0
2019-10-19 01:00,2019-10-19 03:00,11.400,0
2019-10-19 02:00,2019-10-19 04:00,11.369,0
2019-10-19 03:00,2019-10-19 05:00,11.500,0
2019-10-19 04:00,2019-10-19 06:00,11.395,0
2019-10-19 05:00,2019-10-19 07:00,11.378,0
2019-10-19 06:00,2019-10-19 08:00,11.291,1.523
2019-10-19 07:00,2019-10-19 09:00,11.306,22.094
2019-10-19 08:00,2019-10-19 10:00,11.664,114.502
2019-10-19 09:00,2019-10-19 11:00,12.378,261.809
2019-10-19 10:00,2019-10-19 12:00,13.091,288.236
2019-10-19 11:00,2019-10-19 13:00,13.607,261.014
2019-10-19 12:00,2019-10-19 14:00,13.995,245.302
2019-10-19 13:00,2019-10-19 15:00,14.275,216.114
2019-10-19 14:00,2019-10-19 16:00,14.220,128.160
2019-10-19 15:00,2019-10-19 17:00,13.950,70.577
2019-10-19 16:00,2019-10-19 18:00,13.335,19.531
2019-10-19 17:00,2019-10-19 19:00,12.789,0
2019-10-19 18:00,2019-10-19 20:00,12.499,0
2019-10-19 19:00,2019-10-19 21:00,12.320,0
2019-10-19 20:00,2019-10-19 22:00,11.900,0
2019-10-19 21:00,2019-10-19 23:00,11.392,0
2019-10-19 22:00,2019-10-20 00:00,11.046,0
2019-10-19 23:00,2019-10-20 01:00,10.911,0
2019-10-20 00:00,2019-10-20 02:00,10.857,0
2019-10-20 01:00,2019-10-20 03:00,10.887,0
2019-10-20 02:00,2019-10-20 04:00,10.982,0
2019-10-20 03:00,2019-10-20 05:00,10.897,0
2019-10-20 04:00,2019-10-20 06:00,10.686,0
2019-10-20 05:00,2019-10-20 07:00,10.439,0
2019-10-20 06:00,2019-10-20 08:00,10.491,2.617
2019-10-20 07:00,2019-10-20 09:00,11.095,33.778
2019-10-20 08:00,2019-10-20 10:00,11.878,79.365
2019-10-20 09:00,2019-10-20 11:00,12.678,231.168
2019-10-20 10:00,2019-10-20 12:00,13.717,211.863
2019-10-20 11:00,2019-10-20 13:00,13.966,138.258
2019-10-20 12:00,2019-10-20 14:00,13.844,124.635
2019-10-20 13:00,2019-10-20 15:00,13.776,123.609
2019-10-20 14:00,2019-10-20 16:00,13.932,209.197
2019-10-20 15:00,2019-10-20 17:00,13.321,54.839
2019-10-20 16:00,2019-10-20 18:00,12.430,9.616
2019-10-20 17:00,2019-10-20 19:00,12.037,0
2019-10-20 18:00,2019-10-20 20:00,11.993,0
2019-10-20 19:00,2019-10-20 21:00,11.837,0
2019-10-20 20:00,2019-10-20 22:00,11.729,0
2019-10-20 21:00,2019-10-20 23:00,11.702,0
2019-10-20 22:00,2019-10-21 00:00,11.743,0
2019-10-20 23:00,2019-10-21 01:00,11.683,0
2019-10-21 00:00,2019-10-21 02:00,11.714,0
2019-10-21 01:00,2019-10-21 03:00,11.764,0
2019-10-21 02:00,2019-10-21 04:00,11.760,0
2019-10-21 03:00,2019-10-21 05:00,11.690,0
2019-10-21 04:00,2019-10-21 06:00,11.606,0
2019-10-21 05:00,2019-10-21 07:00,11.558,0
2019-10-21 06:00,2019-10-21 08:00,11.611,0.636
2019-10-21 07:00,2019-10-21 09:00,11.695,18.988
2019-10-21 08:00,2019-10-21 10:00,11.992,63.510
2019-10-21 09:00,2019-10-21 11:00,12.506,121.320
2019-10-21 10:00,2019-10-21 12:00,13.141,194.167
2019-10-21 11:00,2019-10-21 13:00,13.770,264.121
2019-10-21 12:00,2019-10-21 14:00,14.213,273.321
2019-10-21 13:00,2019-10-21 15:00,14.402,224.866
2019-10-21 14:00,2019-10-21 16:00,14.405,171.654
2019-10-21 15:00,2019-10-21 17:00,14.032,81.858
2019-10-21 16:00,2019-10-21 18:00,13.267,12.552
2019-10-21 17:00,2019-10-21 19:00,12.705,0
2019-10-21 18:00,2019-10-21 20:00,12.450,0
2019-10-21 19:00,2019-10-21 21:00,12.256,0
2019-10-21 20:00,2019-10-21 22:00,12.023,0
2019-10-21 21:00,2019-10-21 23:00,11.749,0
2019-10-21 22:00,2019-10-22 00:00,11.596,0
2019-10-21 23:00,2019-10-22 01:00,11.535,0
2019-10-22 00:00,2019-10-22 02:00,11.402,0
2019-10-22 01:00,2019-10-22 03:00,11.459,0
2019-10-22 02:00,2019-10-22 04:00,11.661,0
2019-10-22 03:00,2019-10-22 05:00,11.846,0
2019-10-22 04:00,2019-10-22 06:00,11.742,0
2019-10-22 05:00,2019-10-22 07:00,11.631,0
2019-10-22 06:00,2019-10-22 08:00,11.740,1.935
2019-10-22 07:00,2019-10-22 09:00,12.441,37.461
2019-10-22 08:00,2019-10-22 10:00,13.285,85.334
2019-10-22 09:00,2019-10-22 11:00,13.669,140.921
2019-10-22 10:00,2019-10-22 12:00,13.995,194.375
2019-10-22 11:00,2019-10-22 13:00,14.027,170.999
2019-10-22 12:00,2019-10-22 14:00,13.906,144.925
2019-10-22 13:00,2019-10-22 15:00,13.718,91.622
2019-10-22 14:00,2019-10-22 16:00,13.551,68.222
2019-10-22 15:00,2019-10-22 17:00,13.266,44.262
2019-10-22 16:00,2019-10-22 18:00,12.662,12.324
2019-10-22 17:00,2019-10-22 19:00,12.369,0
2019-10-22 18:00,2019-10-22 20:00,12.429,0
2019-10-22 19:00,2019-10-22 21:00,12.309,0
2019-10-22 20:00,2019-10-22 22:00,11.886,0
2019-10-22 21:00,2019-10-22 23:00,11.525,0
2019-10-22 22:00,2019-10-23 00:00,11.451,0
2019-10-22 23:00,2019-10-23 01:00,11.363,0
2019-10-23 00:00,2019-10-23 02:00,11.194,0
2019-10-23 01:00,2019-10-23 03:00,10.880,0
2019-10-23 02:00,2019-10-23 04:00,10.538,0
2019-10-23 03:00,2019-10-23 05:00,10.061,0
2019-10-23 04:00,2019-10-23 06:00,9.851,0
2019-10-23 05:00,2019-10-23 07:00,9.673,0
2019-10-23 06:00,2019-10-23 08:00,9.714,2.172
2019-10-23 07:00,2019-10-23 09:00,10.571,52.164
2019-10-23 08:00,2019-10-23 10:00,11.474,146.153
2019-10-23 09:00,2019-10-23 11:00,12.488,254.583
2019-10-23 10:00,2019-10-23 12:00,13.577,336.725
2019-10-23 11:00,2019-10-23 13:00,14.554,389.347
2019-10-23 12:00,2019-10-23 14:00,15.334,389.931
2019-10-23 13:00,2019-10-23 15:00,15.739,279.749
2019-10-23 14:00,2019-10-23 16:00,15.611,155.185
2019-10-23 15:00,2019-10-23 17:00,15.065,87.297
2019-10-23 16:00,2019-10-23 18:00,14.078,16.053
2019-10-23 17:00,2019-10-23 19:00,13.439,0
2019-10-23 18:00,2019-10-23 20:00,13.150,0
2019-10-23 19:00,2019-10-23 21:00,12.756,0
2019-10-23 20:00,2019-10-23 22:00,12.345,0
2019-10-23 21:00,2019-10-23 23:00,12.081,0
2019-10-23 22:00,2019-10-24 00:00,12.142,0
2019-10-23 23:00,2019-10-24 01:00,12.302,0
2019-10-24 00:00,2019-10-24 02:00,12.228,0
2019-10-24 01:00,2019-10-24 03:00,12.221,0
2019-10-24 02:00,2019-10-24 04:00,12.141,0
2019-10-24 03:00,2019-10-24 05:00,12.361,0
2019-10-24 04:00,2019-10-24 06:00,12.410,0
2019-10-24 05:00,2019-10-24 07:00,12.515,0
2019-10-24 06:00,2019-10-24 08:00,12.611,1.704
2019-10-24 07:00,2019-10-24 09:00,13.035,43.038
2019-10-24 08:00,2019-10-24 10:00,13.686,123.374
2019-10-24 09:00,2019-10-24 11:00,14.678,208.154
2019-10-24 10:00,2019-10-24 12:00,15.924,304.369
2019-10-24 11:00,2019-10-24 13:00,17.204,390.822
2019-10-24 12:00,2019-10-24 14:00,17.992,405.346
2019-10-24 13:00,2019-10-24 15:00,17.931,276.193
2019-10-24 14:00,2019-10-24 16:00,17.176,129.673
2019-10-24 15:00,2019-10-24 17:00,16.347,66.691
2019-10-24 16:00,2019-10-24 18:00,15.576,11.841
2019-10-24 17:00,2019-10-24 19:00,15.092,0
2019-10-24 18:00,2019-10-24 20:00,14.690,0
2019-10-24 19:00,2019-10-24 21:00,14.166,0
2019-10-24 20:00,2019-10-24 22:00,13.595,0
2019-10-24 21:00,2019-10-24 23:00,13.129,0
2019-10-24 22:00,2019-10-25 00:00,12.884,0
2019-10-24 23:00,2019-10-25 01:00,12.753,0
2019-10-25 00:00,2019-10-25 02:00,12.825,0
2019-10-25 01:00,2019-10-25 03:00,12.816,0
2019-10-25 02:00,2019-10-25 04:00,12.712,0
2019-10-25 03:00,2019-10-25 05:00,12.470,0
2019-10-25 04:00,2019-10-25 06:00,12.243,0
2019-10-25 05:00,2019-10-25 07:00,12.068,0
2019-10-25 06:00,2019-10-25 08:00,11.735,1.711
2019-10-25 07:00,2019-10-25 09:00,11.766,57.773
2019-10-25 08:00,2019-10-25 10:00,12.086,113.752
2019-10-25 09:00,2019-10-25 11:00,12.697,206.418
2019-10-25 10:00,2019-10-25 12:00,13.664,361.195
2019-10-25 11:00,2019-10-25 13:00,14.502,401.428
2019-10-25 12:00,2019-10-25 14:00,14.961,363.646
2019-10-25 13:00,2019-10-25 15:00,15.248,306.009
2019-10-25 14:00,2019-10-25 16:00,15.450,204.407
2019-10-25 15:00,2019-10-25 17:00,15.332,91.723
2019-10-25 16:00,2019-10-25 18:00,14.928,9.769
2019-10-25 17:00,2019-10-25 19:00,14.650,0
2019-10-25 18:00,2019-10-25 20:00,14.478,0
2019-10-25 19:00,2019-10-25 21:00,14.305,0
2019-10-25 20:00,2019-10-25 22:00,14.118,0
2019-10-25 21:00,2019-10-25 23:00,13.984,0
2019-10-25 22:00,2019-10-26 00:00,14.000,0
2019-10-25 23:00,2019-10-26 01:00,14.056,0
2019-10-26 00:00,2019-10-26 02:00,14.058,0
2019-10-26 01:00,2019-10-26 03:00,14.002,0
2019-10-26 02:00,2019-10-26 04:00,13.966,0
2019-10-26 03:00,2019-10-26 05:00,13.949,0
2019-10-26 04:00,2019-10-26 06:00,13.933,0
2019-10-26 05:00,2019-10-26 07:00,13.820,0
2019-10-26 06:00,2019-10-26 08:00,13.595,1.419
2019-10-26 07:00,2019-10-26 09:00,13.665,66.743
2019-10-26 08:00,2019-10-26 10:00,14.275,194.524
2019-10-26 09:00,2019-10-26 11:00,15.127,299.144
2019-10-26 10:00,2019-10-26 12:00,15.974,378.323
2019-10-26 11:00,2019-10-26 13:00,16.734,406.028
2019-10-26 12:00,2019-10-26 14:00,17.378,384.445
2019-10-26 13:00,2019-10-26 15:00,17.788,312.511
2019-10-26 14:00,2019-10-26 16:00,17.840,207.829
2019-10-26 15:00,2019-10-26 17:00,17.541,88.719
2019-10-26 16:00,2019-10-26 18:00,16.987,11.319
2019-10-26 17:00,2019-10-26 19:00,16.514,0
2019-10-26 18:00,2019-10-26 20:00,16.084,0
2019-10-26 19:00,2019-10-26 21:00,15.705,0
2019-10-26 20:00,2019-10-26 22:00,15.344,0
2019-10-26 21:00,2019-10-26 23:00,14.842,0
2019-10-26 22:00,2019-10-27 00:00,13.915,0
2019-10-26 23:00,2019-10-27 01:00,12.499,0
2019-10-27 00:00,2019-10-27 02:00,11.411,0
2019-10-27 01:00,2019-10-27 02:00,11.023,0
2019-10-27 02:00,2019-10-27 03:00,10.730,0
2019-10-27 03:00,2019-10-27 04:00,10.269,0
2019-10-27 04:00,2019-10-27 05:00,10.030,0
2019-10-27 05:00,2019-10-27 06:00,9.928,0
2019-10-27 06:00,2019-10-27 07:00,9.885,0.310
2019-10-27 07:00,2019-10-27 08:00,10.152,20.462
2019-10-27 08:00,2019-10-27 09:00,10.680,56.117
2019-10-27 09:00,2019-10-27 10:00,11.073,92.956
2019-10-27 10:00,2019-10-27 11:00,11.425,147.920
2019-10-27 11:00,2019-10-27 12:00,11.838,269.655
2019-10-27 12:00,2019-10-27 13:00,12.384,410.236
2019-10-27 13:00,2019-10-27 14:00,12.423,349.548
2019-10-27 14:00,2019-10-27 15:00,12.153,248.551
2019-10-27 15:00,2019-10-27 16:00,11.615,121.631
2019-10-27 16:00,2019-10-27 17:00,10.214,14.457
2019-10-27 17:00,2019-10-27 18:00,9.578,0
2019-10-27 18:00,2019-10-27 19:00,9.454,0
2019-10-27 19:00,2019-10-27 20:00,9.426,0
2019-10-27 20:00,2019-10-27 21:00,9.313,0
2019-10-27 21:00,2019-10-27 22:00,9.206,0
2019-10-27 22:00,2019-10-27 23:00,9.081,0
2019-10-27 23:00,2019-10-28 00:00,8.935,0
2019-10-28 00:00,2019-10-28 01:00,8.794,0
2019-10-28 01:00,2019-10-28 02:00,8.684,0
2019-10-28 02:00,2019-10-28 03:00,8.628,0
2019-10-28 03:00,2019-10-28 04:00,8.633,0
2019-10-28 04:00,2019-10-28 05:00,8.684,0
2019-10-28 05:00,2019-10-28 06:00,8.713,0
2019-10-28 06:00,2019-10-28 07:00,8.807,0.632
2019-10-28 07:00,2019-10-28 08:00,9.427,59.353
2019-10-28 08:00,2019-10-28 09:00,11.066,168.531
2019-10-28 09:00,2019-10-28 10:00,11.961,279.348
2019-10-28 10:00,2019-10-28 11:00,12.292,338.889
2019-10-28 11:00,2019-10-28 12:00,12.486,365.419
2019-10-28 12:00,2019-10-28 13:00,12.503,344.470
2019-10-28 13:00,2019-10-28 14:00,12.341,293.450
2019-10-28 14:00,2019-10-28 15:00,12.033,197.933
2019-10-28 15:00,2019-10-28 16:00,11.300,76.823
2019-10-28 16:00,2019-10-28 17:00,10.152,7.921
2019-10-28 17:00,2019-10-28 18:00,9.750,0
2019-10-28 18:00,2019-10-28 19:00,9.559,0
2019-10-28 19:00,2019-10-28 20:00,9.353,0
2019-10-28 20:00,2019-10-28 21:00,9.090,0
2019-10-28 21:00,2019-10-28 22:00,8.686,0
2019-10-28 22:00,2019-10-28 23:00,8.628,0
2019-10-28 23:00,2019-10-29 00:00,8.581,0
2019-10-29 00:00,2019-10-29 01:00,8.400,0
2019-10-29 01:00,2019-10-29 02:00,8.228,0
2019-10-29 02:00,2019-10-29 03:00,7.924,0
2019-10-29 03:00,2019-10-29 04:00,7.585,0
2019-10-29 04:00,2019-10-29 05:00,7.241,0
2019-10-29 05:00,2019-10-29 06:00,6.917,0
2019-10-29 06:00,2019-10-29 07:00,6.712,0.373
2019-10-29 07:00,2019-10-29 08:00,7.420,56.335
2019-10-29 08:00,2019-10-29 09:00,8.847,174.419
2019-10-29 09:00,2019-10-29 10:00,9.948,286.623
2019-10-29 10:00,2019-10-29 11:00,11.076,366.311
2019-10-29 11:00,2019-10-29 12:00,11.570,403.424
2019-10-29 12:00,2019-10-29 13:00,11.833,390.540
2019-10-29 13:00,2019-10-29 14:00,11.911,331.602
2019-10-29 14:00,2019-10-29 15:00,11.769,233.418
2019-10-29 15:00,2019-10-29 16:00,10.938,109.710
2019-10-29 16:00,2019-10-29 17:00,9.170,10.890
2019-10-29 17:00,2019-10-29 18:00,8.578,0
2019-10-29 18:00,2019-10-29 19:00,8.253,0
2019-10-29 19:00,2019-10-29 20:00,7.754,0
2019-10-29 20:00,2019-10-29 21:00,7.042,0
2019-10-29 21:00,2019-10-29 22:00,6.384,0
2019-10-29 22:00,2019-10-29 23:00,5.853,0
2019-10-29 23:00,2019-10-30 00:00,5.425,0
2019-10-30 00:00,2019-10-30 01:00,5.092,0
2019-10-30 01:00,2019-10-30 02:00,4.963,0
2019-10-30 02:00,2019-10-30 03:00,4.812,0
2019-10-30 03:00,2019-10-30 04:00,4.857,0
2019-10-30 04:00,2019-10-30 05:00,4.994,0
2019-10-30 05:00,2019-10-30 06:00,5.012,0
2019-10-30 06:00,2019-10-30 07:00,4.738,0.199
2019-10-30 07:00,2019-10-30 08:00,5.086,45.983
2019-10-30 08:00,2019-10-30 09:00,6.080,165.069
2019-10-30 09:00,2019-10-30 10:00,7.288,299.995
2019-10-30 10:00,2019-10-30 11:00,8.727,378.273
2019-10-30 11:00,2019-10-30 12:00,9.969,412.183
2019-10-30 12:00,2019-10-30 13:00,10.565,396.715
2019-10-30 13:00,2019-10-30 14:00,10.807,335.513
2019-10-30 14:00,2019-10-30 15:00,10.711,234.151
2019-10-30 15:00,2019-10-30 16:00,9.810,108.685
2019-10-30 16:00,2019-10-30 17:00,7.945,9.799
2019-10-30 17:00,2019-10-30 18:00,7.300,0
2019-10-30 18:00,2019-10-30 19:00,6.866,0
2019-10-30 19:00,2019-10-30 20:00,6.283,0
2019-10-30 20:00,2019-10-30 21:00,5.642,0
2019-10-30 21:00,2019-10-30 22:00,5.071,0
2019-10-30 22:00,2019-10-30 23:00,4.590,0
2019-10-30 23:00,2019-10-31 00:00,4.192,0
2019-10-31 00:00,2019-10-31 01:00,3.822,0
2019-10-31 01:00,2019-10-31 02:00,3.555,0
2019-10-31 02:00,2019-10-31 03:00,3.453,0
2019-10-31 03:00,2019-10-31 04:00,3.519,0
2019-10-31 04:00,2019-10-31 05:00,3.599,0
2019-10-31 05:00,2019-10-31 06:00,3.390,0
2019-10-31 06:00,2019-10-31 07:00,3.193,0.093
2019-10-31 07:00,2019-10-31 08:00,3.509,47.975
2019-10-31 08:00,2019-10-31 09:00,4.476,172.704
2019-10-31 09:00,2019-10-31 10:00,5.805,275.296
2019-10-31 10:00,2019-10-31 11:00,7.099,328.824
2019-10-31 11:00,2019-10-31 12:00,8.565,348.843
2019-10-31 12:00,2019-10-31 13:00,9.719,345.392
2019-10-31 13:00,2019-10-31 14:00,10.287,312.022
2019-10-31 14:00,2019-10-31 15:00,10.404,227.626
2019-10-31 15:00,2019-10-31 16:00,9.287,101.948
2019-10-31 16:00,2019-10-31 17:00,7.462,7.578
2019-10-31 17:00,2019-10-31 18:00,7.013,0
2019-10-31 18:00,2019-10-31 19:00,6.756,0
2019-10-31 19:00,2019-10-31 20:00,6.305,0
2019-10-31 20:00,2019-10-31 21:00,5.856,0
2019-10-31 21:00,2019-10-31 22:00,5.765,0
2019-10-31 22:00,2019-10-31 23:00,5.423,0
2019-10-31 23:00,2019-11-01 00:00,4.780,0
2019-11-01 00:00,2019-11-01 01:00,4.341,0
2019-11-01 01:00,2019-11-01 02:00,3.945,0
2019-11-01 02:00,2019-11-01 03:00,3.877,0
2019-11-01 03:00,2019-11-01 04:00,4.358,0
2019-11-01 04:00,2019-11-01 05:00,4.656,0
2019-11-01 05:00,2019-11-01 06:00,4.948,0
2019-11-01 06:00,2019-11-01 07:00,5.383,0.005
2019-11-01 07:00,2019-11-01 08:00,6.037,6.796
2019-11-01 08:00,2019-11-01 09:00,6.896,20.389
2019-11-01 09:00,2019-11-01 10:00,7.702,34.861
2019-11-01 10:00,2019-11-01 11:00,8.404,54.651
2019-11-01 11:00,2019-11-01 12:00,9.075,71.545
2019-11-01 12:00,2019-11-01 13:00,9.693,74.992
2019-11-01 13:00,2019-11-01 14:00,10.153,54.394
2019-11-01 14:00,2019-11-01 15:00,10.510,30.652
2019-11-01 15:00,2019-11-01 16:00,10.787,15.087
2019-11-01 16:00,2019-11-01 17:00,11.337,1.410
2019-11-01 17:00,2019-11-01 18:00,11.760,0
2019-11-01 18:00,2019-11-01 19:00,12.296,0
2019-11-01 19:00,2019-11-01 20:00,12.688,0
2019-11-01 20:00,2019-11-01 21:00,12.814,0
2019-11-01 21:00,2019-11-01 22:00,12.726,0
2019-11-01 22:00,2019-11-01 23:00,12.749,0
2019-11-01 23:00,2019-11-02 00:00,13.003,0
2019-11-02 00:00,2019-11-02 01:00,13.398,0
2019-11-02 01:00,2019-11-02 02:00,13.697,0
2019-11-02 02:00,2019-11-02 03:00,13.657,0
2019-11-02 03:00,2019-11-02 04:00,13.522,0
2019-11-02 04:00,2019-11-02 05:00,13.682,0
2019-11-02 05:00,2019-11-02 06:00,13.624,0
2019-11-02 06:00,2019-11-02 07:00,13.347,0.005
2019-11-02 07:00,2019-11-02 08:00,12.954,37.900
2019-11-02 08:00,2019-11-02 09:00,12.840,55.338
2019-11-02 09:00,2019-11-02 10:00,12.812,147.138
2019-11-02 10:00,2019-11-02 11:00,13.184,312.549
2019-11-02 11:00,2019-11-02 12:00,13.556,344.583
2019-11-02 12:00,2019-11-02 13:00,13.899,245.828
2019-11-02 13:00,2019-11-02 14:00,13.989,185.327
2019-11-02 14:00,2019-11-02 15:00,13.646,97.762
2019-11-02 15:00,2019-11-02 16:00,12.980,33.727
2019-11-02 16:00,2019-11-02 17:00,12.567,1.453
2019-11-02 17:00,2019-11-02 18:00,12.576,0
2019-11-02 18:00,2019-11-02 19:00,12.412,0
2019-11-02 19:00,2019-11-02 20:00,11.991,0
2019-11-02 20:00,2019-11-02 21:00,11.516,0
2019-11-02 21:00,2019-11-02 22:00,11.287,0
2019-11-02 22:00,2019-11-02 23:00,11.087,0
2019-11-02 23:00,2019-11-03 00:00,10.846,0
2019-11-03 00:00,2019-11-03 01:00,10.687,0
2019-11-03 01:00,2019-11-03 02:00,10.610,0
2019-11-03 02:00,2019-11-03 03:00,10.471,0
2019-11-03 03:00,2019-11-03 04:00,10.328,0
2019-11-03 04:00,2019-11-03 05:00,10.104,0
2019-11-03 05:00,2019-11-03 06:00,9.917,0
2019-11-03 06:00,2019-11-03 07:00,9.830,0
2019-11-03 07:00,2019-11-03 08:00,9.916,14.419
2019-11-03 08:00,2019-11-03 09:00,10.264,50.711
2019-11-03 09:00,2019-11-03 10:00,10.696,93.494
2019-11-03 10:00,2019-11-03 11:00,11.188,114.259
2019-11-03 11:00,2019-11-03 12:00,11.542,113.966
2019-11-03 12:00,2019-11-03 13:00,11.649,95.254
2019-11-03 13:00,2019-11-03 14:00,11.584,67.316
2019-11-03 14:00,2019-11-03 15:00,11.379,39.942
2019-11-03 15:00,2019-11-03 16:00,11.052,16.645
2019-11-03 16:00,2019-11-03 17:00,10.713,1.174
2019-11-03 17:00,2019-11-03 18:00,10.656,0
2019-11-03 18:00,2019-11-03 19:00,10.527,0
2019-11-03 19:00,2019-11-03 20:00,10.054,0
2019-11-03 20:00,2019-11-03 21:00,9.554,0
2019-11-03 21:00,2019-11-03 22:00,9.274,0
2019-11-03 22:00,2019-11-03 23:00,9.058,0
2019-11-03 23:00,2019-11-04 00:00,8.991,0
2019-11-04 00:00,2019-11-04 01:00,9.274,0
2019-11-04 01:00,2019-11-04 02:00,9.395,0
2019-11-04 02:00,2019-11-04 03:00,9.572,0
2019-11-04 03:00,2019-11-04 04:00,9.689,0
2019-11-04 04:00,2019-11-04 05:00,9.839,0
2019-11-04 05:00,2019-11-04 06:00,9.787,0
2019-11-04 06:00,2019-11-04 07:00,9.547,0
2019-11-04 07:00,2019-11-04 08:00,9.273,27.344
2019-11-04 08:00,2019-11-04 09:00,9.437,104.331
2019-11-04 09:00,2019-11-04 10:00,9.959,169.800
2019-11-04 10:00,2019-11-04 11:00,10.709,196.809
2019-11-04 11:00,2019-11-04 12:00,11.390,194.592
2019-11-04 12:00,2019-11-04 13:00,12.073,187.475
2019-11-04 13:00,2019-11-04 14:00,12.642,188.147
2019-11-04 14:00,2019-11-04 15:00,12.873,139.311
2019-11-04 15:00,2019-11-04 16:00,12.345,58.992
2019-11-04 16:00,2019-11-04 17:00,11.043,2.603
2019-11-04 17:00,2019-11-04 18:00,10.495,0
2019-11-04 18:00,2019-11-04 19:00,10.152,0
2019-11-04 19:00,2019-11-04 20:00,9.894,0
2019-11-04 20:00,2019-11-04 21:00,9.616,0
2019-11-04 21:00,2019-11-04 22:00,9.483,0
2019-11-04 22:00,2019-11-04 23:00,9.394,0
2019-11-04 23:00,2019-11-05 00:00,9.299,0
2019-11-05 00:00,2019-11-05 01:00,9.193,0
2019-11-05 01:00,2019-11-05 02:00,9.153,0
2019-11-05 02:00,2019-11-05 03:00,9.256,0
2019-11-05 03:00,2019-11-05 04:00,9.366,0
2019-11-05 04:00,2019-11-05 05:00,9.362,0
2019-11-05 05:00,2019-11-05 06:00,9.234,0
2019-11-05 06:00,2019-11-05 07:00,9.164,0
2019-11-05 07:00,2019-11-05 08:00,9.184,7.906
2019-11-05 08:00,2019-11-05 09:00,9.368,31.808
2019-11-05 09:00,2019-11-05 10:00,9.610,58.199
2019-11-05 10:00,2019-11-05 11:00,9.966,81.822
2019-11-05 11:00,2019-11-05 12:00,10.335,98.519
2019-11-05 12:00,2019-11-05 13:00,10.704,115.059
2019-11-05 13:00,2019-11-05 14:00,11.048,142.218
2019-11-05 14:00,2019-11-05 15:00,11.281,120.727
2019-11-05 15:00,2019-11-05 16:00,10.875,38.689
2019-11-05 16:00,2019-11-05 17:00,10.335,1.262
2019-11-05 17:00,2019-11-05 18:00,10.411,0
2019-11-05 18:00,2019-11-05 19:00,10.392,0
2019-11-05 19:00,2019-11-05 20:00,10.328,0
2019-11-05 20:00,2019-11-05 21:00,10.134,0
2019-11-05 21:00,2019-11-05 22:00,9.970,0
2019-11-05 22:00,2019-11-05 23:00,9.746,0
2019-11-05 23:00,2019-11-06 00:00,9.548,0
2019-11-06 00:00,2019-11-06 01:00,9.330,0
2019-11-06 01:00,2019-11-06 02:00,9.053,0
2019-11-06 02:00,2019-11-06 03:00,8.752,0
2019-11-06 03:00,2019-11-06 04:00,8.676,0
2019-11-06 04:00,2019-11-06 05:00,8.498,0
2019-11-06 05:00,2019-11-06 06:00,8.387,0
2019-11-06 06:00,2019-11-06 07:00,8.204,0
2019-11-06 07:00,2019-11-06 08:00,8.206,24.590
2019-11-06 08:00,2019-11-06 09:00,9.479,106.671
2019-11-06 09:00,2019-11-06 10:00,10.084,199.871
2019-11-06 10:00,2019-11-06 11:00,10.445,269.951
2019-11-06 11:00,2019-11-06 12:00,10.701,273.462
2019-11-06 12:00,2019-11-06 13:00,10.785,270.523
2019-11-06 13:00,2019-11-06 14:00,10.636,203.066
2019-11-06 14:00,2019-11-06 15:00,10.371,124.728
2019-11-06 15:00,2019-11-06 16:00,9.621,50.227
2019-11-06 16:00,2019-11-06 17:00,8.919,1.614
2019-11-06 17:00,2019-11-06 18:00,8.832,0
2019-11-06 18:00,2019-11-06 19:00,8.785,0
2019-11-06 19:00,2019-11-06 20:00,8.357,0
2019-11-06 20:00,2019-11-06 21:00,7.900,0
2019-11-06 21:00,2019-11-06 22:00,7.635,0
2019-11-06 22:00,2019-11-06 23:00,7.177,0
2019-11-06 23:00,2019-11-07 00:00,6.732,0
2019-11-07 00:00,2019-11-07 01:00,6.619,0
2019-11-07 01:00,2019-11-07 02:00,6.791,0
2019-11-07 02:00,2019-11-07 03:00,6.975,0
2019-11-07 03:00,2019-11-07 04:00,7.172,0
2019-11-07 04:00,2019-11-07 05:00,7.250,0
2019-11-07 05:00,2019-11-07 06:00,7.286,0
2019-11-07 06:00,2019-11-07 07:00,7.236,0
2019-11-07 07:00,2019-11-07 08:00,7.257,8.532
2019-11-07 08:00,2019-11-07 09:00,7.693,35.148
2019-11-07 09:00,2019-11-07 10:00,8.162,51.876
2019-11-07 10:00,2019-11-07 11:00,8.595,54.202
2019-11-07 11:00,2019-11-07 12:00,8.807,51.343
2019-11-07 12:00,2019-11-07 13:00,8.835,55.633
2019-11-07 13:00,2019-11-07 14:00,8.988,62.456
2019-11-07 14:00,2019-11-07 15:00,9.371,54.856
2019-11-07 15:00,2019-11-07 16:00,9.577,36.669
2019-11-07 16:00,2019-11-07 17:00,9.208,1.319
2019-11-07 17:00,2019-11-07 18:00,8.649,0
2019-11-07 18:00,2019-11-07 19:00,8.122,0
2019-11-07 19:00,2019-11-07 20:00,7.824,0
2019-11-07 20:00,2019-11-07 21:00,7.751,0
2019-11-07 21:00,2019-11-07 22:00,7.610,0
2019-11-07 22:00,2019-11-07 23:00,7.321,0
2019-11-07 23:00,2019-11-08 00:00,6.879,0
2019-11-08 00:00,2019-11-08 01:00,6.376,0
2019-11-08 01:00,2019-11-08 02:00,5.906,0
2019-11-08 02:00,2019-11-08 03:00,5.671,0
2019-11-08 03:00,2019-11-08 04:00,5.466,0
2019-11-08 04:00,2019-11-08 05:00,5.477,0
2019-11-08 05:00,2019-11-08 06:00,5.663,0
2019-11-08 06:00,2019-11-08 07:00,5.850,0
2019-11-08 07:00,2019-11-08 08:00,6.066,14.014
2019-11-08 08:00,2019-11-08 09:00,6.577,70.384
2019-11-08 09:00,2019-11-08 10:00,7.099,136.759
2019-11-08 10:00,2019-11-08 11:00,7.612,195.724
2019-11-08 11:00,2019-11-08 12:00,8.312,271.772
2019-11-08 12:00,2019-11-08 13:00,8.953,303.006
2019-11-08 13:00,2019-11-08 14:00,9.277,254.461
2019-11-08 14:00,2019-11-08 15:00,9.235,169.394
2019-11-08 15:00,2019-11-08 16:00,8.273,63.788
2019-11-08 16:00,2019-11-08 17:00,6.983,1.305
2019-11-08 17:00,2019-11-08 18:00,6.701,0
2019-11-08 18:00,2019-11-08 19:00,6.622,0
2019-11-08 19:00,2019-11-08 20:00,6.598,0
2019-11-08 20:00,2019-11-08 21:00,6.608,0
2019-11-08 21:00,2019-11-08 22:00,6.810,0
2019-11-08 22:00,2019-11-08 23:00,7.220,0
2019-11-08 23:00,2019-11-09 00:00,7.436,0
2019-11-09 00:00,2019-11-09 01:00,7.631,0
2019-11-09 01:00,2019-11-09 02:00,7.800,0
2019-11-09 02:00,2019-11-09 03:00,7.963,0
2019-11-09 03:00,2019-11-09 04:00,8.351,0
2019-11-09 04:00,2019-11-09 05:00,8.742,0
2019-11-09 05:00,2019-11-09 06:00,9.034,0
2019-11-09 06:00,2019-11-09 07:00,9.200,0
2019-11-09 07:00,2019-11-09 08:00,9.105,13.370
2019-11-09 08:00,2019-11-09 09:00,9.231,97.331
2019-11-09 09:00,2019-11-09 10:00,9.579,214.690
2019-11-09 10:00,2019-11-09 11:00,10.040,306.593
2019-11-09 11:00,2019-11-09 12:00,10.386,347.588
2019-11-09 12:00,2019-11-09 13:00,10.535,337.524
2019-11-09 13:00,2019-11-09 14:00,10.400,273.244
2019-11-09 14:00,2019-11-09 15:00,10.002,177.260
2019-11-09 15:00,2019-11-09 16:00,8.986,61.779
2019-11-09 16:00,2019-11-09 17:00,7.463,0.979
2019-11-09 17:00,2019-11-09 18:00,7.290,0
2019-11-09 18:00,2019-11-09 19:00,7.075,0
2019-11-09 19:00,2019-11-09 20:00,6.652,0
2019-11-09 20:00,2019-11-09 21:00,6.022,0
2019-11-09 21:00,2019-11-09 22:00,5.434,0
2019-11-09 22:00,2019-11-09 23:00,4.930,0
2019-11-09 23:00,2019-11-10 00:00,4.734,0
2019-11-10 00:00,2019-11-10 01:00,4.751,0
2019-11-10 01:00,2019-11-10 02:00,4.629,0
2019-11-10 02:00,2019-11-10 03:00,4.451,0
2019-11-10 03:00,2019-11-10 04:00,4.248,0
2019-11-10 04:00,2019-11-10 05:00,4.080,0
2019-11-10 05:00,2019-11-10 06:00,3.951,0
2019-11-10 06:00,2019-11-10 07:00,3.829,0
2019-11-10 07:00,2019-11-10 08:00,3.786,15.135
2019-11-10 08:00,2019-11-10 09:00,4.112,84.693
2019-11-10 09:00,2019-11-10 10:00,4.894,167.914
2019-11-10 10:00,2019-11-10 11:00,5.994,294.641
2019-11-10 11:00,2019-11-10 12:00,7.040,346.243
2019-11-10 12:00,2019-11-10 13:00,8.227,332.737
2019-11-10 13:00,2019-11-10 14:00,8.923,272.710
2019-11-10 14:00,2019-11-10 15:00,8.922,175.785
2019-11-10 15:00,2019-11-10 16:00,8.228,61.637
2019-11-10 16:00,2019-11-10 17:00,7.489,0.738
2019-11-10 17:00,2019-11-10 18:00,6.910,0
2019-11-10 18:00,2019-11-10 19:00,6.235,0
2019-11-10 19:00,2019-11-10 20:00,5.108,0
2019-11-10 20:00,2019-11-10 21:00,4.551,0
2019-11-10 21:00,2019-11-10 22:00,4.154,0
2019-11-10 22:00,2019-11-10 23:00,3.826,0
2019-11-10 23:00,2019-11-11 00:00,3.828,0
2019-11-11 00:00,2019-11-11 01:00,4.145,0
2019-11-11 01:00,2019-11-11 02:00,4.416,0
2019-11-11 02:00,2019-11-11 03:00,4.643,0
2019-11-11 03:00,2019-11-11 04:00,4.760,0
2019-11-11 04:00,2019-11-11 05:00,4.561,0
2019-11-11 05:00,2019-11-11 06:00,4.766,0
2019-11-11 06:00,2019-11-11 07:00,5.080,0
2019-11-11 07:00,2019-11-11 08:00,5.420,5.577
2019-11-11 08:00,2019-11-11 09:00,5.993,32.838
2019-11-11 09:00,2019-11-11 10:00,6.408,81.133
2019-11-11 10:00,2019-11-11 11:00,6.762,91.316
2019-11-11 11:00,2019-11-11 12:00,6.881,73.397
2019-11-11 12:00,2019-11-11 13:00,6.697,50.111
2019-11-11 13:00,2019-11-11 14:00,6.897,41.871
2019-11-11 14:00,2019-11-11 15:00,7.476,35.256
2019-11-11 15:00,2019-11-11 16:00,7.961,15.836
2019-11-11 16:00,2019-11-11 17:00,8.126,0.160
2019-11-11 17:00,2019-11-11 18:00,8.106,0
2019-11-11 18:00,2019-11-11 19:00,8.085,0
2019-11-11 19:00,2019-11-11 20:00,8.176,0
2019-11-11 20:00,2019-11-11 21:00,8.301,0
2019-11-11 21:00,2019-11-11 22:00,8.312,0
2019-11-11 22:00,2019-11-11 23:00,8.028,0
2019-11-11 23:00,2019-11-12 00:00,7.668,0
2019-11-12 00:00,2019-11-12 01:00,7.393,0
2019-11-12 01:00,2019-11-12 02:00,7.167,0
2019-11-12 02:00,2019-11-12 03:00,6.800,0
2019-11-12 03:00,2019-11-12 04:00,6.372,0
2019-11-12 04:00,2019-11-12 05:00,6.132,0
2019-11-12 05:00,2019-11-12 06:00,5.956,0
2019-11-12 06:00,2019-11-12 07:00,5.815,0
2019-11-12 07:00,2019-11-12 08:00,5.760,4.346
2019-11-12 08:00,2019-11-12 09:00,5.861,27.891
2019-11-12 09:00,2019-11-12 10:00,6.238,62.512
2019-11-12 10:00,2019-11-12 11:00,6.755,99.695
2019-11-12 11:00,2019-11-12 12:00,7.376,143.423
2019-11-12 12:00,2019-11-12 13:00,7.868,166.303
2019-11-12 13:00,2019-11-12 14:00,7.983,140.301
2019-11-12 14:00,2019-11-12 15:00,7.772,95.932
2019-11-12 15:00,2019-11-12 16:00,7.379,32.957
2019-11-12 16:00,2019-11-12 17:00,6.929,0.163
2019-11-12 17:00,2019-11-12 18:00,6.534,0
2019-11-12 18:00,2019-11-12 19:00,6.229,0
2019-11-12 19:00,2019-11-12 20:00,5.990,0
2019-11-12 20:00,2019-11-12 21:00,5.958,0
2019-11-12 21:00,2019-11-12 22:00,6.197,0
2019-11-12 22:00,2019-11-12 23:00,6.694,0
2019-11-12 23:00,2019-11-13 00:00,7.221,0
2019-11-13 00:00,2019-11-13 01:00,7.695,0
2019-11-13 01:00,2019-11-13 02:00,7.983,0
2019-11-13 02:00,2019-11-13 03:00,8.124,0
2019-11-13 03:00,2019-11-13 04:00,8.111,0
2019-11-13 04:00,2019-11-13 05:00,7.944,0
2019-11-13 05:00,2019-11-13 06:00,7.866,0
2019-11-13 06:00,2019-11-13 07:00,7.974,0
2019-11-13 07:00,2019-11-13 08:00,8.209,8.331
2019-11-13 08:00,2019-11-13 09:00,8.850,59.116
2019-11-13 09:00,2019-11-13 10:00,9.338,116.373
2019-11-13 10:00,2019-11-13 11:00,9.526,149.859
2019-11-13 11:00,2019-11-13 12:00,9.515,179.845
2019-11-13 12:00,2019-11-13 13:00,9.361,159.544
2019-11-13 13:00,2019-11-13 14:00,9.106,120.600
2019-11-13 14:00,2019-11-13 15:00,8.714,81.799
2019-11-13 15:00,2019-11-13 16:00,7.820,28.561
2019-11-13 16:00,2019-11-13 17:00,7.185,0.070
2019-11-13 17:00,2019-11-13 18:00,7.235,0
2019-11-13 18:00,2019-11-13 19:00,7.084,0
2019-11-13 19:00,2019-11-13 20:00,6.794,0
2019-11-13 20:00,2019-11-13 21:00,6.415,0
2019-11-13 21:00,2019-11-13 22:00,6.379,0
2019-11-13 22:00,2019-11-13 23:00,6.238,0
2019-11-13 23:00,2019-11-14 00:00,6.081,0
2019-11-14 00:00,2019-11-14 01:00,5.839,0
2019-11-14 01:00,2019-11-14 02:00,5.675,0
2019-11-14 02:00,2019-11-14 03:00,5.545,0
2019-11-14 03:00,2019-11-14 04:00,5.418,0
2019-11-14 04:00,2019-11-14 05:00,5.216,0
2019-11-14 05:00,2019-11-14 06:00,5.008,0
2019-11-14 06:00,2019-11-14 07:00,4.942,0
2019-11-14 07:00,2019-11-14 08:00,4.986,9.360
2019-11-14 08:00,2019-11-14 09:00,5.265,45.983
2019-11-14 09:00,2019-11-14 10:00,5.563,68.771
2019-11-14 10:00,2019-11-14 11:00,5.952,85.841
2019-11-14 11:00,2019-11-14 12:00,6.283,96.201
2019-11-14 12:00,2019-11-14 13:00,6.535,96.860
2019-11-14 13:00,2019-11-14 14:00,6.553,85.969
2019-11-14 14:00,2019-11-14 15:00,6.460,54.010
2019-11-14 15:00,2019-11-14 16:00,6.031,18.141
2019-11-14 16:00,2019-11-14 17:00,5.633,0.044
2019-11-14 17:00,2019-11-14 18:00,5.570,0
2019-11-14 18:00,2019-11-14 19:00,5.696,0
2019-11-14 19:00,2019-11-14 20:00,5.822,0
2019-11-14 20:00,2019-11-14 21:00,5.911,0
2019-11-14 21:00,2019-11-14 22:00,5.859,0
2019-11-14 22:00,2019-11-14 23:00,5.751,0
2019-11-14 23:00,2019-11-15 00:00,5.527,0
2019-11-15 00:00,2019-11-15 01:00,5.291,0
2019-11-15 01:00,2019-11-15 02:00,5.094,0
2019-11-15 02:00,2019-11-15 03:00,4.947,0
2019-11-15 03:00,2019-11-15 04:00,4.634,0
2019-11-15 04:00,2019-11-15 05:00,4.411,0
2019-11-15 05:00,2019-11-15 06:00,4.182,0
2019-11-15 06:00,2019-11-15 07:00,4.107,0
2019-11-15 07:00,2019-11-15 08:00,4.119,7.612
2019-11-15 08:00,2019-11-15 09:00,4.224,58.211
2019-11-15 09:00,2019-11-15 10:00,4.452,128.172
2019-11-15 10:00,2019-11-15 11:00,4.641,90.233
2019-11-15 11:00,2019-11-15 12:00,4.967,110.893
2019-11-15 12:00,2019-11-15 13:00,5.213,108.302
2019-11-15 13:00,2019-11-15 14:00,5.414,90.576
2019-11-15 14:00,2019-11-15 15:00,5.576,74.981
2019-11-15 15:00,2019-11-15 16:00,5.547,23.606
2019-11-15 16:00,2019-11-15 17:00,5.317,0.032
2019-11-15 17:00,2019-11-15 18:00,5.260,0
2019-11-15 18:00,2019-11-15 19:00,5.100,0
2019-11-15 19:00,2019-11-15 20:00,4.895,0
2019-11-15 20:00,2019-11-15 21:00,4.522,0
2019-11-15 21:00,2019-11-15 22:00,4.241,0
2019-11-15 22:00,2019-11-15 23:00,3.928,0
2019-11-15 23:00,2019-11-16 00:00,3.645,0
2019-11-16 00:00,2019-11-16 01:00,3.542,0
2019-11-16 01:00,2019-11-16 02:00,3.473,0
2019-11-16 02:00,2019-11-16 03:00,3.377,0
2019-11-16 03:00,2019-11-16 04:00,3.341,0
2019-11-16 04:00,2019-11-16 05:00,3.403,0
2019-11-16 05:00,2019-11-16 06:00,3.464,0
2019-11-16 06:00,2019-11-16 07:00,3.537,0
2019-11-16 07:00,2019-11-16 08:00,3.695,4.264
2019-11-16 08:00,2019-11-16 09:00,4.344,30.431
2019-11-16 09:00,2019-11-16 10:00,5.036,60.971
2019-11-16 10:00,2019-11-16 11:00,5.396,81.394
2019-11-16 11:00,2019-11-16 12:00,5.652,88.938
2019-11-16 12:00,2019-11-16 13:00,5.825,84.253
2019-11-16 13:00,2019-11-16 14:00,5.873,68.084
2019-11-16 14:00,2019-11-16 15:00,5.656,41.557
2019-11-16 15:00,2019-11-16 16:00,5.180,12.543
2019-11-16 16:00,2019-11-16 17:00,4.944,0.003
2019-11-16 17:00,2019-11-16 18:00,5.109,0
2019-11-16 18:00,2019-11-16 19:00,5.340,0
2019-11-16 19:00,2019-11-16 20:00,5.557,0
2019-11-16 20:00,2019-11-16 21:00,5.805,0
2019-11-16 21:00,2019-11-16 22:00,5.919,0
2019-11-16 22:00,2019-11-16 23:00,5.853,0
2019-11-16 23:00,2019-11-17 00:00,5.689,0
2019-11-17 00:00,2019-11-17 01:00,5.489,0
2019-11-17 01:00,2019-11-17 02:00,5.142,0
2019-11-17 02:00,2019-11-17 03:00,5.190,0
2019-11-17 03:00,2019-11-17 04:00,4.949,0
2019-11-17 04:00,2019-11-17 05:00,4.679,0
2019-11-17 05:00,2019-11-17 06:00,3.981,0
2019-11-17 06:00,2019-11-17 07:00,3.466,0
2019-11-17 07:00,2019-11-17 08:00,3.437,8.232
2019-11-17 08:00,2019-11-17 09:00,4.185,74.145
2019-11-17 09:00,2019-11-17 10:00,4.949,166.631
2019-11-17 10:00,2019-11-17 11:00,5.628,231.750
2019-11-17 11:00,2019-11-17 12:00,6.247,191.700
2019-11-17 12:00,2019-11-17 13:00,6.645,165.837
2019-11-17 13:00,2019-11-17 14:00,6.822,110.475
2019-11-17 14:00,2019-11-17 15:00,6.478,59.350
2019-11-17 15:00,2019-11-17 16:00,5.726,23.435
2019-11-17 16:00,2019-11-17 17:00,5.125,0.002
2019-11-17 17:00,2019-11-17 18:00,4.981,0
2019-11-17 18:00,2019-11-17 19:00,4.946,0
2019-11-17 19:00,2019-11-17 20:00,4.966,0
2019-11-17 20:00,2019-11-17 21:00,5.110,0
2019-11-17 21:00,2019-11-17 22:00,5.397,0
2019-11-17 22:00,2019-11-17 23:00,5.646,0
2019-11-17 23:00,2019-11-18 00:00,5.620,0
2019-11-18 00:00,2019-11-18 01:00,5.620,0
2019-11-18 01:00,2019-11-18 02:00,5.688,0
2019-11-18 02:00,2019-11-18 03:00,5.871,0
2019-11-18 03:00,2019-11-18 04:00,5.901,0
2019-11-18 04:00,2019-11-18 05:00,6.061,0
2019-11-18 05:00,2019-11-18 06:00,6.285,0
2019-11-18 06:00,2019-11-18 07:00,6.287,0
2019-11-18 07:00,2019-11-18 08:00,6.472,5.093
2019-11-18 08:00,2019-11-18 09:00,7.401,47.035
2019-11-18 09:00,2019-11-18 10:00,8.152,90.992
2019-11-18 10:00,2019-11-18 11:00,8.475,108.861
2019-11-18 11:00,2019-11-18 12:00,8.729,116.961
2019-11-18 12:00,2019-11-18 13:00,8.906,105.958
2019-11-18 13:00,2019-11-18 14:00,8.933,69.907
2019-11-18 14:00,2019-11-18 15:00,8.827,40.863
2019-11-18 15:00,2019-11-18 16:00,8.740,11.017
2019-11-18 16:00,2019-11-18 17:00,8.668,0
2019-11-18 17:00,2019-11-18 18:00,8.487,0
2019-11-18 18:00,2019-11-18 19:00,8.237,0
2019-11-18 19:00,2019-11-18 20:00,7.944,0
2019-11-18 20:00,2019-11-18 21:00,7.637,0
2019-11-18 21:00,2019-11-18 22:00,7.280,0
2019-11-18 22:00,2019-11-18 23:00,7.078,0
2019-11-18 23:00,2019-11-19 00:00,7.038,0
2019-11-19 00:00,2019-11-19 01:00,6.892,0
2019-11-19 01:00,2019-11-19 02:00,6.727,0
2019-11-19 02:00,2019-11-19 03:00,6.748,0
2019-11-19 03:00,2019-11-19 04:00,6.702,0
2019-11-19 04:00,2019-11-19 05:00,6.503,0
2019-11-19 05:00,2019-11-19 06:00,6.290,0
2019-11-19 06:00,2019-11-19 07:00,6.166,0
2019-11-19 07:00,2019-11-19 08:00,6.096,5.414
2019-11-19 08:00,2019-11-19 09:00,6.799,59.608
2019-11-19 09:00,2019-11-19 10:00,7.722,129.181
2019-11-19 10:00,2019-11-19 11:00,8.105,183.822
2019-11-19 11:00,2019-11-19 12:00,8.214,207.451
2019-11-19 12:00,2019-11-19 13:00,8.165,191.593
2019-11-19 13:00,2019-11-19 14:00,7.948,143.258
2019-11-19 14:00,2019-11-19 15:00,7.550,103.477
2019-11-19 15:00,2019-11-19 16:00,6.411,25.238
2019-11-19 16:00,2019-11-19 17:00,5.766,0
2019-11-19 17:00,2019-11-19 18:00,5.691,0
2019-11-19 18:00,2019-11-19 19:00,5.473,0
2019-11-19 19:00,2019-11-19 20:00,5.004,0
2019-11-19 20:00,2019-11-19 21:00,4.390,0
2019-11-19 21:00,2019-11-19 22:00,3.858,0
2019-11-19 22:00,2019-11-19 23:00,3.419,0
2019-11-19 23:00,2019-11-20 00:00,3.033,0
2019-11-20 00:00,2019-11-20 01:00,2.693,0
2019-11-20 01:00,2019-11-20 02:00,2.383,0
2019-11-20 02:00,2019-11-20 03:00,2.074,0
2019-11-20 03:00,2019-11-20 04:00,1.715,0
2019-11-20 04:00,2019-11-20 05:00,1.373,0
2019-11-20 05:00,2019-11-20 06:00,1.097,0
2019-11-20 06:00,2019-11-20 07:00,0.890,0
2019-11-20 07:00,2019-11-20 08:00,0.838,8.271
2019-11-20 08:00,2019-11-20 09:00,2.032,92.800
2019-11-20 09:00,2019-11-20 10:00,3.127,190.300
2019-11-20 10:00,2019-11-20 11:00,4.020,267.292
2019-11-20 11:00,2019-11-20 12:00,5.201,298.493
2019-11-20 12:00,2019-11-20 13:00,5.934,283.207
2019-11-20 13:00,2019-11-20 14:00,6.181,224.280
2019-11-20 14:00,2019-11-20 15:00,5.837,131.876
2019-11-20 15:00,2019-11-20 16:00,4.277,31.931
2019-11-20 16:00,2019-11-20 17:00,3.287,0
2019-11-20 17:00,2019-11-20 18:00,3.072,0
2019-11-20 18:00,2019-11-20 19:00,3.018,0
2019-11-20 19:00,2019-11-20 20:00,2.945,0
2019-11-20 20:00,2019-11-20 21:00,2.686,0
2019-11-20 21:00,2019-11-20 22:00,2.478,0
2019-11-20 22:00,2019-11-20 23:00,2.430,0
2019-11-20 23:00,2019-11-21 00:00,2.392,0
2019-11-21 00:00,2019-11-21 01:00,2.291,0
2019-11-21 01:00,2019-11-21 02:00,2.020,0
2019-11-21 02:00,2019-11-21 03:00,1.830,0
2019-11-21 03:00,2019-11-21 04:00,1.609,0
2019-11-21 04:00,2019-11-21 05:00,1.410,0
2019-11-21 05:00,2019-11-21 06:00,1.165,0
2019-11-21 06:00,2019-11-21 07:00,1.001,0
2019-11-21 07:00,2019-11-21 08:00,0.983,4.205
2019-11-21 08:00,2019-11-21 09:00,1.284,45.286
2019-11-21 09:00,2019-11-21 10:00,1.878,104.218
2019-11-21 10:00,2019-11-21 11:00,2.591,169.507
2019-11-21 11:00,2019-11-21 12:00,3.397,177.346
2019-11-21 12:00,2019-11-21 13:00,4.014,127.204
2019-11-21 13:00,2019-11-21 14:00,4.411,77.162
2019-11-21 14:00,2019-11-21 15:00,4.621,41.791
2019-11-21 15:00,2019-11-21 16:00,4.501,11.280
2019-11-21 16:00,2019-11-21 17:00,4.280,0
2019-11-21 17:00,2019-11-21 18:00,4.107,0
2019-11-21 18:00,2019-11-21 19:00,3.941,0
2019-11-21 19:00,2019-11-21 20:00,3.902,0
2019-11-21 20:00,2019-11-21 21:00,4.055,0
2019-11-21 21:00,2019-11-21 22:00,4.305,0
2019-11-21 22:00,2019-11-21 23:00,4.480,0
2019-11-21 23:00,2019-11-22 00:00,4.783,0
2019-11-22 00:00,2019-11-22 01:00,5.071,0
2019-11-22 01:00,2019-11-22 02:00,5.256,0
2019-11-22 02:00,2019-11-22 03:00,5.479,0
2019-11-22 03:00,2019-11-22 04:00,5.723,0
2019-11-22 04:00,2019-11-22 05:00,5.781,0
2019-11-22 05:00,2019-11-22 06:00,5.796,0
2019-11-22 06:00,2019-11-22 07:00,5.812,0
2019-11-22 07:00,2019-11-22 08:00,5.648,3.494
2019-11-22 08:00,2019-11-22 09:00,5.696,46.606
2019-11-22 09:00,2019-11-22 10:00,6.283,99.109
2019-11-22 10:00,2019-11-22 11:00,7.181,166.850
2019-11-22 11:00,2019-11-22 12:00,8.309,217.585
2019-11-22 12:00,2019-11-22 13:00,9.285,227.028
2019-11-22 13:00,2019-11-22 14:00,9.904,188.234
2019-11-22 14:00,2019-11-22 15:00,9.773,105.935
2019-11-22 15:00,2019-11-22 16:00,8.656,22.264
2019-11-22 16:00,2019-11-22 17:00,7.884,0
2019-11-22 17:00,2019-11-22 18:00,7.165,0
2019-11-22 18:00,2019-11-22 19:00,6.495,0
2019-11-22 19:00,2019-11-22 20:00,5.997,0
2019-11-22 20:00,2019-11-22 21:00,5.419,0
2019-11-22 21:00,2019-11-22 22:00,5.033,0
2019-11-22 22:00,2019-11-22 23:00,4.817,0
2019-11-22 23:00,2019-11-23 00:00,4.706,0
2019-11-23 00:00,2019-11-23 01:00,4.844,0
2019-11-23 01:00,2019-11-23 02:00,4.988,0
2019-11-23 02:00,2019-11-23 03:00,5.167,0
2019-11-23 03:00,2019-11-23 04:00,5.094,0
2019-11-23 04:00,2019-11-23 05:00,5.008,0
2019-11-23 05:00,2019-11-23 06:00,5.031,0
2019-11-23 06:00,2019-11-23 07:00,5.006,0
2019-11-23 07:00,2019-11-23 08:00,4.910,1.534
2019-11-23 08:00,2019-11-23 09:00,4.930,38.294
2019-11-23 09:00,2019-11-23 10:00,5.319,111.081
2019-11-23 10:00,2019-11-23 11:00,6.077,166.184
2019-11-23 11:00,2019-11-23 12:00,6.864,176.197
2019-11-23 12:00,2019-11-23 13:00,7.398,121.873
2019-11-23 13:00,2019-11-23 14:00,7.609,68.655
2019-11-23 14:00,2019-11-23 15:00,7.531,32.432
2019-11-23 15:00,2019-11-23 16:00,7.304,10.289
2019-11-23 16:00,2019-11-23 17:00,6.866,0
2019-11-23 17:00,2019-11-23 18:00,6.815,0
2019-11-23 18:00,2019-11-23 19:00,6.529,0
2019-11-23 19:00,2019-11-23 20:00,6.185,0
2019-11-23 20:00,2019-11-23 21:00,5.791,0
2019-11-23 21:00,2019-11-23 22:00,5.537,0
2019-11-23 22:00,2019-11-23 23:00,5.453,0
2019-11-23 23:00,2019-11-24 00:00,5.428,0
2019-11-24 00:00,2019-11-24 01:00,5.313,0
2019-11-24 01:00,2019-11-24 02:00,5.206,0
2019-11-24 02:00,2019-11-24 03:00,5.136,0
2019-11-24 03:00,2019-11-24 04:00,5.078,0
2019-11-24 04:00,2019-11-24 05:00,5.075,0
2019-11-24 05:00,2019-11-24 06:00,5.145,0
2019-11-24 06:00,2019-11-24 07:00,5.200,0
2019-11-24 07:00,2019-11-24 08:00,5.249,1.781
2019-11-24 08:00,2019-11-24 09:00,5.521,36.335
2019-11-24 09:00,2019-11-24 10:00,6.082,91.103
2019-11-24 10:00,2019-11-24 11:00,6.659,140.450
2019-11-24 11:00,2019-11-24 12:00,7.315,159.925
2019-11-24 12:00,2019-11-24 13:00,8.164,152.802
2019-11-24 13:00,2019-11-24 14:00,8.569,88.786
2019-11-24 14:00,2019-11-24 15:00,8.516,36.234
2019-11-24 15:00,2019-11-24 16:00,8.107,6.677
2019-11-24 16:00,2019-11-24 17:00,7.745,0
2019-11-24 17:00,2019-11-24 18:00,7.465,0
2019-11-24 18:00,2019-11-24 19:00,7.307,0
2019-11-24 19:00,2019-11-24 20:00,7.211,0
2019-11-24 20:00,2019-11-24 21:00,7.007,0
2019-11-24 21:00,2019-11-24 22:00,6.803,0
2019-11-24 22:00,2019-11-24 23:00,6.742,0
2019-11-24 23:00,2019-11-25 00:00,6.665,0
2019-11-25 00:00,2019-11-25 01:00,6.476,0
2019-11-25 01:00,2019-11-25 02:00,6.348,0
2019-11-25 02:00,2019-11-25 03:00,6.205,0
2019-11-25 03:00,2019-11-25 04:00,6.006,0
2019-11-25 04:00,2019-11-25 05:00,5.751,0
2019-11-25 05:00,2019-11-25 06:00,5.600,0
2019-11-25 06:00,2019-11-25 07:00,5.596,0
2019-11-25 07:00,2019-11-25 08:00,5.689,1.467
2019-11-25 08:00,2019-11-25 09:00,6.003,25.216
2019-11-25 09:00,2019-11-25 10:00,6.472,62.012
2019-11-25 10:00,2019-11-25 11:00,7.196,112.166
2019-11-25 11:00,2019-11-25 12:00,8.490,187.950
2019-11-25 12:00,2019-11-25 13:00,9.688,203.403
2019-11-25 13:00,2019-11-25 14:00,10.332,157.945
2019-11-25 14:00,2019-11-25 15:00,10.115,81.356
2019-11-25 15:00,2019-11-25 16:00,9.089,14.760
2019-11-25 16:00,2019-11-25 17:00,8.543,0
2019-11-25 17:00,2019-11-25 18:00,8.446,0
2019-11-25 18:00,2019-11-25 19:00,8.221,0
2019-11-25 19:00,2019-11-25 20:00,8.119,0
2019-11-25 20:00,2019-11-25 21:00,7.951,0
2019-11-25 21:00,2019-11-25 22:00,7.847,0
2019-11-25 22:00,2019-11-25 23:00,7.775,0
2019-11-25 23:00,2019-11-26 00:00,7.696,0
2019-11-26 00:00,2019-11-26 01:00,7.767,0
2019-11-26 01:00,2019-11-26 02:00,7.960,0
2019-11-26 02:00,2019-11-26 03:00,8.103,0
2019-11-26 03:00,2019-11-26 04:00,8.312,0
2019-11-26 04:00,2019-11-26 05:00,8.512,0
2019-11-26 05:00,2019-11-26 06:00,8.622,0
2019-11-26 06:00,2019-11-26 07:00,8.677,0
2019-11-26 07:00,2019-11-26 08:00,8.666,0.661
2019-11-26 08:00,2019-11-26 09:00,8.832,17.001
2019-11-26 09:00,2019-11-26 10:00,9.244,41.428
2019-11-26 10:00,2019-11-26 11:00,9.801,66.569
2019-11-26 11:00,2019-11-26 12:00,10.353,78.065
2019-11-26 12:00,2019-11-26 13:00,10.647,84.973
2019-11-26 13:00,2019-11-26 14:00,10.767,85.571
2019-11-26 14:00,2019-11-26 15:00,10.593,24.830
2019-11-26 15:00,2019-11-26 16:00,10.368,2.865
2019-11-26 16:00,2019-11-26 17:00,10.354,0
2019-11-26 17:00,2019-11-26 18:00,10.284,0
2019-11-26 18:00,2019-11-26 19:00,10.103,0
2019-11-26 19:00,2019-11-26 20:00,9.975,0
2019-11-26 20:00,2019-11-26 21:00,9.818,0
2019-11-26 21:00,2019-11-26 22:00,9.730,0
2019-11-26 22:00,2019-11-26 23:00,9.714,0
2019-11-26 23:00,2019-11-27 00:00,9.810,0
2019-11-27 00:00,2019-11-27 01:00,9.758,0
2019-11-27 01:00,2019-11-27 02:00,9.614,0
2019-11-27 02:00,2019-11-27 03:00,9.458,0
2019-11-27 03:00,2019-11-27 04:00,9.267,0
2019-11-27 04:00,2019-11-27 05:00,8.941,0
2019-11-27 05:00,2019-11-27 06:00,8.762,0
2019-11-27 06:00,2019-11-27 07:00,8.862,0
2019-11-27 07:00,2019-11-27 08:00,9.085,0.241
2019-11-27 08:00,2019-11-27 09:00,9.532,10.989
2019-11-27 09:00,2019-11-27 10:00,10.047,60.606
2019-11-27 10:00,2019-11-27 11:00,10.441,142.978
2019-11-27 11:00,2019-11-27 12:00,10.561,146.043
2019-11-27 12:00,2019-11-27 13:00,10.558,118.627
2019-11-27 13:00,2019-11-27 14:00,10.433,86.144
2019-11-27 14:00,2019-11-27 15:00,10.159,36.759
2019-11-27 15:00,2019-11-27 16:00,9.862,4.312
2019-11-27 16:00,2019-11-27 17:00,9.772,0
2019-11-27 17:00,2019-11-27 18:00,9.883,0
2019-11-27 18:00,2019-11-27 19:00,10.007,0
2019-11-27 19:00,2019-11-27 20:00,9.954,0
2019-11-27 20:00,2019-11-27 21:00,9.917,0
2019-11-27 21:00,2019-11-27 22:00,10.003,0
2019-11-27 22:00,2019-11-27 23:00,10.058,0
2019-11-27 23:00,2019-11-28 00:00,9.906,0
2019-11-28 00:00,2019-11-28 01:00,9.697,0
2019-11-28 01:00,2019-11-28 02:00,9.447,0
2019-11-28 02:00,2019-11-28 03:00,9.300,0
2019-11-28 03:00,2019-11-28 04:00,9.293,0
2019-11-28 04:00,2019-11-28 05:00,9.325,0
2019-11-28 05:00,2019-11-28 06:00,9.320,0
2019-11-28 06:00,2019-11-28 07:00,9.270,0
2019-11-28 07:00,2019-11-28 08:00,9.195,0.329
2019-11-28 08:00,2019-11-28 09:00,9.205,8.949
2019-11-28 09:00,2019-11-28 10:00,9.381,27.604
2019-11-28 10:00,2019-11-28 11:00,9.694,61.791
2019-11-28 11:00,2019-11-28 12:00,10.006,93.354
2019-11-28 12:00,2019-11-28 13:00,10.304,117.650
2019-11-28 13:00,2019-11-28 14:00,10.353,79.409
2019-11-28 14:00,2019-11-28 15:00,10.188,39.725
2019-11-28 15:00,2019-11-28 16:00,9.808,7.832
2019-11-28 16:00,2019-11-28 17:00,9.480,0
2019-11-28 17:00,2019-11-28 18:00,9.241,0
2019-11-28 18:00,2019-11-28 19:00,9.121,0
2019-11-28 19:00,2019-11-28 20:00,9.033,0
2019-11-28 20:00,2019-11-28 21:00,8.891,0
2019-11-28 21:00,2019-11-28 22:00,8.719,0
2019-11-28 22:00,2019-11-28 23:00,8.300,0
2019-11-28 23:00,2019-11-29 00:00,7.683,0
2019-11-29 00:00,2019-11-29 01:00,7.213,0
2019-11-29 01:00,2019-11-29 02:00,6.938,0
2019-11-29 02:00,2019-11-29 03:00,6.803,0
2019-11-29 03:00,2019-11-29 04:00,6.577,0
2019-11-29 04:00,2019-11-29 05:00,6.426,0
2019-11-29 05:00,2019-11-29 06:00,6.414,0
2019-11-29 06:00,2019-11-29 07:00,6.430,0
2019-11-29 07:00,2019-11-29 08:00,6.463,1.285
2019-11-29 08:00,2019-11-29 09:00,6.943,39.808
2019-11-29 09:00,2019-11-29 10:00,7.670,103.824
2019-11-29 10:00,2019-11-29 11:00,8.106,173.942
2019-11-29 11:00,2019-11-29 12:00,8.265,210.310
2019-11-29 12:00,2019-11-29 13:00,8.244,221.121
2019-11-29 13:00,2019-11-29 14:00,8.098,170.355
2019-11-29 14:00,2019-11-29 15:00,7.712,90.109
2019-11-29 15:00,2019-11-29 16:00,6.620,13.404
2019-11-29 16:00,2019-11-29 17:00,6.100,0
2019-11-29 17:00,2019-11-29 18:00,5.991,0
2019-11-29 18:00,2019-11-29 19:00,5.876,0
2019-11-29 19:00,2019-11-29 20:00,5.788,0
2019-11-29 20:00,2019-11-29 21:00,5.584,0
2019-11-29 21:00,2019-11-29 22:00,5.407,0
2019-11-29 22:00,2019-11-29 23:00,5.305,0
2019-11-29 23:00,2019-11-30 00:00,5.283,0
2019-11-30 00:00,2019-11-30 01:00,5.324,0
2019-11-30 01:00,2019-11-30 02:00,5.427,0
2019-11-30 02:00,2019-11-30 03:00,5.446,0
2019-11-30 03:00,2019-11-30 04:00,5.497,0
2019-11-30 04:00,2019-11-30 05:00,5.505,0
2019-11-30 05:00,2019-11-30 06:00,5.484,0
2019-11-30 06:00,2019-11-30 07:00,5.472,0
2019-11-30 07:00,2019-11-30 08:00,5.264,1.615
2019-11-30 08:00,2019-11-30 09:00,5.774,53.818
2019-11-30 09:00,2019-11-30 10:00,6.480,144.626
2019-11-30 10:00,2019-11-30 11:00,7.200,210.379
2019-11-30 11:00,2019-11-30 12:00,7.644,239.256
2019-11-30 12:00,2019-11-30 13:00,7.953,228.806
2019-11-30 13:00,2019-11-30 14:00,7.915,178.231
2019-11-30 14:00,2019-11-30 15:00,7.241,97.285
2019-11-30 15:00,2019-11-30 16:00,5.950,15.234
2019-11-30 16:00,2019-11-30 17:00,4.979,0
2019-11-30 17:00,2019-11-30 18:00,4.336,0
2019-11-30 18:00,2019-11-30 19:00,3.801,0
2019-11-30 19:00,2019-11-30 20:00,3.335,0
2019-11-30 20:00,2019-11-30 21:00,2.902,0
2019-11-30 21:00,2019-11-30 22:00,2.560,0
2019-11-30 22:00,2019-11-30 23:00,2.372,0
2019-11-30 23:00,2019-12-01 00:00,2.245,0
2019-12-01 00:00,2019-12-01 01:00,2.085,0
2019-12-01 01:00,2019-12-01 02:00,2.251,0
2019-12-01 02:00,2019-12-01 03:00,2.407,0
2019-12-01 03:00,2019-12-01 04:00,2.452,0
2019-12-01 04:00,2019-12-01 05:00,2.411,0
2019-12-01 05:00,2019-12-01 06:00,2.324,0
2019-12-01 06:00,2019-12-01 07:00,2.308,0
2019-12-01 07:00,2019-12-01 08:00,2.241,1.158
2019-12-01 08:00,2019-12-01 09:00,2.511,37.842
2019-12-01 09:00,2019-12-01 10:00,3.205,106.444
2019-12-01 10:00,2019-12-01 11:00,4.004,164.162
2019-12-01 11:00,2019-12-01 12:00,4.683,204.093
2019-12-01 12:00,2019-12-01 13:00,5.132,188.202
2019-12-01 13:00,2019-12-01 14:00,5.355,150.822
2019-12-01 14:00,2019-12-01 15:00,5.013,83.585
2019-12-01 15:00,2019-12-01 16:00,3.804,14.028
2019-12-01 16:00,2019-12-01 17:00,3.210,0
2019-12-01 17:00,2019-12-01 18:00,3.122,0
2019-12-01 18:00,2019-12-01 19:00,3.170,0
2019-12-01 19:00,2019-12-01 20:00,3.345,0
2019-12-01 20:00,2019-12-01 21:00,3.639,0
2019-12-01 21:00,2019-12-01 22:00,3.907,0
2019-12-01 22:00,2019-12-01 23:00,4.137,0
2019-12-01 23:00,2019-12-02 00:00,4.261,0
2019-12-02 00:00,2019-12-02 01:00,4.323,0
2019-12-02 01:00,2019-12-02 02:00,4.351,0
2019-12-02 02:00,2019-12-02 03:00,4.474,0
2019-12-02 03:00,2019-12-02 04:00,4.916,0
2019-12-02 04:00,2019-12-02 05:00,5.640,0
2019-12-02 05:00,2019-12-02 06:00,6.042,0
2019-12-02 06:00,2019-12-02 07:00,6.267,0
2019-12-02 07:00,2019-12-02 08:00,6.383,0.609
2019-12-02 08:00,2019-12-02 09:00,6.936,24.846
2019-12-02 09:00,2019-12-02 10:00,7.634,61.017
2019-12-02 10:00,2019-12-02 11:00,8.058,80.762
2019-12-02 11:00,2019-12-02 12:00,8.316,92.797
2019-12-02 12:00,2019-12-02 13:00,8.474,91.238
2019-12-02 13:00,2019-12-02 14:00,8.437,64.471
2019-12-02 14:00,2019-12-02 15:00,8.151,33.461
2019-12-02 15:00,2019-12-02 16:00,7.694,4.640
2019-12-02 16:00,2019-12-02 17:00,7.538,0
2019-12-02 17:00,2019-12-02 18:00,7.566,0
2019-12-02 18:00,2019-12-02 19:00,7.549,0
2019-12-02 19:00,2019-12-02 20:00,7.418,0
2019-12-02 20:00,2019-12-02 21:00,7.262,0
2019-12-02 21:00,2019-12-02 22:00,7.068,0
2019-12-02 22:00,2019-12-02 23:00,6.869,0
2019-12-02 23:00,2019-12-03 00:00,6.596,0
2019-12-03 00:00,2019-12-03 01:00,6.763,0
2019-12-03 01:00,2019-12-03 02:00,6.577,0
2019-12-03 02:00,2019-12-03 03:00,6.542,0
2019-12-03 03:00,2019-12-03 04:00,6.400,0
2019-12-03 04:00,2019-12-03 05:00,6.175,0
2019-12-03 05:00,2019-12-03 06:00,5.756,0
2019-12-03 06:00,2019-12-03 07:00,5.659,0
2019-12-03 07:00,2019-12-03 08:00,5.449,0.758
2019-12-03 08:00,2019-12-03 09:00,5.798,29.439
2019-12-03 09:00,2019-12-03 10:00,6.369,61.730
2019-12-03 10:00,2019-12-03 11:00,6.604,103.958
2019-12-03 11:00,2019-12-03 12:00,6.951,139.873
2019-12-03 12:00,2019-12-03 13:00,7.413,167.165
2019-12-03 13:00,2019-12-03 14:00,7.511,141.942
2019-12-03 14:00,2019-12-03 15:00,7.187,79.052
2019-12-03 15:00,2019-12-03 16:00,6.061,10.809
2019-12-03 16:00,2019-12-03 17:00,5.292,0
2019-12-03 17:00,2019-12-03 18:00,4.965,0
2019-12-03 18:00,2019-12-03 19:00,4.802,0
2019-12-03 19:00,2019-12-03 20:00,4.762,0
2019-12-03 20:00,2019-12-03 21:00,4.753,0
2019-12-03 21:00,2019-12-03 22:00,4.749,0
2019-12-03 22:00,2019-12-03 23:00,4.803,0
2019-12-03 23:00,2019-12-04 00:00,4.657,0
2019-12-04 00:00,2019-12-04 01:00,4.416,0
2019-12-04 01:00,2019-12-04 02:00,4.143,0
2019-12-04 02:00,2019-12-04 03:00,3.866,0
2019-12-04 03:00,2019-12-04 04:00,3.613,0
2019-12-04 04:00,2019-12-04 05:00,3.387,0
2019-12-04 05:00,2019-12-04 06:00,3.158,0
2019-12-04 06:00,2019-12-04 07:00,2.981,0
2019-12-04 07:00,2019-12-04 08:00,2.819,0.522
2019-12-04 08:00,2019-12-04 09:00,2.848,34.680
2019-12-04 09:00,2019-12-04 10:00,3.243,99.250
2019-12-04 10:00,2019-12-04 11:00,3.780,154.901
2019-12-04 11:00,2019-12-04 12:00,4.688,218.682
2019-12-04 12:00,2019-12-04 13:00,5.463,227.583
2019-12-04 13:00,2019-12-04 14:00,5.941,180.072
2019-12-04 14:00,2019-12-04 15:00,5.721,94.489
2019-12-04 15:00,2019-12-04 16:00,4.919,12.474
2019-12-04 16:00,2019-12-04 17:00,4.380,0
2019-12-04 17:00,2019-12-04 18:00,3.954,0
2019-12-04 18:00,2019-12-04 19:00,3.588,0
2019-12-04 19:00,2019-12-04 20:00,3.280,0
2019-12-04 20:00,2019-12-04 21:00,3.021,0
2019-12-04 21:00,2019-12-04 22:00,2.781,0
2019-12-04 22:00,2019-12-04 23:00,2.504,0
2019-12-04 23:00,2019-12-05 00:00,2.277,0
2019-12-05 00:00,2019-12-05 01:00,2.257,0
2019-12-05 01:00,2019-12-05 02:00,2.501,0
2019-12-05 02:00,2019-12-05 03:00,2.788,0
2019-12-05 03:00,2019-12-05 04:00,2.877,0
2019-12-05 04:00,2019-12-05 05:00,2.859,0
2019-12-05 05:00,2019-12-05 06:00,3.029,0
2019-12-05 06:00,2019-12-05 07:00,3.368,0
2019-12-05 07:00,2019-12-05 08:00,3.670,0.515
2019-12-05 08:00,2019-12-05 09:00,3.894,36.574
2019-12-05 09:00,2019-12-05 10:00,4.372,86.494
2019-12-05 10:00,2019-12-05 11:00,4.452,97.744
2019-12-05 11:00,2019-12-05 12:00,4.562,90.962
2019-12-05 12:00,2019-12-05 13:00,4.711,81.213
2019-12-05 13:00,2019-12-05 14:00,4.846,62.974
2019-12-05 14:00,2019-12-05 15:00,4.967,37.093
2019-12-05 15:00,2019-12-05 16:00,4.869,6.094
2019-12-05 16:00,2019-12-05 17:00,4.735,0
2019-12-05 17:00,2019-12-05 18:00,4.714,0
2019-12-05 18:00,2019-12-05 19:00,4.509,0
2019-12-05 19:00,2019-12-05 20:00,4.222,0
2019-12-05 20:00,2019-12-05 21:00,4.196,0
2019-12-05 21:00,2019-12-05 22:00,4.723,0
2019-12-05 22:00,2019-12-05 23:00,4.934,0
2019-12-05 23:00,2019-12-06 00:00,4.854,0
2019-12-06 00:00,2019-12-06 01:00,4.844,0
2019-12-06 01:00,2019-12-06 02:00,5.070,0
2019-12-06 02:00,2019-12-06 03:00,5.378,0
2019-12-06 03:00,2019-12-06 04:00,5.477,0
2019-12-06 04:00,2019-12-06 05:00,5.442,0
2019-12-06 05:00,2019-12-06 06:00,5.397,0
2019-12-06 06:00,2019-12-06 07:00,5.519,0
2019-12-06 07:00,2019-12-06 08:00,5.750,0.120
2019-12-06 08:00,2019-12-06 09:00,5.855,8.167
2019-12-06 09:00,2019-12-06 10:00,5.902,22.284
2019-12-06 10:00,2019-12-06 11:00,6.137,34.414
2019-12-06 11:00,2019-12-06 12:00,6.375,32.509
2019-12-06 12:00,2019-12-06 13:00,6.665,20.838
2019-12-06 13:00,2019-12-06 14:00,7.069,21.449
2019-12-06 14:00,2019-12-06 15:00,7.555,19.591
2019-12-06 15:00,2019-12-06 16:00,7.797,3.133
2019-12-06 16:00,2019-12-06 17:00,7.933,0
2019-12-06 17:00,2019-12-06 18:00,8.109,0
2019-12-06 18:00,2019-12-06 19:00,8.478,0
2019-12-06 19:00,2019-12-06 20:00,9.130,0
2019-12-06 20:00,2019-12-06 21:00,9.529,0
2019-12-06 21:00,2019-12-06 22:00,9.580,0
2019-12-06 22:00,2019-12-06 23:00,9.355,0
2019-12-06 23:00,2019-12-07 00:00,9.115,0
2019-12-07 00:00,2019-12-07 01:00,9.023,0
2019-12-07 01:00,2019-12-07 02:00,9.051,0
2019-12-07 02:00,2019-12-07 03:00,9.072,0
2019-12-07 03:00,2019-12-07 04:00,9.084,0
2019-12-07 04:00,2019-12-07 05:00,9.030,0
2019-12-07 05:00,2019-12-07 06:00,8.918,0
2019-12-07 06:00,2019-12-07 07:00,8.765,0
2019-12-07 07:00,2019-12-07 08:00,8.621,0.193
2019-12-07 08:00,2019-12-07 09:00,8.653,25.818
2019-12-07 09:00,2019-12-07 10:00,8.948,76.108
2019-12-07 10:00,2019-12-07 11:00,9.270,118.488
2019-12-07 11:00,2019-12-07 12:00,9.517,147.242
2019-12-07 12:00,2019-12-07 13:00,9.643,148.611
2019-12-07 13:00,2019-12-07 14:00,9.561,121.013
2019-12-07 14:00,2019-12-07 15:00,9.235,59.457
2019-12-07 15:00,2019-12-07 16:00,8.767,6.190
2019-12-07 16:00,2019-12-07 17:00,8.462,0
2019-12-07 17:00,2019-12-07 18:00,8.280,0
2019-12-07 18:00,2019-12-07 19:00,8.006,0
2019-12-07 19:00,2019-12-07 20:00,7.586,0
2019-12-07 20:00,2019-12-07 21:00,7.305,0
2019-12-07 21:00,2019-12-07 22:00,7.211,0
2019-12-07 22:00,2019-12-07 23:00,7.374,0
2019-12-07 23:00,2019-12-08 00:00,7.649,0
2019-12-08 00:00,2019-12-08 01:00,7.815,0
2019-12-08 01:00,2019-12-08 02:00,8.057,0
2019-12-08 02:00,2019-12-08 03:00,8.303,0
2019-12-08 03:00,2019-12-08 04:00,8.461,0
2019-12-08 04:00,2019-12-08 05:00,8.603,0
2019-12-08 05:00,2019-12-08 06:00,8.756,0
2019-12-08 06:00,2019-12-08 07:00,9.243,0
2019-12-08 07:00,2019-12-08 08:00,9.939,0.016
2019-12-08 08:00,2019-12-08 09:00,10.418,14.978
2019-12-08 09:00,2019-12-08 10:00,10.706,89.484
2019-12-08 10:00,2019-12-08 11:00,10.649,170.647
2019-12-08 11:00,2019-12-08 12:00,10.433,224.820
2019-12-08 12:00,2019-12-08 13:00,10.314,221.005
2019-12-08 13:00,2019-12-08 14:00,10.190,166.993
2019-12-08 14:00,2019-12-08 15:00,9.848,78.699
2019-12-08 15:00,2019-12-08 16:00,9.371,7.355
2019-12-08 16:00,2019-12-08 17:00,9.133,0
2019-12-08 17:00,2019-12-08 18:00,9.023,0
2019-12-08 18:00,2019-12-08 19:00,8.911,0
2019-12-08 19:00,2019-12-08 20:00,8.749,0
2019-12-08 20:00,2019-12-08 21:00,8.492,0
2019-12-08 21:00,2019-12-08 22:00,8.229,0
2019-12-08 22:00,2019-12-08 23:00,7.930,0
2019-12-08 23:00,2019-12-09 00:00,7.670,0
2019-12-09 00:00,2019-12-09 01:00,7.579,0
2019-12-09 01:00,2019-12-09 02:00,7.575,0
2019-12-09 02:00,2019-12-09 03:00,7.522,0
2019-12-09 03:00,2019-12-09 04:00,7.338,0
2019-12-09 04:00,2019-12-09 05:00,7.158,0
2019-12-09 05:00,2019-12-09 06:00,7.182,0
2019-12-09 06:00,2019-12-09 07:00,7.448,0
2019-12-09 07:00,2019-12-09 08:00,7.499,0.057
2019-12-09 08:00,2019-12-09 09:00,7.515,9.992
2019-12-09 09:00,2019-12-09 10:00,7.823,42.642
2019-12-09 10:00,2019-12-09 11:00,8.286,101.212
2019-12-09 11:00,2019-12-09 12:00,8.568,128.626
2019-12-09 12:00,2019-12-09 13:00,8.437,115.251
2019-12-09 13:00,2019-12-09 14:00,8.098,58.971
2019-12-09 14:00,2019-12-09 15:00,8.069,25.840
2019-12-09 15:00,2019-12-09 16:00,7.985,5.059
2019-12-09 16:00,2019-12-09 17:00,7.615,0
2019-12-09 17:00,2019-12-09 18:00,7.275,0
2019-12-09 18:00,2019-12-09 19:00,7.024,0
2019-12-09 19:00,2019-12-09 20:00,6.808,0
2019-12-09 20:00,2019-12-09 21:00,6.578,0
2019-12-09 21:00,2019-12-09 22:00,6.284,0
2019-12-09 22:00,2019-12-09 23:00,5.747,0
2019-12-09 23:00,2019-12-10 00:00,5.215,0
2019-12-10 00:00,2019-12-10 01:00,4.841,0
2019-12-10 01:00,2019-12-10 02:00,4.520,0
2019-12-10 02:00,2019-12-10 03:00,4.277,0
2019-12-10 03:00,2019-12-10 04:00,4.123,0
2019-12-10 04:00,2019-12-10 05:00,3.999,0
2019-12-10 05:00,2019-12-10 06:00,3.733,0
2019-12-10 06:00,2019-12-10 07:00,3.880,0
2019-12-10 07:00,2019-12-10 08:00,3.921,0.277
2019-12-10 08:00,2019-12-10 09:00,4.020,34.965
2019-12-10 09:00,2019-12-10 10:00,4.024,77.320
2019-12-10 10:00,2019-12-10 11:00,4.119,83.163
2019-12-10 11:00,2019-12-10 12:00,4.373,84.533
2019-12-10 12:00,2019-12-10 13:00,4.845,100.809
2019-12-10 13:00,2019-12-10 14:00,5.296,93.642
2019-12-10 14:00,2019-12-10 15:00,5.491,51.026
2019-12-10 15:00,2019-12-10 16:00,5.324,4.040
2019-12-10 16:00,2019-12-10 17:00,5.295,0
2019-12-10 17:00,2019-12-10 18:00,5.454,0
2019-12-10 18:00,2019-12-10 19:00,5.915,0
2019-12-10 19:00,2019-12-10 20:00,6.085,0
2019-12-10 20:00,2019-12-10 21:00,6.234,0
2019-12-10 21:00,2019-12-10 22:00,6.353,0
2019-12-10 22:00,2019-12-10 23:00,6.505,0
2019-12-10 23:00,2019-12-11 00:00,6.805,0
2019-12-11 00:00,2019-12-11 01:00,7.222,0
2019-12-11 01:00,2019-12-11 02:00,7.520,0
2019-12-11 02:00,2019-12-11 03:00,7.617,0
2019-12-11 03:00,2019-12-11 04:00,7.514,0
2019-12-11 04:00,2019-12-11 05:00,7.238,0
2019-12-11 05:00,2019-12-11 06:00,6.950,0
2019-12-11 06:00,2019-12-11 07:00,6.704,0
2019-12-11 07:00,2019-12-11 08:00,6.234,0.125
2019-12-11 08:00,2019-12-11 09:00,6.109,34.302
2019-12-11 09:00,2019-12-11 10:00,6.520,71.198
2019-12-11 10:00,2019-12-11 11:00,6.863,101.487
2019-12-11 11:00,2019-12-11 12:00,7.112,117.008
2019-12-11 12:00,2019-12-11 13:00,7.339,120.231
2019-12-11 13:00,2019-12-11 14:00,7.490,104.469
2019-12-11 14:00,2019-12-11 15:00,7.290,53.684
2019-12-11 15:00,2019-12-11 16:00,6.634,5.212
2019-12-11 16:00,2019-12-11 17:00,6.141,0
2019-12-11 17:00,2019-12-11 18:00,5.969,0
2019-12-11 18:00,2019-12-11 19:00,5.817,0
2019-12-11 19:00,2019-12-11 20:00,5.643,0
2019-12-11 20:00,2019-12-11 21:00,5.520,0
2019-12-11 21:00,2019-12-11 22:00,5.408,0
2019-12-11 22:00,2019-12-11 23:00,5.357,0
2019-12-11 23:00,2019-12-12 00:00,5.470,0
2019-12-12 00:00,2019-12-12 01:00,5.622,0
2019-12-12 01:00,2019-12-12 02:00,5.733,0
2019-12-12 02:00,2019-12-12 03:00,5.743,0
2019-12-12 03:00,2019-12-12 04:00,5.699,0
2019-12-12 04:00,2019-12-12 05:00,5.515,0
2019-12-12 05:00,2019-12-12 06:00,5.165,0
2019-12-12 06:00,2019-12-12 07:00,4.973,0
2019-12-12 07:00,2019-12-12 08:00,4.757,0.127
2019-12-12 08:00,2019-12-12 09:00,4.744,35.265
2019-12-12 09:00,2019-12-12 10:00,4.894,119.272
2019-12-12 10:00,2019-12-12 11:00,5.032,191.052
2019-12-12 11:00,2019-12-12 12:00,5.304,225.170
2019-12-12 12:00,2019-12-12 13:00,5.688,214.274
2019-12-12 13:00,2019-12-12 14:00,5.728,151.758
2019-12-12 14:00,2019-12-12 15:00,5.256,45.973
2019-12-12 15:00,2019-12-12 16:00,4.601,2.838
2019-12-12 16:00,2019-12-12 17:00,4.225,0
2019-12-12 17:00,2019-12-12 18:00,4.232,0
2019-12-12 18:00,2019-12-12 19:00,4.417,0
2019-12-12 19:00,2019-12-12 20:00,4.625,0
2019-12-12 20:00,2019-12-12 21:00,4.816,0
2019-12-12 21:00,2019-12-12 22:00,4.789,0
2019-12-12 22:00,2019-12-12 23:00,4.512,0
2019-12-12 23:00,2019-12-13 00:00,3.990,0
2019-12-13 00:00,2019-12-13 01:00,3.414,0
2019-12-13 01:00,2019-12-13 02:00,2.917,0
2019-12-13 02:00,2019-12-13 03:00,3.198,0
2019-12-13 03:00,2019-12-13 04:00,3.877,0
2019-12-13 04:00,2019-12-13 05:00,4.359,0
2019-12-13 05:00,2019-12-13 06:00,4.708,0
2019-12-13 06:00,2019-12-13 07:00,4.669,0
2019-12-13 07:00,2019-12-13 08:00,4.397,0.026
2019-12-13 08:00,2019-12-13 09:00,4.094,18.409
2019-12-13 09:00,2019-12-13 10:00,4.447,68.722
2019-12-13 10:00,2019-12-13 11:00,5.149,102.812
2019-12-13 11:00,2019-12-13 12:00,5.999,110.357
2019-12-13 12:00,2019-12-13 13:00,6.544,80.600
2019-12-13 13:00,2019-12-13 14:00,6.745,44.741
2019-12-13 14:00,2019-12-13 15:00,6.842,25.874
2019-12-13 15:00,2019-12-13 16:00,6.902,2.646
2019-12-13 16:00,2019-12-13 17:00,7.058,0
2019-12-13 17:00,2019-12-13 18:00,7.156,0
2019-12-13 18:00,2019-12-13 19:00,7.203,0
2019-12-13 19:00,2019-12-13 20:00,7.185,0
2019-12-13 20:00,2019-12-13 21:00,7.138,0
2019-12-13 21:00,2019-12-13 22:00,6.977,0
2019-12-13 22:00,2019-12-13 23:00,6.650,0
2019-12-13 23:00,2019-12-14 00:00,6.417,0
2019-12-14 00:00,2019-12-14 01:00,6.296,0
2019-12-14 01:00,2019-12-14 02:00,6.256,0
2019-12-14 02:00,2019-12-14 03:00,6.237,0
2019-12-14 03:00,2019-12-14 04:00,6.268,0
2019-12-14 04:00,2019-12-14 05:00,6.383,0
2019-12-14 05:00,2019-12-14 06:00,6.474,0
2019-12-14 06:00,2019-12-14 07:00,6.581,0
2019-12-14 07:00,2019-12-14 08:00,6.663,0.063
2019-12-14 08:00,2019-12-14 09:00,6.953,26.117
2019-12-14 09:00,2019-12-14 10:00,7.268,86.484
2019-12-14 10:00,2019-12-14 11:00,7.534,147.248
2019-12-14 11:00,2019-12-14 12:00,7.827,185.430
2019-12-14 12:00,2019-12-14 13:00,7.974,183.918
2019-12-14 13:00,2019-12-14 14:00,8.004,154.524
2019-12-14 14:00,2019-12-14 15:00,7.872,75.073
2019-12-14 15:00,2019-12-14 16:00,7.684,5.410
2019-12-14 16:00,2019-12-14 17:00,7.874,0
2019-12-14 17:00,2019-12-14 18:00,7.682,0
2019-12-14 18:00,2019-12-14 19:00,7.026,0
2019-12-14 19:00,2019-12-14 20:00,6.368,0
2019-12-14 20:00,2019-12-14 21:00,5.567,0
2019-12-14 21:00,2019-12-14 22:00,5.130,0
2019-12-14 22:00,2019-12-14 23:00,4.983,0
2019-12-14 23:00,2019-12-15 00:00,5.258,0
2019-12-15 00:00,2019-12-15 01:00,5.730,0
2019-12-15 01:00,2019-12-15 02:00,6.062,0
2019-12-15 02:00,2019-12-15 03:00,6.427,0
2019-12-15 03:00,2019-12-15 04:00,7.062,0
2019-12-15 04:00,2019-12-15 05:00,8.229,0
2019-12-15 05:00,2019-12-15 06:00,7.945,0
2019-12-15 06:00,2019-12-15 07:00,7.332,0
2019-12-15 07:00,2019-12-15 08:00,7.012,0.102
2019-12-15 08:00,2019-12-15 09:00,7.075,38.919
2019-12-15 09:00,2019-12-15 10:00,7.639,121.623
2019-12-15 10:00,2019-12-15 11:00,8.273,189.251
2019-12-15 11:00,2019-12-15 12:00,8.798,216.271
2019-12-15 12:00,2019-12-15 13:00,9.087,181.793
2019-12-15 13:00,2019-12-15 14:00,9.053,115.702
2019-12-15 14:00,2019-12-15 15:00,8.742,50.106
2019-12-15 15:00,2019-12-15 16:00,8.350,3.510
2019-12-15 16:00,2019-12-15 17:00,8.152,0
2019-12-15 17:00,2019-12-15 18:00,7.868,0
2019-12-15 18:00,2019-12-15 19:00,7.179,0
2019-12-15 19:00,2019-12-15 20:00,6.296,0
2019-12-15 20:00,2019-12-15 21:00,5.657,0
2019-12-15 21:00,2019-12-15 22:00,5.424,0
2019-12-15 22:00,2019-12-15 23:00,5.456,0
2019-12-15 23:00,2019-12-16 00:00,5.516,0
2019-12-16 00:00,2019-12-16 01:00,5.552,0
2019-12-16 01:00,2019-12-16 02:00,5.717,0
2019-12-16 02:00,2019-12-16 03:00,5.828,0
2019-12-16 03:00,2019-12-16 04:00,5.877,0
2019-12-16 04:00,2019-12-16 05:00,5.967,0
2019-12-16 05:00,2019-12-16 06:00,6.187,0
2019-12-16 06:00,2019-12-16 07:00,6.365,0
2019-12-16 07:00,2019-12-16 08:00,6.446,0.016
2019-12-16 08:00,2019-12-16 09:00,6.534,7.524
2019-12-16 09:00,2019-12-16 10:00,6.776,22.649
2019-12-16 10:00,2019-12-16 11:00,7.234,47.178
2019-12-16 11:00,2019-12-16 12:00,7.691,74.492
2019-12-16 12:00,2019-12-16 13:00,8.040,81.787
2019-12-16 13:00,2019-12-16 14:00,8.152,67.414
2019-12-16 14:00,2019-12-16 15:00,7.875,32.973
2019-12-16 15:00,2019-12-16 16:00,7.169,3.209
2019-12-16 16:00,2019-12-16 17:00,6.884,0
2019-12-16 17:00,2019-12-16 18:00,6.679,0
2019-12-16 18:00,2019-12-16 19:00,6.616,0
2019-12-16 19:00,2019-12-16 20:00,6.647,0
2019-12-16 20:00,2019-12-16 21:00,6.746,0
2019-12-16 21:00,2019-12-16 22:00,6.798,0
2019-12-16 22:00,2019-12-16 23:00,6.911,0
2019-12-16 23:00,2019-12-17 00:00,6.889,0
2019-12-17 00:00,2019-12-17 01:00,6.756,0
2019-12-17 01:00,2019-12-17 02:00,6.607,0
2019-12-17 02:00,2019-12-17 03:00,6.581,0
2019-12-17 03:00,2019-12-17 04:00,6.868,0
2019-12-17 04:00,2019-12-17 05:00,7.510,0
2019-12-17 05:00,2019-12-17 06:00,8.170,0
2019-12-17 06:00,2019-12-17 07:00,8.774,0
2019-12-17 07:00,2019-12-17 08:00,9.017,0.012
2019-12-17 08:00,2019-12-17 09:00,9.044,10.394
2019-12-17 09:00,2019-12-17 10:00,9.190,39.781
2019-12-17 10:00,2019-12-17 11:00,9.583,88.697
2019-12-17 11:00,2019-12-17 12:00,10.279,102.037
2019-12-17 12:00,2019-12-17 13:00,11.276,109.202
2019-12-17 13:00,2019-12-17 14:00,11.860,119.699
2019-12-17 14:00,2019-12-17 15:00,12.027,54.470
2019-12-17 15:00,2019-12-17 16:00,11.351,2.670
2019-12-17 16:00,2019-12-17 17:00,10.262,0
2019-12-17 17:00,2019-12-17 18:00,9.374,0
2019-12-17 18:00,2019-12-17 19:00,8.670,0
2019-12-17 19:00,2019-12-17 20:00,8.223,0
2019-12-17 20:00,2019-12-17 21:00,7.894,0
2019-12-17 21:00,2019-12-17 22:00,7.585,0
2019-12-17 22:00,2019-12-17 23:00,7.369,0
2019-12-17 23:00,2019-12-18 00:00,6.783,0
2019-12-18 00:00,2019-12-18 01:00,6.028,0
2019-12-18 01:00,2019-12-18 02:00,5.685,0
2019-12-18 02:00,2019-12-18 03:00,5.786,0
2019-12-18 03:00,2019-12-18 04:00,5.602,0
2019-12-18 04:00,2019-12-18 05:00,5.152,0
2019-12-18 05:00,2019-12-18 06:00,5.095,0
2019-12-18 06:00,2019-12-18 07:00,5.253,0
2019-12-18 07:00,2019-12-18 08:00,5.307,0.019
2019-12-18 08:00,2019-12-18 09:00,5.404,9.711
2019-12-18 09:00,2019-12-18 10:00,5.516,28.152
2019-12-18 10:00,2019-12-18 11:00,5.479,45.365
2019-12-18 11:00,2019-12-18 12:00,5.383,56.440
2019-12-18 12:00,2019-12-18 13:00,5.481,60.987
2019-12-18 13:00,2019-12-18 14:00,5.714,62.327
2019-12-18 14:00,2019-12-18 15:00,5.709,39.221
2019-12-18 15:00,2019-12-18 16:00,5.183,3.864
2019-12-18 16:00,2019-12-18 17:00,5.520,0
2019-12-18 17:00,2019-12-18 18:00,6.154,0
2019-12-18 18:00,2019-12-18 19:00,6.214,0
2019-12-18 19:00,2019-12-18 20:00,6.082,0
2019-12-18 20:00,2019-12-18 21:00,5.918,0
2019-12-18 21:00,2019-12-18 22:00,6.002,0
2019-12-18 22:00,2019-12-18 23:00,6.322,0
2019-12-18 23:00,2019-12-19 00:00,6.741,0
2019-12-19 00:00,2019-12-19 01:00,7.250,0
2019-12-19 01:00,2019-12-19 02:00,7.619,0
2019-12-19 02:00,2019-12-19 03:00,7.712,0
2019-12-19 03:00,2019-12-19 04:00,7.654,0
2019-12-19 04:00,2019-12-19 05:00,7.648,0
2019-12-19 05:00,2019-12-19 06:00,7.716,0
2019-12-19 06:00,2019-12-19 07:00,7.778,0
2019-12-19 07:00,2019-12-19 08:00,7.749,0.052
2019-12-19 08:00,2019-12-19 09:00,7.712,29.727
2019-12-19 09:00,2019-12-19 10:00,8.443,97.157
2019-12-19 10:00,2019-12-19 11:00,9.071,146.011
2019-12-19 11:00,2019-12-19 12:00,9.783,137.293
2019-12-19 12:00,2019-12-19 13:00,10.263,92.556
2019-12-19 13:00,2019-12-19 14:00,10.427,50.992
2019-12-19 14:00,2019-12-19 15:00,10.463,19.342
2019-12-19 15:00,2019-12-19 16:00,10.449,1.391
2019-12-19 16:00,2019-12-19 17:00,10.625,0
2019-12-19 17:00,2019-12-19 18:00,10.483,0
2019-12-19 18:00,2019-12-19 19:00,10.241,0
2019-12-19 19:00,2019-12-19 20:00,10.137,0
2019-12-19 20:00,2019-12-19 21:00,10.127,0
2019-12-19 21:00,2019-12-19 22:00,10.189,0
2019-12-19 22:00,2019-12-19 23:00,10.056,0
2019-12-19 23:00,2019-12-20 00:00,9.974,0
2019-12-20 00:00,2019-12-20 01:00,9.793,0
2019-12-20 01:00,2019-12-20 02:00,9.479,0
2019-12-20 02:00,2019-12-20 03:00,9.401,0
2019-12-20 03:00,2019-12-20 04:00,9.434,0
2019-12-20 04:00,2019-12-20 05:00,9.772,0
2019-12-20 05:00,2019-12-20 06:00,9.814,0
2019-12-20 06:00,2019-12-20 07:00,9.860,0
2019-12-20 07:00,2019-12-20 08:00,10.060,0.006
2019-12-20 08:00,2019-12-20 09:00,10.110,5.842
2019-12-20 09:00,2019-12-20 10:00,10.408,16.545
2019-12-20 10:00,2019-12-20 11:00,10.594,28.636
2019-12-20 11:00,2019-12-20 12:00,10.665,31.573
2019-12-20 12:00,2019-12-20 13:00,10.719,19.540
2019-12-20 13:00,2019-12-20 14:00,10.711,16.966
2019-12-20 14:00,2019-12-20 15:00,9.973,19.281
2019-12-20 15:00,2019-12-20 16:00,9.221,5.471
2019-12-20 16:00,2019-12-20 17:00,8.863,0
2019-12-20 17:00,2019-12-20 18:00,8.499,0
2019-12-20 18:00,2019-12-20 19:00,8.136,0
2019-12-20 19:00,2019-12-20 20:00,7.958,0
2019-12-20 20:00,2019-12-20 21:00,7.906,0
2019-12-20 21:00,2019-12-20 22:00,7.836,0
2019-12-20 22:00,2019-12-20 23:00,7.728,0
2019-12-20 23:00,2019-12-21 00:00,7.572,0
2019-12-21 00:00,2019-12-21 01:00,7.292,0
2019-12-21 01:00,2019-12-21 02:00,6.800,0
2019-12-21 02:00,2019-12-21 03:00,6.484,0
2019-12-21 03:00,2019-12-21 04:00,6.283,0
2019-12-21 04:00,2019-12-21 05:00,6.178,0
2019-12-21 05:00,2019-12-21 06:00,6.074,0
2019-12-21 06:00,2019-12-21 07:00,6.046,0
2019-12-21 07:00,2019-12-21 08:00,6.082,0.006
2019-12-21 08:00,2019-12-21 09:00,6.325,6.916
2019-12-21 09:00,2019-12-21 10:00,6.830,24.744
2019-12-21 10:00,2019-12-21 11:00,7.443,54.229
2019-12-21 11:00,2019-12-21 12:00,7.906,84.104
2019-12-21 12:00,2019-12-21 13:00,8.249,87.571
2019-12-21 13:00,2019-12-21 14:00,8.379,52.657
2019-12-21 14:00,2019-12-21 15:00,8.303,25.967
2019-12-21 15:00,2019-12-21 16:00,8.035,2.707
2019-12-21 16:00,2019-12-21 17:00,7.844,0
2019-12-21 17:00,2019-12-21 18:00,7.854,0
2019-12-21 18:00,2019-12-21 19:00,7.834,0
2019-12-21 19:00,2019-12-21 20:00,7.658,0
2019-12-21 20:00,2019-12-21 21:00,7.212,0
2019-12-21 21:00,2019-12-21 22:00,6.614,0
2019-12-21 22:00,2019-12-21 23:00,6.174,0
2019-12-21 23:00,2019-12-22 00:00,5.918,0
2019-12-22 00:00,2019-12-22 01:00,6.073,0
2019-12-22 01:00,2019-12-22 02:00,6.054,0
2019-12-22 02:00,2019-12-22 03:00,6.076,0
2019-12-22 03:00,2019-12-22 04:00,6.297,0
2019-12-22 04:00,2019-12-22 05:00,6.724,0
2019-12-22 05:00,2019-12-22 06:00,7.230,0
2019-12-22 06:00,2019-12-22 07:00,7.486,0
2019-12-22 07:00,2019-12-22 08:00,7.432,0.019
2019-12-22 08:00,2019-12-22 09:00,7.516,11.397
2019-12-22 09:00,2019-12-22 10:00,7.743,36.405
2019-12-22 10:00,2019-12-22 11:00,8.131,73.304
2019-12-22 11:00,2019-12-22 12:00,8.528,81.341
2019-12-22 12:00,2019-12-22 13:00,8.654,51.178
2019-12-22 13:00,2019-12-22 14:00,8.444,30.964
2019-12-22 14:00,2019-12-22 15:00,8.132,10.799
2019-12-22 15:00,2019-12-22 16:00,8.060,0.635
2019-12-22 16:00,2019-12-22 17:00,8.109,0
2019-12-22 17:00,2019-12-22 18:00,8.049,0
2019-12-22 18:00,2019-12-22 19:00,7.876,0
2019-12-22 19:00,2019-12-22 20:00,7.777,0
2019-12-22 20:00,2019-12-22 21:00,7.770,0
2019-12-22 21:00,2019-12-22 22:00,7.788,0
2019-12-22 22:00,2019-12-22 23:00,7.777,0
2019-12-22 23:00,2019-12-23 00:00,7.674,0
2019-12-23 00:00,2019-12-23 01:00,7.573,0
2019-12-23 01:00,2019-12-23 02:00,7.441,0
2019-12-23 02:00,2019-12-23 03:00,7.413,0
2019-12-23 03:00,2019-12-23 04:00,7.378,0
2019-12-23 04:00,2019-12-23 05:00,7.300,0
2019-12-23 05:00,2019-12-23 06:00,7.163,0
2019-12-23 06:00,2019-12-23 07:00,7.142,0
2019-12-23 07:00,2019-12-23 08:00,7.289,0.028
2019-12-23 08:00,2019-12-23 09:00,7.534,18.055
2019-12-23 09:00,2019-12-23 10:00,7.883,47.616
2019-12-23 10:00,2019-12-23 11:00,8.072,52.401
2019-12-23 11:00,2019-12-23 12:00,8.175,59.555
2019-12-23 12:00,2019-12-23 13:00,8.314,80.999
2019-12-23 13:00,2019-12-23 14:00,8.483,90.492
2019-12-23 14:00,2019-12-23 15:00,8.408,59.675
2019-12-23 15:00,2019-12-23 16:00,7.856,5.191
2019-12-23 16:00,2019-12-23 17:00,7.543,0
2019-12-23 17:00,2019-12-23 18:00,7.370,0
2019-12-23 18:00,2019-12-23 19:00,7.180,0
2019-12-23 19:00,2019-12-23 20:00,6.997,0
2019-12-23 20:00,2019-12-23 21:00,6.873,0
2019-12-23 21:00,2019-12-23 22:00,6.772,0
2019-12-23 22:00,2019-12-23 23:00,6.861,0
2019-12-23 23:00,2019-12-24 00:00,6.780,0
2019-12-24 00:00,2019-12-24 01:00,6.575,0
2019-12-24 01:00,2019-12-24 02:00,6.417,0
2019-12-24 02:00,2019-12-24 03:00,6.293,0
2019-12-24 03:00,2019-12-24 04:00,6.137,0
2019-12-24 04:00,2019-12-24 05:00,5.901,0
2019-12-24 05:00,2019-12-24 06:00,5.667,0
2019-12-24 06:00,2019-12-24 07:00,5.625,0
2019-12-24 07:00,2019-12-24 08:00,5.765,0.002
2019-12-24 08:00,2019-12-24 09:00,6.313,0.675
2019-12-24 09:00,2019-12-24 10:00,7.643,12.939
2019-12-24 10:00,2019-12-24 11:00,9.203,78.043
2019-12-24 11:00,2019-12-24 12:00,9.717,178.373
2019-12-24 12:00,2019-12-24 13:00,9.677,189.204
2019-12-24 13:00,2019-12-24 14:00,9.642,112.181
2019-12-24 14:00,2019-12-24 15:00,9.476,44.262
2019-12-24 15:00,2019-12-24 16:00,9.295,3.241
2019-12-24 16:00,2019-12-24 17:00,9.198,0
2019-12-24 17:00,2019-12-24 18:00,9.040,0
2019-12-24 18:00,2019-12-24 19:00,8.745,0
2019-12-24 19:00,2019-12-24 20:00,8.362,0
2019-12-24 20:00,2019-12-24 21:00,8.208,0
2019-12-24 21:00,2019-12-24 22:00,8.312,0
2019-12-24 22:00,2019-12-24 23:00,8.538,0
2019-12-24 23:00,2019-12-25 00:00,8.627,0
2019-12-25 00:00,2019-12-25 01:00,8.540,0
2019-12-25 01:00,2019-12-25 02:00,8.230,0
2019-12-25 02:00,2019-12-25 03:00,7.886,0
2019-12-25 03:00,2019-12-25 04:00,7.695,0
2019-12-25 04:00,2019-12-25 05:00,7.672,0
2019-12-25 05:00,2019-12-25 06:00,7.599,0
2019-12-25 06:00,2019-12-25 07:00,7.418,0
2019-12-25 07:00,2019-12-25 08:00,7.238,0.028
2019-12-25 08:00,2019-12-25 09:00,7.375,25.233
2019-12-25 09:00,2019-12-25 10:00,7.904,78.722
2019-12-25 10:00,2019-12-25 11:00,8.286,121.502
2019-12-25 11:00,2019-12-25 12:00,8.467,151.922
2019-12-25 12:00,2019-12-25 13:00,8.492,139.062
2019-12-25 13:00,2019-12-25 14:00,8.342,104.077
2019-12-25 14:00,2019-12-25 15:00,7.957,46.402
2019-12-25 15:00,2019-12-25 16:00,7.329,3.563
2019-12-25 16:00,2019-12-25 17:00,6.930,0
2019-12-25 17:00,2019-12-25 18:00,6.644,0
2019-12-25 18:00,2019-12-25 19:00,6.408,0
2019-12-25 19:00,2019-12-25 20:00,6.405,0
2019-12-25 20:00,2019-12-25 21:00,6.579,0
2019-12-25 21:00,2019-12-25 22:00,6.347,0
2019-12-25 22:00,2019-12-25 23:00,6.070,0
2019-12-25 23:00,2019-12-26 00:00,5.859,0
2019-12-26 00:00,2019-12-26 01:00,5.728,0
2019-12-26 01:00,2019-12-26 02:00,5.615,0
2019-12-26 02:00,2019-12-26 03:00,5.391,0
2019-12-26 03:00,2019-12-26 04:00,5.078,0
2019-12-26 04:00,2019-12-26 05:00,4.846,0
2019-12-26 05:00,2019-12-26 06:00,4.666,0
2019-12-26 06:00,2019-12-26 07:00,4.655,0
2019-12-26 07:00,2019-12-26 08:00,4.567,0.017
2019-12-26 08:00,2019-12-26 09:00,4.579,9.444
2019-12-26 09:00,2019-12-26 10:00,4.875,28.589
2019-12-26 10:00,2019-12-26 11:00,4.995,43.020
2019-12-26 11:00,2019-12-26 12:00,5.076,42.821
2019-12-26 12:00,2019-12-26 13:00,5.126,38.293
2019-12-26 13:00,2019-12-26 14:00,5.140,33.691
2019-12-26 14:00,2019-12-26 15:00,5.149,20.904
2019-12-26 15:00,2019-12-26 16:00,5.023,2.159
2019-12-26 16:00,2019-12-26 17:00,4.941,0
2019-12-26 17:00,2019-12-26 18:00,4.913,0
2019-12-26 18:00,2019-12-26 19:00,4.935,0
2019-12-26 19:00,2019-12-26 20:00,5.035,0
2019-12-26 20:00,2019-12-26 21:00,5.092,0
2019-12-26 21:00,2019-12-26 22:00,5.234,0
2019-12-26 22:00,2019-12-26 23:00,5.423,0
2019-12-26 23:00,2019-12-27 00:00,5.505,0
2019-12-27 00:00,2019-12-27 01:00,5.690,0
2019-12-27 01:00,2019-12-27 02:00,5.887,0
2019-12-27 02:00,2019-12-27 03:00,5.764,0
2019-12-27 03:00,2019-12-27 04:00,5.581,0
2019-12-27 04:00,2019-12-27 05:00,5.360,0
2019-12-27 05:00,2019-12-27 06:00,5.004,0
2019-12-27 06:00,2019-12-27 07:00,4.709,0
2019-12-27 07:00,2019-12-27 08:00,4.425,0.027
2019-12-27 08:00,2019-12-27 09:00,4.149,25.089
2019-12-27 09:00,2019-12-27 10:00,4.330,105.985
2019-12-27 10:00,2019-12-27 11:00,4.711,182.807
2019-12-27 11:00,2019-12-27 12:00,5.286,221.927
2019-12-27 12:00,2019-12-27 13:00,5.763,212.445
2019-12-27 13:00,2019-12-27 14:00,5.849,161.048
2019-12-27 14:00,2019-12-27 15:00,5.226,78.430
2019-12-27 15:00,2019-12-27 16:00,3.622,6.503
2019-12-27 16:00,2019-12-27 17:00,2.988,0
2019-12-27 17:00,2019-12-27 18:00,2.734,0
2019-12-27 18:00,2019-12-27 19:00,2.503,0
2019-12-27 19:00,2019-12-27 20:00,2.234,0
2019-12-27 20:00,2019-12-27 21:00,2.125,0
2019-12-27 21:00,2019-12-27 22:00,2.181,0
2019-12-27 22:00,2019-12-27 23:00,2.232,0
2019-12-27 23:00,2019-12-28 00:00,2.257,0
2019-12-28 00:00,2019-12-28 01:00,2.094,0
2019-12-28 01:00,2019-12-28 02:00,1.917,0
2019-12-28 02:00,2019-12-28 03:00,1.937,0
2019-12-28 03:00,2019-12-28 04:00,2.004,0
2019-12-28 04:00,2019-12-28 05:00,1.975,0
2019-12-28 05:00,2019-12-28 06:00,1.957,0
2019-12-28 06:00,2019-12-28 07:00,1.995,0
2019-12-28 07:00,2019-12-28 08:00,2.050,0.038
2019-12-28 08:00,2019-12-28 09:00,2.267,17.568
2019-12-28 09:00,2019-12-28 10:00,2.836,56.062
2019-12-28 10:00,2019-12-28 11:00,3.452,90.436
2019-12-28 11:00,2019-12-28 12:00,3.919,104.603
2019-12-28 12:00,2019-12-28 13:00,4.205,97.763
2019-12-28 13:00,2019-12-28 14:00,4.333,66.601
2019-12-28 14:00,2019-12-28 15:00,4.078,32.611
2019-12-28 15:00,2019-12-28 16:00,3.474,3.338
2019-12-28 16:00,2019-12-28 17:00,3.179,0
2019-12-28 17:00,2019-12-28 18:00,2.596,0
2019-12-28 18:00,2019-12-28 19:00,2.192,0
2019-12-28 19:00,2019-12-28 20:00,1.896,0
2019-12-28 20:00,2019-12-28 21:00,1.979,0
2019-12-28 21:00,2019-12-28 22:00,1.840,0
2019-12-28 22:00,2019-12-28 23:00,1.973,0
2019-12-28 23:00,2019-12-29 00:00,1.980,0
2019-12-29 00:00,2019-12-29 01:00,1.805,0
2019-12-29 01:00,2019-12-29 02:00,1.711,0
2019-12-29 02:00,2019-12-29 03:00,1.668,0
2019-12-29 03:00,2019-12-29 04:00,1.653,0
2019-12-29 04:00,2019-12-29 05:00,1.633,0
2019-12-29 05:00,2019-12-29 06:00,1.502,0
2019-12-29 06:00,2019-12-29 07:00,1.285,0
2019-12-29 07:00,2019-12-29 08:00,1.059,0.061
2019-12-29 08:00,2019-12-29 09:00,1.335,24.739
2019-12-29 09:00,2019-12-29 10:00,1.962,82.391
2019-12-29 10:00,2019-12-29 11:00,2.627,146.331
2019-12-29 11:00,2019-12-29 12:00,3.412,187.910
2019-12-29 12:00,2019-12-29 13:00,4.064,175.435
2019-12-29 13:00,2019-12-29 14:00,4.400,123.865
2019-12-29 14:00,2019-12-29 15:00,4.139,49.090
2019-12-29 15:00,2019-12-29 16:00,3.629,3.981
2019-12-29 16:00,2019-12-29 17:00,3.786,0
2019-12-29 17:00,2019-12-29 18:00,3.938,0
2019-12-29 18:00,2019-12-29 19:00,3.893,0
2019-12-29 19:00,2019-12-29 20:00,3.658,0
2019-12-29 20:00,2019-12-29 21:00,3.386,0
2019-12-29 21:00,2019-12-29 22:00,3.229,0
2019-12-29 22:00,2019-12-29 23:00,3.159,0
2019-12-29 23:00,2019-12-30 00:00,3.028,0
2019-12-30 00:00,2019-12-30 01:00,2.897,0
2019-12-30 01:00,2019-12-30 02:00,2.814,0
2019-12-30 02:00,2019-12-30 03:00,2.791,0
2019-12-30 03:00,2019-12-30 04:00,2.704,0
2019-12-30 04:00,2019-12-30 05:00,2.470,0
2019-12-30 05:00,2019-12-30 06:00,2.215,0
2019-12-30 06:00,2019-12-30 07:00,1.946,0
2019-12-30 07:00,2019-12-30 08:00,1.755,0.105
2019-12-30 08:00,2019-12-30 09:00,1.928,40.558
2019-12-30 09:00,2019-12-30 10:00,2.639,128.760
2019-12-30 10:00,2019-12-30 11:00,3.641,203.402
2019-12-30 11:00,2019-12-30 12:00,4.691,235.102
2019-12-30 12:00,2019-12-30 13:00,5.535,223.278
2019-12-30 13:00,2019-12-30 14:00,5.952,168.589
2019-12-30 14:00,2019-12-30 15:00,5.734,82.405
2019-12-30 15:00,2019-12-30 16:00,5.003,7.358
2019-12-30 16:00,2019-12-30 17:00,4.820,0
2019-12-30 17:00,2019-12-30 18:00,4.689,0
2019-12-30 18:00,2019-12-30 19:00,4.616,0
2019-12-30 19:00,2019-12-30 20:00,4.656,0
2019-12-30 20:00,2019-12-30 21:00,4.998,0
2019-12-30 21:00,2019-12-30 22:00,5.348,0
2019-12-30 22:00,2019-12-30 23:00,5.459,0
2019-12-30 23:00,2019-12-31 00:00,5.463,0
2019-12-31 00:00,2019-12-31 01:00,5.863,0
2019-12-31 01:00,2019-12-31 02:00,6.316,0
2019-12-31 02:00,2019-12-31 03:00,6.625,0
2019-12-31 03:00,2019-12-31 04:00,6.774,0
2019-12-31 04:00,2019-12-31 05:00,6.681,0
2019-12-31 05:00,2019-12-31 06:00,6.197,0
2019-12-31 06:00,2019-12-31 07:00,5.649,0
2019-12-31 07:00,2019-12-31 08:00,5.064,0.098
2019-12-31 08:00,2019-12-31 09:00,5.102,25.898
2019-12-31 09:00,2019-12-31 10:00,5.825,72.975
2019-12-31 10:00,2019-12-31 11:00,6.195,111.678
2019-12-31 11:00,2019-12-31 12:00,6.423,140.647
2019-12-31 12:00,2019-12-31 13:00,6.615,165.571
2019-12-31 13:00,2019-12-31 14:00,6.630,151.319
2019-12-31 14:00,2019-12-31 15:00,5.728,80.546
2019-12-31 15:00,2019-12-31 16:00,4.332,7.345
2019-12-31 16:00,2019-12-31 17:00,3.795,0
2019-12-31 17:00,2019-12-31 18:00,3.717,0
2019-12-31 18:00,2019-12-31 19:00,3.894,0
2019-12-31 19:00,2019-12-31 20:00,3.631,0
2019-12-31 20:00,2019-12-31 21:00,3.190,0
2019-12-31 21:00,2019-12-31 22:00,2.734,0
2019-12-31 22:00,2019-12-31 23:00,2.418,0
2019-12-31 23:00,2020-01-01 00:00,2.005,0
