name,time,application_id,device_id,measurement_id,value_float
Seasonal_Storage_System,2024-08-05T00:00:58.053Z,Water Plant,Drain,Drain High Level Switch,0.0
Seasonal_Storage_System,2024-08-05T00:01:58.054Z,Water Plant,Drain,Drain High Level Switch,0.0
Seasonal_Storage_System,2024-08-05T00:02:58.054Z,Water Plant,Drain,Drain High Level Switch,0.0
Seasonal_Storage_System,2024-08-05T00:03:58.158Z,Water Plant,Drain,Drain High Level Switch,0.0
Seasonal_Storage_System,2024-08-05T00:04:58.667Z,Water Plant,Drain,Drain High Level Switch,0.0
Seasonal_Storage_System,2024-08-05T00:05:58.458Z,Water Plant,Drain,Drain High Level Switch,0.0
Seasonal_Storage_System,2024-08-05T00:06:58.46Z,Water Plant,Drain,Drain High Level Switch,0.0
Seasonal_Storage_System,2024-08-05T00:07:58.46Z,Water Plant,Drain,Drain High Level Switch,0.0
Seasonal_Storage_System,2024-08-05T00:08:58.466Z,Water Plant,Drain,Drain High Level Switch,0.0
Seasonal_Storage_System,2024-08-05T00:09:58.398Z,Water Plant,Drain,Drain High Level Switch,0.0
Seasonal_Storage_System,2024-08-05T00:10:58.398Z,Water Plant,Drain,Drain High Level Switch,0.0
Seasonal_Storage_System,2024-08-05T00:11:58.461Z,Water Plant,Drain,Drain High Level Switch,0.0
Seasonal_Storage_System,2024-08-05T00:12:58.467Z,Water Plant,Drain,Drain High Level Switch,0.0
Seasonal_Storage_System,2024-08-05T00:13:58.461Z,Water Plant,Drain,Drain High Level Switch,0.0
Seasonal_Storage_System,2024-08-05T00:14:58.467Z,Water Plant,Drain,Drain High Level Switch,0.0
Seasonal_Storage_System,2024-08-05T00:15:58.466Z,Water Plant,Drain,Drain High Level Switch,0.0
Seasonal_Storage_System,2024-08-05T00:16:58.399Z,Water Plant,Drain,Drain High Level Switch,0.0
Seasonal_Storage_System,2024-08-05T00:17:58.398Z,Water Plant,Drain,Drain High Level Switch,0.0
Seasonal_Storage_System,2024-08-05T00:18:58.399Z,Water Plant,Drain,Drain High Level Switch,0.0
Seasonal_Storage_System,2024-08-05T00:19:58.398Z,Water Plant,Drain,Drain High Level Switch,0.0
Seasonal_Storage_System,2024-08-05T00:20:58.472Z,Water Plant,Drain,Drain High Level Switch,0.0
Seasonal_Storage_System,2024-08-05T00:21:58.485Z,Water Plant,Drain,Drain High Level Switch,0.0
Seasonal_Storage_System,2024-08-05T00:22:58.557Z,Water Plant,Drain,Drain High Level Switch,0.0
Seasonal_Storage_System,2024-08-05T00:23:58.566Z,Water Plant,Drain,Drain High Level Switch,0.0
Seasonal_Storage_System,2024-08-05T00:24:58.568Z,Water Plant,Drain,Drain High Level Switch,0.0
Seasonal_Storage_System,2024-08-05T00:25:58.574Z,Water Plant,Drain,Drain High Level Switch,0.0
Seasonal_Storage_System,2024-08-05T00:26:58.577Z,Water Plant,Drain,Drain High Level Switch,0.0
Seasonal_Storage_System,2024-08-05T00:27:58.602Z,Water Plant,Drain,Drain High Level Switch,0.0
Seasonal_Storage_System,2024-08-05T00:28:58.616Z,Water Plant,Drain,Drain High Level Switch,0.0
Seasonal_Storage_System,2024-08-05T00:29:58.548Z,Water Plant,Drain,Drain High Level Switch,0.0
Seasonal_Storage_System,2024-08-05T00:30:58.547Z,Water Plant,Drain,Drain High Level Switch,0.0
Seasonal_Storage_System,2024-08-05T00:31:58.549Z,Water Plant,Drain,Drain High Level Switch,0.0
Seasonal_Storage_System,2024-08-05T00:32:58.553Z,Water Plant,Drain,Drain High Level Switch,0.0
Seasonal_Storage_System,2024-08-05T00:33:58.55Z,Water Plant,Drain,Drain High Level Switch,0.0
Seasonal_Storage_System,2024-08-05T00:34:58.553Z,Water Plant,Drain,Drain High Level Switch,0.0
Seasonal_Storage_System,2024-08-05T00:35:58.551Z,Water Plant,Drain,Drain High Level Switch,0.0
Seasonal_Storage_System,2024-08-05T00:36:58.551Z,Water Plant,Drain,Drain High Level Switch,0.0
Seasonal_Storage_System,2024-08-05T00:37:58.554Z,Water Plant,Drain,Drain High Level Switch,0.0
Seasonal_Storage_System,2024-08-05T00:38:58.631Z,Water Plant,Drain,Drain High Level Switch,0.0
Seasonal_Storage_System,2024-08-05T00:39:58.618Z,Water Plant,Drain,Drain High Level Switch,0.0
Seasonal_Storage_System,2024-08-05T00:40:58.638Z,Water Plant,Drain,Drain High Level Switch,0.0
Seasonal_Storage_System,2024-08-05T00:41:58.557Z,Water Plant,Drain,Drain High Level Switch,0.0
Seasonal_Storage_System,2024-08-05T00:42:58.557Z,Water Plant,Drain,Drain High Level Switch,0.0
Seasonal_Storage_System,2024-08-05T00:43:58.556Z,Water Plant,Drain,Drain High Level Switch,0.0
Seasonal_Storage_System,2024-08-05T00:44:58.557Z,Water Plant,Drain,Drain High Level Switch,0.0
Seasonal_Storage_System,2024-08-05T00:45:58.556Z,Water Plant,Drain,Drain High Level Switch,0.0
Seasonal_Storage_System,2024-08-05T00:46:58.556Z,Water Plant,Drain,Drain High Level Switch,0.0
Seasonal_Storage_System,2024-08-05T00:47:58.556Z,Water Plant,Drain,Drain High Level Switch,0.0
Seasonal_Storage_System,2024-08-05T00:48:58.557Z,Water Plant,Drain,Drain High Level Switch,0.0
Seasonal_Storage_System,2024-08-05T00:49:58.557Z,Water Plant,Drain,Drain High Level Switch,0.0
Seasonal_Storage_System,2024-08-05T00:50:58.556Z,Water Plant,Drain,Drain High Level Switch,0.0
Seasonal_Storage_System,2024-08-05T00:51:58.638Z,Water Plant,Drain,Drain High Level Switch,0.0
Seasonal_Storage_System,2024-08-05T00:52:58.66Z,Water Plant,Drain,Drain High Level Switch,0.0
Seasonal_Storage_System,2024-08-05T00:53:58.701Z,Water Plant,Drain,Drain High Level Switch,0.0
Seasonal_Storage_System,2024-08-05T00:54:58.726Z,Water Plant,Drain,Drain High Level Switch,0.0
Seasonal_Storage_System,2024-08-05T00:55:58.779Z,Water Plant,Drain,Drain High Level Switch,0.0
Seasonal_Storage_System,2024-08-05T00:56:58.787Z,Water Plant,Drain,Drain High Level Switch,0.0
Seasonal_Storage_System,2024-08-05T00:57:58.808Z,Water Plant,Drain,Drain High Level Switch,0.0
Seasonal_Storage_System,2024-08-05T00:58:58.801Z,Water Plant,Drain,Drain High Level Switch,0.0
Seasonal_Storage_System,2024-08-05T00:59:58.828Z,Water Plant,Drain,Drain High Level Switch,0.0
Seasonal_Storage_System,2024-08-05T01:00:58.834Z,Water Plant,Drain,Drain High Level Switch,0.0
Seasonal_Storage_System,2024-08-05T01:01:58.837Z,Water Plant,Drain,Drain High Level Switch,0.0
Seasonal_Storage_System,2024-08-05T01:02:58.838Z,Water Plant,Drain,Drain High Level Switch,0.0
Seasonal_Storage_System,2024-08-05T01:03:58.907Z,Water Plant,Drain,Drain High Level Switch,0.0
Seasonal_Storage_System,2024-08-05T01:04:58.925Z,Water Plant,Drain,Drain High Level Switch,0.0
Seasonal_Storage_System,2024-08-05T01:05:58.921Z,Water Plant,Drain,Drain High Level Switch,0.0
Seasonal_Storage_System,2024-08-05T01:06:58.916Z,Water Plant,Drain,Drain High Level Switch,0.0
Seasonal_Storage_System,2024-08-05T01:07:58.916Z,Water Plant,Drain,Drain High Level Switch,0.0
Seasonal_Storage_System,2024-08-05T01:08:58.922Z,Water Plant,Drain,Drain High Level Switch,0.0
Seasonal_Storage_System,2024-08-05T01:09:58.917Z,Water Plant,Drain,Drain High Level Switch,0.0
Seasonal_Storage_System,2024-08-05T01:10:58.918Z,Water Plant,Drain,Drain High Level Switch,0.0
Seasonal_Storage_System,2024-08-05T01:11:58.924Z,Water Plant,Drain,Drain High Level Switch,0.0
Seasonal_Storage_System,2024-08-05T01:12:58.857Z,Water Plant,Drain,Drain High Level Switch,0.0
Seasonal_Storage_System,2024-08-05T01:13:58.856Z,Water Plant,Drain,Drain High Level Switch,0.0
Seasonal_Storage_System,2024-08-05T01:14:58.855Z,Water Plant,Drain,Drain High Level Switch,0.0
Seasonal_Storage_System,2024-08-05T01:15:58.855Z,Water Plant,Drain,Drain High Level Switch,0.0
Seasonal_Storage_System,2024-08-05T01:16:58.86Z,Water Plant,Drain,Drain High Level Switch,0.0
Seasonal_Storage_System,2024-08-05T01:17:58.859Z,Water Plant,Drain,Drain High Level Switch,0.0
Seasonal_Storage_System,2024-08-05T01:18:58.857Z,Water Plant,Drain,Drain High Level Switch,0.0
Seasonal_Storage_System,2024-08-05T01:19:58.857Z,Water Plant,Drain,Drain High Level Switch,0.0
Seasonal_Storage_System,2024-08-05T01:20:58.857Z,Water Plant,Drain,Drain High Level Switch,0.0
Seasonal_Storage_System,2024-08-05T01:21:58.858Z,Water Plant,Drain,Drain High Level Switch,0.0
Seasonal_Storage_System,2024-08-05T01:22:58.857Z,Water Plant,Drain,Drain High Level Switch,0.0
Seasonal_Storage_System,2024-08-05T01:23:58.857Z,Water Plant,Drain,Drain High Level Switch,0.0
Seasonal_Storage_System,2024-08-05T01:24:58.857Z,Water Plant,Drain,Drain High Level Switch,0.0
Seasonal_Storage_System,2024-08-05T01:25:58.857Z,Water Plant,Drain,Drain High Level Switch,0.0
Seasonal_Storage_System,2024-08-05T01:26:58.936Z,Water Plant,Drain,Drain High Level Switch,0.0
Seasonal_Storage_System,2024-08-05T01:27:58.971Z,Water Plant,Drain,Drain High Level Switch,0.0
Seasonal_Storage_System,2024-08-05T01:28:58.987Z,Water Plant,Drain,Drain High Level Switch,0.0
Seasonal_Storage_System,2024-08-05T01:29:59.005Z,Water Plant,Drain,Drain High Level Switch,0.0
Seasonal_Storage_System,2024-08-05T01:30:59.031Z,Water Plant,Drain,Drain High Level Switch,0.0
Seasonal_Storage_System,2024-08-05T01:31:59.072Z,Water Plant,Drain,Drain High Level Switch,0.0
Seasonal_Storage_System,2024-08-05T01:32:59.077Z,Water Plant,Drain,Drain High Level Switch,0.0
Seasonal_Storage_System,2024-08-05T01:33:59.088Z,Water Plant,Drain,Drain High Level Switch,0.0
Seasonal_Storage_System,2024-08-05T01:34:59.11Z,Water Plant,Drain,Drain High Level Switch,0.0
Seasonal_Storage_System,2024-08-05T01:35:59.106Z,Water Plant,Drain,Drain High Level Switch,0.0
Seasonal_Storage_System,2024-08-05T01:36:59.162Z,Water Plant,Drain,Drain High Level Switch,0.0
Seasonal_Storage_System,2024-08-05T01:37:59.245Z,Water Plant,Drain,Drain High Level Switch,0.0
Seasonal_Storage_System,2024-08-05T01:38:59.185Z,Water Plant,Drain,Drain High Level Switch,0.0
Seasonal_Storage_System,2024-08-05T01:39:59.213Z,Water Plant,Drain,Drain High Level Switch,0.0
Seasonal_Storage_System,2024-08-05T01:40:59.24Z,Water Plant,Drain,Drain High Level Switch,0.0
Seasonal_Storage_System,2024-08-05T01:41:59.251Z,Water Plant,Drain,Drain High Level Switch,0.0
Seasonal_Storage_System,2024-08-05T01:42:59.283Z,Water Plant,Drain,Drain High Level Switch,0.0
Seasonal_Storage_System,2024-08-05T01:43:59.277Z,Water Plant,Drain,Drain High Level Switch,0.0
Seasonal_Storage_System,2024-08-05T01:44:59.31Z,Water Plant,Drain,Drain High Level Switch,0.0
Seasonal_Storage_System,2024-08-05T01:45:59.33Z,Water Plant,Drain,Drain High Level Switch,0.0
Seasonal_Storage_System,2024-08-05T01:46:59.335Z,Water Plant,Drain,Drain High Level Switch,0.0
Seasonal_Storage_System,2024-08-05T01:47:59.358Z,Water Plant,Drain,Drain High Level Switch,0.0
Seasonal_Storage_System,2024-08-05T01:48:59.353Z,Water Plant,Drain,Drain High Level Switch,0.0
Seasonal_Storage_System,2024-08-05T01:49:59.377Z,Water Plant,Drain,Drain High Level Switch,0.0
Seasonal_Storage_System,2024-08-05T01:50:59.395Z,Water Plant,Drain,Drain High Level Switch,0.0
Seasonal_Storage_System,2024-08-05T01:51:59.422Z,Water Plant,Drain,Drain High Level Switch,0.0
Seasonal_Storage_System,2024-08-05T01:52:59.455Z,Water Plant,Drain,Drain High Level Switch,0.0
Seasonal_Storage_System,2024-08-05T01:53:59.489Z,Water Plant,Drain,Drain High Level Switch,0.0
Seasonal_Storage_System,2024-08-05T01:54:59.497Z,Water Plant,Drain,Drain High Level Switch,0.0
Seasonal_Storage_System,2024-08-05T01:55:59.515Z,Water Plant,Drain,Drain High Level Switch,0.0
Seasonal_Storage_System,2024-08-05T01:56:59.546Z,Water Plant,Drain,Drain High Level Switch,0.0
Seasonal_Storage_System,2024-08-05T01:57:59.558Z,Water Plant,Drain,Drain High Level Switch,0.0
Seasonal_Storage_System,2024-08-05T01:58:59.564Z,Water Plant,Drain,Drain High Level Switch,0.0
Seasonal_Storage_System,2024-08-05T01:59:59.597Z,Water Plant,Drain,Drain High Level Switch,0.0
Seasonal_Storage_System,2024-08-05T02:00:59.621Z,Water Plant,Drain,Drain High Level Switch,0.0
Seasonal_Storage_System,2024-08-05T02:01:59.633Z,Water Plant,Drain,Drain High Level Switch,0.0
Seasonal_Storage_System,2024-08-05T02:02:59.641Z,Water Plant,Drain,Drain High Level Switch,0.0
Seasonal_Storage_System,2024-08-05T02:03:59.682Z,Water Plant,Drain,Drain High Level Switch,0.0
Seasonal_Storage_System,2024-08-05T02:04:59.745Z,Water Plant,Drain,Drain High Level Switch,0.0
Seasonal_Storage_System,2024-08-05T02:05:59.819Z,Water Plant,Drain,Drain High Level Switch,0.0
Seasonal_Storage_System,2024-08-05T02:06:59.75Z,Water Plant,Drain,Drain High Level Switch,0.0
Seasonal_Storage_System,2024-08-05T02:07:59.752Z,Water Plant,Drain,Drain High Level Switch,0.0
Seasonal_Storage_System,2024-08-05T02:08:59.744Z,Water Plant,Drain,Drain High Level Switch,0.0
Seasonal_Storage_System,2024-08-05T02:09:59.761Z,Water Plant,Drain,Drain High Level Switch,0.0
Seasonal_Storage_System,2024-08-05T02:10:59.784Z,Water Plant,Drain,Drain High Level Switch,0.0
Seasonal_Storage_System,2024-08-05T02:11:59.746Z,Water Plant,Drain,Drain High Level Switch,0.0
Seasonal_Storage_System,2024-08-05T02:12:59.753Z,Water Plant,Drain,Drain High Level Switch,0.0
Seasonal_Storage_System,2024-08-05T02:13:59.754Z,Water Plant,Drain,Drain High Level Switch,0.0
Seasonal_Storage_System,2024-08-05T02:14:59.752Z,Water Plant,Drain,Drain High Level Switch,0.0
Seasonal_Storage_System,2024-08-05T02:15:59.752Z,Water Plant,Drain,Drain High Level Switch,0.0
Seasonal_Storage_System,2024-08-05T02:16:59.684Z,Water Plant,Drain,Drain High Level Switch,0.0
Seasonal_Storage_System,2024-08-05T02:17:59.747Z,Water Plant,Drain,Drain High Level Switch,0.0
Seasonal_Storage_System,2024-08-05T02:18:59.749Z,Water Plant,Drain,Drain High Level Switch,0.0
Seasonal_Storage_System,2024-08-05T02:19:59.761Z,Water Plant,Drain,Drain High Level Switch,0.0
Seasonal_Storage_System,2024-08-05T02:20:59.748Z,Water Plant,Drain,Drain High Level Switch,0.0
Seasonal_Storage_System,2024-08-05T02:21:59.754Z,Water Plant,Drain,Drain High Level Switch,0.0
Seasonal_Storage_System,2024-08-05T02:22:59.748Z,Water Plant,Drain,Drain High Level Switch,0.0
Seasonal_Storage_System,2024-08-05T02:23:59.756Z,Water Plant,Drain,Drain High Level Switch,0.0
Seasonal_Storage_System,2024-08-05T02:24:59.75Z,Water Plant,Drain,Drain High Level Switch,0.0
Seasonal_Storage_System,2024-08-05T02:25:59.755Z,Water Plant,Drain,Drain High Level Switch,0.0
Seasonal_Storage_System,2024-08-05T02:26:59.757Z,Water Plant,Drain,Drain High Level Switch,0.0
Seasonal_Storage_System,2024-08-05T02:27:59.757Z,Water Plant,Drain,Drain High Level Switch,0.0
Seasonal_Storage_System,2024-08-05T02:28:59.758Z,Water Plant,Drain,Drain High Level Switch,0.0
Seasonal_Storage_System,2024-08-05T02:29:59.75Z,Water Plant,Drain,Drain High Level Switch,0.0
Seasonal_Storage_System,2024-08-05T02:30:59.687Z,Water Plant,Drain,Drain High Level Switch,0.0
Seasonal_Storage_System,2024-08-05T02:31:59.687Z,Water Plant,Drain,Drain High Level Switch,0.0
Seasonal_Storage_System,2024-08-05T02:32:59.686Z,Water Plant,Drain,Drain High Level Switch,0.0
Seasonal_Storage_System,2024-08-05T02:33:59.687Z,Water Plant,Drain,Drain High Level Switch,0.0
Seasonal_Storage_System,2024-08-05T02:34:59.687Z,Water Plant,Drain,Drain High Level Switch,0.0
Seasonal_Storage_System,2024-08-05T02:35:59.686Z,Water Plant,Drain,Drain High Level Switch,0.0
Seasonal_Storage_System,2024-08-05T02:36:59.686Z,Water Plant,Drain,Drain High Level Switch,0.0
Seasonal_Storage_System,2024-08-05T02:37:59.686Z,Water Plant,Drain,Drain High Level Switch,0.0
Seasonal_Storage_System,2024-08-05T02:38:59.687Z,Water Plant,Drain,Drain High Level Switch,0.0
Seasonal_Storage_System,2024-08-05T02:39:59.688Z,Water Plant,Drain,Drain High Level Switch,0.0
Seasonal_Storage_System,2024-08-05T02:40:59.688Z,Water Plant,Drain,Drain High Level Switch,0.0
Seasonal_Storage_System,2024-08-05T02:41:59.688Z,Water Plant,Drain,Drain High Level Switch,0.0
Seasonal_Storage_System,2024-08-05T02:42:59.688Z,Water Plant,Drain,Drain High Level Switch,0.0
Seasonal_Storage_System,2024-08-05T02:43:59.688Z,Water Plant,Drain,Drain High Level Switch,0.0
Seasonal_Storage_System,2024-08-05T02:44:59.689Z,Water Plant,Drain,Drain High Level Switch,0.0
Seasonal_Storage_System,2024-08-05T02:45:59.789Z,Water Plant,Drain,Drain High Level Switch,0.0
Seasonal_Storage_System,2024-08-05T02:46:59.82Z,Water Plant,Drain,Drain High Level Switch,0.0
Seasonal_Storage_System,2024-08-05T02:47:59.842Z,Water Plant,Drain,Drain High Level Switch,0.0
Seasonal_Storage_System,2024-08-05T02:48:59.889Z,Water Plant,Drain,Drain High Level Switch,0.0
Seasonal_Storage_System,2024-08-05T02:49:59.919Z,Water Plant,Drain,Drain High Level Switch,0.0
Seasonal_Storage_System,2024-08-05T02:50:59.919Z,Water Plant,Drain,Drain High Level Switch,0.0
Seasonal_Storage_System,2024-08-05T02:51:59.939Z,Water Plant,Drain,Drain High Level Switch,0.0
Seasonal_Storage_System,2024-08-05T02:52:59.945Z,Water Plant,Drain,Drain High Level Switch,0.0
Seasonal_Storage_System,2024-08-05T02:53:59.982Z,Water Plant,Drain,Drain High Level Switch,0.0
Seasonal_Storage_System,2024-08-05T02:55:00.001Z,Water Plant,Drain,Drain High Level Switch,0.0
Seasonal_Storage_System,2024-08-05T02:56:00.02Z,Water Plant,Drain,Drain High Level Switch,0.0
Seasonal_Storage_System,2024-08-05T02:57:00.039Z,Water Plant,Drain,Drain High Level Switch,0.0
Seasonal_Storage_System,2024-08-05T02:58:00.049Z,Water Plant,Drain,Drain High Level Switch,0.0
Seasonal_Storage_System,2024-08-05T02:59:00.052Z,Water Plant,Drain,Drain High Level Switch,0.0
Seasonal_Storage_System,2024-08-05T03:00:00.066Z,Water Plant,Drain,Drain High Level Switch,0.0
Seasonal_Storage_System,2024-08-05T03:01:00.068Z,Water Plant,Drain,Drain High Level Switch,0.0
Seasonal_Storage_System,2024-08-05T03:02:00.083Z,Water Plant,Drain,Drain High Level Switch,0.0
Seasonal_Storage_System,2024-08-05T03:03:00.094Z,Water Plant,Drain,Drain High Level Switch,0.0
Seasonal_Storage_System,2024-08-05T03:04:00.11Z,Water Plant,Drain,Drain High Level Switch,0.0
Seasonal_Storage_System,2024-08-05T03:05:00.155Z,Water Plant,Drain,Drain High Level Switch,0.0
Seasonal_Storage_System,2024-08-05T03:06:00.086Z,Water Plant,Drain,Drain High Level Switch,0.0
Seasonal_Storage_System,2024-08-05T03:07:00.174Z,Water Plant,Drain,Drain High Level Switch,0.0
Seasonal_Storage_System,2024-08-05T03:08:00.203Z,Water Plant,Drain,Drain High Level Switch,0.0
Seasonal_Storage_System,2024-08-05T03:09:00.223Z,Water Plant,Drain,Drain High Level Switch,0.0
Seasonal_Storage_System,2024-08-05T03:10:00.241Z,Water Plant,Drain,Drain High Level Switch,0.0
Seasonal_Storage_System,2024-08-05T03:11:00.266Z,Water Plant,Drain,Drain High Level Switch,0.0
Seasonal_Storage_System,2024-08-05T03:12:00.275Z,Water Plant,Drain,Drain High Level Switch,0.0
Seasonal_Storage_System,2024-08-05T03:13:00.286Z,Water Plant,Drain,Drain High Level Switch,0.0
Seasonal_Storage_System,2024-08-05T03:14:00.297Z,Water Plant,Drain,Drain High Level Switch,0.0
Seasonal_Storage_System,2024-08-05T03:15:00.32Z,Water Plant,Drain,Drain High Level Switch,0.0
Seasonal_Storage_System,2024-08-05T03:16:00.327Z,Water Plant,Drain,Drain High Level Switch,0.0
Seasonal_Storage_System,2024-08-05T03:17:00.337Z,Water Plant,Drain,Drain High Level Switch,0.0
Seasonal_Storage_System,2024-08-05T03:18:00.336Z,Water Plant,Drain,Drain High Level Switch,0.0
Seasonal_Storage_System,2024-08-05T03:19:00.335Z,Water Plant,Drain,Drain High Level Switch,0.0
Seasonal_Storage_System,2024-08-05T03:20:00.334Z,Water Plant,Drain,Drain High Level Switch,0.0
Seasonal_Storage_System,2024-08-05T03:21:00.34Z,Water Plant,Drain,Drain High Level Switch,0.0
Seasonal_Storage_System,2024-08-05T03:22:00.346Z,Water Plant,Drain,Drain High Level Switch,0.0
Seasonal_Storage_System,2024-08-05T03:23:00.334Z,Water Plant,Drain,Drain High Level Switch,0.0
Seasonal_Storage_System,2024-08-05T03:24:00.343Z,Water Plant,Drain,Drain High Level Switch,0.0
Seasonal_Storage_System,2024-08-05T03:25:00.346Z,Water Plant,Drain,Drain High Level Switch,0.0
Seasonal_Storage_System,2024-08-05T03:26:00.337Z,Water Plant,Drain,Drain High Level Switch,0.0
Seasonal_Storage_System,2024-08-05T03:27:00.335Z,Water Plant,Drain,Drain High Level Switch,0.0
Seasonal_Storage_System,2024-08-05T03:28:00.341Z,Water Plant,Drain,Drain High Level Switch,0.0
Seasonal_Storage_System,2024-08-05T03:29:00.278Z,Water Plant,Drain,Drain High Level Switch,0.0
Seasonal_Storage_System,2024-08-05T03:30:00.272Z,Water Plant,Drain,Drain High Level Switch,0.0
Seasonal_Storage_System,2024-08-05T03:31:00.272Z,Water Plant,Drain,Drain High Level Switch,0.0
Seasonal_Storage_System,2024-08-05T03:32:00.281Z,Water Plant,Drain,Drain High Level Switch,0.0
Seasonal_Storage_System,2024-08-05T03:33:00.275Z,Water Plant,Drain,Drain High Level Switch,0.0
Seasonal_Storage_System,2024-08-05T03:34:00.277Z,Water Plant,Drain,Drain High Level Switch,0.0
Seasonal_Storage_System,2024-08-05T03:35:00.276Z,Water Plant,Drain,Drain High Level Switch,0.0
Seasonal_Storage_System,2024-08-05T03:36:00.279Z,Water Plant,Drain,Drain High Level Switch,0.0
Seasonal_Storage_System,2024-08-05T03:37:00.277Z,Water Plant,Drain,Drain High Level Switch,0.0
Seasonal_Storage_System,2024-08-05T03:38:00.276Z,Water Plant,Drain,Drain High Level Switch,0.0
Seasonal_Storage_System,2024-08-05T03:39:00.277Z,Water Plant,Drain,Drain High Level Switch,0.0
Seasonal_Storage_System,2024-08-05T03:40:00.277Z,Water Plant,Drain,Drain High Level Switch,0.0
Seasonal_Storage_System,2024-08-05T03:41:00.276Z,Water Plant,Drain,Drain High Level Switch,0.0
Seasonal_Storage_System,2024-08-05T03:42:00.277Z,Water Plant,Drain,Drain High Level Switch,0.0
Seasonal_Storage_System,2024-08-05T03:43:00.276Z,Water Plant,Drain,Drain High Level Switch,0.0
Seasonal_Storage_System,2024-08-05T03:44:00.277Z,Water Plant,Drain,Drain High Level Switch,0.0
Seasonal_Storage_System,2024-08-05T03:45:00.387Z,Water Plant,Drain,Drain High Level Switch,0.0
Seasonal_Storage_System,2024-08-05T03:46:00.444Z,Water Plant,Drain,Drain High Level Switch,0.0
Seasonal_Storage_System,2024-08-05T03:47:00.475Z,Water Plant,Drain,Drain High Level Switch,0.0
Seasonal_Storage_System,2024-08-05T03:48:00.525Z,Water Plant,Drain,Drain High Level Switch,0.0
Seasonal_Storage_System,2024-08-05T03:49:00.528Z,Water Plant,Drain,Drain High Level Switch,0.0
Seasonal_Storage_System,2024-08-05T03:50:00.542Z,Water Plant,Drain,Drain High Level Switch,0.0
Seasonal_Storage_System,2024-08-05T03:51:00.566Z,Water Plant,Drain,Drain High Level Switch,0.0
Seasonal_Storage_System,2024-08-05T03:52:00.61Z,Water Plant,Drain,Drain High Level Switch,0.0
Seasonal_Storage_System,2024-08-05T03:53:00.627Z,Water Plant,Drain,Drain High Level Switch,0.0
Seasonal_Storage_System,2024-08-05T03:54:00.625Z,Water Plant,Drain,Drain High Level Switch,0.0
Seasonal_Storage_System,2024-08-05T03:55:00.625Z,Water Plant,Drain,Drain High Level Switch,0.0
Seasonal_Storage_System,2024-08-05T03:56:00.646Z,Water Plant,Drain,Drain High Level Switch,0.0
Seasonal_Storage_System,2024-08-05T03:57:00.62Z,Water Plant,Drain,Drain High Level Switch,0.0
Seasonal_Storage_System,2024-08-05T03:58:00.625Z,Water Plant,Drain,Drain High Level Switch,0.0
Seasonal_Storage_System,2024-08-05T03:59:00.626Z,Water Plant,Drain,Drain High Level Switch,0.0
Seasonal_Storage_System,2024-08-05T04:00:00.626Z,Water Plant,Drain,Drain High Level Switch,0.0
Seasonal_Storage_System,2024-08-05T04:01:00.625Z,Water Plant,Drain,Drain High Level Switch,0.0
Seasonal_Storage_System,2024-08-05T04:02:00.626Z,Water Plant,Drain,Drain High Level Switch,0.0
Seasonal_Storage_System,2024-08-05T04:03:00.677Z,Water Plant,Drain,Drain High Level Switch,0.0
Seasonal_Storage_System,2024-08-05T04:04:00.634Z,Water Plant,Drain,Drain High Level Switch,0.0
Seasonal_Storage_System,2024-08-05T04:05:00.629Z,Water Plant,Drain,Drain High Level Switch,0.0
Seasonal_Storage_System,2024-08-05T04:06:00.628Z,Water Plant,Drain,Drain High Level Switch,0.0
Seasonal_Storage_System,2024-08-05T04:07:00.629Z,Water Plant,Drain,Drain High Level Switch,0.0
Seasonal_Storage_System,2024-08-05T04:08:00.565Z,Water Plant,Drain,Drain High Level Switch,0.0
Seasonal_Storage_System,2024-08-05T04:09:00.565Z,Water Plant,Drain,Drain High Level Switch,0.0
Seasonal_Storage_System,2024-08-05T04:10:00.565Z,Water Plant,Drain,Drain High Level Switch,0.0
Seasonal_Storage_System,2024-08-05T04:11:00.566Z,Water Plant,Drain,Drain High Level Switch,0.0
Seasonal_Storage_System,2024-08-05T04:12:00.565Z,Water Plant,Drain,Drain High Level Switch,0.0
Seasonal_Storage_System,2024-08-05T04:13:00.566Z,Water Plant,Drain,Drain High Level Switch,0.0
Seasonal_Storage_System,2024-08-05T04:14:00.565Z,Water Plant,Drain,Drain High Level Switch,0.0
Seasonal_Storage_System,2024-08-05T04:15:00.565Z,Water Plant,Drain,Drain High Level Switch,0.0
Seasonal_Storage_System,2024-08-05T04:16:00.565Z,Water Plant,Drain,Drain High Level Switch,0.0
Seasonal_Storage_System,2024-08-05T04:17:00.638Z,Water Plant,Drain,Drain High Level Switch,0.0
Seasonal_Storage_System,2024-08-05T04:18:00.693Z,Water Plant,Drain,Drain High Level Switch,0.0
Seasonal_Storage_System,2024-08-05T04:19:00.726Z,Water Plant,Drain,Drain High Level Switch,0.0
Seasonal_Storage_System,2024-08-05T04:20:00.767Z,Water Plant,Drain,Drain High Level Switch,0.0
Seasonal_Storage_System,2024-08-05T04:21:00.814Z,Water Plant,Drain,Drain High Level Switch,0.0
Seasonal_Storage_System,2024-08-05T04:22:00.876Z,Water Plant,Drain,Drain High Level Switch,0.0
Seasonal_Storage_System,2024-08-05T04:23:00.89Z,Water Plant,Drain,Drain High Level Switch,0.0
Seasonal_Storage_System,2024-08-05T04:24:00.886Z,Water Plant,Drain,Drain High Level Switch,0.0
Seasonal_Storage_System,2024-08-05T04:25:00.892Z,Water Plant,Drain,Drain High Level Switch,0.0
Seasonal_Storage_System,2024-08-05T04:26:00.89Z,Water Plant,Drain,Drain High Level Switch,0.0
Seasonal_Storage_System,2024-08-05T04:27:00.885Z,Water Plant,Drain,Drain High Level Switch,0.0
Seasonal_Storage_System,2024-08-05T04:28:00.885Z,Water Plant,Drain,Drain High Level Switch,0.0
Seasonal_Storage_System,2024-08-05T04:29:00.904Z,Water Plant,Drain,Drain High Level Switch,0.0
Seasonal_Storage_System,2024-08-05T04:30:00.924Z,Water Plant,Drain,Drain High Level Switch,0.0
Seasonal_Storage_System,2024-08-05T04:31:00.892Z,Water Plant,Drain,Drain High Level Switch,0.0
Seasonal_Storage_System,2024-08-05T04:32:00.898Z,Water Plant,Drain,Drain High Level Switch,0.0
Seasonal_Storage_System,2024-08-05T04:33:00.894Z,Water Plant,Drain,Drain High Level Switch,0.0
Seasonal_Storage_System,2024-08-05T04:34:00.903Z,Water Plant,Drain,Drain High Level Switch,0.0
Seasonal_Storage_System,2024-08-05T04:35:00.9Z,Water Plant,Drain,Drain High Level Switch,0.0
Seasonal_Storage_System,2024-08-05T04:36:00.899Z,Water Plant,Drain,Drain High Level Switch,0.0
Seasonal_Storage_System,2024-08-05T04:37:00.9Z,Water Plant,Drain,Drain High Level Switch,0.0
Seasonal_Storage_System,2024-08-05T04:38:00.899Z,Water Plant,Drain,Drain High Level Switch,0.0
Seasonal_Storage_System,2024-08-05T04:39:00.901Z,Water Plant,Drain,Drain High Level Switch,0.0
Seasonal_Storage_System,2024-08-05T04:40:00.9Z,Water Plant,Drain,Drain High Level Switch,0.0
Seasonal_Storage_System,2024-08-05T04:41:00.924Z,Water Plant,Drain,Drain High Level Switch,0.0
Seasonal_Storage_System,2024-08-05T04:42:00.912Z,Water Plant,Drain,Drain High Level Switch,0.0
Seasonal_Storage_System,2024-08-05T04:43:00.908Z,Water Plant,Drain,Drain High Level Switch,0.0
Seasonal_Storage_System,2024-08-05T04:44:00.914Z,Water Plant,Drain,Drain High Level Switch,0.0
Seasonal_Storage_System,2024-08-05T04:45:00.909Z,Water Plant,Drain,Drain High Level Switch,0.0
Seasonal_Storage_System,2024-08-05T04:46:00.909Z,Water Plant,Drain,Drain High Level Switch,0.0
Seasonal_Storage_System,2024-08-05T04:47:00.913Z,Water Plant,Drain,Drain High Level Switch,0.0
Seasonal_Storage_System,2024-08-05T04:48:00.914Z,Water Plant,Drain,Drain High Level Switch,0.0
Seasonal_Storage_System,2024-08-05T04:49:00.914Z,Water Plant,Drain,Drain High Level Switch,0.0
Seasonal_Storage_System,2024-08-05T04:50:00.846Z,Water Plant,Drain,Drain High Level Switch,0.0
Seasonal_Storage_System,2024-08-05T04:51:00.845Z,Water Plant,Drain,Drain High Level Switch,0.0
Seasonal_Storage_System,2024-08-05T04:52:00.845Z,Water Plant,Drain,Drain High Level Switch,0.0
Seasonal_Storage_System,2024-08-05T04:53:00.845Z,Water Plant,Drain,Drain High Level Switch,0.0
Seasonal_Storage_System,2024-08-05T04:54:00.845Z,Water Plant,Drain,Drain High Level Switch,0.0
Seasonal_Storage_System,2024-08-05T04:55:00.846Z,Water Plant,Drain,Drain High Level Switch,0.0
Seasonal_Storage_System,2024-08-05T04:56:00.918Z,Water Plant,Drain,Drain High Level Switch,0.0
Seasonal_Storage_System,2024-08-05T04:57:00.966Z,Water Plant,Drain,Drain High Level Switch,0.0
Seasonal_Storage_System,2024-08-05T04:58:00.967Z,Water Plant,Drain,Drain High Level Switch,0.0
Seasonal_Storage_System,2024-08-05T04:59:00.973Z,Water Plant,Drain,Drain High Level Switch,0.0
Seasonal_Storage_System,2024-08-05T05:00:00.982Z,Water Plant,Drain,Drain High Level Switch,0.0
Seasonal_Storage_System,2024-08-05T05:01:00.999Z,Water Plant,Drain,Drain High Level Switch,0.0
Seasonal_Storage_System,2024-08-05T05:02:01.013Z,Water Plant,Drain,Drain High Level Switch,0.0
Seasonal_Storage_System,2024-08-05T05:03:01.034Z,Water Plant,Drain,Drain High Level Switch,0.0
Seasonal_Storage_System,2024-08-05T05:04:01.039Z,Water Plant,Drain,Drain High Level Switch,0.0
Seasonal_Storage_System,2024-08-05T05:05:01.073Z,Water Plant,Drain,Drain High Level Switch,0.0
Seasonal_Storage_System,2024-08-05T05:06:01.079Z,Water Plant,Drain,Drain High Level Switch,0.0
Seasonal_Storage_System,2024-08-05T05:07:01.145Z,Water Plant,Drain,Drain High Level Switch,0.0
Seasonal_Storage_System,2024-08-05T05:08:01.143Z,Water Plant,Drain,Drain High Level Switch,0.0
Seasonal_Storage_System,2024-08-05T05:09:01.144Z,Water Plant,Drain,Drain High Level Switch,0.0
Seasonal_Storage_System,2024-08-05T05:10:01.168Z,Water Plant,Drain,Drain High Level Switch,0.0
Seasonal_Storage_System,2024-08-05T05:11:01.199Z,Water Plant,Drain,Drain High Level Switch,0.0
Seasonal_Storage_System,2024-08-05T05:12:01.226Z,Water Plant,Drain,Drain High Level Switch,0.0
Seasonal_Storage_System,2024-08-05T05:13:01.316Z,Water Plant,Drain,Drain High Level Switch,0.0
Seasonal_Storage_System,2024-08-05T05:14:01.314Z,Water Plant,Drain,Drain High Level Switch,0.0
Seasonal_Storage_System,2024-08-05T05:15:01.314Z,Water Plant,Drain,Drain High Level Switch,0.0
Seasonal_Storage_System,2024-08-05T05:16:01.319Z,Water Plant,Drain,Drain High Level Switch,0.0
Seasonal_Storage_System,2024-08-05T05:17:01.319Z,Water Plant,Drain,Drain High Level Switch,0.0
Seasonal_Storage_System,2024-08-05T05:18:01.315Z,Water Plant,Drain,Drain High Level Switch,0.0
Seasonal_Storage_System,2024-08-05T05:19:01.315Z,Water Plant,Drain,Drain High Level Switch,0.0
Seasonal_Storage_System,2024-08-05T05:20:01.386Z,Water Plant,Drain,Drain High Level Switch,0.0
Seasonal_Storage_System,2024-08-05T05:21:01.328Z,Water Plant,Drain,Drain High Level Switch,0.0
Seasonal_Storage_System,2024-08-05T05:22:01.362Z,Water Plant,Drain,Drain High Level Switch,0.0
Seasonal_Storage_System,2024-08-05T05:23:01.391Z,Water Plant,Drain,Drain High Level Switch,0.0
Seasonal_Storage_System,2024-08-05T05:24:01.399Z,Water Plant,Drain,Drain High Level Switch,0.0
Seasonal_Storage_System,2024-08-05T05:25:01.395Z,Water Plant,Drain,Drain High Level Switch,0.0
Seasonal_Storage_System,2024-08-05T05:26:01.394Z,Water Plant,Drain,Drain High Level Switch,0.0
Seasonal_Storage_System,2024-08-05T05:27:01.397Z,Water Plant,Drain,Drain High Level Switch,0.0
Seasonal_Storage_System,2024-08-05T05:28:01.396Z,Water Plant,Drain,Drain High Level Switch,0.0
Seasonal_Storage_System,2024-08-05T05:29:01.328Z,Water Plant,Drain,Drain High Level Switch,0.0
Seasonal_Storage_System,2024-08-05T05:30:01.329Z,Water Plant,Drain,Drain High Level Switch,0.0
Seasonal_Storage_System,2024-08-05T05:31:01.33Z,Water Plant,Drain,Drain High Level Switch,0.0
Seasonal_Storage_System,2024-08-05T05:32:01.329Z,Water Plant,Drain,Drain High Level Switch,0.0
Seasonal_Storage_System,2024-08-05T05:33:01.329Z,Water Plant,Drain,Drain High Level Switch,0.0
Seasonal_Storage_System,2024-08-05T05:34:01.334Z,Water Plant,Drain,Drain High Level Switch,0.0
Seasonal_Storage_System,2024-08-05T05:35:01.334Z,Water Plant,Drain,Drain High Level Switch,0.0
Seasonal_Storage_System,2024-08-05T05:36:01.331Z,Water Plant,Drain,Drain High Level Switch,0.0
Seasonal_Storage_System,2024-08-05T05:37:01.331Z,Water Plant,Drain,Drain High Level Switch,0.0
Seasonal_Storage_System,2024-08-05T05:38:01.33Z,Water Plant,Drain,Drain High Level Switch,0.0
Seasonal_Storage_System,2024-08-05T05:39:01.331Z,Water Plant,Drain,Drain High Level Switch,0.0
Seasonal_Storage_System,2024-08-05T05:40:01.33Z,Water Plant,Drain,Drain High Level Switch,0.0
Seasonal_Storage_System,2024-08-05T05:41:01.33Z,Water Plant,Drain,Drain High Level Switch,0.0
Seasonal_Storage_System,2024-08-05T05:42:01.333Z,Water Plant,Drain,Drain High Level Switch,0.0
Seasonal_Storage_System,2024-08-05T05:43:01.332Z,Water Plant,Drain,Drain High Level Switch,0.0
Seasonal_Storage_System,2024-08-05T05:44:01.332Z,Water Plant,Drain,Drain High Level Switch,0.0
Seasonal_Storage_System,2024-08-05T05:45:01.332Z,Water Plant,Drain,Drain High Level Switch,0.0
Seasonal_Storage_System,2024-08-05T05:46:01.335Z,Water Plant,Drain,Drain High Level Switch,0.0
Seasonal_Storage_System,2024-08-05T05:47:01.332Z,Water Plant,Drain,Drain High Level Switch,0.0
Seasonal_Storage_System,2024-08-05T05:48:01.333Z,Water Plant,Drain,Drain High Level Switch,0.0
Seasonal_Storage_System,2024-08-05T05:49:01.338Z,Water Plant,Drain,Drain High Level Switch,0.0
Seasonal_Storage_System,2024-08-05T05:50:01.334Z,Water Plant,Drain,Drain High Level Switch,0.0
Seasonal_Storage_System,2024-08-05T05:51:01.335Z,Water Plant,Drain,Drain High Level Switch,0.0
Seasonal_Storage_System,2024-08-05T05:52:01.335Z,Water Plant,Drain,Drain High Level Switch,0.0
Seasonal_Storage_System,2024-08-05T05:53:01.348Z,Water Plant,Drain,Drain High Level Switch,0.0
Seasonal_Storage_System,2024-08-05T05:54:01.428Z,Water Plant,Drain,Drain High Level Switch,0.0
Seasonal_Storage_System,2024-08-05T05:55:01.47Z,Water Plant,Drain,Drain High Level Switch,0.0
Seasonal_Storage_System,2024-08-05T05:56:01.474Z,Water Plant,Drain,Drain High Level Switch,0.0
Seasonal_Storage_System,2024-08-05T05:57:01.51Z,Water Plant,Drain,Drain High Level Switch,0.0
Seasonal_Storage_System,2024-08-05T05:58:01.538Z,Water Plant,Drain,Drain High Level Switch,0.0
Seasonal_Storage_System,2024-08-05T05:59:01.572Z,Water Plant,Drain,Drain High Level Switch,0.0
Seasonal_Storage_System,2024-08-05T06:00:01.602Z,Water Plant,Drain,Drain High Level Switch,0.0
Seasonal_Storage_System,2024-08-05T06:01:01.655Z,Water Plant,Drain,Drain High Level Switch,0.0
Seasonal_Storage_System,2024-08-05T06:02:01.667Z,Water Plant,Drain,Drain High Level Switch,0.0
Seasonal_Storage_System,2024-08-05T06:03:01.685Z,Water Plant,Drain,Drain High Level Switch,0.0
Seasonal_Storage_System,2024-08-05T06:04:01.688Z,Water Plant,Drain,Drain High Level Switch,0.0
Seasonal_Storage_System,2024-08-05T06:05:01.688Z,Water Plant,Drain,Drain High Level Switch,0.0
Seasonal_Storage_System,2024-08-05T06:06:01.689Z,Water Plant,Drain,Drain High Level Switch,0.0
Seasonal_Storage_System,2024-08-05T06:07:01.683Z,Water Plant,Drain,Drain High Level Switch,0.0
Seasonal_Storage_System,2024-08-05T06:08:01.693Z,Water Plant,Drain,Drain High Level Switch,0.0
Seasonal_Storage_System,2024-08-05T06:09:01.692Z,Water Plant,Drain,Drain High Level Switch,0.0
Seasonal_Storage_System,2024-08-05T06:10:01.685Z,Water Plant,Drain,Drain High Level Switch,0.0
Seasonal_Storage_System,2024-08-05T06:11:01.69Z,Water Plant,Drain,Drain High Level Switch,0.0
Seasonal_Storage_System,2024-08-05T06:12:01.69Z,Water Plant,Drain,Drain High Level Switch,0.0
Seasonal_Storage_System,2024-08-05T06:13:01.685Z,Water Plant,Drain,Drain High Level Switch,0.0
Seasonal_Storage_System,2024-08-05T06:14:01.703Z,Water Plant,Drain,Drain High Level Switch,0.0
Seasonal_Storage_System,2024-08-05T06:15:01.699Z,Water Plant,Drain,Drain High Level Switch,0.0
Seasonal_Storage_System,2024-08-05T06:16:01.689Z,Water Plant,Drain,Drain High Level Switch,0.0
Seasonal_Storage_System,2024-08-05T06:17:01.689Z,Water Plant,Drain,Drain High Level Switch,0.0
Seasonal_Storage_System,2024-08-05T06:18:01.694Z,Water Plant,Drain,Drain High Level Switch,0.0
Seasonal_Storage_System,2024-08-05T06:19:01.693Z,Water Plant,Drain,Drain High Level Switch,0.0
Seasonal_Storage_System,2024-08-05T06:20:01.688Z,Water Plant,Drain,Drain High Level Switch,0.0
Seasonal_Storage_System,2024-08-05T06:21:01.697Z,Water Plant,Drain,Drain High Level Switch,0.0
Seasonal_Storage_System,2024-08-05T06:22:01.693Z,Water Plant,Drain,Drain High Level Switch,0.0
Seasonal_Storage_System,2024-08-05T06:23:01.694Z,Water Plant,Drain,Drain High Level Switch,0.0
Seasonal_Storage_System,2024-08-05T06:24:01.688Z,Water Plant,Drain,Drain High Level Switch,0.0
Seasonal_Storage_System,2024-08-05T06:25:01.694Z,Water Plant,Drain,Drain High Level Switch,0.0
Seasonal_Storage_System,2024-08-05T06:26:01.689Z,Water Plant,Drain,Drain High Level Switch,0.0
Seasonal_Storage_System,2024-08-05T06:27:01.7Z,Water Plant,Drain,Drain High Level Switch,0.0
Seasonal_Storage_System,2024-08-05T06:28:01.629Z,Water Plant,Drain,Drain High Level Switch,0.0
Seasonal_Storage_System,2024-08-05T06:29:01.629Z,Water Plant,Drain,Drain High Level Switch,0.0
Seasonal_Storage_System,2024-08-05T06:30:01.628Z,Water Plant,Drain,Drain High Level Switch,0.0
Seasonal_Storage_System,2024-08-05T06:31:01.628Z,Water Plant,Drain,Drain High Level Switch,0.0
Seasonal_Storage_System,2024-08-05T06:32:01.629Z,Water Plant,Drain,Drain High Level Switch,0.0
Seasonal_Storage_System,2024-08-05T06:33:01.629Z,Water Plant,Drain,Drain High Level Switch,0.0
Seasonal_Storage_System,2024-08-05T06:34:01.747Z,Water Plant,Drain,Drain High Level Switch,0.0
Seasonal_Storage_System,2024-08-05T06:35:01.748Z,Water Plant,Drain,Drain High Level Switch,0.0
Seasonal_Storage_System,2024-08-05T06:36:01.765Z,Water Plant,Drain,Drain High Level Switch,0.0
Seasonal_Storage_System,2024-08-05T06:37:01.78Z,Water Plant,Drain,Drain High Level Switch,0.0
Seasonal_Storage_System,2024-08-05T06:38:01.819Z,Water Plant,Drain,Drain High Level Switch,0.0
Seasonal_Storage_System,2024-08-05T06:39:01.831Z,Water Plant,Drain,Drain High Level Switch,0.0
Seasonal_Storage_System,2024-08-05T06:40:01.85Z,Water Plant,Drain,Drain High Level Switch,0.0
Seasonal_Storage_System,2024-08-05T06:41:01.857Z,Water Plant,Drain,Drain High Level Switch,0.0
Seasonal_Storage_System,2024-08-05T06:42:01.87Z,Water Plant,Drain,Drain High Level Switch,0.0
Seasonal_Storage_System,2024-08-05T06:43:01.897Z,Water Plant,Drain,Drain High Level Switch,0.0
Seasonal_Storage_System,2024-08-05T06:44:01.908Z,Water Plant,Drain,Drain High Level Switch,0.0
Seasonal_Storage_System,2024-08-05T06:45:01.924Z,Water Plant,Drain,Drain High Level Switch,0.0
Seasonal_Storage_System,2024-08-05T06:46:01.932Z,Water Plant,Drain,Drain High Level Switch,0.0
Seasonal_Storage_System,2024-08-05T06:47:01.966Z,Water Plant,Drain,Drain High Level Switch,0.0
Seasonal_Storage_System,2024-08-05T06:48:01.994Z,Water Plant,Drain,Drain High Level Switch,0.0
Seasonal_Storage_System,2024-08-05T06:49:02.019Z,Water Plant,Drain,Drain High Level Switch,0.0
Seasonal_Storage_System,2024-08-05T06:50:02.047Z,Water Plant,Drain,Drain High Level Switch,0.0
Seasonal_Storage_System,2024-08-05T06:51:02.059Z,Water Plant,Drain,Drain High Level Switch,0.0
Seasonal_Storage_System,2024-08-05T06:52:02.096Z,Water Plant,Drain,Drain High Level Switch,0.0
Seasonal_Storage_System,2024-08-05T06:53:02.114Z,Water Plant,Drain,Drain High Level Switch,0.0
Seasonal_Storage_System,2024-08-05T06:54:02.111Z,Water Plant,Drain,Drain High Level Switch,0.0
Seasonal_Storage_System,2024-08-05T06:55:02.134Z,Water Plant,Drain,Drain High Level Switch,0.0
Seasonal_Storage_System,2024-08-05T06:56:02.142Z,Water Plant,Drain,Drain High Level Switch,0.0
Seasonal_Storage_System,2024-08-05T06:57:02.147Z,Water Plant,Drain,Drain High Level Switch,0.0
Seasonal_Storage_System,2024-08-05T06:58:02.167Z,Water Plant,Drain,Drain High Level Switch,0.0
Seasonal_Storage_System,2024-08-05T06:59:02.167Z,Water Plant,Drain,Drain High Level Switch,0.0
Seasonal_Storage_System,2024-08-05T07:00:02.176Z,Water Plant,Drain,Drain High Level Switch,0.0
Seasonal_Storage_System,2024-08-05T07:01:02.181Z,Water Plant,Drain,Drain High Level Switch,0.0
Seasonal_Storage_System,2024-08-05T07:02:02.208Z,Water Plant,Drain,Drain High Level Switch,0.0
Seasonal_Storage_System,2024-08-05T07:03:02.223Z,Water Plant,Drain,Drain High Level Switch,0.0
Seasonal_Storage_System,2024-08-05T07:04:02.249Z,Water Plant,Drain,Drain High Level Switch,0.0
Seasonal_Storage_System,2024-08-05T07:05:02.261Z,Water Plant,Drain,Drain High Level Switch,0.0
Seasonal_Storage_System,2024-08-05T07:06:02.269Z,Water Plant,Drain,Drain High Level Switch,0.0
Seasonal_Storage_System,2024-08-05T07:07:02.287Z,Water Plant,Drain,Drain High Level Switch,0.0
Seasonal_Storage_System,2024-08-05T07:08:02.304Z,Water Plant,Drain,Drain High Level Switch,0.0
Seasonal_Storage_System,2024-08-05T07:09:02.313Z,Water Plant,Drain,Drain High Level Switch,0.0
Seasonal_Storage_System,2024-08-05T07:10:02.324Z,Water Plant,Drain,Drain High Level Switch,0.0
Seasonal_Storage_System,2024-08-05T07:11:02.336Z,Water Plant,Drain,Drain High Level Switch,0.0
Seasonal_Storage_System,2024-08-05T07:12:02.353Z,Water Plant,Drain,Drain High Level Switch,0.0
Seasonal_Storage_System,2024-08-05T07:13:02.362Z,Water Plant,Drain,Drain High Level Switch,0.0
Seasonal_Storage_System,2024-08-05T07:14:02.367Z,Water Plant,Drain,Drain High Level Switch,0.0
Seasonal_Storage_System,2024-08-05T07:15:02.375Z,Water Plant,Drain,Drain High Level Switch,0.0
Seasonal_Storage_System,2024-08-05T07:16:02.395Z,Water Plant,Drain,Drain High Level Switch,0.0
Seasonal_Storage_System,2024-08-05T07:17:02.414Z,Water Plant,Drain,Drain High Level Switch,0.0
Seasonal_Storage_System,2024-08-05T07:18:02.428Z,Water Plant,Drain,Drain High Level Switch,0.0
Seasonal_Storage_System,2024-08-05T07:19:02.448Z,Water Plant,Drain,Drain High Level Switch,0.0
Seasonal_Storage_System,2024-08-05T07:20:02.442Z,Water Plant,Drain,Drain High Level Switch,0.0
Seasonal_Storage_System,2024-08-05T07:21:02.467Z,Water Plant,Drain,Drain High Level Switch,0.0
Seasonal_Storage_System,2024-08-05T07:22:02.474Z,Water Plant,Drain,Drain High Level Switch,0.0
Seasonal_Storage_System,2024-08-05T07:23:02.52Z,Water Plant,Drain,Drain High Level Switch,0.0
Seasonal_Storage_System,2024-08-05T07:24:02.539Z,Water Plant,Drain,Drain High Level Switch,0.0
Seasonal_Storage_System,2024-08-05T07:25:02.559Z,Water Plant,Drain,Drain High Level Switch,0.0
Seasonal_Storage_System,2024-08-05T07:26:02.569Z,Water Plant,Drain,Drain High Level Switch,0.0
Seasonal_Storage_System,2024-08-05T07:27:02.585Z,Water Plant,Drain,Drain High Level Switch,0.0
Seasonal_Storage_System,2024-08-05T07:28:02.604Z,Water Plant,Drain,Drain High Level Switch,0.0
Seasonal_Storage_System,2024-08-05T07:29:02.629Z,Water Plant,Drain,Drain High Level Switch,0.0
Seasonal_Storage_System,2024-08-05T07:30:02.661Z,Water Plant,Drain,Drain High Level Switch,0.0
Seasonal_Storage_System,2024-08-05T07:31:02.664Z,Water Plant,Drain,Drain High Level Switch,0.0
Seasonal_Storage_System,2024-08-05T07:32:02.693Z,Water Plant,Drain,Drain High Level Switch,0.0
Seasonal_Storage_System,2024-08-05T07:33:02.694Z,Water Plant,Drain,Drain High Level Switch,0.0
Seasonal_Storage_System,2024-08-05T07:34:02.714Z,Water Plant,Drain,Drain High Level Switch,0.0
Seasonal_Storage_System,2024-08-05T07:35:02.751Z,Water Plant,Drain,Drain High Level Switch,0.0
Seasonal_Storage_System,2024-08-05T07:36:02.774Z,Water Plant,Drain,Drain High Level Switch,0.0
Seasonal_Storage_System,2024-08-05T07:37:02.791Z,Water Plant,Drain,Drain High Level Switch,0.0
Seasonal_Storage_System,2024-08-05T07:38:02.819Z,Water Plant,Drain,Drain High Level Switch,0.0
Seasonal_Storage_System,2024-08-05T07:39:03.005Z,Water Plant,Drain,Drain High Level Switch,0.0
Seasonal_Storage_System,2024-08-05T07:40:02.839Z,Water Plant,Drain,Drain High Level Switch,0.0
Seasonal_Storage_System,2024-08-05T07:41:02.839Z,Water Plant,Drain,Drain High Level Switch,0.0
Seasonal_Storage_System,2024-08-05T07:42:02.839Z,Water Plant,Drain,Drain High Level Switch,0.0
Seasonal_Storage_System,2024-08-05T07:43:02.838Z,Water Plant,Drain,Drain High Level Switch,0.0
Seasonal_Storage_System,2024-08-05T07:44:02.838Z,Water Plant,Drain,Drain High Level Switch,0.0
Seasonal_Storage_System,2024-08-05T07:45:02.838Z,Water Plant,Drain,Drain High Level Switch,0.0
Seasonal_Storage_System,2024-08-05T07:46:02.838Z,Water Plant,Drain,Drain High Level Switch,0.0
Seasonal_Storage_System,2024-08-05T07:47:02.838Z,Water Plant,Drain,Drain High Level Switch,0.0
Seasonal_Storage_System,2024-08-05T07:48:02.838Z,Water Plant,Drain,Drain High Level Switch,0.0
Seasonal_Storage_System,2024-08-05T07:49:02.838Z,Water Plant,Drain,Drain High Level Switch,0.0
Seasonal_Storage_System,2024-08-05T07:50:02.838Z,Water Plant,Drain,Drain High Level Switch,0.0
Seasonal_Storage_System,2024-08-05T07:51:02.838Z,Water Plant,Drain,Drain High Level Switch,0.0
Seasonal_Storage_System,2024-08-05T07:52:02.858Z,Water Plant,Drain,Drain High Level Switch,0.0
Seasonal_Storage_System,2024-08-05T07:53:02.837Z,Water Plant,Drain,Drain High Level Switch,0.0
Seasonal_Storage_System,2024-08-05T07:54:02.838Z,Water Plant,Drain,Drain High Level Switch,0.0
Seasonal_Storage_System,2024-08-05T07:55:02.838Z,Water Plant,Drain,Drain High Level Switch,0.0
Seasonal_Storage_System,2024-08-05T07:56:02.838Z,Water Plant,Drain,Drain High Level Switch,0.0
Seasonal_Storage_System,2024-08-05T07:57:02.838Z,Water Plant,Drain,Drain High Level Switch,0.0
Seasonal_Storage_System,2024-08-05T07:58:02.838Z,Water Plant,Drain,Drain High Level Switch,0.0
Seasonal_Storage_System,2024-08-05T07:59:02.838Z,Water Plant,Drain,Drain High Level Switch,0.0
Seasonal_Storage_System,2024-08-05T08:00:02.838Z,Water Plant,Drain,Drain High Level Switch,0.0
Seasonal_Storage_System,2024-08-05T08:01:02.838Z,Water Plant,Drain,Drain High Level Switch,0.0
Seasonal_Storage_System,2024-08-05T08:02:02.84Z,Water Plant,Drain,Drain High Level Switch,0.0
Seasonal_Storage_System,2024-08-05T08:03:02.842Z,Water Plant,Drain,Drain High Level Switch,0.0
Seasonal_Storage_System,2024-08-05T08:04:02.839Z,Water Plant,Drain,Drain High Level Switch,0.0
Seasonal_Storage_System,2024-08-05T08:05:03.192Z,Water Plant,Drain,Drain High Level Switch,0.0
Seasonal_Storage_System,2024-08-05T08:06:02.917Z,Water Plant,Drain,Drain High Level Switch,0.0
Seasonal_Storage_System,2024-08-05T08:07:02.912Z,Water Plant,Drain,Drain High Level Switch,0.0
Seasonal_Storage_System,2024-08-05T08:08:02.849Z,Water Plant,Drain,Drain High Level Switch,0.0
Seasonal_Storage_System,2024-08-05T08:09:02.849Z,Water Plant,Drain,Drain High Level Switch,0.0
Seasonal_Storage_System,2024-08-05T08:10:02.849Z,Water Plant,Drain,Drain High Level Switch,0.0
Seasonal_Storage_System,2024-08-05T08:11:02.85Z,Water Plant,Drain,Drain High Level Switch,0.0
Seasonal_Storage_System,2024-08-05T08:12:02.918Z,Water Plant,Drain,Drain High Level Switch,0.0
Seasonal_Storage_System,2024-08-05T08:13:02.92Z,Water Plant,Drain,Drain High Level Switch,0.0
Seasonal_Storage_System,2024-08-05T08:14:02.85Z,Water Plant,Drain,Drain High Level Switch,0.0
Seasonal_Storage_System,2024-08-05T08:15:02.851Z,Water Plant,Drain,Drain High Level Switch,0.0
Seasonal_Storage_System,2024-08-05T08:16:02.938Z,Water Plant,Drain,Drain High Level Switch,0.0
Seasonal_Storage_System,2024-08-05T08:17:02.957Z,Water Plant,Drain,Drain High Level Switch,0.0
Seasonal_Storage_System,2024-08-05T08:18:02.994Z,Water Plant,Drain,Drain High Level Switch,0.0
Seasonal_Storage_System,2024-08-05T08:19:03Z,Water Plant,Drain,Drain High Level Switch,0.0
Seasonal_Storage_System,2024-08-05T08:20:03.038Z,Water Plant,Drain,Drain High Level Switch,0.0
Seasonal_Storage_System,2024-08-05T08:21:03.044Z,Water Plant,Drain,Drain High Level Switch,0.0
Seasonal_Storage_System,2024-08-05T08:22:03.071Z,Water Plant,Drain,Drain High Level Switch,0.0
Seasonal_Storage_System,2024-08-05T08:23:03.08Z,Water Plant,Drain,Drain High Level Switch,0.0
Seasonal_Storage_System,2024-08-05T08:24:03.081Z,Water Plant,Drain,Drain High Level Switch,0.0
Seasonal_Storage_System,2024-08-05T08:25:03.098Z,Water Plant,Drain,Drain High Level Switch,0.0
Seasonal_Storage_System,2024-08-05T08:26:03.102Z,Water Plant,Drain,Drain High Level Switch,0.0
Seasonal_Storage_System,2024-08-05T08:27:03.111Z,Water Plant,Drain,Drain High Level Switch,0.0
Seasonal_Storage_System,2024-08-05T08:28:03.145Z,Water Plant,Drain,Drain High Level Switch,0.0
Seasonal_Storage_System,2024-08-05T08:29:03.153Z,Water Plant,Drain,Drain High Level Switch,0.0
Seasonal_Storage_System,2024-08-05T08:30:03.164Z,Water Plant,Drain,Drain High Level Switch,0.0
Seasonal_Storage_System,2024-08-05T08:31:03.192Z,Water Plant,Drain,Drain High Level Switch,0.0
Seasonal_Storage_System,2024-08-05T08:32:03.23Z,Water Plant,Drain,Drain High Level Switch,0.0
Seasonal_Storage_System,2024-08-05T08:33:03.243Z,Water Plant,Drain,Drain High Level Switch,0.0
Seasonal_Storage_System,2024-08-05T08:34:03.251Z,Water Plant,Drain,Drain High Level Switch,0.0
Seasonal_Storage_System,2024-08-05T08:35:03.259Z,Water Plant,Drain,Drain High Level Switch,0.0
Seasonal_Storage_System,2024-08-05T08:36:03.278Z,Water Plant,Drain,Drain High Level Switch,0.0
Seasonal_Storage_System,2024-08-05T08:37:03.283Z,Water Plant,Drain,Drain High Level Switch,0.0
Seasonal_Storage_System,2024-08-05T08:38:03.297Z,Water Plant,Drain,Drain High Level Switch,0.0
Seasonal_Storage_System,2024-08-05T08:39:03.32Z,Water Plant,Drain,Drain High Level Switch,0.0
Seasonal_Storage_System,2024-08-05T08:40:03.343Z,Water Plant,Drain,Drain High Level Switch,0.0
Seasonal_Storage_System,2024-08-05T08:41:03.391Z,Water Plant,Drain,Drain High Level Switch,0.0
Seasonal_Storage_System,2024-08-05T08:42:03.395Z,Water Plant,Drain,Drain High Level Switch,0.0
Seasonal_Storage_System,2024-08-05T08:43:03.419Z,Water Plant,Drain,Drain High Level Switch,0.0
Seasonal_Storage_System,2024-08-05T08:44:03.475Z,Water Plant,Drain,Drain High Level Switch,0.0
Seasonal_Storage_System,2024-08-05T08:45:03.453Z,Water Plant,Drain,Drain High Level Switch,0.0
Seasonal_Storage_System,2024-08-05T08:46:03.477Z,Water Plant,Drain,Drain High Level Switch,0.0
Seasonal_Storage_System,2024-08-05T08:47:03.485Z,Water Plant,Drain,Drain High Level Switch,0.0
Seasonal_Storage_System,2024-08-05T08:48:03.49Z,Water Plant,Drain,Drain High Level Switch,0.0
Seasonal_Storage_System,2024-08-05T08:49:03.528Z,Water Plant,Drain,Drain High Level Switch,0.0
Seasonal_Storage_System,2024-08-05T08:50:03.569Z,Water Plant,Drain,Drain High Level Switch,0.0
Seasonal_Storage_System,2024-08-05T08:51:03.582Z,Water Plant,Drain,Drain High Level Switch,0.0
Seasonal_Storage_System,2024-08-05T08:52:03.587Z,Water Plant,Drain,Drain High Level Switch,0.0
Seasonal_Storage_System,2024-08-05T08:53:03.624Z,Water Plant,Drain,Drain High Level Switch,0.0
Seasonal_Storage_System,2024-08-05T08:54:03.627Z,Water Plant,Drain,Drain High Level Switch,0.0
Seasonal_Storage_System,2024-08-05T08:55:03.638Z,Water Plant,Drain,Drain High Level Switch,0.0
Seasonal_Storage_System,2024-08-05T08:56:03.634Z,Water Plant,Drain,Drain High Level Switch,0.0
Seasonal_Storage_System,2024-08-05T08:57:03.646Z,Water Plant,Drain,Drain High Level Switch,0.0
Seasonal_Storage_System,2024-08-05T08:58:03.654Z,Water Plant,Drain,Drain High Level Switch,0.0
Seasonal_Storage_System,2024-08-05T08:59:03.585Z,Water Plant,Drain,Drain High Level Switch,0.0
Seasonal_Storage_System,2024-08-05T09:00:03.695Z,Water Plant,Drain,Drain High Level Switch,0.0
Seasonal_Storage_System,2024-08-05T09:01:03.72Z,Water Plant,Drain,Drain High Level Switch,0.0
Seasonal_Storage_System,2024-08-05T09:02:03.712Z,Water Plant,Drain,Drain High Level Switch,0.0
Seasonal_Storage_System,2024-08-05T09:03:03.724Z,Water Plant,Drain,Drain High Level Switch,0.0
Seasonal_Storage_System,2024-08-05T09:04:03.751Z,Water Plant,Drain,Drain High Level Switch,0.0
Seasonal_Storage_System,2024-08-05T09:05:03.758Z,Water Plant,Drain,Drain High Level Switch,0.0
Seasonal_Storage_System,2024-08-05T09:06:03.768Z,Water Plant,Drain,Drain High Level Switch,0.0
Seasonal_Storage_System,2024-08-05T09:07:03.786Z,Water Plant,Drain,Drain High Level Switch,0.0
Seasonal_Storage_System,2024-08-05T09:08:03.817Z,Water Plant,Drain,Drain High Level Switch,0.0
Seasonal_Storage_System,2024-08-05T09:09:03.746Z,Water Plant,Drain,Drain High Level Switch,0.0
Seasonal_Storage_System,2024-08-05T09:10:03.746Z,Water Plant,Drain,Drain High Level Switch,0.0
Seasonal_Storage_System,2024-08-05T09:11:03.833Z,Water Plant,Drain,Drain High Level Switch,0.0
Seasonal_Storage_System,2024-08-05T09:12:03.828Z,Water Plant,Drain,Drain High Level Switch,0.0
Seasonal_Storage_System,2024-08-05T09:13:03.847Z,Water Plant,Drain,Drain High Level Switch,0.0
Seasonal_Storage_System,2024-08-05T09:14:03.876Z,Water Plant,Drain,Drain High Level Switch,0.0
Seasonal_Storage_System,2024-08-05T09:15:03.914Z,Water Plant,Drain,Drain High Level Switch,0.0
Seasonal_Storage_System,2024-08-05T09:16:03.921Z,Water Plant,Drain,Drain High Level Switch,0.0
Seasonal_Storage_System,2024-08-05T09:17:03.952Z,Water Plant,Drain,Drain High Level Switch,0.0
Seasonal_Storage_System,2024-08-05T09:18:03.962Z,Water Plant,Drain,Drain High Level Switch,0.0
Seasonal_Storage_System,2024-08-05T09:19:03.992Z,Water Plant,Drain,Drain High Level Switch,0.0
Seasonal_Storage_System,2024-08-05T09:20:04.011Z,Water Plant,Drain,Drain High Level Switch,0.0
Seasonal_Storage_System,2024-08-05T09:21:04.029Z,Water Plant,Drain,Drain High Level Switch,0.0
Seasonal_Storage_System,2024-08-05T09:22:04.065Z,Water Plant,Drain,Drain High Level Switch,0.0
Seasonal_Storage_System,2024-08-05T09:23:04.077Z,Water Plant,Drain,Drain High Level Switch,0.0
Seasonal_Storage_System,2024-08-05T09:24:04.086Z,Water Plant,Drain,Drain High Level Switch,0.0
Seasonal_Storage_System,2024-08-05T09:25:04.087Z,Water Plant,Drain,Drain High Level Switch,0.0
Seasonal_Storage_System,2024-08-05T09:26:04.136Z,Water Plant,Drain,Drain High Level Switch,0.0
Seasonal_Storage_System,2024-08-05T09:27:04.154Z,Water Plant,Drain,Drain High Level Switch,0.0
Seasonal_Storage_System,2024-08-05T09:28:04.186Z,Water Plant,Drain,Drain High Level Switch,0.0
Seasonal_Storage_System,2024-08-05T09:29:04.206Z,Water Plant,Drain,Drain High Level Switch,0.0
Seasonal_Storage_System,2024-08-05T09:30:04.221Z,Water Plant,Drain,Drain High Level Switch,0.0
Seasonal_Storage_System,2024-08-05T09:31:04.223Z,Water Plant,Drain,Drain High Level Switch,0.0
Seasonal_Storage_System,2024-08-05T09:32:04.233Z,Water Plant,Drain,Drain High Level Switch,0.0
Seasonal_Storage_System,2024-08-05T09:33:04.242Z,Water Plant,Drain,Drain High Level Switch,0.0
Seasonal_Storage_System,2024-08-05T09:34:04.257Z,Water Plant,Drain,Drain High Level Switch,0.0
Seasonal_Storage_System,2024-08-05T09:35:04.256Z,Water Plant,Drain,Drain High Level Switch,0.0
Seasonal_Storage_System,2024-08-05T09:36:04.268Z,Water Plant,Drain,Drain High Level Switch,0.0
Seasonal_Storage_System,2024-08-05T09:37:04.29Z,Water Plant,Drain,Drain High Level Switch,0.0
Seasonal_Storage_System,2024-08-05T09:38:04.35Z,Water Plant,Drain,Drain High Level Switch,0.0
Seasonal_Storage_System,2024-08-05T09:39:04.28Z,Water Plant,Drain,Drain High Level Switch,0.0
Seasonal_Storage_System,2024-08-05T09:40:04.281Z,Water Plant,Drain,Drain High Level Switch,0.0
Seasonal_Storage_System,2024-08-05T09:41:04.36Z,Water Plant,Drain,Drain High Level Switch,0.0
Seasonal_Storage_System,2024-08-05T09:42:04.358Z,Water Plant,Drain,Drain High Level Switch,0.0
Seasonal_Storage_System,2024-08-05T09:43:04.389Z,Water Plant,Drain,Drain High Level Switch,0.0
Seasonal_Storage_System,2024-08-05T09:44:04.401Z,Water Plant,Drain,Drain High Level Switch,0.0
Seasonal_Storage_System,2024-08-05T09:45:04.423Z,Water Plant,Drain,Drain High Level Switch,0.0
Seasonal_Storage_System,2024-08-05T09:46:04.44Z,Water Plant,Drain,Drain High Level Switch,0.0
Seasonal_Storage_System,2024-08-05T09:47:04.481Z,Water Plant,Drain,Drain High Level Switch,0.0
Seasonal_Storage_System,2024-08-05T09:48:04.482Z,Water Plant,Drain,Drain High Level Switch,0.0
Seasonal_Storage_System,2024-08-05T09:49:04.507Z,Water Plant,Drain,Drain High Level Switch,0.0
Seasonal_Storage_System,2024-08-05T09:50:04.528Z,Water Plant,Drain,Drain High Level Switch,0.0
Seasonal_Storage_System,2024-08-05T09:51:04.558Z,Water Plant,Drain,Drain High Level Switch,0.0
Seasonal_Storage_System,2024-08-05T09:52:04.597Z,Water Plant,Drain,Drain High Level Switch,0.0
Seasonal_Storage_System,2024-08-05T09:53:04.521Z,Water Plant,Drain,Drain High Level Switch,0.0
Seasonal_Storage_System,2024-08-05T09:54:04.638Z,Water Plant,Drain,Drain High Level Switch,0.0
Seasonal_Storage_System,2024-08-05T09:55:04.65Z,Water Plant,Drain,Drain High Level Switch,0.0
Seasonal_Storage_System,2024-08-05T09:56:04.644Z,Water Plant,Drain,Drain High Level Switch,0.0
Seasonal_Storage_System,2024-08-05T09:57:04.659Z,Water Plant,Drain,Drain High Level Switch,0.0
Seasonal_Storage_System,2024-08-05T09:58:04.667Z,Water Plant,Drain,Drain High Level Switch,0.0
Seasonal_Storage_System,2024-08-05T09:59:04.71Z,Water Plant,Drain,Drain High Level Switch,0.0
Seasonal_Storage_System,2024-08-05T10:00:04.694Z,Water Plant,Drain,Drain High Level Switch,0.0
Seasonal_Storage_System,2024-08-05T10:01:04.72Z,Water Plant,Drain,Drain High Level Switch,0.0
Seasonal_Storage_System,2024-08-05T10:02:04.725Z,Water Plant,Drain,Drain High Level Switch,0.0
Seasonal_Storage_System,2024-08-05T10:03:04.757Z,Water Plant,Drain,Drain High Level Switch,0.0
Seasonal_Storage_System,2024-08-05T10:04:04.761Z,Water Plant,Drain,Drain High Level Switch,0.0
Seasonal_Storage_System,2024-08-05T10:05:04.782Z,Water Plant,Drain,Drain High Level Switch,0.0
Seasonal_Storage_System,2024-08-05T10:06:04.791Z,Water Plant,Drain,Drain High Level Switch,0.0
Seasonal_Storage_System,2024-08-05T10:07:04.836Z,Water Plant,Drain,Drain High Level Switch,0.0
Seasonal_Storage_System,2024-08-05T10:08:04.854Z,Water Plant,Drain,Drain High Level Switch,0.0
Seasonal_Storage_System,2024-08-05T10:09:04.872Z,Water Plant,Drain,Drain High Level Switch,0.0
Seasonal_Storage_System,2024-08-05T10:10:04.916Z,Water Plant,Drain,Drain High Level Switch,0.0
Seasonal_Storage_System,2024-08-05T10:11:04.85Z,Water Plant,Drain,Drain High Level Switch,0.0
Seasonal_Storage_System,2024-08-05T10:12:04.85Z,Water Plant,Drain,Drain High Level Switch,0.0
Seasonal_Storage_System,2024-08-05T10:13:04.976Z,Water Plant,Drain,Drain High Level Switch,0.0
Seasonal_Storage_System,2024-08-05T10:14:04.97Z,Water Plant,Drain,Drain High Level Switch,0.0
Seasonal_Storage_System,2024-08-05T10:15:04.985Z,Water Plant,Drain,Drain High Level Switch,0.0
Seasonal_Storage_System,2024-08-05T10:16:04.992Z,Water Plant,Drain,Drain High Level Switch,0.0
Seasonal_Storage_System,2024-08-05T10:17:05.021Z,Water Plant,Drain,Drain High Level Switch,0.0
Seasonal_Storage_System,2024-08-05T10:18:05.027Z,Water Plant,Drain,Drain High Level Switch,0.0
Seasonal_Storage_System,2024-08-05T10:19:05.055Z,Water Plant,Drain,Drain High Level Switch,0.0
Seasonal_Storage_System,2024-08-05T10:20:05.067Z,Water Plant,Drain,Drain High Level Switch,0.0
Seasonal_Storage_System,2024-08-05T10:21:05.093Z,Water Plant,Drain,Drain High Level Switch,0.0
Seasonal_Storage_System,2024-08-05T10:22:05.121Z,Water Plant,Drain,Drain High Level Switch,0.0
Seasonal_Storage_System,2024-08-05T10:23:05.12Z,Water Plant,Drain,Drain High Level Switch,0.0
Seasonal_Storage_System,2024-08-05T10:24:05.152Z,Water Plant,Drain,Drain High Level Switch,0.0
Seasonal_Storage_System,2024-08-05T10:25:05.17Z,Water Plant,Drain,Drain High Level Switch,0.0
Seasonal_Storage_System,2024-08-05T10:26:05.214Z,Water Plant,Drain,Drain High Level Switch,0.0
Seasonal_Storage_System,2024-08-05T10:27:05.218Z,Water Plant,Drain,Drain High Level Switch,0.0
Seasonal_Storage_System,2024-08-05T10:28:05.237Z,Water Plant,Drain,Drain High Level Switch,0.0
Seasonal_Storage_System,2024-08-05T10:29:05.233Z,Water Plant,Drain,Drain High Level Switch,0.0
Seasonal_Storage_System,2024-08-05T10:30:05.256Z,Water Plant,Drain,Drain High Level Switch,0.0
Seasonal_Storage_System,2024-08-05T10:31:05.257Z,Water Plant,Drain,Drain High Level Switch,0.0
Seasonal_Storage_System,2024-08-05T10:32:05.311Z,Water Plant,Drain,Drain High Level Switch,0.0
Seasonal_Storage_System,2024-08-05T10:33:05.301Z,Water Plant,Drain,Drain High Level Switch,0.0
Seasonal_Storage_System,2024-08-05T10:34:05.238Z,Water Plant,Drain,Drain High Level Switch,0.0
Seasonal_Storage_System,2024-08-05T10:35:05.373Z,Water Plant,Drain,Drain High Level Switch,0.0
Seasonal_Storage_System,2024-08-05T10:36:05.258Z,Water Plant,Drain,Drain High Level Switch,0.0
Seasonal_Storage_System,2024-08-05T10:37:05.379Z,Water Plant,Drain,Drain High Level Switch,0.0
Seasonal_Storage_System,2024-08-05T10:38:05.379Z,Water Plant,Drain,Drain High Level Switch,0.0
Seasonal_Storage_System,2024-08-05T10:39:05.388Z,Water Plant,Drain,Drain High Level Switch,0.0
Seasonal_Storage_System,2024-08-05T10:40:05.39Z,Water Plant,Drain,Drain High Level Switch,0.0
Seasonal_Storage_System,2024-08-05T10:41:05.568Z,Water Plant,Drain,Drain High Level Switch,0.0
Seasonal_Storage_System,2024-08-05T10:42:05.394Z,Water Plant,Drain,Drain High Level Switch,0.0
Seasonal_Storage_System,2024-08-05T10:43:05.425Z,Water Plant,Drain,Drain High Level Switch,0.0
Seasonal_Storage_System,2024-08-05T10:44:05.39Z,Water Plant,Drain,Drain High Level Switch,0.0
Seasonal_Storage_System,2024-08-05T10:45:05.432Z,Water Plant,Drain,Drain High Level Switch,0.0
Seasonal_Storage_System,2024-08-05T10:46:05.464Z,Water Plant,Drain,Drain High Level Switch,0.0
Seasonal_Storage_System,2024-08-05T10:47:05.495Z,Water Plant,Drain,Drain High Level Switch,0.0
Seasonal_Storage_System,2024-08-05T10:48:05.425Z,Water Plant,Drain,Drain High Level Switch,0.0
Seasonal_Storage_System,2024-08-05T10:49:05.49Z,Water Plant,Drain,Drain High Level Switch,0.0
Seasonal_Storage_System,2024-08-05T10:50:05.511Z,Water Plant,Drain,Drain High Level Switch,0.0
Seasonal_Storage_System,2024-08-05T10:51:05.426Z,Water Plant,Drain,Drain High Level Switch,0.0
Seasonal_Storage_System,2024-08-05T10:52:05.5Z,Water Plant,Drain,Drain High Level Switch,0.0
Seasonal_Storage_System,2024-08-05T10:53:05.496Z,Water Plant,Drain,Drain High Level Switch,0.0
Seasonal_Storage_System,2024-08-05T10:54:05.492Z,Water Plant,Drain,Drain High Level Switch,0.0
Seasonal_Storage_System,2024-08-05T10:55:05.511Z,Water Plant,Drain,Drain High Level Switch,0.0
Seasonal_Storage_System,2024-08-05T10:56:05.43Z,Water Plant,Drain,Drain High Level Switch,0.0
Seasonal_Storage_System,2024-08-05T10:57:05.43Z,Water Plant,Drain,Drain High Level Switch,0.0
Seasonal_Storage_System,2024-08-05T10:58:05.43Z,Water Plant,Drain,Drain High Level Switch,0.0
Seasonal_Storage_System,2024-08-05T10:59:05.513Z,Water Plant,Drain,Drain High Level Switch,0.0
Seasonal_Storage_System,2024-08-05T11:00:05.584Z,Water Plant,Drain,Drain High Level Switch,0.0
Seasonal_Storage_System,2024-08-05T11:01:05.515Z,Water Plant,Drain,Drain High Level Switch,0.0
Seasonal_Storage_System,2024-08-05T11:02:05.52Z,Water Plant,Drain,Drain High Level Switch,0.0
Seasonal_Storage_System,2024-08-05T11:03:05.529Z,Water Plant,Drain,Drain High Level Switch,0.0
Seasonal_Storage_System,2024-08-05T11:04:05.553Z,Water Plant,Drain,Drain High Level Switch,0.0
Seasonal_Storage_System,2024-08-05T11:05:05.58Z,Water Plant,Drain,Drain High Level Switch,0.0
Seasonal_Storage_System,2024-08-05T11:06:05.529Z,Water Plant,Drain,Drain High Level Switch,0.0
Seasonal_Storage_System,2024-08-05T11:07:05.53Z,Water Plant,Drain,Drain High Level Switch,0.0
Seasonal_Storage_System,2024-08-05T11:08:05.537Z,Water Plant,Drain,Drain High Level Switch,0.0
Seasonal_Storage_System,2024-08-05T11:09:05.566Z,Water Plant,Drain,Drain High Level Switch,0.0
Seasonal_Storage_System,2024-08-05T11:10:05.617Z,Water Plant,Drain,Drain High Level Switch,0.0
Seasonal_Storage_System,2024-08-05T11:11:05.597Z,Water Plant,Drain,Drain High Level Switch,0.0
Seasonal_Storage_System,2024-08-05T11:12:05.675Z,Water Plant,Drain,Drain High Level Switch,0.0
Seasonal_Storage_System,2024-08-05T11:13:05.609Z,Water Plant,Drain,Drain High Level Switch,0.0
Seasonal_Storage_System,2024-08-05T11:14:05.652Z,Water Plant,Drain,Drain High Level Switch,0.0
Seasonal_Storage_System,2024-08-05T11:15:05.643Z,Water Plant,Drain,Drain High Level Switch,0.0
Seasonal_Storage_System,2024-08-05T11:16:05.692Z,Water Plant,Drain,Drain High Level Switch,0.0
Seasonal_Storage_System,2024-08-05T11:17:05.721Z,Water Plant,Drain,Drain High Level Switch,0.0
Seasonal_Storage_System,2024-08-05T11:18:05.781Z,Water Plant,Drain,Drain High Level Switch,0.0
Seasonal_Storage_System,2024-08-05T11:19:05.831Z,Water Plant,Drain,Drain High Level Switch,0.0
Seasonal_Storage_System,2024-08-05T11:20:05.865Z,Water Plant,Drain,Drain High Level Switch,0.0
Seasonal_Storage_System,2024-08-05T11:21:05.849Z,Water Plant,Drain,Drain High Level Switch,0.0
Seasonal_Storage_System,2024-08-05T11:22:05.857Z,Water Plant,Drain,Drain High Level Switch,0.0
Seasonal_Storage_System,2024-08-05T11:23:05.783Z,Water Plant,Drain,Drain High Level Switch,0.0
Seasonal_Storage_System,2024-08-05T11:24:05.782Z,Water Plant,Drain,Drain High Level Switch,0.0
Seasonal_Storage_System,2024-08-05T11:25:05.846Z,Water Plant,Drain,Drain High Level Switch,0.0
Seasonal_Storage_System,2024-08-05T11:26:05.847Z,Water Plant,Drain,Drain High Level Switch,0.0
Seasonal_Storage_System,2024-08-05T11:27:05.848Z,Water Plant,Drain,Drain High Level Switch,0.0
Seasonal_Storage_System,2024-08-05T11:28:05.849Z,Water Plant,Drain,Drain High Level Switch,0.0
Seasonal_Storage_System,2024-08-05T11:29:05.855Z,Water Plant,Drain,Drain High Level Switch,0.0
Seasonal_Storage_System,2024-08-05T11:30:05.854Z,Water Plant,Drain,Drain High Level Switch,0.0
Seasonal_Storage_System,2024-08-05T11:31:05.864Z,Water Plant,Drain,Drain High Level Switch,0.0
Seasonal_Storage_System,2024-08-05T11:32:05.867Z,Water Plant,Drain,Drain High Level Switch,0.0
Seasonal_Storage_System,2024-08-05T11:33:05.856Z,Water Plant,Drain,Drain High Level Switch,0.0
Seasonal_Storage_System,2024-08-05T11:34:05.857Z,Water Plant,Drain,Drain High Level Switch,0.0
Seasonal_Storage_System,2024-08-05T11:35:05.86Z,Water Plant,Drain,Drain High Level Switch,0.0
Seasonal_Storage_System,2024-08-05T11:36:05.868Z,Water Plant,Drain,Drain High Level Switch,0.0
Seasonal_Storage_System,2024-08-05T11:37:05.86Z,Water Plant,Drain,Drain High Level Switch,0.0
Seasonal_Storage_System,2024-08-05T11:38:05.86Z,Water Plant,Drain,Drain High Level Switch,0.0
Seasonal_Storage_System,2024-08-05T11:39:05.86Z,Water Plant,Drain,Drain High Level Switch,0.0
Seasonal_Storage_System,2024-08-05T11:40:05.796Z,Water Plant,Drain,Drain High Level Switch,0.0
Seasonal_Storage_System,2024-08-05T11:41:05.796Z,Water Plant,Drain,Drain High Level Switch,0.0
Seasonal_Storage_System,2024-08-05T11:42:05.796Z,Water Plant,Drain,Drain High Level Switch,0.0
Seasonal_Storage_System,2024-08-05T11:43:05.797Z,Water Plant,Drain,Drain High Level Switch,0.0
Seasonal_Storage_System,2024-08-05T11:44:05.798Z,Water Plant,Drain,Drain High Level Switch,0.0
Seasonal_Storage_System,2024-08-05T11:45:05.797Z,Water Plant,Drain,Drain High Level Switch,0.0
Seasonal_Storage_System,2024-08-05T11:46:05.798Z,Water Plant,Drain,Drain High Level Switch,0.0
Seasonal_Storage_System,2024-08-05T11:47:05.798Z,Water Plant,Drain,Drain High Level Switch,0.0
Seasonal_Storage_System,2024-08-05T11:48:05.797Z,Water Plant,Drain,Drain High Level Switch,0.0
Seasonal_Storage_System,2024-08-05T11:49:05.798Z,Water Plant,Drain,Drain High Level Switch,0.0
Seasonal_Storage_System,2024-08-05T11:50:05.798Z,Water Plant,Drain,Drain High Level Switch,0.0
Seasonal_Storage_System,2024-08-05T11:51:05.875Z,Water Plant,Drain,Drain High Level Switch,0.0
Seasonal_Storage_System,2024-08-05T11:52:05.944Z,Water Plant,Drain,Drain High Level Switch,0.0
Seasonal_Storage_System,2024-08-05T11:53:05.948Z,Water Plant,Drain,Drain High Level Switch,0.0
Seasonal_Storage_System,2024-08-05T11:54:05.869Z,Water Plant,Drain,Drain High Level Switch,0.0
Seasonal_Storage_System,2024-08-05T11:55:05.87Z,Water Plant,Drain,Drain High Level Switch,0.0
Seasonal_Storage_System,2024-08-05T11:56:06.044Z,Water Plant,Drain,Drain High Level Switch,0.0
Seasonal_Storage_System,2024-08-05T11:57:05.998Z,Water Plant,Drain,Drain High Level Switch,0.0
Seasonal_Storage_System,2024-08-05T11:58:05.902Z,Water Plant,Drain,Drain High Level Switch,0.0
Seasonal_Storage_System,2024-08-05T11:59:05.994Z,Water Plant,Drain,Drain High Level Switch,0.0
Seasonal_Storage_System,2024-08-05T12:00:06.019Z,Water Plant,Drain,Drain High Level Switch,0.0
Seasonal_Storage_System,2024-08-05T12:01:06.044Z,Water Plant,Drain,Drain High Level Switch,0.0
Seasonal_Storage_System,2024-08-05T12:02:06.068Z,Water Plant,Drain,Drain High Level Switch,0.0
Seasonal_Storage_System,2024-08-05T12:03:06.169Z,Water Plant,Drain,Drain High Level Switch,0.0
Seasonal_Storage_System,2024-08-05T12:04:06.129Z,Water Plant,Drain,Drain High Level Switch,0.0
Seasonal_Storage_System,2024-08-05T12:05:06.078Z,Water Plant,Drain,Drain High Level Switch,0.0
Seasonal_Storage_System,2024-08-05T12:06:06.074Z,Water Plant,Drain,Drain High Level Switch,0.0
Seasonal_Storage_System,2024-08-05T12:07:06.075Z,Water Plant,Drain,Drain High Level Switch,0.0
Seasonal_Storage_System,2024-08-05T12:08:06.088Z,Water Plant,Drain,Drain High Level Switch,0.0
Seasonal_Storage_System,2024-08-05T12:09:06.014Z,Water Plant,Drain,Drain High Level Switch,0.0
Seasonal_Storage_System,2024-08-05T12:10:06.013Z,Water Plant,Drain,Drain High Level Switch,0.0
Seasonal_Storage_System,2024-08-05T12:11:06.014Z,Water Plant,Drain,Drain High Level Switch,0.0
Seasonal_Storage_System,2024-08-05T12:12:06.013Z,Water Plant,Drain,Drain High Level Switch,0.0
Seasonal_Storage_System,2024-08-05T12:13:06.142Z,Water Plant,Drain,Drain High Level Switch,0.0
Seasonal_Storage_System,2024-08-05T12:14:06.21Z,Water Plant,Drain,Drain High Level Switch,0.0
Seasonal_Storage_System,2024-08-05T12:15:06.253Z,Water Plant,Drain,Drain High Level Switch,0.0
Seasonal_Storage_System,2024-08-05T12:16:06.3Z,Water Plant,Drain,Drain High Level Switch,0.0
Seasonal_Storage_System,2024-08-05T12:17:06.357Z,Water Plant,Drain,Drain High Level Switch,0.0
Seasonal_Storage_System,2024-08-05T12:18:06.423Z,Water Plant,Drain,Drain High Level Switch,0.0
Seasonal_Storage_System,2024-08-05T12:19:06.46Z,Water Plant,Drain,Drain High Level Switch,0.0
Seasonal_Storage_System,2024-08-05T12:20:06.541Z,Water Plant,Drain,Drain High Level Switch,0.0
Seasonal_Storage_System,2024-08-05T12:21:06.397Z,Water Plant,Drain,Drain High Level Switch,0.0
Seasonal_Storage_System,2024-08-05T12:22:06.401Z,Water Plant,Drain,Drain High Level Switch,0.0
Seasonal_Storage_System,2024-08-05T12:23:06.397Z,Water Plant,Drain,Drain High Level Switch,0.0
Seasonal_Storage_System,2024-08-05T12:24:06.403Z,Water Plant,Drain,Drain High Level Switch,0.0
Seasonal_Storage_System,2024-08-05T12:25:06.398Z,Water Plant,Drain,Drain High Level Switch,0.0
Seasonal_Storage_System,2024-08-05T12:26:06.399Z,Water Plant,Drain,Drain High Level Switch,0.0
Seasonal_Storage_System,2024-08-05T12:27:06.4Z,Water Plant,Drain,Drain High Level Switch,0.0
Seasonal_Storage_System,2024-08-05T12:28:06.399Z,Water Plant,Drain,Drain High Level Switch,0.0
Seasonal_Storage_System,2024-08-05T12:29:06.4Z,Water Plant,Drain,Drain High Level Switch,0.0
Seasonal_Storage_System,2024-08-05T12:30:06.403Z,Water Plant,Drain,Drain High Level Switch,0.0
Seasonal_Storage_System,2024-08-05T12:31:06.416Z,Water Plant,Drain,Drain High Level Switch,0.0
Seasonal_Storage_System,2024-08-05T12:32:06.412Z,Water Plant,Drain,Drain High Level Switch,0.0
Seasonal_Storage_System,2024-08-05T12:33:06.409Z,Water Plant,Drain,Drain High Level Switch,0.0
Seasonal_Storage_System,2024-08-05T12:34:06.411Z,Water Plant,Drain,Drain High Level Switch,0.0
Seasonal_Storage_System,2024-08-05T12:35:06.53Z,Water Plant,Drain,Drain High Level Switch,0.0
Seasonal_Storage_System,2024-08-05T12:36:06.586Z,Water Plant,Drain,Drain High Level Switch,0.0
Seasonal_Storage_System,2024-08-05T12:37:06.592Z,Water Plant,Drain,Drain High Level Switch,0.0
Seasonal_Storage_System,2024-08-05T12:38:06.591Z,Water Plant,Drain,Drain High Level Switch,0.0
Seasonal_Storage_System,2024-08-05T12:39:06.586Z,Water Plant,Drain,Drain High Level Switch,0.0
Seasonal_Storage_System,2024-08-05T12:40:06.587Z,Water Plant,Drain,Drain High Level Switch,0.0
Seasonal_Storage_System,2024-08-05T12:41:06.585Z,Water Plant,Drain,Drain High Level Switch,0.0
Seasonal_Storage_System,2024-08-05T12:42:06.583Z,Water Plant,Drain,Drain High Level Switch,0.0
Seasonal_Storage_System,2024-08-05T12:43:06.583Z,Water Plant,Drain,Drain High Level Switch,0.0
Seasonal_Storage_System,2024-08-05T12:44:06.579Z,Water Plant,Drain,Drain High Level Switch,0.0
Seasonal_Storage_System,2024-08-05T12:45:06.634Z,Water Plant,Drain,Drain High Level Switch,0.0
Seasonal_Storage_System,2024-08-05T12:46:06.566Z,Water Plant,Drain,Drain High Level Switch,0.0
Seasonal_Storage_System,2024-08-05T12:47:06.565Z,Water Plant,Drain,Drain High Level Switch,0.0
Seasonal_Storage_System,2024-08-05T12:48:06.562Z,Water Plant,Drain,Drain High Level Switch,0.0
Seasonal_Storage_System,2024-08-05T12:49:06.562Z,Water Plant,Drain,Drain High Level Switch,0.0
Seasonal_Storage_System,2024-08-05T12:50:06.562Z,Water Plant,Drain,Drain High Level Switch,0.0
Seasonal_Storage_System,2024-08-05T12:51:06.564Z,Water Plant,Drain,Drain High Level Switch,0.0
Seasonal_Storage_System,2024-08-05T12:52:06.569Z,Water Plant,Drain,Drain High Level Switch,0.0
Seasonal_Storage_System,2024-08-05T12:53:06.564Z,Water Plant,Drain,Drain High Level Switch,0.0
Seasonal_Storage_System,2024-08-05T12:54:06.564Z,Water Plant,Drain,Drain High Level Switch,0.0
Seasonal_Storage_System,2024-08-05T12:55:06.568Z,Water Plant,Drain,Drain High Level Switch,0.0
Seasonal_Storage_System,2024-08-05T12:56:06.566Z,Water Plant,Drain,Drain High Level Switch,0.0
Seasonal_Storage_System,2024-08-05T12:57:06.565Z,Water Plant,Drain,Drain High Level Switch,0.0
Seasonal_Storage_System,2024-08-05T12:58:06.571Z,Water Plant,Drain,Drain High Level Switch,0.0
Seasonal_Storage_System,2024-08-05T12:59:06.582Z,Water Plant,Drain,Drain High Level Switch,0.0
Seasonal_Storage_System,2024-08-05T13:00:06.567Z,Water Plant,Drain,Drain High Level Switch,0.0
Seasonal_Storage_System,2024-08-05T13:01:06.59Z,Water Plant,Drain,Drain High Level Switch,0.0
Seasonal_Storage_System,2024-08-05T13:02:06.576Z,Water Plant,Drain,Drain High Level Switch,0.0
Seasonal_Storage_System,2024-08-05T13:03:06.576Z,Water Plant,Drain,Drain High Level Switch,0.0
Seasonal_Storage_System,2024-08-05T13:04:06.706Z,Water Plant,Drain,Drain High Level Switch,0.0
Seasonal_Storage_System,2024-08-05T13:05:06.771Z,Water Plant,Drain,Drain High Level Switch,0.0
Seasonal_Storage_System,2024-08-05T13:06:06.82Z,Water Plant,Drain,Drain High Level Switch,0.0
Seasonal_Storage_System,2024-08-05T13:07:06.844Z,Water Plant,Drain,Drain High Level Switch,0.0
Seasonal_Storage_System,2024-08-05T13:08:06.852Z,Water Plant,Drain,Drain High Level Switch,0.0
Seasonal_Storage_System,2024-08-05T13:09:06.855Z,Water Plant,Drain,Drain High Level Switch,0.0
Seasonal_Storage_System,2024-08-05T13:10:06.853Z,Water Plant,Drain,Drain High Level Switch,0.0
Seasonal_Storage_System,2024-08-05T13:11:06.867Z,Water Plant,Drain,Drain High Level Switch,0.0
Seasonal_Storage_System,2024-08-05T13:12:06.853Z,Water Plant,Drain,Drain High Level Switch,0.0
Seasonal_Storage_System,2024-08-05T13:13:06.86Z,Water Plant,Drain,Drain High Level Switch,0.0
Seasonal_Storage_System,2024-08-05T13:14:06.871Z,Water Plant,Drain,Drain High Level Switch,0.0
Seasonal_Storage_System,2024-08-05T13:15:06.864Z,Water Plant,Drain,Drain High Level Switch,0.0
Seasonal_Storage_System,2024-08-05T13:16:06.859Z,Water Plant,Drain,Drain High Level Switch,0.0
Seasonal_Storage_System,2024-08-05T13:17:06.882Z,Water Plant,Drain,Drain High Level Switch,0.0
Seasonal_Storage_System,2024-08-05T13:18:06.887Z,Water Plant,Drain,Drain High Level Switch,0.0
Seasonal_Storage_System,2024-08-05T13:19:06.954Z,Water Plant,Drain,Drain High Level Switch,0.0
Seasonal_Storage_System,2024-08-05T13:20:07.009Z,Water Plant,Drain,Drain High Level Switch,0.0
Seasonal_Storage_System,2024-08-05T13:21:07.073Z,Water Plant,Drain,Drain High Level Switch,0.0
Seasonal_Storage_System,2024-08-05T13:22:07.138Z,Water Plant,Drain,Drain High Level Switch,0.0
Seasonal_Storage_System,2024-08-05T13:23:07.136Z,Water Plant,Drain,Drain High Level Switch,0.0
Seasonal_Storage_System,2024-08-05T13:24:07.13Z,Water Plant,Drain,Drain High Level Switch,0.0
Seasonal_Storage_System,2024-08-05T13:25:07.148Z,Water Plant,Drain,Drain High Level Switch,0.0
Seasonal_Storage_System,2024-08-05T13:26:07.147Z,Water Plant,Drain,Drain High Level Switch,0.0
Seasonal_Storage_System,2024-08-05T13:27:07.138Z,Water Plant,Drain,Drain High Level Switch,0.0
Seasonal_Storage_System,2024-08-05T13:28:07.07Z,Water Plant,Drain,Drain High Level Switch,0.0
Seasonal_Storage_System,2024-08-05T13:29:07.07Z,Water Plant,Drain,Drain High Level Switch,0.0
Seasonal_Storage_System,2024-08-05T13:30:07.07Z,Water Plant,Drain,Drain High Level Switch,0.0
Seasonal_Storage_System,2024-08-05T13:31:07.069Z,Water Plant,Drain,Drain High Level Switch,0.0
Seasonal_Storage_System,2024-08-05T13:32:07.07Z,Water Plant,Drain,Drain High Level Switch,0.0
Seasonal_Storage_System,2024-08-05T13:33:07.069Z,Water Plant,Drain,Drain High Level Switch,0.0
Seasonal_Storage_System,2024-08-05T13:34:07.145Z,Water Plant,Drain,Drain High Level Switch,0.0
Seasonal_Storage_System,2024-08-05T13:35:07.072Z,Water Plant,Drain,Drain High Level Switch,0.0
Seasonal_Storage_System,2024-08-05T13:36:07.073Z,Water Plant,Drain,Drain High Level Switch,0.0
Seasonal_Storage_System,2024-08-05T13:37:07.071Z,Water Plant,Drain,Drain High Level Switch,0.0
Seasonal_Storage_System,2024-08-05T13:38:07.072Z,Water Plant,Drain,Drain High Level Switch,0.0
Seasonal_Storage_System,2024-08-05T13:39:07.073Z,Water Plant,Drain,Drain High Level Switch,0.0
Seasonal_Storage_System,2024-08-05T13:40:07.072Z,Water Plant,Drain,Drain High Level Switch,0.0
Seasonal_Storage_System,2024-08-05T13:41:07.072Z,Water Plant,Drain,Drain High Level Switch,0.0
Seasonal_Storage_System,2024-08-05T13:42:07.161Z,Water Plant,Drain,Drain High Level Switch,0.0
Seasonal_Storage_System,2024-08-05T13:43:07.144Z,Water Plant,Drain,Drain High Level Switch,0.0
Seasonal_Storage_System,2024-08-05T13:44:07.148Z,Water Plant,Drain,Drain High Level Switch,0.0
Seasonal_Storage_System,2024-08-05T13:45:07.142Z,Water Plant,Drain,Drain High Level Switch,0.0
Seasonal_Storage_System,2024-08-05T13:46:07.176Z,Water Plant,Drain,Drain High Level Switch,0.0
Seasonal_Storage_System,2024-08-05T13:47:07.17Z,Water Plant,Drain,Drain High Level Switch,0.0
Seasonal_Storage_System,2024-08-05T13:48:07.182Z,Water Plant,Drain,Drain High Level Switch,0.0
Seasonal_Storage_System,2024-08-05T13:49:07.106Z,Water Plant,Drain,Drain High Level Switch,0.0
Seasonal_Storage_System,2024-08-05T13:50:07.106Z,Water Plant,Drain,Drain High Level Switch,0.0
Seasonal_Storage_System,2024-08-05T13:51:07.109Z,Water Plant,Drain,Drain High Level Switch,0.0
Seasonal_Storage_System,2024-08-05T13:52:07.107Z,Water Plant,Drain,Drain High Level Switch,0.0
Seasonal_Storage_System,2024-08-05T13:53:07.108Z,Water Plant,Drain,Drain High Level Switch,0.0
Seasonal_Storage_System,2024-08-05T13:54:07.109Z,Water Plant,Drain,Drain High Level Switch,0.0
Seasonal_Storage_System,2024-08-05T13:55:07.107Z,Water Plant,Drain,Drain High Level Switch,0.0
Seasonal_Storage_System,2024-08-05T13:56:07.108Z,Water Plant,Drain,Drain High Level Switch,0.0
Seasonal_Storage_System,2024-08-05T13:57:07.108Z,Water Plant,Drain,Drain High Level Switch,0.0
Seasonal_Storage_System,2024-08-05T13:58:07.107Z,Water Plant,Drain,Drain High Level Switch,0.0
Seasonal_Storage_System,2024-08-05T13:59:07.107Z,Water Plant,Drain,Drain High Level Switch,0.0
Seasonal_Storage_System,2024-08-05T14:00:07.107Z,Water Plant,Drain,Drain High Level Switch,0.0
Seasonal_Storage_System,2024-08-05T14:01:07.108Z,Water Plant,Drain,Drain High Level Switch,0.0
Seasonal_Storage_System,2024-08-05T14:02:07.107Z,Water Plant,Drain,Drain High Level Switch,0.0
Seasonal_Storage_System,2024-08-05T14:03:07.107Z,Water Plant,Drain,Drain High Level Switch,0.0
Seasonal_Storage_System,2024-08-05T14:04:07.109Z,Water Plant,Drain,Drain High Level Switch,0.0
Seasonal_Storage_System,2024-08-05T14:05:07.222Z,Water Plant,Drain,Drain High Level Switch,0.0
Seasonal_Storage_System,2024-08-05T14:06:07.291Z,Water Plant,Drain,Drain High Level Switch,0.0
Seasonal_Storage_System,2024-08-05T14:07:07.342Z,Water Plant,Drain,Drain High Level Switch,0.0
Seasonal_Storage_System,2024-08-05T14:08:07.406Z,Water Plant,Drain,Drain High Level Switch,0.0
Seasonal_Storage_System,2024-08-05T14:09:07.403Z,Water Plant,Drain,Drain High Level Switch,0.0
Seasonal_Storage_System,2024-08-05T14:10:07.4Z,Water Plant,Drain,Drain High Level Switch,0.0
Seasonal_Storage_System,2024-08-05T14:11:07.397Z,Water Plant,Drain,Drain High Level Switch,0.0
Seasonal_Storage_System,2024-08-05T14:12:07.409Z,Water Plant,Drain,Drain High Level Switch,0.0
Seasonal_Storage_System,2024-08-05T14:13:07.396Z,Water Plant,Drain,Drain High Level Switch,0.0
Seasonal_Storage_System,2024-08-05T14:14:07.421Z,Water Plant,Drain,Drain High Level Switch,0.0
Seasonal_Storage_System,2024-08-05T14:15:07.396Z,Water Plant,Drain,Drain High Level Switch,0.0
Seasonal_Storage_System,2024-08-05T14:16:07.461Z,Water Plant,Drain,Drain High Level Switch,0.0
Seasonal_Storage_System,2024-08-05T14:17:07.486Z,Water Plant,Drain,Drain High Level Switch,0.0
Seasonal_Storage_System,2024-08-05T14:18:07.48Z,Water Plant,Drain,Drain High Level Switch,0.0
Seasonal_Storage_System,2024-08-05T14:19:07.41Z,Water Plant,Drain,Drain High Level Switch,0.0
Seasonal_Storage_System,2024-08-05T14:20:07.42Z,Water Plant,Drain,Drain High Level Switch,0.0
Seasonal_Storage_System,2024-08-05T14:21:07.42Z,Water Plant,Drain,Drain High Level Switch,0.0
Seasonal_Storage_System,2024-08-05T14:22:07.422Z,Water Plant,Drain,Drain High Level Switch,0.0
Seasonal_Storage_System,2024-08-05T14:23:07.41Z,Water Plant,Drain,Drain High Level Switch,0.0
Seasonal_Storage_System,2024-08-05T14:24:07.418Z,Water Plant,Drain,Drain High Level Switch,0.0
Seasonal_Storage_System,2024-08-05T14:25:07.409Z,Water Plant,Drain,Drain High Level Switch,0.0
Seasonal_Storage_System,2024-08-05T14:26:07.415Z,Water Plant,Drain,Drain High Level Switch,0.0
Seasonal_Storage_System,2024-08-05T14:27:07.411Z,Water Plant,Drain,Drain High Level Switch,0.0
Seasonal_Storage_System,2024-08-05T14:28:07.454Z,Water Plant,Drain,Drain High Level Switch,0.0
Seasonal_Storage_System,2024-08-05T14:29:07.436Z,Water Plant,Drain,Drain High Level Switch,0.0
Seasonal_Storage_System,2024-08-05T14:30:07.428Z,Water Plant,Drain,Drain High Level Switch,0.0
Seasonal_Storage_System,2024-08-05T14:31:07.426Z,Water Plant,Drain,Drain High Level Switch,0.0
Seasonal_Storage_System,2024-08-05T14:32:07.465Z,Water Plant,Drain,Drain High Level Switch,0.0
Seasonal_Storage_System,2024-08-05T14:33:07.475Z,Water Plant,Drain,Drain High Level Switch,0.0
Seasonal_Storage_System,2024-08-05T14:34:07.478Z,Water Plant,Drain,Drain High Level Switch,0.0
Seasonal_Storage_System,2024-08-05T14:35:07.466Z,Water Plant,Drain,Drain High Level Switch,0.0
Seasonal_Storage_System,2024-08-05T14:36:07.395Z,Water Plant,Drain,Drain High Level Switch,0.0
Seasonal_Storage_System,2024-08-05T14:37:07.475Z,Water Plant,Drain,Drain High Level Switch,0.0
Seasonal_Storage_System,2024-08-05T14:38:07.402Z,Water Plant,Drain,Drain High Level Switch,0.0
Seasonal_Storage_System,2024-08-05T14:39:07.467Z,Water Plant,Drain,Drain High Level Switch,0.0
Seasonal_Storage_System,2024-08-05T14:40:07.473Z,Water Plant,Drain,Drain High Level Switch,0.0
Seasonal_Storage_System,2024-08-05T14:41:07.481Z,Water Plant,Drain,Drain High Level Switch,0.0
Seasonal_Storage_System,2024-08-05T14:42:07.521Z,Water Plant,Drain,Drain High Level Switch,0.0
Seasonal_Storage_System,2024-08-05T14:43:07.521Z,Water Plant,Drain,Drain High Level Switch,0.0
Seasonal_Storage_System,2024-08-05T14:44:07.521Z,Water Plant,Drain,Drain High Level Switch,0.0
Seasonal_Storage_System,2024-08-05T14:45:07.531Z,Water Plant,Drain,Drain High Level Switch,0.0
Seasonal_Storage_System,2024-08-05T14:46:07.531Z,Water Plant,Drain,Drain High Level Switch,0.0
Seasonal_Storage_System,2024-08-05T14:47:07.534Z,Water Plant,Drain,Drain High Level Switch,0.0
Seasonal_Storage_System,2024-08-05T14:48:07.537Z,Water Plant,Drain,Drain High Level Switch,0.0
Seasonal_Storage_System,2024-08-05T14:49:07.525Z,Water Plant,Drain,Drain High Level Switch,0.0
Seasonal_Storage_System,2024-08-05T14:50:07.531Z,Water Plant,Drain,Drain High Level Switch,0.0
Seasonal_Storage_System,2024-08-05T14:51:07.53Z,Water Plant,Drain,Drain High Level Switch,0.0
Seasonal_Storage_System,2024-08-05T14:52:07.569Z,Water Plant,Drain,Drain High Level Switch,0.0
Seasonal_Storage_System,2024-08-05T14:53:07.633Z,Water Plant,Drain,Drain High Level Switch,0.0
Seasonal_Storage_System,2024-08-05T14:54:07.707Z,Water Plant,Drain,Drain High Level Switch,0.0
Seasonal_Storage_System,2024-08-05T14:55:07.7Z,Water Plant,Drain,Drain High Level Switch,0.0
Seasonal_Storage_System,2024-08-05T14:56:07.637Z,Water Plant,Drain,Drain High Level Switch,0.0
Seasonal_Storage_System,2024-08-05T14:57:07.638Z,Water Plant,Drain,Drain High Level Switch,0.0
Seasonal_Storage_System,2024-08-05T14:58:07.645Z,Water Plant,Drain,Drain High Level Switch,0.0
Seasonal_Storage_System,2024-08-05T14:59:07.637Z,Water Plant,Drain,Drain High Level Switch,0.0
Seasonal_Storage_System,2024-08-05T15:00:07.64Z,Water Plant,Drain,Drain High Level Switch,0.0
Seasonal_Storage_System,2024-08-05T15:01:07.638Z,Water Plant,Drain,Drain High Level Switch,0.0
Seasonal_Storage_System,2024-08-05T15:02:07.638Z,Water Plant,Drain,Drain High Level Switch,0.0
Seasonal_Storage_System,2024-08-05T15:03:07.638Z,Water Plant,Drain,Drain High Level Switch,0.0
Seasonal_Storage_System,2024-08-05T15:04:07.638Z,Water Plant,Drain,Drain High Level Switch,0.0
Seasonal_Storage_System,2024-08-05T15:05:07.639Z,Water Plant,Drain,Drain High Level Switch,0.0
Seasonal_Storage_System,2024-08-05T15:06:07.641Z,Water Plant,Drain,Drain High Level Switch,0.0
Seasonal_Storage_System,2024-08-05T15:07:07.638Z,Water Plant,Drain,Drain High Level Switch,0.0
Seasonal_Storage_System,2024-08-05T15:08:07.638Z,Water Plant,Drain,Drain High Level Switch,0.0
Seasonal_Storage_System,2024-08-05T15:09:07.639Z,Water Plant,Drain,Drain High Level Switch,0.0
Seasonal_Storage_System,2024-08-05T15:10:07.756Z,Water Plant,Drain,Drain High Level Switch,0.0
Seasonal_Storage_System,2024-08-05T15:11:07.782Z,Water Plant,Drain,Drain High Level Switch,0.0
Seasonal_Storage_System,2024-08-05T15:12:07.715Z,Water Plant,Drain,Drain High Level Switch,0.0
Seasonal_Storage_System,2024-08-05T15:13:07.794Z,Water Plant,Drain,Drain High Level Switch,0.0
Seasonal_Storage_System,2024-08-05T15:14:07.719Z,Water Plant,Drain,Drain High Level Switch,0.0
Seasonal_Storage_System,2024-08-05T15:15:07.786Z,Water Plant,Drain,Drain High Level Switch,0.0
Seasonal_Storage_System,2024-08-05T15:16:07.787Z,Water Plant,Drain,Drain High Level Switch,0.0
Seasonal_Storage_System,2024-08-05T15:17:07.796Z,Water Plant,Drain,Drain High Level Switch,0.0
Seasonal_Storage_System,2024-08-05T15:18:07.789Z,Water Plant,Drain,Drain High Level Switch,0.0
Seasonal_Storage_System,2024-08-05T15:19:07.783Z,Water Plant,Drain,Drain High Level Switch,0.0
Seasonal_Storage_System,2024-08-05T15:20:07.786Z,Water Plant,Drain,Drain High Level Switch,0.0
Seasonal_Storage_System,2024-08-05T15:21:08.294Z,Water Plant,Drain,Drain High Level Switch,0.0
Seasonal_Storage_System,2024-08-05T15:22:07.88Z,Water Plant,Drain,Drain High Level Switch,0.0
Seasonal_Storage_System,2024-08-05T15:23:07.879Z,Water Plant,Drain,Drain High Level Switch,0.0
Seasonal_Storage_System,2024-08-05T15:24:07.873Z,Water Plant,Drain,Drain High Level Switch,0.0
Seasonal_Storage_System,2024-08-05T15:25:07.88Z,Water Plant,Drain,Drain High Level Switch,0.0
Seasonal_Storage_System,2024-08-05T15:26:07.889Z,Water Plant,Drain,Drain High Level Switch,0.0
Seasonal_Storage_System,2024-08-05T15:27:07.88Z,Water Plant,Drain,Drain High Level Switch,0.0
Seasonal_Storage_System,2024-08-05T15:28:07.875Z,Water Plant,Drain,Drain High Level Switch,0.0
Seasonal_Storage_System,2024-08-05T15:29:07.875Z,Water Plant,Drain,Drain High Level Switch,0.0
Seasonal_Storage_System,2024-08-05T15:30:07.875Z,Water Plant,Drain,Drain High Level Switch,0.0
Seasonal_Storage_System,2024-08-05T15:31:07.899Z,Water Plant,Drain,Drain High Level Switch,0.0
Seasonal_Storage_System,2024-08-05T15:32:07.896Z,Water Plant,Drain,Drain High Level Switch,0.0
Seasonal_Storage_System,2024-08-05T15:33:07.892Z,Water Plant,Drain,Drain High Level Switch,0.0
Seasonal_Storage_System,2024-08-05T15:34:07.896Z,Water Plant,Drain,Drain High Level Switch,0.0
Seasonal_Storage_System,2024-08-05T15:35:07.885Z,Water Plant,Drain,Drain High Level Switch,0.0
Seasonal_Storage_System,2024-08-05T15:36:07.916Z,Water Plant,Drain,Drain High Level Switch,0.0
Seasonal_Storage_System,2024-08-05T15:37:07.975Z,Water Plant,Drain,Drain High Level Switch,0.0
Seasonal_Storage_System,2024-08-05T15:38:08.02Z,Water Plant,Drain,Drain High Level Switch,0.0
Seasonal_Storage_System,2024-08-05T15:39:08.048Z,Water Plant,Drain,Drain High Level Switch,0.0
Seasonal_Storage_System,2024-08-05T15:40:08.068Z,Water Plant,Drain,Drain High Level Switch,0.0
Seasonal_Storage_System,2024-08-05T15:41:07.989Z,Water Plant,Drain,Drain High Level Switch,0.0
Seasonal_Storage_System,2024-08-05T15:42:07.988Z,Water Plant,Drain,Drain High Level Switch,0.0
Seasonal_Storage_System,2024-08-05T15:43:07.987Z,Water Plant,Drain,Drain High Level Switch,0.0
Seasonal_Storage_System,2024-08-05T15:44:07.988Z,Water Plant,Drain,Drain High Level Switch,0.0
Seasonal_Storage_System,2024-08-05T15:45:07.988Z,Water Plant,Drain,Drain High Level Switch,0.0
Seasonal_Storage_System,2024-08-05T15:46:08.105Z,Water Plant,Drain,Drain High Level Switch,0.0
Seasonal_Storage_System,2024-08-05T15:47:08.089Z,Water Plant,Drain,Drain High Level Switch,0.0
Seasonal_Storage_System,2024-08-05T15:48:08.109Z,Water Plant,Drain,Drain High Level Switch,0.0
Seasonal_Storage_System,2024-08-05T15:49:08.096Z,Water Plant,Drain,Drain High Level Switch,0.0
Seasonal_Storage_System,2024-08-05T15:50:08.094Z,Water Plant,Drain,Drain High Level Switch,0.0
Seasonal_Storage_System,2024-08-05T15:51:08.093Z,Water Plant,Drain,Drain High Level Switch,0.0
Seasonal_Storage_System,2024-08-05T15:52:08.09Z,Water Plant,Drain,Drain High Level Switch,0.0
Seasonal_Storage_System,2024-08-05T15:53:08.096Z,Water Plant,Drain,Drain High Level Switch,0.0
Seasonal_Storage_System,2024-08-05T15:54:08.103Z,Water Plant,Drain,Drain High Level Switch,0.0
Seasonal_Storage_System,2024-08-05T15:55:08.156Z,Water Plant,Drain,Drain High Level Switch,0.0
Seasonal_Storage_System,2024-08-05T15:56:08.188Z,Water Plant,Drain,Drain High Level Switch,0.0
Seasonal_Storage_System,2024-08-05T15:57:08.188Z,Water Plant,Drain,Drain High Level Switch,0.0
Seasonal_Storage_System,2024-08-05T15:58:08.246Z,Water Plant,Drain,Drain High Level Switch,0.0
Seasonal_Storage_System,2024-08-05T15:59:08.252Z,Water Plant,Drain,Drain High Level Switch,0.0
Seasonal_Storage_System,2024-08-05T16:00:08.256Z,Water Plant,Drain,Drain High Level Switch,0.0
Seasonal_Storage_System,2024-08-05T16:01:08.259Z,Water Plant,Drain,Drain High Level Switch,0.0
Seasonal_Storage_System,2024-08-05T16:02:08.257Z,Water Plant,Drain,Drain High Level Switch,0.0
Seasonal_Storage_System,2024-08-05T16:03:08.261Z,Water Plant,Drain,Drain High Level Switch,0.0
Seasonal_Storage_System,2024-08-05T16:04:08.264Z,Water Plant,Drain,Drain High Level Switch,0.0
Seasonal_Storage_System,2024-08-05T16:05:08.27Z,Water Plant,Drain,Drain High Level Switch,0.0
Seasonal_Storage_System,2024-08-05T16:06:08.267Z,Water Plant,Drain,Drain High Level Switch,0.0
Seasonal_Storage_System,2024-08-05T16:07:08.267Z,Water Plant,Drain,Drain High Level Switch,0.0
Seasonal_Storage_System,2024-08-05T16:08:08.267Z,Water Plant,Drain,Drain High Level Switch,0.0
Seasonal_Storage_System,2024-08-05T16:09:08.262Z,Water Plant,Drain,Drain High Level Switch,0.0
Seasonal_Storage_System,2024-08-05T16:10:08.289Z,Water Plant,Drain,Drain High Level Switch,0.0
Seasonal_Storage_System,2024-08-05T16:11:08.341Z,Water Plant,Drain,Drain High Level Switch,0.0
Seasonal_Storage_System,2024-08-05T16:12:08.349Z,Water Plant,Drain,Drain High Level Switch,0.0
Seasonal_Storage_System,2024-08-05T16:13:08.352Z,Water Plant,Drain,Drain High Level Switch,0.0
Seasonal_Storage_System,2024-08-05T16:14:08.36Z,Water Plant,Drain,Drain High Level Switch,0.0
Seasonal_Storage_System,2024-08-05T16:15:08.351Z,Water Plant,Drain,Drain High Level Switch,0.0
Seasonal_Storage_System,2024-08-05T16:16:08.347Z,Water Plant,Drain,Drain High Level Switch,0.0
Seasonal_Storage_System,2024-08-05T16:17:08.349Z,Water Plant,Drain,Drain High Level Switch,0.0
Seasonal_Storage_System,2024-08-05T16:18:08.347Z,Water Plant,Drain,Drain High Level Switch,0.0
Seasonal_Storage_System,2024-08-05T16:19:08.351Z,Water Plant,Drain,Drain High Level Switch,0.0
Seasonal_Storage_System,2024-08-05T16:20:08.35Z,Water Plant,Drain,Drain High Level Switch,0.0
Seasonal_Storage_System,2024-08-05T16:21:08.369Z,Water Plant,Drain,Drain High Level Switch,0.0
Seasonal_Storage_System,2024-08-05T16:22:08.42Z,Water Plant,Drain,Drain High Level Switch,0.0
Seasonal_Storage_System,2024-08-05T16:23:08.493Z,Water Plant,Drain,Drain High Level Switch,0.0
Seasonal_Storage_System,2024-08-05T16:24:08.491Z,Water Plant,Drain,Drain High Level Switch,0.0
Seasonal_Storage_System,2024-08-05T16:25:08.443Z,Water Plant,Drain,Drain High Level Switch,0.0
Seasonal_Storage_System,2024-08-05T16:26:08.422Z,Water Plant,Drain,Drain High Level Switch,0.0
Seasonal_Storage_System,2024-08-05T16:27:08.424Z,Water Plant,Drain,Drain High Level Switch,0.0
Seasonal_Storage_System,2024-08-05T16:28:08.425Z,Water Plant,Drain,Drain High Level Switch,0.0
Seasonal_Storage_System,2024-08-05T16:29:08.423Z,Water Plant,Drain,Drain High Level Switch,0.0
Seasonal_Storage_System,2024-08-05T16:30:08.424Z,Water Plant,Drain,Drain High Level Switch,0.0
Seasonal_Storage_System,2024-08-05T16:31:08.424Z,Water Plant,Drain,Drain High Level Switch,0.0
Seasonal_Storage_System,2024-08-05T16:32:08.52Z,Water Plant,Drain,Drain High Level Switch,0.0
Seasonal_Storage_System,2024-08-05T16:33:08.593Z,Water Plant,Drain,Drain High Level Switch,0.0
Seasonal_Storage_System,2024-08-05T16:34:08.521Z,Water Plant,Drain,Drain High Level Switch,0.0
Seasonal_Storage_System,2024-08-05T16:35:08.525Z,Water Plant,Drain,Drain High Level Switch,0.0
Seasonal_Storage_System,2024-08-05T16:36:08.521Z,Water Plant,Drain,Drain High Level Switch,0.0
Seasonal_Storage_System,2024-08-05T16:37:08.524Z,Water Plant,Drain,Drain High Level Switch,0.0
Seasonal_Storage_System,2024-08-05T16:38:08.576Z,Water Plant,Drain,Drain High Level Switch,0.0
Seasonal_Storage_System,2024-08-05T16:39:08.53Z,Water Plant,Drain,Drain High Level Switch,0.0
Seasonal_Storage_System,2024-08-05T16:40:08.537Z,Water Plant,Drain,Drain High Level Switch,0.0
Seasonal_Storage_System,2024-08-05T16:41:08.531Z,Water Plant,Drain,Drain High Level Switch,0.0
Seasonal_Storage_System,2024-08-05T16:42:08.542Z,Water Plant,Drain,Drain High Level Switch,0.0
Seasonal_Storage_System,2024-08-05T16:43:08.531Z,Water Plant,Drain,Drain High Level Switch,0.0
Seasonal_Storage_System,2024-08-05T16:44:08.537Z,Water Plant,Drain,Drain High Level Switch,0.0
Seasonal_Storage_System,2024-08-05T16:45:08.531Z,Water Plant,Drain,Drain High Level Switch,0.0
Seasonal_Storage_System,2024-08-05T16:46:08.587Z,Water Plant,Drain,Drain High Level Switch,0.0
Seasonal_Storage_System,2024-08-05T16:47:08.658Z,Water Plant,Drain,Drain High Level Switch,0.0
Seasonal_Storage_System,2024-08-05T16:48:08.589Z,Water Plant,Drain,Drain High Level Switch,0.0
Seasonal_Storage_System,2024-08-05T16:49:08.6Z,Water Plant,Drain,Drain High Level Switch,0.0
Seasonal_Storage_System,2024-08-05T16:50:08.591Z,Water Plant,Drain,Drain High Level Switch,0.0
Seasonal_Storage_System,2024-08-05T16:51:08.604Z,Water Plant,Drain,Drain High Level Switch,0.0
Seasonal_Storage_System,2024-08-05T16:52:08.595Z,Water Plant,Drain,Drain High Level Switch,0.0
Seasonal_Storage_System,2024-08-05T16:53:08.591Z,Water Plant,Drain,Drain High Level Switch,0.0
Seasonal_Storage_System,2024-08-05T16:54:08.593Z,Water Plant,Drain,Drain High Level Switch,0.0
Seasonal_Storage_System,2024-08-05T16:55:08.592Z,Water Plant,Drain,Drain High Level Switch,0.0
Seasonal_Storage_System,2024-08-05T16:56:08.654Z,Water Plant,Drain,Drain High Level Switch,0.0
Seasonal_Storage_System,2024-08-05T16:57:08.647Z,Water Plant,Drain,Drain High Level Switch,0.0
Seasonal_Storage_System,2024-08-05T16:58:08.646Z,Water Plant,Drain,Drain High Level Switch,0.0
Seasonal_Storage_System,2024-08-05T16:59:08.738Z,Water Plant,Drain,Drain High Level Switch,0.0
Seasonal_Storage_System,2024-08-05T17:00:08.652Z,Water Plant,Drain,Drain High Level Switch,0.0
Seasonal_Storage_System,2024-08-05T17:01:08.653Z,Water Plant,Drain,Drain High Level Switch,0.0
Seasonal_Storage_System,2024-08-05T17:02:08.652Z,Water Plant,Drain,Drain High Level Switch,0.0
Seasonal_Storage_System,2024-08-05T17:03:08.652Z,Water Plant,Drain,Drain High Level Switch,0.0
Seasonal_Storage_System,2024-08-05T17:04:08.653Z,Water Plant,Drain,Drain High Level Switch,0.0
Seasonal_Storage_System,2024-08-05T17:05:08.726Z,Water Plant,Drain,Drain High Level Switch,0.0
Seasonal_Storage_System,2024-08-05T17:06:08.655Z,Water Plant,Drain,Drain High Level Switch,0.0
Seasonal_Storage_System,2024-08-05T17:07:08.653Z,Water Plant,Drain,Drain High Level Switch,0.0
Seasonal_Storage_System,2024-08-05T17:08:08.754Z,Water Plant,Drain,Drain High Level Switch,0.0
Seasonal_Storage_System,2024-08-05T17:09:08.824Z,Water Plant,Drain,Drain High Level Switch,0.0
Seasonal_Storage_System,2024-08-05T17:10:08.762Z,Water Plant,Drain,Drain High Level Switch,0.0
Seasonal_Storage_System,2024-08-05T17:11:08.764Z,Water Plant,Drain,Drain High Level Switch,0.0
Seasonal_Storage_System,2024-08-05T17:12:08.772Z,Water Plant,Drain,Drain High Level Switch,0.0
Seasonal_Storage_System,2024-08-05T17:13:08.776Z,Water Plant,Drain,Drain High Level Switch,0.0
Seasonal_Storage_System,2024-08-05T17:14:08.774Z,Water Plant,Drain,Drain High Level Switch,0.0
Seasonal_Storage_System,2024-08-05T17:15:08.768Z,Water Plant,Drain,Drain High Level Switch,0.0
Seasonal_Storage_System,2024-08-05T17:16:08.773Z,Water Plant,Drain,Drain High Level Switch,0.0
Seasonal_Storage_System,2024-08-05T17:17:08.774Z,Water Plant,Drain,Drain High Level Switch,0.0
Seasonal_Storage_System,2024-08-05T17:18:08.706Z,Water Plant,Drain,Drain High Level Switch,0.0
Seasonal_Storage_System,2024-08-05T17:19:08.704Z,Water Plant,Drain,Drain High Level Switch,0.0
Seasonal_Storage_System,2024-08-05T17:20:09.192Z,Water Plant,Drain,Drain High Level Switch,0.0
Seasonal_Storage_System,2024-08-05T17:21:08.761Z,Water Plant,Drain,Drain High Level Switch,0.0
Seasonal_Storage_System,2024-08-05T17:22:08.915Z,Water Plant,Drain,Drain High Level Switch,0.0
Seasonal_Storage_System,2024-08-05T17:23:08.947Z,Water Plant,Drain,Drain High Level Switch,0.0
Seasonal_Storage_System,2024-08-05T17:24:08.888Z,Water Plant,Drain,Drain High Level Switch,0.0
Seasonal_Storage_System,2024-08-05T17:25:08.884Z,Water Plant,Drain,Drain High Level Switch,0.0
Seasonal_Storage_System,2024-08-05T17:26:08.883Z,Water Plant,Drain,Drain High Level Switch,0.0
Seasonal_Storage_System,2024-08-05T17:27:08.901Z,Water Plant,Drain,Drain High Level Switch,0.0
Seasonal_Storage_System,2024-08-05T17:28:08.909Z,Water Plant,Drain,Drain High Level Switch,0.0
Seasonal_Storage_System,2024-08-05T17:29:08.894Z,Water Plant,Drain,Drain High Level Switch,0.0
Seasonal_Storage_System,2024-08-05T17:30:08.939Z,Water Plant,Drain,Drain High Level Switch,0.0
Seasonal_Storage_System,2024-08-05T17:31:08.924Z,Water Plant,Drain,Drain High Level Switch,0.0
Seasonal_Storage_System,2024-08-05T17:32:08.963Z,Water Plant,Drain,Drain High Level Switch,0.0
Seasonal_Storage_System,2024-08-05T17:33:09.027Z,Water Plant,Drain,Drain High Level Switch,0.0
Seasonal_Storage_System,2024-08-05T17:34:08.961Z,Water Plant,Drain,Drain High Level Switch,0.0
Seasonal_Storage_System,2024-08-05T17:35:08.966Z,Water Plant,Drain,Drain High Level Switch,0.0
Seasonal_Storage_System,2024-08-05T17:36:08.962Z,Water Plant,Drain,Drain High Level Switch,0.0
Seasonal_Storage_System,2024-08-05T17:37:08.966Z,Water Plant,Drain,Drain High Level Switch,0.0
Seasonal_Storage_System,2024-08-05T17:38:08.974Z,Water Plant,Drain,Drain High Level Switch,0.0
Seasonal_Storage_System,2024-08-05T17:39:08.97Z,Water Plant,Drain,Drain High Level Switch,0.0
Seasonal_Storage_System,2024-08-05T17:40:08.963Z,Water Plant,Drain,Drain High Level Switch,0.0
Seasonal_Storage_System,2024-08-05T17:41:08.894Z,Water Plant,Drain,Drain High Level Switch,0.0
Seasonal_Storage_System,2024-08-05T17:42:09.018Z,Water Plant,Drain,Drain High Level Switch,0.0
Seasonal_Storage_System,2024-08-05T17:43:09.089Z,Water Plant,Drain,Drain High Level Switch,0.0
Seasonal_Storage_System,2024-08-05T17:44:09.027Z,Water Plant,Drain,Drain High Level Switch,0.0
Seasonal_Storage_System,2024-08-05T17:45:09.027Z,Water Plant,Drain,Drain High Level Switch,0.0
Seasonal_Storage_System,2024-08-05T17:46:09.025Z,Water Plant,Drain,Drain High Level Switch,0.0
Seasonal_Storage_System,2024-08-05T17:47:08.956Z,Water Plant,Drain,Drain High Level Switch,0.0
Seasonal_Storage_System,2024-08-05T17:48:08.958Z,Water Plant,Drain,Drain High Level Switch,0.0
Seasonal_Storage_System,2024-08-05T17:49:08.962Z,Water Plant,Drain,Drain High Level Switch,0.0
Seasonal_Storage_System,2024-08-05T17:50:08.957Z,Water Plant,Drain,Drain High Level Switch,0.0
Seasonal_Storage_System,2024-08-05T17:51:08.958Z,Water Plant,Drain,Drain High Level Switch,0.0
Seasonal_Storage_System,2024-08-05T17:52:08.96Z,Water Plant,Drain,Drain High Level Switch,0.0
Seasonal_Storage_System,2024-08-05T17:53:08.96Z,Water Plant,Drain,Drain High Level Switch,0.0
Seasonal_Storage_System,2024-08-05T17:54:08.958Z,Water Plant,Drain,Drain High Level Switch,0.0
Seasonal_Storage_System,2024-08-05T17:55:09.042Z,Water Plant,Drain,Drain High Level Switch,0.0
Seasonal_Storage_System,2024-08-05T17:56:09.04Z,Water Plant,Drain,Drain High Level Switch,0.0
Seasonal_Storage_System,2024-08-05T17:57:09.036Z,Water Plant,Drain,Drain High Level Switch,0.0
Seasonal_Storage_System,2024-08-05T17:58:09.036Z,Water Plant,Drain,Drain High Level Switch,0.0
Seasonal_Storage_System,2024-08-05T17:59:09.036Z,Water Plant,Drain,Drain High Level Switch,0.0
Seasonal_Storage_System,2024-08-05T18:00:09.101Z,Water Plant,Drain,Drain High Level Switch,0.0
Seasonal_Storage_System,2024-08-05T18:01:09.165Z,Water Plant,Drain,Drain High Level Switch,0.0
Seasonal_Storage_System,2024-08-05T18:02:09.093Z,Water Plant,Drain,Drain High Level Switch,0.0
Seasonal_Storage_System,2024-08-05T18:03:09.093Z,Water Plant,Drain,Drain High Level Switch,0.0
Seasonal_Storage_System,2024-08-05T18:04:09.112Z,Water Plant,Drain,Drain High Level Switch,0.0
Seasonal_Storage_System,2024-08-05T18:05:09.113Z,Water Plant,Drain,Drain High Level Switch,0.0
Seasonal_Storage_System,2024-08-05T18:06:09.109Z,Water Plant,Drain,Drain High Level Switch,0.0
Seasonal_Storage_System,2024-08-05T18:07:09.036Z,Water Plant,Drain,Drain High Level Switch,0.0
Seasonal_Storage_System,2024-08-05T18:08:09.129Z,Water Plant,Drain,Drain High Level Switch,0.0
Seasonal_Storage_System,2024-08-05T18:09:09.2Z,Water Plant,Drain,Drain High Level Switch,0.0
Seasonal_Storage_System,2024-08-05T18:10:09.127Z,Water Plant,Drain,Drain High Level Switch,0.0
Seasonal_Storage_System,2024-08-05T18:11:09.073Z,Water Plant,Drain,Drain High Level Switch,0.0
Seasonal_Storage_System,2024-08-05T18:12:09.064Z,Water Plant,Drain,Drain High Level Switch,0.0
Seasonal_Storage_System,2024-08-05T18:13:09.144Z,Water Plant,Drain,Drain High Level Switch,0.0
Seasonal_Storage_System,2024-08-05T18:14:09.15Z,Water Plant,Drain,Drain High Level Switch,0.0
Seasonal_Storage_System,2024-08-05T18:15:09.141Z,Water Plant,Drain,Drain High Level Switch,0.0
Seasonal_Storage_System,2024-08-05T18:16:09.199Z,Water Plant,Drain,Drain High Level Switch,0.0
Seasonal_Storage_System,2024-08-05T18:17:09.226Z,Water Plant,Drain,Drain High Level Switch,0.0
Seasonal_Storage_System,2024-08-05T18:18:09.303Z,Water Plant,Drain,Drain High Level Switch,0.0
Seasonal_Storage_System,2024-08-05T18:19:09.237Z,Water Plant,Drain,Drain High Level Switch,0.0
Seasonal_Storage_System,2024-08-05T18:20:09.23Z,Water Plant,Drain,Drain High Level Switch,0.0
Seasonal_Storage_System,2024-08-05T18:21:09.228Z,Water Plant,Drain,Drain High Level Switch,0.0
Seasonal_Storage_System,2024-08-05T18:22:09.162Z,Water Plant,Drain,Drain High Level Switch,0.0
Seasonal_Storage_System,2024-08-05T18:23:09.253Z,Water Plant,Drain,Drain High Level Switch,0.0
Seasonal_Storage_System,2024-08-05T18:24:09.25Z,Water Plant,Drain,Drain High Level Switch,0.0
Seasonal_Storage_System,2024-08-05T18:25:09.246Z,Water Plant,Drain,Drain High Level Switch,0.0
Seasonal_Storage_System,2024-08-05T18:26:09.241Z,Water Plant,Drain,Drain High Level Switch,0.0
Seasonal_Storage_System,2024-08-05T18:27:09.24Z,Water Plant,Drain,Drain High Level Switch,0.0
Seasonal_Storage_System,2024-08-05T18:28:09.256Z,Water Plant,Drain,Drain High Level Switch,0.0
Seasonal_Storage_System,2024-08-05T18:29:09.245Z,Water Plant,Drain,Drain High Level Switch,0.0
Seasonal_Storage_System,2024-08-05T18:30:09.262Z,Water Plant,Drain,Drain High Level Switch,0.0
Seasonal_Storage_System,2024-08-05T18:31:09.184Z,Water Plant,Drain,Drain High Level Switch,0.0
Seasonal_Storage_System,2024-08-05T18:32:09.18Z,Water Plant,Drain,Drain High Level Switch,0.0
Seasonal_Storage_System,2024-08-05T18:33:09.18Z,Water Plant,Drain,Drain High Level Switch,0.0
Seasonal_Storage_System,2024-08-05T18:34:09.191Z,Water Plant,Drain,Drain High Level Switch,0.0
Seasonal_Storage_System,2024-08-05T18:35:09.192Z,Water Plant,Drain,Drain High Level Switch,0.0
Seasonal_Storage_System,2024-08-05T18:36:09.298Z,Water Plant,Drain,Drain High Level Switch,0.0
Seasonal_Storage_System,2024-08-05T18:37:09.229Z,Water Plant,Drain,Drain High Level Switch,0.0
Seasonal_Storage_System,2024-08-05T18:38:09.298Z,Water Plant,Drain,Drain High Level Switch,0.0
Seasonal_Storage_System,2024-08-05T18:39:09.293Z,Water Plant,Drain,Drain High Level Switch,0.0
Seasonal_Storage_System,2024-08-05T18:40:09.317Z,Water Plant,Drain,Drain High Level Switch,0.0
Seasonal_Storage_System,2024-08-05T18:41:09.235Z,Water Plant,Drain,Drain High Level Switch,0.0
Seasonal_Storage_System,2024-08-05T18:42:09.235Z,Water Plant,Drain,Drain High Level Switch,0.0
Seasonal_Storage_System,2024-08-05T18:43:09.348Z,Water Plant,Drain,Drain High Level Switch,0.0
Seasonal_Storage_System,2024-08-05T18:44:09.42Z,Water Plant,Drain,Drain High Level Switch,0.0
Seasonal_Storage_System,2024-08-05T18:45:09.351Z,Water Plant,Drain,Drain High Level Switch,0.0
Seasonal_Storage_System,2024-08-05T18:46:09.352Z,Water Plant,Drain,Drain High Level Switch,0.0
Seasonal_Storage_System,2024-08-05T18:47:09.348Z,Water Plant,Drain,Drain High Level Switch,0.0
Seasonal_Storage_System,2024-08-05T18:48:09.344Z,Water Plant,Drain,Drain High Level Switch,0.0
Seasonal_Storage_System,2024-08-05T18:49:09.365Z,Water Plant,Drain,Drain High Level Switch,0.0
Seasonal_Storage_System,2024-08-05T18:50:09.36Z,Water Plant,Drain,Drain High Level Switch,0.0
Seasonal_Storage_System,2024-08-05T18:51:09.285Z,Water Plant,Drain,Drain High Level Switch,0.0
Seasonal_Storage_System,2024-08-05T18:52:09.428Z,Water Plant,Drain,Drain High Level Switch,0.0
Seasonal_Storage_System,2024-08-05T18:53:09.871Z,Water Plant,Drain,Drain High Level Switch,0.0
Seasonal_Storage_System,2024-08-05T18:54:09.396Z,Water Plant,Drain,Drain High Level Switch,0.0
Seasonal_Storage_System,2024-08-05T18:55:09.387Z,Water Plant,Drain,Drain High Level Switch,0.0
Seasonal_Storage_System,2024-08-05T18:56:09.398Z,Water Plant,Drain,Drain High Level Switch,0.0
Seasonal_Storage_System,2024-08-05T18:57:09.394Z,Water Plant,Drain,Drain High Level Switch,0.0
Seasonal_Storage_System,2024-08-05T18:58:09.433Z,Water Plant,Drain,Drain High Level Switch,0.0
Seasonal_Storage_System,2024-08-05T18:59:09.407Z,Water Plant,Drain,Drain High Level Switch,0.0
Seasonal_Storage_System,2024-08-05T19:00:09.493Z,Water Plant,Drain,Drain High Level Switch,0.0
Seasonal_Storage_System,2024-08-05T19:01:09.414Z,Water Plant,Drain,Drain High Level Switch,0.0
Seasonal_Storage_System,2024-08-05T19:02:09.893Z,Water Plant,Drain,Drain High Level Switch,0.0
Seasonal_Storage_System,2024-08-05T19:03:09.489Z,Water Plant,Drain,Drain High Level Switch,0.0
Seasonal_Storage_System,2024-08-05T19:04:09.425Z,Water Plant,Drain,Drain High Level Switch,0.0
Seasonal_Storage_System,2024-08-05T19:05:09.425Z,Water Plant,Drain,Drain High Level Switch,0.0
Seasonal_Storage_System,2024-08-05T19:06:09.49Z,Water Plant,Drain,Drain High Level Switch,0.0
Seasonal_Storage_System,2024-08-05T19:07:09.438Z,Water Plant,Drain,Drain High Level Switch,0.0
Seasonal_Storage_System,2024-08-05T19:08:09.427Z,Water Plant,Drain,Drain High Level Switch,0.0
Seasonal_Storage_System,2024-08-05T19:09:09.427Z,Water Plant,Drain,Drain High Level Switch,0.0
Seasonal_Storage_System,2024-08-05T19:10:09.427Z,Water Plant,Drain,Drain High Level Switch,0.0
Seasonal_Storage_System,2024-08-05T19:11:09.429Z,Water Plant,Drain,Drain High Level Switch,0.0
Seasonal_Storage_System,2024-08-05T19:12:09.428Z,Water Plant,Drain,Drain High Level Switch,0.0
Seasonal_Storage_System,2024-08-05T19:13:09.429Z,Water Plant,Drain,Drain High Level Switch,0.0
Seasonal_Storage_System,2024-08-05T19:14:09.428Z,Water Plant,Drain,Drain High Level Switch,0.0
Seasonal_Storage_System,2024-08-05T19:15:09.428Z,Water Plant,Drain,Drain High Level Switch,0.0
Seasonal_Storage_System,2024-08-05T19:16:09.437Z,Water Plant,Drain,Drain High Level Switch,0.0
Seasonal_Storage_System,2024-08-05T19:17:09.429Z,Water Plant,Drain,Drain High Level Switch,0.0
Seasonal_Storage_System,2024-08-05T19:18:09.429Z,Water Plant,Drain,Drain High Level Switch,0.0
Seasonal_Storage_System,2024-08-05T19:19:09.429Z,Water Plant,Drain,Drain High Level Switch,0.0
Seasonal_Storage_System,2024-08-05T19:20:09.493Z,Water Plant,Drain,Drain High Level Switch,0.0
Seasonal_Storage_System,2024-08-05T19:21:09.43Z,Water Plant,Drain,Drain High Level Switch,0.0
Seasonal_Storage_System,2024-08-05T19:22:09.43Z,Water Plant,Drain,Drain High Level Switch,0.0
Seasonal_Storage_System,2024-08-05T19:23:09.431Z,Water Plant,Drain,Drain High Level Switch,0.0
Seasonal_Storage_System,2024-08-05T19:24:09.43Z,Water Plant,Drain,Drain High Level Switch,0.0
Seasonal_Storage_System,2024-08-05T19:25:09.433Z,Water Plant,Drain,Drain High Level Switch,0.0
Seasonal_Storage_System,2024-08-05T19:26:09.431Z,Water Plant,Drain,Drain High Level Switch,0.0
Seasonal_Storage_System,2024-08-05T19:27:09.432Z,Water Plant,Drain,Drain High Level Switch,0.0
Seasonal_Storage_System,2024-08-05T19:28:09.436Z,Water Plant,Drain,Drain High Level Switch,0.0
Seasonal_Storage_System,2024-08-05T19:29:09.434Z,Water Plant,Drain,Drain High Level Switch,0.0
Seasonal_Storage_System,2024-08-05T19:30:09.433Z,Water Plant,Drain,Drain High Level Switch,0.0
Seasonal_Storage_System,2024-08-05T19:31:09.434Z,Water Plant,Drain,Drain High Level Switch,0.0
Seasonal_Storage_System,2024-08-05T19:32:09.433Z,Water Plant,Drain,Drain High Level Switch,0.0
Seasonal_Storage_System,2024-08-05T19:33:09.438Z,Water Plant,Drain,Drain High Level Switch,0.0
Seasonal_Storage_System,2024-08-05T19:34:09.497Z,Water Plant,Drain,Drain High Level Switch,0.0
Seasonal_Storage_System,2024-08-05T19:35:09.468Z,Water Plant,Drain,Drain High Level Switch,0.0
Seasonal_Storage_System,2024-08-05T19:36:09.468Z,Water Plant,Drain,Drain High Level Switch,0.0
Seasonal_Storage_System,2024-08-05T19:37:09.468Z,Water Plant,Drain,Drain High Level Switch,0.0
Seasonal_Storage_System,2024-08-05T19:38:09.468Z,Water Plant,Drain,Drain High Level Switch,0.0
Seasonal_Storage_System,2024-08-05T19:39:09.469Z,Water Plant,Drain,Drain High Level Switch,0.0
Seasonal_Storage_System,2024-08-05T19:40:09.472Z,Water Plant,Drain,Drain High Level Switch,0.0
Seasonal_Storage_System,2024-08-05T19:41:09.468Z,Water Plant,Drain,Drain High Level Switch,0.0
Seasonal_Storage_System,2024-08-05T19:42:09.468Z,Water Plant,Drain,Drain High Level Switch,0.0
Seasonal_Storage_System,2024-08-05T19:43:09.468Z,Water Plant,Drain,Drain High Level Switch,0.0
Seasonal_Storage_System,2024-08-05T19:44:09.469Z,Water Plant,Drain,Drain High Level Switch,0.0
Seasonal_Storage_System,2024-08-05T19:45:09.468Z,Water Plant,Drain,Drain High Level Switch,0.0
Seasonal_Storage_System,2024-08-05T19:46:09.477Z,Water Plant,Drain,Drain High Level Switch,0.0
Seasonal_Storage_System,2024-08-05T19:47:09.47Z,Water Plant,Drain,Drain High Level Switch,0.0
Seasonal_Storage_System,2024-08-05T19:48:09.469Z,Water Plant,Drain,Drain High Level Switch,0.0
Seasonal_Storage_System,2024-08-05T19:49:09.471Z,Water Plant,Drain,Drain High Level Switch,0.0
Seasonal_Storage_System,2024-08-05T19:50:09.47Z,Water Plant,Drain,Drain High Level Switch,0.0
Seasonal_Storage_System,2024-08-05T19:51:09.474Z,Water Plant,Drain,Drain High Level Switch,0.0
Seasonal_Storage_System,2024-08-05T19:52:09.469Z,Water Plant,Drain,Drain High Level Switch,0.0
Seasonal_Storage_System,2024-08-05T19:53:09.469Z,Water Plant,Drain,Drain High Level Switch,0.0
Seasonal_Storage_System,2024-08-05T19:54:09.469Z,Water Plant,Drain,Drain High Level Switch,0.0
Seasonal_Storage_System,2024-08-05T19:55:09.469Z,Water Plant,Drain,Drain High Level Switch,0.0
Seasonal_Storage_System,2024-08-05T19:56:09.469Z,Water Plant,Drain,Drain High Level Switch,0.0
Seasonal_Storage_System,2024-08-05T19:57:09.471Z,Water Plant,Drain,Drain High Level Switch,0.0
Seasonal_Storage_System,2024-08-05T19:58:09.487Z,Water Plant,Drain,Drain High Level Switch,0.0
Seasonal_Storage_System,2024-08-05T19:59:09.496Z,Water Plant,Drain,Drain High Level Switch,0.0
Seasonal_Storage_System,2024-08-05T20:00:09.51Z,Water Plant,Drain,Drain High Level Switch,0.0
Seasonal_Storage_System,2024-08-05T20:01:09.53Z,Water Plant,Drain,Drain High Level Switch,0.0
Seasonal_Storage_System,2024-08-05T20:02:09.543Z,Water Plant,Drain,Drain High Level Switch,0.0
Seasonal_Storage_System,2024-08-05T20:03:09.556Z,Water Plant,Drain,Drain High Level Switch,0.0
Seasonal_Storage_System,2024-08-05T20:04:09.557Z,Water Plant,Drain,Drain High Level Switch,0.0
Seasonal_Storage_System,2024-08-05T20:05:09.572Z,Water Plant,Drain,Drain High Level Switch,0.0
Seasonal_Storage_System,2024-08-05T20:06:09.585Z,Water Plant,Drain,Drain High Level Switch,0.0
Seasonal_Storage_System,2024-08-05T20:07:09.623Z,Water Plant,Drain,Drain High Level Switch,0.0
Seasonal_Storage_System,2024-08-05T20:08:09.626Z,Water Plant,Drain,Drain High Level Switch,0.0
Seasonal_Storage_System,2024-08-05T20:09:09.645Z,Water Plant,Drain,Drain High Level Switch,0.0
Seasonal_Storage_System,2024-08-05T20:10:09.669Z,Water Plant,Drain,Drain High Level Switch,0.0
Seasonal_Storage_System,2024-08-05T20:11:09.673Z,Water Plant,Drain,Drain High Level Switch,0.0
Seasonal_Storage_System,2024-08-05T20:12:09.673Z,Water Plant,Drain,Drain High Level Switch,0.0
Seasonal_Storage_System,2024-08-05T20:13:09.68Z,Water Plant,Drain,Drain High Level Switch,0.0
Seasonal_Storage_System,2024-08-05T20:14:09.707Z,Water Plant,Drain,Drain High Level Switch,0.0
Seasonal_Storage_System,2024-08-05T20:15:09.737Z,Water Plant,Drain,Drain High Level Switch,0.0
Seasonal_Storage_System,2024-08-05T20:16:09.748Z,Water Plant,Drain,Drain High Level Switch,0.0
Seasonal_Storage_System,2024-08-05T20:17:09.747Z,Water Plant,Drain,Drain High Level Switch,0.0
Seasonal_Storage_System,2024-08-05T20:18:09.747Z,Water Plant,Drain,Drain High Level Switch,0.0
Seasonal_Storage_System,2024-08-05T20:19:09.747Z,Water Plant,Drain,Drain High Level Switch,0.0
Seasonal_Storage_System,2024-08-05T20:20:09.747Z,Water Plant,Drain,Drain High Level Switch,0.0
Seasonal_Storage_System,2024-08-05T20:21:09.748Z,Water Plant,Drain,Drain High Level Switch,0.0
Seasonal_Storage_System,2024-08-05T20:22:09.748Z,Water Plant,Drain,Drain High Level Switch,0.0
Seasonal_Storage_System,2024-08-05T20:23:09.749Z,Water Plant,Drain,Drain High Level Switch,0.0
Seasonal_Storage_System,2024-08-05T20:24:09.748Z,Water Plant,Drain,Drain High Level Switch,0.0
Seasonal_Storage_System,2024-08-05T20:25:09.749Z,Water Plant,Drain,Drain High Level Switch,0.0
Seasonal_Storage_System,2024-08-05T20:26:09.751Z,Water Plant,Drain,Drain High Level Switch,0.0
Seasonal_Storage_System,2024-08-05T20:27:09.754Z,Water Plant,Drain,Drain High Level Switch,0.0
Seasonal_Storage_System,2024-08-05T20:28:09.754Z,Water Plant,Drain,Drain High Level Switch,0.0
Seasonal_Storage_System,2024-08-05T20:29:09.751Z,Water Plant,Drain,Drain High Level Switch,0.0
Seasonal_Storage_System,2024-08-05T20:30:09.777Z,Water Plant,Drain,Drain High Level Switch,0.0
Seasonal_Storage_System,2024-08-05T20:31:09.755Z,Water Plant,Drain,Drain High Level Switch,0.0
Seasonal_Storage_System,2024-08-05T20:32:09.759Z,Water Plant,Drain,Drain High Level Switch,0.0
Seasonal_Storage_System,2024-08-05T20:33:09.754Z,Water Plant,Drain,Drain High Level Switch,0.0
Seasonal_Storage_System,2024-08-05T20:34:09.755Z,Water Plant,Drain,Drain High Level Switch,0.0
Seasonal_Storage_System,2024-08-05T20:35:09.757Z,Water Plant,Drain,Drain High Level Switch,0.0
Seasonal_Storage_System,2024-08-05T20:36:09.755Z,Water Plant,Drain,Drain High Level Switch,0.0
Seasonal_Storage_System,2024-08-05T20:37:09.757Z,Water Plant,Drain,Drain High Level Switch,0.0
Seasonal_Storage_System,2024-08-05T20:38:09.756Z,Water Plant,Drain,Drain High Level Switch,0.0
Seasonal_Storage_System,2024-08-05T20:39:09.755Z,Water Plant,Drain,Drain High Level Switch,0.0
Seasonal_Storage_System,2024-08-05T20:40:09.757Z,Water Plant,Drain,Drain High Level Switch,0.0
Seasonal_Storage_System,2024-08-05T20:41:09.756Z,Water Plant,Drain,Drain High Level Switch,0.0
Seasonal_Storage_System,2024-08-05T20:42:09.758Z,Water Plant,Drain,Drain High Level Switch,0.0
Seasonal_Storage_System,2024-08-05T20:43:09.758Z,Water Plant,Drain,Drain High Level Switch,0.0
Seasonal_Storage_System,2024-08-05T20:44:09.769Z,Water Plant,Drain,Drain High Level Switch,0.0
Seasonal_Storage_System,2024-08-05T20:45:09.797Z,Water Plant,Drain,Drain High Level Switch,0.0
Seasonal_Storage_System,2024-08-05T20:46:09.859Z,Water Plant,Drain,Drain High Level Switch,0.0
Seasonal_Storage_System,2024-08-05T20:47:09.858Z,Water Plant,Drain,Drain High Level Switch,0.0
Seasonal_Storage_System,2024-08-05T20:48:09.857Z,Water Plant,Drain,Drain High Level Switch,0.0
Seasonal_Storage_System,2024-08-05T20:49:09.887Z,Water Plant,Drain,Drain High Level Switch,0.0
Seasonal_Storage_System,2024-08-05T20:50:09.888Z,Water Plant,Drain,Drain High Level Switch,0.0
Seasonal_Storage_System,2024-08-05T20:51:09.908Z,Water Plant,Drain,Drain High Level Switch,0.0
Seasonal_Storage_System,2024-08-05T20:52:10.021Z,Water Plant,Drain,Drain High Level Switch,0.0
Seasonal_Storage_System,2024-08-05T20:53:10.057Z,Water Plant,Drain,Drain High Level Switch,0.0
Seasonal_Storage_System,2024-08-05T20:54:10.075Z,Water Plant,Drain,Drain High Level Switch,0.0
Seasonal_Storage_System,2024-08-05T20:55:10.081Z,Water Plant,Drain,Drain High Level Switch,0.0
Seasonal_Storage_System,2024-08-05T20:56:10.243Z,Water Plant,Drain,Drain High Level Switch,0.0
Seasonal_Storage_System,2024-08-05T20:57:10.141Z,Water Plant,Drain,Drain High Level Switch,0.0
Seasonal_Storage_System,2024-08-05T20:58:10.293Z,Water Plant,Drain,Drain High Level Switch,0.0
Seasonal_Storage_System,2024-08-05T20:59:10.227Z,Water Plant,Drain,Drain High Level Switch,0.0
Seasonal_Storage_System,2024-08-05T21:00:10.273Z,Water Plant,Drain,Drain High Level Switch,0.0
Seasonal_Storage_System,2024-08-05T21:01:10.328Z,Water Plant,Drain,Drain High Level Switch,0.0
Seasonal_Storage_System,2024-08-05T21:02:10.292Z,Water Plant,Drain,Drain High Level Switch,0.0
Seasonal_Storage_System,2024-08-05T21:03:10.293Z,Water Plant,Drain,Drain High Level Switch,0.0
Seasonal_Storage_System,2024-08-05T21:04:10.294Z,Water Plant,Drain,Drain High Level Switch,0.0
Seasonal_Storage_System,2024-08-05T21:05:10.297Z,Water Plant,Drain,Drain High Level Switch,0.0
Seasonal_Storage_System,2024-08-05T21:06:10.423Z,Water Plant,Drain,Drain High Level Switch,0.0
Seasonal_Storage_System,2024-08-05T21:07:10.487Z,Water Plant,Drain,Drain High Level Switch,0.0
Seasonal_Storage_System,2024-08-05T21:08:10.447Z,Water Plant,Drain,Drain High Level Switch,0.0
Seasonal_Storage_System,2024-08-05T21:09:10.447Z,Water Plant,Drain,Drain High Level Switch,0.0
Seasonal_Storage_System,2024-08-05T21:10:10.447Z,Water Plant,Drain,Drain High Level Switch,0.0
Seasonal_Storage_System,2024-08-05T21:11:10.447Z,Water Plant,Drain,Drain High Level Switch,0.0
Seasonal_Storage_System,2024-08-05T21:12:10.549Z,Water Plant,Drain,Drain High Level Switch,0.0
Seasonal_Storage_System,2024-08-05T21:13:10.536Z,Water Plant,Drain,Drain High Level Switch,0.0
Seasonal_Storage_System,2024-08-05T21:14:10.55Z,Water Plant,Drain,Drain High Level Switch,0.0
Seasonal_Storage_System,2024-08-05T21:15:10.601Z,Water Plant,Drain,Drain High Level Switch,0.0
Seasonal_Storage_System,2024-08-05T21:16:10.685Z,Water Plant,Drain,Drain High Level Switch,0.0
Seasonal_Storage_System,2024-08-05T21:17:10.639Z,Water Plant,Drain,Drain High Level Switch,0.0
Seasonal_Storage_System,2024-08-05T21:18:10.706Z,Water Plant,Drain,Drain High Level Switch,0.0
Seasonal_Storage_System,2024-08-05T21:19:10.677Z,Water Plant,Drain,Drain High Level Switch,0.0
Seasonal_Storage_System,2024-08-05T21:20:10.676Z,Water Plant,Drain,Drain High Level Switch,0.0
Seasonal_Storage_System,2024-08-05T21:21:10.676Z,Water Plant,Drain,Drain High Level Switch,0.0
Seasonal_Storage_System,2024-08-05T21:22:10.678Z,Water Plant,Drain,Drain High Level Switch,0.0
Seasonal_Storage_System,2024-08-05T21:23:10.706Z,Water Plant,Drain,Drain High Level Switch,0.0
Seasonal_Storage_System,2024-08-05T21:24:10.689Z,Water Plant,Drain,Drain High Level Switch,0.0
Seasonal_Storage_System,2024-08-05T21:25:10.746Z,Water Plant,Drain,Drain High Level Switch,0.0
Seasonal_Storage_System,2024-08-05T21:26:10.718Z,Water Plant,Drain,Drain High Level Switch,0.0
Seasonal_Storage_System,2024-08-05T21:27:10.739Z,Water Plant,Drain,Drain High Level Switch,0.0
Seasonal_Storage_System,2024-08-05T21:28:10.811Z,Water Plant,Drain,Drain High Level Switch,0.0
Seasonal_Storage_System,2024-08-05T21:29:10.829Z,Water Plant,Drain,Drain High Level Switch,0.0
Seasonal_Storage_System,2024-08-05T21:30:10.875Z,Water Plant,Drain,Drain High Level Switch,0.0
Seasonal_Storage_System,2024-08-05T21:31:10.879Z,Water Plant,Drain,Drain High Level Switch,0.0
Seasonal_Storage_System,2024-08-05T21:32:10.92Z,Water Plant,Drain,Drain High Level Switch,0.0
Seasonal_Storage_System,2024-08-05T21:33:10.955Z,Water Plant,Drain,Drain High Level Switch,0.0
Seasonal_Storage_System,2024-08-05T21:34:11.014Z,Water Plant,Drain,Drain High Level Switch,0.0
Seasonal_Storage_System,2024-08-05T21:35:11.002Z,Water Plant,Drain,Drain High Level Switch,0.0
Seasonal_Storage_System,2024-08-05T21:36:11.02Z,Water Plant,Drain,Drain High Level Switch,0.0
Seasonal_Storage_System,2024-08-05T21:37:11.02Z,Water Plant,Drain,Drain High Level Switch,0.0
Seasonal_Storage_System,2024-08-05T21:38:11.02Z,Water Plant,Drain,Drain High Level Switch,0.0
Seasonal_Storage_System,2024-08-05T21:39:11.02Z,Water Plant,Drain,Drain High Level Switch,0.0
Seasonal_Storage_System,2024-08-05T21:40:11.02Z,Water Plant,Drain,Drain High Level Switch,0.0
Seasonal_Storage_System,2024-08-05T21:41:11.302Z,Water Plant,Drain,Drain High Level Switch,0.0
Seasonal_Storage_System,2024-08-05T21:42:11.055Z,Water Plant,Drain,Drain High Level Switch,0.0
Seasonal_Storage_System,2024-08-05T21:43:11.055Z,Water Plant,Drain,Drain High Level Switch,0.0
Seasonal_Storage_System,2024-08-05T21:44:11.056Z,Water Plant,Drain,Drain High Level Switch,0.0
Seasonal_Storage_System,2024-08-05T21:45:11.057Z,Water Plant,Drain,Drain High Level Switch,0.0
Seasonal_Storage_System,2024-08-05T21:46:11.056Z,Water Plant,Drain,Drain High Level Switch,0.0
Seasonal_Storage_System,2024-08-05T21:47:11.056Z,Water Plant,Drain,Drain High Level Switch,0.0
Seasonal_Storage_System,2024-08-05T21:48:11.056Z,Water Plant,Drain,Drain High Level Switch,0.0
Seasonal_Storage_System,2024-08-05T21:49:11.057Z,Water Plant,Drain,Drain High Level Switch,0.0
Seasonal_Storage_System,2024-08-05T21:50:11.062Z,Water Plant,Drain,Drain High Level Switch,0.0
Seasonal_Storage_System,2024-08-05T21:51:11.06Z,Water Plant,Drain,Drain High Level Switch,0.0
Seasonal_Storage_System,2024-08-05T21:52:11.058Z,Water Plant,Drain,Drain High Level Switch,0.0
Seasonal_Storage_System,2024-08-05T21:53:11.059Z,Water Plant,Drain,Drain High Level Switch,0.0
Seasonal_Storage_System,2024-08-05T21:54:11.094Z,Water Plant,Drain,Drain High Level Switch,0.0
Seasonal_Storage_System,2024-08-05T21:55:11.091Z,Water Plant,Drain,Drain High Level Switch,0.0
Seasonal_Storage_System,2024-08-05T21:56:11.097Z,Water Plant,Drain,Drain High Level Switch,0.0
Seasonal_Storage_System,2024-08-05T21:57:11.092Z,Water Plant,Drain,Drain High Level Switch,0.0
Seasonal_Storage_System,2024-08-05T21:58:11.125Z,Water Plant,Drain,Drain High Level Switch,0.0
Seasonal_Storage_System,2024-08-05T21:59:11.121Z,Water Plant,Drain,Drain High Level Switch,0.0
Seasonal_Storage_System,2024-08-05T22:00:11.107Z,Water Plant,Drain,Drain High Level Switch,0.0
Seasonal_Storage_System,2024-08-05T22:01:11.107Z,Water Plant,Drain,Drain High Level Switch,0.0
Seasonal_Storage_System,2024-08-05T22:02:11.126Z,Water Plant,Drain,Drain High Level Switch,0.0
Seasonal_Storage_System,2024-08-05T22:03:11.129Z,Water Plant,Drain,Drain High Level Switch,0.0
Seasonal_Storage_System,2024-08-05T22:04:11.159Z,Water Plant,Drain,Drain High Level Switch,0.0
Seasonal_Storage_System,2024-08-05T22:05:11.154Z,Water Plant,Drain,Drain High Level Switch,0.0
Seasonal_Storage_System,2024-08-05T22:06:11.192Z,Water Plant,Drain,Drain High Level Switch,0.0
Seasonal_Storage_System,2024-08-05T22:07:11.178Z,Water Plant,Drain,Drain High Level Switch,0.0
Seasonal_Storage_System,2024-08-05T22:08:11.191Z,Water Plant,Drain,Drain High Level Switch,0.0
Seasonal_Storage_System,2024-08-05T22:09:11.216Z,Water Plant,Drain,Drain High Level Switch,0.0
Seasonal_Storage_System,2024-08-05T22:10:11.216Z,Water Plant,Drain,Drain High Level Switch,0.0
Seasonal_Storage_System,2024-08-05T22:11:11.25Z,Water Plant,Drain,Drain High Level Switch,0.0
Seasonal_Storage_System,2024-08-05T22:12:11.247Z,Water Plant,Drain,Drain High Level Switch,0.0
Seasonal_Storage_System,2024-08-05T22:13:11.266Z,Water Plant,Drain,Drain High Level Switch,0.0
Seasonal_Storage_System,2024-08-05T22:14:11.292Z,Water Plant,Drain,Drain High Level Switch,0.0
Seasonal_Storage_System,2024-08-05T22:15:11.373Z,Water Plant,Drain,Drain High Level Switch,0.0
Seasonal_Storage_System,2024-08-05T22:16:11.342Z,Water Plant,Drain,Drain High Level Switch,0.0
Seasonal_Storage_System,2024-08-05T22:17:11.393Z,Water Plant,Drain,Drain High Level Switch,0.0
Seasonal_Storage_System,2024-08-05T22:18:11.374Z,Water Plant,Drain,Drain High Level Switch,0.0
Seasonal_Storage_System,2024-08-05T22:19:11.393Z,Water Plant,Drain,Drain High Level Switch,0.0
Seasonal_Storage_System,2024-08-05T22:20:11.39Z,Water Plant,Drain,Drain High Level Switch,0.0
Seasonal_Storage_System,2024-08-05T22:21:11.402Z,Water Plant,Drain,Drain High Level Switch,0.0
Seasonal_Storage_System,2024-08-05T22:22:11.442Z,Water Plant,Drain,Drain High Level Switch,0.0
Seasonal_Storage_System,2024-08-05T22:23:11.464Z,Water Plant,Drain,Drain High Level Switch,0.0
Seasonal_Storage_System,2024-08-05T22:24:11.604Z,Water Plant,Drain,Drain High Level Switch,0.0
Seasonal_Storage_System,2024-08-05T22:25:11.586Z,Water Plant,Drain,Drain High Level Switch,0.0
Seasonal_Storage_System,2024-08-05T22:26:11.583Z,Water Plant,Drain,Drain High Level Switch,0.0
Seasonal_Storage_System,2024-08-05T22:27:11.607Z,Water Plant,Drain,Drain High Level Switch,0.0
Seasonal_Storage_System,2024-08-05T22:28:11.595Z,Water Plant,Drain,Drain High Level Switch,0.0
Seasonal_Storage_System,2024-08-05T22:29:11.61Z,Water Plant,Drain,Drain High Level Switch,0.0
Seasonal_Storage_System,2024-08-05T22:30:11.635Z,Water Plant,Drain,Drain High Level Switch,0.0
Seasonal_Storage_System,2024-08-05T22:31:11.637Z,Water Plant,Drain,Drain High Level Switch,0.0
Seasonal_Storage_System,2024-08-05T22:32:11.661Z,Water Plant,Drain,Drain High Level Switch,0.0
Seasonal_Storage_System,2024-08-05T22:33:11.708Z,Water Plant,Drain,Drain High Level Switch,0.0
Seasonal_Storage_System,2024-08-05T22:34:11.699Z,Water Plant,Drain,Drain High Level Switch,0.0
Seasonal_Storage_System,2024-08-05T22:35:11.711Z,Water Plant,Drain,Drain High Level Switch,0.0
Seasonal_Storage_System,2024-08-05T22:36:11.734Z,Water Plant,Drain,Drain High Level Switch,0.0
Seasonal_Storage_System,2024-08-05T22:37:11.744Z,Water Plant,Drain,Drain High Level Switch,0.0
Seasonal_Storage_System,2024-08-05T22:38:11.773Z,Water Plant,Drain,Drain High Level Switch,0.0
Seasonal_Storage_System,2024-08-05T22:39:11.876Z,Water Plant,Drain,Drain High Level Switch,0.0
Seasonal_Storage_System,2024-08-05T22:40:11.875Z,Water Plant,Drain,Drain High Level Switch,0.0
Seasonal_Storage_System,2024-08-05T22:41:11.886Z,Water Plant,Drain,Drain High Level Switch,0.0
Seasonal_Storage_System,2024-08-05T22:42:11.875Z,Water Plant,Drain,Drain High Level Switch,0.0
Seasonal_Storage_System,2024-08-05T22:43:11.888Z,Water Plant,Drain,Drain High Level Switch,0.0
Seasonal_Storage_System,2024-08-05T22:44:11.808Z,Water Plant,Drain,Drain High Level Switch,0.0
Seasonal_Storage_System,2024-08-05T22:45:11.887Z,Water Plant,Drain,Drain High Level Switch,0.0
Seasonal_Storage_System,2024-08-05T22:46:11.881Z,Water Plant,Drain,Drain High Level Switch,0.0
Seasonal_Storage_System,2024-08-05T22:47:11.943Z,Water Plant,Drain,Drain High Level Switch,0.0
Seasonal_Storage_System,2024-08-05T22:48:11.953Z,Water Plant,Drain,Drain High Level Switch,0.0
Seasonal_Storage_System,2024-08-05T22:49:12.035Z,Water Plant,Drain,Drain High Level Switch,0.0
Seasonal_Storage_System,2024-08-05T22:50:11.936Z,Water Plant,Drain,Drain High Level Switch,0.0
Seasonal_Storage_System,2024-08-05T22:51:11.936Z,Water Plant,Drain,Drain High Level Switch,0.0
Seasonal_Storage_System,2024-08-05T22:52:12.055Z,Water Plant,Drain,Drain High Level Switch,0.0
Seasonal_Storage_System,2024-08-05T22:53:12.094Z,Water Plant,Drain,Drain High Level Switch,0.0
Seasonal_Storage_System,2024-08-05T22:54:12.127Z,Water Plant,Drain,Drain High Level Switch,0.0
Seasonal_Storage_System,2024-08-05T22:55:12.164Z,Water Plant,Drain,Drain High Level Switch,0.0
Seasonal_Storage_System,2024-08-05T22:56:12.211Z,Water Plant,Drain,Drain High Level Switch,0.0
Seasonal_Storage_System,2024-08-05T22:57:12.23Z,Water Plant,Drain,Drain High Level Switch,0.0
Seasonal_Storage_System,2024-08-05T22:58:12.289Z,Water Plant,Drain,Drain High Level Switch,0.0
Seasonal_Storage_System,2024-08-05T22:59:12.303Z,Water Plant,Drain,Drain High Level Switch,0.0
Seasonal_Storage_System,2024-08-05T23:00:12.324Z,Water Plant,Drain,Drain High Level Switch,0.0
Seasonal_Storage_System,2024-08-05T23:01:12.338Z,Water Plant,Drain,Drain High Level Switch,0.0
Seasonal_Storage_System,2024-08-05T23:02:12.375Z,Water Plant,Drain,Drain High Level Switch,0.0
Seasonal_Storage_System,2024-08-05T23:03:12.406Z,Water Plant,Drain,Drain High Level Switch,0.0
Seasonal_Storage_System,2024-08-05T23:04:12.434Z,Water Plant,Drain,Drain High Level Switch,0.0
Seasonal_Storage_System,2024-08-05T23:05:12.48Z,Water Plant,Drain,Drain High Level Switch,0.0
Seasonal_Storage_System,2024-08-05T23:06:12.494Z,Water Plant,Drain,Drain High Level Switch,0.0
Seasonal_Storage_System,2024-08-05T23:07:12.503Z,Water Plant,Drain,Drain High Level Switch,0.0
Seasonal_Storage_System,2024-08-05T23:08:12.515Z,Water Plant,Drain,Drain High Level Switch,0.0
Seasonal_Storage_System,2024-08-05T23:09:12.549Z,Water Plant,Drain,Drain High Level Switch,0.0
Seasonal_Storage_System,2024-08-05T23:10:12.538Z,Water Plant,Drain,Drain High Level Switch,0.0
Seasonal_Storage_System,2024-08-05T23:11:12.57Z,Water Plant,Drain,Drain High Level Switch,0.0
Seasonal_Storage_System,2024-08-05T23:12:12.597Z,Water Plant,Drain,Drain High Level Switch,0.0
Seasonal_Storage_System,2024-08-05T23:13:12.634Z,Water Plant,Drain,Drain High Level Switch,0.0
Seasonal_Storage_System,2024-08-05T23:14:12.651Z,Water Plant,Drain,Drain High Level Switch,0.0
Seasonal_Storage_System,2024-08-05T23:15:12.671Z,Water Plant,Drain,Drain High Level Switch,0.0
Seasonal_Storage_System,2024-08-05T23:16:12.691Z,Water Plant,Drain,Drain High Level Switch,0.0
Seasonal_Storage_System,2024-08-05T23:17:12.734Z,Water Plant,Drain,Drain High Level Switch,0.0
Seasonal_Storage_System,2024-08-05T23:18:12.747Z,Water Plant,Drain,Drain High Level Switch,0.0
Seasonal_Storage_System,2024-08-05T23:19:12.744Z,Water Plant,Drain,Drain High Level Switch,0.0
Seasonal_Storage_System,2024-08-05T23:20:12.774Z,Water Plant,Drain,Drain High Level Switch,0.0
Seasonal_Storage_System,2024-08-05T23:21:12.8Z,Water Plant,Drain,Drain High Level Switch,0.0
Seasonal_Storage_System,2024-08-05T23:22:12.836Z,Water Plant,Drain,Drain High Level Switch,0.0
Seasonal_Storage_System,2024-08-05T23:23:12.862Z,Water Plant,Drain,Drain High Level Switch,0.0
Seasonal_Storage_System,2024-08-05T23:24:12.886Z,Water Plant,Drain,Drain High Level Switch,0.0
Seasonal_Storage_System,2024-08-05T23:25:12.887Z,Water Plant,Drain,Drain High Level Switch,0.0
Seasonal_Storage_System,2024-08-05T23:26:12.886Z,Water Plant,Drain,Drain High Level Switch,0.0
Seasonal_Storage_System,2024-08-05T23:27:12.891Z,Water Plant,Drain,Drain High Level Switch,0.0
Seasonal_Storage_System,2024-08-05T23:28:12.886Z,Water Plant,Drain,Drain High Level Switch,0.0
Seasonal_Storage_System,2024-08-05T23:29:12.892Z,Water Plant,Drain,Drain High Level Switch,0.0
Seasonal_Storage_System,2024-08-05T23:30:12.898Z,Water Plant,Drain,Drain High Level Switch,0.0
Seasonal_Storage_System,2024-08-05T23:31:12.9Z,Water Plant,Drain,Drain High Level Switch,0.0
Seasonal_Storage_System,2024-08-05T23:32:12.896Z,Water Plant,Drain,Drain High Level Switch,0.0
Seasonal_Storage_System,2024-08-05T23:33:12.826Z,Water Plant,Drain,Drain High Level Switch,0.0
Seasonal_Storage_System,2024-08-05T23:34:12.827Z,Water Plant,Drain,Drain High Level Switch,0.0
Seasonal_Storage_System,2024-08-05T23:35:12.827Z,Water Plant,Drain,Drain High Level Switch,0.0
Seasonal_Storage_System,2024-08-05T23:36:12.826Z,Water Plant,Drain,Drain High Level Switch,0.0
Seasonal_Storage_System,2024-08-05T23:37:12.828Z,Water Plant,Drain,Drain High Level Switch,0.0
Seasonal_Storage_System,2024-08-05T23:38:12.827Z,Water Plant,Drain,Drain High Level Switch,0.0
Seasonal_Storage_System,2024-08-05T23:39:12.831Z,Water Plant,Drain,Drain High Level Switch,0.0
Seasonal_Storage_System,2024-08-05T23:40:12.829Z,Water Plant,Drain,Drain High Level Switch,0.0
Seasonal_Storage_System,2024-08-05T23:41:12.916Z,Water Plant,Drain,Drain High Level Switch,0.0
Seasonal_Storage_System,2024-08-05T23:42:12.94Z,Water Plant,Drain,Drain High Level Switch,0.0
Seasonal_Storage_System,2024-08-05T23:43:12.961Z,Water Plant,Drain,Drain High Level Switch,0.0
Seasonal_Storage_System,2024-08-05T23:44:12.974Z,Water Plant,Drain,Drain High Level Switch,0.0
Seasonal_Storage_System,2024-08-05T23:45:13.023Z,Water Plant,Drain,Drain High Level Switch,0.0
Seasonal_Storage_System,2024-08-05T23:46:13.046Z,Water Plant,Drain,Drain High Level Switch,0.0
Seasonal_Storage_System,2024-08-05T23:47:13.102Z,Water Plant,Drain,Drain High Level Switch,0.0
Seasonal_Storage_System,2024-08-05T23:48:13.121Z,Water Plant,Drain,Drain High Level Switch,0.0
Seasonal_Storage_System,2024-08-05T23:49:13.117Z,Water Plant,Drain,Drain High Level Switch,0.0
Seasonal_Storage_System,2024-08-05T23:50:13.124Z,Water Plant,Drain,Drain High Level Switch,0.0
Seasonal_Storage_System,2024-08-05T23:51:13.15Z,Water Plant,Drain,Drain High Level Switch,0.0
Seasonal_Storage_System,2024-08-05T23:52:13.186Z,Water Plant,Drain,Drain High Level Switch,0.0
Seasonal_Storage_System,2024-08-05T23:53:13.197Z,Water Plant,Drain,Drain High Level Switch,0.0
Seasonal_Storage_System,2024-08-05T23:54:13.202Z,Water Plant,Drain,Drain High Level Switch,0.0
Seasonal_Storage_System,2024-08-05T23:55:13.213Z,Water Plant,Drain,Drain High Level Switch,0.0
Seasonal_Storage_System,2024-08-05T23:56:13.228Z,Water Plant,Drain,Drain High Level Switch,0.0
Seasonal_Storage_System,2024-08-05T23:57:13.262Z,Water Plant,Drain,Drain High Level Switch,0.0
Seasonal_Storage_System,2024-08-05T23:58:13.275Z,Water Plant,Drain,Drain High Level Switch,0.0
Seasonal_Storage_System,2024-08-05T23:59:13.304Z,Water Plant,Drain,Drain High Level Switch,0.0
Seasonal_Storage_System,2024-08-06T00:00:13.333Z,Water Plant,Drain,Drain High Level Switch,0.0
Seasonal_Storage_System,2024-08-06T00:01:13.34Z,Water Plant,Drain,Drain High Level Switch,0.0
Seasonal_Storage_System,2024-08-06T00:02:13.356Z,Water Plant,Drain,Drain High Level Switch,0.0
Seasonal_Storage_System,2024-08-06T00:03:13.363Z,Water Plant,Drain,Drain High Level Switch,0.0
Seasonal_Storage_System,2024-08-06T00:04:13.372Z,Water Plant,Drain,Drain High Level Switch,0.0
Seasonal_Storage_System,2024-08-06T00:05:13.307Z,Water Plant,Drain,Drain High Level Switch,0.0
Seasonal_Storage_System,2024-08-06T00:06:13.391Z,Water Plant,Drain,Drain High Level Switch,0.0
Seasonal_Storage_System,2024-08-06T00:07:13.395Z,Water Plant,Drain,Drain High Level Switch,0.0
Seasonal_Storage_System,2024-08-06T00:08:13.436Z,Water Plant,Drain,Drain High Level Switch,0.0
Seasonal_Storage_System,2024-08-06T00:09:13.429Z,Water Plant,Drain,Drain High Level Switch,0.0
Seasonal_Storage_System,2024-08-06T00:10:13.437Z,Water Plant,Drain,Drain High Level Switch,0.0
Seasonal_Storage_System,2024-08-06T00:11:13.481Z,Water Plant,Drain,Drain High Level Switch,0.0
Seasonal_Storage_System,2024-08-06T00:12:13.489Z,Water Plant,Drain,Drain High Level Switch,0.0
Seasonal_Storage_System,2024-08-06T00:13:13.513Z,Water Plant,Drain,Drain High Level Switch,0.0
Seasonal_Storage_System,2024-08-06T00:14:13.516Z,Water Plant,Drain,Drain High Level Switch,0.0
Seasonal_Storage_System,2024-08-06T00:15:13.557Z,Water Plant,Drain,Drain High Level Switch,0.0
Seasonal_Storage_System,2024-08-06T00:16:13.559Z,Water Plant,Drain,Drain High Level Switch,0.0
Seasonal_Storage_System,2024-08-06T00:17:13.591Z,Water Plant,Drain,Drain High Level Switch,0.0
Seasonal_Storage_System,2024-08-06T00:18:13.616Z,Water Plant,Drain,Drain High Level Switch,0.0
Seasonal_Storage_System,2024-08-06T00:19:13.62Z,Water Plant,Drain,Drain High Level Switch,0.0
Seasonal_Storage_System,2024-08-06T00:20:13.625Z,Water Plant,Drain,Drain High Level Switch,0.0
Seasonal_Storage_System,2024-08-06T00:21:13.646Z,Water Plant,Drain,Drain High Level Switch,0.0
Seasonal_Storage_System,2024-08-06T00:22:13.656Z,Water Plant,Drain,Drain High Level Switch,0.0
Seasonal_Storage_System,2024-08-06T00:23:13.673Z,Water Plant,Drain,Drain High Level Switch,0.0
Seasonal_Storage_System,2024-08-06T00:24:13.69Z,Water Plant,Drain,Drain High Level Switch,0.0
Seasonal_Storage_System,2024-08-06T00:25:13.713Z,Water Plant,Drain,Drain High Level Switch,0.0
Seasonal_Storage_System,2024-08-06T00:26:13.731Z,Water Plant,Drain,Drain High Level Switch,0.0
Seasonal_Storage_System,2024-08-06T00:27:13.751Z,Water Plant,Drain,Drain High Level Switch,0.0
Seasonal_Storage_System,2024-08-06T00:28:13.745Z,Water Plant,Drain,Drain High Level Switch,0.0
Seasonal_Storage_System,2024-08-06T00:29:13.768Z,Water Plant,Drain,Drain High Level Switch,0.0
Seasonal_Storage_System,2024-08-06T00:30:13.812Z,Water Plant,Drain,Drain High Level Switch,0.0
Seasonal_Storage_System,2024-08-06T00:31:13.819Z,Water Plant,Drain,Drain High Level Switch,0.0
Seasonal_Storage_System,2024-08-06T00:32:13.817Z,Water Plant,Drain,Drain High Level Switch,0.0
Seasonal_Storage_System,2024-08-06T00:33:13.836Z,Water Plant,Drain,Drain High Level Switch,0.0
Seasonal_Storage_System,2024-08-06T00:34:13.888Z,Water Plant,Drain,Drain High Level Switch,0.0
Seasonal_Storage_System,2024-08-06T00:35:13.893Z,Water Plant,Drain,Drain High Level Switch,0.0
Seasonal_Storage_System,2024-08-06T00:36:13.909Z,Water Plant,Drain,Drain High Level Switch,0.0
Seasonal_Storage_System,2024-08-06T00:37:13.911Z,Water Plant,Drain,Drain High Level Switch,0.0
Seasonal_Storage_System,2024-08-06T00:38:13.911Z,Water Plant,Drain,Drain High Level Switch,0.0
Seasonal_Storage_System,2024-08-06T00:39:13.929Z,Water Plant,Drain,Drain High Level Switch,0.0
Seasonal_Storage_System,2024-08-06T00:40:13.956Z,Water Plant,Drain,Drain High Level Switch,0.0
Seasonal_Storage_System,2024-08-06T00:41:13.957Z,Water Plant,Drain,Drain High Level Switch,0.0
Seasonal_Storage_System,2024-08-06T00:42:13.984Z,Water Plant,Drain,Drain High Level Switch,0.0
Seasonal_Storage_System,2024-08-06T00:43:14.006Z,Water Plant,Drain,Drain High Level Switch,0.0
Seasonal_Storage_System,2024-08-06T00:44:14.014Z,Water Plant,Drain,Drain High Level Switch,0.0
Seasonal_Storage_System,2024-08-06T00:45:14.044Z,Water Plant,Drain,Drain High Level Switch,0.0
Seasonal_Storage_System,2024-08-06T00:46:14.054Z,Water Plant,Drain,Drain High Level Switch,0.0
Seasonal_Storage_System,2024-08-06T00:47:14.073Z,Water Plant,Drain,Drain High Level Switch,0.0
Seasonal_Storage_System,2024-08-06T00:48:14.072Z,Water Plant,Drain,Drain High Level Switch,0.0
Seasonal_Storage_System,2024-08-06T00:49:14.082Z,Water Plant,Drain,Drain High Level Switch,0.0
Seasonal_Storage_System,2024-08-06T00:50:14.094Z,Water Plant,Drain,Drain High Level Switch,0.0
Seasonal_Storage_System,2024-08-06T00:51:14.108Z,Water Plant,Drain,Drain High Level Switch,0.0
Seasonal_Storage_System,2024-08-06T00:52:14.128Z,Water Plant,Drain,Drain High Level Switch,0.0
Seasonal_Storage_System,2024-08-06T00:53:14.134Z,Water Plant,Drain,Drain High Level Switch,0.0
Seasonal_Storage_System,2024-08-06T00:54:14.157Z,Water Plant,Drain,Drain High Level Switch,0.0
Seasonal_Storage_System,2024-08-06T00:55:14.196Z,Water Plant,Drain,Drain High Level Switch,0.0
Seasonal_Storage_System,2024-08-06T00:56:14.2Z,Water Plant,Drain,Drain High Level Switch,0.0
Seasonal_Storage_System,2024-08-06T00:57:14.224Z,Water Plant,Drain,Drain High Level Switch,0.0
Seasonal_Storage_System,2024-08-06T00:58:14.231Z,Water Plant,Drain,Drain High Level Switch,0.0
Seasonal_Storage_System,2024-08-06T00:59:14.251Z,Water Plant,Drain,Drain High Level Switch,0.0
Seasonal_Storage_System,2024-08-06T01:00:14.286Z,Water Plant,Drain,Drain High Level Switch,0.0
Seasonal_Storage_System,2024-08-06T01:01:14.278Z,Water Plant,Drain,Drain High Level Switch,0.0
Seasonal_Storage_System,2024-08-06T01:02:14.303Z,Water Plant,Drain,Drain High Level Switch,0.0
Seasonal_Storage_System,2024-08-06T01:03:14.311Z,Water Plant,Drain,Drain High Level Switch,0.0
Seasonal_Storage_System,2024-08-06T01:04:14.323Z,Water Plant,Drain,Drain High Level Switch,0.0
Seasonal_Storage_System,2024-08-06T01:05:14.328Z,Water Plant,Drain,Drain High Level Switch,0.0
Seasonal_Storage_System,2024-08-06T01:06:14.361Z,Water Plant,Drain,Drain High Level Switch,0.0
Seasonal_Storage_System,2024-08-06T01:07:14.379Z,Water Plant,Drain,Drain High Level Switch,0.0
Seasonal_Storage_System,2024-08-06T01:08:14.411Z,Water Plant,Drain,Drain High Level Switch,0.0
Seasonal_Storage_System,2024-08-06T01:09:14.42Z,Water Plant,Drain,Drain High Level Switch,0.0
Seasonal_Storage_System,2024-08-06T01:10:14.432Z,Water Plant,Drain,Drain High Level Switch,0.0
Seasonal_Storage_System,2024-08-06T01:11:14.459Z,Water Plant,Drain,Drain High Level Switch,0.0
Seasonal_Storage_System,2024-08-06T01:12:14.451Z,Water Plant,Drain,Drain High Level Switch,0.0
Seasonal_Storage_System,2024-08-06T01:13:14.45Z,Water Plant,Drain,Drain High Level Switch,0.0
Seasonal_Storage_System,2024-08-06T01:14:14.457Z,Water Plant,Drain,Drain High Level Switch,0.0
Seasonal_Storage_System,2024-08-06T01:15:14.459Z,Water Plant,Drain,Drain High Level Switch,0.0
Seasonal_Storage_System,2024-08-06T01:16:14.383Z,Water Plant,Drain,Drain High Level Switch,0.0
Seasonal_Storage_System,2024-08-06T01:17:14.383Z,Water Plant,Drain,Drain High Level Switch,0.0
Seasonal_Storage_System,2024-08-06T01:18:14.385Z,Water Plant,Drain,Drain High Level Switch,0.0
Seasonal_Storage_System,2024-08-06T01:19:14.388Z,Water Plant,Drain,Drain High Level Switch,0.0
Seasonal_Storage_System,2024-08-06T01:20:14.387Z,Water Plant,Drain,Drain High Level Switch,0.0
Seasonal_Storage_System,2024-08-06T01:21:14.385Z,Water Plant,Drain,Drain High Level Switch,0.0
Seasonal_Storage_System,2024-08-06T01:22:14.384Z,Water Plant,Drain,Drain High Level Switch,0.0
Seasonal_Storage_System,2024-08-06T01:23:14.477Z,Water Plant,Drain,Drain High Level Switch,0.0
Seasonal_Storage_System,2024-08-06T01:24:14.473Z,Water Plant,Drain,Drain High Level Switch,0.0
Seasonal_Storage_System,2024-08-06T01:25:14.393Z,Water Plant,Drain,Drain High Level Switch,0.0
Seasonal_Storage_System,2024-08-06T01:26:14.393Z,Water Plant,Drain,Drain High Level Switch,0.0
Seasonal_Storage_System,2024-08-06T01:27:14.477Z,Water Plant,Drain,Drain High Level Switch,0.0
Seasonal_Storage_System,2024-08-06T01:28:14.472Z,Water Plant,Drain,Drain High Level Switch,0.0
Seasonal_Storage_System,2024-08-06T01:29:14.473Z,Water Plant,Drain,Drain High Level Switch,0.0
Seasonal_Storage_System,2024-08-06T01:30:14.478Z,Water Plant,Drain,Drain High Level Switch,0.0
Seasonal_Storage_System,2024-08-06T01:31:14.473Z,Water Plant,Drain,Drain High Level Switch,0.0
Seasonal_Storage_System,2024-08-06T01:32:14.48Z,Water Plant,Drain,Drain High Level Switch,0.0
Seasonal_Storage_System,2024-08-06T01:33:14.482Z,Water Plant,Drain,Drain High Level Switch,0.0
Seasonal_Storage_System,2024-08-06T01:34:14.48Z,Water Plant,Drain,Drain High Level Switch,0.0
Seasonal_Storage_System,2024-08-06T01:35:14.482Z,Water Plant,Drain,Drain High Level Switch,0.0
Seasonal_Storage_System,2024-08-06T01:36:14.475Z,Water Plant,Drain,Drain High Level Switch,0.0
Seasonal_Storage_System,2024-08-06T01:37:14.477Z,Water Plant,Drain,Drain High Level Switch,0.0
Seasonal_Storage_System,2024-08-06T01:38:14.405Z,Water Plant,Drain,Drain High Level Switch,0.0
Seasonal_Storage_System,2024-08-06T01:39:14.404Z,Water Plant,Drain,Drain High Level Switch,0.0
Seasonal_Storage_System,2024-08-06T01:40:14.405Z,Water Plant,Drain,Drain High Level Switch,0.0
Seasonal_Storage_System,2024-08-06T01:41:14.404Z,Water Plant,Drain,Drain High Level Switch,0.0
Seasonal_Storage_System,2024-08-06T01:42:14.51Z,Water Plant,Drain,Drain High Level Switch,0.0
Seasonal_Storage_System,2024-08-06T01:43:14.542Z,Water Plant,Drain,Drain High Level Switch,0.0
Seasonal_Storage_System,2024-08-06T01:44:14.587Z,Water Plant,Drain,Drain High Level Switch,0.0
Seasonal_Storage_System,2024-08-06T01:45:14.609Z,Water Plant,Drain,Drain High Level Switch,0.0
Seasonal_Storage_System,2024-08-06T01:46:14.537Z,Water Plant,Drain,Drain High Level Switch,0.0
Seasonal_Storage_System,2024-08-06T01:47:14.634Z,Water Plant,Drain,Drain High Level Switch,0.0
Seasonal_Storage_System,2024-08-06T01:48:14.652Z,Water Plant,Drain,Drain High Level Switch,0.0
Seasonal_Storage_System,2024-08-06T01:49:14.651Z,Water Plant,Drain,Drain High Level Switch,0.0
Seasonal_Storage_System,2024-08-06T01:50:14.694Z,Water Plant,Drain,Drain High Level Switch,0.0
Seasonal_Storage_System,2024-08-06T01:51:14.697Z,Water Plant,Drain,Drain High Level Switch,0.0
Seasonal_Storage_System,2024-08-06T01:52:14.703Z,Water Plant,Drain,Drain High Level Switch,0.0
Seasonal_Storage_System,2024-08-06T01:53:14.74Z,Water Plant,Drain,Drain High Level Switch,0.0
Seasonal_Storage_System,2024-08-06T01:54:14.762Z,Water Plant,Drain,Drain High Level Switch,0.0
Seasonal_Storage_System,2024-08-06T01:55:14.767Z,Water Plant,Drain,Drain High Level Switch,0.0
Seasonal_Storage_System,2024-08-06T01:56:14.819Z,Water Plant,Drain,Drain High Level Switch,0.0
Seasonal_Storage_System,2024-08-06T01:57:14.825Z,Water Plant,Drain,Drain High Level Switch,0.0
Seasonal_Storage_System,2024-08-06T01:58:14.838Z,Water Plant,Drain,Drain High Level Switch,0.0
Seasonal_Storage_System,2024-08-06T01:59:14.853Z,Water Plant,Drain,Drain High Level Switch,0.0
Seasonal_Storage_System,2024-08-06T02:00:14.893Z,Water Plant,Drain,Drain High Level Switch,0.0
Seasonal_Storage_System,2024-08-06T02:01:14.909Z,Water Plant,Drain,Drain High Level Switch,0.0
Seasonal_Storage_System,2024-08-06T02:02:14.923Z,Water Plant,Drain,Drain High Level Switch,0.0
Seasonal_Storage_System,2024-08-06T02:03:14.94Z,Water Plant,Drain,Drain High Level Switch,0.0
Seasonal_Storage_System,2024-08-06T02:04:14.985Z,Water Plant,Drain,Drain High Level Switch,0.0
Seasonal_Storage_System,2024-08-06T02:05:14.988Z,Water Plant,Drain,Drain High Level Switch,0.0
Seasonal_Storage_System,2024-08-06T02:06:15.017Z,Water Plant,Drain,Drain High Level Switch,0.0
Seasonal_Storage_System,2024-08-06T02:07:15.027Z,Water Plant,Drain,Drain High Level Switch,0.0
Seasonal_Storage_System,2024-08-06T02:08:15.057Z,Water Plant,Drain,Drain High Level Switch,0.0
Seasonal_Storage_System,2024-08-06T02:09:15.109Z,Water Plant,Drain,Drain High Level Switch,0.0
Seasonal_Storage_System,2024-08-06T02:10:15.081Z,Water Plant,Drain,Drain High Level Switch,0.0
Seasonal_Storage_System,2024-08-06T02:11:15.114Z,Water Plant,Drain,Drain High Level Switch,0.0
Seasonal_Storage_System,2024-08-06T02:12:15.126Z,Water Plant,Drain,Drain High Level Switch,0.0
Seasonal_Storage_System,2024-08-06T02:13:15.169Z,Water Plant,Drain,Drain High Level Switch,0.0
Seasonal_Storage_System,2024-08-06T02:14:15.169Z,Water Plant,Drain,Drain High Level Switch,0.0
Seasonal_Storage_System,2024-08-06T02:15:15.19Z,Water Plant,Drain,Drain High Level Switch,0.0
Seasonal_Storage_System,2024-08-06T02:16:15.208Z,Water Plant,Drain,Drain High Level Switch,0.0
Seasonal_Storage_System,2024-08-06T02:17:15.232Z,Water Plant,Drain,Drain High Level Switch,0.0
Seasonal_Storage_System,2024-08-06T02:18:15.238Z,Water Plant,Drain,Drain High Level Switch,0.0
Seasonal_Storage_System,2024-08-06T02:19:15.285Z,Water Plant,Drain,Drain High Level Switch,0.0
Seasonal_Storage_System,2024-08-06T02:20:15.31Z,Water Plant,Drain,Drain High Level Switch,0.0
Seasonal_Storage_System,2024-08-06T02:21:15.322Z,Water Plant,Drain,Drain High Level Switch,0.0
Seasonal_Storage_System,2024-08-06T02:22:15.325Z,Water Plant,Drain,Drain High Level Switch,0.0
Seasonal_Storage_System,2024-08-06T02:23:15.345Z,Water Plant,Drain,Drain High Level Switch,0.0
Seasonal_Storage_System,2024-08-06T02:24:15.36Z,Water Plant,Drain,Drain High Level Switch,0.0
Seasonal_Storage_System,2024-08-06T02:25:15.414Z,Water Plant,Drain,Drain High Level Switch,0.0
Seasonal_Storage_System,2024-08-06T02:26:15.564Z,Water Plant,Drain,Drain High Level Switch,0.0
Seasonal_Storage_System,2024-08-06T02:27:15.469Z,Water Plant,Drain,Drain High Level Switch,0.0
Seasonal_Storage_System,2024-08-06T02:28:15.465Z,Water Plant,Drain,Drain High Level Switch,0.0
Seasonal_Storage_System,2024-08-06T02:29:15.469Z,Water Plant,Drain,Drain High Level Switch,0.0
Seasonal_Storage_System,2024-08-06T02:30:15.486Z,Water Plant,Drain,Drain High Level Switch,0.0
Seasonal_Storage_System,2024-08-06T02:31:15.488Z,Water Plant,Drain,Drain High Level Switch,0.0
Seasonal_Storage_System,2024-08-06T02:32:15.494Z,Water Plant,Drain,Drain High Level Switch,0.0
Seasonal_Storage_System,2024-08-06T02:33:15.502Z,Water Plant,Drain,Drain High Level Switch,0.0
Seasonal_Storage_System,2024-08-06T02:34:15.535Z,Water Plant,Drain,Drain High Level Switch,0.0
Seasonal_Storage_System,2024-08-06T02:35:15.544Z,Water Plant,Drain,Drain High Level Switch,0.0
Seasonal_Storage_System,2024-08-06T02:36:15.566Z,Water Plant,Drain,Drain High Level Switch,0.0
Seasonal_Storage_System,2024-08-06T02:37:15.566Z,Water Plant,Drain,Drain High Level Switch,0.0
Seasonal_Storage_System,2024-08-06T02:38:15.601Z,Water Plant,Drain,Drain High Level Switch,0.0
Seasonal_Storage_System,2024-08-06T02:39:15.687Z,Water Plant,Drain,Drain High Level Switch,0.0
Seasonal_Storage_System,2024-08-06T02:40:15.678Z,Water Plant,Drain,Drain High Level Switch,0.0
Seasonal_Storage_System,2024-08-06T02:41:15.682Z,Water Plant,Drain,Drain High Level Switch,0.0
Seasonal_Storage_System,2024-08-06T02:42:15.678Z,Water Plant,Drain,Drain High Level Switch,0.0
Seasonal_Storage_System,2024-08-06T02:43:15.679Z,Water Plant,Drain,Drain High Level Switch,0.0
Seasonal_Storage_System,2024-08-06T02:44:15.685Z,Water Plant,Drain,Drain High Level Switch,0.0
Seasonal_Storage_System,2024-08-06T02:45:15.689Z,Water Plant,Drain,Drain High Level Switch,0.0
Seasonal_Storage_System,2024-08-06T02:46:15.71Z,Water Plant,Drain,Drain High Level Switch,0.0
Seasonal_Storage_System,2024-08-06T02:47:15.729Z,Water Plant,Drain,Drain High Level Switch,0.0
Seasonal_Storage_System,2024-08-06T02:48:15.751Z,Water Plant,Drain,Drain High Level Switch,0.0
Seasonal_Storage_System,2024-08-06T02:49:15.802Z,Water Plant,Drain,Drain High Level Switch,0.0
Seasonal_Storage_System,2024-08-06T02:50:15.809Z,Water Plant,Drain,Drain High Level Switch,0.0
Seasonal_Storage_System,2024-08-06T02:51:15.835Z,Water Plant,Drain,Drain High Level Switch,0.0
Seasonal_Storage_System,2024-08-06T02:52:15.837Z,Water Plant,Drain,Drain High Level Switch,0.0
Seasonal_Storage_System,2024-08-06T02:53:15.858Z,Water Plant,Drain,Drain High Level Switch,0.0
Seasonal_Storage_System,2024-08-06T02:54:15.866Z,Water Plant,Drain,Drain High Level Switch,0.0
Seasonal_Storage_System,2024-08-06T02:55:15.882Z,Water Plant,Drain,Drain High Level Switch,0.0
Seasonal_Storage_System,2024-08-06T02:56:15.941Z,Water Plant,Drain,Drain High Level Switch,0.0
Seasonal_Storage_System,2024-08-06T02:57:15.941Z,Water Plant,Drain,Drain High Level Switch,0.0
Seasonal_Storage_System,2024-08-06T02:58:15.961Z,Water Plant,Drain,Drain High Level Switch,0.0
Seasonal_Storage_System,2024-08-06T02:59:15.995Z,Water Plant,Drain,Drain High Level Switch,0.0
Seasonal_Storage_System,2024-08-06T03:00:15.994Z,Water Plant,Drain,Drain High Level Switch,0.0
Seasonal_Storage_System,2024-08-06T03:01:16.005Z,Water Plant,Drain,Drain High Level Switch,0.0
Seasonal_Storage_System,2024-08-06T03:02:16.003Z,Water Plant,Drain,Drain High Level Switch,0.0
Seasonal_Storage_System,2024-08-06T03:03:16.037Z,Water Plant,Drain,Drain High Level Switch,0.0
Seasonal_Storage_System,2024-08-06T03:04:16.01Z,Water Plant,Drain,Drain High Level Switch,0.0
Seasonal_Storage_System,2024-08-06T03:05:16.011Z,Water Plant,Drain,Drain High Level Switch,0.0
Seasonal_Storage_System,2024-08-06T03:06:16.012Z,Water Plant,Drain,Drain High Level Switch,0.0
Seasonal_Storage_System,2024-08-06T03:07:16.004Z,Water Plant,Drain,Drain High Level Switch,0.0
Seasonal_Storage_System,2024-08-06T03:08:16.014Z,Water Plant,Drain,Drain High Level Switch,0.0
Seasonal_Storage_System,2024-08-06T03:09:16.021Z,Water Plant,Drain,Drain High Level Switch,0.0
Seasonal_Storage_System,2024-08-06T03:10:16.012Z,Water Plant,Drain,Drain High Level Switch,0.0
Seasonal_Storage_System,2024-08-06T03:11:16.01Z,Water Plant,Drain,Drain High Level Switch,0.0
Seasonal_Storage_System,2024-08-06T03:12:16.004Z,Water Plant,Drain,Drain High Level Switch,0.0
Seasonal_Storage_System,2024-08-06T03:13:16.035Z,Water Plant,Drain,Drain High Level Switch,0.0
Seasonal_Storage_System,2024-08-06T03:14:15.945Z,Water Plant,Drain,Drain High Level Switch,0.0
Seasonal_Storage_System,2024-08-06T03:15:15.946Z,Water Plant,Drain,Drain High Level Switch,0.0
Seasonal_Storage_System,2024-08-06T03:16:16.014Z,Water Plant,Drain,Drain High Level Switch,0.0
Seasonal_Storage_System,2024-08-06T03:17:16.01Z,Water Plant,Drain,Drain High Level Switch,0.0
Seasonal_Storage_System,2024-08-06T03:18:16.01Z,Water Plant,Drain,Drain High Level Switch,0.0
Seasonal_Storage_System,2024-08-06T03:19:16.016Z,Water Plant,Drain,Drain High Level Switch,0.0
Seasonal_Storage_System,2024-08-06T03:20:16.025Z,Water Plant,Drain,Drain High Level Switch,0.0
Seasonal_Storage_System,2024-08-06T03:21:16.029Z,Water Plant,Drain,Drain High Level Switch,0.0
Seasonal_Storage_System,2024-08-06T03:22:16.024Z,Water Plant,Drain,Drain High Level Switch,0.0
Seasonal_Storage_System,2024-08-06T03:23:16.024Z,Water Plant,Drain,Drain High Level Switch,0.0
Seasonal_Storage_System,2024-08-06T03:24:16.025Z,Water Plant,Drain,Drain High Level Switch,0.0
Seasonal_Storage_System,2024-08-06T03:25:16.025Z,Water Plant,Drain,Drain High Level Switch,0.0
Seasonal_Storage_System,2024-08-06T03:26:16.025Z,Water Plant,Drain,Drain High Level Switch,0.0
Seasonal_Storage_System,2024-08-06T03:27:16.024Z,Water Plant,Drain,Drain High Level Switch,0.0
Seasonal_Storage_System,2024-08-06T03:28:16.025Z,Water Plant,Drain,Drain High Level Switch,0.0
Seasonal_Storage_System,2024-08-06T03:29:16.025Z,Water Plant,Drain,Drain High Level Switch,0.0
Seasonal_Storage_System,2024-08-06T03:30:16.028Z,Water Plant,Drain,Drain High Level Switch,0.0
Seasonal_Storage_System,2024-08-06T03:31:15.957Z,Water Plant,Drain,Drain High Level Switch,0.0
Seasonal_Storage_System,2024-08-06T03:32:15.957Z,Water Plant,Drain,Drain High Level Switch,0.0
Seasonal_Storage_System,2024-08-06T03:33:15.957Z,Water Plant,Drain,Drain High Level Switch,0.0
Seasonal_Storage_System,2024-08-06T03:34:15.957Z,Water Plant,Drain,Drain High Level Switch,0.0
Seasonal_Storage_System,2024-08-06T03:35:15.958Z,Water Plant,Drain,Drain High Level Switch,0.0
Seasonal_Storage_System,2024-08-06T03:36:15.959Z,Water Plant,Drain,Drain High Level Switch,0.0
Seasonal_Storage_System,2024-08-06T03:37:15.959Z,Water Plant,Drain,Drain High Level Switch,0.0
Seasonal_Storage_System,2024-08-06T03:38:15.959Z,Water Plant,Drain,Drain High Level Switch,0.0
Seasonal_Storage_System,2024-08-06T03:39:15.959Z,Water Plant,Drain,Drain High Level Switch,0.0
Seasonal_Storage_System,2024-08-06T03:40:15.959Z,Water Plant,Drain,Drain High Level Switch,0.0
Seasonal_Storage_System,2024-08-06T03:41:15.96Z,Water Plant,Drain,Drain High Level Switch,0.0
Seasonal_Storage_System,2024-08-06T03:42:15.96Z,Water Plant,Drain,Drain High Level Switch,0.0
Seasonal_Storage_System,2024-08-06T03:43:15.96Z,Water Plant,Drain,Drain High Level Switch,0.0
Seasonal_Storage_System,2024-08-06T03:44:15.96Z,Water Plant,Drain,Drain High Level Switch,0.0
Seasonal_Storage_System,2024-08-06T03:45:15.961Z,Water Plant,Drain,Drain High Level Switch,0.0
Seasonal_Storage_System,2024-08-06T03:46:15.96Z,Water Plant,Drain,Drain High Level Switch,0.0
Seasonal_Storage_System,2024-08-06T03:47:15.96Z,Water Plant,Drain,Drain High Level Switch,0.0
Seasonal_Storage_System,2024-08-06T03:48:15.96Z,Water Plant,Drain,Drain High Level Switch,0.0
Seasonal_Storage_System,2024-08-06T03:49:15.96Z,Water Plant,Drain,Drain High Level Switch,0.0
Seasonal_Storage_System,2024-08-06T03:50:15.96Z,Water Plant,Drain,Drain High Level Switch,0.0
Seasonal_Storage_System,2024-08-06T03:51:15.961Z,Water Plant,Drain,Drain High Level Switch,0.0
Seasonal_Storage_System,2024-08-06T03:52:15.961Z,Water Plant,Drain,Drain High Level Switch,0.0
Seasonal_Storage_System,2024-08-06T03:53:15.962Z,Water Plant,Drain,Drain High Level Switch,0.0
Seasonal_Storage_System,2024-08-06T03:54:15.964Z,Water Plant,Drain,Drain High Level Switch,0.0
Seasonal_Storage_System,2024-08-06T03:55:15.964Z,Water Plant,Drain,Drain High Level Switch,0.0
Seasonal_Storage_System,2024-08-06T03:56:15.964Z,Water Plant,Drain,Drain High Level Switch,0.0
Seasonal_Storage_System,2024-08-06T03:57:15.963Z,Water Plant,Drain,Drain High Level Switch,0.0
Seasonal_Storage_System,2024-08-06T03:58:15.964Z,Water Plant,Drain,Drain High Level Switch,0.0
Seasonal_Storage_System,2024-08-06T03:59:15.965Z,Water Plant,Drain,Drain High Level Switch,0.0
Seasonal_Storage_System,2024-08-06T04:00:15.966Z,Water Plant,Drain,Drain High Level Switch,0.0
Seasonal_Storage_System,2024-08-06T04:01:15.965Z,Water Plant,Drain,Drain High Level Switch,0.0
Seasonal_Storage_System,2024-08-06T04:02:15.966Z,Water Plant,Drain,Drain High Level Switch,0.0
Seasonal_Storage_System,2024-08-06T04:03:15.967Z,Water Plant,Drain,Drain High Level Switch,0.0
Seasonal_Storage_System,2024-08-06T04:04:15.967Z,Water Plant,Drain,Drain High Level Switch,0.0
Seasonal_Storage_System,2024-08-06T04:05:15.967Z,Water Plant,Drain,Drain High Level Switch,0.0
Seasonal_Storage_System,2024-08-06T04:06:15.968Z,Water Plant,Drain,Drain High Level Switch,0.0
Seasonal_Storage_System,2024-08-06T04:07:15.968Z,Water Plant,Drain,Drain High Level Switch,0.0
Seasonal_Storage_System,2024-08-06T04:08:16.069Z,Water Plant,Drain,Drain High Level Switch,0.0
Seasonal_Storage_System,2024-08-06T04:09:16.08Z,Water Plant,Drain,Drain High Level Switch,0.0
Seasonal_Storage_System,2024-08-06T04:10:16.127Z,Water Plant,Drain,Drain High Level Switch,0.0
Seasonal_Storage_System,2024-08-06T04:11:16.143Z,Water Plant,Drain,Drain High Level Switch,0.0
Seasonal_Storage_System,2024-08-06T04:12:16.172Z,Water Plant,Drain,Drain High Level Switch,0.0
Seasonal_Storage_System,2024-08-06T04:13:16.526Z,Water Plant,Drain,Drain High Level Switch,0.0
Seasonal_Storage_System,2024-08-06T04:14:16.441Z,Water Plant,Drain,Drain High Level Switch,0.0
Seasonal_Storage_System,2024-08-06T04:15:16.441Z,Water Plant,Drain,Drain High Level Switch,0.0
Seasonal_Storage_System,2024-08-06T04:16:16.446Z,Water Plant,Drain,Drain High Level Switch,0.0
Seasonal_Storage_System,2024-08-06T04:17:16.446Z,Water Plant,Drain,Drain High Level Switch,0.0
Seasonal_Storage_System,2024-08-06T04:18:16.451Z,Water Plant,Drain,Drain High Level Switch,0.0
Seasonal_Storage_System,2024-08-06T04:19:16.378Z,Water Plant,Drain,Drain High Level Switch,0.0
Seasonal_Storage_System,2024-08-06T04:20:16.377Z,Water Plant,Drain,Drain High Level Switch,0.0
Seasonal_Storage_System,2024-08-06T04:21:16.378Z,Water Plant,Drain,Drain High Level Switch,0.0
Seasonal_Storage_System,2024-08-06T04:22:16.377Z,Water Plant,Drain,Drain High Level Switch,0.0
Seasonal_Storage_System,2024-08-06T04:23:16.377Z,Water Plant,Drain,Drain High Level Switch,0.0
Seasonal_Storage_System,2024-08-06T04:24:16.378Z,Water Plant,Drain,Drain High Level Switch,0.0
Seasonal_Storage_System,2024-08-06T04:25:16.379Z,Water Plant,Drain,Drain High Level Switch,0.0
Seasonal_Storage_System,2024-08-06T04:26:16.378Z,Water Plant,Drain,Drain High Level Switch,0.0
Seasonal_Storage_System,2024-08-06T04:27:16.378Z,Water Plant,Drain,Drain High Level Switch,0.0
Seasonal_Storage_System,2024-08-06T04:28:16.378Z,Water Plant,Drain,Drain High Level Switch,0.0
Seasonal_Storage_System,2024-08-06T04:29:16.378Z,Water Plant,Drain,Drain High Level Switch,0.0
Seasonal_Storage_System,2024-08-06T04:30:16.378Z,Water Plant,Drain,Drain High Level Switch,0.0
Seasonal_Storage_System,2024-08-06T04:31:16.378Z,Water Plant,Drain,Drain High Level Switch,0.0
Seasonal_Storage_System,2024-08-06T04:32:16.378Z,Water Plant,Drain,Drain High Level Switch,0.0
Seasonal_Storage_System,2024-08-06T04:33:16.378Z,Water Plant,Drain,Drain High Level Switch,0.0
Seasonal_Storage_System,2024-08-06T04:34:16.379Z,Water Plant,Drain,Drain High Level Switch,0.0
Seasonal_Storage_System,2024-08-06T04:35:16.378Z,Water Plant,Drain,Drain High Level Switch,0.0
Seasonal_Storage_System,2024-08-06T04:36:16.378Z,Water Plant,Drain,Drain High Level Switch,0.0
Seasonal_Storage_System,2024-08-06T04:37:16.378Z,Water Plant,Drain,Drain High Level Switch,0.0
Seasonal_Storage_System,2024-08-06T04:38:16.378Z,Water Plant,Drain,Drain High Level Switch,0.0
Seasonal_Storage_System,2024-08-06T04:39:16.378Z,Water Plant,Drain,Drain High Level Switch,0.0
Seasonal_Storage_System,2024-08-06T04:40:16.378Z,Water Plant,Drain,Drain High Level Switch,0.0
Seasonal_Storage_System,2024-08-06T04:41:16.378Z,Water Plant,Drain,Drain High Level Switch,0.0
Seasonal_Storage_System,2024-08-06T04:42:16.378Z,Water Plant,Drain,Drain High Level Switch,0.0
Seasonal_Storage_System,2024-08-06T04:43:16.378Z,Water Plant,Drain,Drain High Level Switch,0.0
Seasonal_Storage_System,2024-08-06T04:44:16.378Z,Water Plant,Drain,Drain High Level Switch,0.0
Seasonal_Storage_System,2024-08-06T04:45:16.379Z,Water Plant,Drain,Drain High Level Switch,0.0
Seasonal_Storage_System,2024-08-06T04:46:16.38Z,Water Plant,Drain,Drain High Level Switch,0.0
Seasonal_Storage_System,2024-08-06T04:47:16.38Z,Water Plant,Drain,Drain High Level Switch,0.0
Seasonal_Storage_System,2024-08-06T04:48:16.38Z,Water Plant,Drain,Drain High Level Switch,0.0
Seasonal_Storage_System,2024-08-06T04:49:16.381Z,Water Plant,Drain,Drain High Level Switch,0.0
Seasonal_Storage_System,2024-08-06T04:50:16.38Z,Water Plant,Drain,Drain High Level Switch,0.0
Seasonal_Storage_System,2024-08-06T04:51:16.38Z,Water Plant,Drain,Drain High Level Switch,0.0
Seasonal_Storage_System,2024-08-06T04:52:16.38Z,Water Plant,Drain,Drain High Level Switch,0.0
Seasonal_Storage_System,2024-08-06T04:53:16.38Z,Water Plant,Drain,Drain High Level Switch,0.0
Seasonal_Storage_System,2024-08-06T04:54:16.381Z,Water Plant,Drain,Drain High Level Switch,0.0
Seasonal_Storage_System,2024-08-06T04:55:16.381Z,Water Plant,Drain,Drain High Level Switch,0.0
Seasonal_Storage_System,2024-08-06T04:56:16.381Z,Water Plant,Drain,Drain High Level Switch,0.0
Seasonal_Storage_System,2024-08-06T04:57:16.381Z,Water Plant,Drain,Drain High Level Switch,0.0
Seasonal_Storage_System,2024-08-06T04:58:16.381Z,Water Plant,Drain,Drain High Level Switch,0.0
Seasonal_Storage_System,2024-08-06T04:59:16.383Z,Water Plant,Drain,Drain High Level Switch,0.0
Seasonal_Storage_System,2024-08-06T05:00:16.387Z,Water Plant,Drain,Drain High Level Switch,0.0
Seasonal_Storage_System,2024-08-06T05:01:16.382Z,Water Plant,Drain,Drain High Level Switch,0.0
Seasonal_Storage_System,2024-08-06T05:02:16.383Z,Water Plant,Drain,Drain High Level Switch,0.0
Seasonal_Storage_System,2024-08-06T05:03:16.382Z,Water Plant,Drain,Drain High Level Switch,0.0
Seasonal_Storage_System,2024-08-06T05:04:16.382Z,Water Plant,Drain,Drain High Level Switch,0.0
Seasonal_Storage_System,2024-08-06T05:05:16.383Z,Water Plant,Drain,Drain High Level Switch,0.0
Seasonal_Storage_System,2024-08-06T05:06:16.383Z,Water Plant,Drain,Drain High Level Switch,0.0
Seasonal_Storage_System,2024-08-06T05:07:16.383Z,Water Plant,Drain,Drain High Level Switch,0.0
Seasonal_Storage_System,2024-08-06T05:08:16.384Z,Water Plant,Drain,Drain High Level Switch,0.0
Seasonal_Storage_System,2024-08-06T05:09:16.384Z,Water Plant,Drain,Drain High Level Switch,0.0
Seasonal_Storage_System,2024-08-06T05:10:16.384Z,Water Plant,Drain,Drain High Level Switch,0.0
Seasonal_Storage_System,2024-08-06T05:11:16.383Z,Water Plant,Drain,Drain High Level Switch,0.0
Seasonal_Storage_System,2024-08-06T05:12:16.384Z,Water Plant,Drain,Drain High Level Switch,0.0
Seasonal_Storage_System,2024-08-06T05:13:16.384Z,Water Plant,Drain,Drain High Level Switch,0.0
Seasonal_Storage_System,2024-08-06T05:14:16.383Z,Water Plant,Drain,Drain High Level Switch,0.0
Seasonal_Storage_System,2024-08-06T05:15:16.384Z,Water Plant,Drain,Drain High Level Switch,0.0
Seasonal_Storage_System,2024-08-06T05:16:16.383Z,Water Plant,Drain,Drain High Level Switch,0.0
Seasonal_Storage_System,2024-08-06T05:17:16.385Z,Water Plant,Drain,Drain High Level Switch,0.0
Seasonal_Storage_System,2024-08-06T05:18:16.464Z,Water Plant,Drain,Drain High Level Switch,0.0
Seasonal_Storage_System,2024-08-06T05:19:16.479Z,Water Plant,Drain,Drain High Level Switch,0.0
Seasonal_Storage_System,2024-08-06T05:20:16.486Z,Water Plant,Drain,Drain High Level Switch,0.0
Seasonal_Storage_System,2024-08-06T05:21:16.498Z,Water Plant,Drain,Drain High Level Switch,0.0
Seasonal_Storage_System,2024-08-06T05:22:16.521Z,Water Plant,Drain,Drain High Level Switch,0.0
Seasonal_Storage_System,2024-08-06T05:23:16.59Z,Water Plant,Drain,Drain High Level Switch,0.0
Seasonal_Storage_System,2024-08-06T05:24:16.458Z,Water Plant,Drain,Drain High Level Switch,0.0
Seasonal_Storage_System,2024-08-06T05:25:16.461Z,Water Plant,Drain,Drain High Level Switch,0.0
Seasonal_Storage_System,2024-08-06T05:26:16.463Z,Water Plant,Drain,Drain High Level Switch,0.0
Seasonal_Storage_System,2024-08-06T05:27:16.459Z,Water Plant,Drain,Drain High Level Switch,0.0
Seasonal_Storage_System,2024-08-06T05:28:16.46Z,Water Plant,Drain,Drain High Level Switch,0.0
Seasonal_Storage_System,2024-08-06T05:29:16.462Z,Water Plant,Drain,Drain High Level Switch,0.0
Seasonal_Storage_System,2024-08-06T05:30:16.46Z,Water Plant,Drain,Drain High Level Switch,0.0
Seasonal_Storage_System,2024-08-06T05:31:16.46Z,Water Plant,Drain,Drain High Level Switch,0.0
Seasonal_Storage_System,2024-08-06T05:32:16.461Z,Water Plant,Drain,Drain High Level Switch,0.0
Seasonal_Storage_System,2024-08-06T05:33:16.46Z,Water Plant,Drain,Drain High Level Switch,0.0
Seasonal_Storage_System,2024-08-06T05:34:16.46Z,Water Plant,Drain,Drain High Level Switch,0.0
Seasonal_Storage_System,2024-08-06T05:35:16.461Z,Water Plant,Drain,Drain High Level Switch,0.0
Seasonal_Storage_System,2024-08-06T05:36:16.461Z,Water Plant,Drain,Drain High Level Switch,0.0
Seasonal_Storage_System,2024-08-06T05:37:16.461Z,Water Plant,Drain,Drain High Level Switch,0.0
Seasonal_Storage_System,2024-08-06T05:38:16.463Z,Water Plant,Drain,Drain High Level Switch,0.0
Seasonal_Storage_System,2024-08-06T05:39:16.529Z,Water Plant,Drain,Drain High Level Switch,0.0
Seasonal_Storage_System,2024-08-06T05:40:16.593Z,Water Plant,Drain,Drain High Level Switch,0.0
Seasonal_Storage_System,2024-08-06T05:41:16.606Z,Water Plant,Drain,Drain High Level Switch,0.0
Seasonal_Storage_System,2024-08-06T05:42:16.539Z,Water Plant,Drain,Drain High Level Switch,0.0
Seasonal_Storage_System,2024-08-06T05:43:16.539Z,Water Plant,Drain,Drain High Level Switch,0.0
Seasonal_Storage_System,2024-08-06T05:44:16.469Z,Water Plant,Drain,Drain High Level Switch,0.0
Seasonal_Storage_System,2024-08-06T05:45:16.473Z,Water Plant,Drain,Drain High Level Switch,0.0
Seasonal_Storage_System,2024-08-06T05:46:16.473Z,Water Plant,Drain,Drain High Level Switch,0.0
Seasonal_Storage_System,2024-08-06T05:47:16.477Z,Water Plant,Drain,Drain High Level Switch,0.0
Seasonal_Storage_System,2024-08-06T05:48:16.472Z,Water Plant,Drain,Drain High Level Switch,0.0
Seasonal_Storage_System,2024-08-06T05:49:16.472Z,Water Plant,Drain,Drain High Level Switch,0.0
Seasonal_Storage_System,2024-08-06T05:50:16.473Z,Water Plant,Drain,Drain High Level Switch,0.0
Seasonal_Storage_System,2024-08-06T05:51:16.475Z,Water Plant,Drain,Drain High Level Switch,0.0
Seasonal_Storage_System,2024-08-06T05:52:16.474Z,Water Plant,Drain,Drain High Level Switch,0.0
Seasonal_Storage_System,2024-08-06T05:53:16.474Z,Water Plant,Drain,Drain High Level Switch,0.0
Seasonal_Storage_System,2024-08-06T05:54:16.474Z,Water Plant,Drain,Drain High Level Switch,0.0
Seasonal_Storage_System,2024-08-06T05:55:16.475Z,Water Plant,Drain,Drain High Level Switch,0.0
Seasonal_Storage_System,2024-08-06T05:56:16.474Z,Water Plant,Drain,Drain High Level Switch,0.0
Seasonal_Storage_System,2024-08-06T05:57:16.474Z,Water Plant,Drain,Drain High Level Switch,0.0
Seasonal_Storage_System,2024-08-06T05:58:16.474Z,Water Plant,Drain,Drain High Level Switch,0.0
Seasonal_Storage_System,2024-08-06T05:59:16.474Z,Water Plant,Drain,Drain High Level Switch,0.0
Seasonal_Storage_System,2024-08-06T06:00:16.474Z,Water Plant,Drain,Drain High Level Switch,0.0
Seasonal_Storage_System,2024-08-06T06:01:16.475Z,Water Plant,Drain,Drain High Level Switch,0.0
Seasonal_Storage_System,2024-08-06T06:02:16.476Z,Water Plant,Drain,Drain High Level Switch,0.0
Seasonal_Storage_System,2024-08-06T06:03:16.475Z,Water Plant,Drain,Drain High Level Switch,0.0
Seasonal_Storage_System,2024-08-06T06:04:16.475Z,Water Plant,Drain,Drain High Level Switch,0.0
Seasonal_Storage_System,2024-08-06T06:05:16.475Z,Water Plant,Drain,Drain High Level Switch,0.0
Seasonal_Storage_System,2024-08-06T06:06:16.475Z,Water Plant,Drain,Drain High Level Switch,0.0
Seasonal_Storage_System,2024-08-06T06:07:16.475Z,Water Plant,Drain,Drain High Level Switch,0.0
Seasonal_Storage_System,2024-08-06T06:08:16.475Z,Water Plant,Drain,Drain High Level Switch,0.0
Seasonal_Storage_System,2024-08-06T06:09:16.481Z,Water Plant,Drain,Drain High Level Switch,0.0
Seasonal_Storage_System,2024-08-06T06:10:16.475Z,Water Plant,Drain,Drain High Level Switch,0.0
Seasonal_Storage_System,2024-08-06T06:11:16.475Z,Water Plant,Drain,Drain High Level Switch,0.0
Seasonal_Storage_System,2024-08-06T06:12:16.592Z,Water Plant,Drain,Drain High Level Switch,0.0
Seasonal_Storage_System,2024-08-06T06:13:16.594Z,Water Plant,Drain,Drain High Level Switch,0.0
Seasonal_Storage_System,2024-08-06T06:14:16.606Z,Water Plant,Drain,Drain High Level Switch,0.0
Seasonal_Storage_System,2024-08-06T06:15:16.655Z,Water Plant,Drain,Drain High Level Switch,0.0
Seasonal_Storage_System,2024-08-06T06:16:16.67Z,Water Plant,Drain,Drain High Level Switch,0.0
Seasonal_Storage_System,2024-08-06T06:17:16.69Z,Water Plant,Drain,Drain High Level Switch,0.0
Seasonal_Storage_System,2024-08-06T06:18:16.719Z,Water Plant,Drain,Drain High Level Switch,0.0
Seasonal_Storage_System,2024-08-06T06:19:16.716Z,Water Plant,Drain,Drain High Level Switch,0.0
Seasonal_Storage_System,2024-08-06T06:20:16.754Z,Water Plant,Drain,Drain High Level Switch,0.0
Seasonal_Storage_System,2024-08-06T06:21:16.76Z,Water Plant,Drain,Drain High Level Switch,0.0
Seasonal_Storage_System,2024-08-06T06:22:16.777Z,Water Plant,Drain,Drain High Level Switch,0.0
Seasonal_Storage_System,2024-08-06T06:23:16.816Z,Water Plant,Drain,Drain High Level Switch,0.0
Seasonal_Storage_System,2024-08-06T06:24:16.791Z,Water Plant,Drain,Drain High Level Switch,0.0
Seasonal_Storage_System,2024-08-06T06:25:16.791Z,Water Plant,Drain,Drain High Level Switch,0.0
Seasonal_Storage_System,2024-08-06T06:26:16.808Z,Water Plant,Drain,Drain High Level Switch,0.0
Seasonal_Storage_System,2024-08-06T06:27:16.822Z,Water Plant,Drain,Drain High Level Switch,0.0
Seasonal_Storage_System,2024-08-06T06:28:17.055Z,Water Plant,Drain,Drain High Level Switch,0.0
Seasonal_Storage_System,2024-08-06T06:29:16.991Z,Water Plant,Drain,Drain High Level Switch,0.0
Seasonal_Storage_System,2024-08-06T06:30:16.99Z,Water Plant,Drain,Drain High Level Switch,0.0
Seasonal_Storage_System,2024-08-06T06:31:16.928Z,Water Plant,Drain,Drain High Level Switch,0.0
Seasonal_Storage_System,2024-08-06T06:32:16.927Z,Water Plant,Drain,Drain High Level Switch,0.0
Seasonal_Storage_System,2024-08-06T06:33:16.928Z,Water Plant,Drain,Drain High Level Switch,0.0
Seasonal_Storage_System,2024-08-06T06:34:17.028Z,Water Plant,Drain,Drain High Level Switch,0.0
Seasonal_Storage_System,2024-08-06T06:35:17.018Z,Water Plant,Drain,Drain High Level Switch,0.0
Seasonal_Storage_System,2024-08-06T06:36:17.018Z,Water Plant,Drain,Drain High Level Switch,0.0
Seasonal_Storage_System,2024-08-06T06:37:17.039Z,Water Plant,Drain,Drain High Level Switch,0.0
Seasonal_Storage_System,2024-08-06T06:38:17.05Z,Water Plant,Drain,Drain High Level Switch,0.0
Seasonal_Storage_System,2024-08-06T06:39:17.054Z,Water Plant,Drain,Drain High Level Switch,0.0
Seasonal_Storage_System,2024-08-06T06:40:17.065Z,Water Plant,Drain,Drain High Level Switch,0.0
Seasonal_Storage_System,2024-08-06T06:41:17.064Z,Water Plant,Drain,Drain High Level Switch,0.0
Seasonal_Storage_System,2024-08-06T06:42:17.085Z,Water Plant,Drain,Drain High Level Switch,0.0
Seasonal_Storage_System,2024-08-06T06:43:17.108Z,Water Plant,Drain,Drain High Level Switch,0.0
Seasonal_Storage_System,2024-08-06T06:44:17.134Z,Water Plant,Drain,Drain High Level Switch,0.0
Seasonal_Storage_System,2024-08-06T06:45:17.157Z,Water Plant,Drain,Drain High Level Switch,0.0
Seasonal_Storage_System,2024-08-06T06:46:17.174Z,Water Plant,Drain,Drain High Level Switch,0.0
Seasonal_Storage_System,2024-08-06T06:47:17.227Z,Water Plant,Drain,Drain High Level Switch,0.0
Seasonal_Storage_System,2024-08-06T06:48:17.199Z,Water Plant,Drain,Drain High Level Switch,0.0
Seasonal_Storage_System,2024-08-06T06:49:17.207Z,Water Plant,Drain,Drain High Level Switch,0.0
Seasonal_Storage_System,2024-08-06T06:50:17.233Z,Water Plant,Drain,Drain High Level Switch,0.0
Seasonal_Storage_System,2024-08-06T06:51:17.256Z,Water Plant,Drain,Drain High Level Switch,0.0
Seasonal_Storage_System,2024-08-06T06:52:17.274Z,Water Plant,Drain,Drain High Level Switch,0.0
Seasonal_Storage_System,2024-08-06T06:53:17.292Z,Water Plant,Drain,Drain High Level Switch,0.0
Seasonal_Storage_System,2024-08-06T06:54:17.321Z,Water Plant,Drain,Drain High Level Switch,0.0
Seasonal_Storage_System,2024-08-06T06:55:17.353Z,Water Plant,Drain,Drain High Level Switch,0.0
Seasonal_Storage_System,2024-08-06T06:56:17.382Z,Water Plant,Drain,Drain High Level Switch,0.0
Seasonal_Storage_System,2024-08-06T06:57:17.399Z,Water Plant,Drain,Drain High Level Switch,0.0
Seasonal_Storage_System,2024-08-06T06:58:17.482Z,Water Plant,Drain,Drain High Level Switch,0.0
Seasonal_Storage_System,2024-08-06T06:59:17.482Z,Water Plant,Drain,Drain High Level Switch,0.0
Seasonal_Storage_System,2024-08-06T07:00:17.409Z,Water Plant,Drain,Drain High Level Switch,0.0
Seasonal_Storage_System,2024-08-06T07:01:17.41Z,Water Plant,Drain,Drain High Level Switch,0.0
Seasonal_Storage_System,2024-08-06T07:02:17.409Z,Water Plant,Drain,Drain High Level Switch,0.0
Seasonal_Storage_System,2024-08-06T07:03:17.403Z,Water Plant,Drain,Drain High Level Switch,0.0
Seasonal_Storage_System,2024-08-06T07:04:17.408Z,Water Plant,Drain,Drain High Level Switch,0.0
Seasonal_Storage_System,2024-08-06T07:05:17.406Z,Water Plant,Drain,Drain High Level Switch,0.0
Seasonal_Storage_System,2024-08-06T07:06:17.455Z,Water Plant,Drain,Drain High Level Switch,0.0
Seasonal_Storage_System,2024-08-06T07:07:17.407Z,Water Plant,Drain,Drain High Level Switch,0.0
Seasonal_Storage_System,2024-08-06T07:08:17.412Z,Water Plant,Drain,Drain High Level Switch,0.0
Seasonal_Storage_System,2024-08-06T07:09:17.414Z,Water Plant,Drain,Drain High Level Switch,0.0
Seasonal_Storage_System,2024-08-06T07:10:17.408Z,Water Plant,Drain,Drain High Level Switch,0.0
Seasonal_Storage_System,2024-08-06T07:11:17.413Z,Water Plant,Drain,Drain High Level Switch,0.0
Seasonal_Storage_System,2024-08-06T07:12:17.407Z,Water Plant,Drain,Drain High Level Switch,0.0
Seasonal_Storage_System,2024-08-06T07:13:17.344Z,Water Plant,Drain,Drain High Level Switch,0.0
Seasonal_Storage_System,2024-08-06T07:14:17.344Z,Water Plant,Drain,Drain High Level Switch,0.0
Seasonal_Storage_System,2024-08-06T07:15:17.344Z,Water Plant,Drain,Drain High Level Switch,0.0
Seasonal_Storage_System,2024-08-06T07:16:17.346Z,Water Plant,Drain,Drain High Level Switch,0.0
Seasonal_Storage_System,2024-08-06T07:17:17.344Z,Water Plant,Drain,Drain High Level Switch,0.0
Seasonal_Storage_System,2024-08-06T07:18:17.345Z,Water Plant,Drain,Drain High Level Switch,0.0
Seasonal_Storage_System,2024-08-06T07:19:17.351Z,Water Plant,Drain,Drain High Level Switch,0.0
Seasonal_Storage_System,2024-08-06T07:20:17.351Z,Water Plant,Drain,Drain High Level Switch,0.0
Seasonal_Storage_System,2024-08-06T07:21:17.35Z,Water Plant,Drain,Drain High Level Switch,0.0
Seasonal_Storage_System,2024-08-06T07:22:17.356Z,Water Plant,Drain,Drain High Level Switch,0.0
Seasonal_Storage_System,2024-08-06T07:23:17.445Z,Water Plant,Drain,Drain High Level Switch,0.0
Seasonal_Storage_System,2024-08-06T07:24:17.465Z,Water Plant,Drain,Drain High Level Switch,0.0
Seasonal_Storage_System,2024-08-06T07:25:17.445Z,Water Plant,Drain,Drain High Level Switch,0.0
Seasonal_Storage_System,2024-08-06T07:26:17.815Z,Water Plant,Drain,Drain High Level Switch,0.0
Seasonal_Storage_System,2024-08-06T07:27:17.51Z,Water Plant,Drain,Drain High Level Switch,0.0
Seasonal_Storage_System,2024-08-06T07:28:17.511Z,Water Plant,Drain,Drain High Level Switch,0.0
Seasonal_Storage_System,2024-08-06T07:29:17.511Z,Water Plant,Drain,Drain High Level Switch,0.0
Seasonal_Storage_System,2024-08-06T07:30:17.518Z,Water Plant,Drain,Drain High Level Switch,0.0
Seasonal_Storage_System,2024-08-06T07:31:17.637Z,Water Plant,Drain,Drain High Level Switch,0.0
Seasonal_Storage_System,2024-08-06T07:32:17.62Z,Water Plant,Drain,Drain High Level Switch,0.0
Seasonal_Storage_System,2024-08-06T07:33:17.673Z,Water Plant,Drain,Drain High Level Switch,0.0
Seasonal_Storage_System,2024-08-06T07:34:17.689Z,Water Plant,Drain,Drain High Level Switch,0.0
Seasonal_Storage_System,2024-08-06T07:35:17.704Z,Water Plant,Drain,Drain High Level Switch,0.0
Seasonal_Storage_System,2024-08-06T07:36:17.782Z,Water Plant,Drain,Drain High Level Switch,0.0
Seasonal_Storage_System,2024-08-06T07:37:17.815Z,Water Plant,Drain,Drain High Level Switch,0.0
Seasonal_Storage_System,2024-08-06T07:38:17.809Z,Water Plant,Drain,Drain High Level Switch,0.0
Seasonal_Storage_System,2024-08-06T07:39:17.859Z,Water Plant,Drain,Drain High Level Switch,0.0
Seasonal_Storage_System,2024-08-06T07:40:17.84Z,Water Plant,Drain,Drain High Level Switch,0.0
Seasonal_Storage_System,2024-08-06T07:41:17.865Z,Water Plant,Drain,Drain High Level Switch,0.0
Seasonal_Storage_System,2024-08-06T07:42:17.867Z,Water Plant,Drain,Drain High Level Switch,0.0
Seasonal_Storage_System,2024-08-06T07:43:17.857Z,Water Plant,Drain,Drain High Level Switch,0.0
Seasonal_Storage_System,2024-08-06T07:44:17.869Z,Water Plant,Drain,Drain High Level Switch,0.0
Seasonal_Storage_System,2024-08-06T07:45:17.903Z,Water Plant,Drain,Drain High Level Switch,0.0
Seasonal_Storage_System,2024-08-06T07:46:17.912Z,Water Plant,Drain,Drain High Level Switch,0.0
Seasonal_Storage_System,2024-08-06T07:47:17.927Z,Water Plant,Drain,Drain High Level Switch,0.0
Seasonal_Storage_System,2024-08-06T07:48:17.956Z,Water Plant,Drain,Drain High Level Switch,0.0
Seasonal_Storage_System,2024-08-06T07:49:18.026Z,Water Plant,Drain,Drain High Level Switch,0.0
Seasonal_Storage_System,2024-08-06T07:50:18.023Z,Water Plant,Drain,Drain High Level Switch,0.0
Seasonal_Storage_System,2024-08-06T07:51:18.016Z,Water Plant,Drain,Drain High Level Switch,0.0
Seasonal_Storage_System,2024-08-06T07:52:18.032Z,Water Plant,Drain,Drain High Level Switch,0.0
Seasonal_Storage_System,2024-08-06T07:53:18.086Z,Water Plant,Drain,Drain High Level Switch,0.0
Seasonal_Storage_System,2024-08-06T07:54:18.089Z,Water Plant,Drain,Drain High Level Switch,0.0
Seasonal_Storage_System,2024-08-06T07:55:18.072Z,Water Plant,Drain,Drain High Level Switch,0.0
Seasonal_Storage_System,2024-08-06T07:56:18.098Z,Water Plant,Drain,Drain High Level Switch,0.0
Seasonal_Storage_System,2024-08-06T07:57:18.203Z,Water Plant,Drain,Drain High Level Switch,0.0
Seasonal_Storage_System,2024-08-06T07:58:18.194Z,Water Plant,Drain,Drain High Level Switch,0.0
Seasonal_Storage_System,2024-08-06T07:59:18.105Z,Water Plant,Drain,Drain High Level Switch,0.0
Seasonal_Storage_System,2024-08-06T08:00:18.227Z,Water Plant,Drain,Drain High Level Switch,0.0
Seasonal_Storage_System,2024-08-06T08:01:18.25Z,Water Plant,Drain,Drain High Level Switch,0.0
Seasonal_Storage_System,2024-08-06T08:02:18.242Z,Water Plant,Drain,Drain High Level Switch,0.0
Seasonal_Storage_System,2024-08-06T08:03:18.242Z,Water Plant,Drain,Drain High Level Switch,0.0
Seasonal_Storage_System,2024-08-06T08:04:18.337Z,Water Plant,Drain,Drain High Level Switch,0.0
Seasonal_Storage_System,2024-08-06T08:05:18.364Z,Water Plant,Drain,Drain High Level Switch,0.0
Seasonal_Storage_System,2024-08-06T08:06:18.333Z,Water Plant,Drain,Drain High Level Switch,0.0
Seasonal_Storage_System,2024-08-06T08:07:18.355Z,Water Plant,Drain,Drain High Level Switch,0.0
Seasonal_Storage_System,2024-08-06T08:08:18.39Z,Water Plant,Drain,Drain High Level Switch,0.0
Seasonal_Storage_System,2024-08-06T08:09:18.441Z,Water Plant,Drain,Drain High Level Switch,0.0
Seasonal_Storage_System,2024-08-06T08:10:18.449Z,Water Plant,Drain,Drain High Level Switch,0.0
Seasonal_Storage_System,2024-08-06T08:11:18.443Z,Water Plant,Drain,Drain High Level Switch,0.0
Seasonal_Storage_System,2024-08-06T08:12:18.385Z,Water Plant,Drain,Drain High Level Switch,0.0
Seasonal_Storage_System,2024-08-06T08:13:18.387Z,Water Plant,Drain,Drain High Level Switch,0.0
Seasonal_Storage_System,2024-08-06T08:14:18.489Z,Water Plant,Drain,Drain High Level Switch,0.0
Seasonal_Storage_System,2024-08-06T08:15:18.511Z,Water Plant,Drain,Drain High Level Switch,0.0
Seasonal_Storage_System,2024-08-06T08:16:18.551Z,Water Plant,Drain,Drain High Level Switch,0.0
Seasonal_Storage_System,2024-08-06T08:17:18.468Z,Water Plant,Drain,Drain High Level Switch,0.0
Seasonal_Storage_System,2024-08-06T08:18:18.584Z,Water Plant,Drain,Drain High Level Switch,0.0
Seasonal_Storage_System,2024-08-06T08:19:18.554Z,Water Plant,Drain,Drain High Level Switch,0.0
Seasonal_Storage_System,2024-08-06T08:20:18.565Z,Water Plant,Drain,Drain High Level Switch,0.0
Seasonal_Storage_System,2024-08-06T08:21:18.602Z,Water Plant,Drain,Drain High Level Switch,0.0
Seasonal_Storage_System,2024-08-06T08:22:18.622Z,Water Plant,Drain,Drain High Level Switch,0.0
Seasonal_Storage_System,2024-08-06T08:23:18.646Z,Water Plant,Drain,Drain High Level Switch,0.0
Seasonal_Storage_System,2024-08-06T08:24:18.635Z,Water Plant,Drain,Drain High Level Switch,0.0
Seasonal_Storage_System,2024-08-06T08:25:18.657Z,Water Plant,Drain,Drain High Level Switch,0.0
Seasonal_Storage_System,2024-08-06T08:26:18.682Z,Water Plant,Drain,Drain High Level Switch,0.0
Seasonal_Storage_System,2024-08-06T08:27:18.733Z,Water Plant,Drain,Drain High Level Switch,0.0
Seasonal_Storage_System,2024-08-06T08:28:18.756Z,Water Plant,Drain,Drain High Level Switch,0.0
Seasonal_Storage_System,2024-08-06T08:29:18.774Z,Water Plant,Drain,Drain High Level Switch,0.0
Seasonal_Storage_System,2024-08-06T08:30:18.779Z,Water Plant,Drain,Drain High Level Switch,0.0
Seasonal_Storage_System,2024-08-06T08:31:18.772Z,Water Plant,Drain,Drain High Level Switch,0.0
Seasonal_Storage_System,2024-08-06T08:32:18.799Z,Water Plant,Drain,Drain High Level Switch,0.0
Seasonal_Storage_System,2024-08-06T08:33:18.814Z,Water Plant,Drain,Drain High Level Switch,0.0
Seasonal_Storage_System,2024-08-06T08:34:18.835Z,Water Plant,Drain,Drain High Level Switch,0.0
Seasonal_Storage_System,2024-08-06T08:35:18.901Z,Water Plant,Drain,Drain High Level Switch,0.0
Seasonal_Storage_System,2024-08-06T08:36:18.953Z,Water Plant,Drain,Drain High Level Switch,0.0
Seasonal_Storage_System,2024-08-06T08:37:18.893Z,Water Plant,Drain,Drain High Level Switch,0.0
Seasonal_Storage_System,2024-08-06T08:38:18.897Z,Water Plant,Drain,Drain High Level Switch,0.0
Seasonal_Storage_System,2024-08-06T08:39:18.894Z,Water Plant,Drain,Drain High Level Switch,0.0
Seasonal_Storage_System,2024-08-06T08:40:18.821Z,Water Plant,Drain,Drain High Level Switch,0.0
Seasonal_Storage_System,2024-08-06T08:41:18.9Z,Water Plant,Drain,Drain High Level Switch,0.0
Seasonal_Storage_System,2024-08-06T08:42:18.893Z,Water Plant,Drain,Drain High Level Switch,0.0
Seasonal_Storage_System,2024-08-06T08:43:18.895Z,Water Plant,Drain,Drain High Level Switch,0.0
Seasonal_Storage_System,2024-08-06T08:44:18.897Z,Water Plant,Drain,Drain High Level Switch,0.0
Seasonal_Storage_System,2024-08-06T08:45:18.824Z,Water Plant,Drain,Drain High Level Switch,0.0
Seasonal_Storage_System,2024-08-06T08:46:18.897Z,Water Plant,Drain,Drain High Level Switch,0.0
Seasonal_Storage_System,2024-08-06T08:47:18.9Z,Water Plant,Drain,Drain High Level Switch,0.0
Seasonal_Storage_System,2024-08-06T08:48:18.898Z,Water Plant,Drain,Drain High Level Switch,0.0
Seasonal_Storage_System,2024-08-06T08:49:18.895Z,Water Plant,Drain,Drain High Level Switch,0.0
Seasonal_Storage_System,2024-08-06T08:50:18.898Z,Water Plant,Drain,Drain High Level Switch,0.0
Seasonal_Storage_System,2024-08-06T08:51:18.893Z,Water Plant,Drain,Drain High Level Switch,0.0
Seasonal_Storage_System,2024-08-06T08:52:18.897Z,Water Plant,Drain,Drain High Level Switch,0.0
Seasonal_Storage_System,2024-08-06T08:53:18.897Z,Water Plant,Drain,Drain High Level Switch,0.0
Seasonal_Storage_System,2024-08-06T08:54:18.826Z,Water Plant,Drain,Drain High Level Switch,0.0
Seasonal_Storage_System,2024-08-06T08:55:18.826Z,Water Plant,Drain,Drain High Level Switch,0.0
Seasonal_Storage_System,2024-08-06T08:56:18.83Z,Water Plant,Drain,Drain High Level Switch,0.0
Seasonal_Storage_System,2024-08-06T08:57:18.826Z,Water Plant,Drain,Drain High Level Switch,0.0
Seasonal_Storage_System,2024-08-06T08:58:18.826Z,Water Plant,Drain,Drain High Level Switch,0.0
Seasonal_Storage_System,2024-08-06T08:59:18.826Z,Water Plant,Drain,Drain High Level Switch,0.0
Seasonal_Storage_System,2024-08-06T09:00:18.825Z,Water Plant,Drain,Drain High Level Switch,0.0
Seasonal_Storage_System,2024-08-06T09:01:18.825Z,Water Plant,Drain,Drain High Level Switch,0.0
Seasonal_Storage_System,2024-08-06T09:02:18.923Z,Water Plant,Drain,Drain High Level Switch,0.0
Seasonal_Storage_System,2024-08-06T09:03:18.902Z,Water Plant,Drain,Drain High Level Switch,0.0
Seasonal_Storage_System,2024-08-06T09:04:18.918Z,Water Plant,Drain,Drain High Level Switch,0.0
Seasonal_Storage_System,2024-08-06T09:05:18.907Z,Water Plant,Drain,Drain High Level Switch,0.0
Seasonal_Storage_System,2024-08-06T09:06:18.897Z,Water Plant,Drain,Drain High Level Switch,0.0
Seasonal_Storage_System,2024-08-06T09:07:18.901Z,Water Plant,Drain,Drain High Level Switch,0.0
Seasonal_Storage_System,2024-08-06T09:08:18.934Z,Water Plant,Drain,Drain High Level Switch,0.0
Seasonal_Storage_System,2024-08-06T09:09:18.931Z,Water Plant,Drain,Drain High Level Switch,0.0
Seasonal_Storage_System,2024-08-06T09:10:18.983Z,Water Plant,Drain,Drain High Level Switch,0.0
Seasonal_Storage_System,2024-08-06T09:11:19.003Z,Water Plant,Drain,Drain High Level Switch,0.0
Seasonal_Storage_System,2024-08-06T09:12:19.008Z,Water Plant,Drain,Drain High Level Switch,0.0
Seasonal_Storage_System,2024-08-06T09:13:19.018Z,Water Plant,Drain,Drain High Level Switch,0.0
Seasonal_Storage_System,2024-08-06T09:14:19.023Z,Water Plant,Drain,Drain High Level Switch,0.0
Seasonal_Storage_System,2024-08-06T09:15:19.079Z,Water Plant,Drain,Drain High Level Switch,0.0
Seasonal_Storage_System,2024-08-06T09:16:19.082Z,Water Plant,Drain,Drain High Level Switch,0.0
Seasonal_Storage_System,2024-08-06T09:17:19.1Z,Water Plant,Drain,Drain High Level Switch,0.0
Seasonal_Storage_System,2024-08-06T09:18:19.082Z,Water Plant,Drain,Drain High Level Switch,0.0
Seasonal_Storage_System,2024-08-06T09:19:19.192Z,Water Plant,Drain,Drain High Level Switch,0.0
Seasonal_Storage_System,2024-08-06T09:20:19.23Z,Water Plant,Drain,Drain High Level Switch,0.0
Seasonal_Storage_System,2024-08-06T09:21:19.177Z,Water Plant,Drain,Drain High Level Switch,0.0
Seasonal_Storage_System,2024-08-06T09:22:19.167Z,Water Plant,Drain,Drain High Level Switch,0.0
Seasonal_Storage_System,2024-08-06T09:23:19.172Z,Water Plant,Drain,Drain High Level Switch,0.0
Seasonal_Storage_System,2024-08-06T09:24:19.167Z,Water Plant,Drain,Drain High Level Switch,0.0
Seasonal_Storage_System,2024-08-06T09:25:19.165Z,Water Plant,Drain,Drain High Level Switch,0.0
Seasonal_Storage_System,2024-08-06T09:26:19.176Z,Water Plant,Drain,Drain High Level Switch,0.0
Seasonal_Storage_System,2024-08-06T09:27:19.176Z,Water Plant,Drain,Drain High Level Switch,0.0
Seasonal_Storage_System,2024-08-06T09:28:19.175Z,Water Plant,Drain,Drain High Level Switch,0.0
Seasonal_Storage_System,2024-08-06T09:29:19.18Z,Water Plant,Drain,Drain High Level Switch,0.0
Seasonal_Storage_System,2024-08-06T09:30:19.194Z,Water Plant,Drain,Drain High Level Switch,0.0
Seasonal_Storage_System,2024-08-06T09:31:19.184Z,Water Plant,Drain,Drain High Level Switch,0.0
Seasonal_Storage_System,2024-08-06T09:32:19.182Z,Water Plant,Drain,Drain High Level Switch,0.0
Seasonal_Storage_System,2024-08-06T09:33:19.177Z,Water Plant,Drain,Drain High Level Switch,0.0
Seasonal_Storage_System,2024-08-06T09:34:19.176Z,Water Plant,Drain,Drain High Level Switch,0.0
Seasonal_Storage_System,2024-08-06T09:35:19.179Z,Water Plant,Drain,Drain High Level Switch,0.0
Seasonal_Storage_System,2024-08-06T09:36:19.184Z,Water Plant,Drain,Drain High Level Switch,0.0
Seasonal_Storage_System,2024-08-06T09:37:19.177Z,Water Plant,Drain,Drain High Level Switch,0.0
Seasonal_Storage_System,2024-08-06T09:38:19.188Z,Water Plant,Drain,Drain High Level Switch,0.0
Seasonal_Storage_System,2024-08-06T09:39:19.182Z,Water Plant,Drain,Drain High Level Switch,0.0
Seasonal_Storage_System,2024-08-06T09:40:19.19Z,Water Plant,Drain,Drain High Level Switch,0.0
Seasonal_Storage_System,2024-08-06T09:41:19.215Z,Water Plant,Drain,Drain High Level Switch,0.0
Seasonal_Storage_System,2024-08-06T09:42:19.225Z,Water Plant,Drain,Drain High Level Switch,0.0
Seasonal_Storage_System,2024-08-06T09:43:19.257Z,Water Plant,Drain,Drain High Level Switch,0.0
Seasonal_Storage_System,2024-08-06T09:44:19.272Z,Water Plant,Drain,Drain High Level Switch,0.0
Seasonal_Storage_System,2024-08-06T09:45:19.278Z,Water Plant,Drain,Drain High Level Switch,0.0
Seasonal_Storage_System,2024-08-06T09:46:19.335Z,Water Plant,Drain,Drain High Level Switch,0.0
Seasonal_Storage_System,2024-08-06T09:47:19.393Z,Water Plant,Drain,Drain High Level Switch,0.0
Seasonal_Storage_System,2024-08-06T09:48:19.468Z,Water Plant,Drain,Drain High Level Switch,0.0
Seasonal_Storage_System,2024-08-06T09:49:19.472Z,Water Plant,Drain,Drain High Level Switch,0.0
Seasonal_Storage_System,2024-08-06T09:50:19.505Z,Water Plant,Drain,Drain High Level Switch,0.0
Seasonal_Storage_System,2024-08-06T09:51:19.508Z,Water Plant,Drain,Drain High Level Switch,0.0
Seasonal_Storage_System,2024-08-06T09:52:19.51Z,Water Plant,Drain,Drain High Level Switch,0.0
Seasonal_Storage_System,2024-08-06T09:53:19.529Z,Water Plant,Drain,Drain High Level Switch,0.0
Seasonal_Storage_System,2024-08-06T09:54:19.576Z,Water Plant,Drain,Drain High Level Switch,0.0
Seasonal_Storage_System,2024-08-06T09:55:19.575Z,Water Plant,Drain,Drain High Level Switch,0.0
Seasonal_Storage_System,2024-08-06T09:56:19.59Z,Water Plant,Drain,Drain High Level Switch,0.0
Seasonal_Storage_System,2024-08-06T09:57:19.662Z,Water Plant,Drain,Drain High Level Switch,0.0
Seasonal_Storage_System,2024-08-06T09:58:19.624Z,Water Plant,Drain,Drain High Level Switch,0.0
Seasonal_Storage_System,2024-08-06T09:59:19.606Z,Water Plant,Drain,Drain High Level Switch,0.0
Seasonal_Storage_System,2024-08-06T10:00:19.619Z,Water Plant,Drain,Drain High Level Switch,0.0
Seasonal_Storage_System,2024-08-06T10:01:19.615Z,Water Plant,Drain,Drain High Level Switch,0.0
Seasonal_Storage_System,2024-08-06T10:02:19.599Z,Water Plant,Drain,Drain High Level Switch,0.0
Seasonal_Storage_System,2024-08-06T10:03:19.653Z,Water Plant,Drain,Drain High Level Switch,0.0
Seasonal_Storage_System,2024-08-06T10:04:19.666Z,Water Plant,Drain,Drain High Level Switch,0.0
Seasonal_Storage_System,2024-08-06T10:05:19.659Z,Water Plant,Drain,Drain High Level Switch,0.0
Seasonal_Storage_System,2024-08-06T10:06:19.688Z,Water Plant,Drain,Drain High Level Switch,0.0
Seasonal_Storage_System,2024-08-06T10:07:19.724Z,Water Plant,Drain,Drain High Level Switch,0.0
Seasonal_Storage_System,2024-08-06T10:08:19.729Z,Water Plant,Drain,Drain High Level Switch,0.0
Seasonal_Storage_System,2024-08-06T10:09:19.767Z,Water Plant,Drain,Drain High Level Switch,0.0
Seasonal_Storage_System,2024-08-06T10:10:19.806Z,Water Plant,Drain,Drain High Level Switch,0.0
Seasonal_Storage_System,2024-08-06T10:11:19.863Z,Water Plant,Drain,Drain High Level Switch,0.0
Seasonal_Storage_System,2024-08-06T10:12:19.966Z,Water Plant,Drain,Drain High Level Switch,0.0
Seasonal_Storage_System,2024-08-06T10:13:19.865Z,Water Plant,Drain,Drain High Level Switch,0.0
Seasonal_Storage_System,2024-08-06T10:14:19.881Z,Water Plant,Drain,Drain High Level Switch,0.0
Seasonal_Storage_System,2024-08-06T10:15:19.797Z,Water Plant,Drain,Drain High Level Switch,0.0
Seasonal_Storage_System,2024-08-06T10:16:19.797Z,Water Plant,Drain,Drain High Level Switch,0.0
Seasonal_Storage_System,2024-08-06T10:17:19.796Z,Water Plant,Drain,Drain High Level Switch,0.0
Seasonal_Storage_System,2024-08-06T10:18:19.796Z,Water Plant,Drain,Drain High Level Switch,0.0
Seasonal_Storage_System,2024-08-06T10:19:19.797Z,Water Plant,Drain,Drain High Level Switch,0.0
Seasonal_Storage_System,2024-08-06T10:20:19.913Z,Water Plant,Drain,Drain High Level Switch,0.0
Seasonal_Storage_System,2024-08-06T10:21:19.939Z,Water Plant,Drain,Drain High Level Switch,0.0
Seasonal_Storage_System,2024-08-06T10:22:19.983Z,Water Plant,Drain,Drain High Level Switch,0.0
Seasonal_Storage_System,2024-08-06T10:23:20.057Z,Water Plant,Drain,Drain High Level Switch,0.0
Seasonal_Storage_System,2024-08-06T10:24:20.052Z,Water Plant,Drain,Drain High Level Switch,0.0
Seasonal_Storage_System,2024-08-06T10:25:19.98Z,Water Plant,Drain,Drain High Level Switch,0.0
Seasonal_Storage_System,2024-08-06T10:26:19.918Z,Water Plant,Drain,Drain High Level Switch,0.0
Seasonal_Storage_System,2024-08-06T10:27:19.94Z,Water Plant,Drain,Drain High Level Switch,0.0
Seasonal_Storage_System,2024-08-06T10:28:19.943Z,Water Plant,Drain,Drain High Level Switch,0.0
Seasonal_Storage_System,2024-08-06T10:29:19.914Z,Water Plant,Drain,Drain High Level Switch,0.0
Seasonal_Storage_System,2024-08-06T10:30:19.922Z,Water Plant,Drain,Drain High Level Switch,0.0
Seasonal_Storage_System,2024-08-06T10:31:20.186Z,Water Plant,Drain,Drain High Level Switch,0.0
Seasonal_Storage_System,2024-08-06T10:32:19.954Z,Water Plant,Drain,Drain High Level Switch,0.0
Seasonal_Storage_System,2024-08-06T10:33:19.951Z,Water Plant,Drain,Drain High Level Switch,0.0
Seasonal_Storage_System,2024-08-06T10:34:19.968Z,Water Plant,Drain,Drain High Level Switch,0.0
Seasonal_Storage_System,2024-08-06T10:35:19.969Z,Water Plant,Drain,Drain High Level Switch,0.0
Seasonal_Storage_System,2024-08-06T10:36:19.971Z,Water Plant,Drain,Drain High Level Switch,0.0
Seasonal_Storage_System,2024-08-06T10:37:19.977Z,Water Plant,Drain,Drain High Level Switch,0.0
Seasonal_Storage_System,2024-08-06T10:38:19.974Z,Water Plant,Drain,Drain High Level Switch,0.0
Seasonal_Storage_System,2024-08-06T10:39:19.985Z,Water Plant,Drain,Drain High Level Switch,0.0
Seasonal_Storage_System,2024-08-06T10:40:19.976Z,Water Plant,Drain,Drain High Level Switch,0.0
Seasonal_Storage_System,2024-08-06T10:41:19.975Z,Water Plant,Drain,Drain High Level Switch,0.0
Seasonal_Storage_System,2024-08-06T10:42:20.007Z,Water Plant,Drain,Drain High Level Switch,0.0
Seasonal_Storage_System,2024-08-06T10:43:19.99Z,Water Plant,Drain,Drain High Level Switch,0.0
Seasonal_Storage_System,2024-08-06T10:44:20.021Z,Water Plant,Drain,Drain High Level Switch,0.0
Seasonal_Storage_System,2024-08-06T10:45:20.021Z,Water Plant,Drain,Drain High Level Switch,0.0
Seasonal_Storage_System,2024-08-06T10:46:20.021Z,Water Plant,Drain,Drain High Level Switch,0.0
Seasonal_Storage_System,2024-08-06T10:47:20.023Z,Water Plant,Drain,Drain High Level Switch,0.0
Seasonal_Storage_System,2024-08-06T10:48:20.032Z,Water Plant,Drain,Drain High Level Switch,0.0
Seasonal_Storage_System,2024-08-06T10:49:20.041Z,Water Plant,Drain,Drain High Level Switch,0.0
Seasonal_Storage_System,2024-08-06T10:50:20.033Z,Water Plant,Drain,Drain High Level Switch,0.0
Seasonal_Storage_System,2024-08-06T10:51:20.026Z,Water Plant,Drain,Drain High Level Switch,0.0
Seasonal_Storage_System,2024-08-06T10:52:20.026Z,Water Plant,Drain,Drain High Level Switch,0.0
Seasonal_Storage_System,2024-08-06T10:53:20.026Z,Water Plant,Drain,Drain High Level Switch,0.0
Seasonal_Storage_System,2024-08-06T10:54:20.026Z,Water Plant,Drain,Drain High Level Switch,0.0
Seasonal_Storage_System,2024-08-06T10:55:20.028Z,Water Plant,Drain,Drain High Level Switch,0.0
Seasonal_Storage_System,2024-08-06T10:56:20.073Z,Water Plant,Drain,Drain High Level Switch,0.0
Seasonal_Storage_System,2024-08-06T10:57:20.138Z,Water Plant,Drain,Drain High Level Switch,0.0
Seasonal_Storage_System,2024-08-06T10:58:20.135Z,Water Plant,Drain,Drain High Level Switch,0.0
Seasonal_Storage_System,2024-08-06T10:59:20.144Z,Water Plant,Drain,Drain High Level Switch,0.0
Seasonal_Storage_System,2024-08-06T11:00:20.144Z,Water Plant,Drain,Drain High Level Switch,0.0
Seasonal_Storage_System,2024-08-06T11:01:20.139Z,Water Plant,Drain,Drain High Level Switch,0.0
Seasonal_Storage_System,2024-08-06T11:02:20.14Z,Water Plant,Drain,Drain High Level Switch,0.0
Seasonal_Storage_System,2024-08-06T11:03:20.14Z,Water Plant,Drain,Drain High Level Switch,0.0
Seasonal_Storage_System,2024-08-06T11:04:20.139Z,Water Plant,Drain,Drain High Level Switch,0.0
Seasonal_Storage_System,2024-08-06T11:05:20.14Z,Water Plant,Drain,Drain High Level Switch,0.0
Seasonal_Storage_System,2024-08-06T11:06:20.139Z,Water Plant,Drain,Drain High Level Switch,0.0
Seasonal_Storage_System,2024-08-06T11:07:20.165Z,Water Plant,Drain,Drain High Level Switch,0.0
Seasonal_Storage_System,2024-08-06T11:08:20.207Z,Water Plant,Drain,Drain High Level Switch,0.0
Seasonal_Storage_System,2024-08-06T11:09:20.269Z,Water Plant,Drain,Drain High Level Switch,0.0
Seasonal_Storage_System,2024-08-06T11:10:20.2Z,Water Plant,Drain,Drain High Level Switch,0.0
Seasonal_Storage_System,2024-08-06T11:11:20.2Z,Water Plant,Drain,Drain High Level Switch,0.0
Seasonal_Storage_System,2024-08-06T11:12:20.205Z,Water Plant,Drain,Drain High Level Switch,0.0
Seasonal_Storage_System,2024-08-06T11:13:20.2Z,Water Plant,Drain,Drain High Level Switch,0.0
Seasonal_Storage_System,2024-08-06T11:14:20.2Z,Water Plant,Drain,Drain High Level Switch,0.0
Seasonal_Storage_System,2024-08-06T11:15:20.205Z,Water Plant,Drain,Drain High Level Switch,0.0
Seasonal_Storage_System,2024-08-06T11:16:20.203Z,Water Plant,Drain,Drain High Level Switch,0.0
Seasonal_Storage_System,2024-08-06T11:17:20.205Z,Water Plant,Drain,Drain High Level Switch,0.0
Seasonal_Storage_System,2024-08-06T11:18:20.213Z,Water Plant,Drain,Drain High Level Switch,0.0
Seasonal_Storage_System,2024-08-06T11:19:20.265Z,Water Plant,Drain,Drain High Level Switch,0.0
Seasonal_Storage_System,2024-08-06T11:20:20.266Z,Water Plant,Drain,Drain High Level Switch,0.0
Seasonal_Storage_System,2024-08-06T11:21:20.287Z,Water Plant,Drain,Drain High Level Switch,0.0
Seasonal_Storage_System,2024-08-06T11:22:20.268Z,Water Plant,Drain,Drain High Level Switch,0.0
Seasonal_Storage_System,2024-08-06T11:23:20.274Z,Water Plant,Drain,Drain High Level Switch,0.0
Seasonal_Storage_System,2024-08-06T11:24:20.273Z,Water Plant,Drain,Drain High Level Switch,0.0
Seasonal_Storage_System,2024-08-06T11:25:20.271Z,Water Plant,Drain,Drain High Level Switch,0.0
Seasonal_Storage_System,2024-08-06T11:26:20.272Z,Water Plant,Drain,Drain High Level Switch,0.0
Seasonal_Storage_System,2024-08-06T11:27:20.299Z,Water Plant,Drain,Drain High Level Switch,0.0
Seasonal_Storage_System,2024-08-06T11:28:20.299Z,Water Plant,Drain,Drain High Level Switch,0.0
Seasonal_Storage_System,2024-08-06T11:29:20.3Z,Water Plant,Drain,Drain High Level Switch,0.0
Seasonal_Storage_System,2024-08-06T11:30:20.311Z,Water Plant,Drain,Drain High Level Switch,0.0
Seasonal_Storage_System,2024-08-06T11:31:20.303Z,Water Plant,Drain,Drain High Level Switch,0.0
Seasonal_Storage_System,2024-08-06T11:32:20.303Z,Water Plant,Drain,Drain High Level Switch,0.0
Seasonal_Storage_System,2024-08-06T11:33:20.302Z,Water Plant,Drain,Drain High Level Switch,0.0
Seasonal_Storage_System,2024-08-06T11:34:20.303Z,Water Plant,Drain,Drain High Level Switch,0.0
Seasonal_Storage_System,2024-08-06T11:35:20.303Z,Water Plant,Drain,Drain High Level Switch,0.0
Seasonal_Storage_System,2024-08-06T11:36:20.317Z,Water Plant,Drain,Drain High Level Switch,0.0
Seasonal_Storage_System,2024-08-06T11:37:20.308Z,Water Plant,Drain,Drain High Level Switch,0.0
Seasonal_Storage_System,2024-08-06T11:38:20.312Z,Water Plant,Drain,Drain High Level Switch,0.0
Seasonal_Storage_System,2024-08-06T11:39:20.308Z,Water Plant,Drain,Drain High Level Switch,0.0
Seasonal_Storage_System,2024-08-06T11:40:20.307Z,Water Plant,Drain,Drain High Level Switch,0.0
Seasonal_Storage_System,2024-08-06T11:41:20.313Z,Water Plant,Drain,Drain High Level Switch,0.0
Seasonal_Storage_System,2024-08-06T11:42:20.311Z,Water Plant,Drain,Drain High Level Switch,0.0
Seasonal_Storage_System,2024-08-06T11:43:20.315Z,Water Plant,Drain,Drain High Level Switch,0.0
Seasonal_Storage_System,2024-08-06T11:44:20.316Z,Water Plant,Drain,Drain High Level Switch,0.0
Seasonal_Storage_System,2024-08-06T11:45:20.313Z,Water Plant,Drain,Drain High Level Switch,0.0
Seasonal_Storage_System,2024-08-06T11:46:20.31Z,Water Plant,Drain,Drain High Level Switch,0.0
Seasonal_Storage_System,2024-08-06T11:47:20.31Z,Water Plant,Drain,Drain High Level Switch,0.0
Seasonal_Storage_System,2024-08-06T11:48:20.31Z,Water Plant,Drain,Drain High Level Switch,0.0
Seasonal_Storage_System,2024-08-06T11:49:20.311Z,Water Plant,Drain,Drain High Level Switch,0.0
Seasonal_Storage_System,2024-08-06T11:50:20.311Z,Water Plant,Drain,Drain High Level Switch,0.0
Seasonal_Storage_System,2024-08-06T11:51:20.346Z,Water Plant,Drain,Drain High Level Switch,0.0
Seasonal_Storage_System,2024-08-06T11:52:20.425Z,Water Plant,Drain,Drain High Level Switch,0.0
Seasonal_Storage_System,2024-08-06T11:53:20.37Z,Water Plant,Drain,Drain High Level Switch,0.0
Seasonal_Storage_System,2024-08-06T11:54:20.36Z,Water Plant,Drain,Drain High Level Switch,0.0
Seasonal_Storage_System,2024-08-06T11:55:20.359Z,Water Plant,Drain,Drain High Level Switch,0.0
Seasonal_Storage_System,2024-08-06T11:56:20.362Z,Water Plant,Drain,Drain High Level Switch,0.0
Seasonal_Storage_System,2024-08-06T11:57:20.358Z,Water Plant,Drain,Drain High Level Switch,0.0
Seasonal_Storage_System,2024-08-06T11:58:20.358Z,Water Plant,Drain,Drain High Level Switch,0.0
Seasonal_Storage_System,2024-08-06T11:59:20.359Z,Water Plant,Drain,Drain High Level Switch,0.0
Seasonal_Storage_System,2024-08-06T12:00:20.391Z,Water Plant,Drain,Drain High Level Switch,0.0
Seasonal_Storage_System,2024-08-06T12:01:20.428Z,Water Plant,Drain,Drain High Level Switch,0.0
Seasonal_Storage_System,2024-08-06T12:02:20.441Z,Water Plant,Drain,Drain High Level Switch,0.0
Seasonal_Storage_System,2024-08-06T12:03:20.432Z,Water Plant,Drain,Drain High Level Switch,0.0
Seasonal_Storage_System,2024-08-06T12:04:20.432Z,Water Plant,Drain,Drain High Level Switch,0.0
Seasonal_Storage_System,2024-08-06T12:05:20.442Z,Water Plant,Drain,Drain High Level Switch,0.0
Seasonal_Storage_System,2024-08-06T12:06:20.437Z,Water Plant,Drain,Drain High Level Switch,0.0
Seasonal_Storage_System,2024-08-06T12:07:20.438Z,Water Plant,Drain,Drain High Level Switch,0.0
Seasonal_Storage_System,2024-08-06T12:08:20.437Z,Water Plant,Drain,Drain High Level Switch,0.0
Seasonal_Storage_System,2024-08-06T12:09:20.436Z,Water Plant,Drain,Drain High Level Switch,0.0
Seasonal_Storage_System,2024-08-06T12:10:20.457Z,Water Plant,Drain,Drain High Level Switch,0.0
Seasonal_Storage_System,2024-08-06T12:11:20.486Z,Water Plant,Drain,Drain High Level Switch,0.0
Seasonal_Storage_System,2024-08-06T12:12:20.548Z,Water Plant,Drain,Drain High Level Switch,0.0
Seasonal_Storage_System,2024-08-06T12:13:20.492Z,Water Plant,Drain,Drain High Level Switch,0.0
Seasonal_Storage_System,2024-08-06T12:14:20.49Z,Water Plant,Drain,Drain High Level Switch,0.0
Seasonal_Storage_System,2024-08-06T12:15:20.489Z,Water Plant,Drain,Drain High Level Switch,0.0
Seasonal_Storage_System,2024-08-06T12:16:20.487Z,Water Plant,Drain,Drain High Level Switch,0.0
Seasonal_Storage_System,2024-08-06T12:17:20.496Z,Water Plant,Drain,Drain High Level Switch,0.0
Seasonal_Storage_System,2024-08-06T12:18:20.501Z,Water Plant,Drain,Drain High Level Switch,0.0
Seasonal_Storage_System,2024-08-06T12:19:20.5Z,Water Plant,Drain,Drain High Level Switch,0.0
Seasonal_Storage_System,2024-08-06T12:20:20.494Z,Water Plant,Drain,Drain High Level Switch,0.0
Seasonal_Storage_System,2024-08-06T12:21:20.492Z,Water Plant,Drain,Drain High Level Switch,0.0
Seasonal_Storage_System,2024-08-06T12:22:20.845Z,Water Plant,Drain,Drain High Level Switch,0.0
Seasonal_Storage_System,2024-08-06T12:23:20.69Z,Water Plant,Drain,Drain High Level Switch,0.0
Seasonal_Storage_System,2024-08-06T12:24:20.692Z,Water Plant,Drain,Drain High Level Switch,0.0
Seasonal_Storage_System,2024-08-06T12:25:20.691Z,Water Plant,Drain,Drain High Level Switch,0.0
Seasonal_Storage_System,2024-08-06T12:26:20.69Z,Water Plant,Drain,Drain High Level Switch,0.0
Seasonal_Storage_System,2024-08-06T12:27:20.728Z,Water Plant,Drain,Drain High Level Switch,0.0
Seasonal_Storage_System,2024-08-06T12:28:20.691Z,Water Plant,Drain,Drain High Level Switch,0.0
Seasonal_Storage_System,2024-08-06T12:29:20.693Z,Water Plant,Drain,Drain High Level Switch,0.0
Seasonal_Storage_System,2024-08-06T12:30:20.696Z,Water Plant,Drain,Drain High Level Switch,0.0
Seasonal_Storage_System,2024-08-06T12:31:20.697Z,Water Plant,Drain,Drain High Level Switch,0.0
Seasonal_Storage_System,2024-08-06T12:32:20.695Z,Water Plant,Drain,Drain High Level Switch,0.0
Seasonal_Storage_System,2024-08-06T12:33:20.695Z,Water Plant,Drain,Drain High Level Switch,0.0
Seasonal_Storage_System,2024-08-06T12:34:20.758Z,Water Plant,Drain,Drain High Level Switch,0.0
Seasonal_Storage_System,2024-08-06T12:35:20.755Z,Water Plant,Drain,Drain High Level Switch,0.0
Seasonal_Storage_System,2024-08-06T12:36:20.76Z,Water Plant,Drain,Drain High Level Switch,0.0
Seasonal_Storage_System,2024-08-06T12:37:20.78Z,Water Plant,Drain,Drain High Level Switch,0.0
Seasonal_Storage_System,2024-08-06T12:38:20.767Z,Water Plant,Drain,Drain High Level Switch,0.0
Seasonal_Storage_System,2024-08-06T12:39:20.766Z,Water Plant,Drain,Drain High Level Switch,0.0
Seasonal_Storage_System,2024-08-06T12:40:20.767Z,Water Plant,Drain,Drain High Level Switch,0.0
Seasonal_Storage_System,2024-08-06T12:41:20.768Z,Water Plant,Drain,Drain High Level Switch,0.0
Seasonal_Storage_System,2024-08-06T12:42:20.772Z,Water Plant,Drain,Drain High Level Switch,0.0
Seasonal_Storage_System,2024-08-06T12:43:20.78Z,Water Plant,Drain,Drain High Level Switch,0.0
Seasonal_Storage_System,2024-08-06T12:44:20.777Z,Water Plant,Drain,Drain High Level Switch,0.0
Seasonal_Storage_System,2024-08-06T12:45:20.796Z,Water Plant,Drain,Drain High Level Switch,0.0
Seasonal_Storage_System,2024-08-06T12:46:20.782Z,Water Plant,Drain,Drain High Level Switch,0.0
Seasonal_Storage_System,2024-08-06T12:47:20.78Z,Water Plant,Drain,Drain High Level Switch,0.0
Seasonal_Storage_System,2024-08-06T12:48:20.781Z,Water Plant,Drain,Drain High Level Switch,0.0
Seasonal_Storage_System,2024-08-06T12:49:20.781Z,Water Plant,Drain,Drain High Level Switch,0.0
Seasonal_Storage_System,2024-08-06T12:50:20.802Z,Water Plant,Drain,Drain High Level Switch,0.0
Seasonal_Storage_System,2024-08-06T12:51:20.802Z,Water Plant,Drain,Drain High Level Switch,0.0
Seasonal_Storage_System,2024-08-06T12:52:20.795Z,Water Plant,Drain,Drain High Level Switch,0.0
Seasonal_Storage_System,2024-08-06T12:53:20.794Z,Water Plant,Drain,Drain High Level Switch,0.0
Seasonal_Storage_System,2024-08-06T12:54:20.793Z,Water Plant,Drain,Drain High Level Switch,0.0
Seasonal_Storage_System,2024-08-06T12:55:20.793Z,Water Plant,Drain,Drain High Level Switch,0.0
Seasonal_Storage_System,2024-08-06T12:56:20.795Z,Water Plant,Drain,Drain High Level Switch,0.0
Seasonal_Storage_System,2024-08-06T12:57:20.818Z,Water Plant,Drain,Drain High Level Switch,0.0
Seasonal_Storage_System,2024-08-06T12:58:20.867Z,Water Plant,Drain,Drain High Level Switch,0.0
Seasonal_Storage_System,2024-08-06T12:59:20.814Z,Water Plant,Drain,Drain High Level Switch,0.0
Seasonal_Storage_System,2024-08-06T13:00:20.838Z,Water Plant,Drain,Drain High Level Switch,0.0
Seasonal_Storage_System,2024-08-06T13:01:20.838Z,Water Plant,Drain,Drain High Level Switch,0.0
Seasonal_Storage_System,2024-08-06T13:02:20.873Z,Water Plant,Drain,Drain High Level Switch,0.0
Seasonal_Storage_System,2024-08-06T13:03:20.928Z,Water Plant,Drain,Drain High Level Switch,0.0
Seasonal_Storage_System,2024-08-06T13:04:20.958Z,Water Plant,Drain,Drain High Level Switch,0.0
Seasonal_Storage_System,2024-08-06T13:05:20.938Z,Water Plant,Drain,Drain High Level Switch,0.0
Seasonal_Storage_System,2024-08-06T13:06:20.957Z,Water Plant,Drain,Drain High Level Switch,0.0
Seasonal_Storage_System,2024-08-06T13:07:20.954Z,Water Plant,Drain,Drain High Level Switch,0.0
Seasonal_Storage_System,2024-08-06T13:08:20.977Z,Water Plant,Drain,Drain High Level Switch,0.0
Seasonal_Storage_System,2024-08-06T13:09:21.018Z,Water Plant,Drain,Drain High Level Switch,0.0
Seasonal_Storage_System,2024-08-06T13:10:21.042Z,Water Plant,Drain,Drain High Level Switch,0.0
Seasonal_Storage_System,2024-08-06T13:11:21.052Z,Water Plant,Drain,Drain High Level Switch,0.0
Seasonal_Storage_System,2024-08-06T13:12:21.489Z,Water Plant,Drain,Drain High Level Switch,0.0
Seasonal_Storage_System,2024-08-06T13:13:21.299Z,Water Plant,Drain,Drain High Level Switch,0.0
Seasonal_Storage_System,2024-08-06T13:14:21.299Z,Water Plant,Drain,Drain High Level Switch,0.0
Seasonal_Storage_System,2024-08-06T13:15:21.299Z,Water Plant,Drain,Drain High Level Switch,0.0
Seasonal_Storage_System,2024-08-06T13:16:21.3Z,Water Plant,Drain,Drain High Level Switch,0.0
Seasonal_Storage_System,2024-08-06T13:17:21.3Z,Water Plant,Drain,Drain High Level Switch,0.0
Seasonal_Storage_System,2024-08-06T13:18:21.299Z,Water Plant,Drain,Drain High Level Switch,0.0
Seasonal_Storage_System,2024-08-06T13:19:21.312Z,Water Plant,Drain,Drain High Level Switch,0.0
Seasonal_Storage_System,2024-08-06T13:20:21.301Z,Water Plant,Drain,Drain High Level Switch,0.0
Seasonal_Storage_System,2024-08-06T13:21:21.301Z,Water Plant,Drain,Drain High Level Switch,0.0
Seasonal_Storage_System,2024-08-06T13:22:21.303Z,Water Plant,Drain,Drain High Level Switch,0.0
Seasonal_Storage_System,2024-08-06T13:23:21.31Z,Water Plant,Drain,Drain High Level Switch,0.0
Seasonal_Storage_System,2024-08-06T13:24:21.368Z,Water Plant,Drain,Drain High Level Switch,0.0
Seasonal_Storage_System,2024-08-06T13:25:21.365Z,Water Plant,Drain,Drain High Level Switch,0.0
Seasonal_Storage_System,2024-08-06T13:26:21.365Z,Water Plant,Drain,Drain High Level Switch,0.0
Seasonal_Storage_System,2024-08-06T13:27:21.366Z,Water Plant,Drain,Drain High Level Switch,0.0
Seasonal_Storage_System,2024-08-06T13:28:21.376Z,Water Plant,Drain,Drain High Level Switch,0.0
Seasonal_Storage_System,2024-08-06T13:29:21.373Z,Water Plant,Drain,Drain High Level Switch,0.0
Seasonal_Storage_System,2024-08-06T13:30:21.374Z,Water Plant,Drain,Drain High Level Switch,0.0
Seasonal_Storage_System,2024-08-06T13:31:21.374Z,Water Plant,Drain,Drain High Level Switch,0.0
Seasonal_Storage_System,2024-08-06T13:32:21.374Z,Water Plant,Drain,Drain High Level Switch,0.0
Seasonal_Storage_System,2024-08-06T13:33:21.374Z,Water Plant,Drain,Drain High Level Switch,0.0
Seasonal_Storage_System,2024-08-06T13:34:21.374Z,Water Plant,Drain,Drain High Level Switch,0.0
Seasonal_Storage_System,2024-08-06T13:35:21.373Z,Water Plant,Drain,Drain High Level Switch,0.0
Seasonal_Storage_System,2024-08-06T13:36:21.374Z,Water Plant,Drain,Drain High Level Switch,0.0
Seasonal_Storage_System,2024-08-06T13:37:21.374Z,Water Plant,Drain,Drain High Level Switch,0.0
Seasonal_Storage_System,2024-08-06T13:38:21.373Z,Water Plant,Drain,Drain High Level Switch,0.0
Seasonal_Storage_System,2024-08-06T13:39:21.373Z,Water Plant,Drain,Drain High Level Switch,0.0
Seasonal_Storage_System,2024-08-06T13:40:21.373Z,Water Plant,Drain,Drain High Level Switch,0.0
Seasonal_Storage_System,2024-08-06T13:41:21.379Z,Water Plant,Drain,Drain High Level Switch,0.0
Seasonal_Storage_System,2024-08-06T13:42:21.394Z,Water Plant,Drain,Drain High Level Switch,0.0
Seasonal_Storage_System,2024-08-06T13:43:21.392Z,Water Plant,Drain,Drain High Level Switch,0.0
Seasonal_Storage_System,2024-08-06T13:44:21.396Z,Water Plant,Drain,Drain High Level Switch,0.0
Seasonal_Storage_System,2024-08-06T13:45:21.394Z,Water Plant,Drain,Drain High Level Switch,0.0
Seasonal_Storage_System,2024-08-06T13:46:21.392Z,Water Plant,Drain,Drain High Level Switch,0.0
Seasonal_Storage_System,2024-08-06T13:47:21.393Z,Water Plant,Drain,Drain High Level Switch,0.0
Seasonal_Storage_System,2024-08-06T13:48:21.398Z,Water Plant,Drain,Drain High Level Switch,0.0
Seasonal_Storage_System,2024-08-06T13:49:21.395Z,Water Plant,Drain,Drain High Level Switch,0.0
Seasonal_Storage_System,2024-08-06T13:50:21.403Z,Water Plant,Drain,Drain High Level Switch,0.0
Seasonal_Storage_System,2024-08-06T13:51:21.395Z,Water Plant,Drain,Drain High Level Switch,0.0
Seasonal_Storage_System,2024-08-06T13:52:21.416Z,Water Plant,Drain,Drain High Level Switch,0.0
Seasonal_Storage_System,2024-08-06T13:53:21.42Z,Water Plant,Drain,Drain High Level Switch,0.0
Seasonal_Storage_System,2024-08-06T13:54:21.416Z,Water Plant,Drain,Drain High Level Switch,0.0
Seasonal_Storage_System,2024-08-06T13:55:21.416Z,Water Plant,Drain,Drain High Level Switch,0.0
Seasonal_Storage_System,2024-08-06T13:56:21.416Z,Water Plant,Drain,Drain High Level Switch,0.0
Seasonal_Storage_System,2024-08-06T13:57:21.417Z,Water Plant,Drain,Drain High Level Switch,0.0
Seasonal_Storage_System,2024-08-06T13:58:21.421Z,Water Plant,Drain,Drain High Level Switch,0.0
Seasonal_Storage_System,2024-08-06T13:59:21.421Z,Water Plant,Drain,Drain High Level Switch,0.0
Seasonal_Storage_System,2024-08-06T14:00:21.419Z,Water Plant,Drain,Drain High Level Switch,0.0
Seasonal_Storage_System,2024-08-06T14:01:21.427Z,Water Plant,Drain,Drain High Level Switch,0.0
Seasonal_Storage_System,2024-08-06T14:02:21.423Z,Water Plant,Drain,Drain High Level Switch,0.0
Seasonal_Storage_System,2024-08-06T14:03:21.552Z,Water Plant,Drain,Drain High Level Switch,0.0
Seasonal_Storage_System,2024-08-06T14:04:21.464Z,Water Plant,Drain,Drain High Level Switch,0.0
Seasonal_Storage_System,2024-08-06T14:05:21.465Z,Water Plant,Drain,Drain High Level Switch,0.0
Seasonal_Storage_System,2024-08-06T14:06:21.464Z,Water Plant,Drain,Drain High Level Switch,0.0
Seasonal_Storage_System,2024-08-06T14:07:21.465Z,Water Plant,Drain,Drain High Level Switch,0.0
Seasonal_Storage_System,2024-08-06T14:08:21.465Z,Water Plant,Drain,Drain High Level Switch,0.0
Seasonal_Storage_System,2024-08-06T14:09:21.464Z,Water Plant,Drain,Drain High Level Switch,0.0
Seasonal_Storage_System,2024-08-06T14:10:21.464Z,Water Plant,Drain,Drain High Level Switch,0.0
Seasonal_Storage_System,2024-08-06T14:11:21.464Z,Water Plant,Drain,Drain High Level Switch,0.0
Seasonal_Storage_System,2024-08-06T14:12:21.466Z,Water Plant,Drain,Drain High Level Switch,0.0
Seasonal_Storage_System,2024-08-06T14:13:21.465Z,Water Plant,Drain,Drain High Level Switch,0.0
Seasonal_Storage_System,2024-08-06T14:14:21.465Z,Water Plant,Drain,Drain High Level Switch,0.0
Seasonal_Storage_System,2024-08-06T14:15:21.466Z,Water Plant,Drain,Drain High Level Switch,0.0
Seasonal_Storage_System,2024-08-06T14:16:21.465Z,Water Plant,Drain,Drain High Level Switch,0.0
Seasonal_Storage_System,2024-08-06T14:17:21.465Z,Water Plant,Drain,Drain High Level Switch,0.0
Seasonal_Storage_System,2024-08-06T14:18:21.512Z,Water Plant,Drain,Drain High Level Switch,0.0
Seasonal_Storage_System,2024-08-06T14:19:21.509Z,Water Plant,Drain,Drain High Level Switch,0.0
Seasonal_Storage_System,2024-08-06T14:20:21.514Z,Water Plant,Drain,Drain High Level Switch,0.0
Seasonal_Storage_System,2024-08-06T14:21:21.522Z,Water Plant,Drain,Drain High Level Switch,0.0
Seasonal_Storage_System,2024-08-06T14:22:21.511Z,Water Plant,Drain,Drain High Level Switch,0.0
Seasonal_Storage_System,2024-08-06T14:23:21.512Z,Water Plant,Drain,Drain High Level Switch,0.0
Seasonal_Storage_System,2024-08-06T14:24:21.512Z,Water Plant,Drain,Drain High Level Switch,0.0
Seasonal_Storage_System,2024-08-06T14:25:21.513Z,Water Plant,Drain,Drain High Level Switch,0.0
Seasonal_Storage_System,2024-08-06T14:26:21.514Z,Water Plant,Drain,Drain High Level Switch,0.0
Seasonal_Storage_System,2024-08-06T14:27:21.514Z,Water Plant,Drain,Drain High Level Switch,0.0
Seasonal_Storage_System,2024-08-06T14:28:21.513Z,Water Plant,Drain,Drain High Level Switch,0.0
Seasonal_Storage_System,2024-08-06T14:29:21.53Z,Water Plant,Drain,Drain High Level Switch,0.0
Seasonal_Storage_System,2024-08-06T14:30:21.52Z,Water Plant,Drain,Drain High Level Switch,0.0
Seasonal_Storage_System,2024-08-06T14:31:21.521Z,Water Plant,Drain,Drain High Level Switch,0.0
Seasonal_Storage_System,2024-08-06T14:32:21.536Z,Water Plant,Drain,Drain High Level Switch,0.0
Seasonal_Storage_System,2024-08-06T14:33:21.534Z,Water Plant,Drain,Drain High Level Switch,0.0
Seasonal_Storage_System,2024-08-06T14:34:21.534Z,Water Plant,Drain,Drain High Level Switch,0.0
Seasonal_Storage_System,2024-08-06T14:35:21.541Z,Water Plant,Drain,Drain High Level Switch,0.0
Seasonal_Storage_System,2024-08-06T14:36:21.536Z,Water Plant,Drain,Drain High Level Switch,0.0
Seasonal_Storage_System,2024-08-06T14:37:21.541Z,Water Plant,Drain,Drain High Level Switch,0.0
Seasonal_Storage_System,2024-08-06T14:38:21.544Z,Water Plant,Drain,Drain High Level Switch,0.0
Seasonal_Storage_System,2024-08-06T14:39:21.537Z,Water Plant,Drain,Drain High Level Switch,0.0
Seasonal_Storage_System,2024-08-06T14:40:21.537Z,Water Plant,Drain,Drain High Level Switch,0.0
Seasonal_Storage_System,2024-08-06T14:41:21.541Z,Water Plant,Drain,Drain High Level Switch,0.0
Seasonal_Storage_System,2024-08-06T14:42:21.539Z,Water Plant,Drain,Drain High Level Switch,0.0
Seasonal_Storage_System,2024-08-06T14:43:21.541Z,Water Plant,Drain,Drain High Level Switch,0.0
Seasonal_Storage_System,2024-08-06T14:44:21.539Z,Water Plant,Drain,Drain High Level Switch,0.0
Seasonal_Storage_System,2024-08-06T14:45:21.564Z,Water Plant,Drain,Drain High Level Switch,0.0
Seasonal_Storage_System,2024-08-06T14:46:21.55Z,Water Plant,Drain,Drain High Level Switch,0.0
Seasonal_Storage_System,2024-08-06T14:47:21.564Z,Water Plant,Drain,Drain High Level Switch,0.0
Seasonal_Storage_System,2024-08-06T14:48:21.552Z,Water Plant,Drain,Drain High Level Switch,0.0
Seasonal_Storage_System,2024-08-06T14:49:21.553Z,Water Plant,Drain,Drain High Level Switch,0.0
Seasonal_Storage_System,2024-08-06T14:50:21.554Z,Water Plant,Drain,Drain High Level Switch,0.0
Seasonal_Storage_System,2024-08-06T14:51:21.601Z,Water Plant,Drain,Drain High Level Switch,0.0
Seasonal_Storage_System,2024-08-06T14:52:21.662Z,Water Plant,Drain,Drain High Level Switch,0.0
Seasonal_Storage_System,2024-08-06T14:53:21.657Z,Water Plant,Drain,Drain High Level Switch,0.0
Seasonal_Storage_System,2024-08-06T14:54:21.657Z,Water Plant,Drain,Drain High Level Switch,0.0
Seasonal_Storage_System,2024-08-06T14:55:21.669Z,Water Plant,Drain,Drain High Level Switch,0.0
Seasonal_Storage_System,2024-08-06T14:56:21.657Z,Water Plant,Drain,Drain High Level Switch,0.0
Seasonal_Storage_System,2024-08-06T14:57:21.66Z,Water Plant,Drain,Drain High Level Switch,0.0
Seasonal_Storage_System,2024-08-06T14:58:21.66Z,Water Plant,Drain,Drain High Level Switch,0.0
Seasonal_Storage_System,2024-08-06T14:59:21.661Z,Water Plant,Drain,Drain High Level Switch,0.0
Seasonal_Storage_System,2024-08-06T15:00:21.67Z,Water Plant,Drain,Drain High Level Switch,0.0
Seasonal_Storage_System,2024-08-06T15:01:21.666Z,Water Plant,Drain,Drain High Level Switch,0.0
Seasonal_Storage_System,2024-08-06T15:02:21.667Z,Water Plant,Drain,Drain High Level Switch,0.0
Seasonal_Storage_System,2024-08-06T15:03:21.67Z,Water Plant,Drain,Drain High Level Switch,0.0
Seasonal_Storage_System,2024-08-06T15:04:21.671Z,Water Plant,Drain,Drain High Level Switch,0.0
Seasonal_Storage_System,2024-08-06T15:05:21.669Z,Water Plant,Drain,Drain High Level Switch,0.0
Seasonal_Storage_System,2024-08-06T15:06:21.668Z,Water Plant,Drain,Drain High Level Switch,0.0
Seasonal_Storage_System,2024-08-06T15:07:21.669Z,Water Plant,Drain,Drain High Level Switch,0.0
Seasonal_Storage_System,2024-08-06T15:08:21.68Z,Water Plant,Drain,Drain High Level Switch,0.0
Seasonal_Storage_System,2024-08-06T15:09:21.673Z,Water Plant,Drain,Drain High Level Switch,0.0
Seasonal_Storage_System,2024-08-06T15:10:21.674Z,Water Plant,Drain,Drain High Level Switch,0.0
Seasonal_Storage_System,2024-08-06T15:11:21.673Z,Water Plant,Drain,Drain High Level Switch,0.0
Seasonal_Storage_System,2024-08-06T15:12:21.674Z,Water Plant,Drain,Drain High Level Switch,0.0
Seasonal_Storage_System,2024-08-06T15:13:21.685Z,Water Plant,Drain,Drain High Level Switch,0.0
Seasonal_Storage_System,2024-08-06T15:14:21.887Z,Water Plant,Drain,Drain High Level Switch,0.0
Seasonal_Storage_System,2024-08-06T15:15:21.7Z,Water Plant,Drain,Drain High Level Switch,0.0
Seasonal_Storage_System,2024-08-06T15:16:21.747Z,Water Plant,Drain,Drain High Level Switch,0.0
Seasonal_Storage_System,2024-08-06T15:17:21.806Z,Water Plant,Drain,Drain High Level Switch,0.0
Seasonal_Storage_System,2024-08-06T15:18:21.744Z,Water Plant,Drain,Drain High Level Switch,0.0
Seasonal_Storage_System,2024-08-06T15:19:21.743Z,Water Plant,Drain,Drain High Level Switch,0.0
Seasonal_Storage_System,2024-08-06T15:20:21.746Z,Water Plant,Drain,Drain High Level Switch,0.0
Seasonal_Storage_System,2024-08-06T15:21:21.746Z,Water Plant,Drain,Drain High Level Switch,0.0
Seasonal_Storage_System,2024-08-06T15:22:21.742Z,Water Plant,Drain,Drain High Level Switch,0.0
Seasonal_Storage_System,2024-08-06T15:23:21.743Z,Water Plant,Drain,Drain High Level Switch,0.0
Seasonal_Storage_System,2024-08-06T15:24:21.743Z,Water Plant,Drain,Drain High Level Switch,0.0
Seasonal_Storage_System,2024-08-06T15:25:21.816Z,Water Plant,Drain,Drain High Level Switch,0.0
Seasonal_Storage_System,2024-08-06T15:26:21.831Z,Water Plant,Drain,Drain High Level Switch,0.0
Seasonal_Storage_System,2024-08-06T15:27:21.932Z,Water Plant,Drain,Drain High Level Switch,0.0
Seasonal_Storage_System,2024-08-06T15:28:21.859Z,Water Plant,Drain,Drain High Level Switch,0.0
Seasonal_Storage_System,2024-08-06T15:29:21.867Z,Water Plant,Drain,Drain High Level Switch,0.0
Seasonal_Storage_System,2024-08-06T15:30:21.862Z,Water Plant,Drain,Drain High Level Switch,0.0
Seasonal_Storage_System,2024-08-06T15:31:21.888Z,Water Plant,Drain,Drain High Level Switch,0.0
Seasonal_Storage_System,2024-08-06T15:32:21.887Z,Water Plant,Drain,Drain High Level Switch,0.0
Seasonal_Storage_System,2024-08-06T15:33:21.87Z,Water Plant,Drain,Drain High Level Switch,0.0
Seasonal_Storage_System,2024-08-06T15:34:21.87Z,Water Plant,Drain,Drain High Level Switch,0.0
Seasonal_Storage_System,2024-08-06T15:35:21.871Z,Water Plant,Drain,Drain High Level Switch,0.0
Seasonal_Storage_System,2024-08-06T15:36:21.876Z,Water Plant,Drain,Drain High Level Switch,0.0
Seasonal_Storage_System,2024-08-06T15:37:21.872Z,Water Plant,Drain,Drain High Level Switch,0.0
Seasonal_Storage_System,2024-08-06T15:38:21.872Z,Water Plant,Drain,Drain High Level Switch,0.0
Seasonal_Storage_System,2024-08-06T15:39:21.872Z,Water Plant,Drain,Drain High Level Switch,0.0
Seasonal_Storage_System,2024-08-06T15:40:21.952Z,Water Plant,Drain,Drain High Level Switch,0.0
Seasonal_Storage_System,2024-08-06T15:41:21.911Z,Water Plant,Drain,Drain High Level Switch,0.0
Seasonal_Storage_System,2024-08-06T15:42:21.898Z,Water Plant,Drain,Drain High Level Switch,0.0
Seasonal_Storage_System,2024-08-06T15:43:21.897Z,Water Plant,Drain,Drain High Level Switch,0.0
Seasonal_Storage_System,2024-08-06T15:44:21.923Z,Water Plant,Drain,Drain High Level Switch,0.0
Seasonal_Storage_System,2024-08-06T15:45:21.934Z,Water Plant,Drain,Drain High Level Switch,0.0
Seasonal_Storage_System,2024-08-06T15:46:21.979Z,Water Plant,Drain,Drain High Level Switch,0.0
Seasonal_Storage_System,2024-08-06T15:47:22.083Z,Water Plant,Drain,Drain High Level Switch,0.0
Seasonal_Storage_System,2024-08-06T15:48:22.126Z,Water Plant,Drain,Drain High Level Switch,0.0
Seasonal_Storage_System,2024-08-06T15:49:22.076Z,Water Plant,Drain,Drain High Level Switch,0.0
Seasonal_Storage_System,2024-08-06T15:50:22.074Z,Water Plant,Drain,Drain High Level Switch,0.0
Seasonal_Storage_System,2024-08-06T15:51:22.069Z,Water Plant,Drain,Drain High Level Switch,0.0
Seasonal_Storage_System,2024-08-06T15:52:22.081Z,Water Plant,Drain,Drain High Level Switch,0.0
Seasonal_Storage_System,2024-08-06T15:53:22.075Z,Water Plant,Drain,Drain High Level Switch,0.0
Seasonal_Storage_System,2024-08-06T15:54:22.077Z,Water Plant,Drain,Drain High Level Switch,0.0
Seasonal_Storage_System,2024-08-06T15:55:22.074Z,Water Plant,Drain,Drain High Level Switch,0.0
Seasonal_Storage_System,2024-08-06T15:56:22.116Z,Water Plant,Drain,Drain High Level Switch,0.0
Seasonal_Storage_System,2024-08-06T15:57:22.129Z,Water Plant,Drain,Drain High Level Switch,0.0
Seasonal_Storage_System,2024-08-06T15:58:22.124Z,Water Plant,Drain,Drain High Level Switch,0.0
Seasonal_Storage_System,2024-08-06T15:59:22.159Z,Water Plant,Drain,Drain High Level Switch,0.0
Seasonal_Storage_System,2024-08-06T16:00:22.137Z,Water Plant,Drain,Drain High Level Switch,0.0
Seasonal_Storage_System,2024-08-06T16:01:22.208Z,Water Plant,Drain,Drain High Level Switch,0.0
Seasonal_Storage_System,2024-08-06T16:02:22.166Z,Water Plant,Drain,Drain High Level Switch,0.0
Seasonal_Storage_System,2024-08-06T16:03:22.167Z,Water Plant,Drain,Drain High Level Switch,0.0
Seasonal_Storage_System,2024-08-06T16:04:22.164Z,Water Plant,Drain,Drain High Level Switch,0.0
Seasonal_Storage_System,2024-08-06T16:05:22.172Z,Water Plant,Drain,Drain High Level Switch,0.0
Seasonal_Storage_System,2024-08-06T16:06:22.2Z,Water Plant,Drain,Drain High Level Switch,0.0
Seasonal_Storage_System,2024-08-06T16:07:22.245Z,Water Plant,Drain,Drain High Level Switch,0.0
Seasonal_Storage_System,2024-08-06T16:08:22.262Z,Water Plant,Drain,Drain High Level Switch,0.0
Seasonal_Storage_System,2024-08-06T16:09:22.251Z,Water Plant,Drain,Drain High Level Switch,0.0
Seasonal_Storage_System,2024-08-06T16:10:22.252Z,Water Plant,Drain,Drain High Level Switch,0.0
Seasonal_Storage_System,2024-08-06T16:11:22.252Z,Water Plant,Drain,Drain High Level Switch,0.0
Seasonal_Storage_System,2024-08-06T16:12:22.25Z,Water Plant,Drain,Drain High Level Switch,0.0
Seasonal_Storage_System,2024-08-06T16:13:22.264Z,Water Plant,Drain,Drain High Level Switch,0.0
Seasonal_Storage_System,2024-08-06T16:14:22.252Z,Water Plant,Drain,Drain High Level Switch,0.0
Seasonal_Storage_System,2024-08-06T16:15:22.256Z,Water Plant,Drain,Drain High Level Switch,0.0
Seasonal_Storage_System,2024-08-06T16:16:22.318Z,Water Plant,Drain,Drain High Level Switch,0.0
Seasonal_Storage_System,2024-08-06T16:17:22.349Z,Water Plant,Drain,Drain High Level Switch,0.0
Seasonal_Storage_System,2024-08-06T16:18:22.374Z,Water Plant,Drain,Drain High Level Switch,0.0
Seasonal_Storage_System,2024-08-06T16:19:22.474Z,Water Plant,Drain,Drain High Level Switch,0.0
Seasonal_Storage_System,2024-08-06T16:20:22.528Z,Water Plant,Drain,Drain High Level Switch,0.0
Seasonal_Storage_System,2024-08-06T16:21:22.56Z,Water Plant,Drain,Drain High Level Switch,0.0
Seasonal_Storage_System,2024-08-06T16:22:22.602Z,Water Plant,Drain,Drain High Level Switch,0.0
Seasonal_Storage_System,2024-08-06T16:23:22.657Z,Water Plant,Drain,Drain High Level Switch,0.0
Seasonal_Storage_System,2024-08-06T16:24:22.659Z,Water Plant,Drain,Drain High Level Switch,0.0
Seasonal_Storage_System,2024-08-06T16:25:22.656Z,Water Plant,Drain,Drain High Level Switch,0.0
Seasonal_Storage_System,2024-08-06T16:26:22.657Z,Water Plant,Drain,Drain High Level Switch,0.0
Seasonal_Storage_System,2024-08-06T16:27:22.656Z,Water Plant,Drain,Drain High Level Switch,0.0
Seasonal_Storage_System,2024-08-06T16:28:22.656Z,Water Plant,Drain,Drain High Level Switch,0.0
Seasonal_Storage_System,2024-08-06T16:29:22.659Z,Water Plant,Drain,Drain High Level Switch,0.0
Seasonal_Storage_System,2024-08-06T16:30:22.663Z,Water Plant,Drain,Drain High Level Switch,0.0
Seasonal_Storage_System,2024-08-06T16:31:22.66Z,Water Plant,Drain,Drain High Level Switch,0.0
Seasonal_Storage_System,2024-08-06T16:32:22.667Z,Water Plant,Drain,Drain High Level Switch,0.0
Seasonal_Storage_System,2024-08-06T16:33:22.661Z,Water Plant,Drain,Drain High Level Switch,0.0
Seasonal_Storage_System,2024-08-06T16:34:22.663Z,Water Plant,Drain,Drain High Level Switch,0.0
Seasonal_Storage_System,2024-08-06T16:35:22.704Z,Water Plant,Drain,Drain High Level Switch,0.0
Seasonal_Storage_System,2024-08-06T16:36:22.665Z,Water Plant,Drain,Drain High Level Switch,0.0
Seasonal_Storage_System,2024-08-06T16:37:22.689Z,Water Plant,Drain,Drain High Level Switch,0.0
Seasonal_Storage_System,2024-08-06T16:38:22.692Z,Water Plant,Drain,Drain High Level Switch,0.0
Seasonal_Storage_System,2024-08-06T16:39:22.763Z,Water Plant,Drain,Drain High Level Switch,0.0
Seasonal_Storage_System,2024-08-06T16:40:22.695Z,Water Plant,Drain,Drain High Level Switch,0.0
Seasonal_Storage_System,2024-08-06T16:41:22.694Z,Water Plant,Drain,Drain High Level Switch,0.0
Seasonal_Storage_System,2024-08-06T16:42:22.694Z,Water Plant,Drain,Drain High Level Switch,0.0
Seasonal_Storage_System,2024-08-06T16:43:22.694Z,Water Plant,Drain,Drain High Level Switch,0.0
Seasonal_Storage_System,2024-08-06T16:44:22.695Z,Water Plant,Drain,Drain High Level Switch,0.0
Seasonal_Storage_System,2024-08-06T16:45:22.696Z,Water Plant,Drain,Drain High Level Switch,0.0
Seasonal_Storage_System,2024-08-06T16:46:22.695Z,Water Plant,Drain,Drain High Level Switch,0.0
Seasonal_Storage_System,2024-08-06T16:47:22.7Z,Water Plant,Drain,Drain High Level Switch,0.0
Seasonal_Storage_System,2024-08-06T16:48:22.754Z,Water Plant,Drain,Drain High Level Switch,0.0
Seasonal_Storage_System,2024-08-06T16:49:22.752Z,Water Plant,Drain,Drain High Level Switch,0.0
Seasonal_Storage_System,2024-08-06T16:50:22.746Z,Water Plant,Drain,Drain High Level Switch,0.0
Seasonal_Storage_System,2024-08-06T16:51:22.747Z,Water Plant,Drain,Drain High Level Switch,0.0
Seasonal_Storage_System,2024-08-06T16:52:22.747Z,Water Plant,Drain,Drain High Level Switch,0.0
Seasonal_Storage_System,2024-08-06T16:53:22.764Z,Water Plant,Drain,Drain High Level Switch,0.0
Seasonal_Storage_System,2024-08-06T16:54:22.75Z,Water Plant,Drain,Drain High Level Switch,0.0
Seasonal_Storage_System,2024-08-06T16:55:22.77Z,Water Plant,Drain,Drain High Level Switch,0.0
Seasonal_Storage_System,2024-08-06T16:56:22.757Z,Water Plant,Drain,Drain High Level Switch,0.0
Seasonal_Storage_System,2024-08-06T16:57:22.753Z,Water Plant,Drain,Drain High Level Switch,0.0
Seasonal_Storage_System,2024-08-06T16:58:22.764Z,Water Plant,Drain,Drain High Level Switch,0.0
Seasonal_Storage_System,2024-08-06T16:59:22.754Z,Water Plant,Drain,Drain High Level Switch,0.0
Seasonal_Storage_System,2024-08-06T17:00:22.768Z,Water Plant,Drain,Drain High Level Switch,0.0
Seasonal_Storage_System,2024-08-06T17:01:22.762Z,Water Plant,Drain,Drain High Level Switch,0.0
Seasonal_Storage_System,2024-08-06T17:02:22.819Z,Water Plant,Drain,Drain High Level Switch,0.0
Seasonal_Storage_System,2024-08-06T17:03:22.839Z,Water Plant,Drain,Drain High Level Switch,0.0
Seasonal_Storage_System,2024-08-06T17:04:22.839Z,Water Plant,Drain,Drain High Level Switch,0.0
Seasonal_Storage_System,2024-08-06T17:05:22.84Z,Water Plant,Drain,Drain High Level Switch,0.0
Seasonal_Storage_System,2024-08-06T17:06:22.838Z,Water Plant,Drain,Drain High Level Switch,0.0
Seasonal_Storage_System,2024-08-06T17:07:22.838Z,Water Plant,Drain,Drain High Level Switch,0.0
Seasonal_Storage_System,2024-08-06T17:08:22.838Z,Water Plant,Drain,Drain High Level Switch,0.0
Seasonal_Storage_System,2024-08-06T17:09:22.846Z,Water Plant,Drain,Drain High Level Switch,0.0
Seasonal_Storage_System,2024-08-06T17:10:22.951Z,Water Plant,Drain,Drain High Level Switch,0.0
Seasonal_Storage_System,2024-08-06T17:11:22.89Z,Water Plant,Drain,Drain High Level Switch,0.0
Seasonal_Storage_System,2024-08-06T17:12:22.888Z,Water Plant,Drain,Drain High Level Switch,0.0
Seasonal_Storage_System,2024-08-06T17:13:22.966Z,Water Plant,Drain,Drain High Level Switch,0.0
Seasonal_Storage_System,2024-08-06T17:14:22.977Z,Water Plant,Drain,Drain High Level Switch,0.0
Seasonal_Storage_System,2024-08-06T17:15:23.049Z,Water Plant,Drain,Drain High Level Switch,0.0
Seasonal_Storage_System,2024-08-06T17:16:23.029Z,Water Plant,Drain,Drain High Level Switch,0.0
Seasonal_Storage_System,2024-08-06T17:17:23.03Z,Water Plant,Drain,Drain High Level Switch,0.0
Seasonal_Storage_System,2024-08-06T17:18:23.031Z,Water Plant,Drain,Drain High Level Switch,0.0
Seasonal_Storage_System,2024-08-06T17:19:23.03Z,Water Plant,Drain,Drain High Level Switch,0.0
Seasonal_Storage_System,2024-08-06T17:20:23.03Z,Water Plant,Drain,Drain High Level Switch,0.0
Seasonal_Storage_System,2024-08-06T17:21:23.031Z,Water Plant,Drain,Drain High Level Switch,0.0
Seasonal_Storage_System,2024-08-06T17:22:23.034Z,Water Plant,Drain,Drain High Level Switch,0.0
Seasonal_Storage_System,2024-08-06T17:23:23.044Z,Water Plant,Drain,Drain High Level Switch,0.0
Seasonal_Storage_System,2024-08-06T17:24:23.077Z,Water Plant,Drain,Drain High Level Switch,0.0
Seasonal_Storage_System,2024-08-06T17:25:23.056Z,Water Plant,Drain,Drain High Level Switch,0.0
Seasonal_Storage_System,2024-08-06T17:26:23.063Z,Water Plant,Drain,Drain High Level Switch,0.0
Seasonal_Storage_System,2024-08-06T17:27:23.055Z,Water Plant,Drain,Drain High Level Switch,0.0
Seasonal_Storage_System,2024-08-06T17:28:23.054Z,Water Plant,Drain,Drain High Level Switch,0.0
Seasonal_Storage_System,2024-08-06T17:29:23.067Z,Water Plant,Drain,Drain High Level Switch,0.0
Seasonal_Storage_System,2024-08-06T17:30:23.065Z,Water Plant,Drain,Drain High Level Switch,0.0
Seasonal_Storage_System,2024-08-06T17:31:23.066Z,Water Plant,Drain,Drain High Level Switch,0.0
Seasonal_Storage_System,2024-08-06T17:32:23.086Z,Water Plant,Drain,Drain High Level Switch,0.0
Seasonal_Storage_System,2024-08-06T17:33:23.157Z,Water Plant,Drain,Drain High Level Switch,0.0
Seasonal_Storage_System,2024-08-06T17:34:23.102Z,Water Plant,Drain,Drain High Level Switch,0.0
Seasonal_Storage_System,2024-08-06T17:35:23.122Z,Water Plant,Drain,Drain High Level Switch,0.0
Seasonal_Storage_System,2024-08-06T17:36:23.109Z,Water Plant,Drain,Drain High Level Switch,0.0
Seasonal_Storage_System,2024-08-06T17:37:23.109Z,Water Plant,Drain,Drain High Level Switch,0.0
Seasonal_Storage_System,2024-08-06T17:38:23.111Z,Water Plant,Drain,Drain High Level Switch,0.0
Seasonal_Storage_System,2024-08-06T17:39:23.148Z,Water Plant,Drain,Drain High Level Switch,0.0
Seasonal_Storage_System,2024-08-06T17:40:23.149Z,Water Plant,Drain,Drain High Level Switch,0.0
Seasonal_Storage_System,2024-08-06T17:41:23.13Z,Water Plant,Drain,Drain High Level Switch,0.0
Seasonal_Storage_System,2024-08-06T17:42:23.138Z,Water Plant,Drain,Drain High Level Switch,0.0
Seasonal_Storage_System,2024-08-06T17:43:23.153Z,Water Plant,Drain,Drain High Level Switch,0.0
Seasonal_Storage_System,2024-08-06T17:44:23.165Z,Water Plant,Drain,Drain High Level Switch,0.0
Seasonal_Storage_System,2024-08-06T17:45:23.188Z,Water Plant,Drain,Drain High Level Switch,0.0
Seasonal_Storage_System,2024-08-06T17:46:23.282Z,Water Plant,Drain,Drain High Level Switch,0.0
Seasonal_Storage_System,2024-08-06T17:47:23.28Z,Water Plant,Drain,Drain High Level Switch,0.0
Seasonal_Storage_System,2024-08-06T17:48:23.324Z,Water Plant,Drain,Drain High Level Switch,0.0
Seasonal_Storage_System,2024-08-06T17:49:23.309Z,Water Plant,Drain,Drain High Level Switch,0.0
Seasonal_Storage_System,2024-08-06T17:50:23.312Z,Water Plant,Drain,Drain High Level Switch,0.0
Seasonal_Storage_System,2024-08-06T17:51:23.31Z,Water Plant,Drain,Drain High Level Switch,0.0
Seasonal_Storage_System,2024-08-06T17:52:23.31Z,Water Plant,Drain,Drain High Level Switch,0.0
Seasonal_Storage_System,2024-08-06T17:53:23.313Z,Water Plant,Drain,Drain High Level Switch,0.0
Seasonal_Storage_System,2024-08-06T17:54:23.311Z,Water Plant,Drain,Drain High Level Switch,0.0
Seasonal_Storage_System,2024-08-06T17:55:23.312Z,Water Plant,Drain,Drain High Level Switch,0.0
Seasonal_Storage_System,2024-08-06T17:56:23.311Z,Water Plant,Drain,Drain High Level Switch,0.0
Seasonal_Storage_System,2024-08-06T17:57:23.345Z,Water Plant,Drain,Drain High Level Switch,0.0
Seasonal_Storage_System,2024-08-06T17:58:23.359Z,Water Plant,Drain,Drain High Level Switch,0.0
Seasonal_Storage_System,2024-08-06T17:59:23.4Z,Water Plant,Drain,Drain High Level Switch,0.0
Seasonal_Storage_System,2024-08-06T18:00:23.405Z,Water Plant,Drain,Drain High Level Switch,0.0
Seasonal_Storage_System,2024-08-06T18:01:23.4Z,Water Plant,Drain,Drain High Level Switch,0.0
Seasonal_Storage_System,2024-08-06T18:02:23.405Z,Water Plant,Drain,Drain High Level Switch,0.0
Seasonal_Storage_System,2024-08-06T18:03:23.428Z,Water Plant,Drain,Drain High Level Switch,0.0
Seasonal_Storage_System,2024-08-06T18:04:23.409Z,Water Plant,Drain,Drain High Level Switch,0.0
Seasonal_Storage_System,2024-08-06T18:05:23.416Z,Water Plant,Drain,Drain High Level Switch,0.0
Seasonal_Storage_System,2024-08-06T18:06:23.417Z,Water Plant,Drain,Drain High Level Switch,0.0
Seasonal_Storage_System,2024-08-06T18:07:23.414Z,Water Plant,Drain,Drain High Level Switch,0.0
Seasonal_Storage_System,2024-08-06T18:08:23.489Z,Water Plant,Drain,Drain High Level Switch,0.0
Seasonal_Storage_System,2024-08-06T18:09:23.497Z,Water Plant,Drain,Drain High Level Switch,0.0
Seasonal_Storage_System,2024-08-06T18:10:23.571Z,Water Plant,Drain,Drain High Level Switch,0.0
Seasonal_Storage_System,2024-08-06T18:11:23.494Z,Water Plant,Drain,Drain High Level Switch,0.0
Seasonal_Storage_System,2024-08-06T18:12:23.492Z,Water Plant,Drain,Drain High Level Switch,0.0
Seasonal_Storage_System,2024-08-06T18:13:23.486Z,Water Plant,Drain,Drain High Level Switch,0.0
Seasonal_Storage_System,2024-08-06T18:14:23.488Z,Water Plant,Drain,Drain High Level Switch,0.0
Seasonal_Storage_System,2024-08-06T18:15:23.486Z,Water Plant,Drain,Drain High Level Switch,0.0
Seasonal_Storage_System,2024-08-06T18:16:23.502Z,Water Plant,Drain,Drain High Level Switch,0.0
Seasonal_Storage_System,2024-08-06T18:17:23.549Z,Water Plant,Drain,Drain High Level Switch,0.0
Seasonal_Storage_System,2024-08-06T18:18:23.583Z,Water Plant,Drain,Drain High Level Switch,0.0
Seasonal_Storage_System,2024-08-06T18:19:23.604Z,Water Plant,Drain,Drain High Level Switch,0.0
Seasonal_Storage_System,2024-08-06T18:20:23.73Z,Water Plant,Drain,Drain High Level Switch,0.0
Seasonal_Storage_System,2024-08-06T18:21:23.806Z,Water Plant,Drain,Drain High Level Switch,0.0
Seasonal_Storage_System,2024-08-06T18:22:23.729Z,Water Plant,Drain,Drain High Level Switch,0.0
Seasonal_Storage_System,2024-08-06T18:23:23.738Z,Water Plant,Drain,Drain High Level Switch,0.0
Seasonal_Storage_System,2024-08-06T18:24:23.74Z,Water Plant,Drain,Drain High Level Switch,0.0
Seasonal_Storage_System,2024-08-06T18:25:23.728Z,Water Plant,Drain,Drain High Level Switch,0.0
Seasonal_Storage_System,2024-08-06T18:26:23.738Z,Water Plant,Drain,Drain High Level Switch,0.0
Seasonal_Storage_System,2024-08-06T18:27:23.75Z,Water Plant,Drain,Drain High Level Switch,0.0
Seasonal_Storage_System,2024-08-06T18:28:23.765Z,Water Plant,Drain,Drain High Level Switch,0.0
Seasonal_Storage_System,2024-08-06T18:29:23.812Z,Water Plant,Drain,Drain High Level Switch,0.0
Seasonal_Storage_System,2024-08-06T18:30:23.874Z,Water Plant,Drain,Drain High Level Switch,0.0
Seasonal_Storage_System,2024-08-06T18:31:23.82Z,Water Plant,Drain,Drain High Level Switch,0.0
Seasonal_Storage_System,2024-08-06T18:32:23.806Z,Water Plant,Drain,Drain High Level Switch,0.0
Seasonal_Storage_System,2024-08-06T18:33:23.801Z,Water Plant,Drain,Drain High Level Switch,0.0
Seasonal_Storage_System,2024-08-06T18:34:23.798Z,Water Plant,Drain,Drain High Level Switch,0.0
Seasonal_Storage_System,2024-08-06T18:35:23.812Z,Water Plant,Drain,Drain High Level Switch,0.0
Seasonal_Storage_System,2024-08-06T18:36:23.823Z,Water Plant,Drain,Drain High Level Switch,0.0
Seasonal_Storage_System,2024-08-06T18:37:23.822Z,Water Plant,Drain,Drain High Level Switch,0.0
Seasonal_Storage_System,2024-08-06T18:38:23.881Z,Water Plant,Drain,Drain High Level Switch,0.0
Seasonal_Storage_System,2024-08-06T18:39:23.868Z,Water Plant,Drain,Drain High Level Switch,0.0
Seasonal_Storage_System,2024-08-06T18:40:23.893Z,Water Plant,Drain,Drain High Level Switch,0.0
Seasonal_Storage_System,2024-08-06T18:41:23.852Z,Water Plant,Drain,Drain High Level Switch,0.0
Seasonal_Storage_System,2024-08-06T18:42:23.911Z,Water Plant,Drain,Drain High Level Switch,0.0
Seasonal_Storage_System,2024-08-06T18:43:23.899Z,Water Plant,Drain,Drain High Level Switch,0.0
Seasonal_Storage_System,2024-08-06T18:44:23.93Z,Water Plant,Drain,Drain High Level Switch,0.0
Seasonal_Storage_System,2024-08-06T18:45:23.957Z,Water Plant,Drain,Drain High Level Switch,0.0
Seasonal_Storage_System,2024-08-06T18:46:24.009Z,Water Plant,Drain,Drain High Level Switch,0.0
Seasonal_Storage_System,2024-08-06T18:47:24.057Z,Water Plant,Drain,Drain High Level Switch,0.0
Seasonal_Storage_System,2024-08-06T18:48:24.104Z,Water Plant,Drain,Drain High Level Switch,0.0
Seasonal_Storage_System,2024-08-06T18:49:24.174Z,Water Plant,Drain,Drain High Level Switch,0.0
Seasonal_Storage_System,2024-08-06T18:50:24.229Z,Water Plant,Drain,Drain High Level Switch,0.0
Seasonal_Storage_System,2024-08-06T18:51:24.298Z,Water Plant,Drain,Drain High Level Switch,0.0
Seasonal_Storage_System,2024-08-06T18:52:24.229Z,Water Plant,Drain,Drain High Level Switch,0.0
Seasonal_Storage_System,2024-08-06T18:53:24.258Z,Water Plant,Drain,Drain High Level Switch,0.0
Seasonal_Storage_System,2024-08-06T18:54:24.232Z,Water Plant,Drain,Drain High Level Switch,0.0
Seasonal_Storage_System,2024-08-06T18:55:24.246Z,Water Plant,Drain,Drain High Level Switch,0.0
Seasonal_Storage_System,2024-08-06T18:56:24.237Z,Water Plant,Drain,Drain High Level Switch,0.0
Seasonal_Storage_System,2024-08-06T18:57:24.231Z,Water Plant,Drain,Drain High Level Switch,0.0
Seasonal_Storage_System,2024-08-06T18:58:24.246Z,Water Plant,Drain,Drain High Level Switch,0.0
Seasonal_Storage_System,2024-08-06T18:59:24.266Z,Water Plant,Drain,Drain High Level Switch,0.0
Seasonal_Storage_System,2024-08-06T19:00:24.315Z,Water Plant,Drain,Drain High Level Switch,0.0
Seasonal_Storage_System,2024-08-06T19:01:24.388Z,Water Plant,Drain,Drain High Level Switch,0.0
Seasonal_Storage_System,2024-08-06T19:02:24.32Z,Water Plant,Drain,Drain High Level Switch,0.0
Seasonal_Storage_System,2024-08-06T19:03:24.32Z,Water Plant,Drain,Drain High Level Switch,0.0
Seasonal_Storage_System,2024-08-06T19:04:24.329Z,Water Plant,Drain,Drain High Level Switch,0.0
Seasonal_Storage_System,2024-08-06T19:05:24.338Z,Water Plant,Drain,Drain High Level Switch,0.0
Seasonal_Storage_System,2024-08-06T19:06:24.327Z,Water Plant,Drain,Drain High Level Switch,0.0
Seasonal_Storage_System,2024-08-06T19:07:24.323Z,Water Plant,Drain,Drain High Level Switch,0.0
Seasonal_Storage_System,2024-08-06T19:08:24.325Z,Water Plant,Drain,Drain High Level Switch,0.0
Seasonal_Storage_System,2024-08-06T19:09:24.321Z,Water Plant,Drain,Drain High Level Switch,0.0
Seasonal_Storage_System,2024-08-06T19:10:24.354Z,Water Plant,Drain,Drain High Level Switch,0.0
Seasonal_Storage_System,2024-08-06T19:11:24.41Z,Water Plant,Drain,Drain High Level Switch,0.0
Seasonal_Storage_System,2024-08-06T19:12:24.409Z,Water Plant,Drain,Drain High Level Switch,0.0
Seasonal_Storage_System,2024-08-06T19:13:24.414Z,Water Plant,Drain,Drain High Level Switch,0.0
Seasonal_Storage_System,2024-08-06T19:14:24.422Z,Water Plant,Drain,Drain High Level Switch,0.0
Seasonal_Storage_System,2024-08-06T19:15:24.349Z,Water Plant,Drain,Drain High Level Switch,0.0
Seasonal_Storage_System,2024-08-06T19:16:24.349Z,Water Plant,Drain,Drain High Level Switch,0.0
Seasonal_Storage_System,2024-08-06T19:17:24.35Z,Water Plant,Drain,Drain High Level Switch,0.0
Seasonal_Storage_System,2024-08-06T19:18:24.353Z,Water Plant,Drain,Drain High Level Switch,0.0
Seasonal_Storage_System,2024-08-06T19:19:24.351Z,Water Plant,Drain,Drain High Level Switch,0.0
Seasonal_Storage_System,2024-08-06T19:20:24.351Z,Water Plant,Drain,Drain High Level Switch,0.0
Seasonal_Storage_System,2024-08-06T19:21:24.35Z,Water Plant,Drain,Drain High Level Switch,0.0
Seasonal_Storage_System,2024-08-06T19:22:24.433Z,Water Plant,Drain,Drain High Level Switch,0.0
Seasonal_Storage_System,2024-08-06T19:23:24.427Z,Water Plant,Drain,Drain High Level Switch,0.0
Seasonal_Storage_System,2024-08-06T19:24:24.427Z,Water Plant,Drain,Drain High Level Switch,0.0
Seasonal_Storage_System,2024-08-06T19:25:24.425Z,Water Plant,Drain,Drain High Level Switch,0.0
Seasonal_Storage_System,2024-08-06T19:26:24.427Z,Water Plant,Drain,Drain High Level Switch,0.0
Seasonal_Storage_System,2024-08-06T19:27:24.423Z,Water Plant,Drain,Drain High Level Switch,0.0
Seasonal_Storage_System,2024-08-06T19:28:24.429Z,Water Plant,Drain,Drain High Level Switch,0.0
Seasonal_Storage_System,2024-08-06T19:29:24.423Z,Water Plant,Drain,Drain High Level Switch,0.0
Seasonal_Storage_System,2024-08-06T19:30:24.431Z,Water Plant,Drain,Drain High Level Switch,0.0
Seasonal_Storage_System,2024-08-06T19:31:24.481Z,Water Plant,Drain,Drain High Level Switch,0.0
Seasonal_Storage_System,2024-08-06T19:32:24.497Z,Water Plant,Drain,Drain High Level Switch,0.0
Seasonal_Storage_System,2024-08-06T19:33:24.516Z,Water Plant,Drain,Drain High Level Switch,0.0
Seasonal_Storage_System,2024-08-06T19:34:24.533Z,Water Plant,Drain,Drain High Level Switch,0.0
Seasonal_Storage_System,2024-08-06T19:35:24.546Z,Water Plant,Drain,Drain High Level Switch,0.0
Seasonal_Storage_System,2024-08-06T19:36:24.569Z,Water Plant,Drain,Drain High Level Switch,0.0
Seasonal_Storage_System,2024-08-06T19:37:24.572Z,Water Plant,Drain,Drain High Level Switch,0.0
Seasonal_Storage_System,2024-08-06T19:38:24.616Z,Water Plant,Drain,Drain High Level Switch,0.0
Seasonal_Storage_System,2024-08-06T19:39:24.628Z,Water Plant,Drain,Drain High Level Switch,0.0
Seasonal_Storage_System,2024-08-06T19:40:24.632Z,Water Plant,Drain,Drain High Level Switch,0.0
Seasonal_Storage_System,2024-08-06T19:41:24.659Z,Water Plant,Drain,Drain High Level Switch,0.0
Seasonal_Storage_System,2024-08-06T19:42:24.67Z,Water Plant,Drain,Drain High Level Switch,0.0
Seasonal_Storage_System,2024-08-06T19:43:24.698Z,Water Plant,Drain,Drain High Level Switch,0.0
Seasonal_Storage_System,2024-08-06T19:44:24.711Z,Water Plant,Drain,Drain High Level Switch,0.0
Seasonal_Storage_System,2024-08-06T19:45:24.774Z,Water Plant,Drain,Drain High Level Switch,0.0
Seasonal_Storage_System,2024-08-06T19:46:24.766Z,Water Plant,Drain,Drain High Level Switch,0.0
Seasonal_Storage_System,2024-08-06T19:47:24.79Z,Water Plant,Drain,Drain High Level Switch,0.0
Seasonal_Storage_System,2024-08-06T19:48:24.712Z,Water Plant,Drain,Drain High Level Switch,0.0
Seasonal_Storage_System,2024-08-06T19:49:24.808Z,Water Plant,Drain,Drain High Level Switch,0.0
Seasonal_Storage_System,2024-08-06T19:50:24.811Z,Water Plant,Drain,Drain High Level Switch,0.0
Seasonal_Storage_System,2024-08-06T19:51:24.841Z,Water Plant,Drain,Drain High Level Switch,0.0
Seasonal_Storage_System,2024-08-06T19:52:24.92Z,Water Plant,Drain,Drain High Level Switch,0.0
Seasonal_Storage_System,2024-08-06T19:53:24.851Z,Water Plant,Drain,Drain High Level Switch,0.0
Seasonal_Storage_System,2024-08-06T19:54:24.851Z,Water Plant,Drain,Drain High Level Switch,0.0
Seasonal_Storage_System,2024-08-06T19:55:24.851Z,Water Plant,Drain,Drain High Level Switch,0.0
Seasonal_Storage_System,2024-08-06T19:56:24.949Z,Water Plant,Drain,Drain High Level Switch,0.0
Seasonal_Storage_System,2024-08-06T19:57:24.877Z,Water Plant,Drain,Drain High Level Switch,0.0
Seasonal_Storage_System,2024-08-06T19:58:24.877Z,Water Plant,Drain,Drain High Level Switch,0.0
Seasonal_Storage_System,2024-08-06T19:59:24.948Z,Water Plant,Drain,Drain High Level Switch,0.0
Seasonal_Storage_System,2024-08-06T20:00:24.94Z,Water Plant,Drain,Drain High Level Switch,0.0
Seasonal_Storage_System,2024-08-06T20:01:24.952Z,Water Plant,Drain,Drain High Level Switch,0.0
Seasonal_Storage_System,2024-08-06T20:02:24.957Z,Water Plant,Drain,Drain High Level Switch,0.0
Seasonal_Storage_System,2024-08-06T20:03:24.958Z,Water Plant,Drain,Drain High Level Switch,0.0
Seasonal_Storage_System,2024-08-06T20:04:24.982Z,Water Plant,Drain,Drain High Level Switch,0.0
Seasonal_Storage_System,2024-08-06T20:05:24.996Z,Water Plant,Drain,Drain High Level Switch,0.0
Seasonal_Storage_System,2024-08-06T20:06:25.004Z,Water Plant,Drain,Drain High Level Switch,0.0
Seasonal_Storage_System,2024-08-06T20:07:25.034Z,Water Plant,Drain,Drain High Level Switch,0.0
Seasonal_Storage_System,2024-08-06T20:08:25.054Z,Water Plant,Drain,Drain High Level Switch,0.0
Seasonal_Storage_System,2024-08-06T20:09:25.069Z,Water Plant,Drain,Drain High Level Switch,0.0
Seasonal_Storage_System,2024-08-06T20:10:25.098Z,Water Plant,Drain,Drain High Level Switch,0.0
Seasonal_Storage_System,2024-08-06T20:11:25.121Z,Water Plant,Drain,Drain High Level Switch,0.0
Seasonal_Storage_System,2024-08-06T20:12:25.149Z,Water Plant,Drain,Drain High Level Switch,0.0
Seasonal_Storage_System,2024-08-06T20:13:25.172Z,Water Plant,Drain,Drain High Level Switch,0.0
Seasonal_Storage_System,2024-08-06T20:14:25.196Z,Water Plant,Drain,Drain High Level Switch,0.0
Seasonal_Storage_System,2024-08-06T20:15:25.209Z,Water Plant,Drain,Drain High Level Switch,0.0
Seasonal_Storage_System,2024-08-06T20:16:25.217Z,Water Plant,Drain,Drain High Level Switch,0.0
Seasonal_Storage_System,2024-08-06T20:17:25.227Z,Water Plant,Drain,Drain High Level Switch,0.0
Seasonal_Storage_System,2024-08-06T20:18:25.24Z,Water Plant,Drain,Drain High Level Switch,0.0
Seasonal_Storage_System,2024-08-06T20:19:25.246Z,Water Plant,Drain,Drain High Level Switch,0.0
Seasonal_Storage_System,2024-08-06T20:20:25.261Z,Water Plant,Drain,Drain High Level Switch,0.0
Seasonal_Storage_System,2024-08-06T20:21:25.267Z,Water Plant,Drain,Drain High Level Switch,0.0
Seasonal_Storage_System,2024-08-06T20:22:25.269Z,Water Plant,Drain,Drain High Level Switch,0.0
Seasonal_Storage_System,2024-08-06T20:23:25.322Z,Water Plant,Drain,Drain High Level Switch,0.0
Seasonal_Storage_System,2024-08-06T20:24:25.471Z,Water Plant,Drain,Drain High Level Switch,0.0
Seasonal_Storage_System,2024-08-06T20:25:25.392Z,Water Plant,Drain,Drain High Level Switch,0.0
Seasonal_Storage_System,2024-08-06T20:26:25.323Z,Water Plant,Drain,Drain High Level Switch,0.0
Seasonal_Storage_System,2024-08-06T20:27:25.324Z,Water Plant,Drain,Drain High Level Switch,0.0
Seasonal_Storage_System,2024-08-06T20:28:25.325Z,Water Plant,Drain,Drain High Level Switch,0.0
Seasonal_Storage_System,2024-08-06T20:29:25.405Z,Water Plant,Drain,Drain High Level Switch,0.0
Seasonal_Storage_System,2024-08-06T20:30:25.481Z,Water Plant,Drain,Drain High Level Switch,0.0
Seasonal_Storage_System,2024-08-06T20:31:25.43Z,Water Plant,Drain,Drain High Level Switch,0.0
Seasonal_Storage_System,2024-08-06T20:32:25.427Z,Water Plant,Drain,Drain High Level Switch,0.0
Seasonal_Storage_System,2024-08-06T20:33:25.428Z,Water Plant,Drain,Drain High Level Switch,0.0
Seasonal_Storage_System,2024-08-06T20:34:25.36Z,Water Plant,Drain,Drain High Level Switch,0.0
Seasonal_Storage_System,2024-08-06T20:35:25.359Z,Water Plant,Drain,Drain High Level Switch,0.0
Seasonal_Storage_System,2024-08-06T20:36:25.359Z,Water Plant,Drain,Drain High Level Switch,0.0
Seasonal_Storage_System,2024-08-06T20:37:25.359Z,Water Plant,Drain,Drain High Level Switch,0.0
Seasonal_Storage_System,2024-08-06T20:38:25.36Z,Water Plant,Drain,Drain High Level Switch,0.0
Seasonal_Storage_System,2024-08-06T20:39:25.36Z,Water Plant,Drain,Drain High Level Switch,0.0
Seasonal_Storage_System,2024-08-06T20:40:25.359Z,Water Plant,Drain,Drain High Level Switch,0.0
Seasonal_Storage_System,2024-08-06T20:41:25.359Z,Water Plant,Drain,Drain High Level Switch,0.0
Seasonal_Storage_System,2024-08-06T20:42:25.36Z,Water Plant,Drain,Drain High Level Switch,0.0
Seasonal_Storage_System,2024-08-06T20:43:25.359Z,Water Plant,Drain,Drain High Level Switch,0.0
Seasonal_Storage_System,2024-08-06T20:44:25.36Z,Water Plant,Drain,Drain High Level Switch,0.0
Seasonal_Storage_System,2024-08-06T20:45:25.406Z,Water Plant,Drain,Drain High Level Switch,0.0
Seasonal_Storage_System,2024-08-06T20:46:25.36Z,Water Plant,Drain,Drain High Level Switch,0.0
Seasonal_Storage_System,2024-08-06T20:47:25.363Z,Water Plant,Drain,Drain High Level Switch,0.0
Seasonal_Storage_System,2024-08-06T20:48:25.369Z,Water Plant,Drain,Drain High Level Switch,0.0
Seasonal_Storage_System,2024-08-06T20:49:25.36Z,Water Plant,Drain,Drain High Level Switch,0.0
Seasonal_Storage_System,2024-08-06T20:50:25.365Z,Water Plant,Drain,Drain High Level Switch,0.0
Seasonal_Storage_System,2024-08-06T20:51:25.376Z,Water Plant,Drain,Drain High Level Switch,0.0
Seasonal_Storage_System,2024-08-06T20:52:25.364Z,Water Plant,Drain,Drain High Level Switch,0.0
Seasonal_Storage_System,2024-08-06T20:53:25.362Z,Water Plant,Drain,Drain High Level Switch,0.0
Seasonal_Storage_System,2024-08-06T20:54:25.363Z,Water Plant,Drain,Drain High Level Switch,0.0
Seasonal_Storage_System,2024-08-06T20:55:25.362Z,Water Plant,Drain,Drain High Level Switch,0.0
Seasonal_Storage_System,2024-08-06T20:56:25.362Z,Water Plant,Drain,Drain High Level Switch,0.0
Seasonal_Storage_System,2024-08-06T20:57:25.362Z,Water Plant,Drain,Drain High Level Switch,0.0
Seasonal_Storage_System,2024-08-06T20:58:25.362Z,Water Plant,Drain,Drain High Level Switch,0.0
Seasonal_Storage_System,2024-08-06T20:59:25.363Z,Water Plant,Drain,Drain High Level Switch,0.0
Seasonal_Storage_System,2024-08-06T21:00:25.364Z,Water Plant,Drain,Drain High Level Switch,0.0
Seasonal_Storage_System,2024-08-06T21:01:25.364Z,Water Plant,Drain,Drain High Level Switch,0.0
Seasonal_Storage_System,2024-08-06T21:02:25.484Z,Water Plant,Drain,Drain High Level Switch,0.0
Seasonal_Storage_System,2024-08-06T21:03:25.492Z,Water Plant,Drain,Drain High Level Switch,0.0
Seasonal_Storage_System,2024-08-06T21:04:25.502Z,Water Plant,Drain,Drain High Level Switch,0.0
Seasonal_Storage_System,2024-08-06T21:05:25.517Z,Water Plant,Drain,Drain High Level Switch,0.0
Seasonal_Storage_System,2024-08-06T21:06:25.535Z,Water Plant,Drain,Drain High Level Switch,0.0
Seasonal_Storage_System,2024-08-06T21:07:25.542Z,Water Plant,Drain,Drain High Level Switch,0.0
Seasonal_Storage_System,2024-08-06T21:08:25.563Z,Water Plant,Drain,Drain High Level Switch,0.0
Seasonal_Storage_System,2024-08-06T21:09:25.567Z,Water Plant,Drain,Drain High Level Switch,0.0
Seasonal_Storage_System,2024-08-06T21:10:25.576Z,Water Plant,Drain,Drain High Level Switch,0.0
Seasonal_Storage_System,2024-08-06T21:11:25.588Z,Water Plant,Drain,Drain High Level Switch,0.0
Seasonal_Storage_System,2024-08-06T21:12:25.614Z,Water Plant,Drain,Drain High Level Switch,0.0
Seasonal_Storage_System,2024-08-06T21:13:25.636Z,Water Plant,Drain,Drain High Level Switch,0.0
Seasonal_Storage_System,2024-08-06T21:14:25.647Z,Water Plant,Drain,Drain High Level Switch,0.0
Seasonal_Storage_System,2024-08-06T21:15:25.642Z,Water Plant,Drain,Drain High Level Switch,0.0
Seasonal_Storage_System,2024-08-06T21:16:25.639Z,Water Plant,Drain,Drain High Level Switch,0.0
Seasonal_Storage_System,2024-08-06T21:17:25.641Z,Water Plant,Drain,Drain High Level Switch,0.0
Seasonal_Storage_System,2024-08-06T21:18:25.633Z,Water Plant,Drain,Drain High Level Switch,0.0
Seasonal_Storage_System,2024-08-06T21:19:25.638Z,Water Plant,Drain,Drain High Level Switch,0.0
Seasonal_Storage_System,2024-08-06T21:20:25.636Z,Water Plant,Drain,Drain High Level Switch,0.0
Seasonal_Storage_System,2024-08-06T21:21:25.657Z,Water Plant,Drain,Drain High Level Switch,0.0
Seasonal_Storage_System,2024-08-06T21:22:25.573Z,Water Plant,Drain,Drain High Level Switch,0.0
Seasonal_Storage_System,2024-08-06T21:23:25.576Z,Water Plant,Drain,Drain High Level Switch,0.0
Seasonal_Storage_System,2024-08-06T21:24:25.575Z,Water Plant,Drain,Drain High Level Switch,0.0
Seasonal_Storage_System,2024-08-06T21:25:25.576Z,Water Plant,Drain,Drain High Level Switch,0.0
Seasonal_Storage_System,2024-08-06T21:26:25.574Z,Water Plant,Drain,Drain High Level Switch,0.0
Seasonal_Storage_System,2024-08-06T21:27:25.575Z,Water Plant,Drain,Drain High Level Switch,0.0
Seasonal_Storage_System,2024-08-06T21:28:25.575Z,Water Plant,Drain,Drain High Level Switch,0.0
Seasonal_Storage_System,2024-08-06T21:29:25.575Z,Water Plant,Drain,Drain High Level Switch,0.0
Seasonal_Storage_System,2024-08-06T21:30:25.575Z,Water Plant,Drain,Drain High Level Switch,0.0
Seasonal_Storage_System,2024-08-06T21:31:25.574Z,Water Plant,Drain,Drain High Level Switch,0.0
Seasonal_Storage_System,2024-08-06T21:32:25.574Z,Water Plant,Drain,Drain High Level Switch,0.0
Seasonal_Storage_System,2024-08-06T21:33:25.574Z,Water Plant,Drain,Drain High Level Switch,0.0
Seasonal_Storage_System,2024-08-06T21:34:25.574Z,Water Plant,Drain,Drain High Level Switch,0.0
Seasonal_Storage_System,2024-08-06T21:35:25.574Z,Water Plant,Drain,Drain High Level Switch,0.0
Seasonal_Storage_System,2024-08-06T21:36:25.575Z,Water Plant,Drain,Drain High Level Switch,0.0
Seasonal_Storage_System,2024-08-06T21:37:25.574Z,Water Plant,Drain,Drain High Level Switch,0.0
Seasonal_Storage_System,2024-08-06T21:38:25.689Z,Water Plant,Drain,Drain High Level Switch,0.0
Seasonal_Storage_System,2024-08-06T21:39:25.695Z,Water Plant,Drain,Drain High Level Switch,0.0
Seasonal_Storage_System,2024-08-06T21:40:25.729Z,Water Plant,Drain,Drain High Level Switch,0.0
Seasonal_Storage_System,2024-08-06T21:41:25.664Z,Water Plant,Drain,Drain High Level Switch,0.0
Seasonal_Storage_System,2024-08-06T21:42:25.746Z,Water Plant,Drain,Drain High Level Switch,0.0
Seasonal_Storage_System,2024-08-06T21:43:26.04Z,Water Plant,Drain,Drain High Level Switch,0.0
Seasonal_Storage_System,2024-08-06T21:44:25.763Z,Water Plant,Drain,Drain High Level Switch,0.0
Seasonal_Storage_System,2024-08-06T21:45:25.764Z,Water Plant,Drain,Drain High Level Switch,0.0
Seasonal_Storage_System,2024-08-06T21:46:25.764Z,Water Plant,Drain,Drain High Level Switch,0.0
Seasonal_Storage_System,2024-08-06T21:47:25.855Z,Water Plant,Drain,Drain High Level Switch,0.0
Seasonal_Storage_System,2024-08-06T21:48:25.866Z,Water Plant,Drain,Drain High Level Switch,0.0
Seasonal_Storage_System,2024-08-06T21:49:25.882Z,Water Plant,Drain,Drain High Level Switch,0.0
Seasonal_Storage_System,2024-08-06T21:50:25.899Z,Water Plant,Drain,Drain High Level Switch,0.0
Seasonal_Storage_System,2024-08-06T21:51:25.904Z,Water Plant,Drain,Drain High Level Switch,0.0
Seasonal_Storage_System,2024-08-06T21:52:25.909Z,Water Plant,Drain,Drain High Level Switch,0.0
Seasonal_Storage_System,2024-08-06T21:53:25.948Z,Water Plant,Drain,Drain High Level Switch,0.0
Seasonal_Storage_System,2024-08-06T21:54:25.963Z,Water Plant,Drain,Drain High Level Switch,0.0
Seasonal_Storage_System,2024-08-06T21:55:25.963Z,Water Plant,Drain,Drain High Level Switch,0.0
Seasonal_Storage_System,2024-08-06T21:56:25.972Z,Water Plant,Drain,Drain High Level Switch,0.0
Seasonal_Storage_System,2024-08-06T21:57:25.999Z,Water Plant,Drain,Drain High Level Switch,0.0
Seasonal_Storage_System,2024-08-06T21:58:26.053Z,Water Plant,Drain,Drain High Level Switch,0.0
Seasonal_Storage_System,2024-08-06T21:59:26.054Z,Water Plant,Drain,Drain High Level Switch,0.0
Seasonal_Storage_System,2024-08-06T22:00:26.073Z,Water Plant,Drain,Drain High Level Switch,0.0
Seasonal_Storage_System,2024-08-06T22:01:26.097Z,Water Plant,Drain,Drain High Level Switch,0.0
Seasonal_Storage_System,2024-08-06T22:02:26.116Z,Water Plant,Drain,Drain High Level Switch,0.0
Seasonal_Storage_System,2024-08-06T22:03:26.129Z,Water Plant,Drain,Drain High Level Switch,0.0
Seasonal_Storage_System,2024-08-06T22:04:26.143Z,Water Plant,Drain,Drain High Level Switch,0.0
Seasonal_Storage_System,2024-08-06T22:05:26.155Z,Water Plant,Drain,Drain High Level Switch,0.0
Seasonal_Storage_System,2024-08-06T22:06:26.185Z,Water Plant,Drain,Drain High Level Switch,0.0
Seasonal_Storage_System,2024-08-06T22:07:26.193Z,Water Plant,Drain,Drain High Level Switch,0.0
Seasonal_Storage_System,2024-08-06T22:08:26.223Z,Water Plant,Drain,Drain High Level Switch,0.0
Seasonal_Storage_System,2024-08-06T22:09:26.279Z,Water Plant,Drain,Drain High Level Switch,0.0
Seasonal_Storage_System,2024-08-06T22:10:26.26Z,Water Plant,Drain,Drain High Level Switch,0.0
Seasonal_Storage_System,2024-08-06T22:11:26.26Z,Water Plant,Drain,Drain High Level Switch,0.0
Seasonal_Storage_System,2024-08-06T22:12:26.283Z,Water Plant,Drain,Drain High Level Switch,0.0
Seasonal_Storage_System,2024-08-06T22:13:26.343Z,Water Plant,Drain,Drain High Level Switch,0.0
Seasonal_Storage_System,2024-08-06T22:14:26.341Z,Water Plant,Drain,Drain High Level Switch,0.0
Seasonal_Storage_System,2024-08-06T22:15:26.346Z,Water Plant,Drain,Drain High Level Switch,0.0
Seasonal_Storage_System,2024-08-06T22:16:26.369Z,Water Plant,Drain,Drain High Level Switch,0.0
Seasonal_Storage_System,2024-08-06T22:17:26.385Z,Water Plant,Drain,Drain High Level Switch,0.0
Seasonal_Storage_System,2024-08-06T22:18:26.387Z,Water Plant,Drain,Drain High Level Switch,0.0
Seasonal_Storage_System,2024-08-06T22:19:26.406Z,Water Plant,Drain,Drain High Level Switch,0.0
Seasonal_Storage_System,2024-08-06T22:20:26.423Z,Water Plant,Drain,Drain High Level Switch,0.0
Seasonal_Storage_System,2024-08-06T22:21:26.474Z,Water Plant,Drain,Drain High Level Switch,0.0
Seasonal_Storage_System,2024-08-06T22:22:26.493Z,Water Plant,Drain,Drain High Level Switch,0.0
Seasonal_Storage_System,2024-08-06T22:23:26.514Z,Water Plant,Drain,Drain High Level Switch,0.0
Seasonal_Storage_System,2024-08-06T22:24:26.521Z,Water Plant,Drain,Drain High Level Switch,0.0
Seasonal_Storage_System,2024-08-06T22:25:26.561Z,Water Plant,Drain,Drain High Level Switch,0.0
Seasonal_Storage_System,2024-08-06T22:26:26.566Z,Water Plant,Drain,Drain High Level Switch,0.0
Seasonal_Storage_System,2024-08-06T22:27:26.615Z,Water Plant,Drain,Drain High Level Switch,0.0
Seasonal_Storage_System,2024-08-06T22:28:26.631Z,Water Plant,Drain,Drain High Level Switch,0.0
Seasonal_Storage_System,2024-08-06T22:29:26.663Z,Water Plant,Drain,Drain High Level Switch,0.0
Seasonal_Storage_System,2024-08-06T22:30:26.698Z,Water Plant,Drain,Drain High Level Switch,0.0
Seasonal_Storage_System,2024-08-06T22:31:26.725Z,Water Plant,Drain,Drain High Level Switch,0.0
Seasonal_Storage_System,2024-08-06T22:32:26.743Z,Water Plant,Drain,Drain High Level Switch,0.0
Seasonal_Storage_System,2024-08-06T22:33:26.762Z,Water Plant,Drain,Drain High Level Switch,0.0
Seasonal_Storage_System,2024-08-06T22:34:26.79Z,Water Plant,Drain,Drain High Level Switch,0.0
Seasonal_Storage_System,2024-08-06T22:35:26.801Z,Water Plant,Drain,Drain High Level Switch,0.0
Seasonal_Storage_System,2024-08-06T22:36:26.851Z,Water Plant,Drain,Drain High Level Switch,0.0
Seasonal_Storage_System,2024-08-06T22:37:26.886Z,Water Plant,Drain,Drain High Level Switch,0.0
Seasonal_Storage_System,2024-08-06T22:38:26.887Z,Water Plant,Drain,Drain High Level Switch,0.0
Seasonal_Storage_System,2024-08-06T22:39:26.895Z,Water Plant,Drain,Drain High Level Switch,0.0
Seasonal_Storage_System,2024-08-06T22:40:26.913Z,Water Plant,Drain,Drain High Level Switch,0.0
Seasonal_Storage_System,2024-08-06T22:41:26.92Z,Water Plant,Drain,Drain High Level Switch,0.0
Seasonal_Storage_System,2024-08-06T22:42:26.976Z,Water Plant,Drain,Drain High Level Switch,0.0
Seasonal_Storage_System,2024-08-06T22:43:27.016Z,Water Plant,Drain,Drain High Level Switch,0.0
Seasonal_Storage_System,2024-08-06T22:44:27.019Z,Water Plant,Drain,Drain High Level Switch,0.0
Seasonal_Storage_System,2024-08-06T22:45:27.034Z,Water Plant,Drain,Drain High Level Switch,0.0
Seasonal_Storage_System,2024-08-06T22:46:27.052Z,Water Plant,Drain,Drain High Level Switch,0.0
Seasonal_Storage_System,2024-08-06T22:47:27.078Z,Water Plant,Drain,Drain High Level Switch,0.0
Seasonal_Storage_System,2024-08-06T22:48:27.086Z,Water Plant,Drain,Drain High Level Switch,0.0
Seasonal_Storage_System,2024-08-06T22:49:27.108Z,Water Plant,Drain,Drain High Level Switch,0.0
Seasonal_Storage_System,2024-08-06T22:50:27.117Z,Water Plant,Drain,Drain High Level Switch,0.0
Seasonal_Storage_System,2024-08-06T22:51:27.153Z,Water Plant,Drain,Drain High Level Switch,0.0
Seasonal_Storage_System,2024-08-06T22:52:27.154Z,Water Plant,Drain,Drain High Level Switch,0.0
Seasonal_Storage_System,2024-08-06T22:53:27.188Z,Water Plant,Drain,Drain High Level Switch,0.0
Seasonal_Storage_System,2024-08-06T22:54:27.216Z,Water Plant,Drain,Drain High Level Switch,0.0
Seasonal_Storage_System,2024-08-06T22:55:27.221Z,Water Plant,Drain,Drain High Level Switch,0.0
Seasonal_Storage_System,2024-08-06T22:56:27.222Z,Water Plant,Drain,Drain High Level Switch,0.0
Seasonal_Storage_System,2024-08-06T22:57:27.247Z,Water Plant,Drain,Drain High Level Switch,0.0
Seasonal_Storage_System,2024-08-06T22:58:27.266Z,Water Plant,Drain,Drain High Level Switch,0.0
Seasonal_Storage_System,2024-08-06T22:59:27.292Z,Water Plant,Drain,Drain High Level Switch,0.0
Seasonal_Storage_System,2024-08-06T23:00:27.306Z,Water Plant,Drain,Drain High Level Switch,0.0
Seasonal_Storage_System,2024-08-06T23:01:27.32Z,Water Plant,Drain,Drain High Level Switch,0.0
Seasonal_Storage_System,2024-08-06T23:02:27.327Z,Water Plant,Drain,Drain High Level Switch,0.0
Seasonal_Storage_System,2024-08-06T23:03:27.337Z,Water Plant,Drain,Drain High Level Switch,0.0
Seasonal_Storage_System,2024-08-06T23:04:27.359Z,Water Plant,Drain,Drain High Level Switch,0.0
Seasonal_Storage_System,2024-08-06T23:05:27.373Z,Water Plant,Drain,Drain High Level Switch,0.0
Seasonal_Storage_System,2024-08-06T23:06:27.384Z,Water Plant,Drain,Drain High Level Switch,0.0
Seasonal_Storage_System,2024-08-06T23:07:27.404Z,Water Plant,Drain,Drain High Level Switch,0.0
Seasonal_Storage_System,2024-08-06T23:08:27.455Z,Water Plant,Drain,Drain High Level Switch,0.0
Seasonal_Storage_System,2024-08-06T23:09:27.457Z,Water Plant,Drain,Drain High Level Switch,0.0
Seasonal_Storage_System,2024-08-06T23:10:27.499Z,Water Plant,Drain,Drain High Level Switch,0.0
Seasonal_Storage_System,2024-08-06T23:11:27.507Z,Water Plant,Drain,Drain High Level Switch,0.0
Seasonal_Storage_System,2024-08-06T23:12:27.503Z,Water Plant,Drain,Drain High Level Switch,0.0
Seasonal_Storage_System,2024-08-06T23:13:27.52Z,Water Plant,Drain,Drain High Level Switch,0.0
Seasonal_Storage_System,2024-08-06T23:14:27.522Z,Water Plant,Drain,Drain High Level Switch,0.0
Seasonal_Storage_System,2024-08-06T23:15:27.538Z,Water Plant,Drain,Drain High Level Switch,0.0
Seasonal_Storage_System,2024-08-06T23:16:27.561Z,Water Plant,Drain,Drain High Level Switch,0.0
Seasonal_Storage_System,2024-08-06T23:17:27.591Z,Water Plant,Drain,Drain High Level Switch,0.0
Seasonal_Storage_System,2024-08-06T23:18:27.616Z,Water Plant,Drain,Drain High Level Switch,0.0
Seasonal_Storage_System,2024-08-06T23:19:27.626Z,Water Plant,Drain,Drain High Level Switch,0.0
Seasonal_Storage_System,2024-08-06T23:20:27.641Z,Water Plant,Drain,Drain High Level Switch,0.0
Seasonal_Storage_System,2024-08-06T23:21:27.674Z,Water Plant,Drain,Drain High Level Switch,0.0
Seasonal_Storage_System,2024-08-06T23:22:27.673Z,Water Plant,Drain,Drain High Level Switch,0.0
Seasonal_Storage_System,2024-08-06T23:23:27.732Z,Water Plant,Drain,Drain High Level Switch,0.0
Seasonal_Storage_System,2024-08-06T23:24:27.746Z,Water Plant,Drain,Drain High Level Switch,0.0
Seasonal_Storage_System,2024-08-06T23:25:27.747Z,Water Plant,Drain,Drain High Level Switch,0.0
Seasonal_Storage_System,2024-08-06T23:26:27.982Z,Water Plant,Drain,Drain High Level Switch,0.0
Seasonal_Storage_System,2024-08-06T23:27:27.876Z,Water Plant,Drain,Drain High Level Switch,0.0
Seasonal_Storage_System,2024-08-06T23:28:27.877Z,Water Plant,Drain,Drain High Level Switch,0.0
Seasonal_Storage_System,2024-08-06T23:29:27.813Z,Water Plant,Drain,Drain High Level Switch,0.0
Seasonal_Storage_System,2024-08-06T23:30:27.813Z,Water Plant,Drain,Drain High Level Switch,0.0
Seasonal_Storage_System,2024-08-06T23:31:27.813Z,Water Plant,Drain,Drain High Level Switch,0.0
Seasonal_Storage_System,2024-08-06T23:32:27.885Z,Water Plant,Drain,Drain High Level Switch,0.0
Seasonal_Storage_System,2024-08-06T23:33:27.927Z,Water Plant,Drain,Drain High Level Switch,0.0
Seasonal_Storage_System,2024-08-06T23:34:27.942Z,Water Plant,Drain,Drain High Level Switch,0.0
Seasonal_Storage_System,2024-08-06T23:35:27.968Z,Water Plant,Drain,Drain High Level Switch,0.0
Seasonal_Storage_System,2024-08-06T23:36:28.032Z,Water Plant,Drain,Drain High Level Switch,0.0
Seasonal_Storage_System,2024-08-06T23:37:28.034Z,Water Plant,Drain,Drain High Level Switch,0.0
Seasonal_Storage_System,2024-08-06T23:38:28.053Z,Water Plant,Drain,Drain High Level Switch,0.0
Seasonal_Storage_System,2024-08-06T23:39:28.079Z,Water Plant,Drain,Drain High Level Switch,0.0
Seasonal_Storage_System,2024-08-06T23:40:28.085Z,Water Plant,Drain,Drain High Level Switch,0.0
Seasonal_Storage_System,2024-08-06T23:41:28.089Z,Water Plant,Drain,Drain High Level Switch,0.0
Seasonal_Storage_System,2024-08-06T23:42:28.11Z,Water Plant,Drain,Drain High Level Switch,0.0
Seasonal_Storage_System,2024-08-06T23:43:28.173Z,Water Plant,Drain,Drain High Level Switch,0.0
Seasonal_Storage_System,2024-08-06T23:44:28.147Z,Water Plant,Drain,Drain High Level Switch,0.0
Seasonal_Storage_System,2024-08-06T23:45:28.158Z,Water Plant,Drain,Drain High Level Switch,0.0
Seasonal_Storage_System,2024-08-06T23:46:28.174Z,Water Plant,Drain,Drain High Level Switch,0.0
Seasonal_Storage_System,2024-08-06T23:47:28.187Z,Water Plant,Drain,Drain High Level Switch,0.0
Seasonal_Storage_System,2024-08-06T23:48:28.342Z,Water Plant,Drain,Drain High Level Switch,0.0
Seasonal_Storage_System,2024-08-06T23:49:28.269Z,Water Plant,Drain,Drain High Level Switch,0.0
Seasonal_Storage_System,2024-08-06T23:50:28.275Z,Water Plant,Drain,Drain High Level Switch,0.0
Seasonal_Storage_System,2024-08-06T23:51:28.207Z,Water Plant,Drain,Drain High Level Switch,0.0
Seasonal_Storage_System,2024-08-06T23:52:28.206Z,Water Plant,Drain,Drain High Level Switch,0.0
Seasonal_Storage_System,2024-08-06T23:53:28.207Z,Water Plant,Drain,Drain High Level Switch,0.0
Seasonal_Storage_System,2024-08-06T23:54:28.205Z,Water Plant,Drain,Drain High Level Switch,0.0
Seasonal_Storage_System,2024-08-06T23:55:28.206Z,Water Plant,Drain,Drain High Level Switch,0.0
Seasonal_Storage_System,2024-08-06T23:56:28.206Z,Water Plant,Drain,Drain High Level Switch,0.0
Seasonal_Storage_System,2024-08-06T23:57:28.215Z,Water Plant,Drain,Drain High Level Switch,0.0
Seasonal_Storage_System,2024-08-06T23:58:28.212Z,Water Plant,Drain,Drain High Level Switch,0.0
Seasonal_Storage_System,2024-08-06T23:59:28.208Z,Water Plant,Drain,Drain High Level Switch,0.0
Seasonal_Storage_System,2024-08-07T00:00:28.208Z,Water Plant,Drain,Drain High Level Switch,0.0
Seasonal_Storage_System,2024-08-07T00:01:28.208Z,Water Plant,Drain,Drain High Level Switch,0.0
Seasonal_Storage_System,2024-08-07T00:02:28.208Z,Water Plant,Drain,Drain High Level Switch,0.0
Seasonal_Storage_System,2024-08-07T00:03:28.209Z,Water Plant,Drain,Drain High Level Switch,0.0
Seasonal_Storage_System,2024-08-07T00:04:28.209Z,Water Plant,Drain,Drain High Level Switch,0.0
Seasonal_Storage_System,2024-08-07T00:05:28.21Z,Water Plant,Drain,Drain High Level Switch,0.0
Seasonal_Storage_System,2024-08-07T00:06:28.21Z,Water Plant,Drain,Drain High Level Switch,0.0
Seasonal_Storage_System,2024-08-07T00:07:28.21Z,Water Plant,Drain,Drain High Level Switch,0.0
Seasonal_Storage_System,2024-08-07T00:08:28.209Z,Water Plant,Drain,Drain High Level Switch,0.0
Seasonal_Storage_System,2024-08-07T00:09:28.211Z,Water Plant,Drain,Drain High Level Switch,0.0
Seasonal_Storage_System,2024-08-07T00:10:28.296Z,Water Plant,Drain,Drain High Level Switch,0.0
Seasonal_Storage_System,2024-08-07T00:11:28.377Z,Water Plant,Drain,Drain High Level Switch,0.0
Seasonal_Storage_System,2024-08-07T00:12:28.296Z,Water Plant,Drain,Drain High Level Switch,0.0
Seasonal_Storage_System,2024-08-07T00:13:28.38Z,Water Plant,Drain,Drain High Level Switch,0.0
Seasonal_Storage_System,2024-08-07T00:14:28.392Z,Water Plant,Drain,Drain High Level Switch,0.0
Seasonal_Storage_System,2024-08-07T00:15:28.39Z,Water Plant,Drain,Drain High Level Switch,0.0
Seasonal_Storage_System,2024-08-07T00:16:28.403Z,Water Plant,Drain,Drain High Level Switch,0.0
Seasonal_Storage_System,2024-08-07T00:17:28.46Z,Water Plant,Drain,Drain High Level Switch,0.0
Seasonal_Storage_System,2024-08-07T00:18:28.454Z,Water Plant,Drain,Drain High Level Switch,0.0
Seasonal_Storage_System,2024-08-07T00:19:28.484Z,Water Plant,Drain,Drain High Level Switch,0.0
Seasonal_Storage_System,2024-08-07T00:20:28.506Z,Water Plant,Drain,Drain High Level Switch,0.0
Seasonal_Storage_System,2024-08-07T00:21:28.525Z,Water Plant,Drain,Drain High Level Switch,0.0
Seasonal_Storage_System,2024-08-07T00:22:28.543Z,Water Plant,Drain,Drain High Level Switch,0.0
Seasonal_Storage_System,2024-08-07T00:23:28.594Z,Water Plant,Drain,Drain High Level Switch,0.0
Seasonal_Storage_System,2024-08-07T00:24:28.598Z,Water Plant,Drain,Drain High Level Switch,0.0
Seasonal_Storage_System,2024-08-07T00:25:28.624Z,Water Plant,Drain,Drain High Level Switch,0.0
Seasonal_Storage_System,2024-08-07T00:26:28.624Z,Water Plant,Drain,Drain High Level Switch,0.0
Seasonal_Storage_System,2024-08-07T00:27:28.632Z,Water Plant,Drain,Drain High Level Switch,0.0
Seasonal_Storage_System,2024-08-07T00:28:28.714Z,Water Plant,Drain,Drain High Level Switch,0.0
Seasonal_Storage_System,2024-08-07T00:29:28.73Z,Water Plant,Drain,Drain High Level Switch,0.0
Seasonal_Storage_System,2024-08-07T00:30:28.705Z,Water Plant,Drain,Drain High Level Switch,0.0
Seasonal_Storage_System,2024-08-07T00:31:28.737Z,Water Plant,Drain,Drain High Level Switch,0.0
Seasonal_Storage_System,2024-08-07T00:32:28.908Z,Water Plant,Drain,Drain High Level Switch,0.0
Seasonal_Storage_System,2024-08-07T00:33:28.892Z,Water Plant,Drain,Drain High Level Switch,0.0
Seasonal_Storage_System,2024-08-07T00:34:29.054Z,Water Plant,Drain,Drain High Level Switch,0.0
Seasonal_Storage_System,2024-08-07T00:35:28.902Z,Water Plant,Drain,Drain High Level Switch,0.0
Seasonal_Storage_System,2024-08-07T00:36:28.904Z,Water Plant,Drain,Drain High Level Switch,0.0
Seasonal_Storage_System,2024-08-07T00:37:28.888Z,Water Plant,Drain,Drain High Level Switch,0.0
Seasonal_Storage_System,2024-08-07T00:38:28.936Z,Water Plant,Drain,Drain High Level Switch,0.0
Seasonal_Storage_System,2024-08-07T00:39:28.967Z,Water Plant,Drain,Drain High Level Switch,0.0
Seasonal_Storage_System,2024-08-07T00:40:28.826Z,Water Plant,Drain,Drain High Level Switch,0.0
Seasonal_Storage_System,2024-08-07T00:41:28.826Z,Water Plant,Drain,Drain High Level Switch,0.0
Seasonal_Storage_System,2024-08-07T00:42:28.826Z,Water Plant,Drain,Drain High Level Switch,0.0
Seasonal_Storage_System,2024-08-07T00:43:28.902Z,Water Plant,Drain,Drain High Level Switch,0.0
Seasonal_Storage_System,2024-08-07T00:44:28.827Z,Water Plant,Drain,Drain High Level Switch,0.0
Seasonal_Storage_System,2024-08-07T00:45:28.826Z,Water Plant,Drain,Drain High Level Switch,0.0
Seasonal_Storage_System,2024-08-07T00:46:28.827Z,Water Plant,Drain,Drain High Level Switch,0.0
Seasonal_Storage_System,2024-08-07T00:47:28.827Z,Water Plant,Drain,Drain High Level Switch,0.0
Seasonal_Storage_System,2024-08-07T00:48:28.826Z,Water Plant,Drain,Drain High Level Switch,0.0
Seasonal_Storage_System,2024-08-07T00:49:28.969Z,Water Plant,Drain,Drain High Level Switch,0.0
Seasonal_Storage_System,2024-08-07T00:50:28.955Z,Water Plant,Drain,Drain High Level Switch,0.0
Seasonal_Storage_System,2024-08-07T00:51:28.958Z,Water Plant,Drain,Drain High Level Switch,0.0
Seasonal_Storage_System,2024-08-07T00:52:28.885Z,Water Plant,Drain,Drain High Level Switch,0.0
Seasonal_Storage_System,2024-08-07T00:53:28.884Z,Water Plant,Drain,Drain High Level Switch,0.0
Seasonal_Storage_System,2024-08-07T00:54:28.885Z,Water Plant,Drain,Drain High Level Switch,0.0
Seasonal_Storage_System,2024-08-07T00:55:28.884Z,Water Plant,Drain,Drain High Level Switch,0.0
Seasonal_Storage_System,2024-08-07T00:56:28.999Z,Water Plant,Drain,Drain High Level Switch,0.0
Seasonal_Storage_System,2024-08-07T00:57:28.992Z,Water Plant,Drain,Drain High Level Switch,0.0
Seasonal_Storage_System,2024-08-07T00:58:28.993Z,Water Plant,Drain,Drain High Level Switch,0.0
Seasonal_Storage_System,2024-08-07T00:59:29.061Z,Water Plant,Drain,Drain High Level Switch,0.0
Seasonal_Storage_System,2024-08-07T01:00:28.998Z,Water Plant,Drain,Drain High Level Switch,0.0
Seasonal_Storage_System,2024-08-07T01:01:28.996Z,Water Plant,Drain,Drain High Level Switch,0.0
Seasonal_Storage_System,2024-08-07T01:02:28.928Z,Water Plant,Drain,Drain High Level Switch,0.0
Seasonal_Storage_System,2024-08-07T01:03:28.928Z,Water Plant,Drain,Drain High Level Switch,0.0
Seasonal_Storage_System,2024-08-07T01:04:28.929Z,Water Plant,Drain,Drain High Level Switch,0.0
Seasonal_Storage_System,2024-08-07T01:05:28.928Z,Water Plant,Drain,Drain High Level Switch,0.0
Seasonal_Storage_System,2024-08-07T01:06:28.928Z,Water Plant,Drain,Drain High Level Switch,0.0
Seasonal_Storage_System,2024-08-07T01:07:28.929Z,Water Plant,Drain,Drain High Level Switch,0.0
Seasonal_Storage_System,2024-08-07T01:08:28.931Z,Water Plant,Drain,Drain High Level Switch,0.0
Seasonal_Storage_System,2024-08-07T01:09:28.929Z,Water Plant,Drain,Drain High Level Switch,0.0
Seasonal_Storage_System,2024-08-07T01:10:28.929Z,Water Plant,Drain,Drain High Level Switch,0.0
Seasonal_Storage_System,2024-08-07T01:11:28.928Z,Water Plant,Drain,Drain High Level Switch,0.0
Seasonal_Storage_System,2024-08-07T01:12:28.928Z,Water Plant,Drain,Drain High Level Switch,0.0
Seasonal_Storage_System,2024-08-07T01:13:28.929Z,Water Plant,Drain,Drain High Level Switch,0.0
Seasonal_Storage_System,2024-08-07T01:14:28.928Z,Water Plant,Drain,Drain High Level Switch,0.0
Seasonal_Storage_System,2024-08-07T01:15:28.93Z,Water Plant,Drain,Drain High Level Switch,0.0
Seasonal_Storage_System,2024-08-07T01:16:28.929Z,Water Plant,Drain,Drain High Level Switch,0.0
Seasonal_Storage_System,2024-08-07T01:17:28.929Z,Water Plant,Drain,Drain High Level Switch,0.0
Seasonal_Storage_System,2024-08-07T01:18:28.929Z,Water Plant,Drain,Drain High Level Switch,0.0
Seasonal_Storage_System,2024-08-07T01:19:28.93Z,Water Plant,Drain,Drain High Level Switch,0.0
Seasonal_Storage_System,2024-08-07T01:20:29.178Z,Water Plant,Drain,Drain High Level Switch,0.0
Seasonal_Storage_System,2024-08-07T01:21:29.158Z,Water Plant,Drain,Drain High Level Switch,0.0
Seasonal_Storage_System,2024-08-07T01:22:29.158Z,Water Plant,Drain,Drain High Level Switch,0.0
Seasonal_Storage_System,2024-08-07T01:23:29.159Z,Water Plant,Drain,Drain High Level Switch,0.0
Seasonal_Storage_System,2024-08-07T01:24:29.213Z,Water Plant,Drain,Drain High Level Switch,0.0
Seasonal_Storage_System,2024-08-07T01:25:29.2Z,Water Plant,Drain,Drain High Level Switch,0.0
Seasonal_Storage_System,2024-08-07T01:26:29.2Z,Water Plant,Drain,Drain High Level Switch,0.0
Seasonal_Storage_System,2024-08-07T01:27:29.2Z,Water Plant,Drain,Drain High Level Switch,0.0
Seasonal_Storage_System,2024-08-07T01:28:29.133Z,Water Plant,Drain,Drain High Level Switch,0.0
Seasonal_Storage_System,2024-08-07T01:29:29.133Z,Water Plant,Drain,Drain High Level Switch,0.0
Seasonal_Storage_System,2024-08-07T01:30:29.133Z,Water Plant,Drain,Drain High Level Switch,0.0
Seasonal_Storage_System,2024-08-07T01:31:29.201Z,Water Plant,Drain,Drain High Level Switch,0.0
Seasonal_Storage_System,2024-08-07T01:32:29.202Z,Water Plant,Drain,Drain High Level Switch,0.0
Seasonal_Storage_System,2024-08-07T01:33:29.219Z,Water Plant,Drain,Drain High Level Switch,0.0
Seasonal_Storage_System,2024-08-07T01:34:29.216Z,Water Plant,Drain,Drain High Level Switch,0.0
Seasonal_Storage_System,2024-08-07T01:35:29.217Z,Water Plant,Drain,Drain High Level Switch,0.0
Seasonal_Storage_System,2024-08-07T01:36:29.229Z,Water Plant,Drain,Drain High Level Switch,0.0
Seasonal_Storage_System,2024-08-07T01:37:29.148Z,Water Plant,Drain,Drain High Level Switch,0.0
Seasonal_Storage_System,2024-08-07T01:38:29.147Z,Water Plant,Drain,Drain High Level Switch,0.0
Seasonal_Storage_System,2024-08-07T01:39:29.152Z,Water Plant,Drain,Drain High Level Switch,0.0
Seasonal_Storage_System,2024-08-07T01:40:29.148Z,Water Plant,Drain,Drain High Level Switch,0.0
Seasonal_Storage_System,2024-08-07T01:41:29.148Z,Water Plant,Drain,Drain High Level Switch,0.0
Seasonal_Storage_System,2024-08-07T01:42:29.149Z,Water Plant,Drain,Drain High Level Switch,0.0
Seasonal_Storage_System,2024-08-07T01:43:29.238Z,Water Plant,Drain,Drain High Level Switch,0.0
Seasonal_Storage_System,2024-08-07T01:44:29.257Z,Water Plant,Drain,Drain High Level Switch,0.0
Seasonal_Storage_System,2024-08-07T01:45:29.338Z,Water Plant,Drain,Drain High Level Switch,0.0
Seasonal_Storage_System,2024-08-07T01:46:29.478Z,Water Plant,Drain,Drain High Level Switch,0.0
Seasonal_Storage_System,2024-08-07T01:47:29.477Z,Water Plant,Drain,Drain High Level Switch,0.0
Seasonal_Storage_System,2024-08-07T01:48:29.409Z,Water Plant,Drain,Drain High Level Switch,0.0
Seasonal_Storage_System,2024-08-07T01:49:29.473Z,Water Plant,Drain,Drain High Level Switch,0.0
Seasonal_Storage_System,2024-08-07T01:50:29.499Z,Water Plant,Drain,Drain High Level Switch,0.0
Seasonal_Storage_System,2024-08-07T01:51:29.48Z,Water Plant,Drain,Drain High Level Switch,0.0
Seasonal_Storage_System,2024-08-07T01:52:29.409Z,Water Plant,Drain,Drain High Level Switch,0.0
Seasonal_Storage_System,2024-08-07T01:53:29.411Z,Water Plant,Drain,Drain High Level Switch,0.0
Seasonal_Storage_System,2024-08-07T01:54:29.484Z,Water Plant,Drain,Drain High Level Switch,0.0
Seasonal_Storage_System,2024-08-07T01:55:29.486Z,Water Plant,Drain,Drain High Level Switch,0.0
Seasonal_Storage_System,2024-08-07T01:56:29.521Z,Water Plant,Drain,Drain High Level Switch,0.0
Seasonal_Storage_System,2024-08-07T01:57:29.626Z,Water Plant,Drain,Drain High Level Switch,0.0
Seasonal_Storage_System,2024-08-07T01:58:29.618Z,Water Plant,Drain,Drain High Level Switch,0.0
Seasonal_Storage_System,2024-08-07T01:59:29.548Z,Water Plant,Drain,Drain High Level Switch,0.0
Seasonal_Storage_System,2024-08-07T02:00:29.549Z,Water Plant,Drain,Drain High Level Switch,0.0
Seasonal_Storage_System,2024-08-07T02:01:29.613Z,Water Plant,Drain,Drain High Level Switch,0.0
Seasonal_Storage_System,2024-08-07T02:02:29.615Z,Water Plant,Drain,Drain High Level Switch,0.0
Seasonal_Storage_System,2024-08-07T02:03:29.618Z,Water Plant,Drain,Drain High Level Switch,0.0
Seasonal_Storage_System,2024-08-07T02:04:29.627Z,Water Plant,Drain,Drain High Level Switch,0.0
Seasonal_Storage_System,2024-08-07T02:05:29.641Z,Water Plant,Drain,Drain High Level Switch,0.0
Seasonal_Storage_System,2024-08-07T02:06:29.706Z,Water Plant,Drain,Drain High Level Switch,0.0
Seasonal_Storage_System,2024-08-07T02:07:29.783Z,Water Plant,Drain,Drain High Level Switch,0.0
Seasonal_Storage_System,2024-08-07T02:08:29.764Z,Water Plant,Drain,Drain High Level Switch,0.0
Seasonal_Storage_System,2024-08-07T02:09:29.836Z,Water Plant,Drain,Drain High Level Switch,0.0
Seasonal_Storage_System,2024-08-07T02:10:29.76Z,Water Plant,Drain,Drain High Level Switch,0.0
Seasonal_Storage_System,2024-08-07T02:11:29.695Z,Water Plant,Drain,Drain High Level Switch,0.0
Seasonal_Storage_System,2024-08-07T02:12:29.786Z,Water Plant,Drain,Drain High Level Switch,0.0
Seasonal_Storage_System,2024-08-07T02:13:29.778Z,Water Plant,Drain,Drain High Level Switch,0.0
Seasonal_Storage_System,2024-08-07T02:14:29.701Z,Water Plant,Drain,Drain High Level Switch,0.0
Seasonal_Storage_System,2024-08-07T02:15:29.701Z,Water Plant,Drain,Drain High Level Switch,0.0
Seasonal_Storage_System,2024-08-07T02:16:29.701Z,Water Plant,Drain,Drain High Level Switch,0.0
Seasonal_Storage_System,2024-08-07T02:17:29.79Z,Water Plant,Drain,Drain High Level Switch,0.0
Seasonal_Storage_System,2024-08-07T02:18:29.807Z,Water Plant,Drain,Drain High Level Switch,0.0
Seasonal_Storage_System,2024-08-07T02:19:29.863Z,Water Plant,Drain,Drain High Level Switch,0.0
Seasonal_Storage_System,2024-08-07T02:20:29.856Z,Water Plant,Drain,Drain High Level Switch,0.0
Seasonal_Storage_System,2024-08-07T02:21:29.927Z,Water Plant,Drain,Drain High Level Switch,0.0
Seasonal_Storage_System,2024-08-07T02:22:29.858Z,Water Plant,Drain,Drain High Level Switch,0.0
Seasonal_Storage_System,2024-08-07T02:23:29.863Z,Water Plant,Drain,Drain High Level Switch,0.0
Seasonal_Storage_System,2024-08-07T02:24:29.858Z,Water Plant,Drain,Drain High Level Switch,0.0
Seasonal_Storage_System,2024-08-07T02:25:29.858Z,Water Plant,Drain,Drain High Level Switch,0.0
Seasonal_Storage_System,2024-08-07T02:26:29.859Z,Water Plant,Drain,Drain High Level Switch,0.0
Seasonal_Storage_System,2024-08-07T02:27:29.858Z,Water Plant,Drain,Drain High Level Switch,0.0
Seasonal_Storage_System,2024-08-07T02:28:29.859Z,Water Plant,Drain,Drain High Level Switch,0.0
Seasonal_Storage_System,2024-08-07T02:29:29.867Z,Water Plant,Drain,Drain High Level Switch,0.0
Seasonal_Storage_System,2024-08-07T02:30:29.867Z,Water Plant,Drain,Drain High Level Switch,0.0
Seasonal_Storage_System,2024-08-07T02:31:29.86Z,Water Plant,Drain,Drain High Level Switch,0.0
Seasonal_Storage_System,2024-08-07T02:32:29.867Z,Water Plant,Drain,Drain High Level Switch,0.0
Seasonal_Storage_System,2024-08-07T02:33:29.866Z,Water Plant,Drain,Drain High Level Switch,0.0
Seasonal_Storage_System,2024-08-07T02:34:29.863Z,Water Plant,Drain,Drain High Level Switch,0.0
Seasonal_Storage_System,2024-08-07T02:35:29.797Z,Water Plant,Drain,Drain High Level Switch,0.0
Seasonal_Storage_System,2024-08-07T02:36:29.798Z,Water Plant,Drain,Drain High Level Switch,0.0
Seasonal_Storage_System,2024-08-07T02:37:29.799Z,Water Plant,Drain,Drain High Level Switch,0.0
Seasonal_Storage_System,2024-08-07T02:38:29.809Z,Water Plant,Drain,Drain High Level Switch,0.0
Seasonal_Storage_System,2024-08-07T02:39:29.909Z,Water Plant,Drain,Drain High Level Switch,0.0
Seasonal_Storage_System,2024-08-07T02:40:29.888Z,Water Plant,Drain,Drain High Level Switch,0.0
Seasonal_Storage_System,2024-08-07T02:41:29.88Z,Water Plant,Drain,Drain High Level Switch,0.0
Seasonal_Storage_System,2024-08-07T02:42:29.899Z,Water Plant,Drain,Drain High Level Switch,0.0
Seasonal_Storage_System,2024-08-07T02:43:29.915Z,Water Plant,Drain,Drain High Level Switch,0.0
Seasonal_Storage_System,2024-08-07T02:44:29.906Z,Water Plant,Drain,Drain High Level Switch,0.0
Seasonal_Storage_System,2024-08-07T02:45:29.921Z,Water Plant,Drain,Drain High Level Switch,0.0
Seasonal_Storage_System,2024-08-07T02:46:29.967Z,Water Plant,Drain,Drain High Level Switch,0.0
Seasonal_Storage_System,2024-08-07T02:47:29.957Z,Water Plant,Drain,Drain High Level Switch,0.0
Seasonal_Storage_System,2024-08-07T02:48:29.969Z,Water Plant,Drain,Drain High Level Switch,0.0
Seasonal_Storage_System,2024-08-07T02:49:29.97Z,Water Plant,Drain,Drain High Level Switch,0.0
Seasonal_Storage_System,2024-08-07T02:50:29.988Z,Water Plant,Drain,Drain High Level Switch,0.0
Seasonal_Storage_System,2024-08-07T02:51:30.027Z,Water Plant,Drain,Drain High Level Switch,0.0
Seasonal_Storage_System,2024-08-07T02:52:30.058Z,Water Plant,Drain,Drain High Level Switch,0.0
Seasonal_Storage_System,2024-08-07T02:53:30.079Z,Water Plant,Drain,Drain High Level Switch,0.0
Seasonal_Storage_System,2024-08-07T02:54:30.06Z,Water Plant,Drain,Drain High Level Switch,0.0
Seasonal_Storage_System,2024-08-07T02:55:30.105Z,Water Plant,Drain,Drain High Level Switch,0.0
Seasonal_Storage_System,2024-08-07T02:56:30.133Z,Water Plant,Drain,Drain High Level Switch,0.0
Seasonal_Storage_System,2024-08-07T02:57:30.1Z,Water Plant,Drain,Drain High Level Switch,0.0
Seasonal_Storage_System,2024-08-07T02:58:30.154Z,Water Plant,Drain,Drain High Level Switch,0.0
Seasonal_Storage_System,2024-08-07T02:59:30.147Z,Water Plant,Drain,Drain High Level Switch,0.0
Seasonal_Storage_System,2024-08-07T03:00:30.163Z,Water Plant,Drain,Drain High Level Switch,0.0
Seasonal_Storage_System,2024-08-07T03:01:30.223Z,Water Plant,Drain,Drain High Level Switch,0.0
Seasonal_Storage_System,2024-08-07T03:02:30.218Z,Water Plant,Drain,Drain High Level Switch,0.0
Seasonal_Storage_System,2024-08-07T03:03:30.24Z,Water Plant,Drain,Drain High Level Switch,0.0
Seasonal_Storage_System,2024-08-07T03:04:30.236Z,Water Plant,Drain,Drain High Level Switch,0.0
Seasonal_Storage_System,2024-08-07T03:05:30.227Z,Water Plant,Drain,Drain High Level Switch,0.0
Seasonal_Storage_System,2024-08-07T03:06:30.222Z,Water Plant,Drain,Drain High Level Switch,0.0
Seasonal_Storage_System,2024-08-07T03:07:30.233Z,Water Plant,Drain,Drain High Level Switch,0.0
Seasonal_Storage_System,2024-08-07T03:08:30.265Z,Water Plant,Drain,Drain High Level Switch,0.0
Seasonal_Storage_System,2024-08-07T03:09:30.308Z,Water Plant,Drain,Drain High Level Switch,0.0
Seasonal_Storage_System,2024-08-07T03:10:30.321Z,Water Plant,Drain,Drain High Level Switch,0.0
Seasonal_Storage_System,2024-08-07T03:11:30.376Z,Water Plant,Drain,Drain High Level Switch,0.0
Seasonal_Storage_System,2024-08-07T03:12:30.392Z,Water Plant,Drain,Drain High Level Switch,0.0
Seasonal_Storage_System,2024-08-07T03:13:30.442Z,Water Plant,Drain,Drain High Level Switch,0.0
Seasonal_Storage_System,2024-08-07T03:14:30.421Z,Water Plant,Drain,Drain High Level Switch,0.0
Seasonal_Storage_System,2024-08-07T03:15:30.453Z,Water Plant,Drain,Drain High Level Switch,0.0
Seasonal_Storage_System,2024-08-07T03:16:30.476Z,Water Plant,Drain,Drain High Level Switch,0.0
Seasonal_Storage_System,2024-08-07T03:17:30.487Z,Water Plant,Drain,Drain High Level Switch,0.0
Seasonal_Storage_System,2024-08-07T03:18:30.509Z,Water Plant,Drain,Drain High Level Switch,0.0
Seasonal_Storage_System,2024-08-07T03:19:30.5Z,Water Plant,Drain,Drain High Level Switch,0.0
Seasonal_Storage_System,2024-08-07T03:20:30.541Z,Water Plant,Drain,Drain High Level Switch,0.0
Seasonal_Storage_System,2024-08-07T03:21:30.54Z,Water Plant,Drain,Drain High Level Switch,0.0
Seasonal_Storage_System,2024-08-07T03:22:30.557Z,Water Plant,Drain,Drain High Level Switch,0.0
Seasonal_Storage_System,2024-08-07T03:23:30.553Z,Water Plant,Drain,Drain High Level Switch,0.0
Seasonal_Storage_System,2024-08-07T03:24:30.601Z,Water Plant,Drain,Drain High Level Switch,0.0
Seasonal_Storage_System,2024-08-07T03:25:30.603Z,Water Plant,Drain,Drain High Level Switch,0.0
Seasonal_Storage_System,2024-08-07T03:26:30.585Z,Water Plant,Drain,Drain High Level Switch,0.0
Seasonal_Storage_System,2024-08-07T03:27:30.614Z,Water Plant,Drain,Drain High Level Switch,0.0
Seasonal_Storage_System,2024-08-07T03:28:30.646Z,Water Plant,Drain,Drain High Level Switch,0.0
Seasonal_Storage_System,2024-08-07T03:29:30.645Z,Water Plant,Drain,Drain High Level Switch,0.0
Seasonal_Storage_System,2024-08-07T03:30:30.688Z,Water Plant,Drain,Drain High Level Switch,0.0
Seasonal_Storage_System,2024-08-07T03:31:30.74Z,Water Plant,Drain,Drain High Level Switch,0.0
Seasonal_Storage_System,2024-08-07T03:32:30.722Z,Water Plant,Drain,Drain High Level Switch,0.0
Seasonal_Storage_System,2024-08-07T03:33:30.757Z,Water Plant,Drain,Drain High Level Switch,0.0
Seasonal_Storage_System,2024-08-07T03:34:30.773Z,Water Plant,Drain,Drain High Level Switch,0.0
Seasonal_Storage_System,2024-08-07T03:35:30.8Z,Water Plant,Drain,Drain High Level Switch,0.0
Seasonal_Storage_System,2024-08-07T03:36:30.83Z,Water Plant,Drain,Drain High Level Switch,0.0
Seasonal_Storage_System,2024-08-07T03:37:30.849Z,Water Plant,Drain,Drain High Level Switch,0.0
Seasonal_Storage_System,2024-08-07T03:38:30.854Z,Water Plant,Drain,Drain High Level Switch,0.0
Seasonal_Storage_System,2024-08-07T03:39:30.86Z,Water Plant,Drain,Drain High Level Switch,0.0
Seasonal_Storage_System,2024-08-07T03:40:30.859Z,Water Plant,Drain,Drain High Level Switch,0.0
Seasonal_Storage_System,2024-08-07T03:41:30.886Z,Water Plant,Drain,Drain High Level Switch,0.0
Seasonal_Storage_System,2024-08-07T03:42:30.895Z,Water Plant,Drain,Drain High Level Switch,0.0
Seasonal_Storage_System,2024-08-07T03:43:30.99Z,Water Plant,Drain,Drain High Level Switch,0.0
Seasonal_Storage_System,2024-08-07T03:44:30.976Z,Water Plant,Drain,Drain High Level Switch,0.0
Seasonal_Storage_System,2024-08-07T03:45:30.99Z,Water Plant,Drain,Drain High Level Switch,0.0
Seasonal_Storage_System,2024-08-07T03:46:31.026Z,Water Plant,Drain,Drain High Level Switch,0.0
Seasonal_Storage_System,2024-08-07T03:47:31.015Z,Water Plant,Drain,Drain High Level Switch,0.0
Seasonal_Storage_System,2024-08-07T03:48:31.121Z,Water Plant,Drain,Drain High Level Switch,0.0
Seasonal_Storage_System,2024-08-07T03:49:31.122Z,Water Plant,Drain,Drain High Level Switch,0.0
Seasonal_Storage_System,2024-08-07T03:50:31.121Z,Water Plant,Drain,Drain High Level Switch,0.0
Seasonal_Storage_System,2024-08-07T03:51:31.124Z,Water Plant,Drain,Drain High Level Switch,0.0
Seasonal_Storage_System,2024-08-07T03:52:31.151Z,Water Plant,Drain,Drain High Level Switch,0.0
Seasonal_Storage_System,2024-08-07T03:53:31.194Z,Water Plant,Drain,Drain High Level Switch,0.0
Seasonal_Storage_System,2024-08-07T03:54:31.258Z,Water Plant,Drain,Drain High Level Switch,0.0
Seasonal_Storage_System,2024-08-07T03:55:31.191Z,Water Plant,Drain,Drain High Level Switch,0.0
Seasonal_Storage_System,2024-08-07T03:56:31.188Z,Water Plant,Drain,Drain High Level Switch,0.0
Seasonal_Storage_System,2024-08-07T03:57:31.191Z,Water Plant,Drain,Drain High Level Switch,0.0
Seasonal_Storage_System,2024-08-07T03:58:31.196Z,Water Plant,Drain,Drain High Level Switch,0.0
Seasonal_Storage_System,2024-08-07T03:59:31.194Z,Water Plant,Drain,Drain High Level Switch,0.0
Seasonal_Storage_System,2024-08-07T04:00:31.188Z,Water Plant,Drain,Drain High Level Switch,0.0
Seasonal_Storage_System,2024-08-07T04:01:31.189Z,Water Plant,Drain,Drain High Level Switch,0.0
Seasonal_Storage_System,2024-08-07T04:02:31.196Z,Water Plant,Drain,Drain High Level Switch,0.0
Seasonal_Storage_System,2024-08-07T04:03:31.196Z,Water Plant,Drain,Drain High Level Switch,0.0
Seasonal_Storage_System,2024-08-07T04:04:31.134Z,Water Plant,Drain,Drain High Level Switch,0.0
Seasonal_Storage_System,2024-08-07T04:05:31.126Z,Water Plant,Drain,Drain High Level Switch,0.0
Seasonal_Storage_System,2024-08-07T04:06:31.126Z,Water Plant,Drain,Drain High Level Switch,0.0
Seasonal_Storage_System,2024-08-07T04:07:31.127Z,Water Plant,Drain,Drain High Level Switch,0.0
Seasonal_Storage_System,2024-08-07T04:08:31.126Z,Water Plant,Drain,Drain High Level Switch,0.0
Seasonal_Storage_System,2024-08-07T04:09:31.126Z,Water Plant,Drain,Drain High Level Switch,0.0
Seasonal_Storage_System,2024-08-07T04:10:31.126Z,Water Plant,Drain,Drain High Level Switch,0.0
Seasonal_Storage_System,2024-08-07T04:11:31.127Z,Water Plant,Drain,Drain High Level Switch,0.0
Seasonal_Storage_System,2024-08-07T04:12:31.128Z,Water Plant,Drain,Drain High Level Switch,0.0
Seasonal_Storage_System,2024-08-07T04:13:31.204Z,Water Plant,Drain,Drain High Level Switch,0.0
Seasonal_Storage_System,2024-08-07T04:14:31.203Z,Water Plant,Drain,Drain High Level Switch,0.0
Seasonal_Storage_System,2024-08-07T04:15:31.2Z,Water Plant,Drain,Drain High Level Switch,0.0
Seasonal_Storage_System,2024-08-07T04:16:31.133Z,Water Plant,Drain,Drain High Level Switch,0.0
Seasonal_Storage_System,2024-08-07T04:17:31.134Z,Water Plant,Drain,Drain High Level Switch,0.0
Seasonal_Storage_System,2024-08-07T04:18:31.133Z,Water Plant,Drain,Drain High Level Switch,0.0
Seasonal_Storage_System,2024-08-07T04:19:31.255Z,Water Plant,Drain,Drain High Level Switch,0.0
Seasonal_Storage_System,2024-08-07T04:20:31.149Z,Water Plant,Drain,Drain High Level Switch,0.0
Seasonal_Storage_System,2024-08-07T04:21:31.15Z,Water Plant,Drain,Drain High Level Switch,0.0
Seasonal_Storage_System,2024-08-07T04:22:31.165Z,Water Plant,Drain,Drain High Level Switch,0.0
Seasonal_Storage_System,2024-08-07T04:23:31.164Z,Water Plant,Drain,Drain High Level Switch,0.0
Seasonal_Storage_System,2024-08-07T04:24:31.305Z,Water Plant,Drain,Drain High Level Switch,0.0
Seasonal_Storage_System,2024-08-07T04:25:31.296Z,Water Plant,Drain,Drain High Level Switch,0.0
Seasonal_Storage_System,2024-08-07T04:26:31.367Z,Water Plant,Drain,Drain High Level Switch,0.0
Seasonal_Storage_System,2024-08-07T04:27:31.339Z,Water Plant,Drain,Drain High Level Switch,0.0
Seasonal_Storage_System,2024-08-07T04:28:31.364Z,Water Plant,Drain,Drain High Level Switch,0.0
Seasonal_Storage_System,2024-08-07T04:29:31.417Z,Water Plant,Drain,Drain High Level Switch,0.0
Seasonal_Storage_System,2024-08-07T04:30:31.408Z,Water Plant,Drain,Drain High Level Switch,0.0
Seasonal_Storage_System,2024-08-07T04:31:31.45Z,Water Plant,Drain,Drain High Level Switch,0.0
Seasonal_Storage_System,2024-08-07T04:32:31.355Z,Water Plant,Drain,Drain High Level Switch,0.0
Seasonal_Storage_System,2024-08-07T04:33:31.442Z,Water Plant,Drain,Drain High Level Switch,0.0
Seasonal_Storage_System,2024-08-07T04:34:31.51Z,Water Plant,Drain,Drain High Level Switch,0.0
Seasonal_Storage_System,2024-08-07T04:35:31.418Z,Water Plant,Drain,Drain High Level Switch,0.0
Seasonal_Storage_System,2024-08-07T04:36:31.525Z,Water Plant,Drain,Drain High Level Switch,0.0
Seasonal_Storage_System,2024-08-07T04:37:31.554Z,Water Plant,Drain,Drain High Level Switch,0.0
Seasonal_Storage_System,2024-08-07T04:38:31.55Z,Water Plant,Drain,Drain High Level Switch,0.0
Seasonal_Storage_System,2024-08-07T04:39:31.58Z,Water Plant,Drain,Drain High Level Switch,0.0
Seasonal_Storage_System,2024-08-07T04:40:31.571Z,Water Plant,Drain,Drain High Level Switch,0.0
Seasonal_Storage_System,2024-08-07T04:41:31.58Z,Water Plant,Drain,Drain High Level Switch,0.0
Seasonal_Storage_System,2024-08-07T04:42:31.649Z,Water Plant,Drain,Drain High Level Switch,0.0
Seasonal_Storage_System,2024-08-07T04:43:31.679Z,Water Plant,Drain,Drain High Level Switch,0.0
Seasonal_Storage_System,2024-08-07T04:44:31.69Z,Water Plant,Drain,Drain High Level Switch,0.0
Seasonal_Storage_System,2024-08-07T04:45:31.686Z,Water Plant,Drain,Drain High Level Switch,0.0
Seasonal_Storage_System,2024-08-07T04:46:31.689Z,Water Plant,Drain,Drain High Level Switch,0.0
Seasonal_Storage_System,2024-08-07T04:47:31.695Z,Water Plant,Drain,Drain High Level Switch,0.0
Seasonal_Storage_System,2024-08-07T04:48:31.705Z,Water Plant,Drain,Drain High Level Switch,0.0
Seasonal_Storage_System,2024-08-07T04:49:31.707Z,Water Plant,Drain,Drain High Level Switch,0.0
Seasonal_Storage_System,2024-08-07T04:50:31.758Z,Water Plant,Drain,Drain High Level Switch,0.0
Seasonal_Storage_System,2024-08-07T04:51:31.751Z,Water Plant,Drain,Drain High Level Switch,0.0
Seasonal_Storage_System,2024-08-07T04:52:31.785Z,Water Plant,Drain,Drain High Level Switch,0.0
Seasonal_Storage_System,2024-08-07T04:53:31.798Z,Water Plant,Drain,Drain High Level Switch,0.0
Seasonal_Storage_System,2024-08-07T04:54:31.803Z,Water Plant,Drain,Drain High Level Switch,0.0
Seasonal_Storage_System,2024-08-07T04:55:31.833Z,Water Plant,Drain,Drain High Level Switch,0.0
Seasonal_Storage_System,2024-08-07T04:56:31.849Z,Water Plant,Drain,Drain High Level Switch,0.0
Seasonal_Storage_System,2024-08-07T04:57:31.857Z,Water Plant,Drain,Drain High Level Switch,0.0
Seasonal_Storage_System,2024-08-07T04:58:31.872Z,Water Plant,Drain,Drain High Level Switch,0.0
Seasonal_Storage_System,2024-08-07T04:59:31.892Z,Water Plant,Drain,Drain High Level Switch,0.0
Seasonal_Storage_System,2024-08-07T05:00:31.898Z,Water Plant,Drain,Drain High Level Switch,0.0
Seasonal_Storage_System,2024-08-07T05:01:31.925Z,Water Plant,Drain,Drain High Level Switch,0.0
Seasonal_Storage_System,2024-08-07T05:02:31.935Z,Water Plant,Drain,Drain High Level Switch,0.0
Seasonal_Storage_System,2024-08-07T05:03:31.867Z,Water Plant,Drain,Drain High Level Switch,0.0
Seasonal_Storage_System,2024-08-07T05:04:31.867Z,Water Plant,Drain,Drain High Level Switch,0.0
Seasonal_Storage_System,2024-08-07T05:05:31.868Z,Water Plant,Drain,Drain High Level Switch,0.0
Seasonal_Storage_System,2024-08-07T05:06:31.868Z,Water Plant,Drain,Drain High Level Switch,0.0
Seasonal_Storage_System,2024-08-07T05:07:31.868Z,Water Plant,Drain,Drain High Level Switch,0.0
Seasonal_Storage_System,2024-08-07T05:08:31.87Z,Water Plant,Drain,Drain High Level Switch,0.0
Seasonal_Storage_System,2024-08-07T05:09:31.871Z,Water Plant,Drain,Drain High Level Switch,0.0
Seasonal_Storage_System,2024-08-07T05:10:31.869Z,Water Plant,Drain,Drain High Level Switch,0.0
Seasonal_Storage_System,2024-08-07T05:11:31.876Z,Water Plant,Drain,Drain High Level Switch,0.0
Seasonal_Storage_System,2024-08-07T05:12:31.873Z,Water Plant,Drain,Drain High Level Switch,0.0
Seasonal_Storage_System,2024-08-07T05:13:31.876Z,Water Plant,Drain,Drain High Level Switch,0.0
Seasonal_Storage_System,2024-08-07T05:14:31.872Z,Water Plant,Drain,Drain High Level Switch,0.0
Seasonal_Storage_System,2024-08-07T05:15:31.872Z,Water Plant,Drain,Drain High Level Switch,0.0
Seasonal_Storage_System,2024-08-07T05:16:31.873Z,Water Plant,Drain,Drain High Level Switch,0.0
Seasonal_Storage_System,2024-08-07T05:17:31.872Z,Water Plant,Drain,Drain High Level Switch,0.0
Seasonal_Storage_System,2024-08-07T05:18:31.872Z,Water Plant,Drain,Drain High Level Switch,0.0
Seasonal_Storage_System,2024-08-07T05:19:31.873Z,Water Plant,Drain,Drain High Level Switch,0.0
Seasonal_Storage_System,2024-08-07T05:20:31.873Z,Water Plant,Drain,Drain High Level Switch,0.0
Seasonal_Storage_System,2024-08-07T05:21:31.872Z,Water Plant,Drain,Drain High Level Switch,0.0
Seasonal_Storage_System,2024-08-07T05:22:31.873Z,Water Plant,Drain,Drain High Level Switch,0.0
Seasonal_Storage_System,2024-08-07T05:23:31.876Z,Water Plant,Drain,Drain High Level Switch,0.0
Seasonal_Storage_System,2024-08-07T05:24:31.873Z,Water Plant,Drain,Drain High Level Switch,0.0
Seasonal_Storage_System,2024-08-07T05:25:31.873Z,Water Plant,Drain,Drain High Level Switch,0.0
Seasonal_Storage_System,2024-08-07T05:26:31.876Z,Water Plant,Drain,Drain High Level Switch,0.0
Seasonal_Storage_System,2024-08-07T05:27:31.881Z,Water Plant,Drain,Drain High Level Switch,0.0
Seasonal_Storage_System,2024-08-07T05:28:31.878Z,Water Plant,Drain,Drain High Level Switch,0.0
Seasonal_Storage_System,2024-08-07T05:29:31.879Z,Water Plant,Drain,Drain High Level Switch,0.0
Seasonal_Storage_System,2024-08-07T05:30:31.878Z,Water Plant,Drain,Drain High Level Switch,0.0
Seasonal_Storage_System,2024-08-07T05:31:31.88Z,Water Plant,Drain,Drain High Level Switch,0.0
Seasonal_Storage_System,2024-08-07T05:32:31.91Z,Water Plant,Drain,Drain High Level Switch,0.0
Seasonal_Storage_System,2024-08-07T05:33:31.894Z,Water Plant,Drain,Drain High Level Switch,0.0
Seasonal_Storage_System,2024-08-07T05:34:32.028Z,Water Plant,Drain,Drain High Level Switch,0.0
Seasonal_Storage_System,2024-08-07T05:35:32.027Z,Water Plant,Drain,Drain High Level Switch,0.0
Seasonal_Storage_System,2024-08-07T05:36:32.009Z,Water Plant,Drain,Drain High Level Switch,0.0
Seasonal_Storage_System,2024-08-07T05:37:32.046Z,Water Plant,Drain,Drain High Level Switch,0.0
Seasonal_Storage_System,2024-08-07T05:38:32.063Z,Water Plant,Drain,Drain High Level Switch,0.0
Seasonal_Storage_System,2024-08-07T05:39:32.079Z,Water Plant,Drain,Drain High Level Switch,0.0
Seasonal_Storage_System,2024-08-07T05:40:32.099Z,Water Plant,Drain,Drain High Level Switch,0.0
Seasonal_Storage_System,2024-08-07T05:41:32.126Z,Water Plant,Drain,Drain High Level Switch,0.0
Seasonal_Storage_System,2024-08-07T05:42:32.134Z,Water Plant,Drain,Drain High Level Switch,0.0
Seasonal_Storage_System,2024-08-07T05:43:32.144Z,Water Plant,Drain,Drain High Level Switch,0.0
Seasonal_Storage_System,2024-08-07T05:44:32.165Z,Water Plant,Drain,Drain High Level Switch,0.0
Seasonal_Storage_System,2024-08-07T05:45:32.178Z,Water Plant,Drain,Drain High Level Switch,0.0
Seasonal_Storage_System,2024-08-07T05:46:32.206Z,Water Plant,Drain,Drain High Level Switch,0.0
Seasonal_Storage_System,2024-08-07T05:47:32.241Z,Water Plant,Drain,Drain High Level Switch,0.0
Seasonal_Storage_System,2024-08-07T05:48:32.266Z,Water Plant,Drain,Drain High Level Switch,0.0
Seasonal_Storage_System,2024-08-07T05:49:32.277Z,Water Plant,Drain,Drain High Level Switch,0.0
Seasonal_Storage_System,2024-08-07T05:50:32.268Z,Water Plant,Drain,Drain High Level Switch,0.0
Seasonal_Storage_System,2024-08-07T05:51:32.278Z,Water Plant,Drain,Drain High Level Switch,0.0
Seasonal_Storage_System,2024-08-07T05:52:32.358Z,Water Plant,Drain,Drain High Level Switch,0.0
Seasonal_Storage_System,2024-08-07T05:53:32.389Z,Water Plant,Drain,Drain High Level Switch,0.0
Seasonal_Storage_System,2024-08-07T05:54:32.395Z,Water Plant,Drain,Drain High Level Switch,0.0
Seasonal_Storage_System,2024-08-07T05:55:32.426Z,Water Plant,Drain,Drain High Level Switch,0.0
Seasonal_Storage_System,2024-08-07T05:56:32.466Z,Water Plant,Drain,Drain High Level Switch,0.0
Seasonal_Storage_System,2024-08-07T05:57:32.504Z,Water Plant,Drain,Drain High Level Switch,0.0
Seasonal_Storage_System,2024-08-07T05:58:32.482Z,Water Plant,Drain,Drain High Level Switch,0.0
Seasonal_Storage_System,2024-08-07T05:59:32.481Z,Water Plant,Drain,Drain High Level Switch,0.0
Seasonal_Storage_System,2024-08-07T06:00:32.498Z,Water Plant,Drain,Drain High Level Switch,0.0
Seasonal_Storage_System,2024-08-07T06:01:32.499Z,Water Plant,Drain,Drain High Level Switch,0.0
Seasonal_Storage_System,2024-08-07T06:02:32.894Z,Water Plant,Drain,Drain High Level Switch,0.0
Seasonal_Storage_System,2024-08-07T06:03:32.749Z,Water Plant,Drain,Drain High Level Switch,0.0
Seasonal_Storage_System,2024-08-07T06:04:32.619Z,Water Plant,Drain,Drain High Level Switch,0.0
Seasonal_Storage_System,2024-08-07T06:05:32.621Z,Water Plant,Drain,Drain High Level Switch,0.0
Seasonal_Storage_System,2024-08-07T06:06:32.616Z,Water Plant,Drain,Drain High Level Switch,0.0
Seasonal_Storage_System,2024-08-07T06:07:32.615Z,Water Plant,Drain,Drain High Level Switch,0.0
Seasonal_Storage_System,2024-08-07T06:08:32.619Z,Water Plant,Drain,Drain High Level Switch,0.0
Seasonal_Storage_System,2024-08-07T06:09:32.621Z,Water Plant,Drain,Drain High Level Switch,0.0
Seasonal_Storage_System,2024-08-07T06:10:32.617Z,Water Plant,Drain,Drain High Level Switch,0.0
Seasonal_Storage_System,2024-08-07T06:11:32.618Z,Water Plant,Drain,Drain High Level Switch,0.0
Seasonal_Storage_System,2024-08-07T06:12:32.618Z,Water Plant,Drain,Drain High Level Switch,0.0
Seasonal_Storage_System,2024-08-07T06:13:32.62Z,Water Plant,Drain,Drain High Level Switch,0.0
Seasonal_Storage_System,2024-08-07T06:14:32.618Z,Water Plant,Drain,Drain High Level Switch,0.0
Seasonal_Storage_System,2024-08-07T06:15:32.618Z,Water Plant,Drain,Drain High Level Switch,0.0
Seasonal_Storage_System,2024-08-07T06:16:32.618Z,Water Plant,Drain,Drain High Level Switch,0.0
Seasonal_Storage_System,2024-08-07T06:17:32.839Z,Water Plant,Drain,Drain High Level Switch,0.0
Seasonal_Storage_System,2024-08-07T06:18:32.726Z,Water Plant,Drain,Drain High Level Switch,0.0
Seasonal_Storage_System,2024-08-07T06:19:32.724Z,Water Plant,Drain,Drain High Level Switch,0.0
Seasonal_Storage_System,2024-08-07T06:20:32.721Z,Water Plant,Drain,Drain High Level Switch,0.0
Seasonal_Storage_System,2024-08-07T06:21:32.717Z,Water Plant,Drain,Drain High Level Switch,0.0
Seasonal_Storage_System,2024-08-07T06:22:32.719Z,Water Plant,Drain,Drain High Level Switch,0.0
Seasonal_Storage_System,2024-08-07T06:23:32.726Z,Water Plant,Drain,Drain High Level Switch,0.0
Seasonal_Storage_System,2024-08-07T06:24:32.732Z,Water Plant,Drain,Drain High Level Switch,0.0
Seasonal_Storage_System,2024-08-07T06:25:32.737Z,Water Plant,Drain,Drain High Level Switch,0.0
Seasonal_Storage_System,2024-08-07T06:26:32.742Z,Water Plant,Drain,Drain High Level Switch,0.0
Seasonal_Storage_System,2024-08-07T06:27:32.74Z,Water Plant,Drain,Drain High Level Switch,0.0
Seasonal_Storage_System,2024-08-07T06:28:32.746Z,Water Plant,Drain,Drain High Level Switch,0.0
Seasonal_Storage_System,2024-08-07T06:29:32.67Z,Water Plant,Drain,Drain High Level Switch,0.0
Seasonal_Storage_System,2024-08-07T06:30:32.671Z,Water Plant,Drain,Drain High Level Switch,0.0
Seasonal_Storage_System,2024-08-07T06:31:32.669Z,Water Plant,Drain,Drain High Level Switch,0.0
Seasonal_Storage_System,2024-08-07T06:32:32.669Z,Water Plant,Drain,Drain High Level Switch,0.0
Seasonal_Storage_System,2024-08-07T06:33:32.753Z,Water Plant,Drain,Drain High Level Switch,0.0
Seasonal_Storage_System,2024-08-07T06:34:32.751Z,Water Plant,Drain,Drain High Level Switch,0.0
Seasonal_Storage_System,2024-08-07T06:35:32.786Z,Water Plant,Drain,Drain High Level Switch,0.0
Seasonal_Storage_System,2024-08-07T06:36:32.791Z,Water Plant,Drain,Drain High Level Switch,0.0
Seasonal_Storage_System,2024-08-07T06:37:32.8Z,Water Plant,Drain,Drain High Level Switch,0.0
Seasonal_Storage_System,2024-08-07T06:38:32.815Z,Water Plant,Drain,Drain High Level Switch,0.0
Seasonal_Storage_System,2024-08-07T06:39:32.859Z,Water Plant,Drain,Drain High Level Switch,0.0
Seasonal_Storage_System,2024-08-07T06:40:32.848Z,Water Plant,Drain,Drain High Level Switch,0.0
Seasonal_Storage_System,2024-08-07T06:41:32.856Z,Water Plant,Drain,Drain High Level Switch,0.0
Seasonal_Storage_System,2024-08-07T06:42:32.875Z,Water Plant,Drain,Drain High Level Switch,0.0
Seasonal_Storage_System,2024-08-07T06:43:32.926Z,Water Plant,Drain,Drain High Level Switch,0.0
Seasonal_Storage_System,2024-08-07T06:44:32.951Z,Water Plant,Drain,Drain High Level Switch,0.0
Seasonal_Storage_System,2024-08-07T06:45:32.945Z,Water Plant,Drain,Drain High Level Switch,0.0
Seasonal_Storage_System,2024-08-07T06:46:32.955Z,Water Plant,Drain,Drain High Level Switch,0.0
Seasonal_Storage_System,2024-08-07T06:47:33.011Z,Water Plant,Drain,Drain High Level Switch,0.0
Seasonal_Storage_System,2024-08-07T06:48:32.987Z,Water Plant,Drain,Drain High Level Switch,0.0
Seasonal_Storage_System,2024-08-07T06:49:32.99Z,Water Plant,Drain,Drain High Level Switch,0.0
Seasonal_Storage_System,2024-08-07T06:50:33.017Z,Water Plant,Drain,Drain High Level Switch,0.0
Seasonal_Storage_System,2024-08-07T06:51:33.093Z,Water Plant,Drain,Drain High Level Switch,0.0
Seasonal_Storage_System,2024-08-07T06:52:33.084Z,Water Plant,Drain,Drain High Level Switch,0.0
Seasonal_Storage_System,2024-08-07T06:53:33.103Z,Water Plant,Drain,Drain High Level Switch,0.0
Seasonal_Storage_System,2024-08-07T06:54:33.118Z,Water Plant,Drain,Drain High Level Switch,0.0
Seasonal_Storage_System,2024-08-07T06:55:33.191Z,Water Plant,Drain,Drain High Level Switch,0.0
Seasonal_Storage_System,2024-08-07T06:56:33.205Z,Water Plant,Drain,Drain High Level Switch,0.0
Seasonal_Storage_System,2024-08-07T06:57:33.227Z,Water Plant,Drain,Drain High Level Switch,0.0
Seasonal_Storage_System,2024-08-07T06:58:33.238Z,Water Plant,Drain,Drain High Level Switch,0.0
Seasonal_Storage_System,2024-08-07T06:59:33.253Z,Water Plant,Drain,Drain High Level Switch,0.0
Seasonal_Storage_System,2024-08-07T07:00:33.273Z,Water Plant,Drain,Drain High Level Switch,0.0
Seasonal_Storage_System,2024-08-07T07:01:33.32Z,Water Plant,Drain,Drain High Level Switch,0.0
Seasonal_Storage_System,2024-08-07T07:02:33.305Z,Water Plant,Drain,Drain High Level Switch,0.0
Seasonal_Storage_System,2024-08-07T07:03:33.309Z,Water Plant,Drain,Drain High Level Switch,0.0
Seasonal_Storage_System,2024-08-07T07:04:33.335Z,Water Plant,Drain,Drain High Level Switch,0.0
Seasonal_Storage_System,2024-08-07T07:05:33.343Z,Water Plant,Drain,Drain High Level Switch,0.0
Seasonal_Storage_System,2024-08-07T07:06:33.552Z,Water Plant,Drain,Drain High Level Switch,0.0
Seasonal_Storage_System,2024-08-07T07:07:33.546Z,Water Plant,Drain,Drain High Level Switch,0.0
Seasonal_Storage_System,2024-08-07T07:08:33.529Z,Water Plant,Drain,Drain High Level Switch,0.0
Seasonal_Storage_System,2024-08-07T07:09:33.516Z,Water Plant,Drain,Drain High Level Switch,0.0
Seasonal_Storage_System,2024-08-07T07:10:33.517Z,Water Plant,Drain,Drain High Level Switch,0.0
Seasonal_Storage_System,2024-08-07T07:11:33.451Z,Water Plant,Drain,Drain High Level Switch,0.0
Seasonal_Storage_System,2024-08-07T07:12:33.451Z,Water Plant,Drain,Drain High Level Switch,0.0
Seasonal_Storage_System,2024-08-07T07:13:33.633Z,Water Plant,Drain,Drain High Level Switch,0.0
Seasonal_Storage_System,2024-08-07T07:14:33.618Z,Water Plant,Drain,Drain High Level Switch,0.0
Seasonal_Storage_System,2024-08-07T07:15:33.624Z,Water Plant,Drain,Drain High Level Switch,0.0
Seasonal_Storage_System,2024-08-07T07:16:33.65Z,Water Plant,Drain,Drain High Level Switch,0.0
Seasonal_Storage_System,2024-08-07T07:17:33.673Z,Water Plant,Drain,Drain High Level Switch,0.0
Seasonal_Storage_System,2024-08-07T07:18:33.682Z,Water Plant,Drain,Drain High Level Switch,0.0
Seasonal_Storage_System,2024-08-07T07:19:33.692Z,Water Plant,Drain,Drain High Level Switch,0.0
Seasonal_Storage_System,2024-08-07T07:20:33.707Z,Water Plant,Drain,Drain High Level Switch,0.0
Seasonal_Storage_System,2024-08-07T07:21:33.716Z,Water Plant,Drain,Drain High Level Switch,0.0
Seasonal_Storage_System,2024-08-07T07:22:33.734Z,Water Plant,Drain,Drain High Level Switch,0.0
Seasonal_Storage_System,2024-08-07T07:23:33.765Z,Water Plant,Drain,Drain High Level Switch,0.0
Seasonal_Storage_System,2024-08-07T07:24:33.809Z,Water Plant,Drain,Drain High Level Switch,0.0
Seasonal_Storage_System,2024-08-07T07:25:33.86Z,Water Plant,Drain,Drain High Level Switch,0.0
Seasonal_Storage_System,2024-08-07T07:26:33.825Z,Water Plant,Drain,Drain High Level Switch,0.0
Seasonal_Storage_System,2024-08-07T07:27:33.842Z,Water Plant,Drain,Drain High Level Switch,0.0
Seasonal_Storage_System,2024-08-07T07:28:33.841Z,Water Plant,Drain,Drain High Level Switch,0.0
Seasonal_Storage_System,2024-08-07T07:29:33.858Z,Water Plant,Drain,Drain High Level Switch,0.0
Seasonal_Storage_System,2024-08-07T07:30:33.878Z,Water Plant,Drain,Drain High Level Switch,0.0
Seasonal_Storage_System,2024-08-07T07:31:33.915Z,Water Plant,Drain,Drain High Level Switch,0.0
Seasonal_Storage_System,2024-08-07T07:32:33.906Z,Water Plant,Drain,Drain High Level Switch,0.0
Seasonal_Storage_System,2024-08-07T07:33:33.933Z,Water Plant,Drain,Drain High Level Switch,0.0
Seasonal_Storage_System,2024-08-07T07:34:33.924Z,Water Plant,Drain,Drain High Level Switch,0.0
Seasonal_Storage_System,2024-08-07T07:35:33.923Z,Water Plant,Drain,Drain High Level Switch,0.0
Seasonal_Storage_System,2024-08-07T07:36:33.978Z,Water Plant,Drain,Drain High Level Switch,0.0
Seasonal_Storage_System,2024-08-07T07:37:33.987Z,Water Plant,Drain,Drain High Level Switch,0.0
Seasonal_Storage_System,2024-08-07T07:38:34.027Z,Water Plant,Drain,Drain High Level Switch,0.0
Seasonal_Storage_System,2024-08-07T07:39:34.025Z,Water Plant,Drain,Drain High Level Switch,0.0
Seasonal_Storage_System,2024-08-07T07:40:34.049Z,Water Plant,Drain,Drain High Level Switch,0.0
Seasonal_Storage_System,2024-08-07T07:41:34.049Z,Water Plant,Drain,Drain High Level Switch,0.0
Seasonal_Storage_System,2024-08-07T07:42:34.088Z,Water Plant,Drain,Drain High Level Switch,0.0
Seasonal_Storage_System,2024-08-07T07:43:34.086Z,Water Plant,Drain,Drain High Level Switch,0.0
Seasonal_Storage_System,2024-08-07T07:44:34.091Z,Water Plant,Drain,Drain High Level Switch,0.0
Seasonal_Storage_System,2024-08-07T07:45:34.144Z,Water Plant,Drain,Drain High Level Switch,0.0
Seasonal_Storage_System,2024-08-07T07:46:34.119Z,Water Plant,Drain,Drain High Level Switch,0.0
Seasonal_Storage_System,2024-08-07T07:47:34.198Z,Water Plant,Drain,Drain High Level Switch,0.0
Seasonal_Storage_System,2024-08-07T07:48:34.089Z,Water Plant,Drain,Drain High Level Switch,0.0
Seasonal_Storage_System,2024-08-07T07:49:34.214Z,Water Plant,Drain,Drain High Level Switch,0.0
Seasonal_Storage_System,2024-08-07T07:50:34.213Z,Water Plant,Drain,Drain High Level Switch,0.0
Seasonal_Storage_System,2024-08-07T07:51:34.186Z,Water Plant,Drain,Drain High Level Switch,0.0
Seasonal_Storage_System,2024-08-07T07:52:34.244Z,Water Plant,Drain,Drain High Level Switch,0.0
Seasonal_Storage_System,2024-08-07T07:53:34.262Z,Water Plant,Drain,Drain High Level Switch,0.0
Seasonal_Storage_System,2024-08-07T07:54:34.166Z,Water Plant,Drain,Drain High Level Switch,0.0
Seasonal_Storage_System,2024-08-07T07:55:34.265Z,Water Plant,Drain,Drain High Level Switch,0.0
Seasonal_Storage_System,2024-08-07T07:56:34.297Z,Water Plant,Drain,Drain High Level Switch,0.0
Seasonal_Storage_System,2024-08-07T07:57:34.341Z,Water Plant,Drain,Drain High Level Switch,0.0
Seasonal_Storage_System,2024-08-07T07:58:34.359Z,Water Plant,Drain,Drain High Level Switch,0.0
Seasonal_Storage_System,2024-08-07T07:59:34.4Z,Water Plant,Drain,Drain High Level Switch,0.0
Seasonal_Storage_System,2024-08-07T08:00:34.464Z,Water Plant,Drain,Drain High Level Switch,0.0
Seasonal_Storage_System,2024-08-07T08:01:34.445Z,Water Plant,Drain,Drain High Level Switch,0.0
Seasonal_Storage_System,2024-08-07T08:02:34.486Z,Water Plant,Drain,Drain High Level Switch,0.0
Seasonal_Storage_System,2024-08-07T08:03:34.481Z,Water Plant,Drain,Drain High Level Switch,0.0
Seasonal_Storage_System,2024-08-07T08:04:34.478Z,Water Plant,Drain,Drain High Level Switch,0.0
Seasonal_Storage_System,2024-08-07T08:05:34.465Z,Water Plant,Drain,Drain High Level Switch,0.0
Seasonal_Storage_System,2024-08-07T08:06:34.516Z,Water Plant,Drain,Drain High Level Switch,0.0
Seasonal_Storage_System,2024-08-07T08:07:34.589Z,Water Plant,Drain,Drain High Level Switch,0.0
Seasonal_Storage_System,2024-08-07T08:08:34.555Z,Water Plant,Drain,Drain High Level Switch,0.0
Seasonal_Storage_System,2024-08-07T08:09:34.791Z,Water Plant,Drain,Drain High Level Switch,0.0
Seasonal_Storage_System,2024-08-07T08:10:34.736Z,Water Plant,Drain,Drain High Level Switch,0.0
Seasonal_Storage_System,2024-08-07T08:11:34.735Z,Water Plant,Drain,Drain High Level Switch,0.0
Seasonal_Storage_System,2024-08-07T08:12:34.735Z,Water Plant,Drain,Drain High Level Switch,0.0
Seasonal_Storage_System,2024-08-07T08:13:34.744Z,Water Plant,Drain,Drain High Level Switch,0.0
Seasonal_Storage_System,2024-08-07T08:14:34.732Z,Water Plant,Drain,Drain High Level Switch,0.0
Seasonal_Storage_System,2024-08-07T08:15:34.74Z,Water Plant,Drain,Drain High Level Switch,0.0
Seasonal_Storage_System,2024-08-07T08:16:34.734Z,Water Plant,Drain,Drain High Level Switch,0.0
Seasonal_Storage_System,2024-08-07T08:17:34.739Z,Water Plant,Drain,Drain High Level Switch,0.0
Seasonal_Storage_System,2024-08-07T08:18:34.76Z,Water Plant,Drain,Drain High Level Switch,0.0
Seasonal_Storage_System,2024-08-07T08:19:34.769Z,Water Plant,Drain,Drain High Level Switch,0.0
Seasonal_Storage_System,2024-08-07T08:20:34.781Z,Water Plant,Drain,Drain High Level Switch,0.0
Seasonal_Storage_System,2024-08-07T08:21:34.812Z,Water Plant,Drain,Drain High Level Switch,0.0
Seasonal_Storage_System,2024-08-07T08:22:34.848Z,Water Plant,Drain,Drain High Level Switch,0.0
Seasonal_Storage_System,2024-08-07T08:23:34.9Z,Water Plant,Drain,Drain High Level Switch,0.0
Seasonal_Storage_System,2024-08-07T08:24:34.919Z,Water Plant,Drain,Drain High Level Switch,0.0
Seasonal_Storage_System,2024-08-07T08:25:34.949Z,Water Plant,Drain,Drain High Level Switch,0.0
Seasonal_Storage_System,2024-08-07T08:26:34.958Z,Water Plant,Drain,Drain High Level Switch,0.0
Seasonal_Storage_System,2024-08-07T08:27:34.978Z,Water Plant,Drain,Drain High Level Switch,0.0
Seasonal_Storage_System,2024-08-07T08:28:35.013Z,Water Plant,Drain,Drain High Level Switch,0.0
Seasonal_Storage_System,2024-08-07T08:29:35.015Z,Water Plant,Drain,Drain High Level Switch,0.0
Seasonal_Storage_System,2024-08-07T08:30:35.057Z,Water Plant,Drain,Drain High Level Switch,0.0
Seasonal_Storage_System,2024-08-07T08:31:35.036Z,Water Plant,Drain,Drain High Level Switch,0.0
Seasonal_Storage_System,2024-08-07T08:32:35.05Z,Water Plant,Drain,Drain High Level Switch,0.0
Seasonal_Storage_System,2024-08-07T08:33:35.111Z,Water Plant,Drain,Drain High Level Switch,0.0
Seasonal_Storage_System,2024-08-07T08:34:35.12Z,Water Plant,Drain,Drain High Level Switch,0.0
Seasonal_Storage_System,2024-08-07T08:35:35.142Z,Water Plant,Drain,Drain High Level Switch,0.0
Seasonal_Storage_System,2024-08-07T08:36:35.155Z,Water Plant,Drain,Drain High Level Switch,0.0
Seasonal_Storage_System,2024-08-07T08:37:35.182Z,Water Plant,Drain,Drain High Level Switch,0.0
Seasonal_Storage_System,2024-08-07T08:38:35.204Z,Water Plant,Drain,Drain High Level Switch,0.0
Seasonal_Storage_System,2024-08-07T08:39:35.28Z,Water Plant,Drain,Drain High Level Switch,0.0
Seasonal_Storage_System,2024-08-07T08:40:35.251Z,Water Plant,Drain,Drain High Level Switch,0.0
Seasonal_Storage_System,2024-08-07T08:41:35.29Z,Water Plant,Drain,Drain High Level Switch,0.0
Seasonal_Storage_System,2024-08-07T08:42:35.301Z,Water Plant,Drain,Drain High Level Switch,0.0
Seasonal_Storage_System,2024-08-07T08:43:35.313Z,Water Plant,Drain,Drain High Level Switch,0.0
Seasonal_Storage_System,2024-08-07T08:44:35.373Z,Water Plant,Drain,Drain High Level Switch,0.0
Seasonal_Storage_System,2024-08-07T08:45:35.373Z,Water Plant,Drain,Drain High Level Switch,0.0
Seasonal_Storage_System,2024-08-07T08:46:35.435Z,Water Plant,Drain,Drain High Level Switch,0.0
Seasonal_Storage_System,2024-08-07T08:47:35.438Z,Water Plant,Drain,Drain High Level Switch,0.0
Seasonal_Storage_System,2024-08-07T08:48:35.586Z,Water Plant,Drain,Drain High Level Switch,0.0
Seasonal_Storage_System,2024-08-07T08:49:35.558Z,Water Plant,Drain,Drain High Level Switch,0.0
Seasonal_Storage_System,2024-08-07T08:50:35.571Z,Water Plant,Drain,Drain High Level Switch,0.0
Seasonal_Storage_System,2024-08-07T08:51:35.565Z,Water Plant,Drain,Drain High Level Switch,0.0
Seasonal_Storage_System,2024-08-07T08:52:35.568Z,Water Plant,Drain,Drain High Level Switch,0.0
Seasonal_Storage_System,2024-08-07T08:53:35.567Z,Water Plant,Drain,Drain High Level Switch,0.0
Seasonal_Storage_System,2024-08-07T08:54:35.569Z,Water Plant,Drain,Drain High Level Switch,0.0
Seasonal_Storage_System,2024-08-07T08:55:35.561Z,Water Plant,Drain,Drain High Level Switch,0.0
Seasonal_Storage_System,2024-08-07T08:56:35.569Z,Water Plant,Drain,Drain High Level Switch,0.0
Seasonal_Storage_System,2024-08-07T08:57:35.569Z,Water Plant,Drain,Drain High Level Switch,0.0
Seasonal_Storage_System,2024-08-07T08:58:35.57Z,Water Plant,Drain,Drain High Level Switch,0.0
Seasonal_Storage_System,2024-08-07T08:59:35.562Z,Water Plant,Drain,Drain High Level Switch,0.0
Seasonal_Storage_System,2024-08-07T09:00:35.563Z,Water Plant,Drain,Drain High Level Switch,0.0
Seasonal_Storage_System,2024-08-07T09:01:35.569Z,Water Plant,Drain,Drain High Level Switch,0.0
Seasonal_Storage_System,2024-08-07T09:02:35.565Z,Water Plant,Drain,Drain High Level Switch,0.0
Seasonal_Storage_System,2024-08-07T09:03:35.566Z,Water Plant,Drain,Drain High Level Switch,0.0
Seasonal_Storage_System,2024-08-07T09:04:35.569Z,Water Plant,Drain,Drain High Level Switch,0.0
Seasonal_Storage_System,2024-08-07T09:05:35.573Z,Water Plant,Drain,Drain High Level Switch,0.0
Seasonal_Storage_System,2024-08-07T09:06:35.572Z,Water Plant,Drain,Drain High Level Switch,0.0
Seasonal_Storage_System,2024-08-07T09:07:35.568Z,Water Plant,Drain,Drain High Level Switch,0.0
Seasonal_Storage_System,2024-08-07T09:08:35.574Z,Water Plant,Drain,Drain High Level Switch,0.0
Seasonal_Storage_System,2024-08-07T09:09:35.568Z,Water Plant,Drain,Drain High Level Switch,0.0
Seasonal_Storage_System,2024-08-07T09:10:35.504Z,Water Plant,Drain,Drain High Level Switch,0.0
Seasonal_Storage_System,2024-08-07T09:11:35.506Z,Water Plant,Drain,Drain High Level Switch,0.0
Seasonal_Storage_System,2024-08-07T09:12:35.505Z,Water Plant,Drain,Drain High Level Switch,0.0
Seasonal_Storage_System,2024-08-07T09:13:35.57Z,Water Plant,Drain,Drain High Level Switch,0.0
Seasonal_Storage_System,2024-08-07T09:14:35.571Z,Water Plant,Drain,Drain High Level Switch,0.0
Seasonal_Storage_System,2024-08-07T09:15:35.507Z,Water Plant,Drain,Drain High Level Switch,0.0
Seasonal_Storage_System,2024-08-07T09:16:35.577Z,Water Plant,Drain,Drain High Level Switch,0.0
Seasonal_Storage_System,2024-08-07T09:17:35.572Z,Water Plant,Drain,Drain High Level Switch,0.0
Seasonal_Storage_System,2024-08-07T09:18:35.507Z,Water Plant,Drain,Drain High Level Switch,0.0
Seasonal_Storage_System,2024-08-07T09:19:35.571Z,Water Plant,Drain,Drain High Level Switch,0.0
Seasonal_Storage_System,2024-08-07T09:20:35.594Z,Water Plant,Drain,Drain High Level Switch,0.0
Seasonal_Storage_System,2024-08-07T09:21:35.572Z,Water Plant,Drain,Drain High Level Switch,0.0
Seasonal_Storage_System,2024-08-07T09:22:35.572Z,Water Plant,Drain,Drain High Level Switch,0.0
Seasonal_Storage_System,2024-08-07T09:23:35.581Z,Water Plant,Drain,Drain High Level Switch,0.0
Seasonal_Storage_System,2024-08-07T09:24:35.573Z,Water Plant,Drain,Drain High Level Switch,0.0
Seasonal_Storage_System,2024-08-07T09:25:35.573Z,Water Plant,Drain,Drain High Level Switch,0.0
Seasonal_Storage_System,2024-08-07T09:26:35.573Z,Water Plant,Drain,Drain High Level Switch,0.0
Seasonal_Storage_System,2024-08-07T09:27:35.573Z,Water Plant,Drain,Drain High Level Switch,0.0
Seasonal_Storage_System,2024-08-07T09:28:35.572Z,Water Plant,Drain,Drain High Level Switch,0.0
Seasonal_Storage_System,2024-08-07T09:29:35.572Z,Water Plant,Drain,Drain High Level Switch,0.0
Seasonal_Storage_System,2024-08-07T09:30:35.573Z,Water Plant,Drain,Drain High Level Switch,0.0
Seasonal_Storage_System,2024-08-07T09:31:35.578Z,Water Plant,Drain,Drain High Level Switch,0.0
Seasonal_Storage_System,2024-08-07T09:32:35.578Z,Water Plant,Drain,Drain High Level Switch,0.0
Seasonal_Storage_System,2024-08-07T09:33:35.577Z,Water Plant,Drain,Drain High Level Switch,0.0
Seasonal_Storage_System,2024-08-07T09:34:35.511Z,Water Plant,Drain,Drain High Level Switch,0.0
Seasonal_Storage_System,2024-08-07T09:35:35.584Z,Water Plant,Drain,Drain High Level Switch,0.0
Seasonal_Storage_System,2024-08-07T09:36:35.617Z,Water Plant,Drain,Drain High Level Switch,0.0
Seasonal_Storage_System,2024-08-07T09:37:35.644Z,Water Plant,Drain,Drain High Level Switch,0.0
Seasonal_Storage_System,2024-08-07T09:38:35.656Z,Water Plant,Drain,Drain High Level Switch,0.0
Seasonal_Storage_System,2024-08-07T09:39:35.687Z,Water Plant,Drain,Drain High Level Switch,0.0
Seasonal_Storage_System,2024-08-07T09:40:35.706Z,Water Plant,Drain,Drain High Level Switch,0.0
Seasonal_Storage_System,2024-08-07T09:41:35.729Z,Water Plant,Drain,Drain High Level Switch,0.0
Seasonal_Storage_System,2024-08-07T09:42:35.767Z,Water Plant,Drain,Drain High Level Switch,0.0
Seasonal_Storage_System,2024-08-07T09:43:35.795Z,Water Plant,Drain,Drain High Level Switch,0.0
Seasonal_Storage_System,2024-08-07T09:44:35.807Z,Water Plant,Drain,Drain High Level Switch,0.0
Seasonal_Storage_System,2024-08-07T09:45:35.835Z,Water Plant,Drain,Drain High Level Switch,0.0
Seasonal_Storage_System,2024-08-07T09:46:35.845Z,Water Plant,Drain,Drain High Level Switch,0.0
Seasonal_Storage_System,2024-08-07T09:47:35.864Z,Water Plant,Drain,Drain High Level Switch,0.0
Seasonal_Storage_System,2024-08-07T09:48:35.879Z,Water Plant,Drain,Drain High Level Switch,0.0
Seasonal_Storage_System,2024-08-07T09:49:36.021Z,Water Plant,Drain,Drain High Level Switch,0.0
Seasonal_Storage_System,2024-08-07T09:50:35.917Z,Water Plant,Drain,Drain High Level Switch,0.0
Seasonal_Storage_System,2024-08-07T09:51:35.964Z,Water Plant,Drain,Drain High Level Switch,0.0
Seasonal_Storage_System,2024-08-07T09:52:35.971Z,Water Plant,Drain,Drain High Level Switch,0.0
Seasonal_Storage_System,2024-08-07T09:53:35.967Z,Water Plant,Drain,Drain High Level Switch,0.0
Seasonal_Storage_System,2024-08-07T09:54:35.982Z,Water Plant,Drain,Drain High Level Switch,0.0
Seasonal_Storage_System,2024-08-07T09:55:36.018Z,Water Plant,Drain,Drain High Level Switch,0.0
Seasonal_Storage_System,2024-08-07T09:56:36.03Z,Water Plant,Drain,Drain High Level Switch,0.0
Seasonal_Storage_System,2024-08-07T09:57:36.095Z,Water Plant,Drain,Drain High Level Switch,0.0
Seasonal_Storage_System,2024-08-07T09:58:36.093Z,Water Plant,Drain,Drain High Level Switch,0.0
Seasonal_Storage_System,2024-08-07T09:59:36.088Z,Water Plant,Drain,Drain High Level Switch,0.0
Seasonal_Storage_System,2024-08-07T10:00:36.119Z,Water Plant,Drain,Drain High Level Switch,0.0
Seasonal_Storage_System,2024-08-07T10:01:36.151Z,Water Plant,Drain,Drain High Level Switch,0.0
Seasonal_Storage_System,2024-08-07T10:02:36.172Z,Water Plant,Drain,Drain High Level Switch,0.0
Seasonal_Storage_System,2024-08-07T10:03:36.17Z,Water Plant,Drain,Drain High Level Switch,0.0
Seasonal_Storage_System,2024-08-07T10:04:36.182Z,Water Plant,Drain,Drain High Level Switch,0.0
Seasonal_Storage_System,2024-08-07T10:05:36.173Z,Water Plant,Drain,Drain High Level Switch,0.0
Seasonal_Storage_System,2024-08-07T10:06:36.178Z,Water Plant,Drain,Drain High Level Switch,0.0
Seasonal_Storage_System,2024-08-07T10:07:36.192Z,Water Plant,Drain,Drain High Level Switch,0.0
Seasonal_Storage_System,2024-08-07T10:08:36.193Z,Water Plant,Drain,Drain High Level Switch,0.0
Seasonal_Storage_System,2024-08-07T10:09:36.186Z,Water Plant,Drain,Drain High Level Switch,0.0
Seasonal_Storage_System,2024-08-07T10:10:36.181Z,Water Plant,Drain,Drain High Level Switch,0.0
Seasonal_Storage_System,2024-08-07T10:11:36.183Z,Water Plant,Drain,Drain High Level Switch,0.0
Seasonal_Storage_System,2024-08-07T10:12:36.184Z,Water Plant,Drain,Drain High Level Switch,0.0
Seasonal_Storage_System,2024-08-07T10:13:36.177Z,Water Plant,Drain,Drain High Level Switch,0.0
Seasonal_Storage_System,2024-08-07T10:14:36.177Z,Water Plant,Drain,Drain High Level Switch,0.0
Seasonal_Storage_System,2024-08-07T10:15:36.114Z,Water Plant,Drain,Drain High Level Switch,0.0
Seasonal_Storage_System,2024-08-07T10:16:36.114Z,Water Plant,Drain,Drain High Level Switch,0.0
Seasonal_Storage_System,2024-08-07T10:17:36.183Z,Water Plant,Drain,Drain High Level Switch,0.0
Seasonal_Storage_System,2024-08-07T10:18:36.187Z,Water Plant,Drain,Drain High Level Switch,0.0
Seasonal_Storage_System,2024-08-07T10:19:36.177Z,Water Plant,Drain,Drain High Level Switch,0.0
Seasonal_Storage_System,2024-08-07T10:20:36.115Z,Water Plant,Drain,Drain High Level Switch,0.0
Seasonal_Storage_System,2024-08-07T10:21:36.115Z,Water Plant,Drain,Drain High Level Switch,0.0
Seasonal_Storage_System,2024-08-07T10:22:36.114Z,Water Plant,Drain,Drain High Level Switch,0.0
Seasonal_Storage_System,2024-08-07T10:23:36.212Z,Water Plant,Drain,Drain High Level Switch,0.0
Seasonal_Storage_System,2024-08-07T10:24:36.253Z,Water Plant,Drain,Drain High Level Switch,0.0
Seasonal_Storage_System,2024-08-07T10:25:36.301Z,Water Plant,Drain,Drain High Level Switch,0.0
Seasonal_Storage_System,2024-08-07T10:26:36.362Z,Water Plant,Drain,Drain High Level Switch,0.0
Seasonal_Storage_System,2024-08-07T10:27:36.354Z,Water Plant,Drain,Drain High Level Switch,0.0
Seasonal_Storage_System,2024-08-07T10:28:36.357Z,Water Plant,Drain,Drain High Level Switch,0.0
Seasonal_Storage_System,2024-08-07T10:29:36.36Z,Water Plant,Drain,Drain High Level Switch,0.0
Seasonal_Storage_System,2024-08-07T10:30:36.373Z,Water Plant,Drain,Drain High Level Switch,0.0
Seasonal_Storage_System,2024-08-07T10:31:36.376Z,Water Plant,Drain,Drain High Level Switch,0.0
Seasonal_Storage_System,2024-08-07T10:32:36.296Z,Water Plant,Drain,Drain High Level Switch,0.0
Seasonal_Storage_System,2024-08-07T10:33:36.296Z,Water Plant,Drain,Drain High Level Switch,0.0
Seasonal_Storage_System,2024-08-07T10:34:36.296Z,Water Plant,Drain,Drain High Level Switch,0.0
Seasonal_Storage_System,2024-08-07T10:35:36.368Z,Water Plant,Drain,Drain High Level Switch,0.0
Seasonal_Storage_System,2024-08-07T10:36:36.415Z,Water Plant,Drain,Drain High Level Switch,0.0
Seasonal_Storage_System,2024-08-07T10:37:36.476Z,Water Plant,Drain,Drain High Level Switch,0.0
Seasonal_Storage_System,2024-08-07T10:38:36.537Z,Water Plant,Drain,Drain High Level Switch,0.0
Seasonal_Storage_System,2024-08-07T10:39:36.611Z,Water Plant,Drain,Drain High Level Switch,0.0
Seasonal_Storage_System,2024-08-07T10:40:36.672Z,Water Plant,Drain,Drain High Level Switch,0.0
Seasonal_Storage_System,2024-08-07T10:41:36.612Z,Water Plant,Drain,Drain High Level Switch,0.0
Seasonal_Storage_System,2024-08-07T10:42:36.604Z,Water Plant,Drain,Drain High Level Switch,0.0
Seasonal_Storage_System,2024-08-07T10:43:36.626Z,Water Plant,Drain,Drain High Level Switch,0.0
Seasonal_Storage_System,2024-08-07T10:44:36.612Z,Water Plant,Drain,Drain High Level Switch,0.0
Seasonal_Storage_System,2024-08-07T10:45:36.609Z,Water Plant,Drain,Drain High Level Switch,0.0
Seasonal_Storage_System,2024-08-07T10:46:36.612Z,Water Plant,Drain,Drain High Level Switch,0.0
Seasonal_Storage_System,2024-08-07T10:47:36.616Z,Water Plant,Drain,Drain High Level Switch,0.0
Seasonal_Storage_System,2024-08-07T10:48:36.622Z,Water Plant,Drain,Drain High Level Switch,0.0
Seasonal_Storage_System,2024-08-07T10:49:36.617Z,Water Plant,Drain,Drain High Level Switch,0.0
Seasonal_Storage_System,2024-08-07T10:50:36.544Z,Water Plant,Drain,Drain High Level Switch,0.0
Seasonal_Storage_System,2024-08-07T10:51:36.543Z,Water Plant,Drain,Drain High Level Switch,0.0
Seasonal_Storage_System,2024-08-07T10:52:36.979Z,Water Plant,Drain,Drain High Level Switch,0.0
Seasonal_Storage_System,2024-08-07T10:53:36.849Z,Water Plant,Drain,Drain High Level Switch,0.0
Seasonal_Storage_System,2024-08-07T10:54:36.732Z,Water Plant,Drain,Drain High Level Switch,0.0
Seasonal_Storage_System,2024-08-07T10:55:36.732Z,Water Plant,Drain,Drain High Level Switch,0.0
Seasonal_Storage_System,2024-08-07T10:56:36.663Z,Water Plant,Drain,Drain High Level Switch,0.0
Seasonal_Storage_System,2024-08-07T10:57:36.662Z,Water Plant,Drain,Drain High Level Switch,0.0
Seasonal_Storage_System,2024-08-07T10:58:36.662Z,Water Plant,Drain,Drain High Level Switch,0.0
Seasonal_Storage_System,2024-08-07T10:59:36.663Z,Water Plant,Drain,Drain High Level Switch,0.0
Seasonal_Storage_System,2024-08-07T11:00:36.666Z,Water Plant,Drain,Drain High Level Switch,0.0
Seasonal_Storage_System,2024-08-07T11:01:36.674Z,Water Plant,Drain,Drain High Level Switch,0.0
Seasonal_Storage_System,2024-08-07T11:02:36.663Z,Water Plant,Drain,Drain High Level Switch,0.0
Seasonal_Storage_System,2024-08-07T11:03:36.663Z,Water Plant,Drain,Drain High Level Switch,0.0
Seasonal_Storage_System,2024-08-07T11:04:36.663Z,Water Plant,Drain,Drain High Level Switch,0.0
Seasonal_Storage_System,2024-08-07T11:05:36.665Z,Water Plant,Drain,Drain High Level Switch,0.0
Seasonal_Storage_System,2024-08-07T11:06:36.77Z,Water Plant,Drain,Drain High Level Switch,0.0
Seasonal_Storage_System,2024-08-07T11:07:36.796Z,Water Plant,Drain,Drain High Level Switch,0.0
Seasonal_Storage_System,2024-08-07T11:08:36.835Z,Water Plant,Drain,Drain High Level Switch,0.0
Seasonal_Storage_System,2024-08-07T11:09:36.861Z,Water Plant,Drain,Drain High Level Switch,0.0
Seasonal_Storage_System,2024-08-07T11:10:36.889Z,Water Plant,Drain,Drain High Level Switch,0.0
Seasonal_Storage_System,2024-08-07T11:11:36.884Z,Water Plant,Drain,Drain High Level Switch,0.0
Seasonal_Storage_System,2024-08-07T11:12:36.887Z,Water Plant,Drain,Drain High Level Switch,0.0
Seasonal_Storage_System,2024-08-07T11:13:36.89Z,Water Plant,Drain,Drain High Level Switch,0.0
Seasonal_Storage_System,2024-08-07T11:14:36.828Z,Water Plant,Drain,Drain High Level Switch,0.0
Seasonal_Storage_System,2024-08-07T11:15:36.907Z,Water Plant,Drain,Drain High Level Switch,0.0
Seasonal_Storage_System,2024-08-07T11:16:36.9Z,Water Plant,Drain,Drain High Level Switch,0.0
Seasonal_Storage_System,2024-08-07T11:17:36.897Z,Water Plant,Drain,Drain High Level Switch,0.0
Seasonal_Storage_System,2024-08-07T11:18:36.899Z,Water Plant,Drain,Drain High Level Switch,0.0
Seasonal_Storage_System,2024-08-07T11:19:37.145Z,Water Plant,Drain,Drain High Level Switch,0.0
Seasonal_Storage_System,2024-08-07T11:20:37.051Z,Water Plant,Drain,Drain High Level Switch,0.0
Seasonal_Storage_System,2024-08-07T11:21:37.038Z,Water Plant,Drain,Drain High Level Switch,0.0
Seasonal_Storage_System,2024-08-07T11:22:37.059Z,Water Plant,Drain,Drain High Level Switch,0.0
Seasonal_Storage_System,2024-08-07T11:23:37.052Z,Water Plant,Drain,Drain High Level Switch,0.0
Seasonal_Storage_System,2024-08-07T11:24:37.053Z,Water Plant,Drain,Drain High Level Switch,0.0
Seasonal_Storage_System,2024-08-07T11:25:37.053Z,Water Plant,Drain,Drain High Level Switch,0.0
Seasonal_Storage_System,2024-08-07T11:26:37.061Z,Water Plant,Drain,Drain High Level Switch,0.0
Seasonal_Storage_System,2024-08-07T11:27:37.057Z,Water Plant,Drain,Drain High Level Switch,0.0
Seasonal_Storage_System,2024-08-07T11:28:37.058Z,Water Plant,Drain,Drain High Level Switch,0.0
Seasonal_Storage_System,2024-08-07T11:29:37.048Z,Water Plant,Drain,Drain High Level Switch,0.0
Seasonal_Storage_System,2024-08-07T11:30:37.053Z,Water Plant,Drain,Drain High Level Switch,0.0
Seasonal_Storage_System,2024-08-07T11:31:37.053Z,Water Plant,Drain,Drain High Level Switch,0.0
Seasonal_Storage_System,2024-08-07T11:32:37.059Z,Water Plant,Drain,Drain High Level Switch,0.0
Seasonal_Storage_System,2024-08-07T11:33:37.118Z,Water Plant,Drain,Drain High Level Switch,0.0
Seasonal_Storage_System,2024-08-07T11:34:37.118Z,Water Plant,Drain,Drain High Level Switch,0.0
Seasonal_Storage_System,2024-08-07T11:35:37.14Z,Water Plant,Drain,Drain High Level Switch,0.0
Seasonal_Storage_System,2024-08-07T11:36:37.134Z,Water Plant,Drain,Drain High Level Switch,0.0
Seasonal_Storage_System,2024-08-07T11:37:37.134Z,Water Plant,Drain,Drain High Level Switch,0.0
Seasonal_Storage_System,2024-08-07T11:38:37.128Z,Water Plant,Drain,Drain High Level Switch,0.0
Seasonal_Storage_System,2024-08-07T11:39:37.129Z,Water Plant,Drain,Drain High Level Switch,0.0
Seasonal_Storage_System,2024-08-07T11:40:37.262Z,Water Plant,Drain,Drain High Level Switch,0.0
Seasonal_Storage_System,2024-08-07T11:41:37.139Z,Water Plant,Drain,Drain High Level Switch,0.0
Seasonal_Storage_System,2024-08-07T11:42:37.211Z,Water Plant,Drain,Drain High Level Switch,0.0
Seasonal_Storage_System,2024-08-07T11:43:37.161Z,Water Plant,Drain,Drain High Level Switch,0.0
Seasonal_Storage_System,2024-08-07T11:44:37.077Z,Water Plant,Drain,Drain High Level Switch,0.0
Seasonal_Storage_System,2024-08-07T11:45:37.076Z,Water Plant,Drain,Drain High Level Switch,0.0
Seasonal_Storage_System,2024-08-07T11:46:37.079Z,Water Plant,Drain,Drain High Level Switch,0.0
Seasonal_Storage_System,2024-08-07T11:47:37.078Z,Water Plant,Drain,Drain High Level Switch,0.0
Seasonal_Storage_System,2024-08-07T11:48:37.076Z,Water Plant,Drain,Drain High Level Switch,0.0
Seasonal_Storage_System,2024-08-07T11:49:37.076Z,Water Plant,Drain,Drain High Level Switch,0.0
Seasonal_Storage_System,2024-08-07T11:50:37.077Z,Water Plant,Drain,Drain High Level Switch,0.0
Seasonal_Storage_System,2024-08-07T11:51:37.076Z,Water Plant,Drain,Drain High Level Switch,0.0
Seasonal_Storage_System,2024-08-07T11:52:37.077Z,Water Plant,Drain,Drain High Level Switch,0.0
Seasonal_Storage_System,2024-08-07T11:53:37.076Z,Water Plant,Drain,Drain High Level Switch,0.0
Seasonal_Storage_System,2024-08-07T11:54:37.085Z,Water Plant,Drain,Drain High Level Switch,0.0
Seasonal_Storage_System,2024-08-07T11:55:37.19Z,Water Plant,Drain,Drain High Level Switch,0.0
Seasonal_Storage_System,2024-08-07T11:56:37.268Z,Water Plant,Drain,Drain High Level Switch,0.0
Seasonal_Storage_System,2024-08-07T11:57:37.202Z,Water Plant,Drain,Drain High Level Switch,0.0
Seasonal_Storage_System,2024-08-07T11:58:37.208Z,Water Plant,Drain,Drain High Level Switch,0.0
Seasonal_Storage_System,2024-08-07T11:59:37.203Z,Water Plant,Drain,Drain High Level Switch,0.0
Seasonal_Storage_System,2024-08-07T12:00:37.233Z,Water Plant,Drain,Drain High Level Switch,0.0
Seasonal_Storage_System,2024-08-07T12:01:37.216Z,Water Plant,Drain,Drain High Level Switch,0.0
Seasonal_Storage_System,2024-08-07T12:02:37.208Z,Water Plant,Drain,Drain High Level Switch,0.0
Seasonal_Storage_System,2024-08-07T12:03:37.199Z,Water Plant,Drain,Drain High Level Switch,0.0
Seasonal_Storage_System,2024-08-07T12:04:37.658Z,Water Plant,Drain,Drain High Level Switch,0.0
Seasonal_Storage_System,2024-08-07T12:05:37.512Z,Water Plant,Drain,Drain High Level Switch,0.0
Seasonal_Storage_System,2024-08-07T12:06:37.51Z,Water Plant,Drain,Drain High Level Switch,0.0
Seasonal_Storage_System,2024-08-07T12:07:37.505Z,Water Plant,Drain,Drain High Level Switch,0.0
Seasonal_Storage_System,2024-08-07T12:08:37.504Z,Water Plant,Drain,Drain High Level Switch,0.0
Seasonal_Storage_System,2024-08-07T12:09:37.512Z,Water Plant,Drain,Drain High Level Switch,0.0
Seasonal_Storage_System,2024-08-07T12:10:37.512Z,Water Plant,Drain,Drain High Level Switch,0.0
Seasonal_Storage_System,2024-08-07T12:11:37.441Z,Water Plant,Drain,Drain High Level Switch,0.0
Seasonal_Storage_System,2024-08-07T12:12:37.512Z,Water Plant,Drain,Drain High Level Switch,0.0
Seasonal_Storage_System,2024-08-07T12:13:37.505Z,Water Plant,Drain,Drain High Level Switch,0.0
Seasonal_Storage_System,2024-08-07T12:14:37.528Z,Water Plant,Drain,Drain High Level Switch,0.0
Seasonal_Storage_System,2024-08-07T12:15:37.52Z,Water Plant,Drain,Drain High Level Switch,0.0
Seasonal_Storage_System,2024-08-07T12:16:37.513Z,Water Plant,Drain,Drain High Level Switch,0.0
Seasonal_Storage_System,2024-08-07T12:17:37.521Z,Water Plant,Drain,Drain High Level Switch,0.0
Seasonal_Storage_System,2024-08-07T12:18:37.519Z,Water Plant,Drain,Drain High Level Switch,0.0
Seasonal_Storage_System,2024-08-07T12:19:37.519Z,Water Plant,Drain,Drain High Level Switch,0.0
Seasonal_Storage_System,2024-08-07T12:20:37.515Z,Water Plant,Drain,Drain High Level Switch,0.0
Seasonal_Storage_System,2024-08-07T12:21:37.634Z,Water Plant,Drain,Drain High Level Switch,0.0
Seasonal_Storage_System,2024-08-07T12:22:37.642Z,Water Plant,Drain,Drain High Level Switch,0.0
Seasonal_Storage_System,2024-08-07T12:23:37.565Z,Water Plant,Drain,Drain High Level Switch,0.0
Seasonal_Storage_System,2024-08-07T12:24:37.569Z,Water Plant,Drain,Drain High Level Switch,0.0
Seasonal_Storage_System,2024-08-07T12:25:37.593Z,Water Plant,Drain,Drain High Level Switch,0.0
Seasonal_Storage_System,2024-08-07T12:26:37.56Z,Water Plant,Drain,Drain High Level Switch,0.0
Seasonal_Storage_System,2024-08-07T12:27:37.56Z,Water Plant,Drain,Drain High Level Switch,0.0
Seasonal_Storage_System,2024-08-07T12:28:37.594Z,Water Plant,Drain,Drain High Level Switch,0.0
Seasonal_Storage_System,2024-08-07T12:29:37.645Z,Water Plant,Drain,Drain High Level Switch,0.0
Seasonal_Storage_System,2024-08-07T12:30:37.743Z,Water Plant,Drain,Drain High Level Switch,0.0
Seasonal_Storage_System,2024-08-07T12:31:37.789Z,Water Plant,Drain,Drain High Level Switch,0.0
Seasonal_Storage_System,2024-08-07T12:32:37.873Z,Water Plant,Drain,Drain High Level Switch,0.0
Seasonal_Storage_System,2024-08-07T12:33:37.958Z,Water Plant,Drain,Drain High Level Switch,0.0
Seasonal_Storage_System,2024-08-07T12:34:38Z,Water Plant,Drain,Drain High Level Switch,0.0
Seasonal_Storage_System,2024-08-07T12:35:38.068Z,Water Plant,Drain,Drain High Level Switch,0.0
Seasonal_Storage_System,2024-08-07T12:36:38.01Z,Water Plant,Drain,Drain High Level Switch,0.0
Seasonal_Storage_System,2024-08-07T12:37:38.01Z,Water Plant,Drain,Drain High Level Switch,0.0
Seasonal_Storage_System,2024-08-07T12:38:38.038Z,Water Plant,Drain,Drain High Level Switch,0.0
Seasonal_Storage_System,2024-08-07T12:39:38.1Z,Water Plant,Drain,Drain High Level Switch,0.0
Seasonal_Storage_System,2024-08-07T12:40:38.056Z,Water Plant,Drain,Drain High Level Switch,0.0
Seasonal_Storage_System,2024-08-07T12:41:38.088Z,Water Plant,Drain,Drain High Level Switch,0.0
Seasonal_Storage_System,2024-08-07T12:42:38.092Z,Water Plant,Drain,Drain High Level Switch,0.0
Seasonal_Storage_System,2024-08-07T12:43:38.092Z,Water Plant,Drain,Drain High Level Switch,0.0
Seasonal_Storage_System,2024-08-07T12:44:38.107Z,Water Plant,Drain,Drain High Level Switch,0.0
Seasonal_Storage_System,2024-08-07T12:45:38.15Z,Water Plant,Drain,Drain High Level Switch,0.0
Seasonal_Storage_System,2024-08-07T12:46:38.223Z,Water Plant,Drain,Drain High Level Switch,0.0
Seasonal_Storage_System,2024-08-07T12:47:38.314Z,Water Plant,Drain,Drain High Level Switch,0.0
Seasonal_Storage_System,2024-08-07T12:48:38.311Z,Water Plant,Drain,Drain High Level Switch,0.0
Seasonal_Storage_System,2024-08-07T12:49:38.381Z,Water Plant,Drain,Drain High Level Switch,0.0
Seasonal_Storage_System,2024-08-07T12:50:38.425Z,Water Plant,Drain,Drain High Level Switch,0.0
Seasonal_Storage_System,2024-08-07T12:51:38.428Z,Water Plant,Drain,Drain High Level Switch,0.0
Seasonal_Storage_System,2024-08-07T12:52:38.496Z,Water Plant,Drain,Drain High Level Switch,0.0
Seasonal_Storage_System,2024-08-07T12:53:38.359Z,Water Plant,Drain,Drain High Level Switch,0.0
Seasonal_Storage_System,2024-08-07T12:54:38.359Z,Water Plant,Drain,Drain High Level Switch,0.0
Seasonal_Storage_System,2024-08-07T12:55:38.465Z,Water Plant,Drain,Drain High Level Switch,0.0
Seasonal_Storage_System,2024-08-07T12:56:38.441Z,Water Plant,Drain,Drain High Level Switch,0.0
Seasonal_Storage_System,2024-08-07T12:57:38.43Z,Water Plant,Drain,Drain High Level Switch,0.0
Seasonal_Storage_System,2024-08-07T12:58:38.431Z,Water Plant,Drain,Drain High Level Switch,0.0
Seasonal_Storage_System,2024-08-07T12:59:38.47Z,Water Plant,Drain,Drain High Level Switch,0.0
Seasonal_Storage_System,2024-08-07T13:00:38.529Z,Water Plant,Drain,Drain High Level Switch,0.0
Seasonal_Storage_System,2024-08-07T13:01:38.558Z,Water Plant,Drain,Drain High Level Switch,0.0
Seasonal_Storage_System,2024-08-07T13:02:38.572Z,Water Plant,Drain,Drain High Level Switch,0.0
Seasonal_Storage_System,2024-08-07T13:03:38.634Z,Water Plant,Drain,Drain High Level Switch,0.0
Seasonal_Storage_System,2024-08-07T13:04:38.671Z,Water Plant,Drain,Drain High Level Switch,0.0
Seasonal_Storage_System,2024-08-07T13:05:38.73Z,Water Plant,Drain,Drain High Level Switch,0.0
Seasonal_Storage_System,2024-08-07T13:06:38.736Z,Water Plant,Drain,Drain High Level Switch,0.0
Seasonal_Storage_System,2024-08-07T13:07:38.736Z,Water Plant,Drain,Drain High Level Switch,0.0
Seasonal_Storage_System,2024-08-07T13:08:38.666Z,Water Plant,Drain,Drain High Level Switch,0.0
Seasonal_Storage_System,2024-08-07T13:09:38.666Z,Water Plant,Drain,Drain High Level Switch,0.0
Seasonal_Storage_System,2024-08-07T13:10:38.678Z,Water Plant,Drain,Drain High Level Switch,0.0
Seasonal_Storage_System,2024-08-07T13:11:38.667Z,Water Plant,Drain,Drain High Level Switch,0.0
Seasonal_Storage_System,2024-08-07T13:12:38.668Z,Water Plant,Drain,Drain High Level Switch,0.0
Seasonal_Storage_System,2024-08-07T13:13:38.689Z,Water Plant,Drain,Drain High Level Switch,0.0
Seasonal_Storage_System,2024-08-07T13:14:38.9Z,Water Plant,Drain,Drain High Level Switch,0.0
Seasonal_Storage_System,2024-08-07T13:15:38.833Z,Water Plant,Drain,Drain High Level Switch,0.0
Seasonal_Storage_System,2024-08-07T13:16:38.838Z,Water Plant,Drain,Drain High Level Switch,0.0
Seasonal_Storage_System,2024-08-07T13:17:38.831Z,Water Plant,Drain,Drain High Level Switch,0.0
Seasonal_Storage_System,2024-08-07T13:18:38.83Z,Water Plant,Drain,Drain High Level Switch,0.0
Seasonal_Storage_System,2024-08-07T13:19:38.831Z,Water Plant,Drain,Drain High Level Switch,0.0
Seasonal_Storage_System,2024-08-07T13:20:38.761Z,Water Plant,Drain,Drain High Level Switch,0.0
Seasonal_Storage_System,2024-08-07T13:21:38.973Z,Water Plant,Drain,Drain High Level Switch,0.0
Seasonal_Storage_System,2024-08-07T13:22:38.815Z,Water Plant,Drain,Drain High Level Switch,0.0
Seasonal_Storage_System,2024-08-07T13:23:38.818Z,Water Plant,Drain,Drain High Level Switch,0.0
Seasonal_Storage_System,2024-08-07T13:24:38.815Z,Water Plant,Drain,Drain High Level Switch,0.0
Seasonal_Storage_System,2024-08-07T13:25:38.815Z,Water Plant,Drain,Drain High Level Switch,0.0
Seasonal_Storage_System,2024-08-07T13:26:38.814Z,Water Plant,Drain,Drain High Level Switch,0.0
Seasonal_Storage_System,2024-08-07T13:27:38.892Z,Water Plant,Drain,Drain High Level Switch,0.0
Seasonal_Storage_System,2024-08-07T13:28:38.821Z,Water Plant,Drain,Drain High Level Switch,0.0
Seasonal_Storage_System,2024-08-07T13:29:38.899Z,Water Plant,Drain,Drain High Level Switch,0.0
Seasonal_Storage_System,2024-08-07T13:30:38.899Z,Water Plant,Drain,Drain High Level Switch,0.0
Seasonal_Storage_System,2024-08-07T13:31:38.894Z,Water Plant,Drain,Drain High Level Switch,0.0
Seasonal_Storage_System,2024-08-07T13:32:38.902Z,Water Plant,Drain,Drain High Level Switch,0.0
Seasonal_Storage_System,2024-08-07T13:33:38.825Z,Water Plant,Drain,Drain High Level Switch,0.0
Seasonal_Storage_System,2024-08-07T13:34:38.825Z,Water Plant,Drain,Drain High Level Switch,0.0
Seasonal_Storage_System,2024-08-07T13:35:38.955Z,Water Plant,Drain,Drain High Level Switch,0.0
Seasonal_Storage_System,2024-08-07T13:36:38.95Z,Water Plant,Drain,Drain High Level Switch,0.0
Seasonal_Storage_System,2024-08-07T13:37:38.965Z,Water Plant,Drain,Drain High Level Switch,0.0
Seasonal_Storage_System,2024-08-07T13:38:38.973Z,Water Plant,Drain,Drain High Level Switch,0.0
Seasonal_Storage_System,2024-08-07T13:39:38.97Z,Water Plant,Drain,Drain High Level Switch,0.0
Seasonal_Storage_System,2024-08-07T13:40:38.965Z,Water Plant,Drain,Drain High Level Switch,0.0
Seasonal_Storage_System,2024-08-07T13:41:38.892Z,Water Plant,Drain,Drain High Level Switch,0.0
Seasonal_Storage_System,2024-08-07T13:42:38.893Z,Water Plant,Drain,Drain High Level Switch,0.0
Seasonal_Storage_System,2024-08-07T13:43:39.029Z,Water Plant,Drain,Drain High Level Switch,0.0
Seasonal_Storage_System,2024-08-07T13:44:39.034Z,Water Plant,Drain,Drain High Level Switch,0.0
Seasonal_Storage_System,2024-08-07T13:45:39.057Z,Water Plant,Drain,Drain High Level Switch,0.0
Seasonal_Storage_System,2024-08-07T13:46:39.056Z,Water Plant,Drain,Drain High Level Switch,0.0
Seasonal_Storage_System,2024-08-07T13:47:39.056Z,Water Plant,Drain,Drain High Level Switch,0.0
Seasonal_Storage_System,2024-08-07T13:48:39.057Z,Water Plant,Drain,Drain High Level Switch,0.0
Seasonal_Storage_System,2024-08-07T13:49:39.073Z,Water Plant,Drain,Drain High Level Switch,0.0
Seasonal_Storage_System,2024-08-07T13:50:39.069Z,Water Plant,Drain,Drain High Level Switch,0.0
Seasonal_Storage_System,2024-08-07T13:51:39.066Z,Water Plant,Drain,Drain High Level Switch,0.0
Seasonal_Storage_System,2024-08-07T13:52:39.064Z,Water Plant,Drain,Drain High Level Switch,0.0
Seasonal_Storage_System,2024-08-07T13:53:39.073Z,Water Plant,Drain,Drain High Level Switch,0.0
Seasonal_Storage_System,2024-08-07T13:54:39.079Z,Water Plant,Drain,Drain High Level Switch,0.0
Seasonal_Storage_System,2024-08-07T13:55:39.08Z,Water Plant,Drain,Drain High Level Switch,0.0
Seasonal_Storage_System,2024-08-07T13:56:39.155Z,Water Plant,Drain,Drain High Level Switch,0.0
Seasonal_Storage_System,2024-08-07T13:57:39.082Z,Water Plant,Drain,Drain High Level Switch,0.0
Seasonal_Storage_System,2024-08-07T13:58:39.02Z,Water Plant,Drain,Drain High Level Switch,0.0
Seasonal_Storage_System,2024-08-07T13:59:39.021Z,Water Plant,Drain,Drain High Level Switch,0.0
Seasonal_Storage_System,2024-08-07T14:00:39.019Z,Water Plant,Drain,Drain High Level Switch,0.0
Seasonal_Storage_System,2024-08-07T14:01:39.02Z,Water Plant,Drain,Drain High Level Switch,0.0
Seasonal_Storage_System,2024-08-07T14:02:39.02Z,Water Plant,Drain,Drain High Level Switch,0.0
Seasonal_Storage_System,2024-08-07T14:03:39.026Z,Water Plant,Drain,Drain High Level Switch,0.0
Seasonal_Storage_System,2024-08-07T14:04:39.025Z,Water Plant,Drain,Drain High Level Switch,0.0
Seasonal_Storage_System,2024-08-07T14:05:39.101Z,Water Plant,Drain,Drain High Level Switch,0.0
Seasonal_Storage_System,2024-08-07T14:06:39.094Z,Water Plant,Drain,Drain High Level Switch,0.0
Seasonal_Storage_System,2024-08-07T14:07:39.093Z,Water Plant,Drain,Drain High Level Switch,0.0
Seasonal_Storage_System,2024-08-07T14:08:39.1Z,Water Plant,Drain,Drain High Level Switch,0.0
Seasonal_Storage_System,2024-08-07T14:09:39.094Z,Water Plant,Drain,Drain High Level Switch,0.0
Seasonal_Storage_System,2024-08-07T14:10:39.091Z,Water Plant,Drain,Drain High Level Switch,0.0
Seasonal_Storage_System,2024-08-07T14:11:39.099Z,Water Plant,Drain,Drain High Level Switch,0.0
Seasonal_Storage_System,2024-08-07T14:12:39.148Z,Water Plant,Drain,Drain High Level Switch,0.0
Seasonal_Storage_System,2024-08-07T14:13:39.146Z,Water Plant,Drain,Drain High Level Switch,0.0
Seasonal_Storage_System,2024-08-07T14:14:39.152Z,Water Plant,Drain,Drain High Level Switch,0.0
Seasonal_Storage_System,2024-08-07T14:15:39.151Z,Water Plant,Drain,Drain High Level Switch,0.0
Seasonal_Storage_System,2024-08-07T14:16:39.085Z,Water Plant,Drain,Drain High Level Switch,0.0
Seasonal_Storage_System,2024-08-07T14:17:39.082Z,Water Plant,Drain,Drain High Level Switch,0.0
Seasonal_Storage_System,2024-08-07T14:18:39.09Z,Water Plant,Drain,Drain High Level Switch,0.0
Seasonal_Storage_System,2024-08-07T14:19:39.09Z,Water Plant,Drain,Drain High Level Switch,0.0
Seasonal_Storage_System,2024-08-07T14:20:39.094Z,Water Plant,Drain,Drain High Level Switch,0.0
Seasonal_Storage_System,2024-08-07T14:21:39.085Z,Water Plant,Drain,Drain High Level Switch,0.0
Seasonal_Storage_System,2024-08-07T14:22:39.086Z,Water Plant,Drain,Drain High Level Switch,0.0
Seasonal_Storage_System,2024-08-07T14:23:39.103Z,Water Plant,Drain,Drain High Level Switch,0.0
Seasonal_Storage_System,2024-08-07T14:24:39.088Z,Water Plant,Drain,Drain High Level Switch,0.0
Seasonal_Storage_System,2024-08-07T14:25:39.088Z,Water Plant,Drain,Drain High Level Switch,0.0
Seasonal_Storage_System,2024-08-07T14:26:39.203Z,Water Plant,Drain,Drain High Level Switch,0.0
Seasonal_Storage_System,2024-08-07T14:27:39.243Z,Water Plant,Drain,Drain High Level Switch,0.0
Seasonal_Storage_System,2024-08-07T14:28:39.313Z,Water Plant,Drain,Drain High Level Switch,0.0
Seasonal_Storage_System,2024-08-07T14:29:39.366Z,Water Plant,Drain,Drain High Level Switch,0.0
Seasonal_Storage_System,2024-08-07T14:30:39.304Z,Water Plant,Drain,Drain High Level Switch,0.0
Seasonal_Storage_System,2024-08-07T14:31:39.302Z,Water Plant,Drain,Drain High Level Switch,0.0
Seasonal_Storage_System,2024-08-07T14:32:39.321Z,Water Plant,Drain,Drain High Level Switch,0.0
Seasonal_Storage_System,2024-08-07T14:33:39.309Z,Water Plant,Drain,Drain High Level Switch,0.0
Seasonal_Storage_System,2024-08-07T14:34:39.315Z,Water Plant,Drain,Drain High Level Switch,0.0
Seasonal_Storage_System,2024-08-07T14:35:39.324Z,Water Plant,Drain,Drain High Level Switch,0.0
Seasonal_Storage_System,2024-08-07T14:36:39.342Z,Water Plant,Drain,Drain High Level Switch,0.0
Seasonal_Storage_System,2024-08-07T14:37:39.357Z,Water Plant,Drain,Drain High Level Switch,0.0
Seasonal_Storage_System,2024-08-07T14:38:39.422Z,Water Plant,Drain,Drain High Level Switch,0.0
Seasonal_Storage_System,2024-08-07T14:39:39.484Z,Water Plant,Drain,Drain High Level Switch,0.0
Seasonal_Storage_System,2024-08-07T14:40:39.478Z,Water Plant,Drain,Drain High Level Switch,0.0
Seasonal_Storage_System,2024-08-07T14:41:39.478Z,Water Plant,Drain,Drain High Level Switch,0.0
Seasonal_Storage_System,2024-08-07T14:42:39.41Z,Water Plant,Drain,Drain High Level Switch,0.0
Seasonal_Storage_System,2024-08-07T14:43:39.409Z,Water Plant,Drain,Drain High Level Switch,0.0
Seasonal_Storage_System,2024-08-07T14:44:39.41Z,Water Plant,Drain,Drain High Level Switch,0.0
Seasonal_Storage_System,2024-08-07T14:45:39.488Z,Water Plant,Drain,Drain High Level Switch,0.0
Seasonal_Storage_System,2024-08-07T14:46:39.489Z,Water Plant,Drain,Drain High Level Switch,0.0
Seasonal_Storage_System,2024-08-07T14:47:39.416Z,Water Plant,Drain,Drain High Level Switch,0.0
Seasonal_Storage_System,2024-08-07T14:48:39.415Z,Water Plant,Drain,Drain High Level Switch,0.0
Seasonal_Storage_System,2024-08-07T14:49:39.416Z,Water Plant,Drain,Drain High Level Switch,0.0
Seasonal_Storage_System,2024-08-07T14:50:39.425Z,Water Plant,Drain,Drain High Level Switch,0.0
Seasonal_Storage_System,2024-08-07T14:51:39.553Z,Water Plant,Drain,Drain High Level Switch,0.0
Seasonal_Storage_System,2024-08-07T14:52:39.63Z,Water Plant,Drain,Drain High Level Switch,0.0
Seasonal_Storage_System,2024-08-07T14:53:39.557Z,Water Plant,Drain,Drain High Level Switch,0.0
Seasonal_Storage_System,2024-08-07T14:54:39.557Z,Water Plant,Drain,Drain High Level Switch,0.0
Seasonal_Storage_System,2024-08-07T14:55:39.567Z,Water Plant,Drain,Drain High Level Switch,0.0
Seasonal_Storage_System,2024-08-07T14:56:39.563Z,Water Plant,Drain,Drain High Level Switch,0.0
Seasonal_Storage_System,2024-08-07T14:57:39.552Z,Water Plant,Drain,Drain High Level Switch,0.0
Seasonal_Storage_System,2024-08-07T14:58:39.488Z,Water Plant,Drain,Drain High Level Switch,0.0
Seasonal_Storage_System,2024-08-07T14:59:39.487Z,Water Plant,Drain,Drain High Level Switch,0.0
Seasonal_Storage_System,2024-08-07T15:00:39.567Z,Water Plant,Drain,Drain High Level Switch,0.0
Seasonal_Storage_System,2024-08-07T15:01:39.565Z,Water Plant,Drain,Drain High Level Switch,0.0
Seasonal_Storage_System,2024-08-07T15:02:39.562Z,Water Plant,Drain,Drain High Level Switch,0.0
Seasonal_Storage_System,2024-08-07T15:03:39.58Z,Water Plant,Drain,Drain High Level Switch,0.0
Seasonal_Storage_System,2024-08-07T15:04:39.575Z,Water Plant,Drain,Drain High Level Switch,0.0
Seasonal_Storage_System,2024-08-07T15:05:39.564Z,Water Plant,Drain,Drain High Level Switch,0.0
Seasonal_Storage_System,2024-08-07T15:06:39.565Z,Water Plant,Drain,Drain High Level Switch,0.0
Seasonal_Storage_System,2024-08-07T15:07:39.57Z,Water Plant,Drain,Drain High Level Switch,0.0
Seasonal_Storage_System,2024-08-07T15:08:39.571Z,Water Plant,Drain,Drain High Level Switch,0.0
Seasonal_Storage_System,2024-08-07T15:09:39.572Z,Water Plant,Drain,Drain High Level Switch,0.0
Seasonal_Storage_System,2024-08-07T15:10:39.577Z,Water Plant,Drain,Drain High Level Switch,0.0
Seasonal_Storage_System,2024-08-07T15:11:39.583Z,Water Plant,Drain,Drain High Level Switch,0.0
Seasonal_Storage_System,2024-08-07T15:12:39.582Z,Water Plant,Drain,Drain High Level Switch,0.0
Seasonal_Storage_System,2024-08-07T15:13:39.569Z,Water Plant,Drain,Drain High Level Switch,0.0
Seasonal_Storage_System,2024-08-07T15:14:39.588Z,Water Plant,Drain,Drain High Level Switch,0.0
Seasonal_Storage_System,2024-08-07T15:15:39.586Z,Water Plant,Drain,Drain High Level Switch,0.0
Seasonal_Storage_System,2024-08-07T15:16:39.595Z,Water Plant,Drain,Drain High Level Switch,0.0
Seasonal_Storage_System,2024-08-07T15:17:39.604Z,Water Plant,Drain,Drain High Level Switch,0.0
Seasonal_Storage_System,2024-08-07T15:18:39.597Z,Water Plant,Drain,Drain High Level Switch,0.0
Seasonal_Storage_System,2024-08-07T15:19:39.595Z,Water Plant,Drain,Drain High Level Switch,0.0
Seasonal_Storage_System,2024-08-07T15:20:39.531Z,Water Plant,Drain,Drain High Level Switch,0.0
Seasonal_Storage_System,2024-08-07T15:21:39.533Z,Water Plant,Drain,Drain High Level Switch,0.0
Seasonal_Storage_System,2024-08-07T15:22:39.603Z,Water Plant,Drain,Drain High Level Switch,0.0
Seasonal_Storage_System,2024-08-07T15:23:39.603Z,Water Plant,Drain,Drain High Level Switch,0.0
Seasonal_Storage_System,2024-08-07T15:24:39.667Z,Water Plant,Drain,Drain High Level Switch,0.0
Seasonal_Storage_System,2024-08-07T15:25:39.709Z,Water Plant,Drain,Drain High Level Switch,0.0
Seasonal_Storage_System,2024-08-07T15:26:39.763Z,Water Plant,Drain,Drain High Level Switch,0.0
Seasonal_Storage_System,2024-08-07T15:27:39.817Z,Water Plant,Drain,Drain High Level Switch,0.0
Seasonal_Storage_System,2024-08-07T15:28:39.878Z,Water Plant,Drain,Drain High Level Switch,0.0
Seasonal_Storage_System,2024-08-07T15:29:39.938Z,Water Plant,Drain,Drain High Level Switch,0.0
Seasonal_Storage_System,2024-08-07T15:30:39.95Z,Water Plant,Drain,Drain High Level Switch,0.0
Seasonal_Storage_System,2024-08-07T15:31:39.949Z,Water Plant,Drain,Drain High Level Switch,0.0
Seasonal_Storage_System,2024-08-07T15:32:39.948Z,Water Plant,Drain,Drain High Level Switch,0.0
Seasonal_Storage_System,2024-08-07T15:33:39.95Z,Water Plant,Drain,Drain High Level Switch,0.0
Seasonal_Storage_System,2024-08-07T15:34:39.964Z,Water Plant,Drain,Drain High Level Switch,0.0
Seasonal_Storage_System,2024-08-07T15:35:39.957Z,Water Plant,Drain,Drain High Level Switch,0.0
Seasonal_Storage_System,2024-08-07T15:36:39.884Z,Water Plant,Drain,Drain High Level Switch,0.0
Seasonal_Storage_System,2024-08-07T15:37:39.884Z,Water Plant,Drain,Drain High Level Switch,0.0
Seasonal_Storage_System,2024-08-07T15:38:39.997Z,Water Plant,Drain,Drain High Level Switch,0.0
Seasonal_Storage_System,2024-08-07T15:39:40.067Z,Water Plant,Drain,Drain High Level Switch,0.0
Seasonal_Storage_System,2024-08-07T15:40:40.09Z,Water Plant,Drain,Drain High Level Switch,0.0
Seasonal_Storage_System,2024-08-07T15:41:40.135Z,Water Plant,Drain,Drain High Level Switch,0.0
Seasonal_Storage_System,2024-08-07T15:42:40.135Z,Water Plant,Drain,Drain High Level Switch,0.0
Seasonal_Storage_System,2024-08-07T15:43:40.142Z,Water Plant,Drain,Drain High Level Switch,0.0
Seasonal_Storage_System,2024-08-07T15:44:40.139Z,Water Plant,Drain,Drain High Level Switch,0.0
Seasonal_Storage_System,2024-08-07T15:45:40.14Z,Water Plant,Drain,Drain High Level Switch,0.0
Seasonal_Storage_System,2024-08-07T15:46:40.144Z,Water Plant,Drain,Drain High Level Switch,0.0
Seasonal_Storage_System,2024-08-07T15:47:40.07Z,Water Plant,Drain,Drain High Level Switch,0.0
Seasonal_Storage_System,2024-08-07T15:48:40.07Z,Water Plant,Drain,Drain High Level Switch,0.0
Seasonal_Storage_System,2024-08-07T15:49:40.07Z,Water Plant,Drain,Drain High Level Switch,0.0
Seasonal_Storage_System,2024-08-07T15:50:40.071Z,Water Plant,Drain,Drain High Level Switch,0.0
Seasonal_Storage_System,2024-08-07T15:51:40.078Z,Water Plant,Drain,Drain High Level Switch,0.0
Seasonal_Storage_System,2024-08-07T15:52:40.073Z,Water Plant,Drain,Drain High Level Switch,0.0
Seasonal_Storage_System,2024-08-07T15:53:40.072Z,Water Plant,Drain,Drain High Level Switch,0.0
Seasonal_Storage_System,2024-08-07T15:54:40.072Z,Water Plant,Drain,Drain High Level Switch,0.0
Seasonal_Storage_System,2024-08-07T15:55:40.074Z,Water Plant,Drain,Drain High Level Switch,0.0
Seasonal_Storage_System,2024-08-07T15:56:40.072Z,Water Plant,Drain,Drain High Level Switch,0.0
Seasonal_Storage_System,2024-08-07T15:57:40.072Z,Water Plant,Drain,Drain High Level Switch,0.0
Seasonal_Storage_System,2024-08-07T15:58:40.073Z,Water Plant,Drain,Drain High Level Switch,0.0
Seasonal_Storage_System,2024-08-07T15:59:40.073Z,Water Plant,Drain,Drain High Level Switch,0.0
Seasonal_Storage_System,2024-08-07T16:00:40.193Z,Water Plant,Drain,Drain High Level Switch,0.0
Seasonal_Storage_System,2024-08-07T16:01:40.264Z,Water Plant,Drain,Drain High Level Switch,0.0
Seasonal_Storage_System,2024-08-07T16:02:40.308Z,Water Plant,Drain,Drain High Level Switch,0.0
Seasonal_Storage_System,2024-08-07T16:03:40.31Z,Water Plant,Drain,Drain High Level Switch,0.0
Seasonal_Storage_System,2024-08-07T16:04:40.32Z,Water Plant,Drain,Drain High Level Switch,0.0
Seasonal_Storage_System,2024-08-07T16:05:40.322Z,Water Plant,Drain,Drain High Level Switch,0.0
Seasonal_Storage_System,2024-08-07T16:06:40.307Z,Water Plant,Drain,Drain High Level Switch,0.0
Seasonal_Storage_System,2024-08-07T16:07:40.312Z,Water Plant,Drain,Drain High Level Switch,0.0
Seasonal_Storage_System,2024-08-07T16:08:40.307Z,Water Plant,Drain,Drain High Level Switch,0.0
Seasonal_Storage_System,2024-08-07T16:09:40.317Z,Water Plant,Drain,Drain High Level Switch,0.0
Seasonal_Storage_System,2024-08-07T16:10:40.323Z,Water Plant,Drain,Drain High Level Switch,0.0
Seasonal_Storage_System,2024-08-07T16:11:40.315Z,Water Plant,Drain,Drain High Level Switch,0.0
Seasonal_Storage_System,2024-08-07T16:12:40.35Z,Water Plant,Drain,Drain High Level Switch,0.0
Seasonal_Storage_System,2024-08-07T16:13:40.331Z,Water Plant,Drain,Drain High Level Switch,0.0
Seasonal_Storage_System,2024-08-07T16:14:40.327Z,Water Plant,Drain,Drain High Level Switch,0.0
Seasonal_Storage_System,2024-08-07T16:15:40.326Z,Water Plant,Drain,Drain High Level Switch,0.0
Seasonal_Storage_System,2024-08-07T16:16:40.332Z,Water Plant,Drain,Drain High Level Switch,0.0
Seasonal_Storage_System,2024-08-07T16:17:40.336Z,Water Plant,Drain,Drain High Level Switch,0.0
Seasonal_Storage_System,2024-08-07T16:18:40.338Z,Water Plant,Drain,Drain High Level Switch,0.0
Seasonal_Storage_System,2024-08-07T16:19:40.345Z,Water Plant,Drain,Drain High Level Switch,0.0
Seasonal_Storage_System,2024-08-07T16:20:40.274Z,Water Plant,Drain,Drain High Level Switch,0.0
Seasonal_Storage_System,2024-08-07T16:21:40.361Z,Water Plant,Drain,Drain High Level Switch,0.0
Seasonal_Storage_System,2024-08-07T16:22:40.426Z,Water Plant,Drain,Drain High Level Switch,0.0
Seasonal_Storage_System,2024-08-07T16:23:40.474Z,Water Plant,Drain,Drain High Level Switch,0.0
Seasonal_Storage_System,2024-08-07T16:24:40.439Z,Water Plant,Drain,Drain High Level Switch,0.0
Seasonal_Storage_System,2024-08-07T16:25:40.426Z,Water Plant,Drain,Drain High Level Switch,0.0
Seasonal_Storage_System,2024-08-07T16:26:40.346Z,Water Plant,Drain,Drain High Level Switch,0.0
Seasonal_Storage_System,2024-08-07T16:27:40.347Z,Water Plant,Drain,Drain High Level Switch,0.0
Seasonal_Storage_System,2024-08-07T16:28:40.347Z,Water Plant,Drain,Drain High Level Switch,0.0
Seasonal_Storage_System,2024-08-07T16:29:40.504Z,Water Plant,Drain,Drain High Level Switch,0.0
Seasonal_Storage_System,2024-08-07T16:30:40.484Z,Water Plant,Drain,Drain High Level Switch,0.0
Seasonal_Storage_System,2024-08-07T16:31:40.467Z,Water Plant,Drain,Drain High Level Switch,0.0
Seasonal_Storage_System,2024-08-07T16:32:40.495Z,Water Plant,Drain,Drain High Level Switch,0.0
Seasonal_Storage_System,2024-08-07T16:33:40.453Z,Water Plant,Drain,Drain High Level Switch,0.0
Seasonal_Storage_System,2024-08-07T16:34:40.366Z,Water Plant,Drain,Drain High Level Switch,0.0
Seasonal_Storage_System,2024-08-07T16:35:40.466Z,Water Plant,Drain,Drain High Level Switch,0.0
Seasonal_Storage_System,2024-08-07T16:36:40.555Z,Water Plant,Drain,Drain High Level Switch,0.0
Seasonal_Storage_System,2024-08-07T16:37:40.736Z,Water Plant,Drain,Drain High Level Switch,0.0
Seasonal_Storage_System,2024-08-07T16:38:40.846Z,Water Plant,Drain,Drain High Level Switch,0.0
Seasonal_Storage_System,2024-08-07T16:39:40.747Z,Water Plant,Drain,Drain High Level Switch,0.0
Seasonal_Storage_System,2024-08-07T16:40:40.747Z,Water Plant,Drain,Drain High Level Switch,0.0
Seasonal_Storage_System,2024-08-07T16:41:40.747Z,Water Plant,Drain,Drain High Level Switch,0.0
Seasonal_Storage_System,2024-08-07T16:42:40.748Z,Water Plant,Drain,Drain High Level Switch,0.0
Seasonal_Storage_System,2024-08-07T16:43:40.747Z,Water Plant,Drain,Drain High Level Switch,0.0
Seasonal_Storage_System,2024-08-07T16:44:40.863Z,Water Plant,Drain,Drain High Level Switch,0.0
Seasonal_Storage_System,2024-08-07T16:45:40.857Z,Water Plant,Drain,Drain High Level Switch,0.0
Seasonal_Storage_System,2024-08-07T16:46:40.835Z,Water Plant,Drain,Drain High Level Switch,0.0
Seasonal_Storage_System,2024-08-07T16:47:40.858Z,Water Plant,Drain,Drain High Level Switch,0.0
Seasonal_Storage_System,2024-08-07T16:48:40.835Z,Water Plant,Drain,Drain High Level Switch,0.0
Seasonal_Storage_System,2024-08-07T16:49:40.861Z,Water Plant,Drain,Drain High Level Switch,0.0
Seasonal_Storage_System,2024-08-07T16:50:40.838Z,Water Plant,Drain,Drain High Level Switch,0.0
Seasonal_Storage_System,2024-08-07T16:51:40.756Z,Water Plant,Drain,Drain High Level Switch,0.0
Seasonal_Storage_System,2024-08-07T16:52:40.755Z,Water Plant,Drain,Drain High Level Switch,0.0
Seasonal_Storage_System,2024-08-07T16:53:40.853Z,Water Plant,Drain,Drain High Level Switch,0.0
Seasonal_Storage_System,2024-08-07T16:54:40.846Z,Water Plant,Drain,Drain High Level Switch,0.0
Seasonal_Storage_System,2024-08-07T16:55:40.871Z,Water Plant,Drain,Drain High Level Switch,0.0
Seasonal_Storage_System,2024-08-07T16:56:40.835Z,Water Plant,Drain,Drain High Level Switch,0.0
Seasonal_Storage_System,2024-08-07T16:57:40.773Z,Water Plant,Drain,Drain High Level Switch,0.0
Seasonal_Storage_System,2024-08-07T16:58:40.773Z,Water Plant,Drain,Drain High Level Switch,0.0
Seasonal_Storage_System,2024-08-07T16:59:40.861Z,Water Plant,Drain,Drain High Level Switch,0.0
Seasonal_Storage_System,2024-08-07T17:00:40.86Z,Water Plant,Drain,Drain High Level Switch,0.0
Seasonal_Storage_System,2024-08-07T17:01:40.876Z,Water Plant,Drain,Drain High Level Switch,0.0
Seasonal_Storage_System,2024-08-07T17:02:40.988Z,Water Plant,Drain,Drain High Level Switch,0.0
Seasonal_Storage_System,2024-08-07T17:03:40.79Z,Water Plant,Drain,Drain High Level Switch,0.0
Seasonal_Storage_System,2024-08-07T17:04:40.79Z,Water Plant,Drain,Drain High Level Switch,0.0
Seasonal_Storage_System,2024-08-07T17:05:40.791Z,Water Plant,Drain,Drain High Level Switch,0.0
Seasonal_Storage_System,2024-08-07T17:06:40.79Z,Water Plant,Drain,Drain High Level Switch,0.0
Seasonal_Storage_System,2024-08-07T17:07:40.79Z,Water Plant,Drain,Drain High Level Switch,0.0
Seasonal_Storage_System,2024-08-07T17:08:40.791Z,Water Plant,Drain,Drain High Level Switch,0.0
Seasonal_Storage_System,2024-08-07T17:09:40.937Z,Water Plant,Drain,Drain High Level Switch,0.0
Seasonal_Storage_System,2024-08-07T17:10:40.895Z,Water Plant,Drain,Drain High Level Switch,0.0
Seasonal_Storage_System,2024-08-07T17:11:41.038Z,Water Plant,Drain,Drain High Level Switch,0.0
Seasonal_Storage_System,2024-08-07T17:12:41.113Z,Water Plant,Drain,Drain High Level Switch,0.0
Seasonal_Storage_System,2024-08-07T17:13:41.086Z,Water Plant,Drain,Drain High Level Switch,0.0
Seasonal_Storage_System,2024-08-07T17:14:41.14Z,Water Plant,Drain,Drain High Level Switch,0.0
Seasonal_Storage_System,2024-08-07T17:15:41.126Z,Water Plant,Drain,Drain High Level Switch,0.0
Seasonal_Storage_System,2024-08-07T17:16:41.102Z,Water Plant,Drain,Drain High Level Switch,0.0
Seasonal_Storage_System,2024-08-07T17:17:41.126Z,Water Plant,Drain,Drain High Level Switch,0.0
Seasonal_Storage_System,2024-08-07T17:18:41.1Z,Water Plant,Drain,Drain High Level Switch,0.0
Seasonal_Storage_System,2024-08-07T17:19:41.11Z,Water Plant,Drain,Drain High Level Switch,0.0
Seasonal_Storage_System,2024-08-07T17:20:41.038Z,Water Plant,Drain,Drain High Level Switch,0.0
Seasonal_Storage_System,2024-08-07T17:21:41.037Z,Water Plant,Drain,Drain High Level Switch,0.0
Seasonal_Storage_System,2024-08-07T17:22:41.038Z,Water Plant,Drain,Drain High Level Switch,0.0
Seasonal_Storage_System,2024-08-07T17:23:41.12Z,Water Plant,Drain,Drain High Level Switch,0.0
Seasonal_Storage_System,2024-08-07T17:24:41.113Z,Water Plant,Drain,Drain High Level Switch,0.0
Seasonal_Storage_System,2024-08-07T17:25:41.119Z,Water Plant,Drain,Drain High Level Switch,0.0
Seasonal_Storage_System,2024-08-07T17:26:41.114Z,Water Plant,Drain,Drain High Level Switch,0.0
Seasonal_Storage_System,2024-08-07T17:27:41.173Z,Water Plant,Drain,Drain High Level Switch,0.0
Seasonal_Storage_System,2024-08-07T17:28:41.139Z,Water Plant,Drain,Drain High Level Switch,0.0
Seasonal_Storage_System,2024-08-07T17:29:41.121Z,Water Plant,Drain,Drain High Level Switch,0.0
Seasonal_Storage_System,2024-08-07T17:30:41.16Z,Water Plant,Drain,Drain High Level Switch,0.0
Seasonal_Storage_System,2024-08-07T17:31:41.134Z,Water Plant,Drain,Drain High Level Switch,0.0
Seasonal_Storage_System,2024-08-07T17:32:41.055Z,Water Plant,Drain,Drain High Level Switch,0.0
Seasonal_Storage_System,2024-08-07T17:33:41.054Z,Water Plant,Drain,Drain High Level Switch,0.0
Seasonal_Storage_System,2024-08-07T17:34:41.057Z,Water Plant,Drain,Drain High Level Switch,0.0
Seasonal_Storage_System,2024-08-07T17:35:41.055Z,Water Plant,Drain,Drain High Level Switch,0.0
Seasonal_Storage_System,2024-08-07T17:36:41.055Z,Water Plant,Drain,Drain High Level Switch,0.0
Seasonal_Storage_System,2024-08-07T17:37:41.056Z,Water Plant,Drain,Drain High Level Switch,0.0
Seasonal_Storage_System,2024-08-07T17:38:41.054Z,Water Plant,Drain,Drain High Level Switch,0.0
Seasonal_Storage_System,2024-08-07T17:39:41.316Z,Water Plant,Drain,Drain High Level Switch,0.0
Seasonal_Storage_System,2024-08-07T17:40:41.185Z,Water Plant,Drain,Drain High Level Switch,0.0
Seasonal_Storage_System,2024-08-07T17:41:41.208Z,Water Plant,Drain,Drain High Level Switch,0.0
Seasonal_Storage_System,2024-08-07T17:42:41.206Z,Water Plant,Drain,Drain High Level Switch,0.0
Seasonal_Storage_System,2024-08-07T17:43:41.234Z,Water Plant,Drain,Drain High Level Switch,0.0
Seasonal_Storage_System,2024-08-07T17:44:41.361Z,Water Plant,Drain,Drain High Level Switch,0.0
Seasonal_Storage_System,2024-08-07T17:45:41.361Z,Water Plant,Drain,Drain High Level Switch,0.0
Seasonal_Storage_System,2024-08-07T17:46:41.256Z,Water Plant,Drain,Drain High Level Switch,0.0
Seasonal_Storage_System,2024-08-07T17:47:41.25Z,Water Plant,Drain,Drain High Level Switch,0.0
Seasonal_Storage_System,2024-08-07T17:48:41.189Z,Water Plant,Drain,Drain High Level Switch,0.0
Seasonal_Storage_System,2024-08-07T17:49:41.263Z,Water Plant,Drain,Drain High Level Switch,0.0
Seasonal_Storage_System,2024-08-07T17:50:41.245Z,Water Plant,Drain,Drain High Level Switch,0.0
Seasonal_Storage_System,2024-08-07T17:51:41.177Z,Water Plant,Drain,Drain High Level Switch,0.0
Seasonal_Storage_System,2024-08-07T17:52:41.431Z,Water Plant,Drain,Drain High Level Switch,0.0
Seasonal_Storage_System,2024-08-07T17:53:41.254Z,Water Plant,Drain,Drain High Level Switch,0.0
Seasonal_Storage_System,2024-08-07T17:54:41.259Z,Water Plant,Drain,Drain High Level Switch,0.0
Seasonal_Storage_System,2024-08-07T17:55:41.261Z,Water Plant,Drain,Drain High Level Switch,0.0
Seasonal_Storage_System,2024-08-07T17:56:41.19Z,Water Plant,Drain,Drain High Level Switch,0.0
Seasonal_Storage_System,2024-08-07T17:57:41.191Z,Water Plant,Drain,Drain High Level Switch,0.0
Seasonal_Storage_System,2024-08-07T17:58:41.192Z,Water Plant,Drain,Drain High Level Switch,0.0
Seasonal_Storage_System,2024-08-07T17:59:41.212Z,Water Plant,Drain,Drain High Level Switch,0.0
Seasonal_Storage_System,2024-08-07T18:00:41.216Z,Water Plant,Drain,Drain High Level Switch,0.0
Seasonal_Storage_System,2024-08-07T18:01:41.201Z,Water Plant,Drain,Drain High Level Switch,0.0
Seasonal_Storage_System,2024-08-07T18:02:41.205Z,Water Plant,Drain,Drain High Level Switch,0.0
Seasonal_Storage_System,2024-08-07T18:03:41.2Z,Water Plant,Drain,Drain High Level Switch,0.0
Seasonal_Storage_System,2024-08-07T18:04:41.2Z,Water Plant,Drain,Drain High Level Switch,0.0
Seasonal_Storage_System,2024-08-07T18:05:41.214Z,Water Plant,Drain,Drain High Level Switch,0.0
Seasonal_Storage_System,2024-08-07T18:06:41.229Z,Water Plant,Drain,Drain High Level Switch,0.0
Seasonal_Storage_System,2024-08-07T18:07:41.209Z,Water Plant,Drain,Drain High Level Switch,0.0
Seasonal_Storage_System,2024-08-07T18:08:41.837Z,Water Plant,Drain,Drain High Level Switch,0.0
Seasonal_Storage_System,2024-08-07T18:09:41.619Z,Water Plant,Drain,Drain High Level Switch,0.0
Seasonal_Storage_System,2024-08-07T18:10:41.685Z,Water Plant,Drain,Drain High Level Switch,0.0
Seasonal_Storage_System,2024-08-07T18:11:41.747Z,Water Plant,Drain,Drain High Level Switch,0.0
Seasonal_Storage_System,2024-08-07T18:12:41.704Z,Water Plant,Drain,Drain High Level Switch,0.0
Seasonal_Storage_System,2024-08-07T18:13:41.694Z,Water Plant,Drain,Drain High Level Switch,0.0
Seasonal_Storage_System,2024-08-07T18:14:41.69Z,Water Plant,Drain,Drain High Level Switch,0.0
Seasonal_Storage_System,2024-08-07T18:15:41.693Z,Water Plant,Drain,Drain High Level Switch,0.0
Seasonal_Storage_System,2024-08-07T18:16:41.807Z,Water Plant,Drain,Drain High Level Switch,0.0
Seasonal_Storage_System,2024-08-07T18:17:41.772Z,Water Plant,Drain,Drain High Level Switch,0.0
Seasonal_Storage_System,2024-08-07T18:18:41.745Z,Water Plant,Drain,Drain High Level Switch,0.0
Seasonal_Storage_System,2024-08-07T18:19:41.75Z,Water Plant,Drain,Drain High Level Switch,0.0
Seasonal_Storage_System,2024-08-07T18:20:41.789Z,Water Plant,Drain,Drain High Level Switch,0.0
Seasonal_Storage_System,2024-08-07T18:21:41.743Z,Water Plant,Drain,Drain High Level Switch,0.0
Seasonal_Storage_System,2024-08-07T18:22:41.763Z,Water Plant,Drain,Drain High Level Switch,0.0
Seasonal_Storage_System,2024-08-07T18:23:41.765Z,Water Plant,Drain,Drain High Level Switch,0.0
Seasonal_Storage_System,2024-08-07T18:24:41.828Z,Water Plant,Drain,Drain High Level Switch,0.0
Seasonal_Storage_System,2024-08-07T18:25:41.906Z,Water Plant,Drain,Drain High Level Switch,0.0
Seasonal_Storage_System,2024-08-07T18:26:41.769Z,Water Plant,Drain,Drain High Level Switch,0.0
Seasonal_Storage_System,2024-08-07T18:27:41.773Z,Water Plant,Drain,Drain High Level Switch,0.0
Seasonal_Storage_System,2024-08-07T18:28:41.768Z,Water Plant,Drain,Drain High Level Switch,0.0
Seasonal_Storage_System,2024-08-07T18:29:41.704Z,Water Plant,Drain,Drain High Level Switch,0.0
Seasonal_Storage_System,2024-08-07T18:30:41.704Z,Water Plant,Drain,Drain High Level Switch,0.0
Seasonal_Storage_System,2024-08-07T18:31:41.792Z,Water Plant,Drain,Drain High Level Switch,0.0
Seasonal_Storage_System,2024-08-07T18:32:41.785Z,Water Plant,Drain,Drain High Level Switch,0.0
Seasonal_Storage_System,2024-08-07T18:33:41.769Z,Water Plant,Drain,Drain High Level Switch,0.0
Seasonal_Storage_System,2024-08-07T18:34:41.77Z,Water Plant,Drain,Drain High Level Switch,0.0
Seasonal_Storage_System,2024-08-07T18:35:41.769Z,Water Plant,Drain,Drain High Level Switch,0.0
Seasonal_Storage_System,2024-08-07T18:36:41.77Z,Water Plant,Drain,Drain High Level Switch,0.0
Seasonal_Storage_System,2024-08-07T18:37:41.775Z,Water Plant,Drain,Drain High Level Switch,0.0
Seasonal_Storage_System,2024-08-07T18:38:41.775Z,Water Plant,Drain,Drain High Level Switch,0.0
Seasonal_Storage_System,2024-08-07T18:39:41.784Z,Water Plant,Drain,Drain High Level Switch,0.0
Seasonal_Storage_System,2024-08-07T18:40:41.706Z,Water Plant,Drain,Drain High Level Switch,0.0
Seasonal_Storage_System,2024-08-07T18:41:41.793Z,Water Plant,Drain,Drain High Level Switch,0.0
Seasonal_Storage_System,2024-08-07T18:42:41.846Z,Water Plant,Drain,Drain High Level Switch,0.0
Seasonal_Storage_System,2024-08-07T18:43:41.913Z,Water Plant,Drain,Drain High Level Switch,0.0
Seasonal_Storage_System,2024-08-07T18:44:41.837Z,Water Plant,Drain,Drain High Level Switch,0.0
Seasonal_Storage_System,2024-08-07T18:45:42.237Z,Water Plant,Drain,Drain High Level Switch,0.0
Seasonal_Storage_System,2024-08-07T18:46:41.983Z,Water Plant,Drain,Drain High Level Switch,0.0
Seasonal_Storage_System,2024-08-07T18:47:41.982Z,Water Plant,Drain,Drain High Level Switch,0.0
Seasonal_Storage_System,2024-08-07T18:48:41.912Z,Water Plant,Drain,Drain High Level Switch,0.0
Seasonal_Storage_System,2024-08-07T18:49:41.912Z,Water Plant,Drain,Drain High Level Switch,0.0
Seasonal_Storage_System,2024-08-07T18:50:42.009Z,Water Plant,Drain,Drain High Level Switch,0.0
Seasonal_Storage_System,2024-08-07T18:51:42.007Z,Water Plant,Drain,Drain High Level Switch,0.0
Seasonal_Storage_System,2024-08-07T18:52:42.034Z,Water Plant,Drain,Drain High Level Switch,0.0
Seasonal_Storage_System,2024-08-07T18:53:42.07Z,Water Plant,Drain,Drain High Level Switch,0.0
Seasonal_Storage_System,2024-08-07T18:54:42.128Z,Water Plant,Drain,Drain High Level Switch,0.0
Seasonal_Storage_System,2024-08-07T18:55:42.166Z,Water Plant,Drain,Drain High Level Switch,0.0
Seasonal_Storage_System,2024-08-07T18:56:42.101Z,Water Plant,Drain,Drain High Level Switch,0.0
Seasonal_Storage_System,2024-08-07T18:57:42.112Z,Water Plant,Drain,Drain High Level Switch,0.0
Seasonal_Storage_System,2024-08-07T18:58:42.107Z,Water Plant,Drain,Drain High Level Switch,0.0
Seasonal_Storage_System,2024-08-07T18:59:42.103Z,Water Plant,Drain,Drain High Level Switch,0.0
Seasonal_Storage_System,2024-08-07T19:00:42.109Z,Water Plant,Drain,Drain High Level Switch,0.0
Seasonal_Storage_System,2024-08-07T19:01:42.109Z,Water Plant,Drain,Drain High Level Switch,0.0
Seasonal_Storage_System,2024-08-07T19:02:42.106Z,Water Plant,Drain,Drain High Level Switch,0.0
Seasonal_Storage_System,2024-08-07T19:03:42.109Z,Water Plant,Drain,Drain High Level Switch,0.0
Seasonal_Storage_System,2024-08-07T19:04:42.105Z,Water Plant,Drain,Drain High Level Switch,0.0
Seasonal_Storage_System,2024-08-07T19:05:42.117Z,Water Plant,Drain,Drain High Level Switch,0.0
Seasonal_Storage_System,2024-08-07T19:06:42.223Z,Water Plant,Drain,Drain High Level Switch,0.0
Seasonal_Storage_System,2024-08-07T19:07:42.274Z,Water Plant,Drain,Drain High Level Switch,0.0
Seasonal_Storage_System,2024-08-07T19:08:42.29Z,Water Plant,Drain,Drain High Level Switch,0.0
Seasonal_Storage_System,2024-08-07T19:09:42.317Z,Water Plant,Drain,Drain High Level Switch,0.0
Seasonal_Storage_System,2024-08-07T19:10:42.338Z,Water Plant,Drain,Drain High Level Switch,0.0
Seasonal_Storage_System,2024-08-07T19:11:42.36Z,Water Plant,Drain,Drain High Level Switch,0.0
Seasonal_Storage_System,2024-08-07T19:12:42.405Z,Water Plant,Drain,Drain High Level Switch,0.0
Seasonal_Storage_System,2024-08-07T19:13:42.483Z,Water Plant,Drain,Drain High Level Switch,0.0
Seasonal_Storage_System,2024-08-07T19:14:42.454Z,Water Plant,Drain,Drain High Level Switch,0.0
Seasonal_Storage_System,2024-08-07T19:15:42.509Z,Water Plant,Drain,Drain High Level Switch,0.0
Seasonal_Storage_System,2024-08-07T19:16:42.554Z,Water Plant,Drain,Drain High Level Switch,0.0
Seasonal_Storage_System,2024-08-07T19:17:42.609Z,Water Plant,Drain,Drain High Level Switch,0.0
Seasonal_Storage_System,2024-08-07T19:18:42.622Z,Water Plant,Drain,Drain High Level Switch,0.0
Seasonal_Storage_System,2024-08-07T19:19:42.647Z,Water Plant,Drain,Drain High Level Switch,0.0
Seasonal_Storage_System,2024-08-07T19:20:42.658Z,Water Plant,Drain,Drain High Level Switch,0.0
Seasonal_Storage_System,2024-08-07T19:21:42.718Z,Water Plant,Drain,Drain High Level Switch,0.0
Seasonal_Storage_System,2024-08-07T19:22:42.737Z,Water Plant,Drain,Drain High Level Switch,0.0
Seasonal_Storage_System,2024-08-07T19:23:42.775Z,Water Plant,Drain,Drain High Level Switch,0.0
Seasonal_Storage_System,2024-08-07T19:24:42.788Z,Water Plant,Drain,Drain High Level Switch,0.0
Seasonal_Storage_System,2024-08-07T19:25:42.814Z,Water Plant,Drain,Drain High Level Switch,0.0
Seasonal_Storage_System,2024-08-07T19:26:42.832Z,Water Plant,Drain,Drain High Level Switch,0.0
Seasonal_Storage_System,2024-08-07T19:27:42.839Z,Water Plant,Drain,Drain High Level Switch,0.0
Seasonal_Storage_System,2024-08-07T19:28:42.891Z,Water Plant,Drain,Drain High Level Switch,0.0
Seasonal_Storage_System,2024-08-07T19:29:42.895Z,Water Plant,Drain,Drain High Level Switch,0.0
Seasonal_Storage_System,2024-08-07T19:30:42.946Z,Water Plant,Drain,Drain High Level Switch,0.0
Seasonal_Storage_System,2024-08-07T19:31:42.957Z,Water Plant,Drain,Drain High Level Switch,0.0
Seasonal_Storage_System,2024-08-07T19:32:42.975Z,Water Plant,Drain,Drain High Level Switch,0.0
Seasonal_Storage_System,2024-08-07T19:33:43.004Z,Water Plant,Drain,Drain High Level Switch,0.0
Seasonal_Storage_System,2024-08-07T19:34:43.009Z,Water Plant,Drain,Drain High Level Switch,0.0
Seasonal_Storage_System,2024-08-07T19:35:43.031Z,Water Plant,Drain,Drain High Level Switch,0.0
Seasonal_Storage_System,2024-08-07T19:36:43.049Z,Water Plant,Drain,Drain High Level Switch,0.0
Seasonal_Storage_System,2024-08-07T19:37:43.065Z,Water Plant,Drain,Drain High Level Switch,0.0
Seasonal_Storage_System,2024-08-07T19:38:43.094Z,Water Plant,Drain,Drain High Level Switch,0.0
Seasonal_Storage_System,2024-08-07T19:39:43.1Z,Water Plant,Drain,Drain High Level Switch,0.0
Seasonal_Storage_System,2024-08-07T19:40:43.112Z,Water Plant,Drain,Drain High Level Switch,0.0
Seasonal_Storage_System,2024-08-07T19:41:43.137Z,Water Plant,Drain,Drain High Level Switch,0.0
Seasonal_Storage_System,2024-08-07T19:42:43.16Z,Water Plant,Drain,Drain High Level Switch,0.0
Seasonal_Storage_System,2024-08-07T19:43:43.195Z,Water Plant,Drain,Drain High Level Switch,0.0
Seasonal_Storage_System,2024-08-07T19:44:43.216Z,Water Plant,Drain,Drain High Level Switch,0.0
Seasonal_Storage_System,2024-08-07T19:45:43.251Z,Water Plant,Drain,Drain High Level Switch,0.0
Seasonal_Storage_System,2024-08-07T19:46:43.264Z,Water Plant,Drain,Drain High Level Switch,0.0
Seasonal_Storage_System,2024-08-07T19:47:43.297Z,Water Plant,Drain,Drain High Level Switch,0.0
Seasonal_Storage_System,2024-08-07T19:48:43.306Z,Water Plant,Drain,Drain High Level Switch,0.0
Seasonal_Storage_System,2024-08-07T19:49:43.319Z,Water Plant,Drain,Drain High Level Switch,0.0
Seasonal_Storage_System,2024-08-07T19:50:43.335Z,Water Plant,Drain,Drain High Level Switch,0.0
Seasonal_Storage_System,2024-08-07T19:51:43.345Z,Water Plant,Drain,Drain High Level Switch,0.0
Seasonal_Storage_System,2024-08-07T19:52:43.376Z,Water Plant,Drain,Drain High Level Switch,0.0
Seasonal_Storage_System,2024-08-07T19:53:43.384Z,Water Plant,Drain,Drain High Level Switch,0.0
Seasonal_Storage_System,2024-08-07T19:54:43.408Z,Water Plant,Drain,Drain High Level Switch,0.0
Seasonal_Storage_System,2024-08-07T19:55:43.42Z,Water Plant,Drain,Drain High Level Switch,0.0
Seasonal_Storage_System,2024-08-07T19:56:43.49Z,Water Plant,Drain,Drain High Level Switch,0.0
Seasonal_Storage_System,2024-08-07T19:57:43.493Z,Water Plant,Drain,Drain High Level Switch,0.0
Seasonal_Storage_System,2024-08-07T19:58:43.502Z,Water Plant,Drain,Drain High Level Switch,0.0
Seasonal_Storage_System,2024-08-07T19:59:43.505Z,Water Plant,Drain,Drain High Level Switch,0.0
Seasonal_Storage_System,2024-08-07T20:00:43.505Z,Water Plant,Drain,Drain High Level Switch,0.0
Seasonal_Storage_System,2024-08-07T20:01:43.441Z,Water Plant,Drain,Drain High Level Switch,0.0
Seasonal_Storage_System,2024-08-07T20:02:43.441Z,Water Plant,Drain,Drain High Level Switch,0.0
Seasonal_Storage_System,2024-08-07T20:03:43.506Z,Water Plant,Drain,Drain High Level Switch,0.0
Seasonal_Storage_System,2024-08-07T20:04:43.51Z,Water Plant,Drain,Drain High Level Switch,0.0
Seasonal_Storage_System,2024-08-07T20:05:43.535Z,Water Plant,Drain,Drain High Level Switch,0.0
Seasonal_Storage_System,2024-08-07T20:06:43.519Z,Water Plant,Drain,Drain High Level Switch,0.0
Seasonal_Storage_System,2024-08-07T20:07:43.524Z,Water Plant,Drain,Drain High Level Switch,0.0
Seasonal_Storage_System,2024-08-07T20:08:43.519Z,Water Plant,Drain,Drain High Level Switch,0.0
Seasonal_Storage_System,2024-08-07T20:09:43.514Z,Water Plant,Drain,Drain High Level Switch,0.0
Seasonal_Storage_System,2024-08-07T20:10:43.515Z,Water Plant,Drain,Drain High Level Switch,0.0
Seasonal_Storage_System,2024-08-07T20:11:43.552Z,Water Plant,Drain,Drain High Level Switch,0.0
Seasonal_Storage_System,2024-08-07T20:12:43.597Z,Water Plant,Drain,Drain High Level Switch,0.0
Seasonal_Storage_System,2024-08-07T20:13:43.631Z,Water Plant,Drain,Drain High Level Switch,0.0
Seasonal_Storage_System,2024-08-07T20:14:43.655Z,Water Plant,Drain,Drain High Level Switch,0.0
Seasonal_Storage_System,2024-08-07T20:15:43.686Z,Water Plant,Drain,Drain High Level Switch,0.0
Seasonal_Storage_System,2024-08-07T20:16:43.701Z,Water Plant,Drain,Drain High Level Switch,0.0
Seasonal_Storage_System,2024-08-07T20:17:43.725Z,Water Plant,Drain,Drain High Level Switch,0.0
Seasonal_Storage_System,2024-08-07T20:18:43.754Z,Water Plant,Drain,Drain High Level Switch,0.0
Seasonal_Storage_System,2024-08-07T20:19:43.754Z,Water Plant,Drain,Drain High Level Switch,0.0
Seasonal_Storage_System,2024-08-07T20:20:43.776Z,Water Plant,Drain,Drain High Level Switch,0.0
Seasonal_Storage_System,2024-08-07T20:21:43.787Z,Water Plant,Drain,Drain High Level Switch,0.0
Seasonal_Storage_System,2024-08-07T20:22:43.792Z,Water Plant,Drain,Drain High Level Switch,0.0
Seasonal_Storage_System,2024-08-07T20:23:43.813Z,Water Plant,Drain,Drain High Level Switch,0.0
Seasonal_Storage_System,2024-08-07T20:24:43.849Z,Water Plant,Drain,Drain High Level Switch,0.0
Seasonal_Storage_System,2024-08-07T20:25:43.865Z,Water Plant,Drain,Drain High Level Switch,0.0
Seasonal_Storage_System,2024-08-07T20:26:43.877Z,Water Plant,Drain,Drain High Level Switch,0.0
Seasonal_Storage_System,2024-08-07T20:27:43.898Z,Water Plant,Drain,Drain High Level Switch,0.0
Seasonal_Storage_System,2024-08-07T20:28:43.946Z,Water Plant,Drain,Drain High Level Switch,0.0
Seasonal_Storage_System,2024-08-07T20:29:43.944Z,Water Plant,Drain,Drain High Level Switch,0.0
Seasonal_Storage_System,2024-08-07T20:30:43.963Z,Water Plant,Drain,Drain High Level Switch,0.0
Seasonal_Storage_System,2024-08-07T20:31:43.991Z,Water Plant,Drain,Drain High Level Switch,0.0
Seasonal_Storage_System,2024-08-07T20:32:43.987Z,Water Plant,Drain,Drain High Level Switch,0.0
Seasonal_Storage_System,2024-08-07T20:33:44.026Z,Water Plant,Drain,Drain High Level Switch,0.0
Seasonal_Storage_System,2024-08-07T20:34:44.029Z,Water Plant,Drain,Drain High Level Switch,0.0
Seasonal_Storage_System,2024-08-07T20:35:44.067Z,Water Plant,Drain,Drain High Level Switch,0.0
Seasonal_Storage_System,2024-08-07T20:36:44.082Z,Water Plant,Drain,Drain High Level Switch,0.0
Seasonal_Storage_System,2024-08-07T20:37:44.101Z,Water Plant,Drain,Drain High Level Switch,0.0
Seasonal_Storage_System,2024-08-07T20:38:44.117Z,Water Plant,Drain,Drain High Level Switch,0.0
Seasonal_Storage_System,2024-08-07T20:39:44.138Z,Water Plant,Drain,Drain High Level Switch,0.0
Seasonal_Storage_System,2024-08-07T20:40:44.14Z,Water Plant,Drain,Drain High Level Switch,0.0
Seasonal_Storage_System,2024-08-07T20:41:44.139Z,Water Plant,Drain,Drain High Level Switch,0.0
Seasonal_Storage_System,2024-08-07T20:42:44.146Z,Water Plant,Drain,Drain High Level Switch,0.0
Seasonal_Storage_System,2024-08-07T20:43:44.164Z,Water Plant,Drain,Drain High Level Switch,0.0
Seasonal_Storage_System,2024-08-07T20:44:44.193Z,Water Plant,Drain,Drain High Level Switch,0.0
Seasonal_Storage_System,2024-08-07T20:45:44.224Z,Water Plant,Drain,Drain High Level Switch,0.0
Seasonal_Storage_System,2024-08-07T20:46:44.233Z,Water Plant,Drain,Drain High Level Switch,0.0
Seasonal_Storage_System,2024-08-07T20:47:44.249Z,Water Plant,Drain,Drain High Level Switch,0.0
Seasonal_Storage_System,2024-08-07T20:48:44.296Z,Water Plant,Drain,Drain High Level Switch,0.0
Seasonal_Storage_System,2024-08-07T20:49:44.315Z,Water Plant,Drain,Drain High Level Switch,0.0
Seasonal_Storage_System,2024-08-07T20:50:44.336Z,Water Plant,Drain,Drain High Level Switch,0.0
Seasonal_Storage_System,2024-08-07T20:51:44.351Z,Water Plant,Drain,Drain High Level Switch,0.0
Seasonal_Storage_System,2024-08-07T20:52:44.381Z,Water Plant,Drain,Drain High Level Switch,0.0
Seasonal_Storage_System,2024-08-07T20:53:44.394Z,Water Plant,Drain,Drain High Level Switch,0.0
Seasonal_Storage_System,2024-08-07T20:54:44.405Z,Water Plant,Drain,Drain High Level Switch,0.0
Seasonal_Storage_System,2024-08-07T20:55:44.405Z,Water Plant,Drain,Drain High Level Switch,0.0
Seasonal_Storage_System,2024-08-07T20:56:44.428Z,Water Plant,Drain,Drain High Level Switch,0.0
Seasonal_Storage_System,2024-08-07T20:57:44.447Z,Water Plant,Drain,Drain High Level Switch,0.0
Seasonal_Storage_System,2024-08-07T20:58:44.498Z,Water Plant,Drain,Drain High Level Switch,0.0
Seasonal_Storage_System,2024-08-07T20:59:44.512Z,Water Plant,Drain,Drain High Level Switch,0.0
Seasonal_Storage_System,2024-08-07T21:00:44.519Z,Water Plant,Drain,Drain High Level Switch,0.0
Seasonal_Storage_System,2024-08-07T21:01:44.527Z,Water Plant,Drain,Drain High Level Switch,0.0
Seasonal_Storage_System,2024-08-07T21:02:44.571Z,Water Plant,Drain,Drain High Level Switch,0.0
Seasonal_Storage_System,2024-08-07T21:03:44.617Z,Water Plant,Drain,Drain High Level Switch,0.0
Seasonal_Storage_System,2024-08-07T21:04:44.646Z,Water Plant,Drain,Drain High Level Switch,0.0
Seasonal_Storage_System,2024-08-07T21:05:44.665Z,Water Plant,Drain,Drain High Level Switch,0.0
Seasonal_Storage_System,2024-08-07T21:06:44.659Z,Water Plant,Drain,Drain High Level Switch,0.0
Seasonal_Storage_System,2024-08-07T21:07:44.72Z,Water Plant,Drain,Drain High Level Switch,0.0
Seasonal_Storage_System,2024-08-07T21:08:44.673Z,Water Plant,Drain,Drain High Level Switch,0.0
Seasonal_Storage_System,2024-08-07T21:09:44.69Z,Water Plant,Drain,Drain High Level Switch,0.0
Seasonal_Storage_System,2024-08-07T21:10:44.707Z,Water Plant,Drain,Drain High Level Switch,0.0
Seasonal_Storage_System,2024-08-07T21:11:44.72Z,Water Plant,Drain,Drain High Level Switch,0.0
Seasonal_Storage_System,2024-08-07T21:12:44.721Z,Water Plant,Drain,Drain High Level Switch,0.0
Seasonal_Storage_System,2024-08-07T21:13:44.753Z,Water Plant,Drain,Drain High Level Switch,0.0
Seasonal_Storage_System,2024-08-07T21:14:44.774Z,Water Plant,Drain,Drain High Level Switch,0.0
Seasonal_Storage_System,2024-08-07T21:15:44.817Z,Water Plant,Drain,Drain High Level Switch,0.0
Seasonal_Storage_System,2024-08-07T21:16:44.823Z,Water Plant,Drain,Drain High Level Switch,0.0
Seasonal_Storage_System,2024-08-07T21:17:44.829Z,Water Plant,Drain,Drain High Level Switch,0.0
Seasonal_Storage_System,2024-08-07T21:18:44.836Z,Water Plant,Drain,Drain High Level Switch,0.0
Seasonal_Storage_System,2024-08-07T21:19:44.845Z,Water Plant,Drain,Drain High Level Switch,0.0
Seasonal_Storage_System,2024-08-07T21:20:44.865Z,Water Plant,Drain,Drain High Level Switch,0.0
Seasonal_Storage_System,2024-08-07T21:21:44.873Z,Water Plant,Drain,Drain High Level Switch,0.0
Seasonal_Storage_System,2024-08-07T21:22:44.899Z,Water Plant,Drain,Drain High Level Switch,0.0
Seasonal_Storage_System,2024-08-07T21:23:44.897Z,Water Plant,Drain,Drain High Level Switch,0.0
Seasonal_Storage_System,2024-08-07T21:24:44.921Z,Water Plant,Drain,Drain High Level Switch,0.0
Seasonal_Storage_System,2024-08-07T21:25:44.931Z,Water Plant,Drain,Drain High Level Switch,0.0
Seasonal_Storage_System,2024-08-07T21:26:44.96Z,Water Plant,Drain,Drain High Level Switch,0.0
Seasonal_Storage_System,2024-08-07T21:27:44.97Z,Water Plant,Drain,Drain High Level Switch,0.0
Seasonal_Storage_System,2024-08-07T21:28:45.018Z,Water Plant,Drain,Drain High Level Switch,0.0
Seasonal_Storage_System,2024-08-07T21:29:45.026Z,Water Plant,Drain,Drain High Level Switch,0.0
Seasonal_Storage_System,2024-08-07T21:30:45.077Z,Water Plant,Drain,Drain High Level Switch,0.0
Seasonal_Storage_System,2024-08-07T21:31:45.104Z,Water Plant,Drain,Drain High Level Switch,0.0
Seasonal_Storage_System,2024-08-07T21:32:45.123Z,Water Plant,Drain,Drain High Level Switch,0.0
Seasonal_Storage_System,2024-08-07T21:33:45.157Z,Water Plant,Drain,Drain High Level Switch,0.0
Seasonal_Storage_System,2024-08-07T21:34:45.177Z,Water Plant,Drain,Drain High Level Switch,0.0
Seasonal_Storage_System,2024-08-07T21:35:45.244Z,Water Plant,Drain,Drain High Level Switch,0.0
Seasonal_Storage_System,2024-08-07T21:36:45.241Z,Water Plant,Drain,Drain High Level Switch,0.0
Seasonal_Storage_System,2024-08-07T21:37:45.238Z,Water Plant,Drain,Drain High Level Switch,0.0
Seasonal_Storage_System,2024-08-07T21:38:45.261Z,Water Plant,Drain,Drain High Level Switch,0.0
Seasonal_Storage_System,2024-08-07T21:39:45.268Z,Water Plant,Drain,Drain High Level Switch,0.0
Seasonal_Storage_System,2024-08-07T21:40:45.281Z,Water Plant,Drain,Drain High Level Switch,0.0
Seasonal_Storage_System,2024-08-07T21:41:45.311Z,Water Plant,Drain,Drain High Level Switch,0.0
Seasonal_Storage_System,2024-08-07T21:42:45.318Z,Water Plant,Drain,Drain High Level Switch,0.0
Seasonal_Storage_System,2024-08-07T21:43:45.354Z,Water Plant,Drain,Drain High Level Switch,0.0
Seasonal_Storage_System,2024-08-07T21:44:45.37Z,Water Plant,Drain,Drain High Level Switch,0.0
Seasonal_Storage_System,2024-08-07T21:45:45.367Z,Water Plant,Drain,Drain High Level Switch,0.0
Seasonal_Storage_System,2024-08-07T21:46:45.376Z,Water Plant,Drain,Drain High Level Switch,0.0
Seasonal_Storage_System,2024-08-07T21:47:45.397Z,Water Plant,Drain,Drain High Level Switch,0.0
Seasonal_Storage_System,2024-08-07T21:48:45.427Z,Water Plant,Drain,Drain High Level Switch,0.0
Seasonal_Storage_System,2024-08-07T21:49:45.439Z,Water Plant,Drain,Drain High Level Switch,0.0
Seasonal_Storage_System,2024-08-07T21:50:45.495Z,Water Plant,Drain,Drain High Level Switch,0.0
Seasonal_Storage_System,2024-08-07T21:51:45.499Z,Water Plant,Drain,Drain High Level Switch,0.0
Seasonal_Storage_System,2024-08-07T21:52:45.522Z,Water Plant,Drain,Drain High Level Switch,0.0
Seasonal_Storage_System,2024-08-07T21:53:45.542Z,Water Plant,Drain,Drain High Level Switch,0.0
Seasonal_Storage_System,2024-08-07T21:54:45.542Z,Water Plant,Drain,Drain High Level Switch,0.0
Seasonal_Storage_System,2024-08-07T21:55:45.543Z,Water Plant,Drain,Drain High Level Switch,0.0
Seasonal_Storage_System,2024-08-07T21:56:45.536Z,Water Plant,Drain,Drain High Level Switch,0.0
Seasonal_Storage_System,2024-08-07T21:57:45.543Z,Water Plant,Drain,Drain High Level Switch,0.0
Seasonal_Storage_System,2024-08-07T21:58:45.541Z,Water Plant,Drain,Drain High Level Switch,0.0
Seasonal_Storage_System,2024-08-07T21:59:45.556Z,Water Plant,Drain,Drain High Level Switch,0.0
Seasonal_Storage_System,2024-08-07T22:00:45.558Z,Water Plant,Drain,Drain High Level Switch,0.0
Seasonal_Storage_System,2024-08-07T22:01:45.536Z,Water Plant,Drain,Drain High Level Switch,0.0
Seasonal_Storage_System,2024-08-07T22:02:45.541Z,Water Plant,Drain,Drain High Level Switch,0.0
Seasonal_Storage_System,2024-08-07T22:03:45.543Z,Water Plant,Drain,Drain High Level Switch,0.0
Seasonal_Storage_System,2024-08-07T22:04:45.538Z,Water Plant,Drain,Drain High Level Switch,0.0
Seasonal_Storage_System,2024-08-07T22:05:45.541Z,Water Plant,Drain,Drain High Level Switch,0.0
Seasonal_Storage_System,2024-08-07T22:06:45.543Z,Water Plant,Drain,Drain High Level Switch,0.0
Seasonal_Storage_System,2024-08-07T22:07:45.54Z,Water Plant,Drain,Drain High Level Switch,0.0
Seasonal_Storage_System,2024-08-07T22:08:45.545Z,Water Plant,Drain,Drain High Level Switch,0.0
Seasonal_Storage_System,2024-08-07T22:09:45.541Z,Water Plant,Drain,Drain High Level Switch,0.0
Seasonal_Storage_System,2024-08-07T22:10:45.542Z,Water Plant,Drain,Drain High Level Switch,0.0
Seasonal_Storage_System,2024-08-07T22:11:45.558Z,Water Plant,Drain,Drain High Level Switch,0.0
Seasonal_Storage_System,2024-08-07T22:12:45.621Z,Water Plant,Drain,Drain High Level Switch,0.0
Seasonal_Storage_System,2024-08-07T22:13:45.63Z,Water Plant,Drain,Drain High Level Switch,0.0
Seasonal_Storage_System,2024-08-07T22:14:45.67Z,Water Plant,Drain,Drain High Level Switch,0.0
Seasonal_Storage_System,2024-08-07T22:15:45.685Z,Water Plant,Drain,Drain High Level Switch,0.0
Seasonal_Storage_System,2024-08-07T22:16:45.709Z,Water Plant,Drain,Drain High Level Switch,0.0
Seasonal_Storage_System,2024-08-07T22:17:45.702Z,Water Plant,Drain,Drain High Level Switch,0.0
Seasonal_Storage_System,2024-08-07T22:18:45.821Z,Water Plant,Drain,Drain High Level Switch,0.0
Seasonal_Storage_System,2024-08-07T22:19:45.818Z,Water Plant,Drain,Drain High Level Switch,0.0
Seasonal_Storage_System,2024-08-07T22:20:45.844Z,Water Plant,Drain,Drain High Level Switch,0.0
Seasonal_Storage_System,2024-08-07T22:21:45.842Z,Water Plant,Drain,Drain High Level Switch,0.0
Seasonal_Storage_System,2024-08-07T22:22:45.775Z,Water Plant,Drain,Drain High Level Switch,0.0
Seasonal_Storage_System,2024-08-07T22:23:45.775Z,Water Plant,Drain,Drain High Level Switch,0.0
Seasonal_Storage_System,2024-08-07T22:24:45.774Z,Water Plant,Drain,Drain High Level Switch,0.0
Seasonal_Storage_System,2024-08-07T22:25:45.849Z,Water Plant,Drain,Drain High Level Switch,0.0
Seasonal_Storage_System,2024-08-07T22:26:45.776Z,Water Plant,Drain,Drain High Level Switch,0.0
Seasonal_Storage_System,2024-08-07T22:27:45.776Z,Water Plant,Drain,Drain High Level Switch,0.0
Seasonal_Storage_System,2024-08-07T22:28:45.777Z,Water Plant,Drain,Drain High Level Switch,0.0
Seasonal_Storage_System,2024-08-07T22:29:45.776Z,Water Plant,Drain,Drain High Level Switch,0.0
Seasonal_Storage_System,2024-08-07T22:30:45.776Z,Water Plant,Drain,Drain High Level Switch,0.0
Seasonal_Storage_System,2024-08-07T22:31:45.777Z,Water Plant,Drain,Drain High Level Switch,0.0
Seasonal_Storage_System,2024-08-07T22:32:45.777Z,Water Plant,Drain,Drain High Level Switch,0.0
Seasonal_Storage_System,2024-08-07T22:33:45.776Z,Water Plant,Drain,Drain High Level Switch,0.0
Seasonal_Storage_System,2024-08-07T22:34:45.776Z,Water Plant,Drain,Drain High Level Switch,0.0
Seasonal_Storage_System,2024-08-07T22:35:45.777Z,Water Plant,Drain,Drain High Level Switch,0.0
Seasonal_Storage_System,2024-08-07T22:36:45.776Z,Water Plant,Drain,Drain High Level Switch,0.0
Seasonal_Storage_System,2024-08-07T22:37:45.776Z,Water Plant,Drain,Drain High Level Switch,0.0
Seasonal_Storage_System,2024-08-07T22:38:45.776Z,Water Plant,Drain,Drain High Level Switch,0.0
Seasonal_Storage_System,2024-08-07T22:39:45.849Z,Water Plant,Drain,Drain High Level Switch,0.0
Seasonal_Storage_System,2024-08-07T22:40:45.874Z,Water Plant,Drain,Drain High Level Switch,0.0
Seasonal_Storage_System,2024-08-07T22:41:45.874Z,Water Plant,Drain,Drain High Level Switch,0.0
Seasonal_Storage_System,2024-08-07T22:42:45.885Z,Water Plant,Drain,Drain High Level Switch,0.0
Seasonal_Storage_System,2024-08-07T22:43:45.894Z,Water Plant,Drain,Drain High Level Switch,0.0
Seasonal_Storage_System,2024-08-07T22:44:45.92Z,Water Plant,Drain,Drain High Level Switch,0.0
Seasonal_Storage_System,2024-08-07T22:45:45.943Z,Water Plant,Drain,Drain High Level Switch,0.0
Seasonal_Storage_System,2024-08-07T22:46:45.977Z,Water Plant,Drain,Drain High Level Switch,0.0
Seasonal_Storage_System,2024-08-07T22:47:45.979Z,Water Plant,Drain,Drain High Level Switch,0.0
Seasonal_Storage_System,2024-08-07T22:48:46.024Z,Water Plant,Drain,Drain High Level Switch,0.0
Seasonal_Storage_System,2024-08-07T22:49:46.023Z,Water Plant,Drain,Drain High Level Switch,0.0
Seasonal_Storage_System,2024-08-07T22:50:46.054Z,Water Plant,Drain,Drain High Level Switch,0.0
Seasonal_Storage_System,2024-08-07T22:51:46.06Z,Water Plant,Drain,Drain High Level Switch,0.0
Seasonal_Storage_System,2024-08-07T22:52:46.127Z,Water Plant,Drain,Drain High Level Switch,0.0
Seasonal_Storage_System,2024-08-07T22:53:46.13Z,Water Plant,Drain,Drain High Level Switch,0.0
Seasonal_Storage_System,2024-08-07T22:54:46.13Z,Water Plant,Drain,Drain High Level Switch,0.0
Seasonal_Storage_System,2024-08-07T22:55:46.135Z,Water Plant,Drain,Drain High Level Switch,0.0
Seasonal_Storage_System,2024-08-07T22:56:46.168Z,Water Plant,Drain,Drain High Level Switch,0.0
Seasonal_Storage_System,2024-08-07T22:57:46.182Z,Water Plant,Drain,Drain High Level Switch,0.0
Seasonal_Storage_System,2024-08-07T22:58:46.189Z,Water Plant,Drain,Drain High Level Switch,0.0
Seasonal_Storage_System,2024-08-07T22:59:46.233Z,Water Plant,Drain,Drain High Level Switch,0.0
Seasonal_Storage_System,2024-08-07T23:00:46.246Z,Water Plant,Drain,Drain High Level Switch,0.0
Seasonal_Storage_System,2024-08-07T23:01:46.277Z,Water Plant,Drain,Drain High Level Switch,0.0
Seasonal_Storage_System,2024-08-07T23:02:46.293Z,Water Plant,Drain,Drain High Level Switch,0.0
Seasonal_Storage_System,2024-08-07T23:03:46.366Z,Water Plant,Drain,Drain High Level Switch,0.0
Seasonal_Storage_System,2024-08-07T23:04:46.325Z,Water Plant,Drain,Drain High Level Switch,0.0
Seasonal_Storage_System,2024-08-07T23:05:46.347Z,Water Plant,Drain,Drain High Level Switch,0.0
Seasonal_Storage_System,2024-08-07T23:06:46.345Z,Water Plant,Drain,Drain High Level Switch,0.0
Seasonal_Storage_System,2024-08-07T23:07:46.371Z,Water Plant,Drain,Drain High Level Switch,0.0
Seasonal_Storage_System,2024-08-07T23:08:46.442Z,Water Plant,Drain,Drain High Level Switch,0.0
Seasonal_Storage_System,2024-08-07T23:09:46.449Z,Water Plant,Drain,Drain High Level Switch,0.0
Seasonal_Storage_System,2024-08-07T23:10:46.514Z,Water Plant,Drain,Drain High Level Switch,0.0
Seasonal_Storage_System,2024-08-07T23:11:46.444Z,Water Plant,Drain,Drain High Level Switch,0.0
Seasonal_Storage_System,2024-08-07T23:12:46.507Z,Water Plant,Drain,Drain High Level Switch,0.0
Seasonal_Storage_System,2024-08-07T23:13:46.507Z,Water Plant,Drain,Drain High Level Switch,0.0
Seasonal_Storage_System,2024-08-07T23:14:46.556Z,Water Plant,Drain,Drain High Level Switch,0.0
Seasonal_Storage_System,2024-08-07T23:15:46.549Z,Water Plant,Drain,Drain High Level Switch,0.0
Seasonal_Storage_System,2024-08-07T23:16:46.595Z,Water Plant,Drain,Drain High Level Switch,0.0
Seasonal_Storage_System,2024-08-07T23:17:46.615Z,Water Plant,Drain,Drain High Level Switch,0.0
Seasonal_Storage_System,2024-08-07T23:18:46.627Z,Water Plant,Drain,Drain High Level Switch,0.0
Seasonal_Storage_System,2024-08-07T23:19:46.643Z,Water Plant,Drain,Drain High Level Switch,0.0
Seasonal_Storage_System,2024-08-07T23:20:46.648Z,Water Plant,Drain,Drain High Level Switch,0.0
Seasonal_Storage_System,2024-08-07T23:21:46.668Z,Water Plant,Drain,Drain High Level Switch,0.0
Seasonal_Storage_System,2024-08-07T23:22:46.715Z,Water Plant,Drain,Drain High Level Switch,0.0
Seasonal_Storage_System,2024-08-07T23:23:46.74Z,Water Plant,Drain,Drain High Level Switch,0.0
Seasonal_Storage_System,2024-08-07T23:24:46.751Z,Water Plant,Drain,Drain High Level Switch,0.0
Seasonal_Storage_System,2024-08-07T23:25:46.773Z,Water Plant,Drain,Drain High Level Switch,0.0
Seasonal_Storage_System,2024-08-07T23:26:46.786Z,Water Plant,Drain,Drain High Level Switch,0.0
Seasonal_Storage_System,2024-08-07T23:27:46.797Z,Water Plant,Drain,Drain High Level Switch,0.0
Seasonal_Storage_System,2024-08-07T23:28:46.802Z,Water Plant,Drain,Drain High Level Switch,0.0
Seasonal_Storage_System,2024-08-07T23:29:46.809Z,Water Plant,Drain,Drain High Level Switch,0.0
Seasonal_Storage_System,2024-08-07T23:30:46.83Z,Water Plant,Drain,Drain High Level Switch,0.0
Seasonal_Storage_System,2024-08-07T23:31:46.859Z,Water Plant,Drain,Drain High Level Switch,0.0
Seasonal_Storage_System,2024-08-07T23:32:46.872Z,Water Plant,Drain,Drain High Level Switch,0.0
Seasonal_Storage_System,2024-08-07T23:33:46.883Z,Water Plant,Drain,Drain High Level Switch,0.0
Seasonal_Storage_System,2024-08-07T23:34:46.89Z,Water Plant,Drain,Drain High Level Switch,0.0
Seasonal_Storage_System,2024-08-07T23:35:46.911Z,Water Plant,Drain,Drain High Level Switch,0.0
Seasonal_Storage_System,2024-08-07T23:36:46.918Z,Water Plant,Drain,Drain High Level Switch,0.0
Seasonal_Storage_System,2024-08-07T23:37:46.956Z,Water Plant,Drain,Drain High Level Switch,0.0
Seasonal_Storage_System,2024-08-07T23:38:46.994Z,Water Plant,Drain,Drain High Level Switch,0.0
Seasonal_Storage_System,2024-08-07T23:39:46.999Z,Water Plant,Drain,Drain High Level Switch,0.0
Seasonal_Storage_System,2024-08-07T23:40:47.014Z,Water Plant,Drain,Drain High Level Switch,0.0
Seasonal_Storage_System,2024-08-07T23:41:47.027Z,Water Plant,Drain,Drain High Level Switch,0.0
Seasonal_Storage_System,2024-08-07T23:42:47.042Z,Water Plant,Drain,Drain High Level Switch,0.0
Seasonal_Storage_System,2024-08-07T23:43:47.04Z,Water Plant,Drain,Drain High Level Switch,0.0
Seasonal_Storage_System,2024-08-07T23:44:47.053Z,Water Plant,Drain,Drain High Level Switch,0.0
Seasonal_Storage_System,2024-08-07T23:45:47.061Z,Water Plant,Drain,Drain High Level Switch,0.0
Seasonal_Storage_System,2024-08-07T23:46:47.089Z,Water Plant,Drain,Drain High Level Switch,0.0
Seasonal_Storage_System,2024-08-07T23:47:47.093Z,Water Plant,Drain,Drain High Level Switch,0.0
Seasonal_Storage_System,2024-08-07T23:48:47.112Z,Water Plant,Drain,Drain High Level Switch,0.0
Seasonal_Storage_System,2024-08-07T23:49:47.118Z,Water Plant,Drain,Drain High Level Switch,0.0
Seasonal_Storage_System,2024-08-07T23:50:47.153Z,Water Plant,Drain,Drain High Level Switch,0.0
Seasonal_Storage_System,2024-08-07T23:51:47.173Z,Water Plant,Drain,Drain High Level Switch,0.0
Seasonal_Storage_System,2024-08-07T23:52:47.179Z,Water Plant,Drain,Drain High Level Switch,0.0
Seasonal_Storage_System,2024-08-07T23:53:47.201Z,Water Plant,Drain,Drain High Level Switch,0.0
Seasonal_Storage_System,2024-08-07T23:54:47.208Z,Water Plant,Drain,Drain High Level Switch,0.0
Seasonal_Storage_System,2024-08-07T23:55:47.255Z,Water Plant,Drain,Drain High Level Switch,0.0
Seasonal_Storage_System,2024-08-07T23:56:47.248Z,Water Plant,Drain,Drain High Level Switch,0.0
Seasonal_Storage_System,2024-08-07T23:57:47.261Z,Water Plant,Drain,Drain High Level Switch,0.0
Seasonal_Storage_System,2024-08-07T23:58:47.275Z,Water Plant,Drain,Drain High Level Switch,0.0
Seasonal_Storage_System,2024-08-07T23:59:47.288Z,Water Plant,Drain,Drain High Level Switch,0.0
Seasonal_Storage_System,2024-08-08T00:00:47.304Z,Water Plant,Drain,Drain High Level Switch,0.0
Seasonal_Storage_System,2024-08-08T00:01:47.332Z,Water Plant,Drain,Drain High Level Switch,0.0
Seasonal_Storage_System,2024-08-08T00:02:47.329Z,Water Plant,Drain,Drain High Level Switch,0.0
Seasonal_Storage_System,2024-08-08T00:03:47.35Z,Water Plant,Drain,Drain High Level Switch,0.0
Seasonal_Storage_System,2024-08-08T00:04:47.356Z,Water Plant,Drain,Drain High Level Switch,0.0
Seasonal_Storage_System,2024-08-08T00:05:47.355Z,Water Plant,Drain,Drain High Level Switch,0.0
Seasonal_Storage_System,2024-08-08T00:06:47.375Z,Water Plant,Drain,Drain High Level Switch,0.0
Seasonal_Storage_System,2024-08-08T00:07:47.387Z,Water Plant,Drain,Drain High Level Switch,0.0
Seasonal_Storage_System,2024-08-08T00:08:47.427Z,Water Plant,Drain,Drain High Level Switch,0.0
Seasonal_Storage_System,2024-08-08T00:09:47.441Z,Water Plant,Drain,Drain High Level Switch,0.0
Seasonal_Storage_System,2024-08-08T00:10:47.451Z,Water Plant,Drain,Drain High Level Switch,0.0
Seasonal_Storage_System,2024-08-08T00:11:47.457Z,Water Plant,Drain,Drain High Level Switch,0.0
Seasonal_Storage_System,2024-08-08T00:12:47.462Z,Water Plant,Drain,Drain High Level Switch,0.0
Seasonal_Storage_System,2024-08-08T00:13:47.476Z,Water Plant,Drain,Drain High Level Switch,0.0
Seasonal_Storage_System,2024-08-08T00:14:47.522Z,Water Plant,Drain,Drain High Level Switch,0.0
Seasonal_Storage_System,2024-08-08T00:15:47.549Z,Water Plant,Drain,Drain High Level Switch,0.0
Seasonal_Storage_System,2024-08-08T00:16:47.572Z,Water Plant,Drain,Drain High Level Switch,0.0
Seasonal_Storage_System,2024-08-08T00:17:47.582Z,Water Plant,Drain,Drain High Level Switch,0.0
Seasonal_Storage_System,2024-08-08T00:18:47.629Z,Water Plant,Drain,Drain High Level Switch,0.0
Seasonal_Storage_System,2024-08-08T00:19:47.625Z,Water Plant,Drain,Drain High Level Switch,0.0
Seasonal_Storage_System,2024-08-08T00:20:47.642Z,Water Plant,Drain,Drain High Level Switch,0.0
Seasonal_Storage_System,2024-08-08T00:21:47.636Z,Water Plant,Drain,Drain High Level Switch,0.0
Seasonal_Storage_System,2024-08-08T00:22:47.663Z,Water Plant,Drain,Drain High Level Switch,0.0
Seasonal_Storage_System,2024-08-08T00:23:47.766Z,Water Plant,Drain,Drain High Level Switch,0.0
Seasonal_Storage_System,2024-08-08T00:24:47.757Z,Water Plant,Drain,Drain High Level Switch,0.0
Seasonal_Storage_System,2024-08-08T00:25:47.757Z,Water Plant,Drain,Drain High Level Switch,0.0
Seasonal_Storage_System,2024-08-08T00:26:47.752Z,Water Plant,Drain,Drain High Level Switch,0.0
Seasonal_Storage_System,2024-08-08T00:27:47.772Z,Water Plant,Drain,Drain High Level Switch,0.0
Seasonal_Storage_System,2024-08-08T00:28:47.804Z,Water Plant,Drain,Drain High Level Switch,0.0
Seasonal_Storage_System,2024-08-08T00:29:47.801Z,Water Plant,Drain,Drain High Level Switch,0.0
Seasonal_Storage_System,2024-08-08T00:30:47.807Z,Water Plant,Drain,Drain High Level Switch,0.0
Seasonal_Storage_System,2024-08-08T00:31:47.816Z,Water Plant,Drain,Drain High Level Switch,0.0
Seasonal_Storage_System,2024-08-08T00:32:47.752Z,Water Plant,Drain,Drain High Level Switch,0.0
Seasonal_Storage_System,2024-08-08T00:33:47.849Z,Water Plant,Drain,Drain High Level Switch,0.0
Seasonal_Storage_System,2024-08-08T00:34:47.867Z,Water Plant,Drain,Drain High Level Switch,0.0
Seasonal_Storage_System,2024-08-08T00:35:47.889Z,Water Plant,Drain,Drain High Level Switch,0.0
Seasonal_Storage_System,2024-08-08T00:36:47.9Z,Water Plant,Drain,Drain High Level Switch,0.0
Seasonal_Storage_System,2024-08-08T00:37:47.9Z,Water Plant,Drain,Drain High Level Switch,0.0
Seasonal_Storage_System,2024-08-08T00:38:47.899Z,Water Plant,Drain,Drain High Level Switch,0.0
Seasonal_Storage_System,2024-08-08T00:39:47.904Z,Water Plant,Drain,Drain High Level Switch,0.0
Seasonal_Storage_System,2024-08-08T00:40:47.905Z,Water Plant,Drain,Drain High Level Switch,0.0
Seasonal_Storage_System,2024-08-08T00:41:47.907Z,Water Plant,Drain,Drain High Level Switch,0.0
Seasonal_Storage_System,2024-08-08T00:42:47.9Z,Water Plant,Drain,Drain High Level Switch,0.0
Seasonal_Storage_System,2024-08-08T00:43:47.909Z,Water Plant,Drain,Drain High Level Switch,0.0
Seasonal_Storage_System,2024-08-08T00:44:47.907Z,Water Plant,Drain,Drain High Level Switch,0.0
Seasonal_Storage_System,2024-08-08T00:45:47.84Z,Water Plant,Drain,Drain High Level Switch,0.0
Seasonal_Storage_System,2024-08-08T00:46:47.84Z,Water Plant,Drain,Drain High Level Switch,0.0
Seasonal_Storage_System,2024-08-08T00:47:47.909Z,Water Plant,Drain,Drain High Level Switch,0.0
Seasonal_Storage_System,2024-08-08T00:48:47.905Z,Water Plant,Drain,Drain High Level Switch,0.0
Seasonal_Storage_System,2024-08-08T00:49:47.909Z,Water Plant,Drain,Drain High Level Switch,0.0
Seasonal_Storage_System,2024-08-08T00:50:47.909Z,Water Plant,Drain,Drain High Level Switch,0.0
Seasonal_Storage_System,2024-08-08T00:51:47.911Z,Water Plant,Drain,Drain High Level Switch,0.0
Seasonal_Storage_System,2024-08-08T00:52:47.909Z,Water Plant,Drain,Drain High Level Switch,0.0
Seasonal_Storage_System,2024-08-08T00:53:47.905Z,Water Plant,Drain,Drain High Level Switch,0.0
Seasonal_Storage_System,2024-08-08T00:54:47.905Z,Water Plant,Drain,Drain High Level Switch,0.0
Seasonal_Storage_System,2024-08-08T00:55:47.843Z,Water Plant,Drain,Drain High Level Switch,0.0
Seasonal_Storage_System,2024-08-08T00:56:47.842Z,Water Plant,Drain,Drain High Level Switch,0.0
Seasonal_Storage_System,2024-08-08T00:57:47.842Z,Water Plant,Drain,Drain High Level Switch,0.0
Seasonal_Storage_System,2024-08-08T00:58:47.842Z,Water Plant,Drain,Drain High Level Switch,0.0
Seasonal_Storage_System,2024-08-08T00:59:47.842Z,Water Plant,Drain,Drain High Level Switch,0.0
Seasonal_Storage_System,2024-08-08T01:00:48.172Z,Water Plant,Drain,Drain High Level Switch,0.0
Seasonal_Storage_System,2024-08-08T01:01:48.043Z,Water Plant,Drain,Drain High Level Switch,0.0
Seasonal_Storage_System,2024-08-08T01:02:48.038Z,Water Plant,Drain,Drain High Level Switch,0.0
Seasonal_Storage_System,2024-08-08T01:03:48.044Z,Water Plant,Drain,Drain High Level Switch,0.0
Seasonal_Storage_System,2024-08-08T01:04:48.046Z,Water Plant,Drain,Drain High Level Switch,0.0
Seasonal_Storage_System,2024-08-08T01:05:48.043Z,Water Plant,Drain,Drain High Level Switch,0.0
Seasonal_Storage_System,2024-08-08T01:06:47.977Z,Water Plant,Drain,Drain High Level Switch,0.0
Seasonal_Storage_System,2024-08-08T01:07:47.976Z,Water Plant,Drain,Drain High Level Switch,0.0
Seasonal_Storage_System,2024-08-08T01:08:47.976Z,Water Plant,Drain,Drain High Level Switch,0.0
Seasonal_Storage_System,2024-08-08T01:09:47.976Z,Water Plant,Drain,Drain High Level Switch,0.0
Seasonal_Storage_System,2024-08-08T01:10:47.976Z,Water Plant,Drain,Drain High Level Switch,0.0
Seasonal_Storage_System,2024-08-08T01:11:47.976Z,Water Plant,Drain,Drain High Level Switch,0.0
Seasonal_Storage_System,2024-08-08T01:12:47.976Z,Water Plant,Drain,Drain High Level Switch,0.0
Seasonal_Storage_System,2024-08-08T01:13:47.976Z,Water Plant,Drain,Drain High Level Switch,0.0
Seasonal_Storage_System,2024-08-08T01:14:47.976Z,Water Plant,Drain,Drain High Level Switch,0.0
Seasonal_Storage_System,2024-08-08T01:15:47.976Z,Water Plant,Drain,Drain High Level Switch,0.0
Seasonal_Storage_System,2024-08-08T01:16:47.976Z,Water Plant,Drain,Drain High Level Switch,0.0
Seasonal_Storage_System,2024-08-08T01:17:47.976Z,Water Plant,Drain,Drain High Level Switch,0.0
Seasonal_Storage_System,2024-08-08T01:18:47.976Z,Water Plant,Drain,Drain High Level Switch,0.0
Seasonal_Storage_System,2024-08-08T01:19:47.977Z,Water Plant,Drain,Drain High Level Switch,0.0
Seasonal_Storage_System,2024-08-08T01:20:47.977Z,Water Plant,Drain,Drain High Level Switch,0.0
Seasonal_Storage_System,2024-08-08T01:21:47.977Z,Water Plant,Drain,Drain High Level Switch,0.0
Seasonal_Storage_System,2024-08-08T01:22:47.977Z,Water Plant,Drain,Drain High Level Switch,0.0
Seasonal_Storage_System,2024-08-08T01:23:47.977Z,Water Plant,Drain,Drain High Level Switch,0.0
Seasonal_Storage_System,2024-08-08T01:24:47.977Z,Water Plant,Drain,Drain High Level Switch,0.0
Seasonal_Storage_System,2024-08-08T01:25:47.977Z,Water Plant,Drain,Drain High Level Switch,0.0
Seasonal_Storage_System,2024-08-08T01:26:47.977Z,Water Plant,Drain,Drain High Level Switch,0.0
Seasonal_Storage_System,2024-08-08T01:27:47.978Z,Water Plant,Drain,Drain High Level Switch,0.0
Seasonal_Storage_System,2024-08-08T01:28:47.977Z,Water Plant,Drain,Drain High Level Switch,0.0
Seasonal_Storage_System,2024-08-08T01:29:47.977Z,Water Plant,Drain,Drain High Level Switch,0.0
Seasonal_Storage_System,2024-08-08T01:30:47.977Z,Water Plant,Drain,Drain High Level Switch,0.0
Seasonal_Storage_System,2024-08-08T01:31:48.064Z,Water Plant,Drain,Drain High Level Switch,0.0
Seasonal_Storage_System,2024-08-08T01:32:47.984Z,Water Plant,Drain,Drain High Level Switch,0.0
Seasonal_Storage_System,2024-08-08T01:33:47.983Z,Water Plant,Drain,Drain High Level Switch,0.0
Seasonal_Storage_System,2024-08-08T01:34:47.984Z,Water Plant,Drain,Drain High Level Switch,0.0
Seasonal_Storage_System,2024-08-08T01:35:47.984Z,Water Plant,Drain,Drain High Level Switch,0.0
Seasonal_Storage_System,2024-08-08T01:36:47.984Z,Water Plant,Drain,Drain High Level Switch,0.0
Seasonal_Storage_System,2024-08-08T01:37:47.984Z,Water Plant,Drain,Drain High Level Switch,0.0
Seasonal_Storage_System,2024-08-08T01:38:47.985Z,Water Plant,Drain,Drain High Level Switch,0.0
Seasonal_Storage_System,2024-08-08T01:39:48.059Z,Water Plant,Drain,Drain High Level Switch,0.0
Seasonal_Storage_System,2024-08-08T01:40:48.081Z,Water Plant,Drain,Drain High Level Switch,0.0
Seasonal_Storage_System,2024-08-08T01:41:48.099Z,Water Plant,Drain,Drain High Level Switch,0.0
Seasonal_Storage_System,2024-08-08T01:42:48.138Z,Water Plant,Drain,Drain High Level Switch,0.0
Seasonal_Storage_System,2024-08-08T01:43:48.158Z,Water Plant,Drain,Drain High Level Switch,0.0
Seasonal_Storage_System,2024-08-08T01:44:48.184Z,Water Plant,Drain,Drain High Level Switch,0.0
Seasonal_Storage_System,2024-08-08T01:45:48.214Z,Water Plant,Drain,Drain High Level Switch,0.0
Seasonal_Storage_System,2024-08-08T01:46:48.243Z,Water Plant,Drain,Drain High Level Switch,0.0
Seasonal_Storage_System,2024-08-08T01:47:48.282Z,Water Plant,Drain,Drain High Level Switch,0.0
Seasonal_Storage_System,2024-08-08T01:48:48.283Z,Water Plant,Drain,Drain High Level Switch,0.0
Seasonal_Storage_System,2024-08-08T01:49:48.311Z,Water Plant,Drain,Drain High Level Switch,0.0
Seasonal_Storage_System,2024-08-08T01:50:48.333Z,Water Plant,Drain,Drain High Level Switch,0.0
Seasonal_Storage_System,2024-08-08T01:51:48.34Z,Water Plant,Drain,Drain High Level Switch,0.0
Seasonal_Storage_System,2024-08-08T01:52:48.338Z,Water Plant,Drain,Drain High Level Switch,0.0
Seasonal_Storage_System,2024-08-08T01:53:48.345Z,Water Plant,Drain,Drain High Level Switch,0.0
Seasonal_Storage_System,2024-08-08T01:54:48.339Z,Water Plant,Drain,Drain High Level Switch,0.0
Seasonal_Storage_System,2024-08-08T01:55:48.377Z,Water Plant,Drain,Drain High Level Switch,0.0
Seasonal_Storage_System,2024-08-08T01:56:48.412Z,Water Plant,Drain,Drain High Level Switch,0.0
Seasonal_Storage_System,2024-08-08T01:57:48.417Z,Water Plant,Drain,Drain High Level Switch,0.0
Seasonal_Storage_System,2024-08-08T01:58:48.433Z,Water Plant,Drain,Drain High Level Switch,0.0
Seasonal_Storage_System,2024-08-08T01:59:48.449Z,Water Plant,Drain,Drain High Level Switch,0.0
Seasonal_Storage_System,2024-08-08T02:00:48.449Z,Water Plant,Drain,Drain High Level Switch,0.0
Seasonal_Storage_System,2024-08-08T02:01:48.45Z,Water Plant,Drain,Drain High Level Switch,0.0
Seasonal_Storage_System,2024-08-08T02:02:48.463Z,Water Plant,Drain,Drain High Level Switch,0.0
Seasonal_Storage_System,2024-08-08T02:03:48.481Z,Water Plant,Drain,Drain High Level Switch,0.0
Seasonal_Storage_System,2024-08-08T02:04:48.497Z,Water Plant,Drain,Drain High Level Switch,0.0
Seasonal_Storage_System,2024-08-08T02:05:48.527Z,Water Plant,Drain,Drain High Level Switch,0.0
Seasonal_Storage_System,2024-08-08T02:06:48.535Z,Water Plant,Drain,Drain High Level Switch,0.0
Seasonal_Storage_System,2024-08-08T02:07:48.54Z,Water Plant,Drain,Drain High Level Switch,0.0
Seasonal_Storage_System,2024-08-08T02:08:48.547Z,Water Plant,Drain,Drain High Level Switch,0.0
Seasonal_Storage_System,2024-08-08T02:09:48.553Z,Water Plant,Drain,Drain High Level Switch,0.0
Seasonal_Storage_System,2024-08-08T02:10:48.568Z,Water Plant,Drain,Drain High Level Switch,0.0
Seasonal_Storage_System,2024-08-08T02:11:48.578Z,Water Plant,Drain,Drain High Level Switch,0.0
Seasonal_Storage_System,2024-08-08T02:12:48.604Z,Water Plant,Drain,Drain High Level Switch,0.0
Seasonal_Storage_System,2024-08-08T02:13:48.626Z,Water Plant,Drain,Drain High Level Switch,0.0
Seasonal_Storage_System,2024-08-08T02:14:48.638Z,Water Plant,Drain,Drain High Level Switch,0.0
Seasonal_Storage_System,2024-08-08T02:15:48.634Z,Water Plant,Drain,Drain High Level Switch,0.0
Seasonal_Storage_System,2024-08-08T02:16:48.64Z,Water Plant,Drain,Drain High Level Switch,0.0
Seasonal_Storage_System,2024-08-08T02:17:48.571Z,Water Plant,Drain,Drain High Level Switch,0.0
Seasonal_Storage_System,2024-08-08T02:18:48.638Z,Water Plant,Drain,Drain High Level Switch,0.0
Seasonal_Storage_System,2024-08-08T02:19:48.574Z,Water Plant,Drain,Drain High Level Switch,0.0
Seasonal_Storage_System,2024-08-08T02:20:48.573Z,Water Plant,Drain,Drain High Level Switch,0.0
Seasonal_Storage_System,2024-08-08T02:21:48.579Z,Water Plant,Drain,Drain High Level Switch,0.0
Seasonal_Storage_System,2024-08-08T02:22:48.578Z,Water Plant,Drain,Drain High Level Switch,0.0
Seasonal_Storage_System,2024-08-08T02:23:48.574Z,Water Plant,Drain,Drain High Level Switch,0.0
Seasonal_Storage_System,2024-08-08T02:24:48.574Z,Water Plant,Drain,Drain High Level Switch,0.0
Seasonal_Storage_System,2024-08-08T02:25:48.575Z,Water Plant,Drain,Drain High Level Switch,0.0
Seasonal_Storage_System,2024-08-08T02:26:48.578Z,Water Plant,Drain,Drain High Level Switch,0.0
Seasonal_Storage_System,2024-08-08T02:27:48.576Z,Water Plant,Drain,Drain High Level Switch,0.0
Seasonal_Storage_System,2024-08-08T02:28:48.576Z,Water Plant,Drain,Drain High Level Switch,0.0
Seasonal_Storage_System,2024-08-08T02:29:48.577Z,Water Plant,Drain,Drain High Level Switch,0.0
Seasonal_Storage_System,2024-08-08T02:30:48.577Z,Water Plant,Drain,Drain High Level Switch,0.0
Seasonal_Storage_System,2024-08-08T02:31:48.577Z,Water Plant,Drain,Drain High Level Switch,0.0
Seasonal_Storage_System,2024-08-08T02:32:48.577Z,Water Plant,Drain,Drain High Level Switch,0.0
Seasonal_Storage_System,2024-08-08T02:33:48.578Z,Water Plant,Drain,Drain High Level Switch,0.0
Seasonal_Storage_System,2024-08-08T02:34:48.578Z,Water Plant,Drain,Drain High Level Switch,0.0
Seasonal_Storage_System,2024-08-08T02:35:48.579Z,Water Plant,Drain,Drain High Level Switch,0.0
Seasonal_Storage_System,2024-08-08T02:36:48.579Z,Water Plant,Drain,Drain High Level Switch,0.0
Seasonal_Storage_System,2024-08-08T02:37:48.579Z,Water Plant,Drain,Drain High Level Switch,0.0
Seasonal_Storage_System,2024-08-08T02:38:48.578Z,Water Plant,Drain,Drain High Level Switch,0.0
Seasonal_Storage_System,2024-08-08T02:39:48.578Z,Water Plant,Drain,Drain High Level Switch,0.0
Seasonal_Storage_System,2024-08-08T02:40:48.579Z,Water Plant,Drain,Drain High Level Switch,0.0
Seasonal_Storage_System,2024-08-08T02:41:48.58Z,Water Plant,Drain,Drain High Level Switch,0.0
Seasonal_Storage_System,2024-08-08T02:42:48.653Z,Water Plant,Drain,Drain High Level Switch,0.0
Seasonal_Storage_System,2024-08-08T02:43:48.694Z,Water Plant,Drain,Drain High Level Switch,0.0
Seasonal_Storage_System,2024-08-08T02:44:48.714Z,Water Plant,Drain,Drain High Level Switch,0.0
Seasonal_Storage_System,2024-08-08T02:45:48.742Z,Water Plant,Drain,Drain High Level Switch,0.0
Seasonal_Storage_System,2024-08-08T02:46:48.749Z,Water Plant,Drain,Drain High Level Switch,0.0
Seasonal_Storage_System,2024-08-08T02:47:48.775Z,Water Plant,Drain,Drain High Level Switch,0.0
Seasonal_Storage_System,2024-08-08T02:48:48.796Z,Water Plant,Drain,Drain High Level Switch,0.0
Seasonal_Storage_System,2024-08-08T02:49:48.808Z,Water Plant,Drain,Drain High Level Switch,0.0
Seasonal_Storage_System,2024-08-08T02:50:48.881Z,Water Plant,Drain,Drain High Level Switch,0.0
Seasonal_Storage_System,2024-08-08T02:51:48.986Z,Water Plant,Drain,Drain High Level Switch,0.0
Seasonal_Storage_System,2024-08-08T02:52:48.876Z,Water Plant,Drain,Drain High Level Switch,0.0
Seasonal_Storage_System,2024-08-08T02:53:48.804Z,Water Plant,Drain,Drain High Level Switch,0.0
Seasonal_Storage_System,2024-08-08T02:54:48.804Z,Water Plant,Drain,Drain High Level Switch,0.0
Seasonal_Storage_System,2024-08-08T02:55:48.803Z,Water Plant,Drain,Drain High Level Switch,0.0
Seasonal_Storage_System,2024-08-08T02:56:48.803Z,Water Plant,Drain,Drain High Level Switch,0.0
Seasonal_Storage_System,2024-08-08T02:57:48.803Z,Water Plant,Drain,Drain High Level Switch,0.0
Seasonal_Storage_System,2024-08-08T02:58:48.803Z,Water Plant,Drain,Drain High Level Switch,0.0
Seasonal_Storage_System,2024-08-08T02:59:48.804Z,Water Plant,Drain,Drain High Level Switch,0.0
Seasonal_Storage_System,2024-08-08T03:00:48.88Z,Water Plant,Drain,Drain High Level Switch,0.0
Seasonal_Storage_System,2024-08-08T03:01:48.875Z,Water Plant,Drain,Drain High Level Switch,0.0
Seasonal_Storage_System,2024-08-08T03:02:48.874Z,Water Plant,Drain,Drain High Level Switch,0.0
Seasonal_Storage_System,2024-08-08T03:03:48.868Z,Water Plant,Drain,Drain High Level Switch,0.0
Seasonal_Storage_System,2024-08-08T03:04:48.875Z,Water Plant,Drain,Drain High Level Switch,0.0
Seasonal_Storage_System,2024-08-08T03:05:48.876Z,Water Plant,Drain,Drain High Level Switch,0.0
Seasonal_Storage_System,2024-08-08T03:06:48.87Z,Water Plant,Drain,Drain High Level Switch,0.0
Seasonal_Storage_System,2024-08-08T03:07:48.868Z,Water Plant,Drain,Drain High Level Switch,0.0
Seasonal_Storage_System,2024-08-08T03:08:48.869Z,Water Plant,Drain,Drain High Level Switch,0.0
Seasonal_Storage_System,2024-08-08T03:09:48.869Z,Water Plant,Drain,Drain High Level Switch,0.0
Seasonal_Storage_System,2024-08-08T03:10:48.806Z,Water Plant,Drain,Drain High Level Switch,0.0
Seasonal_Storage_System,2024-08-08T03:11:48.806Z,Water Plant,Drain,Drain High Level Switch,0.0
Seasonal_Storage_System,2024-08-08T03:12:48.807Z,Water Plant,Drain,Drain High Level Switch,0.0
Seasonal_Storage_System,2024-08-08T03:13:48.808Z,Water Plant,Drain,Drain High Level Switch,0.0
Seasonal_Storage_System,2024-08-08T03:14:48.808Z,Water Plant,Drain,Drain High Level Switch,0.0
Seasonal_Storage_System,2024-08-08T03:15:48.808Z,Water Plant,Drain,Drain High Level Switch,0.0
Seasonal_Storage_System,2024-08-08T03:16:48.808Z,Water Plant,Drain,Drain High Level Switch,0.0
Seasonal_Storage_System,2024-08-08T03:17:48.809Z,Water Plant,Drain,Drain High Level Switch,0.0
Seasonal_Storage_System,2024-08-08T03:18:48.809Z,Water Plant,Drain,Drain High Level Switch,0.0
Seasonal_Storage_System,2024-08-08T03:19:48.81Z,Water Plant,Drain,Drain High Level Switch,0.0
Seasonal_Storage_System,2024-08-08T03:20:48.954Z,Water Plant,Drain,Drain High Level Switch,0.0
Seasonal_Storage_System,2024-08-08T03:21:48.942Z,Water Plant,Drain,Drain High Level Switch,0.0
Seasonal_Storage_System,2024-08-08T03:22:48.947Z,Water Plant,Drain,Drain High Level Switch,0.0
Seasonal_Storage_System,2024-08-08T03:23:48.948Z,Water Plant,Drain,Drain High Level Switch,0.0
Seasonal_Storage_System,2024-08-08T03:24:48.948Z,Water Plant,Drain,Drain High Level Switch,0.0
Seasonal_Storage_System,2024-08-08T03:25:49.006Z,Water Plant,Drain,Drain High Level Switch,0.0
Seasonal_Storage_System,2024-08-08T03:26:49.052Z,Water Plant,Drain,Drain High Level Switch,0.0
Seasonal_Storage_System,2024-08-08T03:27:49.076Z,Water Plant,Drain,Drain High Level Switch,0.0
Seasonal_Storage_System,2024-08-08T03:28:49.09Z,Water Plant,Drain,Drain High Level Switch,0.0
Seasonal_Storage_System,2024-08-08T03:29:49.105Z,Water Plant,Drain,Drain High Level Switch,0.0
Seasonal_Storage_System,2024-08-08T03:30:49.104Z,Water Plant,Drain,Drain High Level Switch,0.0
Seasonal_Storage_System,2024-08-08T03:31:49.126Z,Water Plant,Drain,Drain High Level Switch,0.0
Seasonal_Storage_System,2024-08-08T03:32:49.158Z,Water Plant,Drain,Drain High Level Switch,0.0
Seasonal_Storage_System,2024-08-08T03:33:49.186Z,Water Plant,Drain,Drain High Level Switch,0.0
Seasonal_Storage_System,2024-08-08T03:34:49.202Z,Water Plant,Drain,Drain High Level Switch,0.0
Seasonal_Storage_System,2024-08-08T03:35:49.211Z,Water Plant,Drain,Drain High Level Switch,0.0
Seasonal_Storage_System,2024-08-08T03:36:49.223Z,Water Plant,Drain,Drain High Level Switch,0.0
Seasonal_Storage_System,2024-08-08T03:37:49.255Z,Water Plant,Drain,Drain High Level Switch,0.0
Seasonal_Storage_System,2024-08-08T03:38:49.273Z,Water Plant,Drain,Drain High Level Switch,0.0
Seasonal_Storage_System,2024-08-08T03:39:49.293Z,Water Plant,Drain,Drain High Level Switch,0.0
Seasonal_Storage_System,2024-08-08T03:40:49.325Z,Water Plant,Drain,Drain High Level Switch,0.0
Seasonal_Storage_System,2024-08-08T03:41:49.36Z,Water Plant,Drain,Drain High Level Switch,0.0
Seasonal_Storage_System,2024-08-08T03:42:49.365Z,Water Plant,Drain,Drain High Level Switch,0.0
Seasonal_Storage_System,2024-08-08T03:43:49.395Z,Water Plant,Drain,Drain High Level Switch,0.0
Seasonal_Storage_System,2024-08-08T03:44:49.397Z,Water Plant,Drain,Drain High Level Switch,0.0
Seasonal_Storage_System,2024-08-08T03:45:49.428Z,Water Plant,Drain,Drain High Level Switch,0.0
Seasonal_Storage_System,2024-08-08T03:46:49.425Z,Water Plant,Drain,Drain High Level Switch,0.0
Seasonal_Storage_System,2024-08-08T03:47:49.43Z,Water Plant,Drain,Drain High Level Switch,0.0
Seasonal_Storage_System,2024-08-08T03:48:49.451Z,Water Plant,Drain,Drain High Level Switch,0.0
Seasonal_Storage_System,2024-08-08T03:49:49.47Z,Water Plant,Drain,Drain High Level Switch,0.0
Seasonal_Storage_System,2024-08-08T03:50:49.473Z,Water Plant,Drain,Drain High Level Switch,0.0
Seasonal_Storage_System,2024-08-08T03:51:49.479Z,Water Plant,Drain,Drain High Level Switch,0.0
Seasonal_Storage_System,2024-08-08T03:52:49.488Z,Water Plant,Drain,Drain High Level Switch,0.0
Seasonal_Storage_System,2024-08-08T03:53:49.541Z,Water Plant,Drain,Drain High Level Switch,0.0
Seasonal_Storage_System,2024-08-08T03:54:49.546Z,Water Plant,Drain,Drain High Level Switch,0.0
Seasonal_Storage_System,2024-08-08T03:55:49.561Z,Water Plant,Drain,Drain High Level Switch,0.0
Seasonal_Storage_System,2024-08-08T03:56:49.587Z,Water Plant,Drain,Drain High Level Switch,0.0
Seasonal_Storage_System,2024-08-08T03:57:49.625Z,Water Plant,Drain,Drain High Level Switch,0.0
Seasonal_Storage_System,2024-08-08T03:58:49.637Z,Water Plant,Drain,Drain High Level Switch,0.0
Seasonal_Storage_System,2024-08-08T03:59:49.643Z,Water Plant,Drain,Drain High Level Switch,0.0
Seasonal_Storage_System,2024-08-08T04:00:49.648Z,Water Plant,Drain,Drain High Level Switch,0.0
Seasonal_Storage_System,2024-08-08T04:01:49.651Z,Water Plant,Drain,Drain High Level Switch,0.0
Seasonal_Storage_System,2024-08-08T04:02:49.694Z,Water Plant,Drain,Drain High Level Switch,0.0
Seasonal_Storage_System,2024-08-08T04:03:49.705Z,Water Plant,Drain,Drain High Level Switch,0.0
Seasonal_Storage_System,2024-08-08T04:04:49.73Z,Water Plant,Drain,Drain High Level Switch,0.0
Seasonal_Storage_System,2024-08-08T04:05:49.758Z,Water Plant,Drain,Drain High Level Switch,0.0
Seasonal_Storage_System,2024-08-08T04:06:49.784Z,Water Plant,Drain,Drain High Level Switch,0.0
Seasonal_Storage_System,2024-08-08T04:07:49.8Z,Water Plant,Drain,Drain High Level Switch,0.0
Seasonal_Storage_System,2024-08-08T04:08:49.84Z,Water Plant,Drain,Drain High Level Switch,0.0
Seasonal_Storage_System,2024-08-08T04:09:49.833Z,Water Plant,Drain,Drain High Level Switch,0.0
Seasonal_Storage_System,2024-08-08T04:10:49.841Z,Water Plant,Drain,Drain High Level Switch,0.0
Seasonal_Storage_System,2024-08-08T04:11:49.841Z,Water Plant,Drain,Drain High Level Switch,0.0
Seasonal_Storage_System,2024-08-08T04:12:49.858Z,Water Plant,Drain,Drain High Level Switch,0.0
Seasonal_Storage_System,2024-08-08T04:13:49.935Z,Water Plant,Drain,Drain High Level Switch,0.0
Seasonal_Storage_System,2024-08-08T04:14:49.898Z,Water Plant,Drain,Drain High Level Switch,0.0
Seasonal_Storage_System,2024-08-08T04:15:49.931Z,Water Plant,Drain,Drain High Level Switch,0.0
Seasonal_Storage_System,2024-08-08T04:16:49.951Z,Water Plant,Drain,Drain High Level Switch,0.0
Seasonal_Storage_System,2024-08-08T04:17:49.964Z,Water Plant,Drain,Drain High Level Switch,0.0
Seasonal_Storage_System,2024-08-08T04:18:49.967Z,Water Plant,Drain,Drain High Level Switch,0.0
Seasonal_Storage_System,2024-08-08T04:19:49.997Z,Water Plant,Drain,Drain High Level Switch,0.0
Seasonal_Storage_System,2024-08-08T04:20:50.029Z,Water Plant,Drain,Drain High Level Switch,0.0
Seasonal_Storage_System,2024-08-08T04:21:50.023Z,Water Plant,Drain,Drain High Level Switch,0.0
Seasonal_Storage_System,2024-08-08T04:22:50.043Z,Water Plant,Drain,Drain High Level Switch,0.0
Seasonal_Storage_System,2024-08-08T04:23:50.056Z,Water Plant,Drain,Drain High Level Switch,0.0
Seasonal_Storage_System,2024-08-08T04:24:50.101Z,Water Plant,Drain,Drain High Level Switch,0.0
Seasonal_Storage_System,2024-08-08T04:25:50.13Z,Water Plant,Drain,Drain High Level Switch,0.0
Seasonal_Storage_System,2024-08-08T04:26:50.181Z,Water Plant,Drain,Drain High Level Switch,0.0
Seasonal_Storage_System,2024-08-08T04:27:50.211Z,Water Plant,Drain,Drain High Level Switch,0.0
Seasonal_Storage_System,2024-08-08T04:28:50.283Z,Water Plant,Drain,Drain High Level Switch,0.0
Seasonal_Storage_System,2024-08-08T04:29:50.213Z,Water Plant,Drain,Drain High Level Switch,0.0
Seasonal_Storage_System,2024-08-08T04:30:50.214Z,Water Plant,Drain,Drain High Level Switch,0.0
Seasonal_Storage_System,2024-08-08T04:31:50.214Z,Water Plant,Drain,Drain High Level Switch,0.0
Seasonal_Storage_System,2024-08-08T04:32:50.213Z,Water Plant,Drain,Drain High Level Switch,0.0
Seasonal_Storage_System,2024-08-08T04:33:50.214Z,Water Plant,Drain,Drain High Level Switch,0.0
Seasonal_Storage_System,2024-08-08T04:34:50.214Z,Water Plant,Drain,Drain High Level Switch,0.0
Seasonal_Storage_System,2024-08-08T04:35:50.214Z,Water Plant,Drain,Drain High Level Switch,0.0
Seasonal_Storage_System,2024-08-08T04:36:50.214Z,Water Plant,Drain,Drain High Level Switch,0.0
Seasonal_Storage_System,2024-08-08T04:37:50.215Z,Water Plant,Drain,Drain High Level Switch,0.0
Seasonal_Storage_System,2024-08-08T04:38:50.215Z,Water Plant,Drain,Drain High Level Switch,0.0
Seasonal_Storage_System,2024-08-08T04:39:50.215Z,Water Plant,Drain,Drain High Level Switch,0.0
Seasonal_Storage_System,2024-08-08T04:40:50.216Z,Water Plant,Drain,Drain High Level Switch,0.0
Seasonal_Storage_System,2024-08-08T04:41:50.216Z,Water Plant,Drain,Drain High Level Switch,0.0
Seasonal_Storage_System,2024-08-08T04:42:50.217Z,Water Plant,Drain,Drain High Level Switch,0.0
Seasonal_Storage_System,2024-08-08T04:43:50.217Z,Water Plant,Drain,Drain High Level Switch,0.0
Seasonal_Storage_System,2024-08-08T04:44:50.216Z,Water Plant,Drain,Drain High Level Switch,0.0
Seasonal_Storage_System,2024-08-08T04:45:50.218Z,Water Plant,Drain,Drain High Level Switch,0.0
Seasonal_Storage_System,2024-08-08T04:46:50.221Z,Water Plant,Drain,Drain High Level Switch,0.0
Seasonal_Storage_System,2024-08-08T04:47:50.219Z,Water Plant,Drain,Drain High Level Switch,0.0
Seasonal_Storage_System,2024-08-08T04:48:50.218Z,Water Plant,Drain,Drain High Level Switch,0.0
Seasonal_Storage_System,2024-08-08T04:49:50.218Z,Water Plant,Drain,Drain High Level Switch,0.0
Seasonal_Storage_System,2024-08-08T04:50:50.219Z,Water Plant,Drain,Drain High Level Switch,0.0
Seasonal_Storage_System,2024-08-08T04:51:50.22Z,Water Plant,Drain,Drain High Level Switch,0.0
Seasonal_Storage_System,2024-08-08T04:52:50.219Z,Water Plant,Drain,Drain High Level Switch,0.0
Seasonal_Storage_System,2024-08-08T04:53:50.219Z,Water Plant,Drain,Drain High Level Switch,0.0
Seasonal_Storage_System,2024-08-08T04:54:50.219Z,Water Plant,Drain,Drain High Level Switch,0.0
Seasonal_Storage_System,2024-08-08T04:55:50.219Z,Water Plant,Drain,Drain High Level Switch,0.0
Seasonal_Storage_System,2024-08-08T04:56:50.219Z,Water Plant,Drain,Drain High Level Switch,0.0
Seasonal_Storage_System,2024-08-08T04:57:50.22Z,Water Plant,Drain,Drain High Level Switch,0.0
Seasonal_Storage_System,2024-08-08T04:58:50.22Z,Water Plant,Drain,Drain High Level Switch,0.0
Seasonal_Storage_System,2024-08-08T04:59:50.229Z,Water Plant,Drain,Drain High Level Switch,0.0
Seasonal_Storage_System,2024-08-08T05:00:50.297Z,Water Plant,Drain,Drain High Level Switch,0.0
Seasonal_Storage_System,2024-08-08T05:01:50.299Z,Water Plant,Drain,Drain High Level Switch,0.0
Seasonal_Storage_System,2024-08-08T05:02:50.322Z,Water Plant,Drain,Drain High Level Switch,0.0
Seasonal_Storage_System,2024-08-08T05:03:50.352Z,Water Plant,Drain,Drain High Level Switch,0.0
Seasonal_Storage_System,2024-08-08T05:04:50.354Z,Water Plant,Drain,Drain High Level Switch,0.0
Seasonal_Storage_System,2024-08-08T05:05:50.381Z,Water Plant,Drain,Drain High Level Switch,0.0
Seasonal_Storage_System,2024-08-08T05:06:50.399Z,Water Plant,Drain,Drain High Level Switch,0.0
Seasonal_Storage_System,2024-08-08T05:07:50.422Z,Water Plant,Drain,Drain High Level Switch,0.0
Seasonal_Storage_System,2024-08-08T05:08:50.453Z,Water Plant,Drain,Drain High Level Switch,0.0
Seasonal_Storage_System,2024-08-08T05:09:50.476Z,Water Plant,Drain,Drain High Level Switch,0.0
Seasonal_Storage_System,2024-08-08T05:10:50.479Z,Water Plant,Drain,Drain High Level Switch,0.0
Seasonal_Storage_System,2024-08-08T05:11:50.499Z,Water Plant,Drain,Drain High Level Switch,0.0
Seasonal_Storage_System,2024-08-08T05:12:50.511Z,Water Plant,Drain,Drain High Level Switch,0.0
Seasonal_Storage_System,2024-08-08T05:13:50.515Z,Water Plant,Drain,Drain High Level Switch,0.0
Seasonal_Storage_System,2024-08-08T05:14:50.537Z,Water Plant,Drain,Drain High Level Switch,0.0
Seasonal_Storage_System,2024-08-08T05:15:50.547Z,Water Plant,Drain,Drain High Level Switch,0.0
Seasonal_Storage_System,2024-08-08T05:16:50.569Z,Water Plant,Drain,Drain High Level Switch,0.0
Seasonal_Storage_System,2024-08-08T05:17:50.591Z,Water Plant,Drain,Drain High Level Switch,0.0
Seasonal_Storage_System,2024-08-08T05:18:50.624Z,Water Plant,Drain,Drain High Level Switch,0.0
Seasonal_Storage_System,2024-08-08T05:19:50.616Z,Water Plant,Drain,Drain High Level Switch,0.0
Seasonal_Storage_System,2024-08-08T05:20:50.642Z,Water Plant,Drain,Drain High Level Switch,0.0
Seasonal_Storage_System,2024-08-08T05:21:50.65Z,Water Plant,Drain,Drain High Level Switch,0.0
Seasonal_Storage_System,2024-08-08T05:22:50.675Z,Water Plant,Drain,Drain High Level Switch,0.0
Seasonal_Storage_System,2024-08-08T05:23:50.682Z,Water Plant,Drain,Drain High Level Switch,0.0
Seasonal_Storage_System,2024-08-08T05:24:50.699Z,Water Plant,Drain,Drain High Level Switch,0.0
Seasonal_Storage_System,2024-08-08T05:25:50.694Z,Water Plant,Drain,Drain High Level Switch,0.0
Seasonal_Storage_System,2024-08-08T05:26:50.717Z,Water Plant,Drain,Drain High Level Switch,0.0
Seasonal_Storage_System,2024-08-08T05:27:50.73Z,Water Plant,Drain,Drain High Level Switch,0.0
Seasonal_Storage_System,2024-08-08T05:28:50.768Z,Water Plant,Drain,Drain High Level Switch,0.0
Seasonal_Storage_System,2024-08-08T05:29:50.781Z,Water Plant,Drain,Drain High Level Switch,0.0
Seasonal_Storage_System,2024-08-08T05:30:50.801Z,Water Plant,Drain,Drain High Level Switch,0.0
Seasonal_Storage_System,2024-08-08T05:31:50.809Z,Water Plant,Drain,Drain High Level Switch,0.0
Seasonal_Storage_System,2024-08-08T05:32:50.842Z,Water Plant,Drain,Drain High Level Switch,0.0
Seasonal_Storage_System,2024-08-08T05:33:50.858Z,Water Plant,Drain,Drain High Level Switch,0.0
Seasonal_Storage_System,2024-08-08T05:34:50.86Z,Water Plant,Drain,Drain High Level Switch,0.0
Seasonal_Storage_System,2024-08-08T05:35:50.873Z,Water Plant,Drain,Drain High Level Switch,0.0
Seasonal_Storage_System,2024-08-08T05:36:50.885Z,Water Plant,Drain,Drain High Level Switch,0.0
Seasonal_Storage_System,2024-08-08T05:37:50.904Z,Water Plant,Drain,Drain High Level Switch,0.0
Seasonal_Storage_System,2024-08-08T05:38:50.917Z,Water Plant,Drain,Drain High Level Switch,0.0
Seasonal_Storage_System,2024-08-08T05:39:50.929Z,Water Plant,Drain,Drain High Level Switch,0.0
Seasonal_Storage_System,2024-08-08T05:40:50.946Z,Water Plant,Drain,Drain High Level Switch,0.0
Seasonal_Storage_System,2024-08-08T05:41:50.952Z,Water Plant,Drain,Drain High Level Switch,0.0
Seasonal_Storage_System,2024-08-08T05:42:50.956Z,Water Plant,Drain,Drain High Level Switch,0.0
Seasonal_Storage_System,2024-08-08T05:43:50.974Z,Water Plant,Drain,Drain High Level Switch,0.0
Seasonal_Storage_System,2024-08-08T05:44:50.978Z,Water Plant,Drain,Drain High Level Switch,0.0
Seasonal_Storage_System,2024-08-08T05:45:50.99Z,Water Plant,Drain,Drain High Level Switch,0.0
Seasonal_Storage_System,2024-08-08T05:46:50.992Z,Water Plant,Drain,Drain High Level Switch,0.0
Seasonal_Storage_System,2024-08-08T05:47:51.008Z,Water Plant,Drain,Drain High Level Switch,0.0
Seasonal_Storage_System,2024-08-08T05:48:51.038Z,Water Plant,Drain,Drain High Level Switch,0.0
Seasonal_Storage_System,2024-08-08T05:49:51.05Z,Water Plant,Drain,Drain High Level Switch,0.0
Seasonal_Storage_System,2024-08-08T05:50:51.056Z,Water Plant,Drain,Drain High Level Switch,0.0
Seasonal_Storage_System,2024-08-08T05:51:51.074Z,Water Plant,Drain,Drain High Level Switch,0.0
Seasonal_Storage_System,2024-08-08T05:52:51.1Z,Water Plant,Drain,Drain High Level Switch,0.0
Seasonal_Storage_System,2024-08-08T05:53:51.151Z,Water Plant,Drain,Drain High Level Switch,0.0
Seasonal_Storage_System,2024-08-08T05:54:51.15Z,Water Plant,Drain,Drain High Level Switch,0.0
Seasonal_Storage_System,2024-08-08T05:55:51.15Z,Water Plant,Drain,Drain High Level Switch,0.0
Seasonal_Storage_System,2024-08-08T05:56:51.145Z,Water Plant,Drain,Drain High Level Switch,0.0
Seasonal_Storage_System,2024-08-08T05:57:51.146Z,Water Plant,Drain,Drain High Level Switch,0.0
Seasonal_Storage_System,2024-08-08T05:58:51.155Z,Water Plant,Drain,Drain High Level Switch,0.0
Seasonal_Storage_System,2024-08-08T05:59:51.151Z,Water Plant,Drain,Drain High Level Switch,0.0
Seasonal_Storage_System,2024-08-08T06:00:51.084Z,Water Plant,Drain,Drain High Level Switch,0.0
Seasonal_Storage_System,2024-08-08T06:01:51.083Z,Water Plant,Drain,Drain High Level Switch,0.0
Seasonal_Storage_System,2024-08-08T06:02:51.083Z,Water Plant,Drain,Drain High Level Switch,0.0
Seasonal_Storage_System,2024-08-08T06:03:51.083Z,Water Plant,Drain,Drain High Level Switch,0.0
Seasonal_Storage_System,2024-08-08T06:04:51.156Z,Water Plant,Drain,Drain High Level Switch,0.0
Seasonal_Storage_System,2024-08-08T06:05:51.148Z,Water Plant,Drain,Drain High Level Switch,0.0
Seasonal_Storage_System,2024-08-08T06:06:51.153Z,Water Plant,Drain,Drain High Level Switch,0.0
Seasonal_Storage_System,2024-08-08T06:07:51.154Z,Water Plant,Drain,Drain High Level Switch,0.0
Seasonal_Storage_System,2024-08-08T06:08:51.157Z,Water Plant,Drain,Drain High Level Switch,0.0
Seasonal_Storage_System,2024-08-08T06:09:51.149Z,Water Plant,Drain,Drain High Level Switch,0.0
Seasonal_Storage_System,2024-08-08T06:10:51.156Z,Water Plant,Drain,Drain High Level Switch,0.0
Seasonal_Storage_System,2024-08-08T06:11:51.086Z,Water Plant,Drain,Drain High Level Switch,0.0
Seasonal_Storage_System,2024-08-08T06:12:51.087Z,Water Plant,Drain,Drain High Level Switch,0.0
Seasonal_Storage_System,2024-08-08T06:13:51.087Z,Water Plant,Drain,Drain High Level Switch,0.0
Seasonal_Storage_System,2024-08-08T06:14:51.087Z,Water Plant,Drain,Drain High Level Switch,0.0
Seasonal_Storage_System,2024-08-08T06:15:51.087Z,Water Plant,Drain,Drain High Level Switch,0.0
Seasonal_Storage_System,2024-08-08T06:16:51.088Z,Water Plant,Drain,Drain High Level Switch,0.0
Seasonal_Storage_System,2024-08-08T06:17:51.089Z,Water Plant,Drain,Drain High Level Switch,0.0
Seasonal_Storage_System,2024-08-08T06:18:51.089Z,Water Plant,Drain,Drain High Level Switch,0.0
Seasonal_Storage_System,2024-08-08T06:19:51.089Z,Water Plant,Drain,Drain High Level Switch,0.0
Seasonal_Storage_System,2024-08-08T06:20:51.153Z,Water Plant,Drain,Drain High Level Switch,0.0
Seasonal_Storage_System,2024-08-08T06:21:51.161Z,Water Plant,Drain,Drain High Level Switch,0.0
Seasonal_Storage_System,2024-08-08T06:22:51.212Z,Water Plant,Drain,Drain High Level Switch,0.0
Seasonal_Storage_System,2024-08-08T06:23:51.216Z,Water Plant,Drain,Drain High Level Switch,0.0
Seasonal_Storage_System,2024-08-08T06:24:51.211Z,Water Plant,Drain,Drain High Level Switch,0.0
Seasonal_Storage_System,2024-08-08T06:25:51.217Z,Water Plant,Drain,Drain High Level Switch,0.0
Seasonal_Storage_System,2024-08-08T06:26:51.149Z,Water Plant,Drain,Drain High Level Switch,0.0
Seasonal_Storage_System,2024-08-08T06:27:51.149Z,Water Plant,Drain,Drain High Level Switch,0.0
Seasonal_Storage_System,2024-08-08T06:28:51.15Z,Water Plant,Drain,Drain High Level Switch,0.0
Seasonal_Storage_System,2024-08-08T06:29:51.15Z,Water Plant,Drain,Drain High Level Switch,0.0
Seasonal_Storage_System,2024-08-08T06:30:51.15Z,Water Plant,Drain,Drain High Level Switch,0.0
Seasonal_Storage_System,2024-08-08T06:31:51.15Z,Water Plant,Drain,Drain High Level Switch,0.0
Seasonal_Storage_System,2024-08-08T06:32:51.15Z,Water Plant,Drain,Drain High Level Switch,0.0
Seasonal_Storage_System,2024-08-08T06:33:51.151Z,Water Plant,Drain,Drain High Level Switch,0.0
Seasonal_Storage_System,2024-08-08T06:34:51.151Z,Water Plant,Drain,Drain High Level Switch,0.0
Seasonal_Storage_System,2024-08-08T06:35:51.152Z,Water Plant,Drain,Drain High Level Switch,0.0
Seasonal_Storage_System,2024-08-08T06:36:51.153Z,Water Plant,Drain,Drain High Level Switch,0.0
Seasonal_Storage_System,2024-08-08T06:37:51.153Z,Water Plant,Drain,Drain High Level Switch,0.0
Seasonal_Storage_System,2024-08-08T06:38:51.154Z,Water Plant,Drain,Drain High Level Switch,0.0
Seasonal_Storage_System,2024-08-08T06:39:51.154Z,Water Plant,Drain,Drain High Level Switch,0.0
Seasonal_Storage_System,2024-08-08T06:40:51.153Z,Water Plant,Drain,Drain High Level Switch,0.0
Seasonal_Storage_System,2024-08-08T06:41:51.153Z,Water Plant,Drain,Drain High Level Switch,0.0
Seasonal_Storage_System,2024-08-08T06:42:51.153Z,Water Plant,Drain,Drain High Level Switch,0.0
Seasonal_Storage_System,2024-08-08T06:43:51.153Z,Water Plant,Drain,Drain High Level Switch,0.0
Seasonal_Storage_System,2024-08-08T06:44:51.154Z,Water Plant,Drain,Drain High Level Switch,0.0
Seasonal_Storage_System,2024-08-08T06:45:51.154Z,Water Plant,Drain,Drain High Level Switch,0.0
Seasonal_Storage_System,2024-08-08T06:46:51.153Z,Water Plant,Drain,Drain High Level Switch,0.0
Seasonal_Storage_System,2024-08-08T06:47:51.25Z,Water Plant,Drain,Drain High Level Switch,0.0
Seasonal_Storage_System,2024-08-08T06:48:51.272Z,Water Plant,Drain,Drain High Level Switch,0.0
Seasonal_Storage_System,2024-08-08T06:49:51.269Z,Water Plant,Drain,Drain High Level Switch,0.0
Seasonal_Storage_System,2024-08-08T06:50:51.269Z,Water Plant,Drain,Drain High Level Switch,0.0
Seasonal_Storage_System,2024-08-08T06:51:51.201Z,Water Plant,Drain,Drain High Level Switch,0.0
Seasonal_Storage_System,2024-08-08T06:52:51.202Z,Water Plant,Drain,Drain High Level Switch,0.0
Seasonal_Storage_System,2024-08-08T06:53:51.201Z,Water Plant,Drain,Drain High Level Switch,0.0
Seasonal_Storage_System,2024-08-08T06:54:51.201Z,Water Plant,Drain,Drain High Level Switch,0.0
Seasonal_Storage_System,2024-08-08T06:55:51.201Z,Water Plant,Drain,Drain High Level Switch,0.0
Seasonal_Storage_System,2024-08-08T06:56:51.208Z,Water Plant,Drain,Drain High Level Switch,0.0
Seasonal_Storage_System,2024-08-08T06:57:51.202Z,Water Plant,Drain,Drain High Level Switch,0.0
Seasonal_Storage_System,2024-08-08T06:58:51.203Z,Water Plant,Drain,Drain High Level Switch,0.0
Seasonal_Storage_System,2024-08-08T06:59:51.204Z,Water Plant,Drain,Drain High Level Switch,0.0
Seasonal_Storage_System,2024-08-08T07:00:51.203Z,Water Plant,Drain,Drain High Level Switch,0.0
Seasonal_Storage_System,2024-08-08T07:01:51.204Z,Water Plant,Drain,Drain High Level Switch,0.0
Seasonal_Storage_System,2024-08-08T07:02:51.204Z,Water Plant,Drain,Drain High Level Switch,0.0
Seasonal_Storage_System,2024-08-08T07:03:51.205Z,Water Plant,Drain,Drain High Level Switch,0.0
Seasonal_Storage_System,2024-08-08T07:04:51.203Z,Water Plant,Drain,Drain High Level Switch,0.0
Seasonal_Storage_System,2024-08-08T07:05:51.203Z,Water Plant,Drain,Drain High Level Switch,0.0
Seasonal_Storage_System,2024-08-08T07:06:51.204Z,Water Plant,Drain,Drain High Level Switch,0.0
Seasonal_Storage_System,2024-08-08T07:07:51.211Z,Water Plant,Drain,Drain High Level Switch,0.0
Seasonal_Storage_System,2024-08-08T07:08:51.208Z,Water Plant,Drain,Drain High Level Switch,0.0
Seasonal_Storage_System,2024-08-08T07:09:51.207Z,Water Plant,Drain,Drain High Level Switch,0.0
Seasonal_Storage_System,2024-08-08T07:10:51.206Z,Water Plant,Drain,Drain High Level Switch,0.0
Seasonal_Storage_System,2024-08-08T07:11:51.208Z,Water Plant,Drain,Drain High Level Switch,0.0
Seasonal_Storage_System,2024-08-08T07:12:51.209Z,Water Plant,Drain,Drain High Level Switch,0.0
Seasonal_Storage_System,2024-08-08T07:13:51.211Z,Water Plant,Drain,Drain High Level Switch,0.0
Seasonal_Storage_System,2024-08-08T07:14:51.211Z,Water Plant,Drain,Drain High Level Switch,0.0
Seasonal_Storage_System,2024-08-08T07:15:51.212Z,Water Plant,Drain,Drain High Level Switch,0.0
Seasonal_Storage_System,2024-08-08T07:16:51.211Z,Water Plant,Drain,Drain High Level Switch,0.0
Seasonal_Storage_System,2024-08-08T07:17:51.21Z,Water Plant,Drain,Drain High Level Switch,0.0
Seasonal_Storage_System,2024-08-08T07:18:51.21Z,Water Plant,Drain,Drain High Level Switch,0.0
Seasonal_Storage_System,2024-08-08T07:19:51.21Z,Water Plant,Drain,Drain High Level Switch,0.0
Seasonal_Storage_System,2024-08-08T07:20:51.211Z,Water Plant,Drain,Drain High Level Switch,0.0
Seasonal_Storage_System,2024-08-08T07:21:51.211Z,Water Plant,Drain,Drain High Level Switch,0.0
Seasonal_Storage_System,2024-08-08T07:22:51.212Z,Water Plant,Drain,Drain High Level Switch,0.0
Seasonal_Storage_System,2024-08-08T07:23:51.212Z,Water Plant,Drain,Drain High Level Switch,0.0
Seasonal_Storage_System,2024-08-08T07:24:51.213Z,Water Plant,Drain,Drain High Level Switch,0.0
Seasonal_Storage_System,2024-08-08T07:25:51.292Z,Water Plant,Drain,Drain High Level Switch,0.0
Seasonal_Storage_System,2024-08-08T07:26:51.294Z,Water Plant,Drain,Drain High Level Switch,0.0
Seasonal_Storage_System,2024-08-08T07:27:51.315Z,Water Plant,Drain,Drain High Level Switch,0.0
Seasonal_Storage_System,2024-08-08T07:28:51.298Z,Water Plant,Drain,Drain High Level Switch,0.0
Seasonal_Storage_System,2024-08-08T07:29:51.236Z,Water Plant,Drain,Drain High Level Switch,0.0
Seasonal_Storage_System,2024-08-08T07:30:51.234Z,Water Plant,Drain,Drain High Level Switch,0.0
Seasonal_Storage_System,2024-08-08T07:31:51.235Z,Water Plant,Drain,Drain High Level Switch,0.0
Seasonal_Storage_System,2024-08-08T07:32:51.235Z,Water Plant,Drain,Drain High Level Switch,0.0
Seasonal_Storage_System,2024-08-08T07:33:51.235Z,Water Plant,Drain,Drain High Level Switch,0.0
Seasonal_Storage_System,2024-08-08T07:34:51.235Z,Water Plant,Drain,Drain High Level Switch,0.0
Seasonal_Storage_System,2024-08-08T07:35:51.236Z,Water Plant,Drain,Drain High Level Switch,0.0
Seasonal_Storage_System,2024-08-08T07:36:51.235Z,Water Plant,Drain,Drain High Level Switch,0.0
Seasonal_Storage_System,2024-08-08T07:37:51.235Z,Water Plant,Drain,Drain High Level Switch,0.0
Seasonal_Storage_System,2024-08-08T07:38:51.235Z,Water Plant,Drain,Drain High Level Switch,0.0
Seasonal_Storage_System,2024-08-08T07:39:51.236Z,Water Plant,Drain,Drain High Level Switch,0.0
Seasonal_Storage_System,2024-08-08T07:40:51.443Z,Water Plant,Drain,Drain High Level Switch,0.0
Seasonal_Storage_System,2024-08-08T07:41:51.343Z,Water Plant,Drain,Drain High Level Switch,0.0
Seasonal_Storage_System,2024-08-08T07:42:51.344Z,Water Plant,Drain,Drain High Level Switch,0.0
Seasonal_Storage_System,2024-08-08T07:43:51.344Z,Water Plant,Drain,Drain High Level Switch,0.0
Seasonal_Storage_System,2024-08-08T07:44:51.347Z,Water Plant,Drain,Drain High Level Switch,0.0
Seasonal_Storage_System,2024-08-08T07:45:51.344Z,Water Plant,Drain,Drain High Level Switch,0.0
Seasonal_Storage_System,2024-08-08T07:46:51.277Z,Water Plant,Drain,Drain High Level Switch,0.0
Seasonal_Storage_System,2024-08-08T07:47:51.381Z,Water Plant,Drain,Drain High Level Switch,0.0
Seasonal_Storage_System,2024-08-08T07:48:51.383Z,Water Plant,Drain,Drain High Level Switch,0.0
Seasonal_Storage_System,2024-08-08T07:49:51.39Z,Water Plant,Drain,Drain High Level Switch,0.0
Seasonal_Storage_System,2024-08-08T07:50:51.39Z,Water Plant,Drain,Drain High Level Switch,0.0
Seasonal_Storage_System,2024-08-08T07:51:51.39Z,Water Plant,Drain,Drain High Level Switch,0.0
Seasonal_Storage_System,2024-08-08T07:52:51.385Z,Water Plant,Drain,Drain High Level Switch,0.0
Seasonal_Storage_System,2024-08-08T07:53:51.39Z,Water Plant,Drain,Drain High Level Switch,0.0
Seasonal_Storage_System,2024-08-08T07:54:51.323Z,Water Plant,Drain,Drain High Level Switch,0.0
Seasonal_Storage_System,2024-08-08T07:55:51.323Z,Water Plant,Drain,Drain High Level Switch,0.0
Seasonal_Storage_System,2024-08-08T07:56:51.328Z,Water Plant,Drain,Drain High Level Switch,0.0
Seasonal_Storage_System,2024-08-08T07:57:51.322Z,Water Plant,Drain,Drain High Level Switch,0.0
Seasonal_Storage_System,2024-08-08T07:58:51.323Z,Water Plant,Drain,Drain High Level Switch,0.0
Seasonal_Storage_System,2024-08-08T07:59:51.323Z,Water Plant,Drain,Drain High Level Switch,0.0
Seasonal_Storage_System,2024-08-08T08:00:51.323Z,Water Plant,Drain,Drain High Level Switch,0.0
Seasonal_Storage_System,2024-08-08T08:01:51.324Z,Water Plant,Drain,Drain High Level Switch,0.0
Seasonal_Storage_System,2024-08-08T08:02:51.324Z,Water Plant,Drain,Drain High Level Switch,0.0
Seasonal_Storage_System,2024-08-08T08:03:51.327Z,Water Plant,Drain,Drain High Level Switch,0.0
Seasonal_Storage_System,2024-08-08T08:04:51.325Z,Water Plant,Drain,Drain High Level Switch,0.0
Seasonal_Storage_System,2024-08-08T08:05:51.325Z,Water Plant,Drain,Drain High Level Switch,0.0
Seasonal_Storage_System,2024-08-08T08:06:51.326Z,Water Plant,Drain,Drain High Level Switch,0.0
Seasonal_Storage_System,2024-08-08T08:07:51.326Z,Water Plant,Drain,Drain High Level Switch,0.0
Seasonal_Storage_System,2024-08-08T08:08:51.326Z,Water Plant,Drain,Drain High Level Switch,0.0
Seasonal_Storage_System,2024-08-08T08:09:51.325Z,Water Plant,Drain,Drain High Level Switch,0.0
Seasonal_Storage_System,2024-08-08T08:10:51.325Z,Water Plant,Drain,Drain High Level Switch,0.0
Seasonal_Storage_System,2024-08-08T08:11:51.325Z,Water Plant,Drain,Drain High Level Switch,0.0
Seasonal_Storage_System,2024-08-08T08:12:51.326Z,Water Plant,Drain,Drain High Level Switch,0.0
Seasonal_Storage_System,2024-08-08T08:13:51.326Z,Water Plant,Drain,Drain High Level Switch,0.0
Seasonal_Storage_System,2024-08-08T08:14:51.326Z,Water Plant,Drain,Drain High Level Switch,0.0
Seasonal_Storage_System,2024-08-08T08:15:51.326Z,Water Plant,Drain,Drain High Level Switch,0.0
Seasonal_Storage_System,2024-08-08T08:16:51.326Z,Water Plant,Drain,Drain High Level Switch,0.0
Seasonal_Storage_System,2024-08-08T08:17:51.326Z,Water Plant,Drain,Drain High Level Switch,0.0
Seasonal_Storage_System,2024-08-08T08:18:51.326Z,Water Plant,Drain,Drain High Level Switch,0.0
Seasonal_Storage_System,2024-08-08T08:19:51.326Z,Water Plant,Drain,Drain High Level Switch,0.0
Seasonal_Storage_System,2024-08-08T08:20:51.427Z,Water Plant,Drain,Drain High Level Switch,0.0
Seasonal_Storage_System,2024-08-08T08:21:51.426Z,Water Plant,Drain,Drain High Level Switch,0.0
Seasonal_Storage_System,2024-08-08T08:22:51.425Z,Water Plant,Drain,Drain High Level Switch,0.0
Seasonal_Storage_System,2024-08-08T08:23:51.426Z,Water Plant,Drain,Drain High Level Switch,0.0
Seasonal_Storage_System,2024-08-08T08:24:51.424Z,Water Plant,Drain,Drain High Level Switch,0.0
Seasonal_Storage_System,2024-08-08T08:25:51.426Z,Water Plant,Drain,Drain High Level Switch,0.0
Seasonal_Storage_System,2024-08-08T08:26:51.358Z,Water Plant,Drain,Drain High Level Switch,0.0
Seasonal_Storage_System,2024-08-08T08:27:51.357Z,Water Plant,Drain,Drain High Level Switch,0.0
Seasonal_Storage_System,2024-08-08T08:28:51.357Z,Water Plant,Drain,Drain High Level Switch,0.0
Seasonal_Storage_System,2024-08-08T08:29:51.357Z,Water Plant,Drain,Drain High Level Switch,0.0
Seasonal_Storage_System,2024-08-08T08:30:51.36Z,Water Plant,Drain,Drain High Level Switch,0.0
Seasonal_Storage_System,2024-08-08T08:31:51.358Z,Water Plant,Drain,Drain High Level Switch,0.0
Seasonal_Storage_System,2024-08-08T08:32:51.357Z,Water Plant,Drain,Drain High Level Switch,0.0
Seasonal_Storage_System,2024-08-08T08:33:51.357Z,Water Plant,Drain,Drain High Level Switch,0.0
Seasonal_Storage_System,2024-08-08T08:34:51.373Z,Water Plant,Drain,Drain High Level Switch,0.0
Seasonal_Storage_System,2024-08-08T08:35:51.358Z,Water Plant,Drain,Drain High Level Switch,0.0
Seasonal_Storage_System,2024-08-08T08:36:51.358Z,Water Plant,Drain,Drain High Level Switch,0.0
Seasonal_Storage_System,2024-08-08T08:37:51.358Z,Water Plant,Drain,Drain High Level Switch,0.0
Seasonal_Storage_System,2024-08-08T08:38:51.359Z,Water Plant,Drain,Drain High Level Switch,0.0
Seasonal_Storage_System,2024-08-08T08:39:51.358Z,Water Plant,Drain,Drain High Level Switch,0.0
Seasonal_Storage_System,2024-08-08T08:40:51.358Z,Water Plant,Drain,Drain High Level Switch,0.0
Seasonal_Storage_System,2024-08-08T08:41:51.358Z,Water Plant,Drain,Drain High Level Switch,0.0
Seasonal_Storage_System,2024-08-08T08:42:51.358Z,Water Plant,Drain,Drain High Level Switch,0.0
Seasonal_Storage_System,2024-08-08T08:43:51.359Z,Water Plant,Drain,Drain High Level Switch,0.0
Seasonal_Storage_System,2024-08-08T08:44:51.36Z,Water Plant,Drain,Drain High Level Switch,0.0
Seasonal_Storage_System,2024-08-08T08:45:51.361Z,Water Plant,Drain,Drain High Level Switch,0.0
Seasonal_Storage_System,2024-08-08T08:46:51.362Z,Water Plant,Drain,Drain High Level Switch,0.0
Seasonal_Storage_System,2024-08-08T08:47:51.454Z,Water Plant,Drain,Drain High Level Switch,0.0
Seasonal_Storage_System,2024-08-08T08:48:51.526Z,Water Plant,Drain,Drain High Level Switch,0.0
Seasonal_Storage_System,2024-08-08T08:49:51.554Z,Water Plant,Drain,Drain High Level Switch,0.0
Seasonal_Storage_System,2024-08-08T08:50:51.552Z,Water Plant,Drain,Drain High Level Switch,0.0
Seasonal_Storage_System,2024-08-08T08:51:51.572Z,Water Plant,Drain,Drain High Level Switch,0.0
Seasonal_Storage_System,2024-08-08T08:52:51.59Z,Water Plant,Drain,Drain High Level Switch,0.0
Seasonal_Storage_System,2024-08-08T08:53:51.598Z,Water Plant,Drain,Drain High Level Switch,0.0
Seasonal_Storage_System,2024-08-08T08:54:51.599Z,Water Plant,Drain,Drain High Level Switch,0.0
Seasonal_Storage_System,2024-08-08T08:55:51.627Z,Water Plant,Drain,Drain High Level Switch,0.0
Seasonal_Storage_System,2024-08-08T08:56:51.685Z,Water Plant,Drain,Drain High Level Switch,0.0
Seasonal_Storage_System,2024-08-08T08:57:51.699Z,Water Plant,Drain,Drain High Level Switch,0.0
Seasonal_Storage_System,2024-08-08T08:58:51.709Z,Water Plant,Drain,Drain High Level Switch,0.0
Seasonal_Storage_System,2024-08-08T08:59:51.722Z,Water Plant,Drain,Drain High Level Switch,0.0
Seasonal_Storage_System,2024-08-08T09:00:51.733Z,Water Plant,Drain,Drain High Level Switch,0.0
Seasonal_Storage_System,2024-08-08T09:01:51.748Z,Water Plant,Drain,Drain High Level Switch,0.0
Seasonal_Storage_System,2024-08-08T09:02:51.791Z,Water Plant,Drain,Drain High Level Switch,0.0
Seasonal_Storage_System,2024-08-08T09:03:51.806Z,Water Plant,Drain,Drain High Level Switch,0.0
Seasonal_Storage_System,2024-08-08T09:04:51.807Z,Water Plant,Drain,Drain High Level Switch,0.0
Seasonal_Storage_System,2024-08-08T09:05:51.84Z,Water Plant,Drain,Drain High Level Switch,0.0
Seasonal_Storage_System,2024-08-08T09:06:51.849Z,Water Plant,Drain,Drain High Level Switch,0.0
Seasonal_Storage_System,2024-08-08T09:07:51.851Z,Water Plant,Drain,Drain High Level Switch,0.0
Seasonal_Storage_System,2024-08-08T09:08:51.874Z,Water Plant,Drain,Drain High Level Switch,0.0
Seasonal_Storage_System,2024-08-08T09:09:51.882Z,Water Plant,Drain,Drain High Level Switch,0.0
Seasonal_Storage_System,2024-08-08T09:10:51.902Z,Water Plant,Drain,Drain High Level Switch,0.0
Seasonal_Storage_System,2024-08-08T09:11:51.927Z,Water Plant,Drain,Drain High Level Switch,0.0
Seasonal_Storage_System,2024-08-08T09:12:51.941Z,Water Plant,Drain,Drain High Level Switch,0.0
Seasonal_Storage_System,2024-08-08T09:13:51.969Z,Water Plant,Drain,Drain High Level Switch,0.0
Seasonal_Storage_System,2024-08-08T09:14:51.978Z,Water Plant,Drain,Drain High Level Switch,0.0
Seasonal_Storage_System,2024-08-08T09:15:51.977Z,Water Plant,Drain,Drain High Level Switch,0.0
Seasonal_Storage_System,2024-08-08T09:16:51.987Z,Water Plant,Drain,Drain High Level Switch,0.0
Seasonal_Storage_System,2024-08-08T09:17:52.025Z,Water Plant,Drain,Drain High Level Switch,0.0
Seasonal_Storage_System,2024-08-08T09:18:52.041Z,Water Plant,Drain,Drain High Level Switch,0.0
Seasonal_Storage_System,2024-08-08T09:19:52.058Z,Water Plant,Drain,Drain High Level Switch,0.0
Seasonal_Storage_System,2024-08-08T09:20:52.075Z,Water Plant,Drain,Drain High Level Switch,0.0
Seasonal_Storage_System,2024-08-08T09:21:52.076Z,Water Plant,Drain,Drain High Level Switch,0.0
Seasonal_Storage_System,2024-08-08T09:22:52.099Z,Water Plant,Drain,Drain High Level Switch,0.0
Seasonal_Storage_System,2024-08-08T09:23:52.101Z,Water Plant,Drain,Drain High Level Switch,0.0
Seasonal_Storage_System,2024-08-08T09:24:52.107Z,Water Plant,Drain,Drain High Level Switch,0.0
Seasonal_Storage_System,2024-08-08T09:25:52.125Z,Water Plant,Drain,Drain High Level Switch,0.0
Seasonal_Storage_System,2024-08-08T09:26:52.145Z,Water Plant,Drain,Drain High Level Switch,0.0
Seasonal_Storage_System,2024-08-08T09:27:52.161Z,Water Plant,Drain,Drain High Level Switch,0.0
Seasonal_Storage_System,2024-08-08T09:28:52.158Z,Water Plant,Drain,Drain High Level Switch,0.0
Seasonal_Storage_System,2024-08-08T09:29:52.182Z,Water Plant,Drain,Drain High Level Switch,0.0
Seasonal_Storage_System,2024-08-08T09:30:52.2Z,Water Plant,Drain,Drain High Level Switch,0.0
Seasonal_Storage_System,2024-08-08T09:31:52.199Z,Water Plant,Drain,Drain High Level Switch,0.0
Seasonal_Storage_System,2024-08-08T09:32:52.228Z,Water Plant,Drain,Drain High Level Switch,0.0
Seasonal_Storage_System,2024-08-08T09:33:52.224Z,Water Plant,Drain,Drain High Level Switch,0.0
Seasonal_Storage_System,2024-08-08T09:34:52.246Z,Water Plant,Drain,Drain High Level Switch,0.0
Seasonal_Storage_System,2024-08-08T09:35:52.254Z,Water Plant,Drain,Drain High Level Switch,0.0
Seasonal_Storage_System,2024-08-08T09:36:52.277Z,Water Plant,Drain,Drain High Level Switch,0.0
Seasonal_Storage_System,2024-08-08T09:37:52.283Z,Water Plant,Drain,Drain High Level Switch,0.0
Seasonal_Storage_System,2024-08-08T09:38:52.362Z,Water Plant,Drain,Drain High Level Switch,0.0
Seasonal_Storage_System,2024-08-08T09:39:52.33Z,Water Plant,Drain,Drain High Level Switch,0.0
Seasonal_Storage_System,2024-08-08T09:40:52.366Z,Water Plant,Drain,Drain High Level Switch,0.0
Seasonal_Storage_System,2024-08-08T09:41:52.407Z,Water Plant,Drain,Drain High Level Switch,0.0
Seasonal_Storage_System,2024-08-08T09:42:52.392Z,Water Plant,Drain,Drain High Level Switch,0.0
Seasonal_Storage_System,2024-08-08T09:43:52.424Z,Water Plant,Drain,Drain High Level Switch,0.0
Seasonal_Storage_System,2024-08-08T09:44:52.44Z,Water Plant,Drain,Drain High Level Switch,0.0
Seasonal_Storage_System,2024-08-08T09:45:52.451Z,Water Plant,Drain,Drain High Level Switch,0.0
Seasonal_Storage_System,2024-08-08T09:46:52.349Z,Water Plant,Drain,Drain High Level Switch,0.0
Seasonal_Storage_System,2024-08-08T09:47:52.361Z,Water Plant,Drain,Drain High Level Switch,0.0
Seasonal_Storage_System,2024-08-08T09:48:52.349Z,Water Plant,Drain,Drain High Level Switch,0.0
Seasonal_Storage_System,2024-08-08T09:49:52.394Z,Water Plant,Drain,Drain High Level Switch,0.0
Seasonal_Storage_System,2024-08-08T09:50:52.351Z,Water Plant,Drain,Drain High Level Switch,0.0
Seasonal_Storage_System,2024-08-08T09:51:52.365Z,Water Plant,Drain,Drain High Level Switch,0.0
Seasonal_Storage_System,2024-08-08T09:52:52.355Z,Water Plant,Drain,Drain High Level Switch,0.0
Seasonal_Storage_System,2024-08-08T09:53:52.355Z,Water Plant,Drain,Drain High Level Switch,0.0
Seasonal_Storage_System,2024-08-08T09:54:52.38Z,Water Plant,Drain,Drain High Level Switch,0.0
Seasonal_Storage_System,2024-08-08T09:55:52.364Z,Water Plant,Drain,Drain High Level Switch,0.0
Seasonal_Storage_System,2024-08-08T09:56:52.362Z,Water Plant,Drain,Drain High Level Switch,0.0
Seasonal_Storage_System,2024-08-08T09:57:52.363Z,Water Plant,Drain,Drain High Level Switch,0.0
Seasonal_Storage_System,2024-08-08T09:58:52.367Z,Water Plant,Drain,Drain High Level Switch,0.0
Seasonal_Storage_System,2024-08-08T09:59:52.363Z,Water Plant,Drain,Drain High Level Switch,0.0
Seasonal_Storage_System,2024-08-08T10:00:52.369Z,Water Plant,Drain,Drain High Level Switch,0.0
Seasonal_Storage_System,2024-08-08T10:01:52.363Z,Water Plant,Drain,Drain High Level Switch,0.0
Seasonal_Storage_System,2024-08-08T10:02:52.365Z,Water Plant,Drain,Drain High Level Switch,0.0
Seasonal_Storage_System,2024-08-08T10:03:52.38Z,Water Plant,Drain,Drain High Level Switch,0.0
Seasonal_Storage_System,2024-08-08T10:04:52.405Z,Water Plant,Drain,Drain High Level Switch,0.0
Seasonal_Storage_System,2024-08-08T10:05:52.397Z,Water Plant,Drain,Drain High Level Switch,0.0
Seasonal_Storage_System,2024-08-08T10:06:52.395Z,Water Plant,Drain,Drain High Level Switch,0.0
Seasonal_Storage_System,2024-08-08T10:07:52.394Z,Water Plant,Drain,Drain High Level Switch,0.0
Seasonal_Storage_System,2024-08-08T10:08:52.394Z,Water Plant,Drain,Drain High Level Switch,0.0
Seasonal_Storage_System,2024-08-08T10:09:52.399Z,Water Plant,Drain,Drain High Level Switch,0.0
Seasonal_Storage_System,2024-08-08T10:10:52.401Z,Water Plant,Drain,Drain High Level Switch,0.0
Seasonal_Storage_System,2024-08-08T10:11:52.4Z,Water Plant,Drain,Drain High Level Switch,0.0
Seasonal_Storage_System,2024-08-08T10:12:52.4Z,Water Plant,Drain,Drain High Level Switch,0.0
Seasonal_Storage_System,2024-08-08T10:13:52.428Z,Water Plant,Drain,Drain High Level Switch,0.0
Seasonal_Storage_System,2024-08-08T10:14:52.423Z,Water Plant,Drain,Drain High Level Switch,0.0
Seasonal_Storage_System,2024-08-08T10:15:52.419Z,Water Plant,Drain,Drain High Level Switch,0.0
Seasonal_Storage_System,2024-08-08T10:16:52.43Z,Water Plant,Drain,Drain High Level Switch,0.0
Seasonal_Storage_System,2024-08-08T10:17:52.421Z,Water Plant,Drain,Drain High Level Switch,0.0
Seasonal_Storage_System,2024-08-08T10:18:52.422Z,Water Plant,Drain,Drain High Level Switch,0.0
Seasonal_Storage_System,2024-08-08T10:19:52.423Z,Water Plant,Drain,Drain High Level Switch,0.0
Seasonal_Storage_System,2024-08-08T10:20:52.499Z,Water Plant,Drain,Drain High Level Switch,0.0
Seasonal_Storage_System,2024-08-08T10:21:52.51Z,Water Plant,Drain,Drain High Level Switch,0.0
Seasonal_Storage_System,2024-08-08T10:22:52.635Z,Water Plant,Drain,Drain High Level Switch,0.0
Seasonal_Storage_System,2024-08-08T10:23:53.078Z,Water Plant,Drain,Drain High Level Switch,0.0
Seasonal_Storage_System,2024-08-08T10:24:53.073Z,Water Plant,Drain,Drain High Level Switch,0.0
Seasonal_Storage_System,2024-08-08T10:25:53.063Z,Water Plant,Drain,Drain High Level Switch,0.0
Seasonal_Storage_System,2024-08-08T10:26:53.063Z,Water Plant,Drain,Drain High Level Switch,0.0
Seasonal_Storage_System,2024-08-08T10:27:52.99Z,Water Plant,Drain,Drain High Level Switch,0.0
Seasonal_Storage_System,2024-08-08T10:28:52.99Z,Water Plant,Drain,Drain High Level Switch,0.0
Seasonal_Storage_System,2024-08-08T10:29:52.991Z,Water Plant,Drain,Drain High Level Switch,0.0
Seasonal_Storage_System,2024-08-08T10:30:52.991Z,Water Plant,Drain,Drain High Level Switch,0.0
Seasonal_Storage_System,2024-08-08T10:31:52.991Z,Water Plant,Drain,Drain High Level Switch,0.0
Seasonal_Storage_System,2024-08-08T10:32:52.991Z,Water Plant,Drain,Drain High Level Switch,0.0
Seasonal_Storage_System,2024-08-08T10:33:52.99Z,Water Plant,Drain,Drain High Level Switch,0.0
Seasonal_Storage_System,2024-08-08T10:34:52.99Z,Water Plant,Drain,Drain High Level Switch,0.0
Seasonal_Storage_System,2024-08-08T10:35:52.991Z,Water Plant,Drain,Drain High Level Switch,0.0
Seasonal_Storage_System,2024-08-08T10:36:52.991Z,Water Plant,Drain,Drain High Level Switch,0.0
Seasonal_Storage_System,2024-08-08T10:37:53.14Z,Water Plant,Drain,Drain High Level Switch,0.0
Seasonal_Storage_System,2024-08-08T10:38:53.074Z,Water Plant,Drain,Drain High Level Switch,0.0
Seasonal_Storage_System,2024-08-08T10:39:53.107Z,Water Plant,Drain,Drain High Level Switch,0.0
Seasonal_Storage_System,2024-08-08T10:40:53.075Z,Water Plant,Drain,Drain High Level Switch,0.0
Seasonal_Storage_System,2024-08-08T10:41:53.087Z,Water Plant,Drain,Drain High Level Switch,0.0
Seasonal_Storage_System,2024-08-08T10:42:53.163Z,Water Plant,Drain,Drain High Level Switch,0.0
Seasonal_Storage_System,2024-08-08T10:43:53.077Z,Water Plant,Drain,Drain High Level Switch,0.0
Seasonal_Storage_System,2024-08-08T10:44:53.013Z,Water Plant,Drain,Drain High Level Switch,0.0
Seasonal_Storage_System,2024-08-08T10:45:53.024Z,Water Plant,Drain,Drain High Level Switch,0.0
Seasonal_Storage_System,2024-08-08T10:46:53.113Z,Water Plant,Drain,Drain High Level Switch,0.0
Seasonal_Storage_System,2024-08-08T10:47:53.101Z,Water Plant,Drain,Drain High Level Switch,0.0
Seasonal_Storage_System,2024-08-08T10:48:53.022Z,Water Plant,Drain,Drain High Level Switch,0.0
Seasonal_Storage_System,2024-08-08T10:49:53.022Z,Water Plant,Drain,Drain High Level Switch,0.0
Seasonal_Storage_System,2024-08-08T10:50:53.536Z,Water Plant,Drain,Drain High Level Switch,0.0
Seasonal_Storage_System,2024-08-08T10:51:53.096Z,Water Plant,Drain,Drain High Level Switch,0.0
Seasonal_Storage_System,2024-08-08T10:52:53.104Z,Water Plant,Drain,Drain High Level Switch,0.0
Seasonal_Storage_System,2024-08-08T10:53:53.112Z,Water Plant,Drain,Drain High Level Switch,0.0
Seasonal_Storage_System,2024-08-08T10:54:53.101Z,Water Plant,Drain,Drain High Level Switch,0.0
Seasonal_Storage_System,2024-08-08T10:55:53.099Z,Water Plant,Drain,Drain High Level Switch,0.0
Seasonal_Storage_System,2024-08-08T10:56:53.122Z,Water Plant,Drain,Drain High Level Switch,0.0
Seasonal_Storage_System,2024-08-08T10:57:53.243Z,Water Plant,Drain,Drain High Level Switch,0.0
Seasonal_Storage_System,2024-08-08T10:58:53.23Z,Water Plant,Drain,Drain High Level Switch,0.0
Seasonal_Storage_System,2024-08-08T10:59:53.271Z,Water Plant,Drain,Drain High Level Switch,0.0
Seasonal_Storage_System,2024-08-08T11:00:53.289Z,Water Plant,Drain,Drain High Level Switch,0.0
Seasonal_Storage_System,2024-08-08T11:01:53.354Z,Water Plant,Drain,Drain High Level Switch,0.0
Seasonal_Storage_System,2024-08-08T11:02:53.363Z,Water Plant,Drain,Drain High Level Switch,0.0
Seasonal_Storage_System,2024-08-08T11:03:53.345Z,Water Plant,Drain,Drain High Level Switch,0.0
Seasonal_Storage_System,2024-08-08T11:04:53.354Z,Water Plant,Drain,Drain High Level Switch,0.0
Seasonal_Storage_System,2024-08-08T11:05:53.377Z,Water Plant,Drain,Drain High Level Switch,0.0
Seasonal_Storage_System,2024-08-08T11:06:53.361Z,Water Plant,Drain,Drain High Level Switch,0.0
Seasonal_Storage_System,2024-08-08T11:07:53.374Z,Water Plant,Drain,Drain High Level Switch,0.0
Seasonal_Storage_System,2024-08-08T11:08:53.357Z,Water Plant,Drain,Drain High Level Switch,0.0
Seasonal_Storage_System,2024-08-08T11:09:53.382Z,Water Plant,Drain,Drain High Level Switch,0.0
Seasonal_Storage_System,2024-08-08T11:10:53.404Z,Water Plant,Drain,Drain High Level Switch,0.0
Seasonal_Storage_System,2024-08-08T11:11:53.366Z,Water Plant,Drain,Drain High Level Switch,0.0
Seasonal_Storage_System,2024-08-08T11:12:53.373Z,Water Plant,Drain,Drain High Level Switch,0.0
Seasonal_Storage_System,2024-08-08T11:13:53.367Z,Water Plant,Drain,Drain High Level Switch,0.0
Seasonal_Storage_System,2024-08-08T11:14:53.384Z,Water Plant,Drain,Drain High Level Switch,0.0
Seasonal_Storage_System,2024-08-08T11:15:53.304Z,Water Plant,Drain,Drain High Level Switch,0.0
Seasonal_Storage_System,2024-08-08T11:16:53.425Z,Water Plant,Drain,Drain High Level Switch,0.0
Seasonal_Storage_System,2024-08-08T11:17:53.43Z,Water Plant,Drain,Drain High Level Switch,0.0
Seasonal_Storage_System,2024-08-08T11:18:53.493Z,Water Plant,Drain,Drain High Level Switch,0.0
Seasonal_Storage_System,2024-08-08T11:19:53.542Z,Water Plant,Drain,Drain High Level Switch,0.0
Seasonal_Storage_System,2024-08-08T11:20:53.544Z,Water Plant,Drain,Drain High Level Switch,0.0
Seasonal_Storage_System,2024-08-08T11:21:53.475Z,Water Plant,Drain,Drain High Level Switch,0.0
Seasonal_Storage_System,2024-08-08T11:22:53.477Z,Water Plant,Drain,Drain High Level Switch,0.0
Seasonal_Storage_System,2024-08-08T11:23:53.475Z,Water Plant,Drain,Drain High Level Switch,0.0
Seasonal_Storage_System,2024-08-08T11:24:53.96Z,Water Plant,Drain,Drain High Level Switch,0.0
Seasonal_Storage_System,2024-08-08T11:25:53.867Z,Water Plant,Drain,Drain High Level Switch,0.0
Seasonal_Storage_System,2024-08-08T11:26:53.87Z,Water Plant,Drain,Drain High Level Switch,0.0
Seasonal_Storage_System,2024-08-08T11:27:53.868Z,Water Plant,Drain,Drain High Level Switch,0.0
Seasonal_Storage_System,2024-08-08T11:28:53.868Z,Water Plant,Drain,Drain High Level Switch,0.0
Seasonal_Storage_System,2024-08-08T11:29:53.869Z,Water Plant,Drain,Drain High Level Switch,0.0
Seasonal_Storage_System,2024-08-08T11:30:53.801Z,Water Plant,Drain,Drain High Level Switch,0.0
Seasonal_Storage_System,2024-08-08T11:31:53.883Z,Water Plant,Drain,Drain High Level Switch,0.0
Seasonal_Storage_System,2024-08-08T11:32:53.808Z,Water Plant,Drain,Drain High Level Switch,0.0
Seasonal_Storage_System,2024-08-08T11:33:53.874Z,Water Plant,Drain,Drain High Level Switch,0.0
Seasonal_Storage_System,2024-08-08T11:34:53.921Z,Water Plant,Drain,Drain High Level Switch,0.0
Seasonal_Storage_System,2024-08-08T11:35:53.999Z,Water Plant,Drain,Drain High Level Switch,0.0
Seasonal_Storage_System,2024-08-08T11:36:53.911Z,Water Plant,Drain,Drain High Level Switch,0.0
Seasonal_Storage_System,2024-08-08T11:37:53.922Z,Water Plant,Drain,Drain High Level Switch,0.0
Seasonal_Storage_System,2024-08-08T11:38:53.913Z,Water Plant,Drain,Drain High Level Switch,0.0
Seasonal_Storage_System,2024-08-08T11:39:54.151Z,Water Plant,Drain,Drain High Level Switch,0.0
Seasonal_Storage_System,2024-08-08T11:40:54.041Z,Water Plant,Drain,Drain High Level Switch,0.0
Seasonal_Storage_System,2024-08-08T11:41:54.019Z,Water Plant,Drain,Drain High Level Switch,0.0
Seasonal_Storage_System,2024-08-08T11:42:54.039Z,Water Plant,Drain,Drain High Level Switch,0.0
Seasonal_Storage_System,2024-08-08T11:43:54.039Z,Water Plant,Drain,Drain High Level Switch,0.0
Seasonal_Storage_System,2024-08-08T11:44:54.026Z,Water Plant,Drain,Drain High Level Switch,0.0
Seasonal_Storage_System,2024-08-08T11:45:54.081Z,Water Plant,Drain,Drain High Level Switch,0.0
Seasonal_Storage_System,2024-08-08T11:46:54.134Z,Water Plant,Drain,Drain High Level Switch,0.0
Seasonal_Storage_System,2024-08-08T11:47:54.201Z,Water Plant,Drain,Drain High Level Switch,0.0
Seasonal_Storage_System,2024-08-08T11:48:54.158Z,Water Plant,Drain,Drain High Level Switch,0.0
Seasonal_Storage_System,2024-08-08T11:49:54.164Z,Water Plant,Drain,Drain High Level Switch,0.0
Seasonal_Storage_System,2024-08-08T11:50:54.144Z,Water Plant,Drain,Drain High Level Switch,0.0
Seasonal_Storage_System,2024-08-08T11:51:54.146Z,Water Plant,Drain,Drain High Level Switch,0.0
Seasonal_Storage_System,2024-08-08T11:52:54.147Z,Water Plant,Drain,Drain High Level Switch,0.0
Seasonal_Storage_System,2024-08-08T11:53:54.157Z,Water Plant,Drain,Drain High Level Switch,0.0
Seasonal_Storage_System,2024-08-08T11:54:54.17Z,Water Plant,Drain,Drain High Level Switch,0.0
Seasonal_Storage_System,2024-08-08T11:55:54.185Z,Water Plant,Drain,Drain High Level Switch,0.0
Seasonal_Storage_System,2024-08-08T11:56:54.252Z,Water Plant,Drain,Drain High Level Switch,0.0
Seasonal_Storage_System,2024-08-08T11:57:54.18Z,Water Plant,Drain,Drain High Level Switch,0.0
Seasonal_Storage_System,2024-08-08T11:58:54.236Z,Water Plant,Drain,Drain High Level Switch,0.0
Seasonal_Storage_System,2024-08-08T11:59:54.214Z,Water Plant,Drain,Drain High Level Switch,0.0
Seasonal_Storage_System,2024-08-08T12:00:54.138Z,Water Plant,Drain,Drain High Level Switch,0.0
Seasonal_Storage_System,2024-08-08T12:01:54.138Z,Water Plant,Drain,Drain High Level Switch,0.0
Seasonal_Storage_System,2024-08-08T12:02:54.15Z,Water Plant,Drain,Drain High Level Switch,0.0
Seasonal_Storage_System,2024-08-08T12:03:54.137Z,Water Plant,Drain,Drain High Level Switch,0.0
Seasonal_Storage_System,2024-08-08T12:04:54.263Z,Water Plant,Drain,Drain High Level Switch,0.0
Seasonal_Storage_System,2024-08-08T12:05:54.3Z,Water Plant,Drain,Drain High Level Switch,0.0
Seasonal_Storage_System,2024-08-08T12:06:54.347Z,Water Plant,Drain,Drain High Level Switch,0.0
Seasonal_Storage_System,2024-08-08T12:07:54.409Z,Water Plant,Drain,Drain High Level Switch,0.0
Seasonal_Storage_System,2024-08-08T12:08:54.459Z,Water Plant,Drain,Drain High Level Switch,0.0
Seasonal_Storage_System,2024-08-08T12:09:54.504Z,Water Plant,Drain,Drain High Level Switch,0.0
Seasonal_Storage_System,2024-08-08T12:10:54.55Z,Water Plant,Drain,Drain High Level Switch,0.0
Seasonal_Storage_System,2024-08-08T12:11:54.681Z,Water Plant,Drain,Drain High Level Switch,0.0
Seasonal_Storage_System,2024-08-08T12:12:54.563Z,Water Plant,Drain,Drain High Level Switch,0.0
Seasonal_Storage_System,2024-08-08T12:13:54.568Z,Water Plant,Drain,Drain High Level Switch,0.0
Seasonal_Storage_System,2024-08-08T12:14:54.578Z,Water Plant,Drain,Drain High Level Switch,0.0
Seasonal_Storage_System,2024-08-08T12:15:54.564Z,Water Plant,Drain,Drain High Level Switch,0.0
Seasonal_Storage_System,2024-08-08T12:16:54.58Z,Water Plant,Drain,Drain High Level Switch,0.0
Seasonal_Storage_System,2024-08-08T12:17:54.584Z,Water Plant,Drain,Drain High Level Switch,0.0
Seasonal_Storage_System,2024-08-08T12:18:54.577Z,Water Plant,Drain,Drain High Level Switch,0.0
Seasonal_Storage_System,2024-08-08T12:19:54.575Z,Water Plant,Drain,Drain High Level Switch,0.0
Seasonal_Storage_System,2024-08-08T12:20:54.505Z,Water Plant,Drain,Drain High Level Switch,0.0
Seasonal_Storage_System,2024-08-08T12:21:54.506Z,Water Plant,Drain,Drain High Level Switch,0.0
Seasonal_Storage_System,2024-08-08T12:22:54.609Z,Water Plant,Drain,Drain High Level Switch,0.0
Seasonal_Storage_System,2024-08-08T12:23:54.66Z,Water Plant,Drain,Drain High Level Switch,0.0
Seasonal_Storage_System,2024-08-08T12:24:54.71Z,Water Plant,Drain,Drain High Level Switch,0.0
Seasonal_Storage_System,2024-08-08T12:25:54.765Z,Water Plant,Drain,Drain High Level Switch,0.0
Seasonal_Storage_System,2024-08-08T12:26:54.837Z,Water Plant,Drain,Drain High Level Switch,0.0
Seasonal_Storage_System,2024-08-08T12:27:54.778Z,Water Plant,Drain,Drain High Level Switch,0.0
Seasonal_Storage_System,2024-08-08T12:28:54.771Z,Water Plant,Drain,Drain High Level Switch,0.0
Seasonal_Storage_System,2024-08-08T12:29:54.779Z,Water Plant,Drain,Drain High Level Switch,0.0
Seasonal_Storage_System,2024-08-08T12:30:54.77Z,Water Plant,Drain,Drain High Level Switch,0.0
Seasonal_Storage_System,2024-08-08T12:31:54.774Z,Water Plant,Drain,Drain High Level Switch,0.0
Seasonal_Storage_System,2024-08-08T12:32:54.779Z,Water Plant,Drain,Drain High Level Switch,0.0
Seasonal_Storage_System,2024-08-08T12:33:54.801Z,Water Plant,Drain,Drain High Level Switch,0.0
Seasonal_Storage_System,2024-08-08T12:34:54.791Z,Water Plant,Drain,Drain High Level Switch,0.0
Seasonal_Storage_System,2024-08-08T12:35:54.849Z,Water Plant,Drain,Drain High Level Switch,0.0
Seasonal_Storage_System,2024-08-08T12:36:54.914Z,Water Plant,Drain,Drain High Level Switch,0.0
Seasonal_Storage_System,2024-08-08T12:37:54.847Z,Water Plant,Drain,Drain High Level Switch,0.0
Seasonal_Storage_System,2024-08-08T12:38:54.908Z,Water Plant,Drain,Drain High Level Switch,0.0
Seasonal_Storage_System,2024-08-08T12:39:54.849Z,Water Plant,Drain,Drain High Level Switch,0.0
Seasonal_Storage_System,2024-08-08T12:40:54.846Z,Water Plant,Drain,Drain High Level Switch,0.0
Seasonal_Storage_System,2024-08-08T12:41:54.849Z,Water Plant,Drain,Drain High Level Switch,0.0
Seasonal_Storage_System,2024-08-08T12:42:54.85Z,Water Plant,Drain,Drain High Level Switch,0.0
Seasonal_Storage_System,2024-08-08T12:43:54.854Z,Water Plant,Drain,Drain High Level Switch,0.0
Seasonal_Storage_System,2024-08-08T12:44:54.785Z,Water Plant,Drain,Drain High Level Switch,0.0
Seasonal_Storage_System,2024-08-08T12:45:54.781Z,Water Plant,Drain,Drain High Level Switch,0.0
Seasonal_Storage_System,2024-08-08T12:46:54.788Z,Water Plant,Drain,Drain High Level Switch,0.0
Seasonal_Storage_System,2024-08-08T12:47:54.782Z,Water Plant,Drain,Drain High Level Switch,0.0
Seasonal_Storage_System,2024-08-08T12:48:54.782Z,Water Plant,Drain,Drain High Level Switch,0.0
Seasonal_Storage_System,2024-08-08T12:49:54.784Z,Water Plant,Drain,Drain High Level Switch,0.0
Seasonal_Storage_System,2024-08-08T12:50:54.906Z,Water Plant,Drain,Drain High Level Switch,0.0
Seasonal_Storage_System,2024-08-08T12:51:54.972Z,Water Plant,Drain,Drain High Level Switch,0.0
Seasonal_Storage_System,2024-08-08T12:52:54.838Z,Water Plant,Drain,Drain High Level Switch,0.0
Seasonal_Storage_System,2024-08-08T12:53:54.84Z,Water Plant,Drain,Drain High Level Switch,0.0
Seasonal_Storage_System,2024-08-08T12:54:54.84Z,Water Plant,Drain,Drain High Level Switch,0.0
Seasonal_Storage_System,2024-08-08T12:55:54.945Z,Water Plant,Drain,Drain High Level Switch,0.0
Seasonal_Storage_System,2024-08-08T12:56:54.853Z,Water Plant,Drain,Drain High Level Switch,0.0
Seasonal_Storage_System,2024-08-08T12:57:54.938Z,Water Plant,Drain,Drain High Level Switch,0.0
Seasonal_Storage_System,2024-08-08T12:58:54.936Z,Water Plant,Drain,Drain High Level Switch,0.0
Seasonal_Storage_System,2024-08-08T12:59:54.94Z,Water Plant,Drain,Drain High Level Switch,0.0
Seasonal_Storage_System,2024-08-08T13:00:54.953Z,Water Plant,Drain,Drain High Level Switch,0.0
Seasonal_Storage_System,2024-08-08T13:01:55.008Z,Water Plant,Drain,Drain High Level Switch,0.0
Seasonal_Storage_System,2024-08-08T13:02:55.007Z,Water Plant,Drain,Drain High Level Switch,0.0
Seasonal_Storage_System,2024-08-08T13:03:54.938Z,Water Plant,Drain,Drain High Level Switch,0.0
Seasonal_Storage_System,2024-08-08T13:04:55.01Z,Water Plant,Drain,Drain High Level Switch,0.0
Seasonal_Storage_System,2024-08-08T13:05:55.007Z,Water Plant,Drain,Drain High Level Switch,0.0
Seasonal_Storage_System,2024-08-08T13:06:55.007Z,Water Plant,Drain,Drain High Level Switch,0.0
Seasonal_Storage_System,2024-08-08T13:07:55.025Z,Water Plant,Drain,Drain High Level Switch,0.0
Seasonal_Storage_System,2024-08-08T13:08:54.94Z,Water Plant,Drain,Drain High Level Switch,0.0
Seasonal_Storage_System,2024-08-08T13:09:54.939Z,Water Plant,Drain,Drain High Level Switch,0.0
Seasonal_Storage_System,2024-08-08T13:10:54.94Z,Water Plant,Drain,Drain High Level Switch,0.0
Seasonal_Storage_System,2024-08-08T13:11:55.069Z,Water Plant,Drain,Drain High Level Switch,0.0
Seasonal_Storage_System,2024-08-08T13:12:55.078Z,Water Plant,Drain,Drain High Level Switch,0.0
Seasonal_Storage_System,2024-08-08T13:13:55.149Z,Water Plant,Drain,Drain High Level Switch,0.0
Seasonal_Storage_System,2024-08-08T13:14:55.215Z,Water Plant,Drain,Drain High Level Switch,0.0
Seasonal_Storage_System,2024-08-08T13:15:55.213Z,Water Plant,Drain,Drain High Level Switch,0.0
Seasonal_Storage_System,2024-08-08T13:16:55.215Z,Water Plant,Drain,Drain High Level Switch,0.0
Seasonal_Storage_System,2024-08-08T13:17:55.255Z,Water Plant,Drain,Drain High Level Switch,0.0
Seasonal_Storage_System,2024-08-08T13:18:55.146Z,Water Plant,Drain,Drain High Level Switch,0.0
Seasonal_Storage_System,2024-08-08T13:19:55.148Z,Water Plant,Drain,Drain High Level Switch,0.0
Seasonal_Storage_System,2024-08-08T13:20:55.146Z,Water Plant,Drain,Drain High Level Switch,0.0
Seasonal_Storage_System,2024-08-08T13:21:55.144Z,Water Plant,Drain,Drain High Level Switch,0.0
Seasonal_Storage_System,2024-08-08T13:22:55.144Z,Water Plant,Drain,Drain High Level Switch,0.0
Seasonal_Storage_System,2024-08-08T13:23:55.144Z,Water Plant,Drain,Drain High Level Switch,0.0
Seasonal_Storage_System,2024-08-08T13:24:55.223Z,Water Plant,Drain,Drain High Level Switch,0.0
Seasonal_Storage_System,2024-08-08T13:25:55.281Z,Water Plant,Drain,Drain High Level Switch,0.0
Seasonal_Storage_System,2024-08-08T13:26:55.341Z,Water Plant,Drain,Drain High Level Switch,0.0
Seasonal_Storage_System,2024-08-08T13:27:55.379Z,Water Plant,Drain,Drain High Level Switch,0.0
Seasonal_Storage_System,2024-08-08T13:28:55.438Z,Water Plant,Drain,Drain High Level Switch,0.0
Seasonal_Storage_System,2024-08-08T13:29:55.487Z,Water Plant,Drain,Drain High Level Switch,0.0
Seasonal_Storage_System,2024-08-08T13:30:55.56Z,Water Plant,Drain,Drain High Level Switch,0.0
Seasonal_Storage_System,2024-08-08T13:31:55.594Z,Water Plant,Drain,Drain High Level Switch,0.0
Seasonal_Storage_System,2024-08-08T13:32:55.649Z,Water Plant,Drain,Drain High Level Switch,0.0
Seasonal_Storage_System,2024-08-08T13:33:55.714Z,Water Plant,Drain,Drain High Level Switch,0.0
Seasonal_Storage_System,2024-08-08T13:34:55.655Z,Water Plant,Drain,Drain High Level Switch,0.0
Seasonal_Storage_System,2024-08-08T13:35:55.645Z,Water Plant,Drain,Drain High Level Switch,0.0
Seasonal_Storage_System,2024-08-08T13:36:55.657Z,Water Plant,Drain,Drain High Level Switch,0.0
Seasonal_Storage_System,2024-08-08T13:37:55.745Z,Water Plant,Drain,Drain High Level Switch,0.0
Seasonal_Storage_System,2024-08-08T13:38:55.663Z,Water Plant,Drain,Drain High Level Switch,0.0
Seasonal_Storage_System,2024-08-08T13:39:55.668Z,Water Plant,Drain,Drain High Level Switch,0.0
Seasonal_Storage_System,2024-08-08T13:40:55.667Z,Water Plant,Drain,Drain High Level Switch,0.0
Seasonal_Storage_System,2024-08-08T13:41:55.675Z,Water Plant,Drain,Drain High Level Switch,0.0
Seasonal_Storage_System,2024-08-08T13:42:55.688Z,Water Plant,Drain,Drain High Level Switch,0.0
Seasonal_Storage_System,2024-08-08T13:43:55.671Z,Water Plant,Drain,Drain High Level Switch,0.0
Seasonal_Storage_System,2024-08-08T13:44:55.67Z,Water Plant,Drain,Drain High Level Switch,0.0
Seasonal_Storage_System,2024-08-08T13:45:55.665Z,Water Plant,Drain,Drain High Level Switch,0.0
Seasonal_Storage_System,2024-08-08T13:46:55.732Z,Water Plant,Drain,Drain High Level Switch,0.0
Seasonal_Storage_System,2024-08-08T13:47:55.791Z,Water Plant,Drain,Drain High Level Switch,0.0
Seasonal_Storage_System,2024-08-08T13:48:55.887Z,Water Plant,Drain,Drain High Level Switch,0.0
Seasonal_Storage_System,2024-08-08T13:49:55.92Z,Water Plant,Drain,Drain High Level Switch,0.0
Seasonal_Storage_System,2024-08-08T13:50:55.923Z,Water Plant,Drain,Drain High Level Switch,0.0
Seasonal_Storage_System,2024-08-08T13:51:55.926Z,Water Plant,Drain,Drain High Level Switch,0.0
Seasonal_Storage_System,2024-08-08T13:52:55.92Z,Water Plant,Drain,Drain High Level Switch,0.0
Seasonal_Storage_System,2024-08-08T13:53:55.851Z,Water Plant,Drain,Drain High Level Switch,0.0
Seasonal_Storage_System,2024-08-08T13:54:55.851Z,Water Plant,Drain,Drain High Level Switch,0.0
Seasonal_Storage_System,2024-08-08T13:55:55.851Z,Water Plant,Drain,Drain High Level Switch,0.0
Seasonal_Storage_System,2024-08-08T13:56:55.853Z,Water Plant,Drain,Drain High Level Switch,0.0
Seasonal_Storage_System,2024-08-08T13:57:55.855Z,Water Plant,Drain,Drain High Level Switch,0.0
Seasonal_Storage_System,2024-08-08T13:58:55.852Z,Water Plant,Drain,Drain High Level Switch,0.0
Seasonal_Storage_System,2024-08-08T13:59:55.853Z,Water Plant,Drain,Drain High Level Switch,0.0
Seasonal_Storage_System,2024-08-08T14:00:55.996Z,Water Plant,Drain,Drain High Level Switch,0.0
Seasonal_Storage_System,2024-08-08T14:01:56.047Z,Water Plant,Drain,Drain High Level Switch,0.0
Seasonal_Storage_System,2024-08-08T14:02:56.097Z,Water Plant,Drain,Drain High Level Switch,0.0
Seasonal_Storage_System,2024-08-08T14:03:56.025Z,Water Plant,Drain,Drain High Level Switch,0.0
Seasonal_Storage_System,2024-08-08T14:04:56.029Z,Water Plant,Drain,Drain High Level Switch,0.0
Seasonal_Storage_System,2024-08-08T14:05:56.102Z,Water Plant,Drain,Drain High Level Switch,0.0
Seasonal_Storage_System,2024-08-08T14:06:56.104Z,Water Plant,Drain,Drain High Level Switch,0.0
Seasonal_Storage_System,2024-08-08T14:07:56.12Z,Water Plant,Drain,Drain High Level Switch,0.0
Seasonal_Storage_System,2024-08-08T14:08:56.115Z,Water Plant,Drain,Drain High Level Switch,0.0
Seasonal_Storage_System,2024-08-08T14:09:56.036Z,Water Plant,Drain,Drain High Level Switch,0.0
Seasonal_Storage_System,2024-08-08T14:10:56.036Z,Water Plant,Drain,Drain High Level Switch,0.0
Seasonal_Storage_System,2024-08-08T14:11:56.152Z,Water Plant,Drain,Drain High Level Switch,0.0
Seasonal_Storage_System,2024-08-08T14:12:56.083Z,Water Plant,Drain,Drain High Level Switch,0.0
Seasonal_Storage_System,2024-08-08T14:13:56.148Z,Water Plant,Drain,Drain High Level Switch,0.0
Seasonal_Storage_System,2024-08-08T14:14:56.164Z,Water Plant,Drain,Drain High Level Switch,0.0
Seasonal_Storage_System,2024-08-08T14:15:56.088Z,Water Plant,Drain,Drain High Level Switch,0.0
Seasonal_Storage_System,2024-08-08T14:16:56.151Z,Water Plant,Drain,Drain High Level Switch,0.0
Seasonal_Storage_System,2024-08-08T14:17:56.157Z,Water Plant,Drain,Drain High Level Switch,0.0
Seasonal_Storage_System,2024-08-08T14:18:56.162Z,Water Plant,Drain,Drain High Level Switch,0.0
Seasonal_Storage_System,2024-08-08T14:19:56.091Z,Water Plant,Drain,Drain High Level Switch,0.0
Seasonal_Storage_System,2024-08-08T14:20:56.093Z,Water Plant,Drain,Drain High Level Switch,0.0
Seasonal_Storage_System,2024-08-08T14:21:56.101Z,Water Plant,Drain,Drain High Level Switch,0.0
Seasonal_Storage_System,2024-08-08T14:22:56.103Z,Water Plant,Drain,Drain High Level Switch,0.0
Seasonal_Storage_System,2024-08-08T14:23:56.096Z,Water Plant,Drain,Drain High Level Switch,0.0
Seasonal_Storage_System,2024-08-08T14:24:56.101Z,Water Plant,Drain,Drain High Level Switch,0.0
Seasonal_Storage_System,2024-08-08T14:25:56.195Z,Water Plant,Drain,Drain High Level Switch,0.0
Seasonal_Storage_System,2024-08-08T14:26:56.259Z,Water Plant,Drain,Drain High Level Switch,0.0
Seasonal_Storage_System,2024-08-08T14:27:56.302Z,Water Plant,Drain,Drain High Level Switch,0.0
Seasonal_Storage_System,2024-08-08T14:28:56.229Z,Water Plant,Drain,Drain High Level Switch,0.0
Seasonal_Storage_System,2024-08-08T14:29:56.307Z,Water Plant,Drain,Drain High Level Switch,0.0
Seasonal_Storage_System,2024-08-08T14:30:56.303Z,Water Plant,Drain,Drain High Level Switch,0.0
Seasonal_Storage_System,2024-08-08T14:31:56.3Z,Water Plant,Drain,Drain High Level Switch,0.0
Seasonal_Storage_System,2024-08-08T14:32:56.294Z,Water Plant,Drain,Drain High Level Switch,0.0
Seasonal_Storage_System,2024-08-08T14:33:56.325Z,Water Plant,Drain,Drain High Level Switch,0.0
Seasonal_Storage_System,2024-08-08T14:34:56.236Z,Water Plant,Drain,Drain High Level Switch,0.0
Seasonal_Storage_System,2024-08-08T14:35:56.235Z,Water Plant,Drain,Drain High Level Switch,0.0
Seasonal_Storage_System,2024-08-08T14:36:56.235Z,Water Plant,Drain,Drain High Level Switch,0.0
Seasonal_Storage_System,2024-08-08T14:37:56.309Z,Water Plant,Drain,Drain High Level Switch,0.0
Seasonal_Storage_System,2024-08-08T14:38:56.383Z,Water Plant,Drain,Drain High Level Switch,0.0
Seasonal_Storage_System,2024-08-08T14:39:56.324Z,Water Plant,Drain,Drain High Level Switch,0.0
Seasonal_Storage_System,2024-08-08T14:40:56.31Z,Water Plant,Drain,Drain High Level Switch,0.0
Seasonal_Storage_System,2024-08-08T14:41:56.315Z,Water Plant,Drain,Drain High Level Switch,0.0
Seasonal_Storage_System,2024-08-08T14:42:56.316Z,Water Plant,Drain,Drain High Level Switch,0.0
Seasonal_Storage_System,2024-08-08T14:43:56.324Z,Water Plant,Drain,Drain High Level Switch,0.0
Seasonal_Storage_System,2024-08-08T14:44:56.317Z,Water Plant,Drain,Drain High Level Switch,0.0
Seasonal_Storage_System,2024-08-08T14:45:56.367Z,Water Plant,Drain,Drain High Level Switch,0.0
Seasonal_Storage_System,2024-08-08T14:46:56.447Z,Water Plant,Drain,Drain High Level Switch,0.0
Seasonal_Storage_System,2024-08-08T14:47:56.43Z,Water Plant,Drain,Drain High Level Switch,0.0
Seasonal_Storage_System,2024-08-08T14:48:56.434Z,Water Plant,Drain,Drain High Level Switch,0.0
Seasonal_Storage_System,2024-08-08T14:49:56.435Z,Water Plant,Drain,Drain High Level Switch,0.0
Seasonal_Storage_System,2024-08-08T14:50:56.442Z,Water Plant,Drain,Drain High Level Switch,0.0
Seasonal_Storage_System,2024-08-08T14:51:56.44Z,Water Plant,Drain,Drain High Level Switch,0.0
Seasonal_Storage_System,2024-08-08T14:52:56.449Z,Water Plant,Drain,Drain High Level Switch,0.0
Seasonal_Storage_System,2024-08-08T14:53:56.451Z,Water Plant,Drain,Drain High Level Switch,0.0
Seasonal_Storage_System,2024-08-08T14:54:56.438Z,Water Plant,Drain,Drain High Level Switch,0.0
Seasonal_Storage_System,2024-08-08T14:55:56.445Z,Water Plant,Drain,Drain High Level Switch,0.0
Seasonal_Storage_System,2024-08-08T14:56:56.445Z,Water Plant,Drain,Drain High Level Switch,0.0
Seasonal_Storage_System,2024-08-08T14:57:56.469Z,Water Plant,Drain,Drain High Level Switch,0.0
Seasonal_Storage_System,2024-08-08T14:58:56.543Z,Water Plant,Drain,Drain High Level Switch,0.0
Seasonal_Storage_System,2024-08-08T14:59:56.596Z,Water Plant,Drain,Drain High Level Switch,0.0
Seasonal_Storage_System,2024-08-08T15:00:56.659Z,Water Plant,Drain,Drain High Level Switch,0.0
Seasonal_Storage_System,2024-08-08T15:01:56.697Z,Water Plant,Drain,Drain High Level Switch,0.0
Seasonal_Storage_System,2024-08-08T15:02:56.767Z,Water Plant,Drain,Drain High Level Switch,0.0
Seasonal_Storage_System,2024-08-08T15:03:56.769Z,Water Plant,Drain,Drain High Level Switch,0.0
Seasonal_Storage_System,2024-08-08T15:04:56.702Z,Water Plant,Drain,Drain High Level Switch,0.0
Seasonal_Storage_System,2024-08-08T15:05:56.721Z,Water Plant,Drain,Drain High Level Switch,0.0
Seasonal_Storage_System,2024-08-08T15:06:56.71Z,Water Plant,Drain,Drain High Level Switch,0.0
Seasonal_Storage_System,2024-08-08T15:07:56.636Z,Water Plant,Drain,Drain High Level Switch,0.0
Seasonal_Storage_System,2024-08-08T15:08:56.638Z,Water Plant,Drain,Drain High Level Switch,0.0
Seasonal_Storage_System,2024-08-08T15:09:56.641Z,Water Plant,Drain,Drain High Level Switch,0.0
Seasonal_Storage_System,2024-08-08T15:10:56.814Z,Water Plant,Drain,Drain High Level Switch,0.0
Seasonal_Storage_System,2024-08-08T15:11:56.648Z,Water Plant,Drain,Drain High Level Switch,0.0
Seasonal_Storage_System,2024-08-08T15:12:56.649Z,Water Plant,Drain,Drain High Level Switch,0.0
Seasonal_Storage_System,2024-08-08T15:13:56.649Z,Water Plant,Drain,Drain High Level Switch,0.0
Seasonal_Storage_System,2024-08-08T15:14:56.727Z,Water Plant,Drain,Drain High Level Switch,0.0
Seasonal_Storage_System,2024-08-08T15:15:56.772Z,Water Plant,Drain,Drain High Level Switch,0.0
Seasonal_Storage_System,2024-08-08T15:16:56.852Z,Water Plant,Drain,Drain High Level Switch,0.0
Seasonal_Storage_System,2024-08-08T15:17:56.855Z,Water Plant,Drain,Drain High Level Switch,0.0
Seasonal_Storage_System,2024-08-08T15:18:56.79Z,Water Plant,Drain,Drain High Level Switch,0.0
Seasonal_Storage_System,2024-08-08T15:19:56.789Z,Water Plant,Drain,Drain High Level Switch,0.0
Seasonal_Storage_System,2024-08-08T15:20:56.789Z,Water Plant,Drain,Drain High Level Switch,0.0
Seasonal_Storage_System,2024-08-08T15:21:56.792Z,Water Plant,Drain,Drain High Level Switch,0.0
Seasonal_Storage_System,2024-08-08T15:22:56.871Z,Water Plant,Drain,Drain High Level Switch,0.0
Seasonal_Storage_System,2024-08-08T15:23:56.868Z,Water Plant,Drain,Drain High Level Switch,0.0
Seasonal_Storage_System,2024-08-08T15:24:56.798Z,Water Plant,Drain,Drain High Level Switch,0.0
Seasonal_Storage_System,2024-08-08T15:25:56.799Z,Water Plant,Drain,Drain High Level Switch,0.0
Seasonal_Storage_System,2024-08-08T15:26:56.799Z,Water Plant,Drain,Drain High Level Switch,0.0
Seasonal_Storage_System,2024-08-08T15:27:56.933Z,Water Plant,Drain,Drain High Level Switch,0.0
Seasonal_Storage_System,2024-08-08T15:28:56.854Z,Water Plant,Drain,Drain High Level Switch,0.0
Seasonal_Storage_System,2024-08-08T15:29:56.87Z,Water Plant,Drain,Drain High Level Switch,0.0
Seasonal_Storage_System,2024-08-08T15:30:56.942Z,Water Plant,Drain,Drain High Level Switch,0.0
Seasonal_Storage_System,2024-08-08T15:31:56.931Z,Water Plant,Drain,Drain High Level Switch,0.0
Seasonal_Storage_System,2024-08-08T15:32:56.951Z,Water Plant,Drain,Drain High Level Switch,0.0
Seasonal_Storage_System,2024-08-08T15:33:56.866Z,Water Plant,Drain,Drain High Level Switch,0.0
Seasonal_Storage_System,2024-08-08T15:34:56.866Z,Water Plant,Drain,Drain High Level Switch,0.0
Seasonal_Storage_System,2024-08-08T15:35:56.866Z,Water Plant,Drain,Drain High Level Switch,0.0
Seasonal_Storage_System,2024-08-08T15:36:56.866Z,Water Plant,Drain,Drain High Level Switch,0.0
Seasonal_Storage_System,2024-08-08T15:37:56.98Z,Water Plant,Drain,Drain High Level Switch,0.0
Seasonal_Storage_System,2024-08-08T15:38:57.008Z,Water Plant,Drain,Drain High Level Switch,0.0
Seasonal_Storage_System,2024-08-08T15:39:57.115Z,Water Plant,Drain,Drain High Level Switch,0.0
Seasonal_Storage_System,2024-08-08T15:40:57.091Z,Water Plant,Drain,Drain High Level Switch,0.0
Seasonal_Storage_System,2024-08-08T15:41:57.018Z,Water Plant,Drain,Drain High Level Switch,0.0
Seasonal_Storage_System,2024-08-08T15:42:57.023Z,Water Plant,Drain,Drain High Level Switch,0.0
Seasonal_Storage_System,2024-08-08T15:43:57.024Z,Water Plant,Drain,Drain High Level Switch,0.0
Seasonal_Storage_System,2024-08-08T15:44:56.95Z,Water Plant,Drain,Drain High Level Switch,0.0
Seasonal_Storage_System,2024-08-08T15:45:56.95Z,Water Plant,Drain,Drain High Level Switch,0.0
Seasonal_Storage_System,2024-08-08T15:46:57.034Z,Water Plant,Drain,Drain High Level Switch,0.0
Seasonal_Storage_System,2024-08-08T15:47:57.065Z,Water Plant,Drain,Drain High Level Switch,0.0
Seasonal_Storage_System,2024-08-08T15:48:57.134Z,Water Plant,Drain,Drain High Level Switch,0.0
Seasonal_Storage_System,2024-08-08T15:49:57.067Z,Water Plant,Drain,Drain High Level Switch,0.0
Seasonal_Storage_System,2024-08-08T15:50:57.069Z,Water Plant,Drain,Drain High Level Switch,0.0
Seasonal_Storage_System,2024-08-08T15:51:57.094Z,Water Plant,Drain,Drain High Level Switch,0.0
Seasonal_Storage_System,2024-08-08T15:52:57.087Z,Water Plant,Drain,Drain High Level Switch,0.0
Seasonal_Storage_System,2024-08-08T15:53:57.077Z,Water Plant,Drain,Drain High Level Switch,0.0
Seasonal_Storage_System,2024-08-08T15:54:57.083Z,Water Plant,Drain,Drain High Level Switch,0.0
Seasonal_Storage_System,2024-08-08T15:55:57.09Z,Water Plant,Drain,Drain High Level Switch,0.0
Seasonal_Storage_System,2024-08-08T15:56:57.092Z,Water Plant,Drain,Drain High Level Switch,0.0
Seasonal_Storage_System,2024-08-08T15:57:57.168Z,Water Plant,Drain,Drain High Level Switch,0.0
Seasonal_Storage_System,2024-08-08T15:58:57.153Z,Water Plant,Drain,Drain High Level Switch,0.0
Seasonal_Storage_System,2024-08-08T15:59:57.178Z,Water Plant,Drain,Drain High Level Switch,0.0
Seasonal_Storage_System,2024-08-08T16:00:57.255Z,Water Plant,Drain,Drain High Level Switch,0.0
Seasonal_Storage_System,2024-08-08T16:01:57.185Z,Water Plant,Drain,Drain High Level Switch,0.0
Seasonal_Storage_System,2024-08-08T16:02:57.27Z,Water Plant,Drain,Drain High Level Switch,0.0
Seasonal_Storage_System,2024-08-08T16:03:57.283Z,Water Plant,Drain,Drain High Level Switch,0.0
Seasonal_Storage_System,2024-08-08T16:04:57.257Z,Water Plant,Drain,Drain High Level Switch,0.0
Seasonal_Storage_System,2024-08-08T16:05:57.26Z,Water Plant,Drain,Drain High Level Switch,0.0
Seasonal_Storage_System,2024-08-08T16:06:57.26Z,Water Plant,Drain,Drain High Level Switch,0.0
Seasonal_Storage_System,2024-08-08T16:07:57.258Z,Water Plant,Drain,Drain High Level Switch,0.0
Seasonal_Storage_System,2024-08-08T16:08:57.305Z,Water Plant,Drain,Drain High Level Switch,0.0
Seasonal_Storage_System,2024-08-08T16:09:57.275Z,Water Plant,Drain,Drain High Level Switch,0.0
Seasonal_Storage_System,2024-08-08T16:10:57.283Z,Water Plant,Drain,Drain High Level Switch,0.0
Seasonal_Storage_System,2024-08-08T16:11:57.267Z,Water Plant,Drain,Drain High Level Switch,0.0
Seasonal_Storage_System,2024-08-08T16:12:57.269Z,Water Plant,Drain,Drain High Level Switch,0.0
Seasonal_Storage_System,2024-08-08T16:13:57.262Z,Water Plant,Drain,Drain High Level Switch,0.0
Seasonal_Storage_System,2024-08-08T16:14:57.341Z,Water Plant,Drain,Drain High Level Switch,0.0
Seasonal_Storage_System,2024-08-08T16:15:57.412Z,Water Plant,Drain,Drain High Level Switch,0.0
Seasonal_Storage_System,2024-08-08T16:16:57.342Z,Water Plant,Drain,Drain High Level Switch,0.0
Seasonal_Storage_System,2024-08-08T16:17:57.341Z,Water Plant,Drain,Drain High Level Switch,0.0
Seasonal_Storage_System,2024-08-08T16:18:57.335Z,Water Plant,Drain,Drain High Level Switch,0.0
Seasonal_Storage_System,2024-08-08T16:19:57.337Z,Water Plant,Drain,Drain High Level Switch,0.0
Seasonal_Storage_System,2024-08-08T16:20:57.35Z,Water Plant,Drain,Drain High Level Switch,0.0
Seasonal_Storage_System,2024-08-08T16:21:57.339Z,Water Plant,Drain,Drain High Level Switch,0.0
Seasonal_Storage_System,2024-08-08T16:22:57.351Z,Water Plant,Drain,Drain High Level Switch,0.0
Seasonal_Storage_System,2024-08-08T16:23:57.359Z,Water Plant,Drain,Drain High Level Switch,0.0
Seasonal_Storage_System,2024-08-08T16:24:57.384Z,Water Plant,Drain,Drain High Level Switch,0.0
Seasonal_Storage_System,2024-08-08T16:25:57.452Z,Water Plant,Drain,Drain High Level Switch,0.0
Seasonal_Storage_System,2024-08-08T16:26:57.451Z,Water Plant,Drain,Drain High Level Switch,0.0
Seasonal_Storage_System,2024-08-08T16:27:57.381Z,Water Plant,Drain,Drain High Level Switch,0.0
Seasonal_Storage_System,2024-08-08T16:28:57.389Z,Water Plant,Drain,Drain High Level Switch,0.0
Seasonal_Storage_System,2024-08-08T16:29:57.457Z,Water Plant,Drain,Drain High Level Switch,0.0
Seasonal_Storage_System,2024-08-08T16:30:57.314Z,Water Plant,Drain,Drain High Level Switch,0.0
Seasonal_Storage_System,2024-08-08T16:31:57.319Z,Water Plant,Drain,Drain High Level Switch,0.0
Seasonal_Storage_System,2024-08-08T16:32:57.315Z,Water Plant,Drain,Drain High Level Switch,0.0
Seasonal_Storage_System,2024-08-08T16:33:57.449Z,Water Plant,Drain,Drain High Level Switch,0.0
Seasonal_Storage_System,2024-08-08T16:34:57.493Z,Water Plant,Drain,Drain High Level Switch,0.0
Seasonal_Storage_System,2024-08-08T16:35:57.557Z,Water Plant,Drain,Drain High Level Switch,0.0
Seasonal_Storage_System,2024-08-08T16:36:57.605Z,Water Plant,Drain,Drain High Level Switch,0.0
Seasonal_Storage_System,2024-08-08T16:37:57.674Z,Water Plant,Drain,Drain High Level Switch,0.0
Seasonal_Storage_System,2024-08-08T16:38:57.539Z,Water Plant,Drain,Drain High Level Switch,0.0
Seasonal_Storage_System,2024-08-08T16:39:57.538Z,Water Plant,Drain,Drain High Level Switch,0.0
Seasonal_Storage_System,2024-08-08T16:40:57.537Z,Water Plant,Drain,Drain High Level Switch,0.0
Seasonal_Storage_System,2024-08-08T16:41:57.537Z,Water Plant,Drain,Drain High Level Switch,0.0
Seasonal_Storage_System,2024-08-08T16:42:57.537Z,Water Plant,Drain,Drain High Level Switch,0.0
Seasonal_Storage_System,2024-08-08T16:43:57.539Z,Water Plant,Drain,Drain High Level Switch,0.0
Seasonal_Storage_System,2024-08-08T16:44:57.561Z,Water Plant,Drain,Drain High Level Switch,0.0
Seasonal_Storage_System,2024-08-08T16:45:57.54Z,Water Plant,Drain,Drain High Level Switch,0.0
Seasonal_Storage_System,2024-08-08T16:46:57.635Z,Water Plant,Drain,Drain High Level Switch,0.0
Seasonal_Storage_System,2024-08-08T16:47:57.562Z,Water Plant,Drain,Drain High Level Switch,0.0
Seasonal_Storage_System,2024-08-08T16:48:57.628Z,Water Plant,Drain,Drain High Level Switch,0.0
Seasonal_Storage_System,2024-08-08T16:49:57.65Z,Water Plant,Drain,Drain High Level Switch,0.0
Seasonal_Storage_System,2024-08-08T16:50:57.662Z,Water Plant,Drain,Drain High Level Switch,0.0
Seasonal_Storage_System,2024-08-08T16:51:57.64Z,Water Plant,Drain,Drain High Level Switch,0.0
Seasonal_Storage_System,2024-08-08T16:52:57.647Z,Water Plant,Drain,Drain High Level Switch,0.0
Seasonal_Storage_System,2024-08-08T16:53:57.673Z,Water Plant,Drain,Drain High Level Switch,0.0
Seasonal_Storage_System,2024-08-08T16:54:57.782Z,Water Plant,Drain,Drain High Level Switch,0.0
Seasonal_Storage_System,2024-08-08T16:55:57.75Z,Water Plant,Drain,Drain High Level Switch,0.0
Seasonal_Storage_System,2024-08-08T16:56:57.745Z,Water Plant,Drain,Drain High Level Switch,0.0
Seasonal_Storage_System,2024-08-08T16:57:57.752Z,Water Plant,Drain,Drain High Level Switch,0.0
Seasonal_Storage_System,2024-08-08T16:58:57.756Z,Water Plant,Drain,Drain High Level Switch,0.0
Seasonal_Storage_System,2024-08-08T16:59:57.75Z,Water Plant,Drain,Drain High Level Switch,0.0
Seasonal_Storage_System,2024-08-08T17:00:57.782Z,Water Plant,Drain,Drain High Level Switch,0.0
Seasonal_Storage_System,2024-08-08T17:01:57.766Z,Water Plant,Drain,Drain High Level Switch,0.0
Seasonal_Storage_System,2024-08-08T17:02:57.803Z,Water Plant,Drain,Drain High Level Switch,0.0
Seasonal_Storage_System,2024-08-08T17:03:57.872Z,Water Plant,Drain,Drain High Level Switch,0.0
Seasonal_Storage_System,2024-08-08T17:04:57.848Z,Water Plant,Drain,Drain High Level Switch,0.0
Seasonal_Storage_System,2024-08-08T17:05:57.886Z,Water Plant,Drain,Drain High Level Switch,0.0
Seasonal_Storage_System,2024-08-08T17:06:57.99Z,Water Plant,Drain,Drain High Level Switch,0.0
Seasonal_Storage_System,2024-08-08T17:07:57.994Z,Water Plant,Drain,Drain High Level Switch,0.0
Seasonal_Storage_System,2024-08-08T17:08:57.934Z,Water Plant,Drain,Drain High Level Switch,0.0
Seasonal_Storage_System,2024-08-08T17:09:57.974Z,Water Plant,Drain,Drain High Level Switch,0.0
Seasonal_Storage_System,2024-08-08T17:10:58.004Z,Water Plant,Drain,Drain High Level Switch,0.0
Seasonal_Storage_System,2024-08-08T17:11:57.91Z,Water Plant,Drain,Drain High Level Switch,0.0
Seasonal_Storage_System,2024-08-08T17:12:57.921Z,Water Plant,Drain,Drain High Level Switch,0.0
Seasonal_Storage_System,2024-08-08T17:13:57.999Z,Water Plant,Drain,Drain High Level Switch,0.0
Seasonal_Storage_System,2024-08-08T17:14:58.006Z,Water Plant,Drain,Drain High Level Switch,0.0
Seasonal_Storage_System,2024-08-08T17:15:58.029Z,Water Plant,Drain,Drain High Level Switch,0.0
Seasonal_Storage_System,2024-08-08T17:16:58.139Z,Water Plant,Drain,Drain High Level Switch,0.0
Seasonal_Storage_System,2024-08-08T17:17:57.972Z,Water Plant,Drain,Drain High Level Switch,0.0
Seasonal_Storage_System,2024-08-08T17:18:57.971Z,Water Plant,Drain,Drain High Level Switch,0.0
Seasonal_Storage_System,2024-08-08T17:19:57.979Z,Water Plant,Drain,Drain High Level Switch,0.0
Seasonal_Storage_System,2024-08-08T17:20:57.992Z,Water Plant,Drain,Drain High Level Switch,0.0
Seasonal_Storage_System,2024-08-08T17:21:57.972Z,Water Plant,Drain,Drain High Level Switch,0.0
Seasonal_Storage_System,2024-08-08T17:22:57.972Z,Water Plant,Drain,Drain High Level Switch,0.0
Seasonal_Storage_System,2024-08-08T17:23:57.972Z,Water Plant,Drain,Drain High Level Switch,0.0
Seasonal_Storage_System,2024-08-08T17:24:57.973Z,Water Plant,Drain,Drain High Level Switch,0.0
Seasonal_Storage_System,2024-08-08T17:25:57.973Z,Water Plant,Drain,Drain High Level Switch,0.0
Seasonal_Storage_System,2024-08-08T17:26:58.077Z,Water Plant,Drain,Drain High Level Switch,0.0
Seasonal_Storage_System,2024-08-08T17:27:58.144Z,Water Plant,Drain,Drain High Level Switch,0.0
Seasonal_Storage_System,2024-08-08T17:28:58.181Z,Water Plant,Drain,Drain High Level Switch,0.0
Seasonal_Storage_System,2024-08-08T17:29:58.255Z,Water Plant,Drain,Drain High Level Switch,0.0
Seasonal_Storage_System,2024-08-08T17:30:58.313Z,Water Plant,Drain,Drain High Level Switch,0.0
Seasonal_Storage_System,2024-08-08T17:31:58.367Z,Water Plant,Drain,Drain High Level Switch,0.0
Seasonal_Storage_System,2024-08-08T17:32:58.444Z,Water Plant,Drain,Drain High Level Switch,0.0
Seasonal_Storage_System,2024-08-08T17:33:58.356Z,Water Plant,Drain,Drain High Level Switch,0.0
Seasonal_Storage_System,2024-08-08T17:34:58.359Z,Water Plant,Drain,Drain High Level Switch,0.0
Seasonal_Storage_System,2024-08-08T17:35:58.354Z,Water Plant,Drain,Drain High Level Switch,0.0
Seasonal_Storage_System,2024-08-08T17:36:58.382Z,Water Plant,Drain,Drain High Level Switch,0.0
Seasonal_Storage_System,2024-08-08T17:37:58.362Z,Water Plant,Drain,Drain High Level Switch,0.0
Seasonal_Storage_System,2024-08-08T17:38:58.37Z,Water Plant,Drain,Drain High Level Switch,0.0
Seasonal_Storage_System,2024-08-08T17:39:58.359Z,Water Plant,Drain,Drain High Level Switch,0.0
Seasonal_Storage_System,2024-08-08T17:40:58.361Z,Water Plant,Drain,Drain High Level Switch,0.0
Seasonal_Storage_System,2024-08-08T17:41:58.356Z,Water Plant,Drain,Drain High Level Switch,0.0
Seasonal_Storage_System,2024-08-08T17:42:58.378Z,Water Plant,Drain,Drain High Level Switch,0.0
Seasonal_Storage_System,2024-08-08T17:43:58.401Z,Water Plant,Drain,Drain High Level Switch,0.0
Seasonal_Storage_System,2024-08-08T17:44:58.472Z,Water Plant,Drain,Drain High Level Switch,0.0
Seasonal_Storage_System,2024-08-08T17:45:58.399Z,Water Plant,Drain,Drain High Level Switch,0.0
Seasonal_Storage_System,2024-08-08T17:46:58.397Z,Water Plant,Drain,Drain High Level Switch,0.0
Seasonal_Storage_System,2024-08-08T17:47:58.406Z,Water Plant,Drain,Drain High Level Switch,0.0
Seasonal_Storage_System,2024-08-08T17:48:58.406Z,Water Plant,Drain,Drain High Level Switch,0.0
Seasonal_Storage_System,2024-08-08T17:49:58.428Z,Water Plant,Drain,Drain High Level Switch,0.0
Seasonal_Storage_System,2024-08-08T17:50:58.34Z,Water Plant,Drain,Drain High Level Switch,0.0
Seasonal_Storage_System,2024-08-08T17:51:58.334Z,Water Plant,Drain,Drain High Level Switch,0.0
Seasonal_Storage_System,2024-08-08T17:52:58.334Z,Water Plant,Drain,Drain High Level Switch,0.0
Seasonal_Storage_System,2024-08-08T17:53:58.334Z,Water Plant,Drain,Drain High Level Switch,0.0
Seasonal_Storage_System,2024-08-08T17:54:58.461Z,Water Plant,Drain,Drain High Level Switch,0.0
Seasonal_Storage_System,2024-08-08T17:55:58.534Z,Water Plant,Drain,Drain High Level Switch,0.0
Seasonal_Storage_System,2024-08-08T17:56:58.468Z,Water Plant,Drain,Drain High Level Switch,0.0
Seasonal_Storage_System,2024-08-08T17:57:58.466Z,Water Plant,Drain,Drain High Level Switch,0.0
Seasonal_Storage_System,2024-08-08T17:58:58.543Z,Water Plant,Drain,Drain High Level Switch,0.0
Seasonal_Storage_System,2024-08-08T17:59:58.395Z,Water Plant,Drain,Drain High Level Switch,0.0
Seasonal_Storage_System,2024-08-08T18:00:58.394Z,Water Plant,Drain,Drain High Level Switch,0.0
Seasonal_Storage_System,2024-08-08T18:01:58.394Z,Water Plant,Drain,Drain High Level Switch,0.0
Seasonal_Storage_System,2024-08-08T18:02:58.394Z,Water Plant,Drain,Drain High Level Switch,0.0
Seasonal_Storage_System,2024-08-08T18:03:58.397Z,Water Plant,Drain,Drain High Level Switch,0.0
Seasonal_Storage_System,2024-08-08T18:04:58.471Z,Water Plant,Drain,Drain High Level Switch,0.0
Seasonal_Storage_System,2024-08-08T18:05:58.462Z,Water Plant,Drain,Drain High Level Switch,0.0
Seasonal_Storage_System,2024-08-08T18:06:58.467Z,Water Plant,Drain,Drain High Level Switch,0.0
Seasonal_Storage_System,2024-08-08T18:07:58.473Z,Water Plant,Drain,Drain High Level Switch,0.0
Seasonal_Storage_System,2024-08-08T18:08:58.398Z,Water Plant,Drain,Drain High Level Switch,0.0
Seasonal_Storage_System,2024-08-08T18:09:58.4Z,Water Plant,Drain,Drain High Level Switch,0.0
Seasonal_Storage_System,2024-08-08T18:10:58.53Z,Water Plant,Drain,Drain High Level Switch,0.0
Seasonal_Storage_System,2024-08-08T18:11:58.608Z,Water Plant,Drain,Drain High Level Switch,0.0
Seasonal_Storage_System,2024-08-08T18:12:58.683Z,Water Plant,Drain,Drain High Level Switch,0.0
Seasonal_Storage_System,2024-08-08T18:13:58.612Z,Water Plant,Drain,Drain High Level Switch,0.0
Seasonal_Storage_System,2024-08-08T18:14:58.608Z,Water Plant,Drain,Drain High Level Switch,0.0
Seasonal_Storage_System,2024-08-08T18:15:58.617Z,Water Plant,Drain,Drain High Level Switch,0.0
Seasonal_Storage_System,2024-08-08T18:16:58.611Z,Water Plant,Drain,Drain High Level Switch,0.0
Seasonal_Storage_System,2024-08-08T18:17:58.623Z,Water Plant,Drain,Drain High Level Switch,0.0
Seasonal_Storage_System,2024-08-08T18:18:58.618Z,Water Plant,Drain,Drain High Level Switch,0.0
Seasonal_Storage_System,2024-08-08T18:19:58.677Z,Water Plant,Drain,Drain High Level Switch,0.0
Seasonal_Storage_System,2024-08-08T18:20:58.712Z,Water Plant,Drain,Drain High Level Switch,0.0
Seasonal_Storage_System,2024-08-08T18:21:58.743Z,Water Plant,Drain,Drain High Level Switch,0.0
Seasonal_Storage_System,2024-08-08T18:22:58.809Z,Water Plant,Drain,Drain High Level Switch,0.0
Seasonal_Storage_System,2024-08-08T18:23:58.807Z,Water Plant,Drain,Drain High Level Switch,0.0
Seasonal_Storage_System,2024-08-08T18:24:58.806Z,Water Plant,Drain,Drain High Level Switch,0.0
Seasonal_Storage_System,2024-08-08T18:25:58.809Z,Water Plant,Drain,Drain High Level Switch,0.0
Seasonal_Storage_System,2024-08-08T18:26:58.802Z,Water Plant,Drain,Drain High Level Switch,0.0
Seasonal_Storage_System,2024-08-08T18:27:58.805Z,Water Plant,Drain,Drain High Level Switch,0.0
Seasonal_Storage_System,2024-08-08T18:28:58.822Z,Water Plant,Drain,Drain High Level Switch,0.0
Seasonal_Storage_System,2024-08-08T18:29:58.812Z,Water Plant,Drain,Drain High Level Switch,0.0
Seasonal_Storage_System,2024-08-08T18:30:58.807Z,Water Plant,Drain,Drain High Level Switch,0.0
Seasonal_Storage_System,2024-08-08T18:31:58.803Z,Water Plant,Drain,Drain High Level Switch,0.0
Seasonal_Storage_System,2024-08-08T18:32:58.808Z,Water Plant,Drain,Drain High Level Switch,0.0
Seasonal_Storage_System,2024-08-08T18:33:58.856Z,Water Plant,Drain,Drain High Level Switch,0.0
Seasonal_Storage_System,2024-08-08T18:34:58.874Z,Water Plant,Drain,Drain High Level Switch,0.0
Seasonal_Storage_System,2024-08-08T18:35:58.872Z,Water Plant,Drain,Drain High Level Switch,0.0
Seasonal_Storage_System,2024-08-08T18:36:58.945Z,Water Plant,Drain,Drain High Level Switch,0.0
Seasonal_Storage_System,2024-08-08T18:37:58.875Z,Water Plant,Drain,Drain High Level Switch,0.0
Seasonal_Storage_System,2024-08-08T18:38:58.89Z,Water Plant,Drain,Drain High Level Switch,0.0
Seasonal_Storage_System,2024-08-08T18:39:58.888Z,Water Plant,Drain,Drain High Level Switch,0.0
Seasonal_Storage_System,2024-08-08T18:40:58.874Z,Water Plant,Drain,Drain High Level Switch,0.0
Seasonal_Storage_System,2024-08-08T18:41:58.876Z,Water Plant,Drain,Drain High Level Switch,0.0
Seasonal_Storage_System,2024-08-08T18:42:58.876Z,Water Plant,Drain,Drain High Level Switch,0.0
Seasonal_Storage_System,2024-08-08T18:43:58.909Z,Water Plant,Drain,Drain High Level Switch,0.0
Seasonal_Storage_System,2024-08-08T18:44:58.985Z,Water Plant,Drain,Drain High Level Switch,0.0
Seasonal_Storage_System,2024-08-08T18:45:58.911Z,Water Plant,Drain,Drain High Level Switch,0.0
Seasonal_Storage_System,2024-08-08T18:46:58.925Z,Water Plant,Drain,Drain High Level Switch,0.0
Seasonal_Storage_System,2024-08-08T18:47:58.921Z,Water Plant,Drain,Drain High Level Switch,0.0
Seasonal_Storage_System,2024-08-08T18:48:58.919Z,Water Plant,Drain,Drain High Level Switch,0.0
Seasonal_Storage_System,2024-08-08T18:49:58.912Z,Water Plant,Drain,Drain High Level Switch,0.0
Seasonal_Storage_System,2024-08-08T18:50:58.915Z,Water Plant,Drain,Drain High Level Switch,0.0
Seasonal_Storage_System,2024-08-08T18:51:58.908Z,Water Plant,Drain,Drain High Level Switch,0.0
Seasonal_Storage_System,2024-08-08T18:52:58.921Z,Water Plant,Drain,Drain High Level Switch,0.0
Seasonal_Storage_System,2024-08-08T18:53:58.945Z,Water Plant,Drain,Drain High Level Switch,0.0
Seasonal_Storage_System,2024-08-08T18:54:58.97Z,Water Plant,Drain,Drain High Level Switch,0.0
Seasonal_Storage_System,2024-08-08T18:55:58.989Z,Water Plant,Drain,Drain High Level Switch,0.0
Seasonal_Storage_System,2024-08-08T18:56:59.021Z,Water Plant,Drain,Drain High Level Switch,0.0
Seasonal_Storage_System,2024-08-08T18:57:59.04Z,Water Plant,Drain,Drain High Level Switch,0.0
Seasonal_Storage_System,2024-08-08T18:58:59.064Z,Water Plant,Drain,Drain High Level Switch,0.0
Seasonal_Storage_System,2024-08-08T18:59:59.098Z,Water Plant,Drain,Drain High Level Switch,0.0
Seasonal_Storage_System,2024-08-08T19:00:59.117Z,Water Plant,Drain,Drain High Level Switch,0.0
Seasonal_Storage_System,2024-08-08T19:01:59.143Z,Water Plant,Drain,Drain High Level Switch,0.0
Seasonal_Storage_System,2024-08-08T19:02:59.135Z,Water Plant,Drain,Drain High Level Switch,0.0
Seasonal_Storage_System,2024-08-08T19:03:59.154Z,Water Plant,Drain,Drain High Level Switch,0.0
Seasonal_Storage_System,2024-08-08T19:04:59.184Z,Water Plant,Drain,Drain High Level Switch,0.0
Seasonal_Storage_System,2024-08-08T19:05:59.197Z,Water Plant,Drain,Drain High Level Switch,0.0
Seasonal_Storage_System,2024-08-08T19:06:59.199Z,Water Plant,Drain,Drain High Level Switch,0.0
Seasonal_Storage_System,2024-08-08T19:07:59.223Z,Water Plant,Drain,Drain High Level Switch,0.0
Seasonal_Storage_System,2024-08-08T19:08:59.229Z,Water Plant,Drain,Drain High Level Switch,0.0
Seasonal_Storage_System,2024-08-08T19:09:59.239Z,Water Plant,Drain,Drain High Level Switch,0.0
Seasonal_Storage_System,2024-08-08T19:10:59.248Z,Water Plant,Drain,Drain High Level Switch,0.0
Seasonal_Storage_System,2024-08-08T19:11:59.272Z,Water Plant,Drain,Drain High Level Switch,0.0
Seasonal_Storage_System,2024-08-08T19:12:59.268Z,Water Plant,Drain,Drain High Level Switch,0.0
Seasonal_Storage_System,2024-08-08T19:13:59.283Z,Water Plant,Drain,Drain High Level Switch,0.0
Seasonal_Storage_System,2024-08-08T19:14:59.294Z,Water Plant,Drain,Drain High Level Switch,0.0
Seasonal_Storage_System,2024-08-08T19:15:59.337Z,Water Plant,Drain,Drain High Level Switch,0.0
Seasonal_Storage_System,2024-08-08T19:16:59.346Z,Water Plant,Drain,Drain High Level Switch,0.0
Seasonal_Storage_System,2024-08-08T19:17:59.357Z,Water Plant,Drain,Drain High Level Switch,0.0
Seasonal_Storage_System,2024-08-08T19:18:59.401Z,Water Plant,Drain,Drain High Level Switch,0.0
Seasonal_Storage_System,2024-08-08T19:19:59.411Z,Water Plant,Drain,Drain High Level Switch,0.0
Seasonal_Storage_System,2024-08-08T19:20:59.457Z,Water Plant,Drain,Drain High Level Switch,0.0
Seasonal_Storage_System,2024-08-08T19:21:59.475Z,Water Plant,Drain,Drain High Level Switch,0.0
Seasonal_Storage_System,2024-08-08T19:22:59.477Z,Water Plant,Drain,Drain High Level Switch,0.0
Seasonal_Storage_System,2024-08-08T19:23:59.473Z,Water Plant,Drain,Drain High Level Switch,0.0
Seasonal_Storage_System,2024-08-08T19:24:59.49Z,Water Plant,Drain,Drain High Level Switch,0.0
Seasonal_Storage_System,2024-08-08T19:25:59.501Z,Water Plant,Drain,Drain High Level Switch,0.0
Seasonal_Storage_System,2024-08-08T19:26:59.52Z,Water Plant,Drain,Drain High Level Switch,0.0
Seasonal_Storage_System,2024-08-08T19:27:59.526Z,Water Plant,Drain,Drain High Level Switch,0.0
Seasonal_Storage_System,2024-08-08T19:28:59.548Z,Water Plant,Drain,Drain High Level Switch,0.0
Seasonal_Storage_System,2024-08-08T19:29:59.566Z,Water Plant,Drain,Drain High Level Switch,0.0
Seasonal_Storage_System,2024-08-08T19:30:59.586Z,Water Plant,Drain,Drain High Level Switch,0.0
Seasonal_Storage_System,2024-08-08T19:31:59.607Z,Water Plant,Drain,Drain High Level Switch,0.0
Seasonal_Storage_System,2024-08-08T19:32:59.606Z,Water Plant,Drain,Drain High Level Switch,0.0
Seasonal_Storage_System,2024-08-08T19:33:59.627Z,Water Plant,Drain,Drain High Level Switch,0.0
Seasonal_Storage_System,2024-08-08T19:34:59.641Z,Water Plant,Drain,Drain High Level Switch,0.0
Seasonal_Storage_System,2024-08-08T19:35:59.69Z,Water Plant,Drain,Drain High Level Switch,0.0
Seasonal_Storage_System,2024-08-08T19:36:59.687Z,Water Plant,Drain,Drain High Level Switch,0.0
Seasonal_Storage_System,2024-08-08T19:37:59.705Z,Water Plant,Drain,Drain High Level Switch,0.0
Seasonal_Storage_System,2024-08-08T19:38:59.709Z,Water Plant,Drain,Drain High Level Switch,0.0
Seasonal_Storage_System,2024-08-08T19:39:59.752Z,Water Plant,Drain,Drain High Level Switch,0.0
Seasonal_Storage_System,2024-08-08T19:40:59.755Z,Water Plant,Drain,Drain High Level Switch,0.0
Seasonal_Storage_System,2024-08-08T19:41:59.766Z,Water Plant,Drain,Drain High Level Switch,0.0
Seasonal_Storage_System,2024-08-08T19:42:59.777Z,Water Plant,Drain,Drain High Level Switch,0.0
Seasonal_Storage_System,2024-08-08T19:43:59.798Z,Water Plant,Drain,Drain High Level Switch,0.0
Seasonal_Storage_System,2024-08-08T19:44:59.806Z,Water Plant,Drain,Drain High Level Switch,0.0
Seasonal_Storage_System,2024-08-08T19:45:59.815Z,Water Plant,Drain,Drain High Level Switch,0.0
Seasonal_Storage_System,2024-08-08T19:46:59.826Z,Water Plant,Drain,Drain High Level Switch,0.0
Seasonal_Storage_System,2024-08-08T19:47:59.839Z,Water Plant,Drain,Drain High Level Switch,0.0
Seasonal_Storage_System,2024-08-08T19:48:59.87Z,Water Plant,Drain,Drain High Level Switch,0.0
Seasonal_Storage_System,2024-08-08T19:49:59.898Z,Water Plant,Drain,Drain High Level Switch,0.0
Seasonal_Storage_System,2024-08-08T19:50:59.921Z,Water Plant,Drain,Drain High Level Switch,0.0
Seasonal_Storage_System,2024-08-08T19:51:59.961Z,Water Plant,Drain,Drain High Level Switch,0.0
Seasonal_Storage_System,2024-08-08T19:53:00.013Z,Water Plant,Drain,Drain High Level Switch,0.0
Seasonal_Storage_System,2024-08-08T19:54:00.031Z,Water Plant,Drain,Drain High Level Switch,0.0
Seasonal_Storage_System,2024-08-08T19:55:00.077Z,Water Plant,Drain,Drain High Level Switch,0.0
Seasonal_Storage_System,2024-08-08T19:56:00.082Z,Water Plant,Drain,Drain High Level Switch,0.0
Seasonal_Storage_System,2024-08-08T19:57:00.111Z,Water Plant,Drain,Drain High Level Switch,0.0
Seasonal_Storage_System,2024-08-08T19:58:00.139Z,Water Plant,Drain,Drain High Level Switch,0.0
Seasonal_Storage_System,2024-08-08T19:59:00.169Z,Water Plant,Drain,Drain High Level Switch,0.0
Seasonal_Storage_System,2024-08-08T20:00:00.189Z,Water Plant,Drain,Drain High Level Switch,0.0
Seasonal_Storage_System,2024-08-08T20:01:00.199Z,Water Plant,Drain,Drain High Level Switch,0.0
Seasonal_Storage_System,2024-08-08T20:02:00.218Z,Water Plant,Drain,Drain High Level Switch,0.0
Seasonal_Storage_System,2024-08-08T20:03:00.223Z,Water Plant,Drain,Drain High Level Switch,0.0
Seasonal_Storage_System,2024-08-08T20:04:00.229Z,Water Plant,Drain,Drain High Level Switch,0.0
Seasonal_Storage_System,2024-08-08T20:05:00.222Z,Water Plant,Drain,Drain High Level Switch,0.0
Seasonal_Storage_System,2024-08-08T20:06:00.228Z,Water Plant,Drain,Drain High Level Switch,0.0
Seasonal_Storage_System,2024-08-08T20:07:00.228Z,Water Plant,Drain,Drain High Level Switch,0.0
Seasonal_Storage_System,2024-08-08T20:08:00.227Z,Water Plant,Drain,Drain High Level Switch,0.0
Seasonal_Storage_System,2024-08-08T20:09:00.226Z,Water Plant,Drain,Drain High Level Switch,0.0
Seasonal_Storage_System,2024-08-08T20:10:00.229Z,Water Plant,Drain,Drain High Level Switch,0.0
Seasonal_Storage_System,2024-08-08T20:11:00.229Z,Water Plant,Drain,Drain High Level Switch,0.0
Seasonal_Storage_System,2024-08-08T20:12:00.279Z,Water Plant,Drain,Drain High Level Switch,0.0
Seasonal_Storage_System,2024-08-08T20:13:00.226Z,Water Plant,Drain,Drain High Level Switch,0.0
Seasonal_Storage_System,2024-08-08T20:14:00.161Z,Water Plant,Drain,Drain High Level Switch,0.0
Seasonal_Storage_System,2024-08-08T20:15:00.251Z,Water Plant,Drain,Drain High Level Switch,0.0
Seasonal_Storage_System,2024-08-08T20:16:00.263Z,Water Plant,Drain,Drain High Level Switch,0.0
Seasonal_Storage_System,2024-08-08T20:17:00.253Z,Water Plant,Drain,Drain High Level Switch,0.0
Seasonal_Storage_System,2024-08-08T20:18:00.251Z,Water Plant,Drain,Drain High Level Switch,0.0
Seasonal_Storage_System,2024-08-08T20:19:00.251Z,Water Plant,Drain,Drain High Level Switch,0.0
Seasonal_Storage_System,2024-08-08T20:20:00.247Z,Water Plant,Drain,Drain High Level Switch,0.0
Seasonal_Storage_System,2024-08-08T20:21:00.252Z,Water Plant,Drain,Drain High Level Switch,0.0
Seasonal_Storage_System,2024-08-08T20:22:00.253Z,Water Plant,Drain,Drain High Level Switch,0.0
Seasonal_Storage_System,2024-08-08T20:23:00.248Z,Water Plant,Drain,Drain High Level Switch,0.0
Seasonal_Storage_System,2024-08-08T20:24:00.186Z,Water Plant,Drain,Drain High Level Switch,0.0
Seasonal_Storage_System,2024-08-08T20:25:00.184Z,Water Plant,Drain,Drain High Level Switch,0.0
Seasonal_Storage_System,2024-08-08T20:26:00.184Z,Water Plant,Drain,Drain High Level Switch,0.0
Seasonal_Storage_System,2024-08-08T20:27:00.264Z,Water Plant,Drain,Drain High Level Switch,0.0
Seasonal_Storage_System,2024-08-08T20:28:00.315Z,Water Plant,Drain,Drain High Level Switch,0.0
Seasonal_Storage_System,2024-08-08T20:29:00.317Z,Water Plant,Drain,Drain High Level Switch,0.0
Seasonal_Storage_System,2024-08-08T20:30:00.321Z,Water Plant,Drain,Drain High Level Switch,0.0
Seasonal_Storage_System,2024-08-08T20:31:00.327Z,Water Plant,Drain,Drain High Level Switch,0.0
Seasonal_Storage_System,2024-08-08T20:32:00.32Z,Water Plant,Drain,Drain High Level Switch,0.0
Seasonal_Storage_System,2024-08-08T20:33:00.253Z,Water Plant,Drain,Drain High Level Switch,0.0
Seasonal_Storage_System,2024-08-08T20:34:00.253Z,Water Plant,Drain,Drain High Level Switch,0.0
Seasonal_Storage_System,2024-08-08T20:35:00.251Z,Water Plant,Drain,Drain High Level Switch,0.0
Seasonal_Storage_System,2024-08-08T20:36:00.253Z,Water Plant,Drain,Drain High Level Switch,0.0
Seasonal_Storage_System,2024-08-08T20:37:00.329Z,Water Plant,Drain,Drain High Level Switch,0.0
Seasonal_Storage_System,2024-08-08T20:38:00.322Z,Water Plant,Drain,Drain High Level Switch,0.0
Seasonal_Storage_System,2024-08-08T20:39:00.319Z,Water Plant,Drain,Drain High Level Switch,0.0
Seasonal_Storage_System,2024-08-08T20:40:00.325Z,Water Plant,Drain,Drain High Level Switch,0.0
Seasonal_Storage_System,2024-08-08T20:41:00.324Z,Water Plant,Drain,Drain High Level Switch,0.0
Seasonal_Storage_System,2024-08-08T20:42:00.321Z,Water Plant,Drain,Drain High Level Switch,0.0
Seasonal_Storage_System,2024-08-08T20:43:00.325Z,Water Plant,Drain,Drain High Level Switch,0.0
Seasonal_Storage_System,2024-08-08T20:44:00.325Z,Water Plant,Drain,Drain High Level Switch,0.0
Seasonal_Storage_System,2024-08-08T20:45:00.32Z,Water Plant,Drain,Drain High Level Switch,0.0
Seasonal_Storage_System,2024-08-08T20:46:00.321Z,Water Plant,Drain,Drain High Level Switch,0.0
Seasonal_Storage_System,2024-08-08T20:47:00.257Z,Water Plant,Drain,Drain High Level Switch,0.0
Seasonal_Storage_System,2024-08-08T20:48:00.257Z,Water Plant,Drain,Drain High Level Switch,0.0
Seasonal_Storage_System,2024-08-08T20:49:00.515Z,Water Plant,Drain,Drain High Level Switch,0.0
Seasonal_Storage_System,2024-08-08T20:50:00.378Z,Water Plant,Drain,Drain High Level Switch,0.0
Seasonal_Storage_System,2024-08-08T20:51:00.315Z,Water Plant,Drain,Drain High Level Switch,0.0
Seasonal_Storage_System,2024-08-08T20:52:00.314Z,Water Plant,Drain,Drain High Level Switch,0.0
Seasonal_Storage_System,2024-08-08T20:53:00.397Z,Water Plant,Drain,Drain High Level Switch,0.0
Seasonal_Storage_System,2024-08-08T20:54:00.406Z,Water Plant,Drain,Drain High Level Switch,0.0
Seasonal_Storage_System,2024-08-08T20:55:00.444Z,Water Plant,Drain,Drain High Level Switch,0.0
Seasonal_Storage_System,2024-08-08T20:56:00.448Z,Water Plant,Drain,Drain High Level Switch,0.0
Seasonal_Storage_System,2024-08-08T20:57:00.473Z,Water Plant,Drain,Drain High Level Switch,0.0
Seasonal_Storage_System,2024-08-08T20:58:00.481Z,Water Plant,Drain,Drain High Level Switch,0.0
Seasonal_Storage_System,2024-08-08T20:59:00.484Z,Water Plant,Drain,Drain High Level Switch,0.0
Seasonal_Storage_System,2024-08-08T21:00:00.501Z,Water Plant,Drain,Drain High Level Switch,0.0
Seasonal_Storage_System,2024-08-08T21:01:00.509Z,Water Plant,Drain,Drain High Level Switch,0.0
Seasonal_Storage_System,2024-08-08T21:02:00.524Z,Water Plant,Drain,Drain High Level Switch,0.0
Seasonal_Storage_System,2024-08-08T21:03:00.544Z,Water Plant,Drain,Drain High Level Switch,0.0
Seasonal_Storage_System,2024-08-08T21:04:00.616Z,Water Plant,Drain,Drain High Level Switch,0.0
Seasonal_Storage_System,2024-08-08T21:05:00.581Z,Water Plant,Drain,Drain High Level Switch,0.0
Seasonal_Storage_System,2024-08-08T21:06:00.598Z,Water Plant,Drain,Drain High Level Switch,0.0
Seasonal_Storage_System,2024-08-08T21:07:00.611Z,Water Plant,Drain,Drain High Level Switch,0.0
Seasonal_Storage_System,2024-08-08T21:08:00.642Z,Water Plant,Drain,Drain High Level Switch,0.0
Seasonal_Storage_System,2024-08-08T21:09:00.673Z,Water Plant,Drain,Drain High Level Switch,0.0
Seasonal_Storage_System,2024-08-08T21:10:00.708Z,Water Plant,Drain,Drain High Level Switch,0.0
Seasonal_Storage_System,2024-08-08T21:11:00.689Z,Water Plant,Drain,Drain High Level Switch,0.0
Seasonal_Storage_System,2024-08-08T21:12:00.714Z,Water Plant,Drain,Drain High Level Switch,0.0
Seasonal_Storage_System,2024-08-08T21:13:00.72Z,Water Plant,Drain,Drain High Level Switch,0.0
Seasonal_Storage_System,2024-08-08T21:14:00.759Z,Water Plant,Drain,Drain High Level Switch,0.0
Seasonal_Storage_System,2024-08-08T21:15:00.758Z,Water Plant,Drain,Drain High Level Switch,0.0
Seasonal_Storage_System,2024-08-08T21:16:00.787Z,Water Plant,Drain,Drain High Level Switch,0.0
Seasonal_Storage_System,2024-08-08T21:17:00.837Z,Water Plant,Drain,Drain High Level Switch,0.0
Seasonal_Storage_System,2024-08-08T21:18:00.873Z,Water Plant,Drain,Drain High Level Switch,0.0
Seasonal_Storage_System,2024-08-08T21:19:00.891Z,Water Plant,Drain,Drain High Level Switch,0.0
Seasonal_Storage_System,2024-08-08T21:20:00.92Z,Water Plant,Drain,Drain High Level Switch,0.0
Seasonal_Storage_System,2024-08-08T21:21:00.963Z,Water Plant,Drain,Drain High Level Switch,0.0
Seasonal_Storage_System,2024-08-08T21:22:00.98Z,Water Plant,Drain,Drain High Level Switch,0.0
Seasonal_Storage_System,2024-08-08T21:23:00.991Z,Water Plant,Drain,Drain High Level Switch,0.0
Seasonal_Storage_System,2024-08-08T21:24:01.017Z,Water Plant,Drain,Drain High Level Switch,0.0
Seasonal_Storage_System,2024-08-08T21:25:01.067Z,Water Plant,Drain,Drain High Level Switch,0.0
Seasonal_Storage_System,2024-08-08T21:26:01.082Z,Water Plant,Drain,Drain High Level Switch,0.0
Seasonal_Storage_System,2024-08-08T21:27:01.113Z,Water Plant,Drain,Drain High Level Switch,0.0
Seasonal_Storage_System,2024-08-08T21:28:01.13Z,Water Plant,Drain,Drain High Level Switch,0.0
Seasonal_Storage_System,2024-08-08T21:29:01.135Z,Water Plant,Drain,Drain High Level Switch,0.0
Seasonal_Storage_System,2024-08-08T21:30:01.163Z,Water Plant,Drain,Drain High Level Switch,0.0
Seasonal_Storage_System,2024-08-08T21:31:01.223Z,Water Plant,Drain,Drain High Level Switch,0.0
Seasonal_Storage_System,2024-08-08T21:32:01.22Z,Water Plant,Drain,Drain High Level Switch,0.0
Seasonal_Storage_System,2024-08-08T21:33:01.25Z,Water Plant,Drain,Drain High Level Switch,0.0
Seasonal_Storage_System,2024-08-08T21:34:01.261Z,Water Plant,Drain,Drain High Level Switch,0.0
Seasonal_Storage_System,2024-08-08T21:35:01.283Z,Water Plant,Drain,Drain High Level Switch,0.0
Seasonal_Storage_System,2024-08-08T21:36:01.289Z,Water Plant,Drain,Drain High Level Switch,0.0
Seasonal_Storage_System,2024-08-08T21:37:01.311Z,Water Plant,Drain,Drain High Level Switch,0.0
Seasonal_Storage_System,2024-08-08T21:38:01.331Z,Water Plant,Drain,Drain High Level Switch,0.0
Seasonal_Storage_System,2024-08-08T21:39:01.323Z,Water Plant,Drain,Drain High Level Switch,0.0
Seasonal_Storage_System,2024-08-08T21:40:01.365Z,Water Plant,Drain,Drain High Level Switch,0.0
Seasonal_Storage_System,2024-08-08T21:41:01.295Z,Water Plant,Drain,Drain High Level Switch,0.0
Seasonal_Storage_System,2024-08-08T21:42:01.378Z,Water Plant,Drain,Drain High Level Switch,0.0
Seasonal_Storage_System,2024-08-08T21:43:01.401Z,Water Plant,Drain,Drain High Level Switch,0.0
Seasonal_Storage_System,2024-08-08T21:44:01.42Z,Water Plant,Drain,Drain High Level Switch,0.0
Seasonal_Storage_System,2024-08-08T21:45:01.428Z,Water Plant,Drain,Drain High Level Switch,0.0
Seasonal_Storage_System,2024-08-08T21:46:01.442Z,Water Plant,Drain,Drain High Level Switch,0.0
Seasonal_Storage_System,2024-08-08T21:47:01.452Z,Water Plant,Drain,Drain High Level Switch,0.0
Seasonal_Storage_System,2024-08-08T21:48:01.466Z,Water Plant,Drain,Drain High Level Switch,0.0
Seasonal_Storage_System,2024-08-08T21:49:01.478Z,Water Plant,Drain,Drain High Level Switch,0.0
Seasonal_Storage_System,2024-08-08T21:50:01.492Z,Water Plant,Drain,Drain High Level Switch,0.0
Seasonal_Storage_System,2024-08-08T21:51:01.512Z,Water Plant,Drain,Drain High Level Switch,0.0
Seasonal_Storage_System,2024-08-08T21:52:01.529Z,Water Plant,Drain,Drain High Level Switch,0.0
Seasonal_Storage_System,2024-08-08T21:53:01.55Z,Water Plant,Drain,Drain High Level Switch,0.0
Seasonal_Storage_System,2024-08-08T21:54:01.562Z,Water Plant,Drain,Drain High Level Switch,0.0
Seasonal_Storage_System,2024-08-08T21:55:01.561Z,Water Plant,Drain,Drain High Level Switch,0.0
Seasonal_Storage_System,2024-08-08T21:56:01.58Z,Water Plant,Drain,Drain High Level Switch,0.0
Seasonal_Storage_System,2024-08-08T21:57:01.628Z,Water Plant,Drain,Drain High Level Switch,0.0
Seasonal_Storage_System,2024-08-08T21:58:01.645Z,Water Plant,Drain,Drain High Level Switch,0.0
Seasonal_Storage_System,2024-08-08T21:59:01.67Z,Water Plant,Drain,Drain High Level Switch,0.0
Seasonal_Storage_System,2024-08-08T22:00:01.678Z,Water Plant,Drain,Drain High Level Switch,0.0
Seasonal_Storage_System,2024-08-08T22:01:01.711Z,Water Plant,Drain,Drain High Level Switch,0.0
Seasonal_Storage_System,2024-08-08T22:02:01.709Z,Water Plant,Drain,Drain High Level Switch,0.0
Seasonal_Storage_System,2024-08-08T22:03:01.724Z,Water Plant,Drain,Drain High Level Switch,0.0
Seasonal_Storage_System,2024-08-08T22:04:01.736Z,Water Plant,Drain,Drain High Level Switch,0.0
Seasonal_Storage_System,2024-08-08T22:05:01.756Z,Water Plant,Drain,Drain High Level Switch,0.0
Seasonal_Storage_System,2024-08-08T22:06:01.774Z,Water Plant,Drain,Drain High Level Switch,0.0
Seasonal_Storage_System,2024-08-08T22:07:01.775Z,Water Plant,Drain,Drain High Level Switch,0.0
Seasonal_Storage_System,2024-08-08T22:08:01.788Z,Water Plant,Drain,Drain High Level Switch,0.0
Seasonal_Storage_System,2024-08-08T22:09:01.825Z,Water Plant,Drain,Drain High Level Switch,0.0
Seasonal_Storage_System,2024-08-08T22:10:01.846Z,Water Plant,Drain,Drain High Level Switch,0.0
Seasonal_Storage_System,2024-08-08T22:11:01.851Z,Water Plant,Drain,Drain High Level Switch,0.0
Seasonal_Storage_System,2024-08-08T22:12:01.78Z,Water Plant,Drain,Drain High Level Switch,0.0
Seasonal_Storage_System,2024-08-08T22:13:01.859Z,Water Plant,Drain,Drain High Level Switch,0.0
Seasonal_Storage_System,2024-08-08T22:14:01.862Z,Water Plant,Drain,Drain High Level Switch,0.0
Seasonal_Storage_System,2024-08-08T22:15:01.883Z,Water Plant,Drain,Drain High Level Switch,0.0
Seasonal_Storage_System,2024-08-08T22:16:01.934Z,Water Plant,Drain,Drain High Level Switch,0.0
Seasonal_Storage_System,2024-08-08T22:17:01.978Z,Water Plant,Drain,Drain High Level Switch,0.0
Seasonal_Storage_System,2024-08-08T22:18:02.002Z,Water Plant,Drain,Drain High Level Switch,0.0
Seasonal_Storage_System,2024-08-08T22:19:02.028Z,Water Plant,Drain,Drain High Level Switch,0.0
Seasonal_Storage_System,2024-08-08T22:20:02.044Z,Water Plant,Drain,Drain High Level Switch,0.0
Seasonal_Storage_System,2024-08-08T22:21:02.057Z,Water Plant,Drain,Drain High Level Switch,0.0
Seasonal_Storage_System,2024-08-08T22:22:02.062Z,Water Plant,Drain,Drain High Level Switch,0.0
Seasonal_Storage_System,2024-08-08T22:23:02.09Z,Water Plant,Drain,Drain High Level Switch,0.0
Seasonal_Storage_System,2024-08-08T22:24:02.129Z,Water Plant,Drain,Drain High Level Switch,0.0
Seasonal_Storage_System,2024-08-08T22:25:02.169Z,Water Plant,Drain,Drain High Level Switch,0.0
Seasonal_Storage_System,2024-08-08T22:26:02.173Z,Water Plant,Drain,Drain High Level Switch,0.0
Seasonal_Storage_System,2024-08-08T22:27:02.175Z,Water Plant,Drain,Drain High Level Switch,0.0
Seasonal_Storage_System,2024-08-08T22:28:02.192Z,Water Plant,Drain,Drain High Level Switch,0.0
Seasonal_Storage_System,2024-08-08T22:29:02.203Z,Water Plant,Drain,Drain High Level Switch,0.0
Seasonal_Storage_System,2024-08-08T22:30:02.216Z,Water Plant,Drain,Drain High Level Switch,0.0
Seasonal_Storage_System,2024-08-08T22:31:02.252Z,Water Plant,Drain,Drain High Level Switch,0.0
Seasonal_Storage_System,2024-08-08T22:32:02.258Z,Water Plant,Drain,Drain High Level Switch,0.0
Seasonal_Storage_System,2024-08-08T22:33:02.274Z,Water Plant,Drain,Drain High Level Switch,0.0
Seasonal_Storage_System,2024-08-08T22:34:02.305Z,Water Plant,Drain,Drain High Level Switch,0.0
Seasonal_Storage_System,2024-08-08T22:35:02.305Z,Water Plant,Drain,Drain High Level Switch,0.0
Seasonal_Storage_System,2024-08-08T22:36:02.314Z,Water Plant,Drain,Drain High Level Switch,0.0
Seasonal_Storage_System,2024-08-08T22:37:02.331Z,Water Plant,Drain,Drain High Level Switch,0.0
Seasonal_Storage_System,2024-08-08T22:38:02.336Z,Water Plant,Drain,Drain High Level Switch,0.0
Seasonal_Storage_System,2024-08-08T22:39:02.362Z,Water Plant,Drain,Drain High Level Switch,0.0
Seasonal_Storage_System,2024-08-08T22:40:02.368Z,Water Plant,Drain,Drain High Level Switch,0.0
Seasonal_Storage_System,2024-08-08T22:41:02.385Z,Water Plant,Drain,Drain High Level Switch,0.0
Seasonal_Storage_System,2024-08-08T22:42:02.379Z,Water Plant,Drain,Drain High Level Switch,0.0
Seasonal_Storage_System,2024-08-08T22:43:02.405Z,Water Plant,Drain,Drain High Level Switch,0.0
Seasonal_Storage_System,2024-08-08T22:44:02.466Z,Water Plant,Drain,Drain High Level Switch,0.0
Seasonal_Storage_System,2024-08-08T22:45:02.482Z,Water Plant,Drain,Drain High Level Switch,0.0
Seasonal_Storage_System,2024-08-08T22:46:02.482Z,Water Plant,Drain,Drain High Level Switch,0.0
Seasonal_Storage_System,2024-08-08T22:47:02.482Z,Water Plant,Drain,Drain High Level Switch,0.0
Seasonal_Storage_System,2024-08-08T22:48:02.485Z,Water Plant,Drain,Drain High Level Switch,0.0
Seasonal_Storage_System,2024-08-08T22:49:02.544Z,Water Plant,Drain,Drain High Level Switch,0.0
Seasonal_Storage_System,2024-08-08T22:50:02.51Z,Water Plant,Drain,Drain High Level Switch,0.0
Seasonal_Storage_System,2024-08-08T22:51:02.554Z,Water Plant,Drain,Drain High Level Switch,0.0
Seasonal_Storage_System,2024-08-08T22:52:02.592Z,Water Plant,Drain,Drain High Level Switch,0.0
Seasonal_Storage_System,2024-08-08T22:53:02.608Z,Water Plant,Drain,Drain High Level Switch,0.0
Seasonal_Storage_System,2024-08-08T22:54:02.638Z,Water Plant,Drain,Drain High Level Switch,0.0
Seasonal_Storage_System,2024-08-08T22:55:02.66Z,Water Plant,Drain,Drain High Level Switch,0.0
Seasonal_Storage_System,2024-08-08T22:56:02.68Z,Water Plant,Drain,Drain High Level Switch,0.0
Seasonal_Storage_System,2024-08-08T22:57:02.685Z,Water Plant,Drain,Drain High Level Switch,0.0
Seasonal_Storage_System,2024-08-08T22:58:02.698Z,Water Plant,Drain,Drain High Level Switch,0.0
Seasonal_Storage_System,2024-08-08T22:59:02.707Z,Water Plant,Drain,Drain High Level Switch,0.0
Seasonal_Storage_System,2024-08-08T23:00:02.71Z,Water Plant,Drain,Drain High Level Switch,0.0
Seasonal_Storage_System,2024-08-08T23:01:02.765Z,Water Plant,Drain,Drain High Level Switch,0.0
Seasonal_Storage_System,2024-08-08T23:02:02.775Z,Water Plant,Drain,Drain High Level Switch,0.0
Seasonal_Storage_System,2024-08-08T23:03:02.811Z,Water Plant,Drain,Drain High Level Switch,0.0
Seasonal_Storage_System,2024-08-08T23:04:02.809Z,Water Plant,Drain,Drain High Level Switch,0.0
Seasonal_Storage_System,2024-08-08T23:05:02.82Z,Water Plant,Drain,Drain High Level Switch,0.0
Seasonal_Storage_System,2024-08-08T23:06:02.825Z,Water Plant,Drain,Drain High Level Switch,0.0
Seasonal_Storage_System,2024-08-08T23:07:02.837Z,Water Plant,Drain,Drain High Level Switch,0.0
Seasonal_Storage_System,2024-08-08T23:08:02.845Z,Water Plant,Drain,Drain High Level Switch,0.0
Seasonal_Storage_System,2024-08-08T23:09:02.859Z,Water Plant,Drain,Drain High Level Switch,0.0
Seasonal_Storage_System,2024-08-08T23:10:02.869Z,Water Plant,Drain,Drain High Level Switch,0.0
Seasonal_Storage_System,2024-08-08T23:11:02.89Z,Water Plant,Drain,Drain High Level Switch,0.0
Seasonal_Storage_System,2024-08-08T23:12:02.904Z,Water Plant,Drain,Drain High Level Switch,0.0
Seasonal_Storage_System,2024-08-08T23:13:02.922Z,Water Plant,Drain,Drain High Level Switch,0.0
Seasonal_Storage_System,2024-08-08T23:14:02.948Z,Water Plant,Drain,Drain High Level Switch,0.0
Seasonal_Storage_System,2024-08-08T23:15:02.947Z,Water Plant,Drain,Drain High Level Switch,0.0
Seasonal_Storage_System,2024-08-08T23:16:02.978Z,Water Plant,Drain,Drain High Level Switch,0.0
Seasonal_Storage_System,2024-08-08T23:17:02.992Z,Water Plant,Drain,Drain High Level Switch,0.0
Seasonal_Storage_System,2024-08-08T23:18:03.012Z,Water Plant,Drain,Drain High Level Switch,0.0
Seasonal_Storage_System,2024-08-08T23:19:03.025Z,Water Plant,Drain,Drain High Level Switch,0.0
Seasonal_Storage_System,2024-08-08T23:20:03.063Z,Water Plant,Drain,Drain High Level Switch,0.0
Seasonal_Storage_System,2024-08-08T23:21:03.088Z,Water Plant,Drain,Drain High Level Switch,0.0
Seasonal_Storage_System,2024-08-08T23:22:03.122Z,Water Plant,Drain,Drain High Level Switch,0.0
Seasonal_Storage_System,2024-08-08T23:23:03.131Z,Water Plant,Drain,Drain High Level Switch,0.0
Seasonal_Storage_System,2024-08-08T23:24:03.152Z,Water Plant,Drain,Drain High Level Switch,0.0
Seasonal_Storage_System,2024-08-08T23:25:03.167Z,Water Plant,Drain,Drain High Level Switch,0.0
Seasonal_Storage_System,2024-08-08T23:26:03.191Z,Water Plant,Drain,Drain High Level Switch,0.0
Seasonal_Storage_System,2024-08-08T23:27:03.236Z,Water Plant,Drain,Drain High Level Switch,0.0
Seasonal_Storage_System,2024-08-08T23:28:03.234Z,Water Plant,Drain,Drain High Level Switch,0.0
Seasonal_Storage_System,2024-08-08T23:29:03.248Z,Water Plant,Drain,Drain High Level Switch,0.0
Seasonal_Storage_System,2024-08-08T23:30:03.27Z,Water Plant,Drain,Drain High Level Switch,0.0
Seasonal_Storage_System,2024-08-08T23:31:03.303Z,Water Plant,Drain,Drain High Level Switch,0.0
Seasonal_Storage_System,2024-08-08T23:32:03.334Z,Water Plant,Drain,Drain High Level Switch,0.0
Seasonal_Storage_System,2024-08-08T23:33:03.341Z,Water Plant,Drain,Drain High Level Switch,0.0
Seasonal_Storage_System,2024-08-08T23:34:03.354Z,Water Plant,Drain,Drain High Level Switch,0.0
Seasonal_Storage_System,2024-08-08T23:35:03.371Z,Water Plant,Drain,Drain High Level Switch,0.0
Seasonal_Storage_System,2024-08-08T23:36:03.366Z,Water Plant,Drain,Drain High Level Switch,0.0
Seasonal_Storage_System,2024-08-08T23:37:03.369Z,Water Plant,Drain,Drain High Level Switch,0.0
Seasonal_Storage_System,2024-08-08T23:38:03.386Z,Water Plant,Drain,Drain High Level Switch,0.0
Seasonal_Storage_System,2024-08-08T23:39:03.409Z,Water Plant,Drain,Drain High Level Switch,0.0
Seasonal_Storage_System,2024-08-08T23:40:03.432Z,Water Plant,Drain,Drain High Level Switch,0.0
Seasonal_Storage_System,2024-08-08T23:41:03.429Z,Water Plant,Drain,Drain High Level Switch,0.0
Seasonal_Storage_System,2024-08-08T23:42:03.48Z,Water Plant,Drain,Drain High Level Switch,0.0
Seasonal_Storage_System,2024-08-08T23:43:03.423Z,Water Plant,Drain,Drain High Level Switch,0.0
Seasonal_Storage_System,2024-08-08T23:44:03.5Z,Water Plant,Drain,Drain High Level Switch,0.0
Seasonal_Storage_System,2024-08-08T23:45:03.522Z,Water Plant,Drain,Drain High Level Switch,0.0
Seasonal_Storage_System,2024-08-08T23:46:03.545Z,Water Plant,Drain,Drain High Level Switch,0.0
Seasonal_Storage_System,2024-08-08T23:47:03.583Z,Water Plant,Drain,Drain High Level Switch,0.0
Seasonal_Storage_System,2024-08-08T23:48:03.602Z,Water Plant,Drain,Drain High Level Switch,0.0
Seasonal_Storage_System,2024-08-08T23:49:03.616Z,Water Plant,Drain,Drain High Level Switch,0.0
Seasonal_Storage_System,2024-08-08T23:50:03.614Z,Water Plant,Drain,Drain High Level Switch,0.0
Seasonal_Storage_System,2024-08-08T23:51:03.674Z,Water Plant,Drain,Drain High Level Switch,0.0
Seasonal_Storage_System,2024-08-08T23:52:03.692Z,Water Plant,Drain,Drain High Level Switch,0.0
Seasonal_Storage_System,2024-08-08T23:53:03.694Z,Water Plant,Drain,Drain High Level Switch,0.0
Seasonal_Storage_System,2024-08-08T23:54:03.725Z,Water Plant,Drain,Drain High Level Switch,0.0
Seasonal_Storage_System,2024-08-08T23:55:03.739Z,Water Plant,Drain,Drain High Level Switch,0.0
Seasonal_Storage_System,2024-08-08T23:56:03.745Z,Water Plant,Drain,Drain High Level Switch,0.0
Seasonal_Storage_System,2024-08-08T23:57:03.817Z,Water Plant,Drain,Drain High Level Switch,0.0
Seasonal_Storage_System,2024-08-08T23:58:03.808Z,Water Plant,Drain,Drain High Level Switch,0.0
Seasonal_Storage_System,2024-08-08T23:59:03.808Z,Water Plant,Drain,Drain High Level Switch,0.0
Seasonal_Storage_System,2024-08-09T00:00:03.821Z,Water Plant,Drain,Drain High Level Switch,0.0
Seasonal_Storage_System,2024-08-09T00:01:03.89Z,Water Plant,Drain,Drain High Level Switch,0.0
Seasonal_Storage_System,2024-08-09T00:02:03.816Z,Water Plant,Drain,Drain High Level Switch,0.0
Seasonal_Storage_System,2024-08-09T00:03:03.755Z,Water Plant,Drain,Drain High Level Switch,0.0
Seasonal_Storage_System,2024-08-09T00:04:03.756Z,Water Plant,Drain,Drain High Level Switch,0.0
Seasonal_Storage_System,2024-08-09T00:05:03.753Z,Water Plant,Drain,Drain High Level Switch,0.0
Seasonal_Storage_System,2024-08-09T00:06:03.754Z,Water Plant,Drain,Drain High Level Switch,0.0
Seasonal_Storage_System,2024-08-09T00:07:03.753Z,Water Plant,Drain,Drain High Level Switch,0.0
Seasonal_Storage_System,2024-08-09T00:08:03.754Z,Water Plant,Drain,Drain High Level Switch,0.0
Seasonal_Storage_System,2024-08-09T00:09:03.755Z,Water Plant,Drain,Drain High Level Switch,0.0
Seasonal_Storage_System,2024-08-09T00:10:03.753Z,Water Plant,Drain,Drain High Level Switch,0.0
Seasonal_Storage_System,2024-08-09T00:11:03.754Z,Water Plant,Drain,Drain High Level Switch,0.0
Seasonal_Storage_System,2024-08-09T00:12:03.754Z,Water Plant,Drain,Drain High Level Switch,0.0
Seasonal_Storage_System,2024-08-09T00:13:03.754Z,Water Plant,Drain,Drain High Level Switch,0.0
Seasonal_Storage_System,2024-08-09T00:14:03.754Z,Water Plant,Drain,Drain High Level Switch,0.0
Seasonal_Storage_System,2024-08-09T00:15:03.754Z,Water Plant,Drain,Drain High Level Switch,0.0
Seasonal_Storage_System,2024-08-09T00:16:03.754Z,Water Plant,Drain,Drain High Level Switch,0.0
Seasonal_Storage_System,2024-08-09T00:17:03.754Z,Water Plant,Drain,Drain High Level Switch,0.0
Seasonal_Storage_System,2024-08-09T00:18:03.755Z,Water Plant,Drain,Drain High Level Switch,0.0
Seasonal_Storage_System,2024-08-09T00:19:03.826Z,Water Plant,Drain,Drain High Level Switch,0.0
Seasonal_Storage_System,2024-08-09T00:20:03.857Z,Water Plant,Drain,Drain High Level Switch,0.0
Seasonal_Storage_System,2024-08-09T00:21:03.857Z,Water Plant,Drain,Drain High Level Switch,0.0
Seasonal_Storage_System,2024-08-09T00:22:03.92Z,Water Plant,Drain,Drain High Level Switch,0.0
Seasonal_Storage_System,2024-08-09T00:23:03.929Z,Water Plant,Drain,Drain High Level Switch,0.0
Seasonal_Storage_System,2024-08-09T00:24:03.93Z,Water Plant,Drain,Drain High Level Switch,0.0
Seasonal_Storage_System,2024-08-09T00:25:03.954Z,Water Plant,Drain,Drain High Level Switch,0.0
Seasonal_Storage_System,2024-08-09T00:26:04.001Z,Water Plant,Drain,Drain High Level Switch,0.0
Seasonal_Storage_System,2024-08-09T00:27:04.047Z,Water Plant,Drain,Drain High Level Switch,0.0
Seasonal_Storage_System,2024-08-09T00:28:04.07Z,Water Plant,Drain,Drain High Level Switch,0.0
Seasonal_Storage_System,2024-08-09T00:29:04.071Z,Water Plant,Drain,Drain High Level Switch,0.0
Seasonal_Storage_System,2024-08-09T00:30:04.077Z,Water Plant,Drain,Drain High Level Switch,0.0
Seasonal_Storage_System,2024-08-09T00:31:04.249Z,Water Plant,Drain,Drain High Level Switch,0.0
Seasonal_Storage_System,2024-08-09T00:32:04.165Z,Water Plant,Drain,Drain High Level Switch,0.0
Seasonal_Storage_System,2024-08-09T00:33:04.391Z,Water Plant,Drain,Drain High Level Switch,0.0
Seasonal_Storage_System,2024-08-09T00:34:04.318Z,Water Plant,Drain,Drain High Level Switch,0.0
Seasonal_Storage_System,2024-08-09T00:35:04.413Z,Water Plant,Drain,Drain High Level Switch,0.0
Seasonal_Storage_System,2024-08-09T00:36:04.483Z,Water Plant,Drain,Drain High Level Switch,0.0
Seasonal_Storage_System,2024-08-09T00:37:04.412Z,Water Plant,Drain,Drain High Level Switch,0.0
Seasonal_Storage_System,2024-08-09T00:38:04.412Z,Water Plant,Drain,Drain High Level Switch,0.0
Seasonal_Storage_System,2024-08-09T00:39:04.437Z,Water Plant,Drain,Drain High Level Switch,0.0
Seasonal_Storage_System,2024-08-09T00:40:04.724Z,Water Plant,Drain,Drain High Level Switch,0.0
Seasonal_Storage_System,2024-08-09T00:41:04.708Z,Water Plant,Drain,Drain High Level Switch,0.0
Seasonal_Storage_System,2024-08-09T00:42:04.73Z,Water Plant,Drain,Drain High Level Switch,0.0
Seasonal_Storage_System,2024-08-09T00:43:04.743Z,Water Plant,Drain,Drain High Level Switch,0.0
Seasonal_Storage_System,2024-08-09T00:44:04.779Z,Water Plant,Drain,Drain High Level Switch,0.0
Seasonal_Storage_System,2024-08-09T00:45:04.801Z,Water Plant,Drain,Drain High Level Switch,0.0
Seasonal_Storage_System,2024-08-09T00:46:04.825Z,Water Plant,Drain,Drain High Level Switch,0.0
Seasonal_Storage_System,2024-08-09T00:47:04.843Z,Water Plant,Drain,Drain High Level Switch,0.0
Seasonal_Storage_System,2024-08-09T00:48:04.871Z,Water Plant,Drain,Drain High Level Switch,0.0
Seasonal_Storage_System,2024-08-09T00:49:04.872Z,Water Plant,Drain,Drain High Level Switch,0.0
Seasonal_Storage_System,2024-08-09T00:50:04.884Z,Water Plant,Drain,Drain High Level Switch,0.0
Seasonal_Storage_System,2024-08-09T00:51:04.892Z,Water Plant,Drain,Drain High Level Switch,0.0
Seasonal_Storage_System,2024-08-09T00:52:04.89Z,Water Plant,Drain,Drain High Level Switch,0.0
Seasonal_Storage_System,2024-08-09T00:53:04.911Z,Water Plant,Drain,Drain High Level Switch,0.0
Seasonal_Storage_System,2024-08-09T00:54:04.935Z,Water Plant,Drain,Drain High Level Switch,0.0
Seasonal_Storage_System,2024-08-09T00:55:04.929Z,Water Plant,Drain,Drain High Level Switch,0.0
Seasonal_Storage_System,2024-08-09T00:56:04.944Z,Water Plant,Drain,Drain High Level Switch,0.0
Seasonal_Storage_System,2024-08-09T00:57:04.955Z,Water Plant,Drain,Drain High Level Switch,0.0
Seasonal_Storage_System,2024-08-09T00:58:04.951Z,Water Plant,Drain,Drain High Level Switch,0.0
Seasonal_Storage_System,2024-08-09T00:59:04.978Z,Water Plant,Drain,Drain High Level Switch,0.0
Seasonal_Storage_System,2024-08-09T01:00:04.989Z,Water Plant,Drain,Drain High Level Switch,0.0
Seasonal_Storage_System,2024-08-09T01:01:05.005Z,Water Plant,Drain,Drain High Level Switch,0.0
Seasonal_Storage_System,2024-08-09T01:02:05.027Z,Water Plant,Drain,Drain High Level Switch,0.0
Seasonal_Storage_System,2024-08-09T01:03:05.036Z,Water Plant,Drain,Drain High Level Switch,0.0
Seasonal_Storage_System,2024-08-09T01:04:05.041Z,Water Plant,Drain,Drain High Level Switch,0.0
Seasonal_Storage_System,2024-08-09T01:05:05.075Z,Water Plant,Drain,Drain High Level Switch,0.0
Seasonal_Storage_System,2024-08-09T01:06:05.07Z,Water Plant,Drain,Drain High Level Switch,0.0
Seasonal_Storage_System,2024-08-09T01:07:05.103Z,Water Plant,Drain,Drain High Level Switch,0.0
Seasonal_Storage_System,2024-08-09T01:08:05.123Z,Water Plant,Drain,Drain High Level Switch,0.0
Seasonal_Storage_System,2024-08-09T01:09:05.127Z,Water Plant,Drain,Drain High Level Switch,0.0
Seasonal_Storage_System,2024-08-09T01:10:05.15Z,Water Plant,Drain,Drain High Level Switch,0.0
Seasonal_Storage_System,2024-08-09T01:11:05.167Z,Water Plant,Drain,Drain High Level Switch,0.0
Seasonal_Storage_System,2024-08-09T01:12:05.174Z,Water Plant,Drain,Drain High Level Switch,0.0
Seasonal_Storage_System,2024-08-09T01:13:05.184Z,Water Plant,Drain,Drain High Level Switch,0.0
Seasonal_Storage_System,2024-08-09T01:14:05.228Z,Water Plant,Drain,Drain High Level Switch,0.0
Seasonal_Storage_System,2024-08-09T01:15:05.226Z,Water Plant,Drain,Drain High Level Switch,0.0
Seasonal_Storage_System,2024-08-09T01:16:05.235Z,Water Plant,Drain,Drain High Level Switch,0.0
Seasonal_Storage_System,2024-08-09T01:17:05.251Z,Water Plant,Drain,Drain High Level Switch,0.0
Seasonal_Storage_System,2024-08-09T01:18:05.309Z,Water Plant,Drain,Drain High Level Switch,0.0
Seasonal_Storage_System,2024-08-09T01:19:05.332Z,Water Plant,Drain,Drain High Level Switch,0.0
Seasonal_Storage_System,2024-08-09T01:20:05.357Z,Water Plant,Drain,Drain High Level Switch,0.0
Seasonal_Storage_System,2024-08-09T01:21:05.369Z,Water Plant,Drain,Drain High Level Switch,0.0
Seasonal_Storage_System,2024-08-09T01:22:05.377Z,Water Plant,Drain,Drain High Level Switch,0.0
Seasonal_Storage_System,2024-08-09T01:23:05.414Z,Water Plant,Drain,Drain High Level Switch,0.0
Seasonal_Storage_System,2024-08-09T01:24:05.427Z,Water Plant,Drain,Drain High Level Switch,0.0
Seasonal_Storage_System,2024-08-09T01:25:05.44Z,Water Plant,Drain,Drain High Level Switch,0.0
Seasonal_Storage_System,2024-08-09T01:26:05.486Z,Water Plant,Drain,Drain High Level Switch,0.0
Seasonal_Storage_System,2024-08-09T01:27:05.513Z,Water Plant,Drain,Drain High Level Switch,0.0
Seasonal_Storage_System,2024-08-09T01:28:05.534Z,Water Plant,Drain,Drain High Level Switch,0.0
Seasonal_Storage_System,2024-08-09T01:29:05.546Z,Water Plant,Drain,Drain High Level Switch,0.0
Seasonal_Storage_System,2024-08-09T01:30:05.561Z,Water Plant,Drain,Drain High Level Switch,0.0
Seasonal_Storage_System,2024-08-09T01:31:05.618Z,Water Plant,Drain,Drain High Level Switch,0.0
Seasonal_Storage_System,2024-08-09T01:32:05.613Z,Water Plant,Drain,Drain High Level Switch,0.0
Seasonal_Storage_System,2024-08-09T01:33:05.618Z,Water Plant,Drain,Drain High Level Switch,0.0
Seasonal_Storage_System,2024-08-09T01:34:05.65Z,Water Plant,Drain,Drain High Level Switch,0.0
Seasonal_Storage_System,2024-08-09T01:35:05.578Z,Water Plant,Drain,Drain High Level Switch,0.0
Seasonal_Storage_System,2024-08-09T01:36:05.578Z,Water Plant,Drain,Drain High Level Switch,0.0
Seasonal_Storage_System,2024-08-09T01:37:05.658Z,Water Plant,Drain,Drain High Level Switch,0.0
Seasonal_Storage_System,2024-08-09T01:38:05.687Z,Water Plant,Drain,Drain High Level Switch,0.0
Seasonal_Storage_System,2024-08-09T01:39:05.717Z,Water Plant,Drain,Drain High Level Switch,0.0
Seasonal_Storage_System,2024-08-09T01:40:05.762Z,Water Plant,Drain,Drain High Level Switch,0.0
Seasonal_Storage_System,2024-08-09T01:41:05.767Z,Water Plant,Drain,Drain High Level Switch,0.0
Seasonal_Storage_System,2024-08-09T01:42:05.789Z,Water Plant,Drain,Drain High Level Switch,0.0
Seasonal_Storage_System,2024-08-09T01:43:05.777Z,Water Plant,Drain,Drain High Level Switch,0.0
Seasonal_Storage_System,2024-08-09T01:44:05.808Z,Water Plant,Drain,Drain High Level Switch,0.0
Seasonal_Storage_System,2024-08-09T01:45:05.836Z,Water Plant,Drain,Drain High Level Switch,0.0
Seasonal_Storage_System,2024-08-09T01:46:05.864Z,Water Plant,Drain,Drain High Level Switch,0.0
Seasonal_Storage_System,2024-08-09T01:47:05.795Z,Water Plant,Drain,Drain High Level Switch,0.0
Seasonal_Storage_System,2024-08-09T01:48:05.885Z,Water Plant,Drain,Drain High Level Switch,0.0
Seasonal_Storage_System,2024-08-09T01:49:05.893Z,Water Plant,Drain,Drain High Level Switch,0.0
Seasonal_Storage_System,2024-08-09T01:50:05.921Z,Water Plant,Drain,Drain High Level Switch,0.0
Seasonal_Storage_System,2024-08-09T01:51:05.923Z,Water Plant,Drain,Drain High Level Switch,0.0
Seasonal_Storage_System,2024-08-09T01:52:05.945Z,Water Plant,Drain,Drain High Level Switch,0.0
Seasonal_Storage_System,2024-08-09T01:53:06.024Z,Water Plant,Drain,Drain High Level Switch,0.0
Seasonal_Storage_System,2024-08-09T01:54:05.957Z,Water Plant,Drain,Drain High Level Switch,0.0
Seasonal_Storage_System,2024-08-09T01:55:05.953Z,Water Plant,Drain,Drain High Level Switch,0.0
Seasonal_Storage_System,2024-08-09T01:56:05.946Z,Water Plant,Drain,Drain High Level Switch,0.0
Seasonal_Storage_System,2024-08-09T01:57:05.946Z,Water Plant,Drain,Drain High Level Switch,0.0
Seasonal_Storage_System,2024-08-09T01:58:05.95Z,Water Plant,Drain,Drain High Level Switch,0.0
Seasonal_Storage_System,2024-08-09T01:59:05.964Z,Water Plant,Drain,Drain High Level Switch,0.0
Seasonal_Storage_System,2024-08-09T02:00:05.96Z,Water Plant,Drain,Drain High Level Switch,0.0
Seasonal_Storage_System,2024-08-09T02:01:05.961Z,Water Plant,Drain,Drain High Level Switch,0.0
Seasonal_Storage_System,2024-08-09T02:02:05.962Z,Water Plant,Drain,Drain High Level Switch,0.0
Seasonal_Storage_System,2024-08-09T02:03:05.965Z,Water Plant,Drain,Drain High Level Switch,0.0
Seasonal_Storage_System,2024-08-09T02:04:05.977Z,Water Plant,Drain,Drain High Level Switch,0.0
Seasonal_Storage_System,2024-08-09T02:05:06.001Z,Water Plant,Drain,Drain High Level Switch,0.0
Seasonal_Storage_System,2024-08-09T02:06:06.011Z,Water Plant,Drain,Drain High Level Switch,0.0
Seasonal_Storage_System,2024-08-09T02:07:06.03Z,Water Plant,Drain,Drain High Level Switch,0.0
Seasonal_Storage_System,2024-08-09T02:08:06.108Z,Water Plant,Drain,Drain High Level Switch,0.0
Seasonal_Storage_System,2024-08-09T02:09:06.1Z,Water Plant,Drain,Drain High Level Switch,0.0
Seasonal_Storage_System,2024-08-09T02:10:06.088Z,Water Plant,Drain,Drain High Level Switch,0.0
Seasonal_Storage_System,2024-08-09T02:11:06.091Z,Water Plant,Drain,Drain High Level Switch,0.0
Seasonal_Storage_System,2024-08-09T02:12:06.089Z,Water Plant,Drain,Drain High Level Switch,0.0
Seasonal_Storage_System,2024-08-09T02:13:06.089Z,Water Plant,Drain,Drain High Level Switch,0.0
Seasonal_Storage_System,2024-08-09T02:14:06.091Z,Water Plant,Drain,Drain High Level Switch,0.0
Seasonal_Storage_System,2024-08-09T02:15:06.094Z,Water Plant,Drain,Drain High Level Switch,0.0
Seasonal_Storage_System,2024-08-09T02:16:06.124Z,Water Plant,Drain,Drain High Level Switch,0.0
Seasonal_Storage_System,2024-08-09T02:17:06.144Z,Water Plant,Drain,Drain High Level Switch,0.0
Seasonal_Storage_System,2024-08-09T02:18:06.199Z,Water Plant,Drain,Drain High Level Switch,0.0
Seasonal_Storage_System,2024-08-09T02:19:06.209Z,Water Plant,Drain,Drain High Level Switch,0.0
Seasonal_Storage_System,2024-08-09T02:20:06.279Z,Water Plant,Drain,Drain High Level Switch,0.0
Seasonal_Storage_System,2024-08-09T02:21:06.201Z,Water Plant,Drain,Drain High Level Switch,0.0
Seasonal_Storage_System,2024-08-09T02:22:06.205Z,Water Plant,Drain,Drain High Level Switch,0.0
Seasonal_Storage_System,2024-08-09T02:23:06.214Z,Water Plant,Drain,Drain High Level Switch,0.0
Seasonal_Storage_System,2024-08-09T02:24:06.211Z,Water Plant,Drain,Drain High Level Switch,0.0
Seasonal_Storage_System,2024-08-09T02:25:06.205Z,Water Plant,Drain,Drain High Level Switch,0.0
Seasonal_Storage_System,2024-08-09T02:26:06.218Z,Water Plant,Drain,Drain High Level Switch,0.0
Seasonal_Storage_System,2024-08-09T02:27:06.236Z,Water Plant,Drain,Drain High Level Switch,0.0
Seasonal_Storage_System,2024-08-09T02:28:06.259Z,Water Plant,Drain,Drain High Level Switch,0.0
Seasonal_Storage_System,2024-08-09T02:29:06.317Z,Water Plant,Drain,Drain High Level Switch,0.0
Seasonal_Storage_System,2024-08-09T02:30:06.36Z,Water Plant,Drain,Drain High Level Switch,0.0
Seasonal_Storage_System,2024-08-09T02:31:06.373Z,Water Plant,Drain,Drain High Level Switch,0.0
Seasonal_Storage_System,2024-08-09T02:32:06.401Z,Water Plant,Drain,Drain High Level Switch,0.0
Seasonal_Storage_System,2024-08-09T02:33:06.419Z,Water Plant,Drain,Drain High Level Switch,0.0
Seasonal_Storage_System,2024-08-09T02:34:06.438Z,Water Plant,Drain,Drain High Level Switch,0.0
Seasonal_Storage_System,2024-08-09T02:35:06.484Z,Water Plant,Drain,Drain High Level Switch,0.0
Seasonal_Storage_System,2024-08-09T02:36:06.526Z,Water Plant,Drain,Drain High Level Switch,0.0
Seasonal_Storage_System,2024-08-09T02:37:06.585Z,Water Plant,Drain,Drain High Level Switch,0.0
Seasonal_Storage_System,2024-08-09T02:38:06.647Z,Water Plant,Drain,Drain High Level Switch,0.0
Seasonal_Storage_System,2024-08-09T02:39:06.682Z,Water Plant,Drain,Drain High Level Switch,0.0
Seasonal_Storage_System,2024-08-09T02:40:06.73Z,Water Plant,Drain,Drain High Level Switch,0.0
Seasonal_Storage_System,2024-08-09T02:41:06.765Z,Water Plant,Drain,Drain High Level Switch,0.0
Seasonal_Storage_System,2024-08-09T02:42:06.801Z,Water Plant,Drain,Drain High Level Switch,0.0
Seasonal_Storage_System,2024-08-09T02:43:06.816Z,Water Plant,Drain,Drain High Level Switch,0.0
Seasonal_Storage_System,2024-08-09T02:44:06.744Z,Water Plant,Drain,Drain High Level Switch,0.0
Seasonal_Storage_System,2024-08-09T02:45:06.745Z,Water Plant,Drain,Drain High Level Switch,0.0
Seasonal_Storage_System,2024-08-09T02:46:06.746Z,Water Plant,Drain,Drain High Level Switch,0.0
Seasonal_Storage_System,2024-08-09T02:47:06.744Z,Water Plant,Drain,Drain High Level Switch,0.0
Seasonal_Storage_System,2024-08-09T02:48:06.745Z,Water Plant,Drain,Drain High Level Switch,0.0
Seasonal_Storage_System,2024-08-09T02:49:06.744Z,Water Plant,Drain,Drain High Level Switch,0.0
Seasonal_Storage_System,2024-08-09T02:50:06.745Z,Water Plant,Drain,Drain High Level Switch,0.0
Seasonal_Storage_System,2024-08-09T02:51:06.744Z,Water Plant,Drain,Drain High Level Switch,0.0
Seasonal_Storage_System,2024-08-09T02:52:06.746Z,Water Plant,Drain,Drain High Level Switch,0.0
Seasonal_Storage_System,2024-08-09T02:53:06.745Z,Water Plant,Drain,Drain High Level Switch,0.0
Seasonal_Storage_System,2024-08-09T02:54:06.745Z,Water Plant,Drain,Drain High Level Switch,0.0
Seasonal_Storage_System,2024-08-09T02:55:06.745Z,Water Plant,Drain,Drain High Level Switch,0.0
Seasonal_Storage_System,2024-08-09T02:56:06.746Z,Water Plant,Drain,Drain High Level Switch,0.0
Seasonal_Storage_System,2024-08-09T02:57:06.752Z,Water Plant,Drain,Drain High Level Switch,0.0
Seasonal_Storage_System,2024-08-09T02:58:06.753Z,Water Plant,Drain,Drain High Level Switch,0.0
Seasonal_Storage_System,2024-08-09T02:59:06.745Z,Water Plant,Drain,Drain High Level Switch,0.0
Seasonal_Storage_System,2024-08-09T03:00:06.745Z,Water Plant,Drain,Drain High Level Switch,0.0
Seasonal_Storage_System,2024-08-09T03:01:06.745Z,Water Plant,Drain,Drain High Level Switch,0.0
Seasonal_Storage_System,2024-08-09T03:02:06.745Z,Water Plant,Drain,Drain High Level Switch,0.0
Seasonal_Storage_System,2024-08-09T03:03:06.745Z,Water Plant,Drain,Drain High Level Switch,0.0
Seasonal_Storage_System,2024-08-09T03:04:06.744Z,Water Plant,Drain,Drain High Level Switch,0.0
Seasonal_Storage_System,2024-08-09T03:05:06.745Z,Water Plant,Drain,Drain High Level Switch,0.0
Seasonal_Storage_System,2024-08-09T03:06:06.745Z,Water Plant,Drain,Drain High Level Switch,0.0
Seasonal_Storage_System,2024-08-09T03:07:06.745Z,Water Plant,Drain,Drain High Level Switch,0.0
Seasonal_Storage_System,2024-08-09T03:08:06.75Z,Water Plant,Drain,Drain High Level Switch,0.0
Seasonal_Storage_System,2024-08-09T03:09:06.747Z,Water Plant,Drain,Drain High Level Switch,0.0
Seasonal_Storage_System,2024-08-09T03:10:06.748Z,Water Plant,Drain,Drain High Level Switch,0.0
Seasonal_Storage_System,2024-08-09T03:11:06.748Z,Water Plant,Drain,Drain High Level Switch,0.0
Seasonal_Storage_System,2024-08-09T03:12:06.749Z,Water Plant,Drain,Drain High Level Switch,0.0
Seasonal_Storage_System,2024-08-09T03:13:06.749Z,Water Plant,Drain,Drain High Level Switch,0.0
Seasonal_Storage_System,2024-08-09T03:14:06.749Z,Water Plant,Drain,Drain High Level Switch,0.0
Seasonal_Storage_System,2024-08-09T03:15:06.749Z,Water Plant,Drain,Drain High Level Switch,0.0
Seasonal_Storage_System,2024-08-09T03:16:06.749Z,Water Plant,Drain,Drain High Level Switch,0.0
Seasonal_Storage_System,2024-08-09T03:17:06.749Z,Water Plant,Drain,Drain High Level Switch,0.0
Seasonal_Storage_System,2024-08-09T03:18:06.75Z,Water Plant,Drain,Drain High Level Switch,0.0
Seasonal_Storage_System,2024-08-09T03:19:06.751Z,Water Plant,Drain,Drain High Level Switch,0.0
Seasonal_Storage_System,2024-08-09T03:20:06.754Z,Water Plant,Drain,Drain High Level Switch,0.0
Seasonal_Storage_System,2024-08-09T03:21:06.753Z,Water Plant,Drain,Drain High Level Switch,0.0
Seasonal_Storage_System,2024-08-09T03:22:06.753Z,Water Plant,Drain,Drain High Level Switch,0.0
Seasonal_Storage_System,2024-08-09T03:23:06.758Z,Water Plant,Drain,Drain High Level Switch,0.0
Seasonal_Storage_System,2024-08-09T03:24:06.876Z,Water Plant,Drain,Drain High Level Switch,0.0
Seasonal_Storage_System,2024-08-09T03:25:06.89Z,Water Plant,Drain,Drain High Level Switch,0.0
Seasonal_Storage_System,2024-08-09T03:26:06.913Z,Water Plant,Drain,Drain High Level Switch,0.0
Seasonal_Storage_System,2024-08-09T03:27:06.958Z,Water Plant,Drain,Drain High Level Switch,0.0
Seasonal_Storage_System,2024-08-09T03:28:06.97Z,Water Plant,Drain,Drain High Level Switch,0.0
Seasonal_Storage_System,2024-08-09T03:29:07.012Z,Water Plant,Drain,Drain High Level Switch,0.0
Seasonal_Storage_System,2024-08-09T03:30:07.018Z,Water Plant,Drain,Drain High Level Switch,0.0
Seasonal_Storage_System,2024-08-09T03:31:07.022Z,Water Plant,Drain,Drain High Level Switch,0.0
Seasonal_Storage_System,2024-08-09T03:32:07.035Z,Water Plant,Drain,Drain High Level Switch,0.0
Seasonal_Storage_System,2024-08-09T03:33:07.077Z,Water Plant,Drain,Drain High Level Switch,0.0
Seasonal_Storage_System,2024-08-09T03:34:07.091Z,Water Plant,Drain,Drain High Level Switch,0.0
Seasonal_Storage_System,2024-08-09T03:35:07.104Z,Water Plant,Drain,Drain High Level Switch,0.0
Seasonal_Storage_System,2024-08-09T03:36:07.114Z,Water Plant,Drain,Drain High Level Switch,0.0
Seasonal_Storage_System,2024-08-09T03:37:07.157Z,Water Plant,Drain,Drain High Level Switch,0.0
Seasonal_Storage_System,2024-08-09T03:38:07.159Z,Water Plant,Drain,Drain High Level Switch,0.0
Seasonal_Storage_System,2024-08-09T03:39:07.177Z,Water Plant,Drain,Drain High Level Switch,0.0
Seasonal_Storage_System,2024-08-09T03:40:07.191Z,Water Plant,Drain,Drain High Level Switch,0.0
Seasonal_Storage_System,2024-08-09T03:41:07.229Z,Water Plant,Drain,Drain High Level Switch,0.0
Seasonal_Storage_System,2024-08-09T03:42:07.221Z,Water Plant,Drain,Drain High Level Switch,0.0
Seasonal_Storage_System,2024-08-09T03:43:07.223Z,Water Plant,Drain,Drain High Level Switch,0.0
Seasonal_Storage_System,2024-08-09T03:44:07.25Z,Water Plant,Drain,Drain High Level Switch,0.0
Seasonal_Storage_System,2024-08-09T03:45:07.281Z,Water Plant,Drain,Drain High Level Switch,0.0
Seasonal_Storage_System,2024-08-09T03:46:07.299Z,Water Plant,Drain,Drain High Level Switch,0.0
Seasonal_Storage_System,2024-08-09T03:47:07.297Z,Water Plant,Drain,Drain High Level Switch,0.0
Seasonal_Storage_System,2024-08-09T03:48:07.346Z,Water Plant,Drain,Drain High Level Switch,0.0
Seasonal_Storage_System,2024-08-09T03:49:07.357Z,Water Plant,Drain,Drain High Level Switch,0.0
Seasonal_Storage_System,2024-08-09T03:50:07.354Z,Water Plant,Drain,Drain High Level Switch,0.0
Seasonal_Storage_System,2024-08-09T03:51:07.408Z,Water Plant,Drain,Drain High Level Switch,0.0
Seasonal_Storage_System,2024-08-09T03:52:07.4Z,Water Plant,Drain,Drain High Level Switch,0.0
Seasonal_Storage_System,2024-08-09T03:53:07.405Z,Water Plant,Drain,Drain High Level Switch,0.0
Seasonal_Storage_System,2024-08-09T03:54:07.405Z,Water Plant,Drain,Drain High Level Switch,0.0
Seasonal_Storage_System,2024-08-09T03:55:07.404Z,Water Plant,Drain,Drain High Level Switch,0.0
Seasonal_Storage_System,2024-08-09T03:56:07.422Z,Water Plant,Drain,Drain High Level Switch,0.0
Seasonal_Storage_System,2024-08-09T03:57:07.466Z,Water Plant,Drain,Drain High Level Switch,0.0
Seasonal_Storage_System,2024-08-09T03:58:07.452Z,Water Plant,Drain,Drain High Level Switch,0.0
Seasonal_Storage_System,2024-08-09T03:59:07.471Z,Water Plant,Drain,Drain High Level Switch,0.0
Seasonal_Storage_System,2024-08-09T04:00:07.466Z,Water Plant,Drain,Drain High Level Switch,0.0
Seasonal_Storage_System,2024-08-09T04:01:07.482Z,Water Plant,Drain,Drain High Level Switch,0.0
Seasonal_Storage_System,2024-08-09T04:02:07.48Z,Water Plant,Drain,Drain High Level Switch,0.0
Seasonal_Storage_System,2024-08-09T04:03:07.516Z,Water Plant,Drain,Drain High Level Switch,0.0
Seasonal_Storage_System,2024-08-09T04:04:07.53Z,Water Plant,Drain,Drain High Level Switch,0.0
Seasonal_Storage_System,2024-08-09T04:05:07.574Z,Water Plant,Drain,Drain High Level Switch,0.0
Seasonal_Storage_System,2024-08-09T04:06:07.581Z,Water Plant,Drain,Drain High Level Switch,0.0
Seasonal_Storage_System,2024-08-09T04:07:07.631Z,Water Plant,Drain,Drain High Level Switch,0.0
Seasonal_Storage_System,2024-08-09T04:08:07.651Z,Water Plant,Drain,Drain High Level Switch,0.0
Seasonal_Storage_System,2024-08-09T04:09:07.67Z,Water Plant,Drain,Drain High Level Switch,0.0
Seasonal_Storage_System,2024-08-09T04:10:07.683Z,Water Plant,Drain,Drain High Level Switch,0.0
Seasonal_Storage_System,2024-08-09T04:11:07.705Z,Water Plant,Drain,Drain High Level Switch,0.0
Seasonal_Storage_System,2024-08-09T04:12:07.727Z,Water Plant,Drain,Drain High Level Switch,0.0
Seasonal_Storage_System,2024-08-09T04:13:07.73Z,Water Plant,Drain,Drain High Level Switch,0.0
Seasonal_Storage_System,2024-08-09T04:14:07.745Z,Water Plant,Drain,Drain High Level Switch,0.0
Seasonal_Storage_System,2024-08-09T04:15:07.767Z,Water Plant,Drain,Drain High Level Switch,0.0
Seasonal_Storage_System,2024-08-09T04:16:07.837Z,Water Plant,Drain,Drain High Level Switch,0.0
Seasonal_Storage_System,2024-08-09T04:17:07.698Z,Water Plant,Drain,Drain High Level Switch,0.0
Seasonal_Storage_System,2024-08-09T04:18:07.697Z,Water Plant,Drain,Drain High Level Switch,0.0
Seasonal_Storage_System,2024-08-09T04:19:07.696Z,Water Plant,Drain,Drain High Level Switch,0.0
Seasonal_Storage_System,2024-08-09T04:20:07.697Z,Water Plant,Drain,Drain High Level Switch,0.0
Seasonal_Storage_System,2024-08-09T04:21:07.697Z,Water Plant,Drain,Drain High Level Switch,0.0
Seasonal_Storage_System,2024-08-09T04:22:07.699Z,Water Plant,Drain,Drain High Level Switch,0.0
Seasonal_Storage_System,2024-08-09T04:23:07.699Z,Water Plant,Drain,Drain High Level Switch,0.0
Seasonal_Storage_System,2024-08-09T04:24:07.698Z,Water Plant,Drain,Drain High Level Switch,0.0
Seasonal_Storage_System,2024-08-09T04:25:07.697Z,Water Plant,Drain,Drain High Level Switch,0.0
Seasonal_Storage_System,2024-08-09T04:26:07.697Z,Water Plant,Drain,Drain High Level Switch,0.0
Seasonal_Storage_System,2024-08-09T04:27:07.697Z,Water Plant,Drain,Drain High Level Switch,0.0
Seasonal_Storage_System,2024-08-09T04:28:07.769Z,Water Plant,Drain,Drain High Level Switch,0.0
Seasonal_Storage_System,2024-08-09T04:29:07.777Z,Water Plant,Drain,Drain High Level Switch,0.0
Seasonal_Storage_System,2024-08-09T04:30:07.771Z,Water Plant,Drain,Drain High Level Switch,0.0
Seasonal_Storage_System,2024-08-09T04:31:07.771Z,Water Plant,Drain,Drain High Level Switch,0.0
Seasonal_Storage_System,2024-08-09T04:32:07.77Z,Water Plant,Drain,Drain High Level Switch,0.0
Seasonal_Storage_System,2024-08-09T04:33:07.766Z,Water Plant,Drain,Drain High Level Switch,0.0
Seasonal_Storage_System,2024-08-09T04:34:07.701Z,Water Plant,Drain,Drain High Level Switch,0.0
Seasonal_Storage_System,2024-08-09T04:35:07.705Z,Water Plant,Drain,Drain High Level Switch,0.0
Seasonal_Storage_System,2024-08-09T04:36:07.703Z,Water Plant,Drain,Drain High Level Switch,0.0
Seasonal_Storage_System,2024-08-09T04:37:07.703Z,Water Plant,Drain,Drain High Level Switch,0.0
Seasonal_Storage_System,2024-08-09T04:38:07.702Z,Water Plant,Drain,Drain High Level Switch,0.0
Seasonal_Storage_System,2024-08-09T04:39:07.703Z,Water Plant,Drain,Drain High Level Switch,0.0
Seasonal_Storage_System,2024-08-09T04:40:07.703Z,Water Plant,Drain,Drain High Level Switch,0.0
Seasonal_Storage_System,2024-08-09T04:41:07.702Z,Water Plant,Drain,Drain High Level Switch,0.0
Seasonal_Storage_System,2024-08-09T04:42:07.703Z,Water Plant,Drain,Drain High Level Switch,0.0
Seasonal_Storage_System,2024-08-09T04:43:07.702Z,Water Plant,Drain,Drain High Level Switch,0.0
Seasonal_Storage_System,2024-08-09T04:44:07.791Z,Water Plant,Drain,Drain High Level Switch,0.0
Seasonal_Storage_System,2024-08-09T04:45:07.796Z,Water Plant,Drain,Drain High Level Switch,0.0
Seasonal_Storage_System,2024-08-09T04:46:07.844Z,Water Plant,Drain,Drain High Level Switch,0.0
Seasonal_Storage_System,2024-08-09T04:47:07.843Z,Water Plant,Drain,Drain High Level Switch,0.0
Seasonal_Storage_System,2024-08-09T04:48:07.855Z,Water Plant,Drain,Drain High Level Switch,0.0
Seasonal_Storage_System,2024-08-09T04:49:07.896Z,Water Plant,Drain,Drain High Level Switch,0.0
Seasonal_Storage_System,2024-08-09T04:50:07.922Z,Water Plant,Drain,Drain High Level Switch,0.0
Seasonal_Storage_System,2024-08-09T04:51:07.932Z,Water Plant,Drain,Drain High Level Switch,0.0
Seasonal_Storage_System,2024-08-09T04:52:07.945Z,Water Plant,Drain,Drain High Level Switch,0.0
Seasonal_Storage_System,2024-08-09T04:53:07.965Z,Water Plant,Drain,Drain High Level Switch,0.0
Seasonal_Storage_System,2024-08-09T04:54:07.989Z,Water Plant,Drain,Drain High Level Switch,0.0
Seasonal_Storage_System,2024-08-09T04:55:08.055Z,Water Plant,Drain,Drain High Level Switch,0.0
Seasonal_Storage_System,2024-08-09T04:56:08.065Z,Water Plant,Drain,Drain High Level Switch,0.0
Seasonal_Storage_System,2024-08-09T04:57:08.123Z,Water Plant,Drain,Drain High Level Switch,0.0
Seasonal_Storage_System,2024-08-09T04:58:08.14Z,Water Plant,Drain,Drain High Level Switch,0.0
Seasonal_Storage_System,2024-08-09T04:59:08.166Z,Water Plant,Drain,Drain High Level Switch,0.0
Seasonal_Storage_System,2024-08-09T05:00:08.173Z,Water Plant,Drain,Drain High Level Switch,0.0
Seasonal_Storage_System,2024-08-09T05:01:08.202Z,Water Plant,Drain,Drain High Level Switch,0.0
Seasonal_Storage_System,2024-08-09T05:02:08.212Z,Water Plant,Drain,Drain High Level Switch,0.0
Seasonal_Storage_System,2024-08-09T05:03:08.222Z,Water Plant,Drain,Drain High Level Switch,0.0
Seasonal_Storage_System,2024-08-09T05:04:08.256Z,Water Plant,Drain,Drain High Level Switch,0.0
Seasonal_Storage_System,2024-08-09T05:05:08.257Z,Water Plant,Drain,Drain High Level Switch,0.0
Seasonal_Storage_System,2024-08-09T05:06:08.262Z,Water Plant,Drain,Drain High Level Switch,0.0
Seasonal_Storage_System,2024-08-09T05:07:08.274Z,Water Plant,Drain,Drain High Level Switch,0.0
Seasonal_Storage_System,2024-08-09T05:08:08.29Z,Water Plant,Drain,Drain High Level Switch,0.0
Seasonal_Storage_System,2024-08-09T05:09:08.304Z,Water Plant,Drain,Drain High Level Switch,0.0
Seasonal_Storage_System,2024-08-09T05:10:08.311Z,Water Plant,Drain,Drain High Level Switch,0.0
Seasonal_Storage_System,2024-08-09T05:11:08.321Z,Water Plant,Drain,Drain High Level Switch,0.0
Seasonal_Storage_System,2024-08-09T05:12:08.344Z,Water Plant,Drain,Drain High Level Switch,0.0
Seasonal_Storage_System,2024-08-09T05:13:08.36Z,Water Plant,Drain,Drain High Level Switch,0.0
Seasonal_Storage_System,2024-08-09T05:14:08.357Z,Water Plant,Drain,Drain High Level Switch,0.0
Seasonal_Storage_System,2024-08-09T05:15:08.364Z,Water Plant,Drain,Drain High Level Switch,0.0
Seasonal_Storage_System,2024-08-09T05:16:08.372Z,Water Plant,Drain,Drain High Level Switch,0.0
Seasonal_Storage_System,2024-08-09T05:17:08.387Z,Water Plant,Drain,Drain High Level Switch,0.0
Seasonal_Storage_System,2024-08-09T05:18:08.415Z,Water Plant,Drain,Drain High Level Switch,0.0
Seasonal_Storage_System,2024-08-09T05:19:08.431Z,Water Plant,Drain,Drain High Level Switch,0.0
Seasonal_Storage_System,2024-08-09T05:20:08.444Z,Water Plant,Drain,Drain High Level Switch,0.0
Seasonal_Storage_System,2024-08-09T05:21:08.5Z,Water Plant,Drain,Drain High Level Switch,0.0
Seasonal_Storage_System,2024-08-09T05:22:08.516Z,Water Plant,Drain,Drain High Level Switch,0.0
Seasonal_Storage_System,2024-08-09T05:23:08.56Z,Water Plant,Drain,Drain High Level Switch,0.0
Seasonal_Storage_System,2024-08-09T05:24:08.574Z,Water Plant,Drain,Drain High Level Switch,0.0
Seasonal_Storage_System,2024-08-09T05:25:08.605Z,Water Plant,Drain,Drain High Level Switch,0.0
Seasonal_Storage_System,2024-08-09T05:26:08.605Z,Water Plant,Drain,Drain High Level Switch,0.0
Seasonal_Storage_System,2024-08-09T05:27:08.655Z,Water Plant,Drain,Drain High Level Switch,0.0
Seasonal_Storage_System,2024-08-09T05:28:08.664Z,Water Plant,Drain,Drain High Level Switch,0.0
Seasonal_Storage_System,2024-08-09T05:29:08.678Z,Water Plant,Drain,Drain High Level Switch,0.0
Seasonal_Storage_System,2024-08-09T05:30:08.684Z,Water Plant,Drain,Drain High Level Switch,0.0
Seasonal_Storage_System,2024-08-09T05:31:08.736Z,Water Plant,Drain,Drain High Level Switch,0.0
Seasonal_Storage_System,2024-08-09T05:32:08.763Z,Water Plant,Drain,Drain High Level Switch,0.0
Seasonal_Storage_System,2024-08-09T05:33:08.789Z,Water Plant,Drain,Drain High Level Switch,0.0
Seasonal_Storage_System,2024-08-09T05:34:08.804Z,Water Plant,Drain,Drain High Level Switch,0.0
Seasonal_Storage_System,2024-08-09T05:35:08.821Z,Water Plant,Drain,Drain High Level Switch,0.0
Seasonal_Storage_System,2024-08-09T05:36:08.825Z,Water Plant,Drain,Drain High Level Switch,0.0
Seasonal_Storage_System,2024-08-09T05:37:08.847Z,Water Plant,Drain,Drain High Level Switch,0.0
Seasonal_Storage_System,2024-08-09T05:38:08.871Z,Water Plant,Drain,Drain High Level Switch,0.0
Seasonal_Storage_System,2024-08-09T05:39:08.877Z,Water Plant,Drain,Drain High Level Switch,0.0
Seasonal_Storage_System,2024-08-09T05:40:08.906Z,Water Plant,Drain,Drain High Level Switch,0.0
Seasonal_Storage_System,2024-08-09T05:41:08.918Z,Water Plant,Drain,Drain High Level Switch,0.0
Seasonal_Storage_System,2024-08-09T05:42:08.925Z,Water Plant,Drain,Drain High Level Switch,0.0
Seasonal_Storage_System,2024-08-09T05:43:08.931Z,Water Plant,Drain,Drain High Level Switch,0.0
Seasonal_Storage_System,2024-08-09T05:44:08.971Z,Water Plant,Drain,Drain High Level Switch,0.0
Seasonal_Storage_System,2024-08-09T05:45:08.993Z,Water Plant,Drain,Drain High Level Switch,0.0
Seasonal_Storage_System,2024-08-09T05:46:08.989Z,Water Plant,Drain,Drain High Level Switch,0.0
Seasonal_Storage_System,2024-08-09T05:47:09.009Z,Water Plant,Drain,Drain High Level Switch,0.0
Seasonal_Storage_System,2024-08-09T05:48:09.02Z,Water Plant,Drain,Drain High Level Switch,0.0
Seasonal_Storage_System,2024-08-09T05:49:09.064Z,Water Plant,Drain,Drain High Level Switch,0.0
Seasonal_Storage_System,2024-08-09T05:50:09.07Z,Water Plant,Drain,Drain High Level Switch,0.0
Seasonal_Storage_System,2024-08-09T05:51:09.133Z,Water Plant,Drain,Drain High Level Switch,0.0
Seasonal_Storage_System,2024-08-09T05:52:09.148Z,Water Plant,Drain,Drain High Level Switch,0.0
Seasonal_Storage_System,2024-08-09T05:53:09.159Z,Water Plant,Drain,Drain High Level Switch,0.0
Seasonal_Storage_System,2024-08-09T05:54:09.176Z,Water Plant,Drain,Drain High Level Switch,0.0
Seasonal_Storage_System,2024-08-09T05:55:09.177Z,Water Plant,Drain,Drain High Level Switch,0.0
Seasonal_Storage_System,2024-08-09T05:56:09.208Z,Water Plant,Drain,Drain High Level Switch,0.0
Seasonal_Storage_System,2024-08-09T05:57:09.214Z,Water Plant,Drain,Drain High Level Switch,0.0
Seasonal_Storage_System,2024-08-09T05:58:09.245Z,Water Plant,Drain,Drain High Level Switch,0.0
Seasonal_Storage_System,2024-08-09T05:59:09.266Z,Water Plant,Drain,Drain High Level Switch,0.0
Seasonal_Storage_System,2024-08-09T06:00:09.276Z,Water Plant,Drain,Drain High Level Switch,0.0
Seasonal_Storage_System,2024-08-09T06:01:09.3Z,Water Plant,Drain,Drain High Level Switch,0.0
Seasonal_Storage_System,2024-08-09T06:02:09.34Z,Water Plant,Drain,Drain High Level Switch,0.0
Seasonal_Storage_System,2024-08-09T06:03:09.365Z,Water Plant,Drain,Drain High Level Switch,0.0
Seasonal_Storage_System,2024-08-09T06:04:09.384Z,Water Plant,Drain,Drain High Level Switch,0.0
Seasonal_Storage_System,2024-08-09T06:05:09.378Z,Water Plant,Drain,Drain High Level Switch,0.0
Seasonal_Storage_System,2024-08-09T06:06:09.413Z,Water Plant,Drain,Drain High Level Switch,0.0
Seasonal_Storage_System,2024-08-09T06:07:09.413Z,Water Plant,Drain,Drain High Level Switch,0.0
Seasonal_Storage_System,2024-08-09T06:08:09.43Z,Water Plant,Drain,Drain High Level Switch,0.0
Seasonal_Storage_System,2024-08-09T06:09:09.444Z,Water Plant,Drain,Drain High Level Switch,0.0
Seasonal_Storage_System,2024-08-09T06:10:09.469Z,Water Plant,Drain,Drain High Level Switch,0.0
Seasonal_Storage_System,2024-08-09T06:11:09.463Z,Water Plant,Drain,Drain High Level Switch,0.0
Seasonal_Storage_System,2024-08-09T06:12:09.509Z,Water Plant,Drain,Drain High Level Switch,0.0
Seasonal_Storage_System,2024-08-09T06:13:09.511Z,Water Plant,Drain,Drain High Level Switch,0.0
Seasonal_Storage_System,2024-08-09T06:14:09.528Z,Water Plant,Drain,Drain High Level Switch,0.0
Seasonal_Storage_System,2024-08-09T06:15:09.543Z,Water Plant,Drain,Drain High Level Switch,0.0
Seasonal_Storage_System,2024-08-09T06:16:09.609Z,Water Plant,Drain,Drain High Level Switch,0.0
Seasonal_Storage_System,2024-08-09T06:17:09.545Z,Water Plant,Drain,Drain High Level Switch,0.0
Seasonal_Storage_System,2024-08-09T06:18:09.558Z,Water Plant,Drain,Drain High Level Switch,0.0
Seasonal_Storage_System,2024-08-09T06:19:09.538Z,Water Plant,Drain,Drain High Level Switch,0.0
Seasonal_Storage_System,2024-08-09T06:20:09.545Z,Water Plant,Drain,Drain High Level Switch,0.0
Seasonal_Storage_System,2024-08-09T06:21:09.546Z,Water Plant,Drain,Drain High Level Switch,0.0
Seasonal_Storage_System,2024-08-09T06:22:09.552Z,Water Plant,Drain,Drain High Level Switch,0.0
Seasonal_Storage_System,2024-08-09T06:23:09.548Z,Water Plant,Drain,Drain High Level Switch,0.0
Seasonal_Storage_System,2024-08-09T06:24:09.543Z,Water Plant,Drain,Drain High Level Switch,0.0
Seasonal_Storage_System,2024-08-09T06:25:09.555Z,Water Plant,Drain,Drain High Level Switch,0.0
Seasonal_Storage_System,2024-08-09T06:26:09.557Z,Water Plant,Drain,Drain High Level Switch,0.0
Seasonal_Storage_System,2024-08-09T06:27:09.544Z,Water Plant,Drain,Drain High Level Switch,0.0
Seasonal_Storage_System,2024-08-09T06:28:09.546Z,Water Plant,Drain,Drain High Level Switch,0.0
Seasonal_Storage_System,2024-08-09T06:29:09.552Z,Water Plant,Drain,Drain High Level Switch,0.0
Seasonal_Storage_System,2024-08-09T06:30:09.545Z,Water Plant,Drain,Drain High Level Switch,0.0
Seasonal_Storage_System,2024-08-09T06:31:09.544Z,Water Plant,Drain,Drain High Level Switch,0.0
Seasonal_Storage_System,2024-08-09T06:32:09.481Z,Water Plant,Drain,Drain High Level Switch,0.0
Seasonal_Storage_System,2024-08-09T06:33:09.481Z,Water Plant,Drain,Drain High Level Switch,0.0
Seasonal_Storage_System,2024-08-09T06:34:09.481Z,Water Plant,Drain,Drain High Level Switch,0.0
Seasonal_Storage_System,2024-08-09T06:35:09.48Z,Water Plant,Drain,Drain High Level Switch,0.0
Seasonal_Storage_System,2024-08-09T06:36:09.551Z,Water Plant,Drain,Drain High Level Switch,0.0
Seasonal_Storage_System,2024-08-09T06:37:09.548Z,Water Plant,Drain,Drain High Level Switch,0.0
Seasonal_Storage_System,2024-08-09T06:38:09.481Z,Water Plant,Drain,Drain High Level Switch,0.0
Seasonal_Storage_System,2024-08-09T06:39:09.481Z,Water Plant,Drain,Drain High Level Switch,0.0
Seasonal_Storage_System,2024-08-09T06:40:09.483Z,Water Plant,Drain,Drain High Level Switch,0.0
Seasonal_Storage_System,2024-08-09T06:41:09.576Z,Water Plant,Drain,Drain High Level Switch,0.0
Seasonal_Storage_System,2024-08-09T06:42:09.606Z,Water Plant,Drain,Drain High Level Switch,0.0
Seasonal_Storage_System,2024-08-09T06:43:09.612Z,Water Plant,Drain,Drain High Level Switch,0.0
Seasonal_Storage_System,2024-08-09T06:44:09.61Z,Water Plant,Drain,Drain High Level Switch,0.0
Seasonal_Storage_System,2024-08-09T06:45:09.662Z,Water Plant,Drain,Drain High Level Switch,0.0
Seasonal_Storage_System,2024-08-09T06:46:09.676Z,Water Plant,Drain,Drain High Level Switch,0.0
Seasonal_Storage_System,2024-08-09T06:47:09.709Z,Water Plant,Drain,Drain High Level Switch,0.0
Seasonal_Storage_System,2024-08-09T06:48:09.716Z,Water Plant,Drain,Drain High Level Switch,0.0
Seasonal_Storage_System,2024-08-09T06:49:09.724Z,Water Plant,Drain,Drain High Level Switch,0.0
Seasonal_Storage_System,2024-08-09T06:50:09.761Z,Water Plant,Drain,Drain High Level Switch,0.0
Seasonal_Storage_System,2024-08-09T06:51:09.765Z,Water Plant,Drain,Drain High Level Switch,0.0
Seasonal_Storage_System,2024-08-09T06:52:09.802Z,Water Plant,Drain,Drain High Level Switch,0.0
Seasonal_Storage_System,2024-08-09T06:53:09.812Z,Water Plant,Drain,Drain High Level Switch,0.0
Seasonal_Storage_System,2024-08-09T06:54:09.814Z,Water Plant,Drain,Drain High Level Switch,0.0
Seasonal_Storage_System,2024-08-09T06:55:09.814Z,Water Plant,Drain,Drain High Level Switch,0.0
Seasonal_Storage_System,2024-08-09T06:56:09.815Z,Water Plant,Drain,Drain High Level Switch,0.0
Seasonal_Storage_System,2024-08-09T06:57:09.809Z,Water Plant,Drain,Drain High Level Switch,0.0
Seasonal_Storage_System,2024-08-09T06:58:10.038Z,Water Plant,Drain,Drain High Level Switch,0.0
Seasonal_Storage_System,2024-08-09T06:59:09.81Z,Water Plant,Drain,Drain High Level Switch,0.0
Seasonal_Storage_System,2024-08-09T07:00:09.81Z,Water Plant,Drain,Drain High Level Switch,0.0
Seasonal_Storage_System,2024-08-09T07:01:09.748Z,Water Plant,Drain,Drain High Level Switch,0.0
Seasonal_Storage_System,2024-08-09T07:02:09.748Z,Water Plant,Drain,Drain High Level Switch,0.0
Seasonal_Storage_System,2024-08-09T07:03:09.748Z,Water Plant,Drain,Drain High Level Switch,0.0
Seasonal_Storage_System,2024-08-09T07:04:09.748Z,Water Plant,Drain,Drain High Level Switch,0.0
Seasonal_Storage_System,2024-08-09T07:05:09.749Z,Water Plant,Drain,Drain High Level Switch,0.0
Seasonal_Storage_System,2024-08-09T07:06:09.752Z,Water Plant,Drain,Drain High Level Switch,0.0
Seasonal_Storage_System,2024-08-09T07:07:09.756Z,Water Plant,Drain,Drain High Level Switch,0.0
Seasonal_Storage_System,2024-08-09T07:08:09.842Z,Water Plant,Drain,Drain High Level Switch,0.0
Seasonal_Storage_System,2024-08-09T07:09:09.826Z,Water Plant,Drain,Drain High Level Switch,0.0
Seasonal_Storage_System,2024-08-09T07:10:09.759Z,Water Plant,Drain,Drain High Level Switch,0.0
Seasonal_Storage_System,2024-08-09T07:11:09.759Z,Water Plant,Drain,Drain High Level Switch,0.0
Seasonal_Storage_System,2024-08-09T07:12:09.759Z,Water Plant,Drain,Drain High Level Switch,0.0
Seasonal_Storage_System,2024-08-09T07:13:09.836Z,Water Plant,Drain,Drain High Level Switch,0.0
Seasonal_Storage_System,2024-08-09T07:14:09.844Z,Water Plant,Drain,Drain High Level Switch,0.0
Seasonal_Storage_System,2024-08-09T07:15:09.85Z,Water Plant,Drain,Drain High Level Switch,0.0
Seasonal_Storage_System,2024-08-09T07:16:09.862Z,Water Plant,Drain,Drain High Level Switch,0.0
Seasonal_Storage_System,2024-08-09T07:17:09.867Z,Water Plant,Drain,Drain High Level Switch,0.0
Seasonal_Storage_System,2024-08-09T07:18:09.875Z,Water Plant,Drain,Drain High Level Switch,0.0
Seasonal_Storage_System,2024-08-09T07:19:09.935Z,Water Plant,Drain,Drain High Level Switch,0.0
Seasonal_Storage_System,2024-08-09T07:20:09.979Z,Water Plant,Drain,Drain High Level Switch,0.0
Seasonal_Storage_System,2024-08-09T07:21:09.917Z,Water Plant,Drain,Drain High Level Switch,0.0
Seasonal_Storage_System,2024-08-09T07:22:09.917Z,Water Plant,Drain,Drain High Level Switch,0.0
Seasonal_Storage_System,2024-08-09T07:23:09.985Z,Water Plant,Drain,Drain High Level Switch,0.0
Seasonal_Storage_System,2024-08-09T07:24:09.988Z,Water Plant,Drain,Drain High Level Switch,0.0
Seasonal_Storage_System,2024-08-09T07:25:09.993Z,Water Plant,Drain,Drain High Level Switch,0.0
Seasonal_Storage_System,2024-08-09T07:26:09.986Z,Water Plant,Drain,Drain High Level Switch,0.0
Seasonal_Storage_System,2024-08-09T07:27:09.986Z,Water Plant,Drain,Drain High Level Switch,0.0
Seasonal_Storage_System,2024-08-09T07:28:09.918Z,Water Plant,Drain,Drain High Level Switch,0.0
Seasonal_Storage_System,2024-08-09T07:29:09.918Z,Water Plant,Drain,Drain High Level Switch,0.0
Seasonal_Storage_System,2024-08-09T07:30:09.918Z,Water Plant,Drain,Drain High Level Switch,0.0
Seasonal_Storage_System,2024-08-09T07:31:09.996Z,Water Plant,Drain,Drain High Level Switch,0.0
Seasonal_Storage_System,2024-08-09T07:32:09.99Z,Water Plant,Drain,Drain High Level Switch,0.0
Seasonal_Storage_System,2024-08-09T07:33:09.989Z,Water Plant,Drain,Drain High Level Switch,0.0
Seasonal_Storage_System,2024-08-09T07:34:09.984Z,Water Plant,Drain,Drain High Level Switch,0.0
Seasonal_Storage_System,2024-08-09T07:35:10.021Z,Water Plant,Drain,Drain High Level Switch,0.0
Seasonal_Storage_System,2024-08-09T07:36:09.991Z,Water Plant,Drain,Drain High Level Switch,0.0
Seasonal_Storage_System,2024-08-09T07:37:09.985Z,Water Plant,Drain,Drain High Level Switch,0.0
Seasonal_Storage_System,2024-08-09T07:38:09.923Z,Water Plant,Drain,Drain High Level Switch,0.0
Seasonal_Storage_System,2024-08-09T07:39:09.922Z,Water Plant,Drain,Drain High Level Switch,0.0
Seasonal_Storage_System,2024-08-09T07:40:09.923Z,Water Plant,Drain,Drain High Level Switch,0.0
Seasonal_Storage_System,2024-08-09T07:41:09.922Z,Water Plant,Drain,Drain High Level Switch,0.0
Seasonal_Storage_System,2024-08-09T07:42:09.922Z,Water Plant,Drain,Drain High Level Switch,0.0
Seasonal_Storage_System,2024-08-09T07:43:09.922Z,Water Plant,Drain,Drain High Level Switch,0.0
Seasonal_Storage_System,2024-08-09T07:44:09.923Z,Water Plant,Drain,Drain High Level Switch,0.0
Seasonal_Storage_System,2024-08-09T07:45:10.049Z,Water Plant,Drain,Drain High Level Switch,0.0
Seasonal_Storage_System,2024-08-09T07:46:10.102Z,Water Plant,Drain,Drain High Level Switch,0.0
Seasonal_Storage_System,2024-08-09T07:47:10.119Z,Water Plant,Drain,Drain High Level Switch,0.0
Seasonal_Storage_System,2024-08-09T07:48:10.125Z,Water Plant,Drain,Drain High Level Switch,0.0
Seasonal_Storage_System,2024-08-09T07:49:10.148Z,Water Plant,Drain,Drain High Level Switch,0.0
Seasonal_Storage_System,2024-08-09T07:50:10.16Z,Water Plant,Drain,Drain High Level Switch,0.0
Seasonal_Storage_System,2024-08-09T07:51:10.157Z,Water Plant,Drain,Drain High Level Switch,0.0
Seasonal_Storage_System,2024-08-09T07:52:10.165Z,Water Plant,Drain,Drain High Level Switch,0.0
Seasonal_Storage_System,2024-08-09T07:53:10.188Z,Water Plant,Drain,Drain High Level Switch,0.0
Seasonal_Storage_System,2024-08-09T07:54:10.219Z,Water Plant,Drain,Drain High Level Switch,0.0
Seasonal_Storage_System,2024-08-09T07:55:10.251Z,Water Plant,Drain,Drain High Level Switch,0.0
Seasonal_Storage_System,2024-08-09T07:56:10.267Z,Water Plant,Drain,Drain High Level Switch,0.0
Seasonal_Storage_System,2024-08-09T07:57:10.269Z,Water Plant,Drain,Drain High Level Switch,0.0
Seasonal_Storage_System,2024-08-09T07:58:10.277Z,Water Plant,Drain,Drain High Level Switch,0.0
Seasonal_Storage_System,2024-08-09T07:59:10.307Z,Water Plant,Drain,Drain High Level Switch,0.0
Seasonal_Storage_System,2024-08-09T08:00:10.313Z,Water Plant,Drain,Drain High Level Switch,0.0
Seasonal_Storage_System,2024-08-09T08:01:10.357Z,Water Plant,Drain,Drain High Level Switch,0.0
Seasonal_Storage_System,2024-08-09T08:02:10.366Z,Water Plant,Drain,Drain High Level Switch,0.0
Seasonal_Storage_System,2024-08-09T08:03:10.366Z,Water Plant,Drain,Drain High Level Switch,0.0
Seasonal_Storage_System,2024-08-09T08:04:10.366Z,Water Plant,Drain,Drain High Level Switch,0.0
Seasonal_Storage_System,2024-08-09T08:05:10.385Z,Water Plant,Drain,Drain High Level Switch,0.0
Seasonal_Storage_System,2024-08-09T08:06:10.402Z,Water Plant,Drain,Drain High Level Switch,0.0
Seasonal_Storage_System,2024-08-09T08:07:10.411Z,Water Plant,Drain,Drain High Level Switch,0.0
Seasonal_Storage_System,2024-08-09T08:08:10.447Z,Water Plant,Drain,Drain High Level Switch,0.0
Seasonal_Storage_System,2024-08-09T08:09:10.456Z,Water Plant,Drain,Drain High Level Switch,0.0
Seasonal_Storage_System,2024-08-09T08:10:10.48Z,Water Plant,Drain,Drain High Level Switch,0.0
Seasonal_Storage_System,2024-08-09T08:11:10.472Z,Water Plant,Drain,Drain High Level Switch,0.0
Seasonal_Storage_System,2024-08-09T08:12:10.511Z,Water Plant,Drain,Drain High Level Switch,0.0
Seasonal_Storage_System,2024-08-09T08:13:10.532Z,Water Plant,Drain,Drain High Level Switch,0.0
Seasonal_Storage_System,2024-08-09T08:14:10.543Z,Water Plant,Drain,Drain High Level Switch,0.0
Seasonal_Storage_System,2024-08-09T08:15:10.554Z,Water Plant,Drain,Drain High Level Switch,0.0
Seasonal_Storage_System,2024-08-09T08:16:10.574Z,Water Plant,Drain,Drain High Level Switch,0.0
Seasonal_Storage_System,2024-08-09T08:17:10.583Z,Water Plant,Drain,Drain High Level Switch,0.0
Seasonal_Storage_System,2024-08-09T08:18:10.59Z,Water Plant,Drain,Drain High Level Switch,0.0
Seasonal_Storage_System,2024-08-09T08:19:10.617Z,Water Plant,Drain,Drain High Level Switch,0.0
Seasonal_Storage_System,2024-08-09T08:20:10.635Z,Water Plant,Drain,Drain High Level Switch,0.0
Seasonal_Storage_System,2024-08-09T08:21:10.649Z,Water Plant,Drain,Drain High Level Switch,0.0
Seasonal_Storage_System,2024-08-09T08:22:10.653Z,Water Plant,Drain,Drain High Level Switch,0.0
Seasonal_Storage_System,2024-08-09T08:23:10.696Z,Water Plant,Drain,Drain High Level Switch,0.0
Seasonal_Storage_System,2024-08-09T08:24:10.697Z,Water Plant,Drain,Drain High Level Switch,0.0
Seasonal_Storage_System,2024-08-09T08:25:10.707Z,Water Plant,Drain,Drain High Level Switch,0.0
Seasonal_Storage_System,2024-08-09T08:26:10.716Z,Water Plant,Drain,Drain High Level Switch,0.0
Seasonal_Storage_System,2024-08-09T08:27:10.724Z,Water Plant,Drain,Drain High Level Switch,0.0
Seasonal_Storage_System,2024-08-09T08:28:10.751Z,Water Plant,Drain,Drain High Level Switch,0.0
Seasonal_Storage_System,2024-08-09T08:29:10.763Z,Water Plant,Drain,Drain High Level Switch,0.0
Seasonal_Storage_System,2024-08-09T08:30:10.816Z,Water Plant,Drain,Drain High Level Switch,0.0
Seasonal_Storage_System,2024-08-09T08:31:10.832Z,Water Plant,Drain,Drain High Level Switch,0.0
Seasonal_Storage_System,2024-08-09T08:32:10.856Z,Water Plant,Drain,Drain High Level Switch,0.0
Seasonal_Storage_System,2024-08-09T08:33:10.86Z,Water Plant,Drain,Drain High Level Switch,0.0
Seasonal_Storage_System,2024-08-09T08:34:10.88Z,Water Plant,Drain,Drain High Level Switch,0.0
Seasonal_Storage_System,2024-08-09T08:35:10.875Z,Water Plant,Drain,Drain High Level Switch,0.0
Seasonal_Storage_System,2024-08-09T08:36:10.913Z,Water Plant,Drain,Drain High Level Switch,0.0
Seasonal_Storage_System,2024-08-09T08:37:10.908Z,Water Plant,Drain,Drain High Level Switch,0.0
Seasonal_Storage_System,2024-08-09T08:38:10.927Z,Water Plant,Drain,Drain High Level Switch,0.0
Seasonal_Storage_System,2024-08-09T08:39:10.958Z,Water Plant,Drain,Drain High Level Switch,0.0
Seasonal_Storage_System,2024-08-09T08:40:10.964Z,Water Plant,Drain,Drain High Level Switch,0.0
Seasonal_Storage_System,2024-08-09T08:41:10.986Z,Water Plant,Drain,Drain High Level Switch,0.0
Seasonal_Storage_System,2024-08-09T08:42:10.988Z,Water Plant,Drain,Drain High Level Switch,0.0
Seasonal_Storage_System,2024-08-09T08:43:11.005Z,Water Plant,Drain,Drain High Level Switch,0.0
Seasonal_Storage_System,2024-08-09T08:44:11.016Z,Water Plant,Drain,Drain High Level Switch,0.0
Seasonal_Storage_System,2024-08-09T08:45:11.038Z,Water Plant,Drain,Drain High Level Switch,0.0
Seasonal_Storage_System,2024-08-09T08:46:11.06Z,Water Plant,Drain,Drain High Level Switch,0.0
Seasonal_Storage_System,2024-08-09T08:47:11.07Z,Water Plant,Drain,Drain High Level Switch,0.0
Seasonal_Storage_System,2024-08-09T08:48:11.071Z,Water Plant,Drain,Drain High Level Switch,0.0
Seasonal_Storage_System,2024-08-09T08:49:11.113Z,Water Plant,Drain,Drain High Level Switch,0.0
Seasonal_Storage_System,2024-08-09T08:50:11.127Z,Water Plant,Drain,Drain High Level Switch,0.0
Seasonal_Storage_System,2024-08-09T08:51:11.159Z,Water Plant,Drain,Drain High Level Switch,0.0
Seasonal_Storage_System,2024-08-09T08:52:11.169Z,Water Plant,Drain,Drain High Level Switch,0.0
Seasonal_Storage_System,2024-08-09T08:53:11.197Z,Water Plant,Drain,Drain High Level Switch,0.0
Seasonal_Storage_System,2024-08-09T08:54:11.426Z,Water Plant,Drain,Drain High Level Switch,0.0
Seasonal_Storage_System,2024-08-09T08:55:11.333Z,Water Plant,Drain,Drain High Level Switch,0.0
Seasonal_Storage_System,2024-08-09T08:56:11.335Z,Water Plant,Drain,Drain High Level Switch,0.0
Seasonal_Storage_System,2024-08-09T08:57:11.334Z,Water Plant,Drain,Drain High Level Switch,0.0
Seasonal_Storage_System,2024-08-09T08:58:11.272Z,Water Plant,Drain,Drain High Level Switch,0.0
Seasonal_Storage_System,2024-08-09T08:59:11.271Z,Water Plant,Drain,Drain High Level Switch,0.0
Seasonal_Storage_System,2024-08-09T09:00:11.271Z,Water Plant,Drain,Drain High Level Switch,0.0
Seasonal_Storage_System,2024-08-09T09:01:11.272Z,Water Plant,Drain,Drain High Level Switch,0.0
Seasonal_Storage_System,2024-08-09T09:02:11.272Z,Water Plant,Drain,Drain High Level Switch,0.0
Seasonal_Storage_System,2024-08-09T09:03:11.272Z,Water Plant,Drain,Drain High Level Switch,0.0
Seasonal_Storage_System,2024-08-09T09:04:11.357Z,Water Plant,Drain,Drain High Level Switch,0.0
Seasonal_Storage_System,2024-08-09T09:05:11.375Z,Water Plant,Drain,Drain High Level Switch,0.0
Seasonal_Storage_System,2024-08-09T09:06:11.439Z,Water Plant,Drain,Drain High Level Switch,0.0
Seasonal_Storage_System,2024-08-09T09:07:11.453Z,Water Plant,Drain,Drain High Level Switch,0.0
Seasonal_Storage_System,2024-08-09T09:08:11.371Z,Water Plant,Drain,Drain High Level Switch,0.0
Seasonal_Storage_System,2024-08-09T09:09:11.434Z,Water Plant,Drain,Drain High Level Switch,0.0
Seasonal_Storage_System,2024-08-09T09:10:11.444Z,Water Plant,Drain,Drain High Level Switch,0.0
Seasonal_Storage_System,2024-08-09T09:11:11.452Z,Water Plant,Drain,Drain High Level Switch,0.0
Seasonal_Storage_System,2024-08-09T09:12:11.529Z,Water Plant,Drain,Drain High Level Switch,0.0
Seasonal_Storage_System,2024-08-09T09:13:11.458Z,Water Plant,Drain,Drain High Level Switch,0.0
Seasonal_Storage_System,2024-08-09T09:14:11.46Z,Water Plant,Drain,Drain High Level Switch,0.0
Seasonal_Storage_System,2024-08-09T09:15:11.458Z,Water Plant,Drain,Drain High Level Switch,0.0
Seasonal_Storage_System,2024-08-09T09:16:11.459Z,Water Plant,Drain,Drain High Level Switch,0.0
Seasonal_Storage_System,2024-08-09T09:17:11.454Z,Water Plant,Drain,Drain High Level Switch,0.0
Seasonal_Storage_System,2024-08-09T09:18:11.462Z,Water Plant,Drain,Drain High Level Switch,0.0
Seasonal_Storage_System,2024-08-09T09:19:11.454Z,Water Plant,Drain,Drain High Level Switch,0.0
Seasonal_Storage_System,2024-08-09T09:20:11.392Z,Water Plant,Drain,Drain High Level Switch,0.0
Seasonal_Storage_System,2024-08-09T09:21:11.401Z,Water Plant,Drain,Drain High Level Switch,0.0
Seasonal_Storage_System,2024-08-09T09:22:11.393Z,Water Plant,Drain,Drain High Level Switch,0.0
Seasonal_Storage_System,2024-08-09T09:23:11.392Z,Water Plant,Drain,Drain High Level Switch,0.0
Seasonal_Storage_System,2024-08-09T09:24:11.391Z,Water Plant,Drain,Drain High Level Switch,0.0
Seasonal_Storage_System,2024-08-09T09:25:11.392Z,Water Plant,Drain,Drain High Level Switch,0.0
Seasonal_Storage_System,2024-08-09T09:26:11.393Z,Water Plant,Drain,Drain High Level Switch,0.0
Seasonal_Storage_System,2024-08-09T09:27:11.399Z,Water Plant,Drain,Drain High Level Switch,0.0
Seasonal_Storage_System,2024-08-09T09:28:11.394Z,Water Plant,Drain,Drain High Level Switch,0.0
Seasonal_Storage_System,2024-08-09T09:29:11.395Z,Water Plant,Drain,Drain High Level Switch,0.0
Seasonal_Storage_System,2024-08-09T09:30:11.394Z,Water Plant,Drain,Drain High Level Switch,0.0
Seasonal_Storage_System,2024-08-09T09:31:11.394Z,Water Plant,Drain,Drain High Level Switch,0.0
Seasonal_Storage_System,2024-08-09T09:32:11.395Z,Water Plant,Drain,Drain High Level Switch,0.0
Seasonal_Storage_System,2024-08-09T09:33:11.394Z,Water Plant,Drain,Drain High Level Switch,0.0
Seasonal_Storage_System,2024-08-09T09:34:11.394Z,Water Plant,Drain,Drain High Level Switch,0.0
Seasonal_Storage_System,2024-08-09T09:35:11.394Z,Water Plant,Drain,Drain High Level Switch,0.0
Seasonal_Storage_System,2024-08-09T09:36:11.394Z,Water Plant,Drain,Drain High Level Switch,0.0
Seasonal_Storage_System,2024-08-09T09:37:11.396Z,Water Plant,Drain,Drain High Level Switch,0.0
Seasonal_Storage_System,2024-08-09T09:38:11.394Z,Water Plant,Drain,Drain High Level Switch,0.0
Seasonal_Storage_System,2024-08-09T09:39:11.394Z,Water Plant,Drain,Drain High Level Switch,0.0
Seasonal_Storage_System,2024-08-09T09:40:11.397Z,Water Plant,Drain,Drain High Level Switch,0.0
Seasonal_Storage_System,2024-08-09T09:41:11.394Z,Water Plant,Drain,Drain High Level Switch,0.0
Seasonal_Storage_System,2024-08-09T09:42:11.397Z,Water Plant,Drain,Drain High Level Switch,0.0
Seasonal_Storage_System,2024-08-09T09:43:11.395Z,Water Plant,Drain,Drain High Level Switch,0.0
Seasonal_Storage_System,2024-08-09T09:44:11.542Z,Water Plant,Drain,Drain High Level Switch,0.0
Seasonal_Storage_System,2024-08-09T09:45:11.537Z,Water Plant,Drain,Drain High Level Switch,0.0
Seasonal_Storage_System,2024-08-09T09:46:11.541Z,Water Plant,Drain,Drain High Level Switch,0.0
Seasonal_Storage_System,2024-08-09T09:47:11.536Z,Water Plant,Drain,Drain High Level Switch,0.0
Seasonal_Storage_System,2024-08-09T09:48:11.539Z,Water Plant,Drain,Drain High Level Switch,0.0
Seasonal_Storage_System,2024-08-09T09:49:11.467Z,Water Plant,Drain,Drain High Level Switch,0.0
Seasonal_Storage_System,2024-08-09T09:50:11.467Z,Water Plant,Drain,Drain High Level Switch,0.0
Seasonal_Storage_System,2024-08-09T09:51:11.468Z,Water Plant,Drain,Drain High Level Switch,0.0
Seasonal_Storage_System,2024-08-09T09:52:11.469Z,Water Plant,Drain,Drain High Level Switch,0.0
Seasonal_Storage_System,2024-08-09T09:53:11.468Z,Water Plant,Drain,Drain High Level Switch,0.0
Seasonal_Storage_System,2024-08-09T09:54:11.468Z,Water Plant,Drain,Drain High Level Switch,0.0
Seasonal_Storage_System,2024-08-09T09:55:11.469Z,Water Plant,Drain,Drain High Level Switch,0.0
Seasonal_Storage_System,2024-08-09T09:56:11.469Z,Water Plant,Drain,Drain High Level Switch,0.0
Seasonal_Storage_System,2024-08-09T09:57:11.557Z,Water Plant,Drain,Drain High Level Switch,0.0
Seasonal_Storage_System,2024-08-09T09:58:11.57Z,Water Plant,Drain,Drain High Level Switch,0.0
Seasonal_Storage_System,2024-08-09T09:59:11.588Z,Water Plant,Drain,Drain High Level Switch,0.0
Seasonal_Storage_System,2024-08-09T10:00:11.609Z,Water Plant,Drain,Drain High Level Switch,0.0
Seasonal_Storage_System,2024-08-09T10:01:11.625Z,Water Plant,Drain,Drain High Level Switch,0.0
Seasonal_Storage_System,2024-08-09T10:02:11.635Z,Water Plant,Drain,Drain High Level Switch,0.0
Seasonal_Storage_System,2024-08-09T10:03:11.658Z,Water Plant,Drain,Drain High Level Switch,0.0
Seasonal_Storage_System,2024-08-09T10:04:11.676Z,Water Plant,Drain,Drain High Level Switch,0.0
Seasonal_Storage_System,2024-08-09T10:05:11.707Z,Water Plant,Drain,Drain High Level Switch,0.0
Seasonal_Storage_System,2024-08-09T10:06:11.707Z,Water Plant,Drain,Drain High Level Switch,0.0
Seasonal_Storage_System,2024-08-09T10:07:11.727Z,Water Plant,Drain,Drain High Level Switch,0.0
Seasonal_Storage_System,2024-08-09T10:08:11.738Z,Water Plant,Drain,Drain High Level Switch,0.0
Seasonal_Storage_System,2024-08-09T10:09:11.759Z,Water Plant,Drain,Drain High Level Switch,0.0
Seasonal_Storage_System,2024-08-09T10:10:11.759Z,Water Plant,Drain,Drain High Level Switch,0.0
Seasonal_Storage_System,2024-08-09T10:11:11.79Z,Water Plant,Drain,Drain High Level Switch,0.0
Seasonal_Storage_System,2024-08-09T10:12:11.816Z,Water Plant,Drain,Drain High Level Switch,0.0
Seasonal_Storage_System,2024-08-09T10:13:11.822Z,Water Plant,Drain,Drain High Level Switch,0.0
Seasonal_Storage_System,2024-08-09T10:14:11.836Z,Water Plant,Drain,Drain High Level Switch,0.0
Seasonal_Storage_System,2024-08-09T10:15:11.894Z,Water Plant,Drain,Drain High Level Switch,0.0
Seasonal_Storage_System,2024-08-09T10:16:11.898Z,Water Plant,Drain,Drain High Level Switch,0.0
Seasonal_Storage_System,2024-08-09T10:17:11.924Z,Water Plant,Drain,Drain High Level Switch,0.0
Seasonal_Storage_System,2024-08-09T10:18:11.923Z,Water Plant,Drain,Drain High Level Switch,0.0
Seasonal_Storage_System,2024-08-09T10:19:11.942Z,Water Plant,Drain,Drain High Level Switch,0.0
Seasonal_Storage_System,2024-08-09T10:20:11.987Z,Water Plant,Drain,Drain High Level Switch,0.0
Seasonal_Storage_System,2024-08-09T10:21:12.004Z,Water Plant,Drain,Drain High Level Switch,0.0
Seasonal_Storage_System,2024-08-09T10:22:12.026Z,Water Plant,Drain,Drain High Level Switch,0.0
Seasonal_Storage_System,2024-08-09T10:23:12.032Z,Water Plant,Drain,Drain High Level Switch,0.0
Seasonal_Storage_System,2024-08-09T10:24:12.048Z,Water Plant,Drain,Drain High Level Switch,0.0
Seasonal_Storage_System,2024-08-09T10:25:12.054Z,Water Plant,Drain,Drain High Level Switch,0.0
Seasonal_Storage_System,2024-08-09T10:26:12.067Z,Water Plant,Drain,Drain High Level Switch,0.0
Seasonal_Storage_System,2024-08-09T10:27:12.099Z,Water Plant,Drain,Drain High Level Switch,0.0
Seasonal_Storage_System,2024-08-09T10:28:12.123Z,Water Plant,Drain,Drain High Level Switch,0.0
Seasonal_Storage_System,2024-08-09T10:29:12.134Z,Water Plant,Drain,Drain High Level Switch,0.0
Seasonal_Storage_System,2024-08-09T10:30:12.134Z,Water Plant,Drain,Drain High Level Switch,0.0
Seasonal_Storage_System,2024-08-09T10:31:12.168Z,Water Plant,Drain,Drain High Level Switch,0.0
Seasonal_Storage_System,2024-08-09T10:32:12.214Z,Water Plant,Drain,Drain High Level Switch,0.0
Seasonal_Storage_System,2024-08-09T10:33:12.236Z,Water Plant,Drain,Drain High Level Switch,0.0
Seasonal_Storage_System,2024-08-09T10:34:12.241Z,Water Plant,Drain,Drain High Level Switch,0.0
Seasonal_Storage_System,2024-08-09T10:35:12.265Z,Water Plant,Drain,Drain High Level Switch,0.0
Seasonal_Storage_System,2024-08-09T10:36:12.262Z,Water Plant,Drain,Drain High Level Switch,0.0
Seasonal_Storage_System,2024-08-09T10:37:12.277Z,Water Plant,Drain,Drain High Level Switch,0.0
Seasonal_Storage_System,2024-08-09T10:38:12.281Z,Water Plant,Drain,Drain High Level Switch,0.0
Seasonal_Storage_System,2024-08-09T10:39:12.305Z,Water Plant,Drain,Drain High Level Switch,0.0
Seasonal_Storage_System,2024-08-09T10:40:12.309Z,Water Plant,Drain,Drain High Level Switch,0.0
Seasonal_Storage_System,2024-08-09T10:41:12.353Z,Water Plant,Drain,Drain High Level Switch,0.0
Seasonal_Storage_System,2024-08-09T10:42:12.362Z,Water Plant,Drain,Drain High Level Switch,0.0
Seasonal_Storage_System,2024-08-09T10:43:12.395Z,Water Plant,Drain,Drain High Level Switch,0.0
Seasonal_Storage_System,2024-08-09T10:44:12.431Z,Water Plant,Drain,Drain High Level Switch,0.0
Seasonal_Storage_System,2024-08-09T10:45:12.437Z,Water Plant,Drain,Drain High Level Switch,0.0
Seasonal_Storage_System,2024-08-09T10:46:12.467Z,Water Plant,Drain,Drain High Level Switch,0.0
Seasonal_Storage_System,2024-08-09T10:47:12.483Z,Water Plant,Drain,Drain High Level Switch,0.0
Seasonal_Storage_System,2024-08-09T10:48:12.502Z,Water Plant,Drain,Drain High Level Switch,0.0
Seasonal_Storage_System,2024-08-09T10:49:12.513Z,Water Plant,Drain,Drain High Level Switch,0.0
Seasonal_Storage_System,2024-08-09T10:50:12.513Z,Water Plant,Drain,Drain High Level Switch,0.0
Seasonal_Storage_System,2024-08-09T10:51:12.529Z,Water Plant,Drain,Drain High Level Switch,0.0
Seasonal_Storage_System,2024-08-09T10:52:12.573Z,Water Plant,Drain,Drain High Level Switch,0.0
Seasonal_Storage_System,2024-08-09T10:53:12.587Z,Water Plant,Drain,Drain High Level Switch,0.0
Seasonal_Storage_System,2024-08-09T10:54:12.616Z,Water Plant,Drain,Drain High Level Switch,0.0
Seasonal_Storage_System,2024-08-09T10:55:12.625Z,Water Plant,Drain,Drain High Level Switch,0.0
Seasonal_Storage_System,2024-08-09T10:56:12.627Z,Water Plant,Drain,Drain High Level Switch,0.0
Seasonal_Storage_System,2024-08-09T10:57:12.631Z,Water Plant,Drain,Drain High Level Switch,0.0
Seasonal_Storage_System,2024-08-09T10:58:12.684Z,Water Plant,Drain,Drain High Level Switch,0.0
Seasonal_Storage_System,2024-08-09T10:59:12.686Z,Water Plant,Drain,Drain High Level Switch,0.0
Seasonal_Storage_System,2024-08-09T11:00:12.716Z,Water Plant,Drain,Drain High Level Switch,0.0
Seasonal_Storage_System,2024-08-09T11:01:12.719Z,Water Plant,Drain,Drain High Level Switch,0.0
Seasonal_Storage_System,2024-08-09T11:02:12.78Z,Water Plant,Drain,Drain High Level Switch,0.0
Seasonal_Storage_System,2024-08-09T11:03:12.821Z,Water Plant,Drain,Drain High Level Switch,0.0
Seasonal_Storage_System,2024-08-09T11:04:12.83Z,Water Plant,Drain,Drain High Level Switch,0.0
Seasonal_Storage_System,2024-08-09T11:05:12.847Z,Water Plant,Drain,Drain High Level Switch,0.0
Seasonal_Storage_System,2024-08-09T11:06:12.867Z,Water Plant,Drain,Drain High Level Switch,0.0
Seasonal_Storage_System,2024-08-09T11:07:12.887Z,Water Plant,Drain,Drain High Level Switch,0.0
Seasonal_Storage_System,2024-08-09T11:08:12.89Z,Water Plant,Drain,Drain High Level Switch,0.0
Seasonal_Storage_System,2024-08-09T11:09:12.926Z,Water Plant,Drain,Drain High Level Switch,0.0
Seasonal_Storage_System,2024-08-09T11:10:12.965Z,Water Plant,Drain,Drain High Level Switch,0.0
Seasonal_Storage_System,2024-08-09T11:11:12.951Z,Water Plant,Drain,Drain High Level Switch,0.0
Seasonal_Storage_System,2024-08-09T11:12:12.951Z,Water Plant,Drain,Drain High Level Switch,0.0
Seasonal_Storage_System,2024-08-09T11:13:12.975Z,Water Plant,Drain,Drain High Level Switch,0.0
Seasonal_Storage_System,2024-08-09T11:14:12.981Z,Water Plant,Drain,Drain High Level Switch,0.0
Seasonal_Storage_System,2024-08-09T11:15:13.001Z,Water Plant,Drain,Drain High Level Switch,0.0
Seasonal_Storage_System,2024-08-09T11:16:13.038Z,Water Plant,Drain,Drain High Level Switch,0.0
Seasonal_Storage_System,2024-08-09T11:17:13.102Z,Water Plant,Drain,Drain High Level Switch,0.0
Seasonal_Storage_System,2024-08-09T11:18:13.146Z,Water Plant,Drain,Drain High Level Switch,0.0
Seasonal_Storage_System,2024-08-09T11:19:13.133Z,Water Plant,Drain,Drain High Level Switch,0.0
Seasonal_Storage_System,2024-08-09T11:20:13.138Z,Water Plant,Drain,Drain High Level Switch,0.0
Seasonal_Storage_System,2024-08-09T11:21:13.186Z,Water Plant,Drain,Drain High Level Switch,0.0
Seasonal_Storage_System,2024-08-09T11:22:13.278Z,Water Plant,Drain,Drain High Level Switch,0.0
Seasonal_Storage_System,2024-08-09T11:23:13.33Z,Water Plant,Drain,Drain High Level Switch,0.0
Seasonal_Storage_System,2024-08-09T11:24:13.246Z,Water Plant,Drain,Drain High Level Switch,0.0
Seasonal_Storage_System,2024-08-09T11:25:13.23Z,Water Plant,Drain,Drain High Level Switch,0.0
Seasonal_Storage_System,2024-08-09T11:26:13.264Z,Water Plant,Drain,Drain High Level Switch,0.0
Seasonal_Storage_System,2024-08-09T11:27:13.251Z,Water Plant,Drain,Drain High Level Switch,0.0
Seasonal_Storage_System,2024-08-09T11:28:13.259Z,Water Plant,Drain,Drain High Level Switch,0.0
Seasonal_Storage_System,2024-08-09T11:29:13.253Z,Water Plant,Drain,Drain High Level Switch,0.0
Seasonal_Storage_System,2024-08-09T11:30:13.246Z,Water Plant,Drain,Drain High Level Switch,0.0
Seasonal_Storage_System,2024-08-09T11:31:13.248Z,Water Plant,Drain,Drain High Level Switch,0.0
Seasonal_Storage_System,2024-08-09T11:32:13.248Z,Water Plant,Drain,Drain High Level Switch,0.0
Seasonal_Storage_System,2024-08-09T11:33:13.249Z,Water Plant,Drain,Drain High Level Switch,0.0
Seasonal_Storage_System,2024-08-09T11:34:13.252Z,Water Plant,Drain,Drain High Level Switch,0.0
Seasonal_Storage_System,2024-08-09T11:35:13.248Z,Water Plant,Drain,Drain High Level Switch,0.0
Seasonal_Storage_System,2024-08-09T11:36:13.182Z,Water Plant,Drain,Drain High Level Switch,0.0
Seasonal_Storage_System,2024-08-09T11:37:13.196Z,Water Plant,Drain,Drain High Level Switch,0.0
Seasonal_Storage_System,2024-08-09T11:38:13.183Z,Water Plant,Drain,Drain High Level Switch,0.0
Seasonal_Storage_System,2024-08-09T11:39:13.181Z,Water Plant,Drain,Drain High Level Switch,0.0
Seasonal_Storage_System,2024-08-09T11:40:13.181Z,Water Plant,Drain,Drain High Level Switch,0.0
Seasonal_Storage_System,2024-08-09T11:41:13.186Z,Water Plant,Drain,Drain High Level Switch,0.0
Seasonal_Storage_System,2024-08-09T11:42:13.186Z,Water Plant,Drain,Drain High Level Switch,0.0
Seasonal_Storage_System,2024-08-09T11:43:13.191Z,Water Plant,Drain,Drain High Level Switch,0.0
Seasonal_Storage_System,2024-08-09T11:44:13.191Z,Water Plant,Drain,Drain High Level Switch,0.0
Seasonal_Storage_System,2024-08-09T11:45:13.188Z,Water Plant,Drain,Drain High Level Switch,0.0
Seasonal_Storage_System,2024-08-09T11:46:13.199Z,Water Plant,Drain,Drain High Level Switch,0.0
Seasonal_Storage_System,2024-08-09T11:47:13.189Z,Water Plant,Drain,Drain High Level Switch,0.0
Seasonal_Storage_System,2024-08-09T11:48:13.189Z,Water Plant,Drain,Drain High Level Switch,0.0
Seasonal_Storage_System,2024-08-09T11:49:13.19Z,Water Plant,Drain,Drain High Level Switch,0.0
Seasonal_Storage_System,2024-08-09T11:50:13.203Z,Water Plant,Drain,Drain High Level Switch,0.0
Seasonal_Storage_System,2024-08-09T11:51:13.314Z,Water Plant,Drain,Drain High Level Switch,0.0
Seasonal_Storage_System,2024-08-09T11:52:13.306Z,Water Plant,Drain,Drain High Level Switch,0.0
Seasonal_Storage_System,2024-08-09T11:53:13.315Z,Water Plant,Drain,Drain High Level Switch,0.0
Seasonal_Storage_System,2024-08-09T11:54:13.317Z,Water Plant,Drain,Drain High Level Switch,0.0
Seasonal_Storage_System,2024-08-09T11:55:13.31Z,Water Plant,Drain,Drain High Level Switch,0.0
Seasonal_Storage_System,2024-08-09T11:56:13.315Z,Water Plant,Drain,Drain High Level Switch,0.0
Seasonal_Storage_System,2024-08-09T11:57:13.318Z,Water Plant,Drain,Drain High Level Switch,0.0
Seasonal_Storage_System,2024-08-09T11:58:13.311Z,Water Plant,Drain,Drain High Level Switch,0.0
Seasonal_Storage_System,2024-08-09T11:59:13.311Z,Water Plant,Drain,Drain High Level Switch,0.0
Seasonal_Storage_System,2024-08-09T12:00:13.307Z,Water Plant,Drain,Drain High Level Switch,0.0
Seasonal_Storage_System,2024-08-09T12:01:13.308Z,Water Plant,Drain,Drain High Level Switch,0.0
Seasonal_Storage_System,2024-08-09T12:02:13.309Z,Water Plant,Drain,Drain High Level Switch,0.0
Seasonal_Storage_System,2024-08-09T12:03:13.357Z,Water Plant,Drain,Drain High Level Switch,0.0
Seasonal_Storage_System,2024-08-09T12:04:13.42Z,Water Plant,Drain,Drain High Level Switch,0.0
Seasonal_Storage_System,2024-08-09T12:05:13.416Z,Water Plant,Drain,Drain High Level Switch,0.0
Seasonal_Storage_System,2024-08-09T12:06:13.431Z,Water Plant,Drain,Drain High Level Switch,0.0
Seasonal_Storage_System,2024-08-09T12:07:13.352Z,Water Plant,Drain,Drain High Level Switch,0.0
Seasonal_Storage_System,2024-08-09T12:08:13.352Z,Water Plant,Drain,Drain High Level Switch,0.0
Seasonal_Storage_System,2024-08-09T12:09:13.352Z,Water Plant,Drain,Drain High Level Switch,0.0
Seasonal_Storage_System,2024-08-09T12:10:13.352Z,Water Plant,Drain,Drain High Level Switch,0.0
Seasonal_Storage_System,2024-08-09T12:11:13.351Z,Water Plant,Drain,Drain High Level Switch,0.0
Seasonal_Storage_System,2024-08-09T12:12:13.352Z,Water Plant,Drain,Drain High Level Switch,0.0
Seasonal_Storage_System,2024-08-09T12:13:13.356Z,Water Plant,Drain,Drain High Level Switch,0.0
Seasonal_Storage_System,2024-08-09T12:14:13.423Z,Water Plant,Drain,Drain High Level Switch,0.0
Seasonal_Storage_System,2024-08-09T12:15:13.359Z,Water Plant,Drain,Drain High Level Switch,0.0
Seasonal_Storage_System,2024-08-09T12:16:13.358Z,Water Plant,Drain,Drain High Level Switch,0.0
Seasonal_Storage_System,2024-08-09T12:17:13.459Z,Water Plant,Drain,Drain High Level Switch,0.0
Seasonal_Storage_System,2024-08-09T12:18:13.523Z,Water Plant,Drain,Drain High Level Switch,0.0
Seasonal_Storage_System,2024-08-09T12:19:13.533Z,Water Plant,Drain,Drain High Level Switch,0.0
Seasonal_Storage_System,2024-08-09T12:20:13.554Z,Water Plant,Drain,Drain High Level Switch,0.0
Seasonal_Storage_System,2024-08-09T12:21:13.583Z,Water Plant,Drain,Drain High Level Switch,0.0
Seasonal_Storage_System,2024-08-09T12:22:13.59Z,Water Plant,Drain,Drain High Level Switch,0.0
Seasonal_Storage_System,2024-08-09T12:23:13.519Z,Water Plant,Drain,Drain High Level Switch,0.0
Seasonal_Storage_System,2024-08-09T12:24:13.517Z,Water Plant,Drain,Drain High Level Switch,0.0
Seasonal_Storage_System,2024-08-09T12:25:13.534Z,Water Plant,Drain,Drain High Level Switch,0.0
Seasonal_Storage_System,2024-08-09T12:26:13.531Z,Water Plant,Drain,Drain High Level Switch,0.0
Seasonal_Storage_System,2024-08-09T12:27:13.523Z,Water Plant,Drain,Drain High Level Switch,0.0
Seasonal_Storage_System,2024-08-09T12:28:13.523Z,Water Plant,Drain,Drain High Level Switch,0.0
Seasonal_Storage_System,2024-08-09T12:29:13.742Z,Water Plant,Drain,Drain High Level Switch,0.0
Seasonal_Storage_System,2024-08-09T12:30:13.643Z,Water Plant,Drain,Drain High Level Switch,0.0
Seasonal_Storage_System,2024-08-09T12:31:13.574Z,Water Plant,Drain,Drain High Level Switch,0.0
Seasonal_Storage_System,2024-08-09T12:32:13.575Z,Water Plant,Drain,Drain High Level Switch,0.0
Seasonal_Storage_System,2024-08-09T12:33:13.645Z,Water Plant,Drain,Drain High Level Switch,0.0
Seasonal_Storage_System,2024-08-09T12:34:13.638Z,Water Plant,Drain,Drain High Level Switch,0.0
Seasonal_Storage_System,2024-08-09T12:35:13.645Z,Water Plant,Drain,Drain High Level Switch,0.0
Seasonal_Storage_System,2024-08-09T12:36:13.649Z,Water Plant,Drain,Drain High Level Switch,0.0
Seasonal_Storage_System,2024-08-09T12:37:13.575Z,Water Plant,Drain,Drain High Level Switch,0.0
Seasonal_Storage_System,2024-08-09T12:38:13.576Z,Water Plant,Drain,Drain High Level Switch,0.0
Seasonal_Storage_System,2024-08-09T12:39:13.575Z,Water Plant,Drain,Drain High Level Switch,0.0
Seasonal_Storage_System,2024-08-09T12:40:13.575Z,Water Plant,Drain,Drain High Level Switch,0.0
Seasonal_Storage_System,2024-08-09T12:41:13.575Z,Water Plant,Drain,Drain High Level Switch,0.0
Seasonal_Storage_System,2024-08-09T12:42:13.575Z,Water Plant,Drain,Drain High Level Switch,0.0
Seasonal_Storage_System,2024-08-09T12:43:13.658Z,Water Plant,Drain,Drain High Level Switch,0.0
Seasonal_Storage_System,2024-08-09T12:44:13.657Z,Water Plant,Drain,Drain High Level Switch,0.0
Seasonal_Storage_System,2024-08-09T12:45:13.674Z,Water Plant,Drain,Drain High Level Switch,0.0
Seasonal_Storage_System,2024-08-09T12:46:13.75Z,Water Plant,Drain,Drain High Level Switch,0.0
Seasonal_Storage_System,2024-08-09T12:47:13.682Z,Water Plant,Drain,Drain High Level Switch,0.0
Seasonal_Storage_System,2024-08-09T12:48:13.682Z,Water Plant,Drain,Drain High Level Switch,0.0
Seasonal_Storage_System,2024-08-09T12:49:13.618Z,Water Plant,Drain,Drain High Level Switch,0.0
Seasonal_Storage_System,2024-08-09T12:50:13.614Z,Water Plant,Drain,Drain High Level Switch,0.0
Seasonal_Storage_System,2024-08-09T12:51:13.614Z,Water Plant,Drain,Drain High Level Switch,0.0
Seasonal_Storage_System,2024-08-09T12:52:13.701Z,Water Plant,Drain,Drain High Level Switch,0.0
Seasonal_Storage_System,2024-08-09T12:53:13.685Z,Water Plant,Drain,Drain High Level Switch,0.0
Seasonal_Storage_System,2024-08-09T12:54:13.683Z,Water Plant,Drain,Drain High Level Switch,0.0
Seasonal_Storage_System,2024-08-09T12:55:13.689Z,Water Plant,Drain,Drain High Level Switch,0.0
Seasonal_Storage_System,2024-08-09T12:56:13.722Z,Water Plant,Drain,Drain High Level Switch,0.0
Seasonal_Storage_System,2024-08-09T12:57:13.824Z,Water Plant,Drain,Drain High Level Switch,0.0
Seasonal_Storage_System,2024-08-09T12:58:13.719Z,Water Plant,Drain,Drain High Level Switch,0.0
Seasonal_Storage_System,2024-08-09T12:59:13.723Z,Water Plant,Drain,Drain High Level Switch,0.0
Seasonal_Storage_System,2024-08-09T13:00:13.654Z,Water Plant,Drain,Drain High Level Switch,0.0
Seasonal_Storage_System,2024-08-09T13:01:14.117Z,Water Plant,Drain,Drain High Level Switch,0.0
Seasonal_Storage_System,2024-08-09T13:02:13.735Z,Water Plant,Drain,Drain High Level Switch,0.0
Seasonal_Storage_System,2024-08-09T13:03:13.765Z,Water Plant,Drain,Drain High Level Switch,0.0
Seasonal_Storage_System,2024-08-09T13:04:13.813Z,Water Plant,Drain,Drain High Level Switch,0.0
Seasonal_Storage_System,2024-08-09T13:05:13.744Z,Water Plant,Drain,Drain High Level Switch,0.0
Seasonal_Storage_System,2024-08-09T13:06:13.746Z,Water Plant,Drain,Drain High Level Switch,0.0
Seasonal_Storage_System,2024-08-09T13:07:13.744Z,Water Plant,Drain,Drain High Level Switch,0.0
Seasonal_Storage_System,2024-08-09T13:08:13.744Z,Water Plant,Drain,Drain High Level Switch,0.0
Seasonal_Storage_System,2024-08-09T13:09:13.744Z,Water Plant,Drain,Drain High Level Switch,0.0
Seasonal_Storage_System,2024-08-09T13:10:13.828Z,Water Plant,Drain,Drain High Level Switch,0.0
Seasonal_Storage_System,2024-08-09T13:11:13.855Z,Water Plant,Drain,Drain High Level Switch,0.0
Seasonal_Storage_System,2024-08-09T13:12:13.838Z,Water Plant,Drain,Drain High Level Switch,0.0
Seasonal_Storage_System,2024-08-09T13:13:13.83Z,Water Plant,Drain,Drain High Level Switch,0.0
Seasonal_Storage_System,2024-08-09T13:14:13.842Z,Water Plant,Drain,Drain High Level Switch,0.0
Seasonal_Storage_System,2024-08-09T13:15:13.854Z,Water Plant,Drain,Drain High Level Switch,0.0
Seasonal_Storage_System,2024-08-09T13:16:13.852Z,Water Plant,Drain,Drain High Level Switch,0.0
Seasonal_Storage_System,2024-08-09T13:17:13.787Z,Water Plant,Drain,Drain High Level Switch,0.0
Seasonal_Storage_System,2024-08-09T13:18:13.786Z,Water Plant,Drain,Drain High Level Switch,0.0
Seasonal_Storage_System,2024-08-09T13:19:13.792Z,Water Plant,Drain,Drain High Level Switch,0.0
Seasonal_Storage_System,2024-08-09T13:20:13.867Z,Water Plant,Drain,Drain High Level Switch,0.0
Seasonal_Storage_System,2024-08-09T13:21:13.866Z,Water Plant,Drain,Drain High Level Switch,0.0
Seasonal_Storage_System,2024-08-09T13:22:13.861Z,Water Plant,Drain,Drain High Level Switch,0.0
Seasonal_Storage_System,2024-08-09T13:23:13.856Z,Water Plant,Drain,Drain High Level Switch,0.0
Seasonal_Storage_System,2024-08-09T13:24:13.863Z,Water Plant,Drain,Drain High Level Switch,0.0
Seasonal_Storage_System,2024-08-09T13:25:13.793Z,Water Plant,Drain,Drain High Level Switch,0.0
Seasonal_Storage_System,2024-08-09T13:26:13.868Z,Water Plant,Drain,Drain High Level Switch,0.0
Seasonal_Storage_System,2024-08-09T13:27:13.926Z,Water Plant,Drain,Drain High Level Switch,0.0
Seasonal_Storage_System,2024-08-09T13:28:13.939Z,Water Plant,Drain,Drain High Level Switch,0.0
Seasonal_Storage_System,2024-08-09T13:29:13.93Z,Water Plant,Drain,Drain High Level Switch,0.0
Seasonal_Storage_System,2024-08-09T13:30:13.943Z,Water Plant,Drain,Drain High Level Switch,0.0
Seasonal_Storage_System,2024-08-09T13:31:13.868Z,Water Plant,Drain,Drain High Level Switch,0.0
Seasonal_Storage_System,2024-08-09T13:32:13.932Z,Water Plant,Drain,Drain High Level Switch,0.0
Seasonal_Storage_System,2024-08-09T13:33:13.936Z,Water Plant,Drain,Drain High Level Switch,0.0
Seasonal_Storage_System,2024-08-09T13:34:13.957Z,Water Plant,Drain,Drain High Level Switch,0.0
Seasonal_Storage_System,2024-08-09T13:35:13.934Z,Water Plant,Drain,Drain High Level Switch,0.0
Seasonal_Storage_System,2024-08-09T13:36:13.944Z,Water Plant,Drain,Drain High Level Switch,0.0
Seasonal_Storage_System,2024-08-09T13:37:13.952Z,Water Plant,Drain,Drain High Level Switch,0.0
Seasonal_Storage_System,2024-08-09T13:38:13.953Z,Water Plant,Drain,Drain High Level Switch,0.0
Seasonal_Storage_System,2024-08-09T13:39:13.982Z,Water Plant,Drain,Drain High Level Switch,0.0
Seasonal_Storage_System,2024-08-09T13:40:13.971Z,Water Plant,Drain,Drain High Level Switch,0.0
Seasonal_Storage_System,2024-08-09T13:41:13.962Z,Water Plant,Drain,Drain High Level Switch,0.0
Seasonal_Storage_System,2024-08-09T13:42:13.969Z,Water Plant,Drain,Drain High Level Switch,0.0
Seasonal_Storage_System,2024-08-09T13:43:13.963Z,Water Plant,Drain,Drain High Level Switch,0.0
Seasonal_Storage_System,2024-08-09T13:44:13.97Z,Water Plant,Drain,Drain High Level Switch,0.0
Seasonal_Storage_System,2024-08-09T13:45:13.965Z,Water Plant,Drain,Drain High Level Switch,0.0
Seasonal_Storage_System,2024-08-09T13:46:13.969Z,Water Plant,Drain,Drain High Level Switch,0.0
Seasonal_Storage_System,2024-08-09T13:47:13.971Z,Water Plant,Drain,Drain High Level Switch,0.0
Seasonal_Storage_System,2024-08-09T13:48:13.972Z,Water Plant,Drain,Drain High Level Switch,0.0
Seasonal_Storage_System,2024-08-09T13:49:13.97Z,Water Plant,Drain,Drain High Level Switch,0.0
Seasonal_Storage_System,2024-08-09T13:50:13.978Z,Water Plant,Drain,Drain High Level Switch,0.0
Seasonal_Storage_System,2024-08-09T13:51:13.977Z,Water Plant,Drain,Drain High Level Switch,0.0
Seasonal_Storage_System,2024-08-09T13:52:13.976Z,Water Plant,Drain,Drain High Level Switch,0.0
Seasonal_Storage_System,2024-08-09T13:53:13.97Z,Water Plant,Drain,Drain High Level Switch,0.0
Seasonal_Storage_System,2024-08-09T13:54:13.908Z,Water Plant,Drain,Drain High Level Switch,0.0
Seasonal_Storage_System,2024-08-09T13:55:13.907Z,Water Plant,Drain,Drain High Level Switch,0.0
Seasonal_Storage_System,2024-08-09T13:56:14.34Z,Water Plant,Drain,Drain High Level Switch,0.0
Seasonal_Storage_System,2024-08-09T13:57:14.163Z,Water Plant,Drain,Drain High Level Switch,0.0
Seasonal_Storage_System,2024-08-09T13:58:14.168Z,Water Plant,Drain,Drain High Level Switch,0.0
Seasonal_Storage_System,2024-08-09T13:59:14.177Z,Water Plant,Drain,Drain High Level Switch,0.0
Seasonal_Storage_System,2024-08-09T14:00:14.174Z,Water Plant,Drain,Drain High Level Switch,0.0
Seasonal_Storage_System,2024-08-09T14:01:14.169Z,Water Plant,Drain,Drain High Level Switch,0.0
Seasonal_Storage_System,2024-08-09T14:02:14.101Z,Water Plant,Drain,Drain High Level Switch,0.0
Seasonal_Storage_System,2024-08-09T14:03:14.1Z,Water Plant,Drain,Drain High Level Switch,0.0
Seasonal_Storage_System,2024-08-09T14:04:14.101Z,Water Plant,Drain,Drain High Level Switch,0.0
Seasonal_Storage_System,2024-08-09T14:05:14.164Z,Water Plant,Drain,Drain High Level Switch,0.0
Seasonal_Storage_System,2024-08-09T14:06:14.169Z,Water Plant,Drain,Drain High Level Switch,0.0
Seasonal_Storage_System,2024-08-09T14:07:14.188Z,Water Plant,Drain,Drain High Level Switch,0.0
Seasonal_Storage_System,2024-08-09T14:08:14.177Z,Water Plant,Drain,Drain High Level Switch,0.0
Seasonal_Storage_System,2024-08-09T14:09:14.173Z,Water Plant,Drain,Drain High Level Switch,0.0
Seasonal_Storage_System,2024-08-09T14:10:14.193Z,Water Plant,Drain,Drain High Level Switch,0.0
Seasonal_Storage_System,2024-08-09T14:11:14.257Z,Water Plant,Drain,Drain High Level Switch,0.0
Seasonal_Storage_System,2024-08-09T14:12:14.283Z,Water Plant,Drain,Drain High Level Switch,0.0
Seasonal_Storage_System,2024-08-09T14:13:14.34Z,Water Plant,Drain,Drain High Level Switch,0.0
Seasonal_Storage_System,2024-08-09T14:14:14.402Z,Water Plant,Drain,Drain High Level Switch,0.0
Seasonal_Storage_System,2024-08-09T14:15:14.356Z,Water Plant,Drain,Drain High Level Switch,0.0
Seasonal_Storage_System,2024-08-09T14:16:14.377Z,Water Plant,Drain,Drain High Level Switch,0.0
Seasonal_Storage_System,2024-08-09T14:17:14.371Z,Water Plant,Drain,Drain High Level Switch,0.0
Seasonal_Storage_System,2024-08-09T14:18:14.302Z,Water Plant,Drain,Drain High Level Switch,0.0
Seasonal_Storage_System,2024-08-09T14:19:14.302Z,Water Plant,Drain,Drain High Level Switch,0.0
Seasonal_Storage_System,2024-08-09T14:20:14.312Z,Water Plant,Drain,Drain High Level Switch,0.0
Seasonal_Storage_System,2024-08-09T14:21:14.303Z,Water Plant,Drain,Drain High Level Switch,0.0
Seasonal_Storage_System,2024-08-09T14:22:14.303Z,Water Plant,Drain,Drain High Level Switch,0.0
Seasonal_Storage_System,2024-08-09T14:23:14.39Z,Water Plant,Drain,Drain High Level Switch,0.0
Seasonal_Storage_System,2024-08-09T14:24:14.458Z,Water Plant,Drain,Drain High Level Switch,0.0
Seasonal_Storage_System,2024-08-09T14:25:14.517Z,Water Plant,Drain,Drain High Level Switch,0.0
Seasonal_Storage_System,2024-08-09T14:26:14.525Z,Water Plant,Drain,Drain High Level Switch,0.0
Seasonal_Storage_System,2024-08-09T14:27:14.51Z,Water Plant,Drain,Drain High Level Switch,0.0
Seasonal_Storage_System,2024-08-09T14:28:14.604Z,Water Plant,Drain,Drain High Level Switch,0.0
Seasonal_Storage_System,2024-08-09T14:29:14.547Z,Water Plant,Drain,Drain High Level Switch,0.0
Seasonal_Storage_System,2024-08-09T14:30:14.593Z,Water Plant,Drain,Drain High Level Switch,0.0
Seasonal_Storage_System,2024-08-09T14:31:14.567Z,Water Plant,Drain,Drain High Level Switch,0.0
Seasonal_Storage_System,2024-08-09T14:32:14.656Z,Water Plant,Drain,Drain High Level Switch,0.0
Seasonal_Storage_System,2024-08-09T14:33:14.727Z,Water Plant,Drain,Drain High Level Switch,0.0
Seasonal_Storage_System,2024-08-09T14:34:14.621Z,Water Plant,Drain,Drain High Level Switch,0.0
Seasonal_Storage_System,2024-08-09T14:35:14.616Z,Water Plant,Drain,Drain High Level Switch,0.0
Seasonal_Storage_System,2024-08-09T14:36:14.616Z,Water Plant,Drain,Drain High Level Switch,0.0
Seasonal_Storage_System,2024-08-09T14:37:14.645Z,Water Plant,Drain,Drain High Level Switch,0.0
Seasonal_Storage_System,2024-08-09T14:38:14.715Z,Water Plant,Drain,Drain High Level Switch,0.0
Seasonal_Storage_System,2024-08-09T14:39:14.679Z,Water Plant,Drain,Drain High Level Switch,0.0
Seasonal_Storage_System,2024-08-09T14:40:14.654Z,Water Plant,Drain,Drain High Level Switch,0.0
Seasonal_Storage_System,2024-08-09T14:41:14.579Z,Water Plant,Drain,Drain High Level Switch,0.0
Seasonal_Storage_System,2024-08-09T14:42:14.583Z,Water Plant,Drain,Drain High Level Switch,0.0
Seasonal_Storage_System,2024-08-09T14:43:14.588Z,Water Plant,Drain,Drain High Level Switch,0.0
Seasonal_Storage_System,2024-08-09T14:44:14.658Z,Water Plant,Drain,Drain High Level Switch,0.0
Seasonal_Storage_System,2024-08-09T14:45:14.702Z,Water Plant,Drain,Drain High Level Switch,0.0
Seasonal_Storage_System,2024-08-09T14:46:14.769Z,Water Plant,Drain,Drain High Level Switch,0.0
Seasonal_Storage_System,2024-08-09T14:47:14.8Z,Water Plant,Drain,Drain High Level Switch,0.0
Seasonal_Storage_System,2024-08-09T14:48:14.86Z,Water Plant,Drain,Drain High Level Switch,0.0
Seasonal_Storage_System,2024-08-09T14:49:14.919Z,Water Plant,Drain,Drain High Level Switch,0.0
Seasonal_Storage_System,2024-08-09T14:50:14.852Z,Water Plant,Drain,Drain High Level Switch,0.0
Seasonal_Storage_System,2024-08-09T14:51:14.856Z,Water Plant,Drain,Drain High Level Switch,0.0
Seasonal_Storage_System,2024-08-09T14:52:14.857Z,Water Plant,Drain,Drain High Level Switch,0.0
Seasonal_Storage_System,2024-08-09T14:53:14.864Z,Water Plant,Drain,Drain High Level Switch,0.0
Seasonal_Storage_System,2024-08-09T14:54:14.855Z,Water Plant,Drain,Drain High Level Switch,0.0
Seasonal_Storage_System,2024-08-09T14:55:14.858Z,Water Plant,Drain,Drain High Level Switch,0.0
Seasonal_Storage_System,2024-08-09T14:56:14.856Z,Water Plant,Drain,Drain High Level Switch,0.0
Seasonal_Storage_System,2024-08-09T14:57:14.889Z,Water Plant,Drain,Drain High Level Switch,0.0
Seasonal_Storage_System,2024-08-09T14:58:14.953Z,Water Plant,Drain,Drain High Level Switch,0.0
Seasonal_Storage_System,2024-08-09T14:59:14.885Z,Water Plant,Drain,Drain High Level Switch,0.0
Seasonal_Storage_System,2024-08-09T15:00:14.898Z,Water Plant,Drain,Drain High Level Switch,0.0
Seasonal_Storage_System,2024-08-09T15:01:14.912Z,Water Plant,Drain,Drain High Level Switch,0.0
Seasonal_Storage_System,2024-08-09T15:02:14.906Z,Water Plant,Drain,Drain High Level Switch,0.0
Seasonal_Storage_System,2024-08-09T15:03:14.904Z,Water Plant,Drain,Drain High Level Switch,0.0
Seasonal_Storage_System,2024-08-09T15:04:14.898Z,Water Plant,Drain,Drain High Level Switch,0.0
Seasonal_Storage_System,2024-08-09T15:05:14.896Z,Water Plant,Drain,Drain High Level Switch,0.0
Seasonal_Storage_System,2024-08-09T15:06:14.95Z,Water Plant,Drain,Drain High Level Switch,0.0
Seasonal_Storage_System,2024-08-09T15:07:14.976Z,Water Plant,Drain,Drain High Level Switch,0.0
Seasonal_Storage_System,2024-08-09T15:08:15.035Z,Water Plant,Drain,Drain High Level Switch,0.0
Seasonal_Storage_System,2024-08-09T15:09:15.034Z,Water Plant,Drain,Drain High Level Switch,0.0
Seasonal_Storage_System,2024-08-09T15:10:15.034Z,Water Plant,Drain,Drain High Level Switch,0.0
Seasonal_Storage_System,2024-08-09T15:11:15.052Z,Water Plant,Drain,Drain High Level Switch,0.0
Seasonal_Storage_System,2024-08-09T15:12:15.061Z,Water Plant,Drain,Drain High Level Switch,0.0
Seasonal_Storage_System,2024-08-09T15:13:15.051Z,Water Plant,Drain,Drain High Level Switch,0.0
Seasonal_Storage_System,2024-08-09T15:14:15.046Z,Water Plant,Drain,Drain High Level Switch,0.0
Seasonal_Storage_System,2024-08-09T15:15:15.045Z,Water Plant,Drain,Drain High Level Switch,0.0
Seasonal_Storage_System,2024-08-09T15:16:15.047Z,Water Plant,Drain,Drain High Level Switch,0.0
Seasonal_Storage_System,2024-08-09T15:17:15.047Z,Water Plant,Drain,Drain High Level Switch,0.0
Seasonal_Storage_System,2024-08-09T15:18:15.043Z,Water Plant,Drain,Drain High Level Switch,0.0
Seasonal_Storage_System,2024-08-09T15:19:15.057Z,Water Plant,Drain,Drain High Level Switch,0.0
Seasonal_Storage_System,2024-08-09T15:20:15.07Z,Water Plant,Drain,Drain High Level Switch,0.0
Seasonal_Storage_System,2024-08-09T15:21:15.061Z,Water Plant,Drain,Drain High Level Switch,0.0
Seasonal_Storage_System,2024-08-09T15:22:15.064Z,Water Plant,Drain,Drain High Level Switch,0.0
Seasonal_Storage_System,2024-08-09T15:23:14.988Z,Water Plant,Drain,Drain High Level Switch,0.0
Seasonal_Storage_System,2024-08-09T15:24:14.988Z,Water Plant,Drain,Drain High Level Switch,0.0
Seasonal_Storage_System,2024-08-09T15:25:14.988Z,Water Plant,Drain,Drain High Level Switch,0.0
Seasonal_Storage_System,2024-08-09T15:26:14.99Z,Water Plant,Drain,Drain High Level Switch,0.0
Seasonal_Storage_System,2024-08-09T15:27:14.988Z,Water Plant,Drain,Drain High Level Switch,0.0
Seasonal_Storage_System,2024-08-09T15:28:14.989Z,Water Plant,Drain,Drain High Level Switch,0.0
Seasonal_Storage_System,2024-08-09T15:29:14.991Z,Water Plant,Drain,Drain High Level Switch,0.0
Seasonal_Storage_System,2024-08-09T15:30:14.991Z,Water Plant,Drain,Drain High Level Switch,0.0
Seasonal_Storage_System,2024-08-09T15:31:15.083Z,Water Plant,Drain,Drain High Level Switch,0.0
Seasonal_Storage_System,2024-08-09T15:32:15.114Z,Water Plant,Drain,Drain High Level Switch,0.0
Seasonal_Storage_System,2024-08-09T15:33:15.174Z,Water Plant,Drain,Drain High Level Switch,0.0
Seasonal_Storage_System,2024-08-09T15:34:15.183Z,Water Plant,Drain,Drain High Level Switch,0.0
Seasonal_Storage_System,2024-08-09T15:35:15.193Z,Water Plant,Drain,Drain High Level Switch,0.0
Seasonal_Storage_System,2024-08-09T15:36:15.192Z,Water Plant,Drain,Drain High Level Switch,0.0
Seasonal_Storage_System,2024-08-09T15:37:15.187Z,Water Plant,Drain,Drain High Level Switch,0.0
Seasonal_Storage_System,2024-08-09T15:38:15.188Z,Water Plant,Drain,Drain High Level Switch,0.0
Seasonal_Storage_System,2024-08-09T15:39:15.209Z,Water Plant,Drain,Drain High Level Switch,0.0
Seasonal_Storage_System,2024-08-09T15:40:15.212Z,Water Plant,Drain,Drain High Level Switch,0.0
Seasonal_Storage_System,2024-08-09T15:41:15.208Z,Water Plant,Drain,Drain High Level Switch,0.0
Seasonal_Storage_System,2024-08-09T15:42:15.216Z,Water Plant,Drain,Drain High Level Switch,0.0
Seasonal_Storage_System,2024-08-09T15:43:15.208Z,Water Plant,Drain,Drain High Level Switch,0.0
Seasonal_Storage_System,2024-08-09T15:44:15.211Z,Water Plant,Drain,Drain High Level Switch,0.0
Seasonal_Storage_System,2024-08-09T15:45:15.24Z,Water Plant,Drain,Drain High Level Switch,0.0
Seasonal_Storage_System,2024-08-09T15:46:15.211Z,Water Plant,Drain,Drain High Level Switch,0.0
Seasonal_Storage_System,2024-08-09T15:47:15.206Z,Water Plant,Drain,Drain High Level Switch,0.0
Seasonal_Storage_System,2024-08-09T15:48:15.222Z,Water Plant,Drain,Drain High Level Switch,0.0
Seasonal_Storage_System,2024-08-09T15:49:15.216Z,Water Plant,Drain,Drain High Level Switch,0.0
Seasonal_Storage_System,2024-08-09T15:50:15.207Z,Water Plant,Drain,Drain High Level Switch,0.0
Seasonal_Storage_System,2024-08-09T15:51:15.252Z,Water Plant,Drain,Drain High Level Switch,0.0
Seasonal_Storage_System,2024-08-09T15:52:15.263Z,Water Plant,Drain,Drain High Level Switch,0.0
Seasonal_Storage_System,2024-08-09T15:53:15.262Z,Water Plant,Drain,Drain High Level Switch,0.0
Seasonal_Storage_System,2024-08-09T15:54:15.251Z,Water Plant,Drain,Drain High Level Switch,0.0
Seasonal_Storage_System,2024-08-09T15:55:15.256Z,Water Plant,Drain,Drain High Level Switch,0.0
Seasonal_Storage_System,2024-08-09T15:56:15.259Z,Water Plant,Drain,Drain High Level Switch,0.0
Seasonal_Storage_System,2024-08-09T15:57:15.189Z,Water Plant,Drain,Drain High Level Switch,0.0
Seasonal_Storage_System,2024-08-09T15:58:15.189Z,Water Plant,Drain,Drain High Level Switch,0.0
Seasonal_Storage_System,2024-08-09T15:59:15.19Z,Water Plant,Drain,Drain High Level Switch,0.0
Seasonal_Storage_System,2024-08-09T16:00:15.298Z,Water Plant,Drain,Drain High Level Switch,0.0
Seasonal_Storage_System,2024-08-09T16:01:15.354Z,Water Plant,Drain,Drain High Level Switch,0.0
Seasonal_Storage_System,2024-08-09T16:02:15.355Z,Water Plant,Drain,Drain High Level Switch,0.0
Seasonal_Storage_System,2024-08-09T16:03:15.357Z,Water Plant,Drain,Drain High Level Switch,0.0
Seasonal_Storage_System,2024-08-09T16:04:15.349Z,Water Plant,Drain,Drain High Level Switch,0.0
Seasonal_Storage_System,2024-08-09T16:05:15.357Z,Water Plant,Drain,Drain High Level Switch,0.0
Seasonal_Storage_System,2024-08-09T16:06:15.36Z,Water Plant,Drain,Drain High Level Switch,0.0
Seasonal_Storage_System,2024-08-09T16:07:15.361Z,Water Plant,Drain,Drain High Level Switch,0.0
Seasonal_Storage_System,2024-08-09T16:08:15.352Z,Water Plant,Drain,Drain High Level Switch,0.0
Seasonal_Storage_System,2024-08-09T16:09:15.469Z,Water Plant,Drain,Drain High Level Switch,0.0
Seasonal_Storage_System,2024-08-09T16:10:15.459Z,Water Plant,Drain,Drain High Level Switch,0.0
Seasonal_Storage_System,2024-08-09T16:11:15.388Z,Water Plant,Drain,Drain High Level Switch,0.0
Seasonal_Storage_System,2024-08-09T16:12:15.391Z,Water Plant,Drain,Drain High Level Switch,0.0
Seasonal_Storage_System,2024-08-09T16:13:15.402Z,Water Plant,Drain,Drain High Level Switch,0.0
Seasonal_Storage_System,2024-08-09T16:14:15.391Z,Water Plant,Drain,Drain High Level Switch,0.0
Seasonal_Storage_System,2024-08-09T16:15:15.421Z,Water Plant,Drain,Drain High Level Switch,0.0
Seasonal_Storage_System,2024-08-09T16:16:15.402Z,Water Plant,Drain,Drain High Level Switch,0.0
Seasonal_Storage_System,2024-08-09T16:17:15.4Z,Water Plant,Drain,Drain High Level Switch,0.0
Seasonal_Storage_System,2024-08-09T16:18:15.408Z,Water Plant,Drain,Drain High Level Switch,0.0
Seasonal_Storage_System,2024-08-09T16:19:15.406Z,Water Plant,Drain,Drain High Level Switch,0.0
Seasonal_Storage_System,2024-08-09T16:20:15.407Z,Water Plant,Drain,Drain High Level Switch,0.0
Seasonal_Storage_System,2024-08-09T16:21:15.406Z,Water Plant,Drain,Drain High Level Switch,0.0
Seasonal_Storage_System,2024-08-09T16:22:15.406Z,Water Plant,Drain,Drain High Level Switch,0.0
Seasonal_Storage_System,2024-08-09T16:23:15.403Z,Water Plant,Drain,Drain High Level Switch,0.0
Seasonal_Storage_System,2024-08-09T16:24:15.449Z,Water Plant,Drain,Drain High Level Switch,0.0
Seasonal_Storage_System,2024-08-09T16:25:15.514Z,Water Plant,Drain,Drain High Level Switch,0.0
Seasonal_Storage_System,2024-08-09T16:26:15.356Z,Water Plant,Drain,Drain High Level Switch,0.0
Seasonal_Storage_System,2024-08-09T16:27:15.353Z,Water Plant,Drain,Drain High Level Switch,0.0
Seasonal_Storage_System,2024-08-09T16:28:15.354Z,Water Plant,Drain,Drain High Level Switch,0.0
Seasonal_Storage_System,2024-08-09T16:29:15.358Z,Water Plant,Drain,Drain High Level Switch,0.0
Seasonal_Storage_System,2024-08-09T16:30:15.354Z,Water Plant,Drain,Drain High Level Switch,0.0
Seasonal_Storage_System,2024-08-09T16:31:15.353Z,Water Plant,Drain,Drain High Level Switch,0.0
Seasonal_Storage_System,2024-08-09T16:32:15.477Z,Water Plant,Drain,Drain High Level Switch,0.0
Seasonal_Storage_System,2024-08-09T16:33:15.557Z,Water Plant,Drain,Drain High Level Switch,0.0
Seasonal_Storage_System,2024-08-09T16:34:15.533Z,Water Plant,Drain,Drain High Level Switch,0.0
Seasonal_Storage_System,2024-08-09T16:35:15.524Z,Water Plant,Drain,Drain High Level Switch,0.0
Seasonal_Storage_System,2024-08-09T16:36:15.524Z,Water Plant,Drain,Drain High Level Switch,0.0
Seasonal_Storage_System,2024-08-09T16:37:15.523Z,Water Plant,Drain,Drain High Level Switch,0.0
Seasonal_Storage_System,2024-08-09T16:38:15.54Z,Water Plant,Drain,Drain High Level Switch,0.0
Seasonal_Storage_System,2024-08-09T16:39:15.601Z,Water Plant,Drain,Drain High Level Switch,0.0
Seasonal_Storage_System,2024-08-09T16:40:15.542Z,Water Plant,Drain,Drain High Level Switch,0.0
Seasonal_Storage_System,2024-08-09T16:41:15.542Z,Water Plant,Drain,Drain High Level Switch,0.0
Seasonal_Storage_System,2024-08-09T16:42:15.471Z,Water Plant,Drain,Drain High Level Switch,0.0
Seasonal_Storage_System,2024-08-09T16:43:15.474Z,Water Plant,Drain,Drain High Level Switch,0.0
Seasonal_Storage_System,2024-08-09T16:44:15.545Z,Water Plant,Drain,Drain High Level Switch,0.0
Seasonal_Storage_System,2024-08-09T16:45:15.546Z,Water Plant,Drain,Drain High Level Switch,0.0
Seasonal_Storage_System,2024-08-09T16:46:15.558Z,Water Plant,Drain,Drain High Level Switch,0.0
Seasonal_Storage_System,2024-08-09T16:47:15.645Z,Water Plant,Drain,Drain High Level Switch,0.0
Seasonal_Storage_System,2024-08-09T16:48:15.562Z,Water Plant,Drain,Drain High Level Switch,0.0
Seasonal_Storage_System,2024-08-09T16:49:15.562Z,Water Plant,Drain,Drain High Level Switch,0.0
Seasonal_Storage_System,2024-08-09T16:50:15.494Z,Water Plant,Drain,Drain High Level Switch,0.0
Seasonal_Storage_System,2024-08-09T16:51:15.493Z,Water Plant,Drain,Drain High Level Switch,0.0
Seasonal_Storage_System,2024-08-09T16:52:15.494Z,Water Plant,Drain,Drain High Level Switch,0.0
Seasonal_Storage_System,2024-08-09T16:53:15.633Z,Water Plant,Drain,Drain High Level Switch,0.0
Seasonal_Storage_System,2024-08-09T16:54:15.569Z,Water Plant,Drain,Drain High Level Switch,0.0
Seasonal_Storage_System,2024-08-09T16:55:15.496Z,Water Plant,Drain,Drain High Level Switch,0.0
Seasonal_Storage_System,2024-08-09T16:56:15.496Z,Water Plant,Drain,Drain High Level Switch,0.0
Seasonal_Storage_System,2024-08-09T16:57:15.496Z,Water Plant,Drain,Drain High Level Switch,0.0
Seasonal_Storage_System,2024-08-09T16:58:15.497Z,Water Plant,Drain,Drain High Level Switch,0.0
Seasonal_Storage_System,2024-08-09T16:59:15.57Z,Water Plant,Drain,Drain High Level Switch,0.0
Seasonal_Storage_System,2024-08-09T17:00:15.613Z,Water Plant,Drain,Drain High Level Switch,0.0
Seasonal_Storage_System,2024-08-09T17:01:15.766Z,Water Plant,Drain,Drain High Level Switch,0.0
Seasonal_Storage_System,2024-08-09T17:02:15.68Z,Water Plant,Drain,Drain High Level Switch,0.0
Seasonal_Storage_System,2024-08-09T17:03:15.685Z,Water Plant,Drain,Drain High Level Switch,0.0
Seasonal_Storage_System,2024-08-09T17:04:15.686Z,Water Plant,Drain,Drain High Level Switch,0.0
Seasonal_Storage_System,2024-08-09T17:05:15.686Z,Water Plant,Drain,Drain High Level Switch,0.0
Seasonal_Storage_System,2024-08-09T17:06:15.683Z,Water Plant,Drain,Drain High Level Switch,0.0
Seasonal_Storage_System,2024-08-09T17:07:15.685Z,Water Plant,Drain,Drain High Level Switch,0.0
Seasonal_Storage_System,2024-08-09T17:08:15.719Z,Water Plant,Drain,Drain High Level Switch,0.0
Seasonal_Storage_System,2024-08-09T17:09:15.707Z,Water Plant,Drain,Drain High Level Switch,0.0
Seasonal_Storage_System,2024-08-09T17:10:15.711Z,Water Plant,Drain,Drain High Level Switch,0.0
Seasonal_Storage_System,2024-08-09T17:11:15.774Z,Water Plant,Drain,Drain High Level Switch,0.0
Seasonal_Storage_System,2024-08-09T17:12:15.853Z,Water Plant,Drain,Drain High Level Switch,0.0
Seasonal_Storage_System,2024-08-09T17:13:15.883Z,Water Plant,Drain,Drain High Level Switch,0.0
Seasonal_Storage_System,2024-08-09T17:14:15.881Z,Water Plant,Drain,Drain High Level Switch,0.0
Seasonal_Storage_System,2024-08-09T17:15:15.882Z,Water Plant,Drain,Drain High Level Switch,0.0
Seasonal_Storage_System,2024-08-09T17:16:15.882Z,Water Plant,Drain,Drain High Level Switch,0.0
Seasonal_Storage_System,2024-08-09T17:17:15.882Z,Water Plant,Drain,Drain High Level Switch,0.0
Seasonal_Storage_System,2024-08-09T17:18:15.887Z,Water Plant,Drain,Drain High Level Switch,0.0
Seasonal_Storage_System,2024-08-09T17:19:15.897Z,Water Plant,Drain,Drain High Level Switch,0.0
Seasonal_Storage_System,2024-08-09T17:20:15.903Z,Water Plant,Drain,Drain High Level Switch,0.0
Seasonal_Storage_System,2024-08-09T17:21:15.952Z,Water Plant,Drain,Drain High Level Switch,0.0
Seasonal_Storage_System,2024-08-09T17:22:15.993Z,Water Plant,Drain,Drain High Level Switch,0.0
Seasonal_Storage_System,2024-08-09T17:23:16.034Z,Water Plant,Drain,Drain High Level Switch,0.0
Seasonal_Storage_System,2024-08-09T17:24:16.352Z,Water Plant,Drain,Drain High Level Switch,0.0
Seasonal_Storage_System,2024-08-09T17:25:16.199Z,Water Plant,Drain,Drain High Level Switch,0.0
Seasonal_Storage_System,2024-08-09T17:26:16.086Z,Water Plant,Drain,Drain High Level Switch,0.0
Seasonal_Storage_System,2024-08-09T17:27:16.192Z,Water Plant,Drain,Drain High Level Switch,0.0
Seasonal_Storage_System,2024-08-09T17:28:16.013Z,Water Plant,Drain,Drain High Level Switch,0.0
Seasonal_Storage_System,2024-08-09T17:29:16.326Z,Water Plant,Drain,Drain High Level Switch,0.0
Seasonal_Storage_System,2024-08-09T17:30:16.095Z,Water Plant,Drain,Drain High Level Switch,0.0
Seasonal_Storage_System,2024-08-09T17:31:16.292Z,Water Plant,Drain,Drain High Level Switch,0.0
Seasonal_Storage_System,2024-08-09T17:32:16.255Z,Water Plant,Drain,Drain High Level Switch,0.0
Seasonal_Storage_System,2024-08-09T17:33:16.21Z,Water Plant,Drain,Drain High Level Switch,0.0
Seasonal_Storage_System,2024-08-09T17:34:16.144Z,Water Plant,Drain,Drain High Level Switch,0.0
Seasonal_Storage_System,2024-08-09T17:35:16.256Z,Water Plant,Drain,Drain High Level Switch,0.0
Seasonal_Storage_System,2024-08-09T17:36:16.186Z,Water Plant,Drain,Drain High Level Switch,0.0
Seasonal_Storage_System,2024-08-09T17:37:16.103Z,Water Plant,Drain,Drain High Level Switch,0.0
Seasonal_Storage_System,2024-08-09T17:38:16.102Z,Water Plant,Drain,Drain High Level Switch,0.0
Seasonal_Storage_System,2024-08-09T17:39:16.103Z,Water Plant,Drain,Drain High Level Switch,0.0
Seasonal_Storage_System,2024-08-09T17:40:16.25Z,Water Plant,Drain,Drain High Level Switch,0.0
Seasonal_Storage_System,2024-08-09T17:41:16.195Z,Water Plant,Drain,Drain High Level Switch,0.0
Seasonal_Storage_System,2024-08-09T17:42:16.234Z,Water Plant,Drain,Drain High Level Switch,0.0
Seasonal_Storage_System,2024-08-09T17:43:16.217Z,Water Plant,Drain,Drain High Level Switch,0.0
Seasonal_Storage_System,2024-08-09T17:44:16.3Z,Water Plant,Drain,Drain High Level Switch,0.0
Seasonal_Storage_System,2024-08-09T17:45:16.184Z,Water Plant,Drain,Drain High Level Switch,0.0
Seasonal_Storage_System,2024-08-09T17:46:16.201Z,Water Plant,Drain,Drain High Level Switch,0.0
Seasonal_Storage_System,2024-08-09T17:47:16.223Z,Water Plant,Drain,Drain High Level Switch,0.0
Seasonal_Storage_System,2024-08-09T17:48:16.267Z,Water Plant,Drain,Drain High Level Switch,0.0
Seasonal_Storage_System,2024-08-09T17:49:16.322Z,Water Plant,Drain,Drain High Level Switch,0.0
Seasonal_Storage_System,2024-08-09T17:50:16.287Z,Water Plant,Drain,Drain High Level Switch,0.0
Seasonal_Storage_System,2024-08-09T17:51:16.25Z,Water Plant,Drain,Drain High Level Switch,0.0
Seasonal_Storage_System,2024-08-09T17:52:16.28Z,Water Plant,Drain,Drain High Level Switch,0.0
Seasonal_Storage_System,2024-08-09T17:53:16.486Z,Water Plant,Drain,Drain High Level Switch,0.0
Seasonal_Storage_System,2024-08-09T17:54:16.255Z,Water Plant,Drain,Drain High Level Switch,0.0
Seasonal_Storage_System,2024-08-09T17:55:16.246Z,Water Plant,Drain,Drain High Level Switch,0.0
Seasonal_Storage_System,2024-08-09T17:56:16.284Z,Water Plant,Drain,Drain High Level Switch,0.0
Seasonal_Storage_System,2024-08-09T17:57:16.285Z,Water Plant,Drain,Drain High Level Switch,0.0
Seasonal_Storage_System,2024-08-09T17:58:16.302Z,Water Plant,Drain,Drain High Level Switch,0.0
Seasonal_Storage_System,2024-08-09T17:59:16.275Z,Water Plant,Drain,Drain High Level Switch,0.0
Seasonal_Storage_System,2024-08-09T18:00:16.302Z,Water Plant,Drain,Drain High Level Switch,0.0
Seasonal_Storage_System,2024-08-09T18:01:16.326Z,Water Plant,Drain,Drain High Level Switch,0.0
Seasonal_Storage_System,2024-08-09T18:02:16.252Z,Water Plant,Drain,Drain High Level Switch,0.0
Seasonal_Storage_System,2024-08-09T18:03:16.283Z,Water Plant,Drain,Drain High Level Switch,0.0
Seasonal_Storage_System,2024-08-09T18:04:16.262Z,Water Plant,Drain,Drain High Level Switch,0.0
Seasonal_Storage_System,2024-08-09T18:05:16.327Z,Water Plant,Drain,Drain High Level Switch,0.0
Seasonal_Storage_System,2024-08-09T18:06:16.33Z,Water Plant,Drain,Drain High Level Switch,0.0
Seasonal_Storage_System,2024-08-09T18:07:16.311Z,Water Plant,Drain,Drain High Level Switch,0.0
Seasonal_Storage_System,2024-08-09T18:08:16.4Z,Water Plant,Drain,Drain High Level Switch,0.0
Seasonal_Storage_System,2024-08-09T18:09:16.292Z,Water Plant,Drain,Drain High Level Switch,0.0
Seasonal_Storage_System,2024-08-09T18:10:16.556Z,Water Plant,Drain,Drain High Level Switch,0.0
Seasonal_Storage_System,2024-08-09T18:11:16.495Z,Water Plant,Drain,Drain High Level Switch,0.0
Seasonal_Storage_System,2024-08-09T18:12:16.506Z,Water Plant,Drain,Drain High Level Switch,0.0
Seasonal_Storage_System,2024-08-09T18:13:16.484Z,Water Plant,Drain,Drain High Level Switch,0.0
Seasonal_Storage_System,2024-08-09T18:14:16.489Z,Water Plant,Drain,Drain High Level Switch,0.0
Seasonal_Storage_System,2024-08-09T18:15:16.517Z,Water Plant,Drain,Drain High Level Switch,0.0
Seasonal_Storage_System,2024-08-09T18:16:16.506Z,Water Plant,Drain,Drain High Level Switch,0.0
Seasonal_Storage_System,2024-08-09T18:17:16.523Z,Water Plant,Drain,Drain High Level Switch,0.0
Seasonal_Storage_System,2024-08-09T18:18:16.421Z,Water Plant,Drain,Drain High Level Switch,0.0
Seasonal_Storage_System,2024-08-09T18:19:16.422Z,Water Plant,Drain,Drain High Level Switch,0.0
Seasonal_Storage_System,2024-08-09T18:20:16.423Z,Water Plant,Drain,Drain High Level Switch,0.0
Seasonal_Storage_System,2024-08-09T18:21:16.512Z,Water Plant,Drain,Drain High Level Switch,0.0
Seasonal_Storage_System,2024-08-09T18:22:16.495Z,Water Plant,Drain,Drain High Level Switch,0.0
Seasonal_Storage_System,2024-08-09T18:23:16.512Z,Water Plant,Drain,Drain High Level Switch,0.0
Seasonal_Storage_System,2024-08-09T18:24:16.427Z,Water Plant,Drain,Drain High Level Switch,0.0
Seasonal_Storage_System,2024-08-09T18:25:16.428Z,Water Plant,Drain,Drain High Level Switch,0.0
Seasonal_Storage_System,2024-08-09T18:26:16.555Z,Water Plant,Drain,Drain High Level Switch,0.0
Seasonal_Storage_System,2024-08-09T18:27:16.558Z,Water Plant,Drain,Drain High Level Switch,0.0
Seasonal_Storage_System,2024-08-09T18:28:16.515Z,Water Plant,Drain,Drain High Level Switch,0.0
Seasonal_Storage_System,2024-08-09T18:29:16.586Z,Water Plant,Drain,Drain High Level Switch,0.0
Seasonal_Storage_System,2024-08-09T18:30:16.56Z,Water Plant,Drain,Drain High Level Switch,0.0
Seasonal_Storage_System,2024-08-09T18:31:16.59Z,Water Plant,Drain,Drain High Level Switch,0.0
Seasonal_Storage_System,2024-08-09T18:32:16.574Z,Water Plant,Drain,Drain High Level Switch,0.0
Seasonal_Storage_System,2024-08-09T18:33:16.581Z,Water Plant,Drain,Drain High Level Switch,0.0
Seasonal_Storage_System,2024-08-09T18:34:16.572Z,Water Plant,Drain,Drain High Level Switch,0.0
Seasonal_Storage_System,2024-08-09T18:35:16.59Z,Water Plant,Drain,Drain High Level Switch,0.0
Seasonal_Storage_System,2024-08-09T18:36:16.589Z,Water Plant,Drain,Drain High Level Switch,0.0
Seasonal_Storage_System,2024-08-09T18:37:16.625Z,Water Plant,Drain,Drain High Level Switch,0.0
Seasonal_Storage_System,2024-08-09T18:38:16.576Z,Water Plant,Drain,Drain High Level Switch,0.0
Seasonal_Storage_System,2024-08-09T18:39:16.58Z,Water Plant,Drain,Drain High Level Switch,0.0
Seasonal_Storage_System,2024-08-09T18:40:16.579Z,Water Plant,Drain,Drain High Level Switch,0.0
Seasonal_Storage_System,2024-08-09T18:41:16.513Z,Water Plant,Drain,Drain High Level Switch,0.0
Seasonal_Storage_System,2024-08-09T18:42:16.514Z,Water Plant,Drain,Drain High Level Switch,0.0
Seasonal_Storage_System,2024-08-09T18:43:16.514Z,Water Plant,Drain,Drain High Level Switch,0.0
Seasonal_Storage_System,2024-08-09T18:44:16.618Z,Water Plant,Drain,Drain High Level Switch,0.0
Seasonal_Storage_System,2024-08-09T18:45:16.6Z,Water Plant,Drain,Drain High Level Switch,0.0
Seasonal_Storage_System,2024-08-09T18:46:16.63Z,Water Plant,Drain,Drain High Level Switch,0.0
Seasonal_Storage_System,2024-08-09T18:47:16.608Z,Water Plant,Drain,Drain High Level Switch,0.0
Seasonal_Storage_System,2024-08-09T18:48:16.596Z,Water Plant,Drain,Drain High Level Switch,0.0
Seasonal_Storage_System,2024-08-09T18:49:16.601Z,Water Plant,Drain,Drain High Level Switch,0.0
Seasonal_Storage_System,2024-08-09T18:50:16.616Z,Water Plant,Drain,Drain High Level Switch,0.0
Seasonal_Storage_System,2024-08-09T18:51:16.606Z,Water Plant,Drain,Drain High Level Switch,0.0
Seasonal_Storage_System,2024-08-09T18:52:16.603Z,Water Plant,Drain,Drain High Level Switch,0.0
Seasonal_Storage_System,2024-08-09T18:53:16.612Z,Water Plant,Drain,Drain High Level Switch,0.0
Seasonal_Storage_System,2024-08-09T18:54:16.608Z,Water Plant,Drain,Drain High Level Switch,0.0
Seasonal_Storage_System,2024-08-09T18:55:16.605Z,Water Plant,Drain,Drain High Level Switch,0.0
Seasonal_Storage_System,2024-08-09T18:56:16.606Z,Water Plant,Drain,Drain High Level Switch,0.0
Seasonal_Storage_System,2024-08-09T18:57:16.61Z,Water Plant,Drain,Drain High Level Switch,0.0
Seasonal_Storage_System,2024-08-09T18:58:16.61Z,Water Plant,Drain,Drain High Level Switch,0.0
Seasonal_Storage_System,2024-08-09T18:59:16.601Z,Water Plant,Drain,Drain High Level Switch,0.0
Seasonal_Storage_System,2024-08-09T19:00:16.618Z,Water Plant,Drain,Drain High Level Switch,0.0
Seasonal_Storage_System,2024-08-09T19:01:16.614Z,Water Plant,Drain,Drain High Level Switch,0.0
Seasonal_Storage_System,2024-08-09T19:02:16.645Z,Water Plant,Drain,Drain High Level Switch,0.0
Seasonal_Storage_System,2024-08-09T19:03:16.63Z,Water Plant,Drain,Drain High Level Switch,0.0
Seasonal_Storage_System,2024-08-09T19:04:16.546Z,Water Plant,Drain,Drain High Level Switch,0.0
Seasonal_Storage_System,2024-08-09T19:05:16.546Z,Water Plant,Drain,Drain High Level Switch,0.0
Seasonal_Storage_System,2024-08-09T19:06:16.546Z,Water Plant,Drain,Drain High Level Switch,0.0
Seasonal_Storage_System,2024-08-09T19:07:16.547Z,Water Plant,Drain,Drain High Level Switch,0.0
Seasonal_Storage_System,2024-08-09T19:08:16.547Z,Water Plant,Drain,Drain High Level Switch,0.0
Seasonal_Storage_System,2024-08-09T19:09:16.547Z,Water Plant,Drain,Drain High Level Switch,0.0
Seasonal_Storage_System,2024-08-09T19:10:16.648Z,Water Plant,Drain,Drain High Level Switch,0.0
Seasonal_Storage_System,2024-08-09T19:11:16.666Z,Water Plant,Drain,Drain High Level Switch,0.0
Seasonal_Storage_System,2024-08-09T19:12:16.67Z,Water Plant,Drain,Drain High Level Switch,0.0
Seasonal_Storage_System,2024-08-09T19:13:16.682Z,Water Plant,Drain,Drain High Level Switch,0.0
Seasonal_Storage_System,2024-08-09T19:14:16.671Z,Water Plant,Drain,Drain High Level Switch,0.0
Seasonal_Storage_System,2024-08-09T19:15:16.671Z,Water Plant,Drain,Drain High Level Switch,0.0
Seasonal_Storage_System,2024-08-09T19:16:16.736Z,Water Plant,Drain,Drain High Level Switch,0.0
Seasonal_Storage_System,2024-08-09T19:17:16.797Z,Water Plant,Drain,Drain High Level Switch,0.0
Seasonal_Storage_System,2024-08-09T19:18:16.835Z,Water Plant,Drain,Drain High Level Switch,0.0
Seasonal_Storage_System,2024-08-09T19:19:16.882Z,Water Plant,Drain,Drain High Level Switch,0.0
Seasonal_Storage_System,2024-08-09T19:20:16.893Z,Water Plant,Drain,Drain High Level Switch,0.0
Seasonal_Storage_System,2024-08-09T19:21:16.961Z,Water Plant,Drain,Drain High Level Switch,0.0
Seasonal_Storage_System,2024-08-09T19:22:16.993Z,Water Plant,Drain,Drain High Level Switch,0.0
Seasonal_Storage_System,2024-08-09T19:23:17.036Z,Water Plant,Drain,Drain High Level Switch,0.0
Seasonal_Storage_System,2024-08-09T19:24:17.093Z,Water Plant,Drain,Drain High Level Switch,0.0
Seasonal_Storage_System,2024-08-09T19:25:17.105Z,Water Plant,Drain,Drain High Level Switch,0.0
Seasonal_Storage_System,2024-08-09T19:26:17.13Z,Water Plant,Drain,Drain High Level Switch,0.0
Seasonal_Storage_System,2024-08-09T19:27:17.157Z,Water Plant,Drain,Drain High Level Switch,0.0
Seasonal_Storage_System,2024-08-09T19:28:17.216Z,Water Plant,Drain,Drain High Level Switch,0.0
Seasonal_Storage_System,2024-08-09T19:29:17.282Z,Water Plant,Drain,Drain High Level Switch,0.0
Seasonal_Storage_System,2024-08-09T19:30:17.291Z,Water Plant,Drain,Drain High Level Switch,0.0
Seasonal_Storage_System,2024-08-09T19:31:17.35Z,Water Plant,Drain,Drain High Level Switch,0.0
Seasonal_Storage_System,2024-08-09T19:32:17.378Z,Water Plant,Drain,Drain High Level Switch,0.0
Seasonal_Storage_System,2024-08-09T19:33:17.458Z,Water Plant,Drain,Drain High Level Switch,0.0
Seasonal_Storage_System,2024-08-09T19:34:17.377Z,Water Plant,Drain,Drain High Level Switch,0.0
Seasonal_Storage_System,2024-08-09T19:35:17.385Z,Water Plant,Drain,Drain High Level Switch,0.0
Seasonal_Storage_System,2024-08-09T19:36:17.383Z,Water Plant,Drain,Drain High Level Switch,0.0
Seasonal_Storage_System,2024-08-09T19:37:17.314Z,Water Plant,Drain,Drain High Level Switch,0.0
Seasonal_Storage_System,2024-08-09T19:38:17.314Z,Water Plant,Drain,Drain High Level Switch,0.0
Seasonal_Storage_System,2024-08-09T19:39:17.387Z,Water Plant,Drain,Drain High Level Switch,0.0
Seasonal_Storage_System,2024-08-09T19:40:17.378Z,Water Plant,Drain,Drain High Level Switch,0.0
Seasonal_Storage_System,2024-08-09T19:41:17.378Z,Water Plant,Drain,Drain High Level Switch,0.0
Seasonal_Storage_System,2024-08-09T19:42:17.384Z,Water Plant,Drain,Drain High Level Switch,0.0
Seasonal_Storage_System,2024-08-09T19:43:17.383Z,Water Plant,Drain,Drain High Level Switch,0.0
Seasonal_Storage_System,2024-08-09T19:44:17.397Z,Water Plant,Drain,Drain High Level Switch,0.0
Seasonal_Storage_System,2024-08-09T19:45:17.323Z,Water Plant,Drain,Drain High Level Switch,0.0
Seasonal_Storage_System,2024-08-09T19:46:17.409Z,Water Plant,Drain,Drain High Level Switch,0.0
Seasonal_Storage_System,2024-08-09T19:47:17.409Z,Water Plant,Drain,Drain High Level Switch,0.0
Seasonal_Storage_System,2024-08-09T19:48:17.403Z,Water Plant,Drain,Drain High Level Switch,0.0
Seasonal_Storage_System,2024-08-09T19:49:17.423Z,Water Plant,Drain,Drain High Level Switch,0.0
Seasonal_Storage_System,2024-08-09T19:50:17.419Z,Water Plant,Drain,Drain High Level Switch,0.0
Seasonal_Storage_System,2024-08-09T19:51:17.446Z,Water Plant,Drain,Drain High Level Switch,0.0
Seasonal_Storage_System,2024-08-09T19:52:17.481Z,Water Plant,Drain,Drain High Level Switch,0.0
Seasonal_Storage_System,2024-08-09T19:53:17.492Z,Water Plant,Drain,Drain High Level Switch,0.0
Seasonal_Storage_System,2024-08-09T19:54:17.504Z,Water Plant,Drain,Drain High Level Switch,0.0
Seasonal_Storage_System,2024-08-09T19:55:17.497Z,Water Plant,Drain,Drain High Level Switch,0.0
Seasonal_Storage_System,2024-08-09T19:56:17.502Z,Water Plant,Drain,Drain High Level Switch,0.0
Seasonal_Storage_System,2024-08-09T19:57:17.51Z,Water Plant,Drain,Drain High Level Switch,0.0
Seasonal_Storage_System,2024-08-09T19:58:17.521Z,Water Plant,Drain,Drain High Level Switch,0.0
Seasonal_Storage_System,2024-08-09T19:59:17.537Z,Water Plant,Drain,Drain High Level Switch,0.0
Seasonal_Storage_System,2024-08-09T20:00:17.557Z,Water Plant,Drain,Drain High Level Switch,0.0
Seasonal_Storage_System,2024-08-09T20:01:17.585Z,Water Plant,Drain,Drain High Level Switch,0.0
Seasonal_Storage_System,2024-08-09T20:02:17.608Z,Water Plant,Drain,Drain High Level Switch,0.0
Seasonal_Storage_System,2024-08-09T20:03:17.618Z,Water Plant,Drain,Drain High Level Switch,0.0
Seasonal_Storage_System,2024-08-09T20:04:17.658Z,Water Plant,Drain,Drain High Level Switch,0.0
Seasonal_Storage_System,2024-08-09T20:05:17.706Z,Water Plant,Drain,Drain High Level Switch,0.0
Seasonal_Storage_System,2024-08-09T20:06:17.736Z,Water Plant,Drain,Drain High Level Switch,0.0
Seasonal_Storage_System,2024-08-09T20:07:17.756Z,Water Plant,Drain,Drain High Level Switch,0.0
Seasonal_Storage_System,2024-08-09T20:08:17.821Z,Water Plant,Drain,Drain High Level Switch,0.0
Seasonal_Storage_System,2024-08-09T20:09:17.754Z,Water Plant,Drain,Drain High Level Switch,0.0
Seasonal_Storage_System,2024-08-09T20:10:17.749Z,Water Plant,Drain,Drain High Level Switch,0.0
Seasonal_Storage_System,2024-08-09T20:11:17.764Z,Water Plant,Drain,Drain High Level Switch,0.0
Seasonal_Storage_System,2024-08-09T20:12:17.765Z,Water Plant,Drain,Drain High Level Switch,0.0
Seasonal_Storage_System,2024-08-09T20:13:17.761Z,Water Plant,Drain,Drain High Level Switch,0.0
Seasonal_Storage_System,2024-08-09T20:14:17.76Z,Water Plant,Drain,Drain High Level Switch,0.0
Seasonal_Storage_System,2024-08-09T20:15:17.757Z,Water Plant,Drain,Drain High Level Switch,0.0
Seasonal_Storage_System,2024-08-09T20:16:17.692Z,Water Plant,Drain,Drain High Level Switch,0.0
Seasonal_Storage_System,2024-08-09T20:17:17.695Z,Water Plant,Drain,Drain High Level Switch,0.0
Seasonal_Storage_System,2024-08-09T20:18:17.694Z,Water Plant,Drain,Drain High Level Switch,0.0
Seasonal_Storage_System,2024-08-09T20:19:17.794Z,Water Plant,Drain,Drain High Level Switch,0.0
Seasonal_Storage_System,2024-08-09T20:20:17.765Z,Water Plant,Drain,Drain High Level Switch,0.0
Seasonal_Storage_System,2024-08-09T20:21:17.778Z,Water Plant,Drain,Drain High Level Switch,0.0
Seasonal_Storage_System,2024-08-09T20:22:17.701Z,Water Plant,Drain,Drain High Level Switch,0.0
Seasonal_Storage_System,2024-08-09T20:23:17.701Z,Water Plant,Drain,Drain High Level Switch,0.0
Seasonal_Storage_System,2024-08-09T20:24:17.701Z,Water Plant,Drain,Drain High Level Switch,0.0
Seasonal_Storage_System,2024-08-09T20:25:17.703Z,Water Plant,Drain,Drain High Level Switch,0.0
Seasonal_Storage_System,2024-08-09T20:26:17.765Z,Water Plant,Drain,Drain High Level Switch,0.0
Seasonal_Storage_System,2024-08-09T20:27:17.772Z,Water Plant,Drain,Drain High Level Switch,0.0
Seasonal_Storage_System,2024-08-09T20:28:17.773Z,Water Plant,Drain,Drain High Level Switch,0.0
Seasonal_Storage_System,2024-08-09T20:29:17.776Z,Water Plant,Drain,Drain High Level Switch,0.0
Seasonal_Storage_System,2024-08-09T20:30:17.705Z,Water Plant,Drain,Drain High Level Switch,0.0
Seasonal_Storage_System,2024-08-09T20:31:17.783Z,Water Plant,Drain,Drain High Level Switch,0.0
Seasonal_Storage_System,2024-08-09T20:32:17.779Z,Water Plant,Drain,Drain High Level Switch,0.0
Seasonal_Storage_System,2024-08-09T20:33:17.784Z,Water Plant,Drain,Drain High Level Switch,0.0
Seasonal_Storage_System,2024-08-09T20:34:17.875Z,Water Plant,Drain,Drain High Level Switch,0.0
Seasonal_Storage_System,2024-08-09T20:35:17.854Z,Water Plant,Drain,Drain High Level Switch,0.0
Seasonal_Storage_System,2024-08-09T20:36:17.875Z,Water Plant,Drain,Drain High Level Switch,0.0
Seasonal_Storage_System,2024-08-09T20:37:17.923Z,Water Plant,Drain,Drain High Level Switch,0.0
Seasonal_Storage_System,2024-08-09T20:38:17.932Z,Water Plant,Drain,Drain High Level Switch,0.0
Seasonal_Storage_System,2024-08-09T20:39:17.929Z,Water Plant,Drain,Drain High Level Switch,0.0
Seasonal_Storage_System,2024-08-09T20:40:17.95Z,Water Plant,Drain,Drain High Level Switch,0.0
Seasonal_Storage_System,2024-08-09T20:41:17.997Z,Water Plant,Drain,Drain High Level Switch,0.0
Seasonal_Storage_System,2024-08-09T20:42:18.036Z,Water Plant,Drain,Drain High Level Switch,0.0
Seasonal_Storage_System,2024-08-09T20:43:18.037Z,Water Plant,Drain,Drain High Level Switch,0.0
Seasonal_Storage_System,2024-08-09T20:44:18.116Z,Water Plant,Drain,Drain High Level Switch,0.0
Seasonal_Storage_System,2024-08-09T20:45:18.135Z,Water Plant,Drain,Drain High Level Switch,0.0
Seasonal_Storage_System,2024-08-09T20:46:18.127Z,Water Plant,Drain,Drain High Level Switch,0.0
Seasonal_Storage_System,2024-08-09T20:47:18.179Z,Water Plant,Drain,Drain High Level Switch,0.0
Seasonal_Storage_System,2024-08-09T20:48:18.203Z,Water Plant,Drain,Drain High Level Switch,0.0
Seasonal_Storage_System,2024-08-09T20:49:18.289Z,Water Plant,Drain,Drain High Level Switch,0.0
Seasonal_Storage_System,2024-08-09T20:50:18.288Z,Water Plant,Drain,Drain High Level Switch,0.0
Seasonal_Storage_System,2024-08-09T20:51:18.212Z,Water Plant,Drain,Drain High Level Switch,0.0
Seasonal_Storage_System,2024-08-09T20:52:18.292Z,Water Plant,Drain,Drain High Level Switch,0.0
Seasonal_Storage_System,2024-08-09T20:53:18.359Z,Water Plant,Drain,Drain High Level Switch,0.0
Seasonal_Storage_System,2024-08-09T20:54:18.332Z,Water Plant,Drain,Drain High Level Switch,0.0
Seasonal_Storage_System,2024-08-09T20:55:18.36Z,Water Plant,Drain,Drain High Level Switch,0.0
Seasonal_Storage_System,2024-08-09T20:56:18.412Z,Water Plant,Drain,Drain High Level Switch,0.0
Seasonal_Storage_System,2024-08-09T20:57:18.434Z,Water Plant,Drain,Drain High Level Switch,0.0
Seasonal_Storage_System,2024-08-09T20:58:18.422Z,Water Plant,Drain,Drain High Level Switch,0.0
Seasonal_Storage_System,2024-08-09T20:59:18.435Z,Water Plant,Drain,Drain High Level Switch,0.0
Seasonal_Storage_System,2024-08-09T21:00:18.436Z,Water Plant,Drain,Drain High Level Switch,0.0
Seasonal_Storage_System,2024-08-09T21:01:18.492Z,Water Plant,Drain,Drain High Level Switch,0.0
Seasonal_Storage_System,2024-08-09T21:02:18.474Z,Water Plant,Drain,Drain High Level Switch,0.0
Seasonal_Storage_System,2024-08-09T21:03:18.487Z,Water Plant,Drain,Drain High Level Switch,0.0
Seasonal_Storage_System,2024-08-09T21:04:18.61Z,Water Plant,Drain,Drain High Level Switch,0.0
Seasonal_Storage_System,2024-08-09T21:05:18.584Z,Water Plant,Drain,Drain High Level Switch,0.0
Seasonal_Storage_System,2024-08-09T21:06:18.589Z,Water Plant,Drain,Drain High Level Switch,0.0
Seasonal_Storage_System,2024-08-09T21:07:18.588Z,Water Plant,Drain,Drain High Level Switch,0.0
Seasonal_Storage_System,2024-08-09T21:08:18.599Z,Water Plant,Drain,Drain High Level Switch,0.0
Seasonal_Storage_System,2024-08-09T21:09:18.588Z,Water Plant,Drain,Drain High Level Switch,0.0
Seasonal_Storage_System,2024-08-09T21:10:18.619Z,Water Plant,Drain,Drain High Level Switch,0.0
Seasonal_Storage_System,2024-08-09T21:11:18.603Z,Water Plant,Drain,Drain High Level Switch,0.0
Seasonal_Storage_System,2024-08-09T21:12:18.601Z,Water Plant,Drain,Drain High Level Switch,0.0
Seasonal_Storage_System,2024-08-09T21:13:18.599Z,Water Plant,Drain,Drain High Level Switch,0.0
Seasonal_Storage_System,2024-08-09T21:14:18.635Z,Water Plant,Drain,Drain High Level Switch,0.0
Seasonal_Storage_System,2024-08-09T21:15:18.687Z,Water Plant,Drain,Drain High Level Switch,0.0
Seasonal_Storage_System,2024-08-09T21:16:18.693Z,Water Plant,Drain,Drain High Level Switch,0.0
Seasonal_Storage_System,2024-08-09T21:17:18.691Z,Water Plant,Drain,Drain High Level Switch,0.0
Seasonal_Storage_System,2024-08-09T21:18:18.742Z,Water Plant,Drain,Drain High Level Switch,0.0
Seasonal_Storage_System,2024-08-09T21:19:18.768Z,Water Plant,Drain,Drain High Level Switch,0.0
Seasonal_Storage_System,2024-08-09T21:20:18.733Z,Water Plant,Drain,Drain High Level Switch,0.0
Seasonal_Storage_System,2024-08-09T21:21:18.785Z,Water Plant,Drain,Drain High Level Switch,0.0
Seasonal_Storage_System,2024-08-09T21:22:18.771Z,Water Plant,Drain,Drain High Level Switch,0.0
Seasonal_Storage_System,2024-08-09T21:23:18.781Z,Water Plant,Drain,Drain High Level Switch,0.0
Seasonal_Storage_System,2024-08-09T21:24:18.824Z,Water Plant,Drain,Drain High Level Switch,0.0
Seasonal_Storage_System,2024-08-09T21:25:18.833Z,Water Plant,Drain,Drain High Level Switch,0.0
Seasonal_Storage_System,2024-08-09T21:26:18.823Z,Water Plant,Drain,Drain High Level Switch,0.0
Seasonal_Storage_System,2024-08-09T21:27:18.865Z,Water Plant,Drain,Drain High Level Switch,0.0
Seasonal_Storage_System,2024-08-09T21:28:18.847Z,Water Plant,Drain,Drain High Level Switch,0.0
Seasonal_Storage_System,2024-08-09T21:29:18.894Z,Water Plant,Drain,Drain High Level Switch,0.0
Seasonal_Storage_System,2024-08-09T21:30:18.901Z,Water Plant,Drain,Drain High Level Switch,0.0
Seasonal_Storage_System,2024-08-09T21:31:18.913Z,Water Plant,Drain,Drain High Level Switch,0.0
Seasonal_Storage_System,2024-08-09T21:32:18.911Z,Water Plant,Drain,Drain High Level Switch,0.0
Seasonal_Storage_System,2024-08-09T21:33:18.921Z,Water Plant,Drain,Drain High Level Switch,0.0
Seasonal_Storage_System,2024-08-09T21:34:18.911Z,Water Plant,Drain,Drain High Level Switch,0.0
Seasonal_Storage_System,2024-08-09T21:35:18.961Z,Water Plant,Drain,Drain High Level Switch,0.0
Seasonal_Storage_System,2024-08-09T21:36:18.998Z,Water Plant,Drain,Drain High Level Switch,0.0
Seasonal_Storage_System,2024-08-09T21:37:19.035Z,Water Plant,Drain,Drain High Level Switch,0.0
Seasonal_Storage_System,2024-08-09T21:38:19.09Z,Water Plant,Drain,Drain High Level Switch,0.0
Seasonal_Storage_System,2024-08-09T21:39:19.068Z,Water Plant,Drain,Drain High Level Switch,0.0
Seasonal_Storage_System,2024-08-09T21:40:19.091Z,Water Plant,Drain,Drain High Level Switch,0.0
Seasonal_Storage_System,2024-08-09T21:41:19.103Z,Water Plant,Drain,Drain High Level Switch,0.0
Seasonal_Storage_System,2024-08-09T21:42:19.143Z,Water Plant,Drain,Drain High Level Switch,0.0
Seasonal_Storage_System,2024-08-09T21:43:19.162Z,Water Plant,Drain,Drain High Level Switch,0.0
Seasonal_Storage_System,2024-08-09T21:44:19.234Z,Water Plant,Drain,Drain High Level Switch,0.0
Seasonal_Storage_System,2024-08-09T21:45:19.216Z,Water Plant,Drain,Drain High Level Switch,0.0
Seasonal_Storage_System,2024-08-09T21:46:19.221Z,Water Plant,Drain,Drain High Level Switch,0.0
Seasonal_Storage_System,2024-08-09T21:47:19.26Z,Water Plant,Drain,Drain High Level Switch,0.0
Seasonal_Storage_System,2024-08-09T21:48:19.278Z,Water Plant,Drain,Drain High Level Switch,0.0
Seasonal_Storage_System,2024-08-09T21:49:19.353Z,Water Plant,Drain,Drain High Level Switch,0.0
Seasonal_Storage_System,2024-08-09T21:50:19.262Z,Water Plant,Drain,Drain High Level Switch,0.0
Seasonal_Storage_System,2024-08-09T21:51:19.337Z,Water Plant,Drain,Drain High Level Switch,0.0
Seasonal_Storage_System,2024-08-09T21:52:19.338Z,Water Plant,Drain,Drain High Level Switch,0.0
Seasonal_Storage_System,2024-08-09T21:53:19.401Z,Water Plant,Drain,Drain High Level Switch,0.0
Seasonal_Storage_System,2024-08-09T21:54:19.404Z,Water Plant,Drain,Drain High Level Switch,0.0
Seasonal_Storage_System,2024-08-09T21:55:19.456Z,Water Plant,Drain,Drain High Level Switch,0.0
Seasonal_Storage_System,2024-08-09T21:56:19.478Z,Water Plant,Drain,Drain High Level Switch,0.0
Seasonal_Storage_System,2024-08-09T21:57:19.49Z,Water Plant,Drain,Drain High Level Switch,0.0
Seasonal_Storage_System,2024-08-09T21:58:19.523Z,Water Plant,Drain,Drain High Level Switch,0.0
Seasonal_Storage_System,2024-08-09T21:59:19.55Z,Water Plant,Drain,Drain High Level Switch,0.0
Seasonal_Storage_System,2024-08-09T22:00:19.564Z,Water Plant,Drain,Drain High Level Switch,0.0
Seasonal_Storage_System,2024-08-09T22:01:19.536Z,Water Plant,Drain,Drain High Level Switch,0.0
Seasonal_Storage_System,2024-08-09T22:02:19.537Z,Water Plant,Drain,Drain High Level Switch,0.0
Seasonal_Storage_System,2024-08-09T22:03:19.572Z,Water Plant,Drain,Drain High Level Switch,0.0
Seasonal_Storage_System,2024-08-09T22:04:19.57Z,Water Plant,Drain,Drain High Level Switch,0.0
Seasonal_Storage_System,2024-08-09T22:05:19.626Z,Water Plant,Drain,Drain High Level Switch,0.0
Seasonal_Storage_System,2024-08-09T22:06:19.638Z,Water Plant,Drain,Drain High Level Switch,0.0
Seasonal_Storage_System,2024-08-09T22:07:19.684Z,Water Plant,Drain,Drain High Level Switch,0.0
Seasonal_Storage_System,2024-08-09T22:08:19.714Z,Water Plant,Drain,Drain High Level Switch,0.0
Seasonal_Storage_System,2024-08-09T22:09:19.733Z,Water Plant,Drain,Drain High Level Switch,0.0
Seasonal_Storage_System,2024-08-09T22:10:19.776Z,Water Plant,Drain,Drain High Level Switch,0.0
Seasonal_Storage_System,2024-08-09T22:11:19.834Z,Water Plant,Drain,Drain High Level Switch,0.0
Seasonal_Storage_System,2024-08-09T22:12:19.845Z,Water Plant,Drain,Drain High Level Switch,0.0
Seasonal_Storage_System,2024-08-09T22:13:19.858Z,Water Plant,Drain,Drain High Level Switch,0.0
Seasonal_Storage_System,2024-08-09T22:14:19.888Z,Water Plant,Drain,Drain High Level Switch,0.0
Seasonal_Storage_System,2024-08-09T22:15:19.954Z,Water Plant,Drain,Drain High Level Switch,0.0
Seasonal_Storage_System,2024-08-09T22:16:19.981Z,Water Plant,Drain,Drain High Level Switch,0.0
Seasonal_Storage_System,2024-08-09T22:17:19.992Z,Water Plant,Drain,Drain High Level Switch,0.0
Seasonal_Storage_System,2024-08-09T22:18:20.026Z,Water Plant,Drain,Drain High Level Switch,0.0
Seasonal_Storage_System,2024-08-09T22:19:20.049Z,Water Plant,Drain,Drain High Level Switch,0.0
Seasonal_Storage_System,2024-08-09T22:20:20.115Z,Water Plant,Drain,Drain High Level Switch,0.0
Seasonal_Storage_System,2024-08-09T22:21:20.048Z,Water Plant,Drain,Drain High Level Switch,0.0
Seasonal_Storage_System,2024-08-09T22:22:20.049Z,Water Plant,Drain,Drain High Level Switch,0.0
Seasonal_Storage_System,2024-08-09T22:23:19.979Z,Water Plant,Drain,Drain High Level Switch,0.0
Seasonal_Storage_System,2024-08-09T22:24:19.979Z,Water Plant,Drain,Drain High Level Switch,0.0
Seasonal_Storage_System,2024-08-09T22:25:19.979Z,Water Plant,Drain,Drain High Level Switch,0.0
Seasonal_Storage_System,2024-08-09T22:26:19.979Z,Water Plant,Drain,Drain High Level Switch,0.0
Seasonal_Storage_System,2024-08-09T22:27:19.981Z,Water Plant,Drain,Drain High Level Switch,0.0
Seasonal_Storage_System,2024-08-09T22:28:19.98Z,Water Plant,Drain,Drain High Level Switch,0.0
Seasonal_Storage_System,2024-08-09T22:29:19.98Z,Water Plant,Drain,Drain High Level Switch,0.0
Seasonal_Storage_System,2024-08-09T22:30:19.98Z,Water Plant,Drain,Drain High Level Switch,0.0
Seasonal_Storage_System,2024-08-09T22:31:19.98Z,Water Plant,Drain,Drain High Level Switch,0.0
Seasonal_Storage_System,2024-08-09T22:32:19.98Z,Water Plant,Drain,Drain High Level Switch,0.0
Seasonal_Storage_System,2024-08-09T22:33:20.061Z,Water Plant,Drain,Drain High Level Switch,0.0
Seasonal_Storage_System,2024-08-09T22:34:20.059Z,Water Plant,Drain,Drain High Level Switch,0.0
Seasonal_Storage_System,2024-08-09T22:35:19.984Z,Water Plant,Drain,Drain High Level Switch,0.0
Seasonal_Storage_System,2024-08-09T22:36:19.985Z,Water Plant,Drain,Drain High Level Switch,0.0
Seasonal_Storage_System,2024-08-09T22:37:19.984Z,Water Plant,Drain,Drain High Level Switch,0.0
Seasonal_Storage_System,2024-08-09T22:38:19.984Z,Water Plant,Drain,Drain High Level Switch,0.0
Seasonal_Storage_System,2024-08-09T22:39:19.987Z,Water Plant,Drain,Drain High Level Switch,0.0
Seasonal_Storage_System,2024-08-09T22:40:19.985Z,Water Plant,Drain,Drain High Level Switch,0.0
Seasonal_Storage_System,2024-08-09T22:41:20.058Z,Water Plant,Drain,Drain High Level Switch,0.0
Seasonal_Storage_System,2024-08-09T22:42:20.072Z,Water Plant,Drain,Drain High Level Switch,0.0
Seasonal_Storage_System,2024-08-09T22:43:20.096Z,Water Plant,Drain,Drain High Level Switch,0.0
Seasonal_Storage_System,2024-08-09T22:44:20.108Z,Water Plant,Drain,Drain High Level Switch,0.0
Seasonal_Storage_System,2024-08-09T22:45:20.117Z,Water Plant,Drain,Drain High Level Switch,0.0
Seasonal_Storage_System,2024-08-09T22:46:20.15Z,Water Plant,Drain,Drain High Level Switch,0.0
Seasonal_Storage_System,2024-08-09T22:47:20.163Z,Water Plant,Drain,Drain High Level Switch,0.0
Seasonal_Storage_System,2024-08-09T22:48:20.091Z,Water Plant,Drain,Drain High Level Switch,0.0
Seasonal_Storage_System,2024-08-09T22:49:20.177Z,Water Plant,Drain,Drain High Level Switch,0.0
Seasonal_Storage_System,2024-08-09T22:50:20.202Z,Water Plant,Drain,Drain High Level Switch,0.0
Seasonal_Storage_System,2024-08-09T22:51:20.248Z,Water Plant,Drain,Drain High Level Switch,0.0
Seasonal_Storage_System,2024-08-09T22:52:20.273Z,Water Plant,Drain,Drain High Level Switch,0.0
Seasonal_Storage_System,2024-08-09T22:53:20.305Z,Water Plant,Drain,Drain High Level Switch,0.0
Seasonal_Storage_System,2024-08-09T22:54:20.314Z,Water Plant,Drain,Drain High Level Switch,0.0
Seasonal_Storage_System,2024-08-09T22:55:20.32Z,Water Plant,Drain,Drain High Level Switch,0.0
Seasonal_Storage_System,2024-08-09T22:56:20.326Z,Water Plant,Drain,Drain High Level Switch,0.0
Seasonal_Storage_System,2024-08-09T22:57:20.341Z,Water Plant,Drain,Drain High Level Switch,0.0
Seasonal_Storage_System,2024-08-09T22:58:20.341Z,Water Plant,Drain,Drain High Level Switch,0.0
Seasonal_Storage_System,2024-08-09T22:59:20.349Z,Water Plant,Drain,Drain High Level Switch,0.0
Seasonal_Storage_System,2024-08-09T23:00:20.364Z,Water Plant,Drain,Drain High Level Switch,0.0
Seasonal_Storage_System,2024-08-09T23:01:20.392Z,Water Plant,Drain,Drain High Level Switch,0.0
Seasonal_Storage_System,2024-08-09T23:02:20.394Z,Water Plant,Drain,Drain High Level Switch,0.0
Seasonal_Storage_System,2024-08-09T23:03:20.42Z,Water Plant,Drain,Drain High Level Switch,0.0
Seasonal_Storage_System,2024-08-09T23:04:20.459Z,Water Plant,Drain,Drain High Level Switch,0.0
Seasonal_Storage_System,2024-08-09T23:05:20.478Z,Water Plant,Drain,Drain High Level Switch,0.0
Seasonal_Storage_System,2024-08-09T23:06:20.499Z,Water Plant,Drain,Drain High Level Switch,0.0
Seasonal_Storage_System,2024-08-09T23:07:20.513Z,Water Plant,Drain,Drain High Level Switch,0.0
Seasonal_Storage_System,2024-08-09T23:08:20.538Z,Water Plant,Drain,Drain High Level Switch,0.0
Seasonal_Storage_System,2024-08-09T23:09:20.556Z,Water Plant,Drain,Drain High Level Switch,0.0
Seasonal_Storage_System,2024-08-09T23:10:20.561Z,Water Plant,Drain,Drain High Level Switch,0.0
Seasonal_Storage_System,2024-08-09T23:11:20.57Z,Water Plant,Drain,Drain High Level Switch,0.0
Seasonal_Storage_System,2024-08-09T23:12:20.566Z,Water Plant,Drain,Drain High Level Switch,0.0
Seasonal_Storage_System,2024-08-09T23:13:20.572Z,Water Plant,Drain,Drain High Level Switch,0.0
Seasonal_Storage_System,2024-08-09T23:14:20.583Z,Water Plant,Drain,Drain High Level Switch,0.0
Seasonal_Storage_System,2024-08-09T23:15:20.6Z,Water Plant,Drain,Drain High Level Switch,0.0
Seasonal_Storage_System,2024-08-09T23:16:20.651Z,Water Plant,Drain,Drain High Level Switch,0.0
Seasonal_Storage_System,2024-08-09T23:17:20.669Z,Water Plant,Drain,Drain High Level Switch,0.0
Seasonal_Storage_System,2024-08-09T23:18:20.699Z,Water Plant,Drain,Drain High Level Switch,0.0
Seasonal_Storage_System,2024-08-09T23:19:20.718Z,Water Plant,Drain,Drain High Level Switch,0.0
Seasonal_Storage_System,2024-08-09T23:20:20.726Z,Water Plant,Drain,Drain High Level Switch,0.0
Seasonal_Storage_System,2024-08-09T23:21:20.752Z,Water Plant,Drain,Drain High Level Switch,0.0
Seasonal_Storage_System,2024-08-09T23:22:20.768Z,Water Plant,Drain,Drain High Level Switch,0.0
Seasonal_Storage_System,2024-08-09T23:23:20.812Z,Water Plant,Drain,Drain High Level Switch,0.0
Seasonal_Storage_System,2024-08-09T23:24:20.827Z,Water Plant,Drain,Drain High Level Switch,0.0
Seasonal_Storage_System,2024-08-09T23:25:20.864Z,Water Plant,Drain,Drain High Level Switch,0.0
Seasonal_Storage_System,2024-08-09T23:26:20.869Z,Water Plant,Drain,Drain High Level Switch,0.0
Seasonal_Storage_System,2024-08-09T23:27:20.874Z,Water Plant,Drain,Drain High Level Switch,0.0
Seasonal_Storage_System,2024-08-09T23:28:20.892Z,Water Plant,Drain,Drain High Level Switch,0.0
Seasonal_Storage_System,2024-08-09T23:29:20.895Z,Water Plant,Drain,Drain High Level Switch,0.0
Seasonal_Storage_System,2024-08-09T23:30:20.92Z,Water Plant,Drain,Drain High Level Switch,0.0
Seasonal_Storage_System,2024-08-09T23:31:20.938Z,Water Plant,Drain,Drain High Level Switch,0.0
Seasonal_Storage_System,2024-08-09T23:32:20.961Z,Water Plant,Drain,Drain High Level Switch,0.0
Seasonal_Storage_System,2024-08-09T23:33:20.965Z,Water Plant,Drain,Drain High Level Switch,0.0
Seasonal_Storage_System,2024-08-09T23:34:21.133Z,Water Plant,Drain,Drain High Level Switch,0.0
Seasonal_Storage_System,2024-08-09T23:35:21.064Z,Water Plant,Drain,Drain High Level Switch,0.0
Seasonal_Storage_System,2024-08-09T23:36:21.076Z,Water Plant,Drain,Drain High Level Switch,0.0
Seasonal_Storage_System,2024-08-09T23:37:21.089Z,Water Plant,Drain,Drain High Level Switch,0.0
Seasonal_Storage_System,2024-08-09T23:38:21.239Z,Water Plant,Drain,Drain High Level Switch,0.0
Seasonal_Storage_System,2024-08-09T23:39:21.168Z,Water Plant,Drain,Drain High Level Switch,0.0
Seasonal_Storage_System,2024-08-09T23:40:21.221Z,Water Plant,Drain,Drain High Level Switch,0.0
Seasonal_Storage_System,2024-08-09T23:41:21.221Z,Water Plant,Drain,Drain High Level Switch,0.0
Seasonal_Storage_System,2024-08-09T23:42:21.23Z,Water Plant,Drain,Drain High Level Switch,0.0
Seasonal_Storage_System,2024-08-09T23:43:21.25Z,Water Plant,Drain,Drain High Level Switch,0.0
Seasonal_Storage_System,2024-08-09T23:44:21.268Z,Water Plant,Drain,Drain High Level Switch,0.0
Seasonal_Storage_System,2024-08-09T23:45:21.271Z,Water Plant,Drain,Drain High Level Switch,0.0
Seasonal_Storage_System,2024-08-09T23:46:21.206Z,Water Plant,Drain,Drain High Level Switch,0.0
Seasonal_Storage_System,2024-08-09T23:47:21.207Z,Water Plant,Drain,Drain High Level Switch,0.0
Seasonal_Storage_System,2024-08-09T23:48:21.205Z,Water Plant,Drain,Drain High Level Switch,0.0
Seasonal_Storage_System,2024-08-09T23:49:21.206Z,Water Plant,Drain,Drain High Level Switch,0.0
Seasonal_Storage_System,2024-08-09T23:50:21.209Z,Water Plant,Drain,Drain High Level Switch,0.0
Seasonal_Storage_System,2024-08-09T23:51:21.207Z,Water Plant,Drain,Drain High Level Switch,0.0
Seasonal_Storage_System,2024-08-09T23:52:21.212Z,Water Plant,Drain,Drain High Level Switch,0.0
Seasonal_Storage_System,2024-08-09T23:53:21.208Z,Water Plant,Drain,Drain High Level Switch,0.0
Seasonal_Storage_System,2024-08-09T23:54:21.209Z,Water Plant,Drain,Drain High Level Switch,0.0
Seasonal_Storage_System,2024-08-09T23:55:21.209Z,Water Plant,Drain,Drain High Level Switch,0.0
Seasonal_Storage_System,2024-08-09T23:56:21.215Z,Water Plant,Drain,Drain High Level Switch,0.0
Seasonal_Storage_System,2024-08-09T23:57:21.215Z,Water Plant,Drain,Drain High Level Switch,0.0
Seasonal_Storage_System,2024-08-09T23:58:21.22Z,Water Plant,Drain,Drain High Level Switch,0.0
Seasonal_Storage_System,2024-08-09T23:59:21.212Z,Water Plant,Drain,Drain High Level Switch,0.0
Seasonal_Storage_System,2024-08-10T00:00:21.212Z,Water Plant,Drain,Drain High Level Switch,0.0
Seasonal_Storage_System,2024-08-10T00:01:21.212Z,Water Plant,Drain,Drain High Level Switch,0.0
Seasonal_Storage_System,2024-08-10T00:02:21.213Z,Water Plant,Drain,Drain High Level Switch,0.0
Seasonal_Storage_System,2024-08-10T00:03:21.212Z,Water Plant,Drain,Drain High Level Switch,0.0
Seasonal_Storage_System,2024-08-10T00:04:21.213Z,Water Plant,Drain,Drain High Level Switch,0.0
Seasonal_Storage_System,2024-08-10T00:05:21.212Z,Water Plant,Drain,Drain High Level Switch,0.0
Seasonal_Storage_System,2024-08-10T00:06:21.213Z,Water Plant,Drain,Drain High Level Switch,0.0
Seasonal_Storage_System,2024-08-10T00:07:21.214Z,Water Plant,Drain,Drain High Level Switch,0.0
Seasonal_Storage_System,2024-08-10T00:08:21.214Z,Water Plant,Drain,Drain High Level Switch,0.0
Seasonal_Storage_System,2024-08-10T00:09:21.215Z,Water Plant,Drain,Drain High Level Switch,0.0
Seasonal_Storage_System,2024-08-10T00:10:21.311Z,Water Plant,Drain,Drain High Level Switch,0.0
Seasonal_Storage_System,2024-08-10T00:11:21.324Z,Water Plant,Drain,Drain High Level Switch,0.0
Seasonal_Storage_System,2024-08-10T00:12:21.357Z,Water Plant,Drain,Drain High Level Switch,0.0
Seasonal_Storage_System,2024-08-10T00:13:21.362Z,Water Plant,Drain,Drain High Level Switch,0.0
Seasonal_Storage_System,2024-08-10T00:14:21.373Z,Water Plant,Drain,Drain High Level Switch,0.0
Seasonal_Storage_System,2024-08-10T00:15:21.404Z,Water Plant,Drain,Drain High Level Switch,0.0
Seasonal_Storage_System,2024-08-10T00:16:21.409Z,Water Plant,Drain,Drain High Level Switch,0.0
Seasonal_Storage_System,2024-08-10T00:17:21.419Z,Water Plant,Drain,Drain High Level Switch,0.0
Seasonal_Storage_System,2024-08-10T00:18:21.409Z,Water Plant,Drain,Drain High Level Switch,0.0
Seasonal_Storage_System,2024-08-10T00:19:21.418Z,Water Plant,Drain,Drain High Level Switch,0.0
Seasonal_Storage_System,2024-08-10T00:20:21.415Z,Water Plant,Drain,Drain High Level Switch,0.0
Seasonal_Storage_System,2024-08-10T00:21:21.417Z,Water Plant,Drain,Drain High Level Switch,0.0
Seasonal_Storage_System,2024-08-10T00:22:21.349Z,Water Plant,Drain,Drain High Level Switch,0.0
Seasonal_Storage_System,2024-08-10T00:23:21.347Z,Water Plant,Drain,Drain High Level Switch,0.0
Seasonal_Storage_System,2024-08-10T00:24:21.347Z,Water Plant,Drain,Drain High Level Switch,0.0
Seasonal_Storage_System,2024-08-10T00:25:21.347Z,Water Plant,Drain,Drain High Level Switch,0.0
Seasonal_Storage_System,2024-08-10T00:26:21.356Z,Water Plant,Drain,Drain High Level Switch,0.0
Seasonal_Storage_System,2024-08-10T00:27:21.356Z,Water Plant,Drain,Drain High Level Switch,0.0
Seasonal_Storage_System,2024-08-10T00:28:21.354Z,Water Plant,Drain,Drain High Level Switch,0.0
Seasonal_Storage_System,2024-08-10T00:29:21.354Z,Water Plant,Drain,Drain High Level Switch,0.0
Seasonal_Storage_System,2024-08-10T00:30:21.355Z,Water Plant,Drain,Drain High Level Switch,0.0
Seasonal_Storage_System,2024-08-10T00:31:21.354Z,Water Plant,Drain,Drain High Level Switch,0.0
Seasonal_Storage_System,2024-08-10T00:32:21.354Z,Water Plant,Drain,Drain High Level Switch,0.0
Seasonal_Storage_System,2024-08-10T00:33:21.354Z,Water Plant,Drain,Drain High Level Switch,0.0
Seasonal_Storage_System,2024-08-10T00:34:21.46Z,Water Plant,Drain,Drain High Level Switch,0.0
Seasonal_Storage_System,2024-08-10T00:35:21.471Z,Water Plant,Drain,Drain High Level Switch,0.0
Seasonal_Storage_System,2024-08-10T00:36:21.493Z,Water Plant,Drain,Drain High Level Switch,0.0
Seasonal_Storage_System,2024-08-10T00:37:21.503Z,Water Plant,Drain,Drain High Level Switch,0.0
Seasonal_Storage_System,2024-08-10T00:38:21.53Z,Water Plant,Drain,Drain High Level Switch,0.0
Seasonal_Storage_System,2024-08-10T00:39:21.538Z,Water Plant,Drain,Drain High Level Switch,0.0
Seasonal_Storage_System,2024-08-10T00:40:21.56Z,Water Plant,Drain,Drain High Level Switch,0.0
Seasonal_Storage_System,2024-08-10T00:41:21.587Z,Water Plant,Drain,Drain High Level Switch,0.0
Seasonal_Storage_System,2024-08-10T00:42:21.61Z,Water Plant,Drain,Drain High Level Switch,0.0
Seasonal_Storage_System,2024-08-10T00:43:21.648Z,Water Plant,Drain,Drain High Level Switch,0.0
Seasonal_Storage_System,2024-08-10T00:44:21.656Z,Water Plant,Drain,Drain High Level Switch,0.0
Seasonal_Storage_System,2024-08-10T00:45:21.67Z,Water Plant,Drain,Drain High Level Switch,0.0
Seasonal_Storage_System,2024-08-10T00:46:21.686Z,Water Plant,Drain,Drain High Level Switch,0.0
Seasonal_Storage_System,2024-08-10T00:47:21.695Z,Water Plant,Drain,Drain High Level Switch,0.0
Seasonal_Storage_System,2024-08-10T00:48:21.704Z,Water Plant,Drain,Drain High Level Switch,0.0
Seasonal_Storage_System,2024-08-10T00:49:21.705Z,Water Plant,Drain,Drain High Level Switch,0.0
Seasonal_Storage_System,2024-08-10T00:50:21.745Z,Water Plant,Drain,Drain High Level Switch,0.0
Seasonal_Storage_System,2024-08-10T00:51:21.725Z,Water Plant,Drain,Drain High Level Switch,0.0
Seasonal_Storage_System,2024-08-10T00:52:21.743Z,Water Plant,Drain,Drain High Level Switch,0.0
Seasonal_Storage_System,2024-08-10T00:53:21.754Z,Water Plant,Drain,Drain High Level Switch,0.0
Seasonal_Storage_System,2024-08-10T00:54:21.77Z,Water Plant,Drain,Drain High Level Switch,0.0
Seasonal_Storage_System,2024-08-10T00:55:21.796Z,Water Plant,Drain,Drain High Level Switch,0.0
Seasonal_Storage_System,2024-08-10T00:56:21.798Z,Water Plant,Drain,Drain High Level Switch,0.0
Seasonal_Storage_System,2024-08-10T00:57:21.814Z,Water Plant,Drain,Drain High Level Switch,0.0
Seasonal_Storage_System,2024-08-10T00:58:21.843Z,Water Plant,Drain,Drain High Level Switch,0.0
Seasonal_Storage_System,2024-08-10T00:59:21.861Z,Water Plant,Drain,Drain High Level Switch,0.0
Seasonal_Storage_System,2024-08-10T01:00:21.871Z,Water Plant,Drain,Drain High Level Switch,0.0
Seasonal_Storage_System,2024-08-10T01:01:21.877Z,Water Plant,Drain,Drain High Level Switch,0.0
Seasonal_Storage_System,2024-08-10T01:02:21.911Z,Water Plant,Drain,Drain High Level Switch,0.0
Seasonal_Storage_System,2024-08-10T01:03:21.846Z,Water Plant,Drain,Drain High Level Switch,0.0
Seasonal_Storage_System,2024-08-10T01:04:21.926Z,Water Plant,Drain,Drain High Level Switch,0.0
Seasonal_Storage_System,2024-08-10T01:05:21.945Z,Water Plant,Drain,Drain High Level Switch,0.0
Seasonal_Storage_System,2024-08-10T01:06:21.973Z,Water Plant,Drain,Drain High Level Switch,0.0
Seasonal_Storage_System,2024-08-10T01:07:21.978Z,Water Plant,Drain,Drain High Level Switch,0.0
Seasonal_Storage_System,2024-08-10T01:08:21.995Z,Water Plant,Drain,Drain High Level Switch,0.0
Seasonal_Storage_System,2024-08-10T01:09:22.073Z,Water Plant,Drain,Drain High Level Switch,0.0
Seasonal_Storage_System,2024-08-10T01:10:22.07Z,Water Plant,Drain,Drain High Level Switch,0.0
Seasonal_Storage_System,2024-08-10T01:11:22.095Z,Water Plant,Drain,Drain High Level Switch,0.0
Seasonal_Storage_System,2024-08-10T01:12:22.105Z,Water Plant,Drain,Drain High Level Switch,0.0
Seasonal_Storage_System,2024-08-10T01:13:22.111Z,Water Plant,Drain,Drain High Level Switch,0.0
Seasonal_Storage_System,2024-08-10T01:14:22.109Z,Water Plant,Drain,Drain High Level Switch,0.0
Seasonal_Storage_System,2024-08-10T01:15:22.104Z,Water Plant,Drain,Drain High Level Switch,0.0
Seasonal_Storage_System,2024-08-10T01:16:22.035Z,Water Plant,Drain,Drain High Level Switch,0.0
Seasonal_Storage_System,2024-08-10T01:17:22.038Z,Water Plant,Drain,Drain High Level Switch,0.0
Seasonal_Storage_System,2024-08-10T01:18:22.036Z,Water Plant,Drain,Drain High Level Switch,0.0
Seasonal_Storage_System,2024-08-10T01:19:22.108Z,Water Plant,Drain,Drain High Level Switch,0.0
Seasonal_Storage_System,2024-08-10T01:20:22.112Z,Water Plant,Drain,Drain High Level Switch,0.0
Seasonal_Storage_System,2024-08-10T01:21:22.1Z,Water Plant,Drain,Drain High Level Switch,0.0
Seasonal_Storage_System,2024-08-10T01:22:22.105Z,Water Plant,Drain,Drain High Level Switch,0.0
Seasonal_Storage_System,2024-08-10T01:23:22.107Z,Water Plant,Drain,Drain High Level Switch,0.0
Seasonal_Storage_System,2024-08-10T01:24:22.168Z,Water Plant,Drain,Drain High Level Switch,0.0
Seasonal_Storage_System,2024-08-10T01:25:22.139Z,Water Plant,Drain,Drain High Level Switch,0.0
Seasonal_Storage_System,2024-08-10T01:26:22.139Z,Water Plant,Drain,Drain High Level Switch,0.0
Seasonal_Storage_System,2024-08-10T01:27:22.134Z,Water Plant,Drain,Drain High Level Switch,0.0
Seasonal_Storage_System,2024-08-10T01:28:22.134Z,Water Plant,Drain,Drain High Level Switch,0.0
Seasonal_Storage_System,2024-08-10T01:29:22.138Z,Water Plant,Drain,Drain High Level Switch,0.0
Seasonal_Storage_System,2024-08-10T01:30:22.134Z,Water Plant,Drain,Drain High Level Switch,0.0
Seasonal_Storage_System,2024-08-10T01:31:22.071Z,Water Plant,Drain,Drain High Level Switch,0.0
Seasonal_Storage_System,2024-08-10T01:32:22.071Z,Water Plant,Drain,Drain High Level Switch,0.0
Seasonal_Storage_System,2024-08-10T01:33:22.071Z,Water Plant,Drain,Drain High Level Switch,0.0
Seasonal_Storage_System,2024-08-10T01:34:22.071Z,Water Plant,Drain,Drain High Level Switch,0.0
Seasonal_Storage_System,2024-08-10T01:35:22.071Z,Water Plant,Drain,Drain High Level Switch,0.0
Seasonal_Storage_System,2024-08-10T01:36:22.143Z,Water Plant,Drain,Drain High Level Switch,0.0
Seasonal_Storage_System,2024-08-10T01:37:22.155Z,Water Plant,Drain,Drain High Level Switch,0.0
Seasonal_Storage_System,2024-08-10T01:38:22.175Z,Water Plant,Drain,Drain High Level Switch,0.0
Seasonal_Storage_System,2024-08-10T01:39:22.187Z,Water Plant,Drain,Drain High Level Switch,0.0
Seasonal_Storage_System,2024-08-10T01:40:22.252Z,Water Plant,Drain,Drain High Level Switch,0.0
Seasonal_Storage_System,2024-08-10T01:41:22.118Z,Water Plant,Drain,Drain High Level Switch,0.0
Seasonal_Storage_System,2024-08-10T01:42:22.118Z,Water Plant,Drain,Drain High Level Switch,0.0
Seasonal_Storage_System,2024-08-10T01:43:22.119Z,Water Plant,Drain,Drain High Level Switch,0.0
Seasonal_Storage_System,2024-08-10T01:44:22.119Z,Water Plant,Drain,Drain High Level Switch,0.0
Seasonal_Storage_System,2024-08-10T01:45:22.119Z,Water Plant,Drain,Drain High Level Switch,0.0
Seasonal_Storage_System,2024-08-10T01:46:22.122Z,Water Plant,Drain,Drain High Level Switch,0.0
Seasonal_Storage_System,2024-08-10T01:47:22.119Z,Water Plant,Drain,Drain High Level Switch,0.0
Seasonal_Storage_System,2024-08-10T01:48:22.124Z,Water Plant,Drain,Drain High Level Switch,0.0
Seasonal_Storage_System,2024-08-10T01:49:22.121Z,Water Plant,Drain,Drain High Level Switch,0.0
Seasonal_Storage_System,2024-08-10T01:50:22.126Z,Water Plant,Drain,Drain High Level Switch,0.0
Seasonal_Storage_System,2024-08-10T01:51:22.122Z,Water Plant,Drain,Drain High Level Switch,0.0
Seasonal_Storage_System,2024-08-10T01:52:22.123Z,Water Plant,Drain,Drain High Level Switch,0.0
Seasonal_Storage_System,2024-08-10T01:53:22.122Z,Water Plant,Drain,Drain High Level Switch,0.0
Seasonal_Storage_System,2024-08-10T01:54:22.122Z,Water Plant,Drain,Drain High Level Switch,0.0
Seasonal_Storage_System,2024-08-10T01:55:22.121Z,Water Plant,Drain,Drain High Level Switch,0.0
Seasonal_Storage_System,2024-08-10T01:56:22.122Z,Water Plant,Drain,Drain High Level Switch,0.0
Seasonal_Storage_System,2024-08-10T01:57:22.122Z,Water Plant,Drain,Drain High Level Switch,0.0
Seasonal_Storage_System,2024-08-10T01:58:22.122Z,Water Plant,Drain,Drain High Level Switch,0.0
Seasonal_Storage_System,2024-08-10T01:59:22.122Z,Water Plant,Drain,Drain High Level Switch,0.0
Seasonal_Storage_System,2024-08-10T02:00:22.122Z,Water Plant,Drain,Drain High Level Switch,0.0
Seasonal_Storage_System,2024-08-10T02:01:22.122Z,Water Plant,Drain,Drain High Level Switch,0.0
Seasonal_Storage_System,2024-08-10T02:02:22.209Z,Water Plant,Drain,Drain High Level Switch,0.0
Seasonal_Storage_System,2024-08-10T02:03:22.221Z,Water Plant,Drain,Drain High Level Switch,0.0
Seasonal_Storage_System,2024-08-10T02:04:22.272Z,Water Plant,Drain,Drain High Level Switch,0.0
Seasonal_Storage_System,2024-08-10T02:05:22.285Z,Water Plant,Drain,Drain High Level Switch,0.0
Seasonal_Storage_System,2024-08-10T02:06:22.318Z,Water Plant,Drain,Drain High Level Switch,0.0
Seasonal_Storage_System,2024-08-10T02:07:22.358Z,Water Plant,Drain,Drain High Level Switch,0.0
Seasonal_Storage_System,2024-08-10T02:08:22.383Z,Water Plant,Drain,Drain High Level Switch,0.0
Seasonal_Storage_System,2024-08-10T02:09:22.421Z,Water Plant,Drain,Drain High Level Switch,0.0
Seasonal_Storage_System,2024-08-10T02:10:22.451Z,Water Plant,Drain,Drain High Level Switch,0.0
Seasonal_Storage_System,2024-08-10T02:11:22.459Z,Water Plant,Drain,Drain High Level Switch,0.0
Seasonal_Storage_System,2024-08-10T02:12:22.5Z,Water Plant,Drain,Drain High Level Switch,0.0
Seasonal_Storage_System,2024-08-10T02:13:22.515Z,Water Plant,Drain,Drain High Level Switch,0.0
Seasonal_Storage_System,2024-08-10T02:14:22.543Z,Water Plant,Drain,Drain High Level Switch,0.0
Seasonal_Storage_System,2024-08-10T02:15:22.547Z,Water Plant,Drain,Drain High Level Switch,0.0
Seasonal_Storage_System,2024-08-10T02:16:22.534Z,Water Plant,Drain,Drain High Level Switch,0.0
Seasonal_Storage_System,2024-08-10T02:17:22.536Z,Water Plant,Drain,Drain High Level Switch,0.0
Seasonal_Storage_System,2024-08-10T02:18:22.54Z,Water Plant,Drain,Drain High Level Switch,0.0
Seasonal_Storage_System,2024-08-10T02:19:22.54Z,Water Plant,Drain,Drain High Level Switch,0.0
Seasonal_Storage_System,2024-08-10T02:20:22.471Z,Water Plant,Drain,Drain High Level Switch,0.0
Seasonal_Storage_System,2024-08-10T02:21:22.471Z,Water Plant,Drain,Drain High Level Switch,0.0
Seasonal_Storage_System,2024-08-10T02:22:22.472Z,Water Plant,Drain,Drain High Level Switch,0.0
Seasonal_Storage_System,2024-08-10T02:23:22.541Z,Water Plant,Drain,Drain High Level Switch,0.0
Seasonal_Storage_System,2024-08-10T02:24:22.552Z,Water Plant,Drain,Drain High Level Switch,0.0
Seasonal_Storage_System,2024-08-10T02:25:22.546Z,Water Plant,Drain,Drain High Level Switch,0.0
Seasonal_Storage_System,2024-08-10T02:26:22.548Z,Water Plant,Drain,Drain High Level Switch,0.0
Seasonal_Storage_System,2024-08-10T02:27:22.549Z,Water Plant,Drain,Drain High Level Switch,0.0
Seasonal_Storage_System,2024-08-10T02:28:22.477Z,Water Plant,Drain,Drain High Level Switch,0.0
Seasonal_Storage_System,2024-08-10T02:29:22.549Z,Water Plant,Drain,Drain High Level Switch,0.0
Seasonal_Storage_System,2024-08-10T02:30:22.541Z,Water Plant,Drain,Drain High Level Switch,0.0
Seasonal_Storage_System,2024-08-10T02:31:22.55Z,Water Plant,Drain,Drain High Level Switch,0.0
Seasonal_Storage_System,2024-08-10T02:32:22.548Z,Water Plant,Drain,Drain High Level Switch,0.0
Seasonal_Storage_System,2024-08-10T02:33:22.547Z,Water Plant,Drain,Drain High Level Switch,0.0
Seasonal_Storage_System,2024-08-10T02:34:22.55Z,Water Plant,Drain,Drain High Level Switch,0.0
Seasonal_Storage_System,2024-08-10T02:35:22.548Z,Water Plant,Drain,Drain High Level Switch,0.0
Seasonal_Storage_System,2024-08-10T02:36:22.557Z,Water Plant,Drain,Drain High Level Switch,0.0
Seasonal_Storage_System,2024-08-10T02:37:22.574Z,Water Plant,Drain,Drain High Level Switch,0.0
Seasonal_Storage_System,2024-08-10T02:38:22.583Z,Water Plant,Drain,Drain High Level Switch,0.0
Seasonal_Storage_System,2024-08-10T02:39:22.508Z,Water Plant,Drain,Drain High Level Switch,0.0
Seasonal_Storage_System,2024-08-10T02:40:22.508Z,Water Plant,Drain,Drain High Level Switch,0.0
Seasonal_Storage_System,2024-08-10T02:41:22.508Z,Water Plant,Drain,Drain High Level Switch,0.0
Seasonal_Storage_System,2024-08-10T02:42:22.509Z,Water Plant,Drain,Drain High Level Switch,0.0
Seasonal_Storage_System,2024-08-10T02:43:22.511Z,Water Plant,Drain,Drain High Level Switch,0.0
Seasonal_Storage_System,2024-08-10T02:44:22.511Z,Water Plant,Drain,Drain High Level Switch,0.0
Seasonal_Storage_System,2024-08-10T02:45:22.511Z,Water Plant,Drain,Drain High Level Switch,0.0
Seasonal_Storage_System,2024-08-10T02:46:22.511Z,Water Plant,Drain,Drain High Level Switch,0.0
Seasonal_Storage_System,2024-08-10T02:47:22.516Z,Water Plant,Drain,Drain High Level Switch,0.0
Seasonal_Storage_System,2024-08-10T02:48:22.51Z,Water Plant,Drain,Drain High Level Switch,0.0
Seasonal_Storage_System,2024-08-10T02:49:22.51Z,Water Plant,Drain,Drain High Level Switch,0.0
Seasonal_Storage_System,2024-08-10T02:50:22.511Z,Water Plant,Drain,Drain High Level Switch,0.0
Seasonal_Storage_System,2024-08-10T02:51:22.514Z,Water Plant,Drain,Drain High Level Switch,0.0
Seasonal_Storage_System,2024-08-10T02:52:22.51Z,Water Plant,Drain,Drain High Level Switch,0.0
Seasonal_Storage_System,2024-08-10T02:53:22.511Z,Water Plant,Drain,Drain High Level Switch,0.0
Seasonal_Storage_System,2024-08-10T02:54:22.511Z,Water Plant,Drain,Drain High Level Switch,0.0
Seasonal_Storage_System,2024-08-10T02:55:22.512Z,Water Plant,Drain,Drain High Level Switch,0.0
Seasonal_Storage_System,2024-08-10T02:56:22.512Z,Water Plant,Drain,Drain High Level Switch,0.0
Seasonal_Storage_System,2024-08-10T02:57:22.513Z,Water Plant,Drain,Drain High Level Switch,0.0
Seasonal_Storage_System,2024-08-10T02:58:22.513Z,Water Plant,Drain,Drain High Level Switch,0.0
Seasonal_Storage_System,2024-08-10T02:59:22.513Z,Water Plant,Drain,Drain High Level Switch,0.0
Seasonal_Storage_System,2024-08-10T03:00:22.582Z,Water Plant,Drain,Drain High Level Switch,0.0
Seasonal_Storage_System,2024-08-10T03:01:22.616Z,Water Plant,Drain,Drain High Level Switch,0.0
Seasonal_Storage_System,2024-08-10T03:02:22.668Z,Water Plant,Drain,Drain High Level Switch,0.0
Seasonal_Storage_System,2024-08-10T03:03:22.678Z,Water Plant,Drain,Drain High Level Switch,0.0
Seasonal_Storage_System,2024-08-10T03:04:22.712Z,Water Plant,Drain,Drain High Level Switch,0.0
Seasonal_Storage_System,2024-08-10T03:05:22.729Z,Water Plant,Drain,Drain High Level Switch,0.0
Seasonal_Storage_System,2024-08-10T03:06:22.758Z,Water Plant,Drain,Drain High Level Switch,0.0
Seasonal_Storage_System,2024-08-10T03:07:22.778Z,Water Plant,Drain,Drain High Level Switch,0.0
Seasonal_Storage_System,2024-08-10T03:08:22.8Z,Water Plant,Drain,Drain High Level Switch,0.0
Seasonal_Storage_System,2024-08-10T03:09:22.815Z,Water Plant,Drain,Drain High Level Switch,0.0
Seasonal_Storage_System,2024-08-10T03:10:22.831Z,Water Plant,Drain,Drain High Level Switch,0.0
Seasonal_Storage_System,2024-08-10T03:11:22.86Z,Water Plant,Drain,Drain High Level Switch,0.0
Seasonal_Storage_System,2024-08-10T03:12:22.859Z,Water Plant,Drain,Drain High Level Switch,0.0
Seasonal_Storage_System,2024-08-10T03:13:22.878Z,Water Plant,Drain,Drain High Level Switch,0.0
Seasonal_Storage_System,2024-08-10T03:14:22.889Z,Water Plant,Drain,Drain High Level Switch,0.0
Seasonal_Storage_System,2024-08-10T03:15:22.917Z,Water Plant,Drain,Drain High Level Switch,0.0
Seasonal_Storage_System,2024-08-10T03:16:22.93Z,Water Plant,Drain,Drain High Level Switch,0.0
Seasonal_Storage_System,2024-08-10T03:17:22.989Z,Water Plant,Drain,Drain High Level Switch,0.0
Seasonal_Storage_System,2024-08-10T03:18:23.005Z,Water Plant,Drain,Drain High Level Switch,0.0
Seasonal_Storage_System,2024-08-10T03:19:23.027Z,Water Plant,Drain,Drain High Level Switch,0.0
Seasonal_Storage_System,2024-08-10T03:20:23.041Z,Water Plant,Drain,Drain High Level Switch,0.0
Seasonal_Storage_System,2024-08-10T03:21:23.052Z,Water Plant,Drain,Drain High Level Switch,0.0
Seasonal_Storage_System,2024-08-10T03:22:23.062Z,Water Plant,Drain,Drain High Level Switch,0.0
Seasonal_Storage_System,2024-08-10T03:23:23.06Z,Water Plant,Drain,Drain High Level Switch,0.0
Seasonal_Storage_System,2024-08-10T03:24:23.08Z,Water Plant,Drain,Drain High Level Switch,0.0
Seasonal_Storage_System,2024-08-10T03:25:23.118Z,Water Plant,Drain,Drain High Level Switch,0.0
Seasonal_Storage_System,2024-08-10T03:26:23.128Z,Water Plant,Drain,Drain High Level Switch,0.0
Seasonal_Storage_System,2024-08-10T03:27:23.141Z,Water Plant,Drain,Drain High Level Switch,0.0
Seasonal_Storage_System,2024-08-10T03:28:23.17Z,Water Plant,Drain,Drain High Level Switch,0.0
Seasonal_Storage_System,2024-08-10T03:29:23.192Z,Water Plant,Drain,Drain High Level Switch,0.0
Seasonal_Storage_System,2024-08-10T03:30:23.214Z,Water Plant,Drain,Drain High Level Switch,0.0
Seasonal_Storage_System,2024-08-10T03:31:23.228Z,Water Plant,Drain,Drain High Level Switch,0.0
Seasonal_Storage_System,2024-08-10T03:32:23.266Z,Water Plant,Drain,Drain High Level Switch,0.0
Seasonal_Storage_System,2024-08-10T03:33:23.272Z,Water Plant,Drain,Drain High Level Switch,0.0
Seasonal_Storage_System,2024-08-10T03:34:23.274Z,Water Plant,Drain,Drain High Level Switch,0.0
Seasonal_Storage_System,2024-08-10T03:35:23.298Z,Water Plant,Drain,Drain High Level Switch,0.0
Seasonal_Storage_System,2024-08-10T03:36:23.349Z,Water Plant,Drain,Drain High Level Switch,0.0
Seasonal_Storage_System,2024-08-10T03:37:23.346Z,Water Plant,Drain,Drain High Level Switch,0.0
Seasonal_Storage_System,2024-08-10T03:38:23.356Z,Water Plant,Drain,Drain High Level Switch,0.0
Seasonal_Storage_System,2024-08-10T03:39:23.371Z,Water Plant,Drain,Drain High Level Switch,0.0
Seasonal_Storage_System,2024-08-10T03:40:23.377Z,Water Plant,Drain,Drain High Level Switch,0.0
Seasonal_Storage_System,2024-08-10T03:41:23.388Z,Water Plant,Drain,Drain High Level Switch,0.0
Seasonal_Storage_System,2024-08-10T03:42:23.409Z,Water Plant,Drain,Drain High Level Switch,0.0
Seasonal_Storage_System,2024-08-10T03:43:23.423Z,Water Plant,Drain,Drain High Level Switch,0.0
Seasonal_Storage_System,2024-08-10T03:44:23.422Z,Water Plant,Drain,Drain High Level Switch,0.0
Seasonal_Storage_System,2024-08-10T03:45:23.421Z,Water Plant,Drain,Drain High Level Switch,0.0
Seasonal_Storage_System,2024-08-10T03:46:23.423Z,Water Plant,Drain,Drain High Level Switch,0.0
Seasonal_Storage_System,2024-08-10T03:47:23.427Z,Water Plant,Drain,Drain High Level Switch,0.0
Seasonal_Storage_System,2024-08-10T03:48:23.428Z,Water Plant,Drain,Drain High Level Switch,0.0
Seasonal_Storage_System,2024-08-10T03:49:23.428Z,Water Plant,Drain,Drain High Level Switch,0.0
Seasonal_Storage_System,2024-08-10T03:50:23.422Z,Water Plant,Drain,Drain High Level Switch,0.0
Seasonal_Storage_System,2024-08-10T03:51:23.426Z,Water Plant,Drain,Drain High Level Switch,0.0
Seasonal_Storage_System,2024-08-10T03:52:23.428Z,Water Plant,Drain,Drain High Level Switch,0.0
Seasonal_Storage_System,2024-08-10T03:53:23.428Z,Water Plant,Drain,Drain High Level Switch,0.0
Seasonal_Storage_System,2024-08-10T03:54:23.428Z,Water Plant,Drain,Drain High Level Switch,0.0
Seasonal_Storage_System,2024-08-10T03:55:23.449Z,Water Plant,Drain,Drain High Level Switch,0.0
Seasonal_Storage_System,2024-08-10T03:56:23.436Z,Water Plant,Drain,Drain High Level Switch,0.0
Seasonal_Storage_System,2024-08-10T03:57:23.429Z,Water Plant,Drain,Drain High Level Switch,0.0
Seasonal_Storage_System,2024-08-10T03:58:23.429Z,Water Plant,Drain,Drain High Level Switch,0.0
Seasonal_Storage_System,2024-08-10T03:59:23.433Z,Water Plant,Drain,Drain High Level Switch,0.0
Seasonal_Storage_System,2024-08-10T04:00:23.43Z,Water Plant,Drain,Drain High Level Switch,0.0
Seasonal_Storage_System,2024-08-10T04:01:23.433Z,Water Plant,Drain,Drain High Level Switch,0.0
Seasonal_Storage_System,2024-08-10T04:02:23.425Z,Water Plant,Drain,Drain High Level Switch,0.0
Seasonal_Storage_System,2024-08-10T04:03:23.431Z,Water Plant,Drain,Drain High Level Switch,0.0
Seasonal_Storage_System,2024-08-10T04:04:23.425Z,Water Plant,Drain,Drain High Level Switch,0.0
Seasonal_Storage_System,2024-08-10T04:05:23.436Z,Water Plant,Drain,Drain High Level Switch,0.0
Seasonal_Storage_System,2024-08-10T04:06:23.363Z,Water Plant,Drain,Drain High Level Switch,0.0
Seasonal_Storage_System,2024-08-10T04:07:23.363Z,Water Plant,Drain,Drain High Level Switch,0.0
Seasonal_Storage_System,2024-08-10T04:08:23.363Z,Water Plant,Drain,Drain High Level Switch,0.0
Seasonal_Storage_System,2024-08-10T04:09:23.365Z,Water Plant,Drain,Drain High Level Switch,0.0
Seasonal_Storage_System,2024-08-10T04:10:23.364Z,Water Plant,Drain,Drain High Level Switch,0.0
Seasonal_Storage_System,2024-08-10T04:11:23.363Z,Water Plant,Drain,Drain High Level Switch,0.0
Seasonal_Storage_System,2024-08-10T04:12:23.363Z,Water Plant,Drain,Drain High Level Switch,0.0
Seasonal_Storage_System,2024-08-10T04:13:23.364Z,Water Plant,Drain,Drain High Level Switch,0.0
Seasonal_Storage_System,2024-08-10T04:14:23.364Z,Water Plant,Drain,Drain High Level Switch,0.0
Seasonal_Storage_System,2024-08-10T04:15:23.364Z,Water Plant,Drain,Drain High Level Switch,0.0
Seasonal_Storage_System,2024-08-10T04:16:23.364Z,Water Plant,Drain,Drain High Level Switch,0.0
Seasonal_Storage_System,2024-08-10T04:17:23.365Z,Water Plant,Drain,Drain High Level Switch,0.0
Seasonal_Storage_System,2024-08-10T04:18:23.364Z,Water Plant,Drain,Drain High Level Switch,0.0
Seasonal_Storage_System,2024-08-10T04:19:23.365Z,Water Plant,Drain,Drain High Level Switch,0.0
Seasonal_Storage_System,2024-08-10T04:20:23.364Z,Water Plant,Drain,Drain High Level Switch,0.0
Seasonal_Storage_System,2024-08-10T04:21:23.365Z,Water Plant,Drain,Drain High Level Switch,0.0
Seasonal_Storage_System,2024-08-10T04:22:23.364Z,Water Plant,Drain,Drain High Level Switch,0.0
Seasonal_Storage_System,2024-08-10T04:23:23.368Z,Water Plant,Drain,Drain High Level Switch,0.0
Seasonal_Storage_System,2024-08-10T04:24:23.367Z,Water Plant,Drain,Drain High Level Switch,0.0
Seasonal_Storage_System,2024-08-10T04:25:23.369Z,Water Plant,Drain,Drain High Level Switch,0.0
Seasonal_Storage_System,2024-08-10T04:26:23.366Z,Water Plant,Drain,Drain High Level Switch,0.0
Seasonal_Storage_System,2024-08-10T04:27:23.366Z,Water Plant,Drain,Drain High Level Switch,0.0
Seasonal_Storage_System,2024-08-10T04:28:23.366Z,Water Plant,Drain,Drain High Level Switch,0.0
Seasonal_Storage_System,2024-08-10T04:29:23.366Z,Water Plant,Drain,Drain High Level Switch,0.0
Seasonal_Storage_System,2024-08-10T04:30:23.366Z,Water Plant,Drain,Drain High Level Switch,0.0
Seasonal_Storage_System,2024-08-10T04:31:23.366Z,Water Plant,Drain,Drain High Level Switch,0.0
Seasonal_Storage_System,2024-08-10T04:32:23.367Z,Water Plant,Drain,Drain High Level Switch,0.0
Seasonal_Storage_System,2024-08-10T04:33:23.366Z,Water Plant,Drain,Drain High Level Switch,0.0
Seasonal_Storage_System,2024-08-10T04:34:23.366Z,Water Plant,Drain,Drain High Level Switch,0.0
Seasonal_Storage_System,2024-08-10T04:35:23.367Z,Water Plant,Drain,Drain High Level Switch,0.0
Seasonal_Storage_System,2024-08-10T04:36:23.368Z,Water Plant,Drain,Drain High Level Switch,0.0
Seasonal_Storage_System,2024-08-10T04:37:23.368Z,Water Plant,Drain,Drain High Level Switch,0.0
Seasonal_Storage_System,2024-08-10T04:38:23.368Z,Water Plant,Drain,Drain High Level Switch,0.0
Seasonal_Storage_System,2024-08-10T04:39:23.368Z,Water Plant,Drain,Drain High Level Switch,0.0
Seasonal_Storage_System,2024-08-10T04:40:23.368Z,Water Plant,Drain,Drain High Level Switch,0.0
Seasonal_Storage_System,2024-08-10T04:41:23.368Z,Water Plant,Drain,Drain High Level Switch,0.0
Seasonal_Storage_System,2024-08-10T04:42:23.371Z,Water Plant,Drain,Drain High Level Switch,0.0
Seasonal_Storage_System,2024-08-10T04:43:23.369Z,Water Plant,Drain,Drain High Level Switch,0.0
Seasonal_Storage_System,2024-08-10T04:44:23.368Z,Water Plant,Drain,Drain High Level Switch,0.0
Seasonal_Storage_System,2024-08-10T04:45:23.368Z,Water Plant,Drain,Drain High Level Switch,0.0
Seasonal_Storage_System,2024-08-10T04:46:23.368Z,Water Plant,Drain,Drain High Level Switch,0.0
Seasonal_Storage_System,2024-08-10T04:47:23.373Z,Water Plant,Drain,Drain High Level Switch,0.0
Seasonal_Storage_System,2024-08-10T04:48:23.371Z,Water Plant,Drain,Drain High Level Switch,0.0
Seasonal_Storage_System,2024-08-10T04:49:23.371Z,Water Plant,Drain,Drain High Level Switch,0.0
Seasonal_Storage_System,2024-08-10T04:50:23.485Z,Water Plant,Drain,Drain High Level Switch,0.0
Seasonal_Storage_System,2024-08-10T04:51:23.489Z,Water Plant,Drain,Drain High Level Switch,0.0
Seasonal_Storage_System,2024-08-10T04:52:23.507Z,Water Plant,Drain,Drain High Level Switch,0.0
Seasonal_Storage_System,2024-08-10T04:53:23.525Z,Water Plant,Drain,Drain High Level Switch,0.0
Seasonal_Storage_System,2024-08-10T04:54:23.535Z,Water Plant,Drain,Drain High Level Switch,0.0
Seasonal_Storage_System,2024-08-10T04:55:23.554Z,Water Plant,Drain,Drain High Level Switch,0.0
Seasonal_Storage_System,2024-08-10T04:56:23.552Z,Water Plant,Drain,Drain High Level Switch,0.0
Seasonal_Storage_System,2024-08-10T04:57:23.552Z,Water Plant,Drain,Drain High Level Switch,0.0
Seasonal_Storage_System,2024-08-10T04:58:23.574Z,Water Plant,Drain,Drain High Level Switch,0.0
Seasonal_Storage_System,2024-08-10T04:59:23.592Z,Water Plant,Drain,Drain High Level Switch,0.0
Seasonal_Storage_System,2024-08-10T05:00:23.61Z,Water Plant,Drain,Drain High Level Switch,0.0
Seasonal_Storage_System,2024-08-10T05:01:24.112Z,Water Plant,Drain,Drain High Level Switch,0.0
Seasonal_Storage_System,2024-08-10T05:02:23.942Z,Water Plant,Drain,Drain High Level Switch,0.0
Seasonal_Storage_System,2024-08-10T05:03:24.013Z,Water Plant,Drain,Drain High Level Switch,0.0
Seasonal_Storage_System,2024-08-10T05:04:23.942Z,Water Plant,Drain,Drain High Level Switch,0.0
Seasonal_Storage_System,2024-08-10T05:05:23.943Z,Water Plant,Drain,Drain High Level Switch,0.0
Seasonal_Storage_System,2024-08-10T05:06:23.944Z,Water Plant,Drain,Drain High Level Switch,0.0
Seasonal_Storage_System,2024-08-10T05:07:23.95Z,Water Plant,Drain,Drain High Level Switch,0.0
Seasonal_Storage_System,2024-08-10T05:08:23.944Z,Water Plant,Drain,Drain High Level Switch,0.0
Seasonal_Storage_System,2024-08-10T05:09:23.95Z,Water Plant,Drain,Drain High Level Switch,0.0
Seasonal_Storage_System,2024-08-10T05:10:23.946Z,Water Plant,Drain,Drain High Level Switch,0.0
Seasonal_Storage_System,2024-08-10T05:11:23.951Z,Water Plant,Drain,Drain High Level Switch,0.0
Seasonal_Storage_System,2024-08-10T05:12:23.882Z,Water Plant,Drain,Drain High Level Switch,0.0
Seasonal_Storage_System,2024-08-10T05:13:23.952Z,Water Plant,Drain,Drain High Level Switch,0.0
Seasonal_Storage_System,2024-08-10T05:14:23.946Z,Water Plant,Drain,Drain High Level Switch,0.0
Seasonal_Storage_System,2024-08-10T05:15:23.884Z,Water Plant,Drain,Drain High Level Switch,0.0
Seasonal_Storage_System,2024-08-10T05:16:23.883Z,Water Plant,Drain,Drain High Level Switch,0.0
Seasonal_Storage_System,2024-08-10T05:17:23.884Z,Water Plant,Drain,Drain High Level Switch,0.0
Seasonal_Storage_System,2024-08-10T05:18:24.046Z,Water Plant,Drain,Drain High Level Switch,0.0
Seasonal_Storage_System,2024-08-10T05:19:23.956Z,Water Plant,Drain,Drain High Level Switch,0.0
Seasonal_Storage_System,2024-08-10T05:20:23.952Z,Water Plant,Drain,Drain High Level Switch,0.0
Seasonal_Storage_System,2024-08-10T05:21:23.958Z,Water Plant,Drain,Drain High Level Switch,0.0
Seasonal_Storage_System,2024-08-10T05:22:23.953Z,Water Plant,Drain,Drain High Level Switch,0.0
Seasonal_Storage_System,2024-08-10T05:23:23.957Z,Water Plant,Drain,Drain High Level Switch,0.0
Seasonal_Storage_System,2024-08-10T05:24:23.954Z,Water Plant,Drain,Drain High Level Switch,0.0
Seasonal_Storage_System,2024-08-10T05:25:23.89Z,Water Plant,Drain,Drain High Level Switch,0.0
Seasonal_Storage_System,2024-08-10T05:26:23.891Z,Water Plant,Drain,Drain High Level Switch,0.0
Seasonal_Storage_System,2024-08-10T05:27:23.954Z,Water Plant,Drain,Drain High Level Switch,0.0
Seasonal_Storage_System,2024-08-10T05:28:23.96Z,Water Plant,Drain,Drain High Level Switch,0.0
Seasonal_Storage_System,2024-08-10T05:29:23.96Z,Water Plant,Drain,Drain High Level Switch,0.0
Seasonal_Storage_System,2024-08-10T05:30:23.954Z,Water Plant,Drain,Drain High Level Switch,0.0
Seasonal_Storage_System,2024-08-10T05:31:23.954Z,Water Plant,Drain,Drain High Level Switch,0.0
Seasonal_Storage_System,2024-08-10T05:32:23.892Z,Water Plant,Drain,Drain High Level Switch,0.0
Seasonal_Storage_System,2024-08-10T05:33:23.891Z,Water Plant,Drain,Drain High Level Switch,0.0
Seasonal_Storage_System,2024-08-10T05:34:23.891Z,Water Plant,Drain,Drain High Level Switch,0.0
Seasonal_Storage_System,2024-08-10T05:35:23.891Z,Water Plant,Drain,Drain High Level Switch,0.0
Seasonal_Storage_System,2024-08-10T05:36:23.891Z,Water Plant,Drain,Drain High Level Switch,0.0
Seasonal_Storage_System,2024-08-10T05:37:23.891Z,Water Plant,Drain,Drain High Level Switch,0.0
Seasonal_Storage_System,2024-08-10T05:38:23.892Z,Water Plant,Drain,Drain High Level Switch,0.0
Seasonal_Storage_System,2024-08-10T05:39:23.961Z,Water Plant,Drain,Drain High Level Switch,0.0
Seasonal_Storage_System,2024-08-10T05:40:23.961Z,Water Plant,Drain,Drain High Level Switch,0.0
Seasonal_Storage_System,2024-08-10T05:41:23.961Z,Water Plant,Drain,Drain High Level Switch,0.0
Seasonal_Storage_System,2024-08-10T05:42:23.956Z,Water Plant,Drain,Drain High Level Switch,0.0
Seasonal_Storage_System,2024-08-10T05:43:23.961Z,Water Plant,Drain,Drain High Level Switch,0.0
Seasonal_Storage_System,2024-08-10T05:44:23.961Z,Water Plant,Drain,Drain High Level Switch,0.0
Seasonal_Storage_System,2024-08-10T05:45:23.956Z,Water Plant,Drain,Drain High Level Switch,0.0
Seasonal_Storage_System,2024-08-10T05:46:23.956Z,Water Plant,Drain,Drain High Level Switch,0.0
Seasonal_Storage_System,2024-08-10T05:47:23.956Z,Water Plant,Drain,Drain High Level Switch,0.0
Seasonal_Storage_System,2024-08-10T05:48:23.894Z,Water Plant,Drain,Drain High Level Switch,0.0
Seasonal_Storage_System,2024-08-10T05:49:23.893Z,Water Plant,Drain,Drain High Level Switch,0.0
Seasonal_Storage_System,2024-08-10T05:50:23.894Z,Water Plant,Drain,Drain High Level Switch,0.0
Seasonal_Storage_System,2024-08-10T05:51:23.893Z,Water Plant,Drain,Drain High Level Switch,0.0
Seasonal_Storage_System,2024-08-10T05:52:23.893Z,Water Plant,Drain,Drain High Level Switch,0.0
Seasonal_Storage_System,2024-08-10T05:53:23.893Z,Water Plant,Drain,Drain High Level Switch,0.0
Seasonal_Storage_System,2024-08-10T05:54:23.893Z,Water Plant,Drain,Drain High Level Switch,0.0
Seasonal_Storage_System,2024-08-10T05:55:23.894Z,Water Plant,Drain,Drain High Level Switch,0.0
Seasonal_Storage_System,2024-08-10T05:56:23.893Z,Water Plant,Drain,Drain High Level Switch,0.0
Seasonal_Storage_System,2024-08-10T05:57:23.893Z,Water Plant,Drain,Drain High Level Switch,0.0
Seasonal_Storage_System,2024-08-10T05:58:23.893Z,Water Plant,Drain,Drain High Level Switch,0.0
Seasonal_Storage_System,2024-08-10T05:59:23.893Z,Water Plant,Drain,Drain High Level Switch,0.0
Seasonal_Storage_System,2024-08-10T06:00:23.893Z,Water Plant,Drain,Drain High Level Switch,0.0
Seasonal_Storage_System,2024-08-10T06:01:23.894Z,Water Plant,Drain,Drain High Level Switch,0.0
Seasonal_Storage_System,2024-08-10T06:02:23.894Z,Water Plant,Drain,Drain High Level Switch,0.0
Seasonal_Storage_System,2024-08-10T06:03:23.895Z,Water Plant,Drain,Drain High Level Switch,0.0
Seasonal_Storage_System,2024-08-10T06:04:23.894Z,Water Plant,Drain,Drain High Level Switch,0.0
Seasonal_Storage_System,2024-08-10T06:05:23.976Z,Water Plant,Drain,Drain High Level Switch,0.0
Seasonal_Storage_System,2024-08-10T06:06:23.972Z,Water Plant,Drain,Drain High Level Switch,0.0
Seasonal_Storage_System,2024-08-10T06:07:23.903Z,Water Plant,Drain,Drain High Level Switch,0.0
Seasonal_Storage_System,2024-08-10T06:08:23.903Z,Water Plant,Drain,Drain High Level Switch,0.0
Seasonal_Storage_System,2024-08-10T06:09:23.903Z,Water Plant,Drain,Drain High Level Switch,0.0
Seasonal_Storage_System,2024-08-10T06:10:23.903Z,Water Plant,Drain,Drain High Level Switch,0.0
Seasonal_Storage_System,2024-08-10T06:11:23.904Z,Water Plant,Drain,Drain High Level Switch,0.0
Seasonal_Storage_System,2024-08-10T06:12:23.903Z,Water Plant,Drain,Drain High Level Switch,0.0
Seasonal_Storage_System,2024-08-10T06:13:23.985Z,Water Plant,Drain,Drain High Level Switch,0.0
Seasonal_Storage_System,2024-08-10T06:14:23.971Z,Water Plant,Drain,Drain High Level Switch,0.0
Seasonal_Storage_System,2024-08-10T06:15:23.971Z,Water Plant,Drain,Drain High Level Switch,0.0
Seasonal_Storage_System,2024-08-10T06:16:23.977Z,Water Plant,Drain,Drain High Level Switch,0.0
Seasonal_Storage_System,2024-08-10T06:17:23.975Z,Water Plant,Drain,Drain High Level Switch,0.0
Seasonal_Storage_System,2024-08-10T06:18:23.971Z,Water Plant,Drain,Drain High Level Switch,0.0
Seasonal_Storage_System,2024-08-10T06:19:23.979Z,Water Plant,Drain,Drain High Level Switch,0.0
Seasonal_Storage_System,2024-08-10T06:20:23.978Z,Water Plant,Drain,Drain High Level Switch,0.0
Seasonal_Storage_System,2024-08-10T06:21:23.98Z,Water Plant,Drain,Drain High Level Switch,0.0
Seasonal_Storage_System,2024-08-10T06:22:23.979Z,Water Plant,Drain,Drain High Level Switch,0.0
Seasonal_Storage_System,2024-08-10T06:23:23.984Z,Water Plant,Drain,Drain High Level Switch,0.0
Seasonal_Storage_System,2024-08-10T06:24:23.987Z,Water Plant,Drain,Drain High Level Switch,0.0
Seasonal_Storage_System,2024-08-10T06:25:23.918Z,Water Plant,Drain,Drain High Level Switch,0.0
Seasonal_Storage_System,2024-08-10T06:26:23.918Z,Water Plant,Drain,Drain High Level Switch,0.0
Seasonal_Storage_System,2024-08-10T06:27:23.918Z,Water Plant,Drain,Drain High Level Switch,0.0
Seasonal_Storage_System,2024-08-10T06:28:23.919Z,Water Plant,Drain,Drain High Level Switch,0.0
Seasonal_Storage_System,2024-08-10T06:29:23.918Z,Water Plant,Drain,Drain High Level Switch,0.0
Seasonal_Storage_System,2024-08-10T06:30:23.99Z,Water Plant,Drain,Drain High Level Switch,0.0
Seasonal_Storage_System,2024-08-10T06:31:23.993Z,Water Plant,Drain,Drain High Level Switch,0.0
Seasonal_Storage_System,2024-08-10T06:32:23.998Z,Water Plant,Drain,Drain High Level Switch,0.0
Seasonal_Storage_System,2024-08-10T06:33:24.005Z,Water Plant,Drain,Drain High Level Switch,0.0
Seasonal_Storage_System,2024-08-10T06:34:24.007Z,Water Plant,Drain,Drain High Level Switch,0.0
Seasonal_Storage_System,2024-08-10T06:35:24.007Z,Water Plant,Drain,Drain High Level Switch,0.0
Seasonal_Storage_System,2024-08-10T06:36:23.939Z,Water Plant,Drain,Drain High Level Switch,0.0
Seasonal_Storage_System,2024-08-10T06:37:23.939Z,Water Plant,Drain,Drain High Level Switch,0.0
Seasonal_Storage_System,2024-08-10T06:38:23.939Z,Water Plant,Drain,Drain High Level Switch,0.0
Seasonal_Storage_System,2024-08-10T06:39:23.941Z,Water Plant,Drain,Drain High Level Switch,0.0
Seasonal_Storage_System,2024-08-10T06:40:23.944Z,Water Plant,Drain,Drain High Level Switch,0.0
Seasonal_Storage_System,2024-08-10T06:41:23.942Z,Water Plant,Drain,Drain High Level Switch,0.0
Seasonal_Storage_System,2024-08-10T06:42:24.024Z,Water Plant,Drain,Drain High Level Switch,0.0
Seasonal_Storage_System,2024-08-10T06:43:24.013Z,Water Plant,Drain,Drain High Level Switch,0.0
Seasonal_Storage_System,2024-08-10T06:44:24.014Z,Water Plant,Drain,Drain High Level Switch,0.0
Seasonal_Storage_System,2024-08-10T06:45:24.021Z,Water Plant,Drain,Drain High Level Switch,0.0
Seasonal_Storage_System,2024-08-10T06:46:23.955Z,Water Plant,Drain,Drain High Level Switch,0.0
Seasonal_Storage_System,2024-08-10T06:47:23.955Z,Water Plant,Drain,Drain High Level Switch,0.0
Seasonal_Storage_System,2024-08-10T06:48:23.956Z,Water Plant,Drain,Drain High Level Switch,0.0
Seasonal_Storage_System,2024-08-10T06:49:23.955Z,Water Plant,Drain,Drain High Level Switch,0.0
Seasonal_Storage_System,2024-08-10T06:50:23.956Z,Water Plant,Drain,Drain High Level Switch,0.0
Seasonal_Storage_System,2024-08-10T06:51:23.958Z,Water Plant,Drain,Drain High Level Switch,0.0
Seasonal_Storage_System,2024-08-10T06:52:23.957Z,Water Plant,Drain,Drain High Level Switch,0.0
Seasonal_Storage_System,2024-08-10T06:53:23.957Z,Water Plant,Drain,Drain High Level Switch,0.0
Seasonal_Storage_System,2024-08-10T06:54:23.97Z,Water Plant,Drain,Drain High Level Switch,0.0
Seasonal_Storage_System,2024-08-10T06:55:23.959Z,Water Plant,Drain,Drain High Level Switch,0.0
Seasonal_Storage_System,2024-08-10T06:56:23.958Z,Water Plant,Drain,Drain High Level Switch,0.0
Seasonal_Storage_System,2024-08-10T06:57:23.958Z,Water Plant,Drain,Drain High Level Switch,0.0
Seasonal_Storage_System,2024-08-10T06:58:23.999Z,Water Plant,Drain,Drain High Level Switch,0.0
Seasonal_Storage_System,2024-08-10T06:59:24.076Z,Water Plant,Drain,Drain High Level Switch,0.0
Seasonal_Storage_System,2024-08-10T07:00:24.1Z,Water Plant,Drain,Drain High Level Switch,0.0
Seasonal_Storage_System,2024-08-10T07:01:24.106Z,Water Plant,Drain,Drain High Level Switch,0.0
Seasonal_Storage_System,2024-08-10T07:02:24.132Z,Water Plant,Drain,Drain High Level Switch,0.0
Seasonal_Storage_System,2024-08-10T07:03:24.153Z,Water Plant,Drain,Drain High Level Switch,0.0
Seasonal_Storage_System,2024-08-10T07:04:24.167Z,Water Plant,Drain,Drain High Level Switch,0.0
Seasonal_Storage_System,2024-08-10T07:05:24.19Z,Water Plant,Drain,Drain High Level Switch,0.0
Seasonal_Storage_System,2024-08-10T07:06:24.204Z,Water Plant,Drain,Drain High Level Switch,0.0
Seasonal_Storage_System,2024-08-10T07:07:24.262Z,Water Plant,Drain,Drain High Level Switch,0.0
Seasonal_Storage_System,2024-08-10T07:08:24.275Z,Water Plant,Drain,Drain High Level Switch,0.0
Seasonal_Storage_System,2024-08-10T07:09:24.279Z,Water Plant,Drain,Drain High Level Switch,0.0
Seasonal_Storage_System,2024-08-10T07:10:24.285Z,Water Plant,Drain,Drain High Level Switch,0.0
Seasonal_Storage_System,2024-08-10T07:11:24.316Z,Water Plant,Drain,Drain High Level Switch,0.0
Seasonal_Storage_System,2024-08-10T07:12:24.326Z,Water Plant,Drain,Drain High Level Switch,0.0
Seasonal_Storage_System,2024-08-10T07:13:24.356Z,Water Plant,Drain,Drain High Level Switch,0.0
Seasonal_Storage_System,2024-08-10T07:14:24.37Z,Water Plant,Drain,Drain High Level Switch,0.0
Seasonal_Storage_System,2024-08-10T07:15:24.383Z,Water Plant,Drain,Drain High Level Switch,0.0
Seasonal_Storage_System,2024-08-10T07:16:24.392Z,Water Plant,Drain,Drain High Level Switch,0.0
Seasonal_Storage_System,2024-08-10T07:17:24.323Z,Water Plant,Drain,Drain High Level Switch,0.0
Seasonal_Storage_System,2024-08-10T07:18:24.41Z,Water Plant,Drain,Drain High Level Switch,0.0
Seasonal_Storage_System,2024-08-10T07:19:24.42Z,Water Plant,Drain,Drain High Level Switch,0.0
Seasonal_Storage_System,2024-08-10T07:20:24.42Z,Water Plant,Drain,Drain High Level Switch,0.0
Seasonal_Storage_System,2024-08-10T07:21:24.427Z,Water Plant,Drain,Drain High Level Switch,0.0
Seasonal_Storage_System,2024-08-10T07:22:24.42Z,Water Plant,Drain,Drain High Level Switch,0.0
Seasonal_Storage_System,2024-08-10T07:23:24.425Z,Water Plant,Drain,Drain High Level Switch,0.0
Seasonal_Storage_System,2024-08-10T07:24:24.425Z,Water Plant,Drain,Drain High Level Switch,0.0
Seasonal_Storage_System,2024-08-10T07:25:24.42Z,Water Plant,Drain,Drain High Level Switch,0.0
Seasonal_Storage_System,2024-08-10T07:26:24.43Z,Water Plant,Drain,Drain High Level Switch,0.0
Seasonal_Storage_System,2024-08-10T07:27:24.432Z,Water Plant,Drain,Drain High Level Switch,0.0
Seasonal_Storage_System,2024-08-10T07:28:24.427Z,Water Plant,Drain,Drain High Level Switch,0.0
Seasonal_Storage_System,2024-08-10T07:29:24.759Z,Water Plant,Drain,Drain High Level Switch,0.0
Seasonal_Storage_System,2024-08-10T07:30:24.465Z,Water Plant,Drain,Drain High Level Switch,0.0
Seasonal_Storage_System,2024-08-10T07:31:24.46Z,Water Plant,Drain,Drain High Level Switch,0.0
Seasonal_Storage_System,2024-08-10T07:32:24.46Z,Water Plant,Drain,Drain High Level Switch,0.0
Seasonal_Storage_System,2024-08-10T07:33:24.459Z,Water Plant,Drain,Drain High Level Switch,0.0
Seasonal_Storage_System,2024-08-10T07:34:24.456Z,Water Plant,Drain,Drain High Level Switch,0.0
Seasonal_Storage_System,2024-08-10T07:35:24.466Z,Water Plant,Drain,Drain High Level Switch,0.0
Seasonal_Storage_System,2024-08-10T07:36:24.388Z,Water Plant,Drain,Drain High Level Switch,0.0
Seasonal_Storage_System,2024-08-10T07:37:24.457Z,Water Plant,Drain,Drain High Level Switch,0.0
Seasonal_Storage_System,2024-08-10T07:38:24.469Z,Water Plant,Drain,Drain High Level Switch,0.0
Seasonal_Storage_System,2024-08-10T07:39:24.39Z,Water Plant,Drain,Drain High Level Switch,0.0
Seasonal_Storage_System,2024-08-10T07:40:24.389Z,Water Plant,Drain,Drain High Level Switch,0.0
Seasonal_Storage_System,2024-08-10T07:41:24.389Z,Water Plant,Drain,Drain High Level Switch,0.0
Seasonal_Storage_System,2024-08-10T07:42:24.39Z,Water Plant,Drain,Drain High Level Switch,0.0
Seasonal_Storage_System,2024-08-10T07:43:24.391Z,Water Plant,Drain,Drain High Level Switch,0.0
Seasonal_Storage_System,2024-08-10T07:44:24.39Z,Water Plant,Drain,Drain High Level Switch,0.0
Seasonal_Storage_System,2024-08-10T07:45:24.39Z,Water Plant,Drain,Drain High Level Switch,0.0
Seasonal_Storage_System,2024-08-10T07:46:24.391Z,Water Plant,Drain,Drain High Level Switch,0.0
Seasonal_Storage_System,2024-08-10T07:47:24.391Z,Water Plant,Drain,Drain High Level Switch,0.0
Seasonal_Storage_System,2024-08-10T07:48:24.391Z,Water Plant,Drain,Drain High Level Switch,0.0
Seasonal_Storage_System,2024-08-10T07:49:24.394Z,Water Plant,Drain,Drain High Level Switch,0.0
Seasonal_Storage_System,2024-08-10T07:50:24.506Z,Water Plant,Drain,Drain High Level Switch,0.0
Seasonal_Storage_System,2024-08-10T07:51:24.53Z,Water Plant,Drain,Drain High Level Switch,0.0
Seasonal_Storage_System,2024-08-10T07:52:24.581Z,Water Plant,Drain,Drain High Level Switch,0.0
Seasonal_Storage_System,2024-08-10T07:53:24.594Z,Water Plant,Drain,Drain High Level Switch,0.0
Seasonal_Storage_System,2024-08-10T07:54:24.627Z,Water Plant,Drain,Drain High Level Switch,0.0
Seasonal_Storage_System,2024-08-10T07:55:24.645Z,Water Plant,Drain,Drain High Level Switch,0.0
Seasonal_Storage_System,2024-08-10T07:56:24.672Z,Water Plant,Drain,Drain High Level Switch,0.0
Seasonal_Storage_System,2024-08-10T07:57:24.706Z,Water Plant,Drain,Drain High Level Switch,0.0
Seasonal_Storage_System,2024-08-10T07:58:24.713Z,Water Plant,Drain,Drain High Level Switch,0.0
Seasonal_Storage_System,2024-08-10T07:59:24.704Z,Water Plant,Drain,Drain High Level Switch,0.0
Seasonal_Storage_System,2024-08-10T08:00:24.716Z,Water Plant,Drain,Drain High Level Switch,0.0
Seasonal_Storage_System,2024-08-10T08:01:24.743Z,Water Plant,Drain,Drain High Level Switch,0.0
Seasonal_Storage_System,2024-08-10T08:02:24.765Z,Water Plant,Drain,Drain High Level Switch,0.0
Seasonal_Storage_System,2024-08-10T08:03:24.772Z,Water Plant,Drain,Drain High Level Switch,0.0
Seasonal_Storage_System,2024-08-10T08:04:24.803Z,Water Plant,Drain,Drain High Level Switch,0.0
Seasonal_Storage_System,2024-08-10T08:05:24.833Z,Water Plant,Drain,Drain High Level Switch,0.0
Seasonal_Storage_System,2024-08-10T08:06:24.84Z,Water Plant,Drain,Drain High Level Switch,0.0
Seasonal_Storage_System,2024-08-10T08:07:24.839Z,Water Plant,Drain,Drain High Level Switch,0.0
Seasonal_Storage_System,2024-08-10T08:08:24.839Z,Water Plant,Drain,Drain High Level Switch,0.0
Seasonal_Storage_System,2024-08-10T08:09:24.847Z,Water Plant,Drain,Drain High Level Switch,0.0
Seasonal_Storage_System,2024-08-10T08:10:24.841Z,Water Plant,Drain,Drain High Level Switch,0.0
Seasonal_Storage_System,2024-08-10T08:11:24.778Z,Water Plant,Drain,Drain High Level Switch,0.0
Seasonal_Storage_System,2024-08-10T08:12:24.778Z,Water Plant,Drain,Drain High Level Switch,0.0
Seasonal_Storage_System,2024-08-10T08:13:24.847Z,Water Plant,Drain,Drain High Level Switch,0.0
Seasonal_Storage_System,2024-08-10T08:14:24.861Z,Water Plant,Drain,Drain High Level Switch,0.0
Seasonal_Storage_System,2024-08-10T08:15:24.854Z,Water Plant,Drain,Drain High Level Switch,0.0
Seasonal_Storage_System,2024-08-10T08:16:24.781Z,Water Plant,Drain,Drain High Level Switch,0.0
Seasonal_Storage_System,2024-08-10T08:17:24.781Z,Water Plant,Drain,Drain High Level Switch,0.0
Seasonal_Storage_System,2024-08-10T08:18:24.784Z,Water Plant,Drain,Drain High Level Switch,0.0
Seasonal_Storage_System,2024-08-10T08:19:24.781Z,Water Plant,Drain,Drain High Level Switch,0.0
Seasonal_Storage_System,2024-08-10T08:20:24.781Z,Water Plant,Drain,Drain High Level Switch,0.0
Seasonal_Storage_System,2024-08-10T08:21:24.782Z,Water Plant,Drain,Drain High Level Switch,0.0
Seasonal_Storage_System,2024-08-10T08:22:24.782Z,Water Plant,Drain,Drain High Level Switch,0.0
Seasonal_Storage_System,2024-08-10T08:23:24.782Z,Water Plant,Drain,Drain High Level Switch,0.0
Seasonal_Storage_System,2024-08-10T08:24:24.784Z,Water Plant,Drain,Drain High Level Switch,0.0
Seasonal_Storage_System,2024-08-10T08:25:24.783Z,Water Plant,Drain,Drain High Level Switch,0.0
Seasonal_Storage_System,2024-08-10T08:26:24.784Z,Water Plant,Drain,Drain High Level Switch,0.0
Seasonal_Storage_System,2024-08-10T08:27:24.785Z,Water Plant,Drain,Drain High Level Switch,0.0
Seasonal_Storage_System,2024-08-10T08:28:24.783Z,Water Plant,Drain,Drain High Level Switch,0.0
Seasonal_Storage_System,2024-08-10T08:29:24.785Z,Water Plant,Drain,Drain High Level Switch,0.0
Seasonal_Storage_System,2024-08-10T08:30:24.785Z,Water Plant,Drain,Drain High Level Switch,0.0
Seasonal_Storage_System,2024-08-10T08:31:24.784Z,Water Plant,Drain,Drain High Level Switch,0.0
Seasonal_Storage_System,2024-08-10T08:32:24.784Z,Water Plant,Drain,Drain High Level Switch,0.0
Seasonal_Storage_System,2024-08-10T08:33:24.785Z,Water Plant,Drain,Drain High Level Switch,0.0
Seasonal_Storage_System,2024-08-10T08:34:24.784Z,Water Plant,Drain,Drain High Level Switch,0.0
Seasonal_Storage_System,2024-08-10T08:35:24.784Z,Water Plant,Drain,Drain High Level Switch,0.0
Seasonal_Storage_System,2024-08-10T08:36:24.784Z,Water Plant,Drain,Drain High Level Switch,0.0
Seasonal_Storage_System,2024-08-10T08:37:24.785Z,Water Plant,Drain,Drain High Level Switch,0.0
Seasonal_Storage_System,2024-08-10T08:38:24.784Z,Water Plant,Drain,Drain High Level Switch,0.0
Seasonal_Storage_System,2024-08-10T08:39:24.784Z,Water Plant,Drain,Drain High Level Switch,0.0
Seasonal_Storage_System,2024-08-10T08:40:24.786Z,Water Plant,Drain,Drain High Level Switch,0.0
Seasonal_Storage_System,2024-08-10T08:41:24.785Z,Water Plant,Drain,Drain High Level Switch,0.0
Seasonal_Storage_System,2024-08-10T08:42:24.785Z,Water Plant,Drain,Drain High Level Switch,0.0
Seasonal_Storage_System,2024-08-10T08:43:24.784Z,Water Plant,Drain,Drain High Level Switch,0.0
Seasonal_Storage_System,2024-08-10T08:44:24.785Z,Water Plant,Drain,Drain High Level Switch,0.0
Seasonal_Storage_System,2024-08-10T08:45:24.784Z,Water Plant,Drain,Drain High Level Switch,0.0
Seasonal_Storage_System,2024-08-10T08:46:24.785Z,Water Plant,Drain,Drain High Level Switch,0.0
Seasonal_Storage_System,2024-08-10T08:47:24.869Z,Water Plant,Drain,Drain High Level Switch,0.0
Seasonal_Storage_System,2024-08-10T08:48:24.91Z,Water Plant,Drain,Drain High Level Switch,0.0
Seasonal_Storage_System,2024-08-10T08:49:24.935Z,Water Plant,Drain,Drain High Level Switch,0.0
Seasonal_Storage_System,2024-08-10T08:50:25.02Z,Water Plant,Drain,Drain High Level Switch,0.0
Seasonal_Storage_System,2024-08-10T08:51:25.035Z,Water Plant,Drain,Drain High Level Switch,0.0
Seasonal_Storage_System,2024-08-10T08:52:25.035Z,Water Plant,Drain,Drain High Level Switch,0.0
Seasonal_Storage_System,2024-08-10T08:53:25.038Z,Water Plant,Drain,Drain High Level Switch,0.0
Seasonal_Storage_System,2024-08-10T08:54:25.034Z,Water Plant,Drain,Drain High Level Switch,0.0
Seasonal_Storage_System,2024-08-10T08:55:25.058Z,Water Plant,Drain,Drain High Level Switch,0.0
Seasonal_Storage_System,2024-08-10T08:56:25.082Z,Water Plant,Drain,Drain High Level Switch,0.0
Seasonal_Storage_System,2024-08-10T08:57:25.107Z,Water Plant,Drain,Drain High Level Switch,0.0
Seasonal_Storage_System,2024-08-10T08:58:25.121Z,Water Plant,Drain,Drain High Level Switch,0.0
Seasonal_Storage_System,2024-08-10T08:59:25.132Z,Water Plant,Drain,Drain High Level Switch,0.0
Seasonal_Storage_System,2024-08-10T09:00:25.153Z,Water Plant,Drain,Drain High Level Switch,0.0
Seasonal_Storage_System,2024-08-10T09:01:25.167Z,Water Plant,Drain,Drain High Level Switch,0.0
Seasonal_Storage_System,2024-08-10T09:02:25.164Z,Water Plant,Drain,Drain High Level Switch,0.0
Seasonal_Storage_System,2024-08-10T09:03:25.101Z,Water Plant,Drain,Drain High Level Switch,0.0
Seasonal_Storage_System,2024-08-10T09:04:25.101Z,Water Plant,Drain,Drain High Level Switch,0.0
Seasonal_Storage_System,2024-08-10T09:05:25.185Z,Water Plant,Drain,Drain High Level Switch,0.0
Seasonal_Storage_System,2024-08-10T09:06:25.179Z,Water Plant,Drain,Drain High Level Switch,0.0
Seasonal_Storage_System,2024-08-10T09:07:25.177Z,Water Plant,Drain,Drain High Level Switch,0.0
Seasonal_Storage_System,2024-08-10T09:08:25.172Z,Water Plant,Drain,Drain High Level Switch,0.0
Seasonal_Storage_System,2024-08-10T09:09:25.109Z,Water Plant,Drain,Drain High Level Switch,0.0
Seasonal_Storage_System,2024-08-10T09:10:25.109Z,Water Plant,Drain,Drain High Level Switch,0.0
Seasonal_Storage_System,2024-08-10T09:11:25.111Z,Water Plant,Drain,Drain High Level Switch,0.0
Seasonal_Storage_System,2024-08-10T09:12:25.11Z,Water Plant,Drain,Drain High Level Switch,0.0
Seasonal_Storage_System,2024-08-10T09:13:25.109Z,Water Plant,Drain,Drain High Level Switch,0.0
Seasonal_Storage_System,2024-08-10T09:14:25.111Z,Water Plant,Drain,Drain High Level Switch,0.0
Seasonal_Storage_System,2024-08-10T09:15:25.11Z,Water Plant,Drain,Drain High Level Switch,0.0
Seasonal_Storage_System,2024-08-10T09:16:25.11Z,Water Plant,Drain,Drain High Level Switch,0.0
Seasonal_Storage_System,2024-08-10T09:17:25.11Z,Water Plant,Drain,Drain High Level Switch,0.0
Seasonal_Storage_System,2024-08-10T09:18:25.11Z,Water Plant,Drain,Drain High Level Switch,0.0
Seasonal_Storage_System,2024-08-10T09:19:25.11Z,Water Plant,Drain,Drain High Level Switch,0.0
Seasonal_Storage_System,2024-08-10T09:20:25.111Z,Water Plant,Drain,Drain High Level Switch,0.0
Seasonal_Storage_System,2024-08-10T09:21:25.268Z,Water Plant,Drain,Drain High Level Switch,0.0
Seasonal_Storage_System,2024-08-10T09:22:25.258Z,Water Plant,Drain,Drain High Level Switch,0.0
Seasonal_Storage_System,2024-08-10T09:23:25.253Z,Water Plant,Drain,Drain High Level Switch,0.0
Seasonal_Storage_System,2024-08-10T09:24:25.26Z,Water Plant,Drain,Drain High Level Switch,0.0
Seasonal_Storage_System,2024-08-10T09:25:25.191Z,Water Plant,Drain,Drain High Level Switch,0.0
Seasonal_Storage_System,2024-08-10T09:26:25.19Z,Water Plant,Drain,Drain High Level Switch,0.0
Seasonal_Storage_System,2024-08-10T09:27:25.191Z,Water Plant,Drain,Drain High Level Switch,0.0
Seasonal_Storage_System,2024-08-10T09:28:25.191Z,Water Plant,Drain,Drain High Level Switch,0.0
Seasonal_Storage_System,2024-08-10T09:29:25.192Z,Water Plant,Drain,Drain High Level Switch,0.0
Seasonal_Storage_System,2024-08-10T09:30:25.332Z,Water Plant,Drain,Drain High Level Switch,0.0
Seasonal_Storage_System,2024-08-10T09:31:25.296Z,Water Plant,Drain,Drain High Level Switch,0.0
Seasonal_Storage_System,2024-08-10T09:32:25.229Z,Water Plant,Drain,Drain High Level Switch,0.0
Seasonal_Storage_System,2024-08-10T09:33:25.229Z,Water Plant,Drain,Drain High Level Switch,0.0
Seasonal_Storage_System,2024-08-10T09:34:25.297Z,Water Plant,Drain,Drain High Level Switch,0.0
Seasonal_Storage_System,2024-08-10T09:35:25.317Z,Water Plant,Drain,Drain High Level Switch,0.0
Seasonal_Storage_System,2024-08-10T09:36:25.328Z,Water Plant,Drain,Drain High Level Switch,0.0
Seasonal_Storage_System,2024-08-10T09:37:25.334Z,Water Plant,Drain,Drain High Level Switch,0.0
Seasonal_Storage_System,2024-08-10T09:38:25.333Z,Water Plant,Drain,Drain High Level Switch,0.0
Seasonal_Storage_System,2024-08-10T09:39:25.377Z,Water Plant,Drain,Drain High Level Switch,0.0
Seasonal_Storage_System,2024-08-10T09:40:25.351Z,Water Plant,Drain,Drain High Level Switch,0.0
Seasonal_Storage_System,2024-08-10T09:41:25.355Z,Water Plant,Drain,Drain High Level Switch,0.0
Seasonal_Storage_System,2024-08-10T09:42:25.356Z,Water Plant,Drain,Drain High Level Switch,0.0
Seasonal_Storage_System,2024-08-10T09:43:25.356Z,Water Plant,Drain,Drain High Level Switch,0.0
Seasonal_Storage_System,2024-08-10T09:44:25.359Z,Water Plant,Drain,Drain High Level Switch,0.0
Seasonal_Storage_System,2024-08-10T09:45:25.352Z,Water Plant,Drain,Drain High Level Switch,0.0
Seasonal_Storage_System,2024-08-10T09:46:25.355Z,Water Plant,Drain,Drain High Level Switch,0.0
Seasonal_Storage_System,2024-08-10T09:47:25.359Z,Water Plant,Drain,Drain High Level Switch,0.0
Seasonal_Storage_System,2024-08-10T09:48:25.357Z,Water Plant,Drain,Drain High Level Switch,0.0
Seasonal_Storage_System,2024-08-10T09:49:25.354Z,Water Plant,Drain,Drain High Level Switch,0.0
Seasonal_Storage_System,2024-08-10T09:50:25.366Z,Water Plant,Drain,Drain High Level Switch,0.0
Seasonal_Storage_System,2024-08-10T09:51:25.292Z,Water Plant,Drain,Drain High Level Switch,0.0
Seasonal_Storage_System,2024-08-10T09:52:25.357Z,Water Plant,Drain,Drain High Level Switch,0.0
Seasonal_Storage_System,2024-08-10T09:53:25.359Z,Water Plant,Drain,Drain High Level Switch,0.0
Seasonal_Storage_System,2024-08-10T09:54:25.357Z,Water Plant,Drain,Drain High Level Switch,0.0
Seasonal_Storage_System,2024-08-10T09:55:25.362Z,Water Plant,Drain,Drain High Level Switch,0.0
Seasonal_Storage_System,2024-08-10T09:56:25.363Z,Water Plant,Drain,Drain High Level Switch,0.0
Seasonal_Storage_System,2024-08-10T09:57:25.295Z,Water Plant,Drain,Drain High Level Switch,0.0
Seasonal_Storage_System,2024-08-10T09:58:25.294Z,Water Plant,Drain,Drain High Level Switch,0.0
Seasonal_Storage_System,2024-08-10T09:59:25.295Z,Water Plant,Drain,Drain High Level Switch,0.0
Seasonal_Storage_System,2024-08-10T10:00:25.295Z,Water Plant,Drain,Drain High Level Switch,0.0
Seasonal_Storage_System,2024-08-10T10:01:25.294Z,Water Plant,Drain,Drain High Level Switch,0.0
Seasonal_Storage_System,2024-08-10T10:02:25.294Z,Water Plant,Drain,Drain High Level Switch,0.0
Seasonal_Storage_System,2024-08-10T10:03:25.378Z,Water Plant,Drain,Drain High Level Switch,0.0
Seasonal_Storage_System,2024-08-10T10:04:25.381Z,Water Plant,Drain,Drain High Level Switch,0.0
Seasonal_Storage_System,2024-08-10T10:05:25.393Z,Water Plant,Drain,Drain High Level Switch,0.0
Seasonal_Storage_System,2024-08-10T10:06:25.413Z,Water Plant,Drain,Drain High Level Switch,0.0
Seasonal_Storage_System,2024-08-10T10:07:25.424Z,Water Plant,Drain,Drain High Level Switch,0.0
Seasonal_Storage_System,2024-08-10T10:08:25.496Z,Water Plant,Drain,Drain High Level Switch,0.0
Seasonal_Storage_System,2024-08-10T10:09:25.489Z,Water Plant,Drain,Drain High Level Switch,0.0
Seasonal_Storage_System,2024-08-10T10:10:25.52Z,Water Plant,Drain,Drain High Level Switch,0.0
Seasonal_Storage_System,2024-08-10T10:11:25.526Z,Water Plant,Drain,Drain High Level Switch,0.0
Seasonal_Storage_System,2024-08-10T10:12:25.589Z,Water Plant,Drain,Drain High Level Switch,0.0
Seasonal_Storage_System,2024-08-10T10:13:25.59Z,Water Plant,Drain,Drain High Level Switch,0.0
Seasonal_Storage_System,2024-08-10T10:14:25.594Z,Water Plant,Drain,Drain High Level Switch,0.0
Seasonal_Storage_System,2024-08-10T10:15:25.639Z,Water Plant,Drain,Drain High Level Switch,0.0
Seasonal_Storage_System,2024-08-10T10:16:25.661Z,Water Plant,Drain,Drain High Level Switch,0.0
Seasonal_Storage_System,2024-08-10T10:17:25.724Z,Water Plant,Drain,Drain High Level Switch,0.0
Seasonal_Storage_System,2024-08-10T10:18:25.793Z,Water Plant,Drain,Drain High Level Switch,0.0
Seasonal_Storage_System,2024-08-10T10:19:25.829Z,Water Plant,Drain,Drain High Level Switch,0.0
Seasonal_Storage_System,2024-08-10T10:20:25.812Z,Water Plant,Drain,Drain High Level Switch,0.0
Seasonal_Storage_System,2024-08-10T10:21:25.828Z,Water Plant,Drain,Drain High Level Switch,0.0
Seasonal_Storage_System,2024-08-10T10:22:25.746Z,Water Plant,Drain,Drain High Level Switch,0.0
Seasonal_Storage_System,2024-08-10T10:23:25.745Z,Water Plant,Drain,Drain High Level Switch,0.0
Seasonal_Storage_System,2024-08-10T10:24:25.745Z,Water Plant,Drain,Drain High Level Switch,0.0
Seasonal_Storage_System,2024-08-10T10:25:25.751Z,Water Plant,Drain,Drain High Level Switch,0.0
Seasonal_Storage_System,2024-08-10T10:26:25.749Z,Water Plant,Drain,Drain High Level Switch,0.0
Seasonal_Storage_System,2024-08-10T10:27:25.747Z,Water Plant,Drain,Drain High Level Switch,0.0
Seasonal_Storage_System,2024-08-10T10:28:25.747Z,Water Plant,Drain,Drain High Level Switch,0.0
Seasonal_Storage_System,2024-08-10T10:29:25.748Z,Water Plant,Drain,Drain High Level Switch,0.0
Seasonal_Storage_System,2024-08-10T10:30:25.754Z,Water Plant,Drain,Drain High Level Switch,0.0
Seasonal_Storage_System,2024-08-10T10:31:25.753Z,Water Plant,Drain,Drain High Level Switch,0.0
Seasonal_Storage_System,2024-08-10T10:32:25.752Z,Water Plant,Drain,Drain High Level Switch,0.0
Seasonal_Storage_System,2024-08-10T10:33:25.75Z,Water Plant,Drain,Drain High Level Switch,0.0
Seasonal_Storage_System,2024-08-10T10:34:25.75Z,Water Plant,Drain,Drain High Level Switch,0.0
Seasonal_Storage_System,2024-08-10T10:35:25.751Z,Water Plant,Drain,Drain High Level Switch,0.0
Seasonal_Storage_System,2024-08-10T10:36:25.75Z,Water Plant,Drain,Drain High Level Switch,0.0
Seasonal_Storage_System,2024-08-10T10:37:25.751Z,Water Plant,Drain,Drain High Level Switch,0.0
Seasonal_Storage_System,2024-08-10T10:38:25.841Z,Water Plant,Drain,Drain High Level Switch,0.0
Seasonal_Storage_System,2024-08-10T10:39:25.837Z,Water Plant,Drain,Drain High Level Switch,0.0
Seasonal_Storage_System,2024-08-10T10:40:25.892Z,Water Plant,Drain,Drain High Level Switch,0.0
Seasonal_Storage_System,2024-08-10T10:41:25.928Z,Water Plant,Drain,Drain High Level Switch,0.0
Seasonal_Storage_System,2024-08-10T10:42:25.93Z,Water Plant,Drain,Drain High Level Switch,0.0
Seasonal_Storage_System,2024-08-10T10:43:25.923Z,Water Plant,Drain,Drain High Level Switch,0.0
Seasonal_Storage_System,2024-08-10T10:44:25.932Z,Water Plant,Drain,Drain High Level Switch,0.0
Seasonal_Storage_System,2024-08-10T10:45:25.929Z,Water Plant,Drain,Drain High Level Switch,0.0
Seasonal_Storage_System,2024-08-10T10:46:25.926Z,Water Plant,Drain,Drain High Level Switch,0.0
Seasonal_Storage_System,2024-08-10T10:47:25.913Z,Water Plant,Drain,Drain High Level Switch,0.0
Seasonal_Storage_System,2024-08-10T10:48:26.005Z,Water Plant,Drain,Drain High Level Switch,0.0
Seasonal_Storage_System,2024-08-10T10:49:25.858Z,Water Plant,Drain,Drain High Level Switch,0.0
Seasonal_Storage_System,2024-08-10T10:50:25.863Z,Water Plant,Drain,Drain High Level Switch,0.0
Seasonal_Storage_System,2024-08-10T10:51:25.855Z,Water Plant,Drain,Drain High Level Switch,0.0
Seasonal_Storage_System,2024-08-10T10:52:25.856Z,Water Plant,Drain,Drain High Level Switch,0.0
Seasonal_Storage_System,2024-08-10T10:53:25.861Z,Water Plant,Drain,Drain High Level Switch,0.0
Seasonal_Storage_System,2024-08-10T10:54:25.857Z,Water Plant,Drain,Drain High Level Switch,0.0
Seasonal_Storage_System,2024-08-10T10:55:25.858Z,Water Plant,Drain,Drain High Level Switch,0.0
Seasonal_Storage_System,2024-08-10T10:56:25.858Z,Water Plant,Drain,Drain High Level Switch,0.0
Seasonal_Storage_System,2024-08-10T10:57:25.858Z,Water Plant,Drain,Drain High Level Switch,0.0
Seasonal_Storage_System,2024-08-10T10:58:25.858Z,Water Plant,Drain,Drain High Level Switch,0.0
Seasonal_Storage_System,2024-08-10T10:59:25.858Z,Water Plant,Drain,Drain High Level Switch,0.0
Seasonal_Storage_System,2024-08-10T11:00:25.858Z,Water Plant,Drain,Drain High Level Switch,0.0
Seasonal_Storage_System,2024-08-10T11:01:25.859Z,Water Plant,Drain,Drain High Level Switch,0.0
Seasonal_Storage_System,2024-08-10T11:02:25.858Z,Water Plant,Drain,Drain High Level Switch,0.0
Seasonal_Storage_System,2024-08-10T11:03:25.858Z,Water Plant,Drain,Drain High Level Switch,0.0
Seasonal_Storage_System,2024-08-10T11:04:25.858Z,Water Plant,Drain,Drain High Level Switch,0.0
Seasonal_Storage_System,2024-08-10T11:05:25.863Z,Water Plant,Drain,Drain High Level Switch,0.0
Seasonal_Storage_System,2024-08-10T11:06:25.86Z,Water Plant,Drain,Drain High Level Switch,0.0
Seasonal_Storage_System,2024-08-10T11:07:25.86Z,Water Plant,Drain,Drain High Level Switch,0.0
Seasonal_Storage_System,2024-08-10T11:08:25.877Z,Water Plant,Drain,Drain High Level Switch,0.0
Seasonal_Storage_System,2024-08-10T11:09:25.872Z,Water Plant,Drain,Drain High Level Switch,0.0
Seasonal_Storage_System,2024-08-10T11:10:25.889Z,Water Plant,Drain,Drain High Level Switch,0.0
Seasonal_Storage_System,2024-08-10T11:11:25.872Z,Water Plant,Drain,Drain High Level Switch,0.0
Seasonal_Storage_System,2024-08-10T11:12:25.964Z,Water Plant,Drain,Drain High Level Switch,0.0
Seasonal_Storage_System,2024-08-10T11:13:26Z,Water Plant,Drain,Drain High Level Switch,0.0
Seasonal_Storage_System,2024-08-10T11:14:26.002Z,Water Plant,Drain,Drain High Level Switch,0.0
Seasonal_Storage_System,2024-08-10T11:15:26.023Z,Water Plant,Drain,Drain High Level Switch,0.0
Seasonal_Storage_System,2024-08-10T11:16:26.104Z,Water Plant,Drain,Drain High Level Switch,0.0
Seasonal_Storage_System,2024-08-10T11:17:26.031Z,Water Plant,Drain,Drain High Level Switch,0.0
Seasonal_Storage_System,2024-08-10T11:18:26.025Z,Water Plant,Drain,Drain High Level Switch,0.0
Seasonal_Storage_System,2024-08-10T11:19:26.03Z,Water Plant,Drain,Drain High Level Switch,0.0
Seasonal_Storage_System,2024-08-10T11:20:26.025Z,Water Plant,Drain,Drain High Level Switch,0.0
Seasonal_Storage_System,2024-08-10T11:21:26.128Z,Water Plant,Drain,Drain High Level Switch,0.0
Seasonal_Storage_System,2024-08-10T11:22:26.029Z,Water Plant,Drain,Drain High Level Switch,0.0
Seasonal_Storage_System,2024-08-10T11:23:26.046Z,Water Plant,Drain,Drain High Level Switch,0.0
Seasonal_Storage_System,2024-08-10T11:24:26.045Z,Water Plant,Drain,Drain High Level Switch,0.0
Seasonal_Storage_System,2024-08-10T11:25:26.033Z,Water Plant,Drain,Drain High Level Switch,0.0
Seasonal_Storage_System,2024-08-10T11:26:26.047Z,Water Plant,Drain,Drain High Level Switch,0.0
Seasonal_Storage_System,2024-08-10T11:27:26.035Z,Water Plant,Drain,Drain High Level Switch,0.0
Seasonal_Storage_System,2024-08-10T11:28:26.03Z,Water Plant,Drain,Drain High Level Switch,0.0
Seasonal_Storage_System,2024-08-10T11:29:26.076Z,Water Plant,Drain,Drain High Level Switch,0.0
Seasonal_Storage_System,2024-08-10T11:30:26.092Z,Water Plant,Drain,Drain High Level Switch,0.0
Seasonal_Storage_System,2024-08-10T11:31:26.163Z,Water Plant,Drain,Drain High Level Switch,0.0
Seasonal_Storage_System,2024-08-10T11:32:26.174Z,Water Plant,Drain,Drain High Level Switch,0.0
Seasonal_Storage_System,2024-08-10T11:33:26.2Z,Water Plant,Drain,Drain High Level Switch,0.0
Seasonal_Storage_System,2024-08-10T11:34:26.251Z,Water Plant,Drain,Drain High Level Switch,0.0
Seasonal_Storage_System,2024-08-10T11:35:26.28Z,Water Plant,Drain,Drain High Level Switch,0.0
Seasonal_Storage_System,2024-08-10T11:36:26.336Z,Water Plant,Drain,Drain High Level Switch,0.0
Seasonal_Storage_System,2024-08-10T11:37:26.28Z,Water Plant,Drain,Drain High Level Switch,0.0
Seasonal_Storage_System,2024-08-10T11:38:26.27Z,Water Plant,Drain,Drain High Level Switch,0.0
Seasonal_Storage_System,2024-08-10T11:39:26.267Z,Water Plant,Drain,Drain High Level Switch,0.0
Seasonal_Storage_System,2024-08-10T11:40:26.203Z,Water Plant,Drain,Drain High Level Switch,0.0
Seasonal_Storage_System,2024-08-10T11:41:26.206Z,Water Plant,Drain,Drain High Level Switch,0.0
Seasonal_Storage_System,2024-08-10T11:42:26.205Z,Water Plant,Drain,Drain High Level Switch,0.0
Seasonal_Storage_System,2024-08-10T11:43:26.203Z,Water Plant,Drain,Drain High Level Switch,0.0
Seasonal_Storage_System,2024-08-10T11:44:26.268Z,Water Plant,Drain,Drain High Level Switch,0.0
Seasonal_Storage_System,2024-08-10T11:45:26.273Z,Water Plant,Drain,Drain High Level Switch,0.0
Seasonal_Storage_System,2024-08-10T11:46:26.272Z,Water Plant,Drain,Drain High Level Switch,0.0
Seasonal_Storage_System,2024-08-10T11:47:26.267Z,Water Plant,Drain,Drain High Level Switch,0.0
Seasonal_Storage_System,2024-08-10T11:48:26.273Z,Water Plant,Drain,Drain High Level Switch,0.0
Seasonal_Storage_System,2024-08-10T11:49:26.273Z,Water Plant,Drain,Drain High Level Switch,0.0
Seasonal_Storage_System,2024-08-10T11:50:26.281Z,Water Plant,Drain,Drain High Level Switch,0.0
Seasonal_Storage_System,2024-08-10T11:51:26.294Z,Water Plant,Drain,Drain High Level Switch,0.0
Seasonal_Storage_System,2024-08-10T11:52:26.205Z,Water Plant,Drain,Drain High Level Switch,0.0
Seasonal_Storage_System,2024-08-10T11:53:26.369Z,Water Plant,Drain,Drain High Level Switch,0.0
Seasonal_Storage_System,2024-08-10T11:54:26.363Z,Water Plant,Drain,Drain High Level Switch,0.0
Seasonal_Storage_System,2024-08-10T11:55:26.411Z,Water Plant,Drain,Drain High Level Switch,0.0
Seasonal_Storage_System,2024-08-10T11:56:26.462Z,Water Plant,Drain,Drain High Level Switch,0.0
Seasonal_Storage_System,2024-08-10T11:57:26.485Z,Water Plant,Drain,Drain High Level Switch,0.0
Seasonal_Storage_System,2024-08-10T11:58:26.53Z,Water Plant,Drain,Drain High Level Switch,0.0
Seasonal_Storage_System,2024-08-10T11:59:26.534Z,Water Plant,Drain,Drain High Level Switch,0.0
Seasonal_Storage_System,2024-08-10T12:00:26.591Z,Water Plant,Drain,Drain High Level Switch,0.0
Seasonal_Storage_System,2024-08-10T12:01:26.603Z,Water Plant,Drain,Drain High Level Switch,0.0
Seasonal_Storage_System,2024-08-10T12:02:26.621Z,Water Plant,Drain,Drain High Level Switch,0.0
Seasonal_Storage_System,2024-08-10T12:03:26.649Z,Water Plant,Drain,Drain High Level Switch,0.0
Seasonal_Storage_System,2024-08-10T12:04:26.656Z,Water Plant,Drain,Drain High Level Switch,0.0
Seasonal_Storage_System,2024-08-10T12:05:26.687Z,Water Plant,Drain,Drain High Level Switch,0.0
Seasonal_Storage_System,2024-08-10T12:06:26.726Z,Water Plant,Drain,Drain High Level Switch,0.0
Seasonal_Storage_System,2024-08-10T12:07:26.74Z,Water Plant,Drain,Drain High Level Switch,0.0
Seasonal_Storage_System,2024-08-10T12:08:26.748Z,Water Plant,Drain,Drain High Level Switch,0.0
Seasonal_Storage_System,2024-08-10T12:09:26.776Z,Water Plant,Drain,Drain High Level Switch,0.0
Seasonal_Storage_System,2024-08-10T12:10:26.764Z,Water Plant,Drain,Drain High Level Switch,0.0
Seasonal_Storage_System,2024-08-10T12:11:26.761Z,Water Plant,Drain,Drain High Level Switch,0.0
Seasonal_Storage_System,2024-08-10T12:12:26.77Z,Water Plant,Drain,Drain High Level Switch,0.0
Seasonal_Storage_System,2024-08-10T12:13:26.697Z,Water Plant,Drain,Drain High Level Switch,0.0
Seasonal_Storage_System,2024-08-10T12:14:26.697Z,Water Plant,Drain,Drain High Level Switch,0.0
Seasonal_Storage_System,2024-08-10T12:15:26.696Z,Water Plant,Drain,Drain High Level Switch,0.0
Seasonal_Storage_System,2024-08-10T12:16:26.697Z,Water Plant,Drain,Drain High Level Switch,0.0
Seasonal_Storage_System,2024-08-10T12:17:26.697Z,Water Plant,Drain,Drain High Level Switch,0.0
Seasonal_Storage_System,2024-08-10T12:18:26.697Z,Water Plant,Drain,Drain High Level Switch,0.0
Seasonal_Storage_System,2024-08-10T12:19:26.697Z,Water Plant,Drain,Drain High Level Switch,0.0
Seasonal_Storage_System,2024-08-10T12:20:26.698Z,Water Plant,Drain,Drain High Level Switch,0.0
Seasonal_Storage_System,2024-08-10T12:21:26.698Z,Water Plant,Drain,Drain High Level Switch,0.0
Seasonal_Storage_System,2024-08-10T12:22:26.697Z,Water Plant,Drain,Drain High Level Switch,0.0
Seasonal_Storage_System,2024-08-10T12:23:26.697Z,Water Plant,Drain,Drain High Level Switch,0.0
Seasonal_Storage_System,2024-08-10T12:24:26.809Z,Water Plant,Drain,Drain High Level Switch,0.0
Seasonal_Storage_System,2024-08-10T12:25:26.739Z,Water Plant,Drain,Drain High Level Switch,0.0
Seasonal_Storage_System,2024-08-10T12:26:26.743Z,Water Plant,Drain,Drain High Level Switch,0.0
Seasonal_Storage_System,2024-08-10T12:27:26.74Z,Water Plant,Drain,Drain High Level Switch,0.0
Seasonal_Storage_System,2024-08-10T12:28:26.74Z,Water Plant,Drain,Drain High Level Switch,0.0
Seasonal_Storage_System,2024-08-10T12:29:26.764Z,Water Plant,Drain,Drain High Level Switch,0.0
Seasonal_Storage_System,2024-08-10T12:30:26.745Z,Water Plant,Drain,Drain High Level Switch,0.0
Seasonal_Storage_System,2024-08-10T12:31:26.745Z,Water Plant,Drain,Drain High Level Switch,0.0
Seasonal_Storage_System,2024-08-10T12:32:26.748Z,Water Plant,Drain,Drain High Level Switch,0.0
Seasonal_Storage_System,2024-08-10T12:33:26.745Z,Water Plant,Drain,Drain High Level Switch,0.0
Seasonal_Storage_System,2024-08-10T12:34:26.745Z,Water Plant,Drain,Drain High Level Switch,0.0
Seasonal_Storage_System,2024-08-10T12:35:26.745Z,Water Plant,Drain,Drain High Level Switch,0.0
Seasonal_Storage_System,2024-08-10T12:36:26.746Z,Water Plant,Drain,Drain High Level Switch,0.0
Seasonal_Storage_System,2024-08-10T12:37:26.746Z,Water Plant,Drain,Drain High Level Switch,0.0
Seasonal_Storage_System,2024-08-10T12:38:26.746Z,Water Plant,Drain,Drain High Level Switch,0.0
Seasonal_Storage_System,2024-08-10T12:39:26.754Z,Water Plant,Drain,Drain High Level Switch,0.0
Seasonal_Storage_System,2024-08-10T12:40:26.838Z,Water Plant,Drain,Drain High Level Switch,0.0
Seasonal_Storage_System,2024-08-10T12:41:26.883Z,Water Plant,Drain,Drain High Level Switch,0.0
Seasonal_Storage_System,2024-08-10T12:42:26.848Z,Water Plant,Drain,Drain High Level Switch,0.0
Seasonal_Storage_System,2024-08-10T12:43:26.841Z,Water Plant,Drain,Drain High Level Switch,0.0
Seasonal_Storage_System,2024-08-10T12:44:26.842Z,Water Plant,Drain,Drain High Level Switch,0.0
Seasonal_Storage_System,2024-08-10T12:45:26.845Z,Water Plant,Drain,Drain High Level Switch,0.0
Seasonal_Storage_System,2024-08-10T12:46:26.855Z,Water Plant,Drain,Drain High Level Switch,0.0
Seasonal_Storage_System,2024-08-10T12:47:26.849Z,Water Plant,Drain,Drain High Level Switch,0.0
Seasonal_Storage_System,2024-08-10T12:48:26.865Z,Water Plant,Drain,Drain High Level Switch,0.0
Seasonal_Storage_System,2024-08-10T12:49:26.858Z,Water Plant,Drain,Drain High Level Switch,0.0
Seasonal_Storage_System,2024-08-10T12:50:26.853Z,Water Plant,Drain,Drain High Level Switch,0.0
Seasonal_Storage_System,2024-08-10T12:51:27.011Z,Water Plant,Drain,Drain High Level Switch,0.0
Seasonal_Storage_System,2024-08-10T12:52:26.989Z,Water Plant,Drain,Drain High Level Switch,0.0
Seasonal_Storage_System,2024-08-10T12:53:26.996Z,Water Plant,Drain,Drain High Level Switch,0.0
Seasonal_Storage_System,2024-08-10T12:54:27.075Z,Water Plant,Drain,Drain High Level Switch,0.0
Seasonal_Storage_System,2024-08-10T12:55:27.057Z,Water Plant,Drain,Drain High Level Switch,0.0
Seasonal_Storage_System,2024-08-10T12:56:27.146Z,Water Plant,Drain,Drain High Level Switch,0.0
Seasonal_Storage_System,2024-08-10T12:57:27.164Z,Water Plant,Drain,Drain High Level Switch,0.0
Seasonal_Storage_System,2024-08-10T12:58:27.178Z,Water Plant,Drain,Drain High Level Switch,0.0
Seasonal_Storage_System,2024-08-10T12:59:27.246Z,Water Plant,Drain,Drain High Level Switch,0.0
Seasonal_Storage_System,2024-08-10T13:00:27.277Z,Water Plant,Drain,Drain High Level Switch,0.0
Seasonal_Storage_System,2024-08-10T13:01:27.296Z,Water Plant,Drain,Drain High Level Switch,0.0
Seasonal_Storage_System,2024-08-10T13:02:27.322Z,Water Plant,Drain,Drain High Level Switch,0.0
Seasonal_Storage_System,2024-08-10T13:03:27.271Z,Water Plant,Drain,Drain High Level Switch,0.0
Seasonal_Storage_System,2024-08-10T13:04:27.278Z,Water Plant,Drain,Drain High Level Switch,0.0
Seasonal_Storage_System,2024-08-10T13:05:27.282Z,Water Plant,Drain,Drain High Level Switch,0.0
Seasonal_Storage_System,2024-08-10T13:06:27.281Z,Water Plant,Drain,Drain High Level Switch,0.0
Seasonal_Storage_System,2024-08-10T13:07:27.277Z,Water Plant,Drain,Drain High Level Switch,0.0
Seasonal_Storage_System,2024-08-10T13:08:27.283Z,Water Plant,Drain,Drain High Level Switch,0.0
Seasonal_Storage_System,2024-08-10T13:09:27.212Z,Water Plant,Drain,Drain High Level Switch,0.0
Seasonal_Storage_System,2024-08-10T13:10:27.281Z,Water Plant,Drain,Drain High Level Switch,0.0
Seasonal_Storage_System,2024-08-10T13:11:27.279Z,Water Plant,Drain,Drain High Level Switch,0.0
Seasonal_Storage_System,2024-08-10T13:12:27.212Z,Water Plant,Drain,Drain High Level Switch,0.0
Seasonal_Storage_System,2024-08-10T13:13:27.213Z,Water Plant,Drain,Drain High Level Switch,0.0
Seasonal_Storage_System,2024-08-10T13:14:27.359Z,Water Plant,Drain,Drain High Level Switch,0.0
Seasonal_Storage_System,2024-08-10T13:15:27.289Z,Water Plant,Drain,Drain High Level Switch,0.0
Seasonal_Storage_System,2024-08-10T13:16:27.218Z,Water Plant,Drain,Drain High Level Switch,0.0
Seasonal_Storage_System,2024-08-10T13:17:27.22Z,Water Plant,Drain,Drain High Level Switch,0.0
Seasonal_Storage_System,2024-08-10T13:18:27.232Z,Water Plant,Drain,Drain High Level Switch,0.0
Seasonal_Storage_System,2024-08-10T13:19:27.219Z,Water Plant,Drain,Drain High Level Switch,0.0
Seasonal_Storage_System,2024-08-10T13:20:27.218Z,Water Plant,Drain,Drain High Level Switch,0.0
Seasonal_Storage_System,2024-08-10T13:21:27.219Z,Water Plant,Drain,Drain High Level Switch,0.0
Seasonal_Storage_System,2024-08-10T13:22:27.222Z,Water Plant,Drain,Drain High Level Switch,0.0
Seasonal_Storage_System,2024-08-10T13:23:27.222Z,Water Plant,Drain,Drain High Level Switch,0.0
Seasonal_Storage_System,2024-08-10T13:24:27.219Z,Water Plant,Drain,Drain High Level Switch,0.0
Seasonal_Storage_System,2024-08-10T13:25:27.326Z,Water Plant,Drain,Drain High Level Switch,0.0
Seasonal_Storage_System,2024-08-10T13:26:27.359Z,Water Plant,Drain,Drain High Level Switch,0.0
Seasonal_Storage_System,2024-08-10T13:27:27.367Z,Water Plant,Drain,Drain High Level Switch,0.0
Seasonal_Storage_System,2024-08-10T13:28:27.369Z,Water Plant,Drain,Drain High Level Switch,0.0
Seasonal_Storage_System,2024-08-10T13:29:27.365Z,Water Plant,Drain,Drain High Level Switch,0.0
Seasonal_Storage_System,2024-08-10T13:30:27.369Z,Water Plant,Drain,Drain High Level Switch,0.0
Seasonal_Storage_System,2024-08-10T13:31:27.367Z,Water Plant,Drain,Drain High Level Switch,0.0
Seasonal_Storage_System,2024-08-10T13:32:27.367Z,Water Plant,Drain,Drain High Level Switch,0.0
Seasonal_Storage_System,2024-08-10T13:33:27.368Z,Water Plant,Drain,Drain High Level Switch,0.0
Seasonal_Storage_System,2024-08-10T13:34:27.41Z,Water Plant,Drain,Drain High Level Switch,0.0
Seasonal_Storage_System,2024-08-10T13:35:27.433Z,Water Plant,Drain,Drain High Level Switch,0.0
Seasonal_Storage_System,2024-08-10T13:36:27.438Z,Water Plant,Drain,Drain High Level Switch,0.0
Seasonal_Storage_System,2024-08-10T13:37:27.433Z,Water Plant,Drain,Drain High Level Switch,0.0
Seasonal_Storage_System,2024-08-10T13:38:27.437Z,Water Plant,Drain,Drain High Level Switch,0.0
Seasonal_Storage_System,2024-08-10T13:39:27.447Z,Water Plant,Drain,Drain High Level Switch,0.0
Seasonal_Storage_System,2024-08-10T13:40:27.433Z,Water Plant,Drain,Drain High Level Switch,0.0
Seasonal_Storage_System,2024-08-10T13:41:27.434Z,Water Plant,Drain,Drain High Level Switch,0.0
Seasonal_Storage_System,2024-08-10T13:42:27.439Z,Water Plant,Drain,Drain High Level Switch,0.0
Seasonal_Storage_System,2024-08-10T13:43:27.439Z,Water Plant,Drain,Drain High Level Switch,0.0
Seasonal_Storage_System,2024-08-10T13:44:27.489Z,Water Plant,Drain,Drain High Level Switch,0.0
Seasonal_Storage_System,2024-08-10T13:45:27.537Z,Water Plant,Drain,Drain High Level Switch,0.0
Seasonal_Storage_System,2024-08-10T13:46:27.596Z,Water Plant,Drain,Drain High Level Switch,0.0
Seasonal_Storage_System,2024-08-10T13:47:27.663Z,Water Plant,Drain,Drain High Level Switch,0.0
Seasonal_Storage_System,2024-08-10T13:48:27.589Z,Water Plant,Drain,Drain High Level Switch,0.0
Seasonal_Storage_System,2024-08-10T13:49:27.59Z,Water Plant,Drain,Drain High Level Switch,0.0
Seasonal_Storage_System,2024-08-10T13:50:27.589Z,Water Plant,Drain,Drain High Level Switch,0.0
Seasonal_Storage_System,2024-08-10T13:51:27.713Z,Water Plant,Drain,Drain High Level Switch,0.0
Seasonal_Storage_System,2024-08-10T13:52:27.683Z,Water Plant,Drain,Drain High Level Switch,0.0
Seasonal_Storage_System,2024-08-10T13:53:27.671Z,Water Plant,Drain,Drain High Level Switch,0.0
Seasonal_Storage_System,2024-08-10T13:54:27.676Z,Water Plant,Drain,Drain High Level Switch,0.0
Seasonal_Storage_System,2024-08-10T13:55:27.719Z,Water Plant,Drain,Drain High Level Switch,0.0
Seasonal_Storage_System,2024-08-10T13:56:27.773Z,Water Plant,Drain,Drain High Level Switch,0.0
Seasonal_Storage_System,2024-08-10T13:57:27.776Z,Water Plant,Drain,Drain High Level Switch,0.0
Seasonal_Storage_System,2024-08-10T13:58:27.79Z,Water Plant,Drain,Drain High Level Switch,0.0
Seasonal_Storage_System,2024-08-10T13:59:27.781Z,Water Plant,Drain,Drain High Level Switch,0.0
Seasonal_Storage_System,2024-08-10T14:00:27.781Z,Water Plant,Drain,Drain High Level Switch,0.0
Seasonal_Storage_System,2024-08-10T14:01:27.712Z,Water Plant,Drain,Drain High Level Switch,0.0
Seasonal_Storage_System,2024-08-10T14:02:27.712Z,Water Plant,Drain,Drain High Level Switch,0.0
Seasonal_Storage_System,2024-08-10T14:03:27.711Z,Water Plant,Drain,Drain High Level Switch,0.0
Seasonal_Storage_System,2024-08-10T14:04:27.711Z,Water Plant,Drain,Drain High Level Switch,0.0
Seasonal_Storage_System,2024-08-10T14:05:27.712Z,Water Plant,Drain,Drain High Level Switch,0.0
Seasonal_Storage_System,2024-08-10T14:06:27.712Z,Water Plant,Drain,Drain High Level Switch,0.0
Seasonal_Storage_System,2024-08-10T14:07:27.787Z,Water Plant,Drain,Drain High Level Switch,0.0
Seasonal_Storage_System,2024-08-10T14:08:27.778Z,Water Plant,Drain,Drain High Level Switch,0.0
Seasonal_Storage_System,2024-08-10T14:09:27.783Z,Water Plant,Drain,Drain High Level Switch,0.0
Seasonal_Storage_System,2024-08-10T14:10:27.798Z,Water Plant,Drain,Drain High Level Switch,0.0
Seasonal_Storage_System,2024-08-10T14:11:27.781Z,Water Plant,Drain,Drain High Level Switch,0.0
Seasonal_Storage_System,2024-08-10T14:12:27.787Z,Water Plant,Drain,Drain High Level Switch,0.0
Seasonal_Storage_System,2024-08-10T14:13:27.782Z,Water Plant,Drain,Drain High Level Switch,0.0
Seasonal_Storage_System,2024-08-10T14:14:27.83Z,Water Plant,Drain,Drain High Level Switch,0.0
Seasonal_Storage_System,2024-08-10T14:15:27.859Z,Water Plant,Drain,Drain High Level Switch,0.0
Seasonal_Storage_System,2024-08-10T14:16:27.849Z,Water Plant,Drain,Drain High Level Switch,0.0
Seasonal_Storage_System,2024-08-10T14:17:27.864Z,Water Plant,Drain,Drain High Level Switch,0.0
Seasonal_Storage_System,2024-08-10T14:18:27.857Z,Water Plant,Drain,Drain High Level Switch,0.0
Seasonal_Storage_System,2024-08-10T14:19:27.8Z,Water Plant,Drain,Drain High Level Switch,0.0
Seasonal_Storage_System,2024-08-10T14:20:27.789Z,Water Plant,Drain,Drain High Level Switch,0.0
Seasonal_Storage_System,2024-08-10T14:21:27.873Z,Water Plant,Drain,Drain High Level Switch,0.0
Seasonal_Storage_System,2024-08-10T14:22:27.933Z,Water Plant,Drain,Drain High Level Switch,0.0
Seasonal_Storage_System,2024-08-10T14:23:27.933Z,Water Plant,Drain,Drain High Level Switch,0.0
Seasonal_Storage_System,2024-08-10T14:24:27.938Z,Water Plant,Drain,Drain High Level Switch,0.0
Seasonal_Storage_System,2024-08-10T14:25:27.937Z,Water Plant,Drain,Drain High Level Switch,0.0
Seasonal_Storage_System,2024-08-10T14:26:27.937Z,Water Plant,Drain,Drain High Level Switch,0.0
Seasonal_Storage_System,2024-08-10T14:27:27.937Z,Water Plant,Drain,Drain High Level Switch,0.0
Seasonal_Storage_System,2024-08-10T14:28:27.953Z,Water Plant,Drain,Drain High Level Switch,0.0
Seasonal_Storage_System,2024-08-10T14:29:27.939Z,Water Plant,Drain,Drain High Level Switch,0.0
Seasonal_Storage_System,2024-08-10T14:30:27.871Z,Water Plant,Drain,Drain High Level Switch,0.0
Seasonal_Storage_System,2024-08-10T14:31:27.87Z,Water Plant,Drain,Drain High Level Switch,0.0
Seasonal_Storage_System,2024-08-10T14:32:27.869Z,Water Plant,Drain,Drain High Level Switch,0.0
Seasonal_Storage_System,2024-08-10T14:33:27.869Z,Water Plant,Drain,Drain High Level Switch,0.0
Seasonal_Storage_System,2024-08-10T14:34:27.869Z,Water Plant,Drain,Drain High Level Switch,0.0
Seasonal_Storage_System,2024-08-10T14:35:27.87Z,Water Plant,Drain,Drain High Level Switch,0.0
Seasonal_Storage_System,2024-08-10T14:36:27.87Z,Water Plant,Drain,Drain High Level Switch,0.0
Seasonal_Storage_System,2024-08-10T14:37:27.87Z,Water Plant,Drain,Drain High Level Switch,0.0
Seasonal_Storage_System,2024-08-10T14:38:27.871Z,Water Plant,Drain,Drain High Level Switch,0.0
Seasonal_Storage_System,2024-08-10T14:39:27.87Z,Water Plant,Drain,Drain High Level Switch,0.0
Seasonal_Storage_System,2024-08-10T14:40:27.87Z,Water Plant,Drain,Drain High Level Switch,0.0
Seasonal_Storage_System,2024-08-10T14:41:27.872Z,Water Plant,Drain,Drain High Level Switch,0.0
Seasonal_Storage_System,2024-08-10T14:42:27.87Z,Water Plant,Drain,Drain High Level Switch,0.0
Seasonal_Storage_System,2024-08-10T14:43:27.872Z,Water Plant,Drain,Drain High Level Switch,0.0
Seasonal_Storage_System,2024-08-10T14:44:27.871Z,Water Plant,Drain,Drain High Level Switch,0.0
Seasonal_Storage_System,2024-08-10T14:45:27.871Z,Water Plant,Drain,Drain High Level Switch,0.0
Seasonal_Storage_System,2024-08-10T14:46:27.877Z,Water Plant,Drain,Drain High Level Switch,0.0
Seasonal_Storage_System,2024-08-10T14:47:27.872Z,Water Plant,Drain,Drain High Level Switch,0.0
Seasonal_Storage_System,2024-08-10T14:48:27.872Z,Water Plant,Drain,Drain High Level Switch,0.0
Seasonal_Storage_System,2024-08-10T14:49:27.872Z,Water Plant,Drain,Drain High Level Switch,0.0
Seasonal_Storage_System,2024-08-10T14:50:27.872Z,Water Plant,Drain,Drain High Level Switch,0.0
Seasonal_Storage_System,2024-08-10T14:51:27.873Z,Water Plant,Drain,Drain High Level Switch,0.0
Seasonal_Storage_System,2024-08-10T14:52:27.874Z,Water Plant,Drain,Drain High Level Switch,0.0
Seasonal_Storage_System,2024-08-10T14:53:27.873Z,Water Plant,Drain,Drain High Level Switch,0.0
Seasonal_Storage_System,2024-08-10T14:54:27.965Z,Water Plant,Drain,Drain High Level Switch,0.0
Seasonal_Storage_System,2024-08-10T14:55:27.959Z,Water Plant,Drain,Drain High Level Switch,0.0
Seasonal_Storage_System,2024-08-10T14:56:27.958Z,Water Plant,Drain,Drain High Level Switch,0.0
Seasonal_Storage_System,2024-08-10T14:57:27.956Z,Water Plant,Drain,Drain High Level Switch,0.0
Seasonal_Storage_System,2024-08-10T14:58:27.948Z,Water Plant,Drain,Drain High Level Switch,0.0
Seasonal_Storage_System,2024-08-10T14:59:27.967Z,Water Plant,Drain,Drain High Level Switch,0.0
Seasonal_Storage_System,2024-08-10T15:00:27.954Z,Water Plant,Drain,Drain High Level Switch,0.0
Seasonal_Storage_System,2024-08-10T15:01:27.959Z,Water Plant,Drain,Drain High Level Switch,0.0
Seasonal_Storage_System,2024-08-10T15:02:27.961Z,Water Plant,Drain,Drain High Level Switch,0.0
Seasonal_Storage_System,2024-08-10T15:03:27.89Z,Water Plant,Drain,Drain High Level Switch,0.0
Seasonal_Storage_System,2024-08-10T15:04:28.008Z,Water Plant,Drain,Drain High Level Switch,0.0
Seasonal_Storage_System,2024-08-10T15:05:28.063Z,Water Plant,Drain,Drain High Level Switch,0.0
Seasonal_Storage_System,2024-08-10T15:06:28.128Z,Water Plant,Drain,Drain High Level Switch,0.0
Seasonal_Storage_System,2024-08-10T15:07:27.947Z,Water Plant,Drain,Drain High Level Switch,0.0
Seasonal_Storage_System,2024-08-10T15:08:27.948Z,Water Plant,Drain,Drain High Level Switch,0.0
Seasonal_Storage_System,2024-08-10T15:09:27.947Z,Water Plant,Drain,Drain High Level Switch,0.0
Seasonal_Storage_System,2024-08-10T15:10:27.948Z,Water Plant,Drain,Drain High Level Switch,0.0
Seasonal_Storage_System,2024-08-10T15:11:27.948Z,Water Plant,Drain,Drain High Level Switch,0.0
Seasonal_Storage_System,2024-08-10T15:12:28.049Z,Water Plant,Drain,Drain High Level Switch,0.0
Seasonal_Storage_System,2024-08-10T15:13:28.033Z,Water Plant,Drain,Drain High Level Switch,0.0
Seasonal_Storage_System,2024-08-10T15:14:27.96Z,Water Plant,Drain,Drain High Level Switch,0.0
Seasonal_Storage_System,2024-08-10T15:15:27.963Z,Water Plant,Drain,Drain High Level Switch,0.0
Seasonal_Storage_System,2024-08-10T15:16:27.964Z,Water Plant,Drain,Drain High Level Switch,0.0
Seasonal_Storage_System,2024-08-10T15:17:27.962Z,Water Plant,Drain,Drain High Level Switch,0.0
Seasonal_Storage_System,2024-08-10T15:18:27.963Z,Water Plant,Drain,Drain High Level Switch,0.0
Seasonal_Storage_System,2024-08-10T15:19:28.051Z,Water Plant,Drain,Drain High Level Switch,0.0
Seasonal_Storage_System,2024-08-10T15:20:28.05Z,Water Plant,Drain,Drain High Level Switch,0.0
Seasonal_Storage_System,2024-08-10T15:21:28.039Z,Water Plant,Drain,Drain High Level Switch,0.0
Seasonal_Storage_System,2024-08-10T15:22:28.125Z,Water Plant,Drain,Drain High Level Switch,0.0
Seasonal_Storage_System,2024-08-10T15:23:28.046Z,Water Plant,Drain,Drain High Level Switch,0.0
Seasonal_Storage_System,2024-08-10T15:24:28.044Z,Water Plant,Drain,Drain High Level Switch,0.0
Seasonal_Storage_System,2024-08-10T15:25:28.051Z,Water Plant,Drain,Drain High Level Switch,0.0
Seasonal_Storage_System,2024-08-10T15:26:28.047Z,Water Plant,Drain,Drain High Level Switch,0.0
Seasonal_Storage_System,2024-08-10T15:27:28.04Z,Water Plant,Drain,Drain High Level Switch,0.0
Seasonal_Storage_System,2024-08-10T15:28:28.043Z,Water Plant,Drain,Drain High Level Switch,0.0
Seasonal_Storage_System,2024-08-10T15:29:28.046Z,Water Plant,Drain,Drain High Level Switch,0.0
Seasonal_Storage_System,2024-08-10T15:30:28.045Z,Water Plant,Drain,Drain High Level Switch,0.0
Seasonal_Storage_System,2024-08-10T15:31:28.043Z,Water Plant,Drain,Drain High Level Switch,0.0
Seasonal_Storage_System,2024-08-10T15:32:28.041Z,Water Plant,Drain,Drain High Level Switch,0.0
Seasonal_Storage_System,2024-08-10T15:33:28.044Z,Water Plant,Drain,Drain High Level Switch,0.0
Seasonal_Storage_System,2024-08-10T15:34:28.045Z,Water Plant,Drain,Drain High Level Switch,0.0
Seasonal_Storage_System,2024-08-10T15:35:28.047Z,Water Plant,Drain,Drain High Level Switch,0.0
Seasonal_Storage_System,2024-08-10T15:36:28.047Z,Water Plant,Drain,Drain High Level Switch,0.0
Seasonal_Storage_System,2024-08-10T15:37:28.055Z,Water Plant,Drain,Drain High Level Switch,0.0
Seasonal_Storage_System,2024-08-10T15:38:28.14Z,Water Plant,Drain,Drain High Level Switch,0.0
Seasonal_Storage_System,2024-08-10T15:39:28.124Z,Water Plant,Drain,Drain High Level Switch,0.0
Seasonal_Storage_System,2024-08-10T15:40:28.072Z,Water Plant,Drain,Drain High Level Switch,0.0
Seasonal_Storage_System,2024-08-10T15:41:28.087Z,Water Plant,Drain,Drain High Level Switch,0.0
Seasonal_Storage_System,2024-08-10T15:42:28.01Z,Water Plant,Drain,Drain High Level Switch,0.0
Seasonal_Storage_System,2024-08-10T15:43:28.011Z,Water Plant,Drain,Drain High Level Switch,0.0
Seasonal_Storage_System,2024-08-10T15:44:28.012Z,Water Plant,Drain,Drain High Level Switch,0.0
Seasonal_Storage_System,2024-08-10T15:45:28.03Z,Water Plant,Drain,Drain High Level Switch,0.0
Seasonal_Storage_System,2024-08-10T15:46:28.011Z,Water Plant,Drain,Drain High Level Switch,0.0
Seasonal_Storage_System,2024-08-10T15:47:28.026Z,Water Plant,Drain,Drain High Level Switch,0.0
Seasonal_Storage_System,2024-08-10T15:48:28.021Z,Water Plant,Drain,Drain High Level Switch,0.0
Seasonal_Storage_System,2024-08-10T15:49:28.016Z,Water Plant,Drain,Drain High Level Switch,0.0
Seasonal_Storage_System,2024-08-10T15:50:28.014Z,Water Plant,Drain,Drain High Level Switch,0.0
Seasonal_Storage_System,2024-08-10T15:51:28.18Z,Water Plant,Drain,Drain High Level Switch,0.0
Seasonal_Storage_System,2024-08-10T15:52:28.12Z,Water Plant,Drain,Drain High Level Switch,0.0
Seasonal_Storage_System,2024-08-10T15:53:28.181Z,Water Plant,Drain,Drain High Level Switch,0.0
Seasonal_Storage_System,2024-08-10T15:54:28.121Z,Water Plant,Drain,Drain High Level Switch,0.0
Seasonal_Storage_System,2024-08-10T15:55:28.047Z,Water Plant,Drain,Drain High Level Switch,0.0
Seasonal_Storage_System,2024-08-10T15:56:28.049Z,Water Plant,Drain,Drain High Level Switch,0.0
Seasonal_Storage_System,2024-08-10T15:57:28.045Z,Water Plant,Drain,Drain High Level Switch,0.0
Seasonal_Storage_System,2024-08-10T15:58:28.045Z,Water Plant,Drain,Drain High Level Switch,0.0
Seasonal_Storage_System,2024-08-10T15:59:28.13Z,Water Plant,Drain,Drain High Level Switch,0.0
Seasonal_Storage_System,2024-08-10T16:00:28.197Z,Water Plant,Drain,Drain High Level Switch,0.0
Seasonal_Storage_System,2024-08-10T16:01:28.27Z,Water Plant,Drain,Drain High Level Switch,0.0
Seasonal_Storage_System,2024-08-10T16:02:28.193Z,Water Plant,Drain,Drain High Level Switch,0.0
Seasonal_Storage_System,2024-08-10T16:03:28.189Z,Water Plant,Drain,Drain High Level Switch,0.0
Seasonal_Storage_System,2024-08-10T16:04:28.19Z,Water Plant,Drain,Drain High Level Switch,0.0
Seasonal_Storage_System,2024-08-10T16:05:28.191Z,Water Plant,Drain,Drain High Level Switch,0.0
Seasonal_Storage_System,2024-08-10T16:06:28.192Z,Water Plant,Drain,Drain High Level Switch,0.0
Seasonal_Storage_System,2024-08-10T16:07:28.2Z,Water Plant,Drain,Drain High Level Switch,0.0
Seasonal_Storage_System,2024-08-10T16:08:28.196Z,Water Plant,Drain,Drain High Level Switch,0.0
Seasonal_Storage_System,2024-08-10T16:09:28.127Z,Water Plant,Drain,Drain High Level Switch,0.0
Seasonal_Storage_System,2024-08-10T16:10:28.218Z,Water Plant,Drain,Drain High Level Switch,0.0
Seasonal_Storage_System,2024-08-10T16:11:28.202Z,Water Plant,Drain,Drain High Level Switch,0.0
Seasonal_Storage_System,2024-08-10T16:12:28.23Z,Water Plant,Drain,Drain High Level Switch,0.0
Seasonal_Storage_System,2024-08-10T16:13:28.253Z,Water Plant,Drain,Drain High Level Switch,0.0
Seasonal_Storage_System,2024-08-10T16:14:28.316Z,Water Plant,Drain,Drain High Level Switch,0.0
Seasonal_Storage_System,2024-08-10T16:15:28.392Z,Water Plant,Drain,Drain High Level Switch,0.0
Seasonal_Storage_System,2024-08-10T16:16:28.436Z,Water Plant,Drain,Drain High Level Switch,0.0
Seasonal_Storage_System,2024-08-10T16:17:28.429Z,Water Plant,Drain,Drain High Level Switch,0.0
Seasonal_Storage_System,2024-08-10T16:18:28.365Z,Water Plant,Drain,Drain High Level Switch,0.0
Seasonal_Storage_System,2024-08-10T16:19:28.443Z,Water Plant,Drain,Drain High Level Switch,0.0
Seasonal_Storage_System,2024-08-10T16:20:28.431Z,Water Plant,Drain,Drain High Level Switch,0.0
Seasonal_Storage_System,2024-08-10T16:21:28.445Z,Water Plant,Drain,Drain High Level Switch,0.0
Seasonal_Storage_System,2024-08-10T16:22:28.434Z,Water Plant,Drain,Drain High Level Switch,0.0
Seasonal_Storage_System,2024-08-10T16:23:28.473Z,Water Plant,Drain,Drain High Level Switch,0.0
Seasonal_Storage_System,2024-08-10T16:24:28.507Z,Water Plant,Drain,Drain High Level Switch,0.0
Seasonal_Storage_System,2024-08-10T16:25:28.568Z,Water Plant,Drain,Drain High Level Switch,0.0
Seasonal_Storage_System,2024-08-10T16:26:28.644Z,Water Plant,Drain,Drain High Level Switch,0.0
Seasonal_Storage_System,2024-08-10T16:27:28.667Z,Water Plant,Drain,Drain High Level Switch,0.0
Seasonal_Storage_System,2024-08-10T16:28:28.712Z,Water Plant,Drain,Drain High Level Switch,0.0
Seasonal_Storage_System,2024-08-10T16:29:28.803Z,Water Plant,Drain,Drain High Level Switch,0.0
Seasonal_Storage_System,2024-08-10T16:30:29.044Z,Water Plant,Drain,Drain High Level Switch,0.0
Seasonal_Storage_System,2024-08-10T16:31:28.993Z,Water Plant,Drain,Drain High Level Switch,0.0
Seasonal_Storage_System,2024-08-10T16:32:29.018Z,Water Plant,Drain,Drain High Level Switch,0.0
Seasonal_Storage_System,2024-08-10T16:33:29Z,Water Plant,Drain,Drain High Level Switch,0.0
Seasonal_Storage_System,2024-08-10T16:34:28.92Z,Water Plant,Drain,Drain High Level Switch,0.0
Seasonal_Storage_System,2024-08-10T16:35:29Z,Water Plant,Drain,Drain High Level Switch,0.0
Seasonal_Storage_System,2024-08-10T16:36:29.006Z,Water Plant,Drain,Drain High Level Switch,0.0
Seasonal_Storage_System,2024-08-10T16:37:29.011Z,Water Plant,Drain,Drain High Level Switch,0.0
Seasonal_Storage_System,2024-08-10T16:38:28.922Z,Water Plant,Drain,Drain High Level Switch,0.0
Seasonal_Storage_System,2024-08-10T16:39:28.992Z,Water Plant,Drain,Drain High Level Switch,0.0
Seasonal_Storage_System,2024-08-10T16:40:29.021Z,Water Plant,Drain,Drain High Level Switch,0.0
Seasonal_Storage_System,2024-08-10T16:41:29.046Z,Water Plant,Drain,Drain High Level Switch,0.0
Seasonal_Storage_System,2024-08-10T16:42:28.925Z,Water Plant,Drain,Drain High Level Switch,0.0
Seasonal_Storage_System,2024-08-10T16:43:28.994Z,Water Plant,Drain,Drain High Level Switch,0.0
Seasonal_Storage_System,2024-08-10T16:44:29.019Z,Water Plant,Drain,Drain High Level Switch,0.0
Seasonal_Storage_System,2024-08-10T16:45:29.008Z,Water Plant,Drain,Drain High Level Switch,0.0
Seasonal_Storage_System,2024-08-10T16:46:29.032Z,Water Plant,Drain,Drain High Level Switch,0.0
Seasonal_Storage_System,2024-08-10T16:47:29.005Z,Water Plant,Drain,Drain High Level Switch,0.0
Seasonal_Storage_System,2024-08-10T16:48:29.077Z,Water Plant,Drain,Drain High Level Switch,0.0
Seasonal_Storage_System,2024-08-10T16:49:29.024Z,Water Plant,Drain,Drain High Level Switch,0.0
Seasonal_Storage_System,2024-08-10T16:50:29.031Z,Water Plant,Drain,Drain High Level Switch,0.0
Seasonal_Storage_System,2024-08-10T16:51:29.074Z,Water Plant,Drain,Drain High Level Switch,0.0
Seasonal_Storage_System,2024-08-10T16:52:29.055Z,Water Plant,Drain,Drain High Level Switch,0.0
Seasonal_Storage_System,2024-08-10T16:53:29.051Z,Water Plant,Drain,Drain High Level Switch,0.0
Seasonal_Storage_System,2024-08-10T16:54:28.977Z,Water Plant,Drain,Drain High Level Switch,0.0
Seasonal_Storage_System,2024-08-10T16:55:28.978Z,Water Plant,Drain,Drain High Level Switch,0.0
Seasonal_Storage_System,2024-08-10T16:56:28.977Z,Water Plant,Drain,Drain High Level Switch,0.0
Seasonal_Storage_System,2024-08-10T16:57:28.979Z,Water Plant,Drain,Drain High Level Switch,0.0
Seasonal_Storage_System,2024-08-10T16:58:28.977Z,Water Plant,Drain,Drain High Level Switch,0.0
Seasonal_Storage_System,2024-08-10T16:59:28.977Z,Water Plant,Drain,Drain High Level Switch,0.0
Seasonal_Storage_System,2024-08-10T17:00:28.979Z,Water Plant,Drain,Drain High Level Switch,0.0
Seasonal_Storage_System,2024-08-10T17:01:28.978Z,Water Plant,Drain,Drain High Level Switch,0.0
Seasonal_Storage_System,2024-08-10T17:02:28.978Z,Water Plant,Drain,Drain High Level Switch,0.0
Seasonal_Storage_System,2024-08-10T17:03:28.979Z,Water Plant,Drain,Drain High Level Switch,0.0
Seasonal_Storage_System,2024-08-10T17:04:28.979Z,Water Plant,Drain,Drain High Level Switch,0.0
Seasonal_Storage_System,2024-08-10T17:05:29.093Z,Water Plant,Drain,Drain High Level Switch,0.0
Seasonal_Storage_System,2024-08-10T17:06:29.085Z,Water Plant,Drain,Drain High Level Switch,0.0
Seasonal_Storage_System,2024-08-10T17:07:29.083Z,Water Plant,Drain,Drain High Level Switch,0.0
Seasonal_Storage_System,2024-08-10T17:08:28.989Z,Water Plant,Drain,Drain High Level Switch,0.0
Seasonal_Storage_System,2024-08-10T17:09:28.989Z,Water Plant,Drain,Drain High Level Switch,0.0
Seasonal_Storage_System,2024-08-10T17:10:28.989Z,Water Plant,Drain,Drain High Level Switch,0.0
Seasonal_Storage_System,2024-08-10T17:11:28.989Z,Water Plant,Drain,Drain High Level Switch,0.0
Seasonal_Storage_System,2024-08-10T17:12:28.989Z,Water Plant,Drain,Drain High Level Switch,0.0
Seasonal_Storage_System,2024-08-10T17:13:28.99Z,Water Plant,Drain,Drain High Level Switch,0.0
Seasonal_Storage_System,2024-08-10T17:14:29.115Z,Water Plant,Drain,Drain High Level Switch,0.0
Seasonal_Storage_System,2024-08-10T17:15:29.031Z,Water Plant,Drain,Drain High Level Switch,0.0
Seasonal_Storage_System,2024-08-10T17:16:29.014Z,Water Plant,Drain,Drain High Level Switch,0.0
Seasonal_Storage_System,2024-08-10T17:17:29.014Z,Water Plant,Drain,Drain High Level Switch,0.0
Seasonal_Storage_System,2024-08-10T17:18:29.013Z,Water Plant,Drain,Drain High Level Switch,0.0
Seasonal_Storage_System,2024-08-10T17:19:29.013Z,Water Plant,Drain,Drain High Level Switch,0.0
Seasonal_Storage_System,2024-08-10T17:20:29.012Z,Water Plant,Drain,Drain High Level Switch,0.0
Seasonal_Storage_System,2024-08-10T17:21:29.013Z,Water Plant,Drain,Drain High Level Switch,0.0
Seasonal_Storage_System,2024-08-10T17:22:29.027Z,Water Plant,Drain,Drain High Level Switch,0.0
Seasonal_Storage_System,2024-08-10T17:23:29.051Z,Water Plant,Drain,Drain High Level Switch,0.0
Seasonal_Storage_System,2024-08-10T17:24:29.029Z,Water Plant,Drain,Drain High Level Switch,0.0
Seasonal_Storage_System,2024-08-10T17:25:29.03Z,Water Plant,Drain,Drain High Level Switch,0.0
Seasonal_Storage_System,2024-08-10T17:26:29.031Z,Water Plant,Drain,Drain High Level Switch,0.0
Seasonal_Storage_System,2024-08-10T17:27:29.032Z,Water Plant,Drain,Drain High Level Switch,0.0
Seasonal_Storage_System,2024-08-10T17:28:29.03Z,Water Plant,Drain,Drain High Level Switch,0.0
Seasonal_Storage_System,2024-08-10T17:29:29.03Z,Water Plant,Drain,Drain High Level Switch,0.0
Seasonal_Storage_System,2024-08-10T17:30:29.156Z,Water Plant,Drain,Drain High Level Switch,0.0
Seasonal_Storage_System,2024-08-10T17:31:29.132Z,Water Plant,Drain,Drain High Level Switch,0.0
Seasonal_Storage_System,2024-08-10T17:32:29.135Z,Water Plant,Drain,Drain High Level Switch,0.0
Seasonal_Storage_System,2024-08-10T17:33:29.177Z,Water Plant,Drain,Drain High Level Switch,0.0
Seasonal_Storage_System,2024-08-10T17:34:29.233Z,Water Plant,Drain,Drain High Level Switch,0.0
Seasonal_Storage_System,2024-08-10T17:35:29.187Z,Water Plant,Drain,Drain High Level Switch,0.0
Seasonal_Storage_System,2024-08-10T17:36:29.192Z,Water Plant,Drain,Drain High Level Switch,0.0
Seasonal_Storage_System,2024-08-10T17:37:29.185Z,Water Plant,Drain,Drain High Level Switch,0.0
Seasonal_Storage_System,2024-08-10T17:38:29.213Z,Water Plant,Drain,Drain High Level Switch,0.0
Seasonal_Storage_System,2024-08-10T17:39:29.208Z,Water Plant,Drain,Drain High Level Switch,0.0
Seasonal_Storage_System,2024-08-10T17:40:29.193Z,Water Plant,Drain,Drain High Level Switch,0.0
Seasonal_Storage_System,2024-08-10T17:41:29.243Z,Water Plant,Drain,Drain High Level Switch,0.0
Seasonal_Storage_System,2024-08-10T17:42:29.235Z,Water Plant,Drain,Drain High Level Switch,0.0
Seasonal_Storage_System,2024-08-10T17:43:29.208Z,Water Plant,Drain,Drain High Level Switch,0.0
Seasonal_Storage_System,2024-08-10T17:44:29.211Z,Water Plant,Drain,Drain High Level Switch,0.0
Seasonal_Storage_System,2024-08-10T17:45:29.209Z,Water Plant,Drain,Drain High Level Switch,0.0
Seasonal_Storage_System,2024-08-10T17:46:29.23Z,Water Plant,Drain,Drain High Level Switch,0.0
Seasonal_Storage_System,2024-08-10T17:47:29.211Z,Water Plant,Drain,Drain High Level Switch,0.0
Seasonal_Storage_System,2024-08-10T17:48:29.264Z,Water Plant,Drain,Drain High Level Switch,0.0
Seasonal_Storage_System,2024-08-10T17:49:29.219Z,Water Plant,Drain,Drain High Level Switch,0.0
Seasonal_Storage_System,2024-08-10T17:50:29.252Z,Water Plant,Drain,Drain High Level Switch,0.0
Seasonal_Storage_System,2024-08-10T17:51:29.228Z,Water Plant,Drain,Drain High Level Switch,0.0
Seasonal_Storage_System,2024-08-10T17:52:29.223Z,Water Plant,Drain,Drain High Level Switch,0.0
Seasonal_Storage_System,2024-08-10T17:53:29.218Z,Water Plant,Drain,Drain High Level Switch,0.0
Seasonal_Storage_System,2024-08-10T17:54:29.222Z,Water Plant,Drain,Drain High Level Switch,0.0
Seasonal_Storage_System,2024-08-10T17:55:29.276Z,Water Plant,Drain,Drain High Level Switch,0.0
Seasonal_Storage_System,2024-08-10T17:56:29.762Z,Water Plant,Drain,Drain High Level Switch,0.0
Seasonal_Storage_System,2024-08-10T17:57:29.722Z,Water Plant,Drain,Drain High Level Switch,0.0
Seasonal_Storage_System,2024-08-10T17:58:29.753Z,Water Plant,Drain,Drain High Level Switch,0.0
Seasonal_Storage_System,2024-08-10T17:59:29.836Z,Water Plant,Drain,Drain High Level Switch,0.0
Seasonal_Storage_System,2024-08-10T18:00:29.793Z,Water Plant,Drain,Drain High Level Switch,0.0
Seasonal_Storage_System,2024-08-10T18:01:29.826Z,Water Plant,Drain,Drain High Level Switch,0.0
Seasonal_Storage_System,2024-08-10T18:02:29.843Z,Water Plant,Drain,Drain High Level Switch,0.0
Seasonal_Storage_System,2024-08-10T18:03:29.862Z,Water Plant,Drain,Drain High Level Switch,0.0
Seasonal_Storage_System,2024-08-10T18:04:29.939Z,Water Plant,Drain,Drain High Level Switch,0.0
Seasonal_Storage_System,2024-08-10T18:05:29.871Z,Water Plant,Drain,Drain High Level Switch,0.0
Seasonal_Storage_System,2024-08-10T18:06:30.003Z,Water Plant,Drain,Drain High Level Switch,0.0
Seasonal_Storage_System,2024-08-10T18:07:30.04Z,Water Plant,Drain,Drain High Level Switch,0.0
Seasonal_Storage_System,2024-08-10T18:08:30.042Z,Water Plant,Drain,Drain High Level Switch,0.0
Seasonal_Storage_System,2024-08-10T18:09:30.039Z,Water Plant,Drain,Drain High Level Switch,0.0
Seasonal_Storage_System,2024-08-10T18:10:30.04Z,Water Plant,Drain,Drain High Level Switch,0.0
Seasonal_Storage_System,2024-08-10T18:11:30.043Z,Water Plant,Drain,Drain High Level Switch,0.0
Seasonal_Storage_System,2024-08-10T18:12:30.065Z,Water Plant,Drain,Drain High Level Switch,0.0
Seasonal_Storage_System,2024-08-10T18:13:30.051Z,Water Plant,Drain,Drain High Level Switch,0.0
Seasonal_Storage_System,2024-08-10T18:14:30.045Z,Water Plant,Drain,Drain High Level Switch,0.0
Seasonal_Storage_System,2024-08-10T18:15:30.041Z,Water Plant,Drain,Drain High Level Switch,0.0
Seasonal_Storage_System,2024-08-10T18:16:30.047Z,Water Plant,Drain,Drain High Level Switch,0.0
Seasonal_Storage_System,2024-08-10T18:17:29.978Z,Water Plant,Drain,Drain High Level Switch,0.0
Seasonal_Storage_System,2024-08-10T18:18:30.047Z,Water Plant,Drain,Drain High Level Switch,0.0
Seasonal_Storage_System,2024-08-10T18:19:30.042Z,Water Plant,Drain,Drain High Level Switch,0.0
Seasonal_Storage_System,2024-08-10T18:20:30.042Z,Water Plant,Drain,Drain High Level Switch,0.0
Seasonal_Storage_System,2024-08-10T18:21:30.052Z,Water Plant,Drain,Drain High Level Switch,0.0
Seasonal_Storage_System,2024-08-10T18:22:30.102Z,Water Plant,Drain,Drain High Level Switch,0.0
Seasonal_Storage_System,2024-08-10T18:23:30.134Z,Water Plant,Drain,Drain High Level Switch,0.0
Seasonal_Storage_System,2024-08-10T18:24:30.154Z,Water Plant,Drain,Drain High Level Switch,0.0
Seasonal_Storage_System,2024-08-10T18:25:30.62Z,Water Plant,Drain,Drain High Level Switch,0.0
Seasonal_Storage_System,2024-08-10T18:26:30.545Z,Water Plant,Drain,Drain High Level Switch,0.0
Seasonal_Storage_System,2024-08-10T18:27:30.545Z,Water Plant,Drain,Drain High Level Switch,0.0
Seasonal_Storage_System,2024-08-10T18:28:30.544Z,Water Plant,Drain,Drain High Level Switch,0.0
Seasonal_Storage_System,2024-08-10T18:29:30.541Z,Water Plant,Drain,Drain High Level Switch,0.0
Seasonal_Storage_System,2024-08-10T18:30:30.54Z,Water Plant,Drain,Drain High Level Switch,0.0
Seasonal_Storage_System,2024-08-10T18:31:30.546Z,Water Plant,Drain,Drain High Level Switch,0.0
Seasonal_Storage_System,2024-08-10T18:32:30.541Z,Water Plant,Drain,Drain High Level Switch,0.0
Seasonal_Storage_System,2024-08-10T18:33:30.478Z,Water Plant,Drain,Drain High Level Switch,0.0
Seasonal_Storage_System,2024-08-10T18:34:30.478Z,Water Plant,Drain,Drain High Level Switch,0.0
Seasonal_Storage_System,2024-08-10T18:35:30.478Z,Water Plant,Drain,Drain High Level Switch,0.0
Seasonal_Storage_System,2024-08-10T18:36:30.477Z,Water Plant,Drain,Drain High Level Switch,0.0
Seasonal_Storage_System,2024-08-10T18:37:30.478Z,Water Plant,Drain,Drain High Level Switch,0.0
Seasonal_Storage_System,2024-08-10T18:38:30.562Z,Water Plant,Drain,Drain High Level Switch,0.0
Seasonal_Storage_System,2024-08-10T18:39:30.547Z,Water Plant,Drain,Drain High Level Switch,0.0
Seasonal_Storage_System,2024-08-10T18:40:30.545Z,Water Plant,Drain,Drain High Level Switch,0.0
Seasonal_Storage_System,2024-08-10T18:41:30.547Z,Water Plant,Drain,Drain High Level Switch,0.0
Seasonal_Storage_System,2024-08-10T18:42:30.485Z,Water Plant,Drain,Drain High Level Switch,0.0
Seasonal_Storage_System,2024-08-10T18:43:30.484Z,Water Plant,Drain,Drain High Level Switch,0.0
Seasonal_Storage_System,2024-08-10T18:44:30.485Z,Water Plant,Drain,Drain High Level Switch,0.0
Seasonal_Storage_System,2024-08-10T18:45:30.485Z,Water Plant,Drain,Drain High Level Switch,0.0
Seasonal_Storage_System,2024-08-10T18:46:30.486Z,Water Plant,Drain,Drain High Level Switch,0.0
Seasonal_Storage_System,2024-08-10T18:47:30.486Z,Water Plant,Drain,Drain High Level Switch,0.0
Seasonal_Storage_System,2024-08-10T18:48:30.486Z,Water Plant,Drain,Drain High Level Switch,0.0
Seasonal_Storage_System,2024-08-10T18:49:30.486Z,Water Plant,Drain,Drain High Level Switch,0.0
Seasonal_Storage_System,2024-08-10T18:50:30.485Z,Water Plant,Drain,Drain High Level Switch,0.0
Seasonal_Storage_System,2024-08-10T18:51:30.486Z,Water Plant,Drain,Drain High Level Switch,0.0
Seasonal_Storage_System,2024-08-10T18:52:30.487Z,Water Plant,Drain,Drain High Level Switch,0.0
Seasonal_Storage_System,2024-08-10T18:53:30.487Z,Water Plant,Drain,Drain High Level Switch,0.0
Seasonal_Storage_System,2024-08-10T18:54:30.576Z,Water Plant,Drain,Drain High Level Switch,0.0
Seasonal_Storage_System,2024-08-10T18:55:30.562Z,Water Plant,Drain,Drain High Level Switch,0.0
Seasonal_Storage_System,2024-08-10T18:56:30.563Z,Water Plant,Drain,Drain High Level Switch,0.0
Seasonal_Storage_System,2024-08-10T18:57:30.499Z,Water Plant,Drain,Drain High Level Switch,0.0
Seasonal_Storage_System,2024-08-10T18:58:30.503Z,Water Plant,Drain,Drain High Level Switch,0.0
Seasonal_Storage_System,2024-08-10T18:59:30.502Z,Water Plant,Drain,Drain High Level Switch,0.0
Seasonal_Storage_System,2024-08-10T19:00:30.501Z,Water Plant,Drain,Drain High Level Switch,0.0
Seasonal_Storage_System,2024-08-10T19:01:30.5Z,Water Plant,Drain,Drain High Level Switch,0.0
Seasonal_Storage_System,2024-08-10T19:02:30.5Z,Water Plant,Drain,Drain High Level Switch,0.0
Seasonal_Storage_System,2024-08-10T19:03:30.502Z,Water Plant,Drain,Drain High Level Switch,0.0
Seasonal_Storage_System,2024-08-10T19:04:30.504Z,Water Plant,Drain,Drain High Level Switch,0.0
Seasonal_Storage_System,2024-08-10T19:05:30.502Z,Water Plant,Drain,Drain High Level Switch,0.0
Seasonal_Storage_System,2024-08-10T19:06:30.502Z,Water Plant,Drain,Drain High Level Switch,0.0
Seasonal_Storage_System,2024-08-10T19:07:30.502Z,Water Plant,Drain,Drain High Level Switch,0.0
Seasonal_Storage_System,2024-08-10T19:08:30.502Z,Water Plant,Drain,Drain High Level Switch,0.0
Seasonal_Storage_System,2024-08-10T19:09:30.502Z,Water Plant,Drain,Drain High Level Switch,0.0
Seasonal_Storage_System,2024-08-10T19:10:30.503Z,Water Plant,Drain,Drain High Level Switch,0.0
Seasonal_Storage_System,2024-08-10T19:11:30.503Z,Water Plant,Drain,Drain High Level Switch,0.0
Seasonal_Storage_System,2024-08-10T19:12:30.504Z,Water Plant,Drain,Drain High Level Switch,0.0
Seasonal_Storage_System,2024-08-10T19:13:30.505Z,Water Plant,Drain,Drain High Level Switch,0.0
Seasonal_Storage_System,2024-08-10T19:14:30.505Z,Water Plant,Drain,Drain High Level Switch,0.0
Seasonal_Storage_System,2024-08-10T19:15:30.51Z,Water Plant,Drain,Drain High Level Switch,0.0
Seasonal_Storage_System,2024-08-10T19:16:30.619Z,Water Plant,Drain,Drain High Level Switch,0.0
Seasonal_Storage_System,2024-08-10T19:17:30.666Z,Water Plant,Drain,Drain High Level Switch,0.0
Seasonal_Storage_System,2024-08-10T19:18:30.675Z,Water Plant,Drain,Drain High Level Switch,0.0
Seasonal_Storage_System,2024-08-10T19:19:30.696Z,Water Plant,Drain,Drain High Level Switch,0.0
Seasonal_Storage_System,2024-08-10T19:20:30.715Z,Water Plant,Drain,Drain High Level Switch,0.0
Seasonal_Storage_System,2024-08-10T19:21:30.751Z,Water Plant,Drain,Drain High Level Switch,0.0
Seasonal_Storage_System,2024-08-10T19:22:30.763Z,Water Plant,Drain,Drain High Level Switch,0.0
Seasonal_Storage_System,2024-08-10T19:23:30.777Z,Water Plant,Drain,Drain High Level Switch,0.0
Seasonal_Storage_System,2024-08-10T19:24:30.8Z,Water Plant,Drain,Drain High Level Switch,0.0
Seasonal_Storage_System,2024-08-10T19:25:30.811Z,Water Plant,Drain,Drain High Level Switch,0.0
Seasonal_Storage_System,2024-08-10T19:26:30.817Z,Water Plant,Drain,Drain High Level Switch,0.0
Seasonal_Storage_System,2024-08-10T19:27:30.844Z,Water Plant,Drain,Drain High Level Switch,0.0
Seasonal_Storage_System,2024-08-10T19:28:30.842Z,Water Plant,Drain,Drain High Level Switch,0.0
Seasonal_Storage_System,2024-08-10T19:29:30.904Z,Water Plant,Drain,Drain High Level Switch,0.0
Seasonal_Storage_System,2024-08-10T19:30:30.928Z,Water Plant,Drain,Drain High Level Switch,0.0
Seasonal_Storage_System,2024-08-10T19:31:30.945Z,Water Plant,Drain,Drain High Level Switch,0.0
Seasonal_Storage_System,2024-08-10T19:32:30.953Z,Water Plant,Drain,Drain High Level Switch,0.0
Seasonal_Storage_System,2024-08-10T19:33:30.954Z,Water Plant,Drain,Drain High Level Switch,0.0
Seasonal_Storage_System,2024-08-10T19:34:31.002Z,Water Plant,Drain,Drain High Level Switch,0.0
Seasonal_Storage_System,2024-08-10T19:35:31.024Z,Water Plant,Drain,Drain High Level Switch,0.0
Seasonal_Storage_System,2024-08-10T19:36:31.046Z,Water Plant,Drain,Drain High Level Switch,0.0
Seasonal_Storage_System,2024-08-10T19:37:31.058Z,Water Plant,Drain,Drain High Level Switch,0.0
Seasonal_Storage_System,2024-08-10T19:38:31.112Z,Water Plant,Drain,Drain High Level Switch,0.0
Seasonal_Storage_System,2024-08-10T19:39:31.173Z,Water Plant,Drain,Drain High Level Switch,0.0
Seasonal_Storage_System,2024-08-10T19:40:31.213Z,Water Plant,Drain,Drain High Level Switch,0.0
Seasonal_Storage_System,2024-08-10T19:41:31.236Z,Water Plant,Drain,Drain High Level Switch,0.0
Seasonal_Storage_System,2024-08-10T19:42:31.243Z,Water Plant,Drain,Drain High Level Switch,0.0
Seasonal_Storage_System,2024-08-10T19:43:31.236Z,Water Plant,Drain,Drain High Level Switch,0.0
Seasonal_Storage_System,2024-08-10T19:44:31.241Z,Water Plant,Drain,Drain High Level Switch,0.0
Seasonal_Storage_System,2024-08-10T19:45:31.247Z,Water Plant,Drain,Drain High Level Switch,0.0
Seasonal_Storage_System,2024-08-10T19:46:31.238Z,Water Plant,Drain,Drain High Level Switch,0.0
Seasonal_Storage_System,2024-08-10T19:47:31.245Z,Water Plant,Drain,Drain High Level Switch,0.0
Seasonal_Storage_System,2024-08-10T19:48:31.253Z,Water Plant,Drain,Drain High Level Switch,0.0
Seasonal_Storage_System,2024-08-10T19:49:31.24Z,Water Plant,Drain,Drain High Level Switch,0.0
Seasonal_Storage_System,2024-08-10T19:50:31.255Z,Water Plant,Drain,Drain High Level Switch,0.0
Seasonal_Storage_System,2024-08-10T19:51:31.245Z,Water Plant,Drain,Drain High Level Switch,0.0
Seasonal_Storage_System,2024-08-10T19:52:31.245Z,Water Plant,Drain,Drain High Level Switch,0.0
Seasonal_Storage_System,2024-08-10T19:53:31.252Z,Water Plant,Drain,Drain High Level Switch,0.0
Seasonal_Storage_System,2024-08-10T19:54:31.245Z,Water Plant,Drain,Drain High Level Switch,0.0
Seasonal_Storage_System,2024-08-10T19:55:31.177Z,Water Plant,Drain,Drain High Level Switch,0.0
Seasonal_Storage_System,2024-08-10T19:56:31.177Z,Water Plant,Drain,Drain High Level Switch,0.0
Seasonal_Storage_System,2024-08-10T19:57:31.178Z,Water Plant,Drain,Drain High Level Switch,0.0
Seasonal_Storage_System,2024-08-10T19:58:31.179Z,Water Plant,Drain,Drain High Level Switch,0.0
Seasonal_Storage_System,2024-08-10T19:59:31.179Z,Water Plant,Drain,Drain High Level Switch,0.0
Seasonal_Storage_System,2024-08-10T20:00:31.282Z,Water Plant,Drain,Drain High Level Switch,0.0
Seasonal_Storage_System,2024-08-10T20:01:31.279Z,Water Plant,Drain,Drain High Level Switch,0.0
Seasonal_Storage_System,2024-08-10T20:02:31.251Z,Water Plant,Drain,Drain High Level Switch,0.0
Seasonal_Storage_System,2024-08-10T20:03:31.252Z,Water Plant,Drain,Drain High Level Switch,0.0
Seasonal_Storage_System,2024-08-10T20:04:31.257Z,Water Plant,Drain,Drain High Level Switch,0.0
Seasonal_Storage_System,2024-08-10T20:05:31.252Z,Water Plant,Drain,Drain High Level Switch,0.0
Seasonal_Storage_System,2024-08-10T20:06:31.259Z,Water Plant,Drain,Drain High Level Switch,0.0
Seasonal_Storage_System,2024-08-10T20:07:31.257Z,Water Plant,Drain,Drain High Level Switch,0.0
Seasonal_Storage_System,2024-08-10T20:08:31.564Z,Water Plant,Drain,Drain High Level Switch,0.0
Seasonal_Storage_System,2024-08-10T20:09:31.261Z,Water Plant,Drain,Drain High Level Switch,0.0
Seasonal_Storage_System,2024-08-10T20:10:31.261Z,Water Plant,Drain,Drain High Level Switch,0.0
Seasonal_Storage_System,2024-08-10T20:11:31.257Z,Water Plant,Drain,Drain High Level Switch,0.0
Seasonal_Storage_System,2024-08-10T20:12:31.307Z,Water Plant,Drain,Drain High Level Switch,0.0
Seasonal_Storage_System,2024-08-10T20:13:31.344Z,Water Plant,Drain,Drain High Level Switch,0.0
Seasonal_Storage_System,2024-08-10T20:14:31.383Z,Water Plant,Drain,Drain High Level Switch,0.0
Seasonal_Storage_System,2024-08-10T20:15:31.457Z,Water Plant,Drain,Drain High Level Switch,0.0
Seasonal_Storage_System,2024-08-10T20:16:31.472Z,Water Plant,Drain,Drain High Level Switch,0.0
Seasonal_Storage_System,2024-08-10T20:17:31.403Z,Water Plant,Drain,Drain High Level Switch,0.0
Seasonal_Storage_System,2024-08-10T20:18:31.399Z,Water Plant,Drain,Drain High Level Switch,0.0
Seasonal_Storage_System,2024-08-10T20:19:31.399Z,Water Plant,Drain,Drain High Level Switch,0.0
Seasonal_Storage_System,2024-08-10T20:20:31.398Z,Water Plant,Drain,Drain High Level Switch,0.0
Seasonal_Storage_System,2024-08-10T20:21:31.334Z,Water Plant,Drain,Drain High Level Switch,0.0
Seasonal_Storage_System,2024-08-10T20:22:31.335Z,Water Plant,Drain,Drain High Level Switch,0.0
Seasonal_Storage_System,2024-08-10T20:23:31.348Z,Water Plant,Drain,Drain High Level Switch,0.0
Seasonal_Storage_System,2024-08-10T20:24:31.334Z,Water Plant,Drain,Drain High Level Switch,0.0
Seasonal_Storage_System,2024-08-10T20:25:31.335Z,Water Plant,Drain,Drain High Level Switch,0.0
Seasonal_Storage_System,2024-08-10T20:26:31.334Z,Water Plant,Drain,Drain High Level Switch,0.0
Seasonal_Storage_System,2024-08-10T20:27:31.335Z,Water Plant,Drain,Drain High Level Switch,0.0
Seasonal_Storage_System,2024-08-10T20:28:31.334Z,Water Plant,Drain,Drain High Level Switch,0.0
Seasonal_Storage_System,2024-08-10T20:29:31.334Z,Water Plant,Drain,Drain High Level Switch,0.0
Seasonal_Storage_System,2024-08-10T20:30:31.334Z,Water Plant,Drain,Drain High Level Switch,0.0
Seasonal_Storage_System,2024-08-10T20:31:31.334Z,Water Plant,Drain,Drain High Level Switch,0.0
Seasonal_Storage_System,2024-08-10T20:32:31.335Z,Water Plant,Drain,Drain High Level Switch,0.0
Seasonal_Storage_System,2024-08-10T20:33:31.335Z,Water Plant,Drain,Drain High Level Switch,0.0
Seasonal_Storage_System,2024-08-10T20:34:31.336Z,Water Plant,Drain,Drain High Level Switch,0.0
Seasonal_Storage_System,2024-08-10T20:35:31.339Z,Water Plant,Drain,Drain High Level Switch,0.0
Seasonal_Storage_System,2024-08-10T20:36:31.426Z,Water Plant,Drain,Drain High Level Switch,0.0
Seasonal_Storage_System,2024-08-10T20:37:31.465Z,Water Plant,Drain,Drain High Level Switch,0.0
Seasonal_Storage_System,2024-08-10T20:38:31.527Z,Water Plant,Drain,Drain High Level Switch,0.0
Seasonal_Storage_System,2024-08-10T20:39:31.585Z,Water Plant,Drain,Drain High Level Switch,0.0
Seasonal_Storage_System,2024-08-10T20:40:31.626Z,Water Plant,Drain,Drain High Level Switch,0.0
Seasonal_Storage_System,2024-08-10T20:41:31.629Z,Water Plant,Drain,Drain High Level Switch,0.0
Seasonal_Storage_System,2024-08-10T20:42:31.682Z,Water Plant,Drain,Drain High Level Switch,0.0
Seasonal_Storage_System,2024-08-10T20:43:31.694Z,Water Plant,Drain,Drain High Level Switch,0.0
Seasonal_Storage_System,2024-08-10T20:44:31.737Z,Water Plant,Drain,Drain High Level Switch,0.0
Seasonal_Storage_System,2024-08-10T20:45:31.734Z,Water Plant,Drain,Drain High Level Switch,0.0
Seasonal_Storage_System,2024-08-10T20:46:31.778Z,Water Plant,Drain,Drain High Level Switch,0.0
Seasonal_Storage_System,2024-08-10T20:47:31.786Z,Water Plant,Drain,Drain High Level Switch,0.0
Seasonal_Storage_System,2024-08-10T20:48:31.788Z,Water Plant,Drain,Drain High Level Switch,0.0
Seasonal_Storage_System,2024-08-10T20:49:31.802Z,Water Plant,Drain,Drain High Level Switch,0.0
Seasonal_Storage_System,2024-08-10T20:50:31.811Z,Water Plant,Drain,Drain High Level Switch,0.0
Seasonal_Storage_System,2024-08-10T20:51:31.817Z,Water Plant,Drain,Drain High Level Switch,0.0
Seasonal_Storage_System,2024-08-10T20:52:31.834Z,Water Plant,Drain,Drain High Level Switch,0.0
Seasonal_Storage_System,2024-08-10T20:53:31.843Z,Water Plant,Drain,Drain High Level Switch,0.0
Seasonal_Storage_System,2024-08-10T20:54:31.871Z,Water Plant,Drain,Drain High Level Switch,0.0
Seasonal_Storage_System,2024-08-10T20:55:31.884Z,Water Plant,Drain,Drain High Level Switch,0.0
Seasonal_Storage_System,2024-08-10T20:56:31.905Z,Water Plant,Drain,Drain High Level Switch,0.0
Seasonal_Storage_System,2024-08-10T20:57:31.912Z,Water Plant,Drain,Drain High Level Switch,0.0
Seasonal_Storage_System,2024-08-10T20:58:31.925Z,Water Plant,Drain,Drain High Level Switch,0.0
Seasonal_Storage_System,2024-08-10T20:59:31.946Z,Water Plant,Drain,Drain High Level Switch,0.0
Seasonal_Storage_System,2024-08-10T21:00:31.961Z,Water Plant,Drain,Drain High Level Switch,0.0
Seasonal_Storage_System,2024-08-10T21:01:31.979Z,Water Plant,Drain,Drain High Level Switch,0.0
Seasonal_Storage_System,2024-08-10T21:02:31.993Z,Water Plant,Drain,Drain High Level Switch,0.0
Seasonal_Storage_System,2024-08-10T21:03:32.024Z,Water Plant,Drain,Drain High Level Switch,0.0
Seasonal_Storage_System,2024-08-10T21:04:32.045Z,Water Plant,Drain,Drain High Level Switch,0.0
Seasonal_Storage_System,2024-08-10T21:05:32.048Z,Water Plant,Drain,Drain High Level Switch,0.0
Seasonal_Storage_System,2024-08-10T21:06:32.073Z,Water Plant,Drain,Drain High Level Switch,0.0
Seasonal_Storage_System,2024-08-10T21:07:32.085Z,Water Plant,Drain,Drain High Level Switch,0.0
Seasonal_Storage_System,2024-08-10T21:08:32.118Z,Water Plant,Drain,Drain High Level Switch,0.0
Seasonal_Storage_System,2024-08-10T21:09:32.137Z,Water Plant,Drain,Drain High Level Switch,0.0
Seasonal_Storage_System,2024-08-10T21:10:32.174Z,Water Plant,Drain,Drain High Level Switch,0.0
Seasonal_Storage_System,2024-08-10T21:11:32.182Z,Water Plant,Drain,Drain High Level Switch,0.0
Seasonal_Storage_System,2024-08-10T21:12:32.202Z,Water Plant,Drain,Drain High Level Switch,0.0
Seasonal_Storage_System,2024-08-10T21:13:32.2Z,Water Plant,Drain,Drain High Level Switch,0.0
Seasonal_Storage_System,2024-08-10T21:14:32.237Z,Water Plant,Drain,Drain High Level Switch,0.0
Seasonal_Storage_System,2024-08-10T21:15:32.249Z,Water Plant,Drain,Drain High Level Switch,0.0
Seasonal_Storage_System,2024-08-10T21:16:32.28Z,Water Plant,Drain,Drain High Level Switch,0.0
Seasonal_Storage_System,2024-08-10T21:17:32.296Z,Water Plant,Drain,Drain High Level Switch,0.0
Seasonal_Storage_System,2024-08-10T21:18:32.335Z,Water Plant,Drain,Drain High Level Switch,0.0
Seasonal_Storage_System,2024-08-10T21:19:32.328Z,Water Plant,Drain,Drain High Level Switch,0.0
Seasonal_Storage_System,2024-08-10T21:20:32.366Z,Water Plant,Drain,Drain High Level Switch,0.0
Seasonal_Storage_System,2024-08-10T21:21:32.375Z,Water Plant,Drain,Drain High Level Switch,0.0
Seasonal_Storage_System,2024-08-10T21:22:32.423Z,Water Plant,Drain,Drain High Level Switch,0.0
Seasonal_Storage_System,2024-08-10T21:23:32.437Z,Water Plant,Drain,Drain High Level Switch,0.0
Seasonal_Storage_System,2024-08-10T21:24:32.443Z,Water Plant,Drain,Drain High Level Switch,0.0
Seasonal_Storage_System,2024-08-10T21:25:32.476Z,Water Plant,Drain,Drain High Level Switch,0.0
Seasonal_Storage_System,2024-08-10T21:26:32.495Z,Water Plant,Drain,Drain High Level Switch,0.0
Seasonal_Storage_System,2024-08-10T21:27:32.522Z,Water Plant,Drain,Drain High Level Switch,0.0
Seasonal_Storage_System,2024-08-10T21:28:32.53Z,Water Plant,Drain,Drain High Level Switch,0.0
Seasonal_Storage_System,2024-08-10T21:29:32.547Z,Water Plant,Drain,Drain High Level Switch,0.0
Seasonal_Storage_System,2024-08-10T21:30:32.545Z,Water Plant,Drain,Drain High Level Switch,0.0
Seasonal_Storage_System,2024-08-10T21:31:32.586Z,Water Plant,Drain,Drain High Level Switch,0.0
Seasonal_Storage_System,2024-08-10T21:32:32.599Z,Water Plant,Drain,Drain High Level Switch,0.0
Seasonal_Storage_System,2024-08-10T21:33:32.611Z,Water Plant,Drain,Drain High Level Switch,0.0
Seasonal_Storage_System,2024-08-10T21:34:32.642Z,Water Plant,Drain,Drain High Level Switch,0.0
Seasonal_Storage_System,2024-08-10T21:35:32.653Z,Water Plant,Drain,Drain High Level Switch,0.0
Seasonal_Storage_System,2024-08-10T21:36:32.65Z,Water Plant,Drain,Drain High Level Switch,0.0
Seasonal_Storage_System,2024-08-10T21:37:32.669Z,Water Plant,Drain,Drain High Level Switch,0.0
Seasonal_Storage_System,2024-08-10T21:38:32.689Z,Water Plant,Drain,Drain High Level Switch,0.0
Seasonal_Storage_System,2024-08-10T21:39:32.697Z,Water Plant,Drain,Drain High Level Switch,0.0
Seasonal_Storage_System,2024-08-10T21:40:32.735Z,Water Plant,Drain,Drain High Level Switch,0.0
Seasonal_Storage_System,2024-08-10T21:41:32.75Z,Water Plant,Drain,Drain High Level Switch,0.0
Seasonal_Storage_System,2024-08-10T21:42:32.756Z,Water Plant,Drain,Drain High Level Switch,0.0
Seasonal_Storage_System,2024-08-10T21:43:32.77Z,Water Plant,Drain,Drain High Level Switch,0.0
Seasonal_Storage_System,2024-08-10T21:44:32.776Z,Water Plant,Drain,Drain High Level Switch,0.0
Seasonal_Storage_System,2024-08-10T21:45:32.795Z,Water Plant,Drain,Drain High Level Switch,0.0
Seasonal_Storage_System,2024-08-10T21:46:32.834Z,Water Plant,Drain,Drain High Level Switch,0.0
Seasonal_Storage_System,2024-08-10T21:47:32.835Z,Water Plant,Drain,Drain High Level Switch,0.0
Seasonal_Storage_System,2024-08-10T21:48:32.882Z,Water Plant,Drain,Drain High Level Switch,0.0
Seasonal_Storage_System,2024-08-10T21:49:32.889Z,Water Plant,Drain,Drain High Level Switch,0.0
Seasonal_Storage_System,2024-08-10T21:50:32.889Z,Water Plant,Drain,Drain High Level Switch,0.0
Seasonal_Storage_System,2024-08-10T21:51:32.889Z,Water Plant,Drain,Drain High Level Switch,0.0
Seasonal_Storage_System,2024-08-10T21:52:32.888Z,Water Plant,Drain,Drain High Level Switch,0.0
Seasonal_Storage_System,2024-08-10T21:53:32.886Z,Water Plant,Drain,Drain High Level Switch,0.0
Seasonal_Storage_System,2024-08-10T21:54:32.895Z,Water Plant,Drain,Drain High Level Switch,0.0
Seasonal_Storage_System,2024-08-10T21:55:32.894Z,Water Plant,Drain,Drain High Level Switch,0.0
Seasonal_Storage_System,2024-08-10T21:56:32.888Z,Water Plant,Drain,Drain High Level Switch,0.0
Seasonal_Storage_System,2024-08-10T21:57:32.889Z,Water Plant,Drain,Drain High Level Switch,0.0
Seasonal_Storage_System,2024-08-10T21:58:32.885Z,Water Plant,Drain,Drain High Level Switch,0.0
Seasonal_Storage_System,2024-08-10T21:59:32.892Z,Water Plant,Drain,Drain High Level Switch,0.0
Seasonal_Storage_System,2024-08-10T22:00:32.894Z,Water Plant,Drain,Drain High Level Switch,0.0
Seasonal_Storage_System,2024-08-10T22:01:32.895Z,Water Plant,Drain,Drain High Level Switch,0.0
Seasonal_Storage_System,2024-08-10T22:02:32.827Z,Water Plant,Drain,Drain High Level Switch,0.0
Seasonal_Storage_System,2024-08-10T22:03:32.826Z,Water Plant,Drain,Drain High Level Switch,0.0
Seasonal_Storage_System,2024-08-10T22:04:32.825Z,Water Plant,Drain,Drain High Level Switch,0.0
Seasonal_Storage_System,2024-08-10T22:05:32.831Z,Water Plant,Drain,Drain High Level Switch,0.0
Seasonal_Storage_System,2024-08-10T22:06:32.827Z,Water Plant,Drain,Drain High Level Switch,0.0
Seasonal_Storage_System,2024-08-10T22:07:32.827Z,Water Plant,Drain,Drain High Level Switch,0.0
Seasonal_Storage_System,2024-08-10T22:08:32.828Z,Water Plant,Drain,Drain High Level Switch,0.0
Seasonal_Storage_System,2024-08-10T22:09:32.828Z,Water Plant,Drain,Drain High Level Switch,0.0
Seasonal_Storage_System,2024-08-10T22:10:32.927Z,Water Plant,Drain,Drain High Level Switch,0.0
Seasonal_Storage_System,2024-08-10T22:11:32.946Z,Water Plant,Drain,Drain High Level Switch,0.0
Seasonal_Storage_System,2024-08-10T22:12:32.997Z,Water Plant,Drain,Drain High Level Switch,0.0
Seasonal_Storage_System,2024-08-10T22:13:32.992Z,Water Plant,Drain,Drain High Level Switch,0.0
Seasonal_Storage_System,2024-08-10T22:14:33.005Z,Water Plant,Drain,Drain High Level Switch,0.0
Seasonal_Storage_System,2024-08-10T22:15:33.017Z,Water Plant,Drain,Drain High Level Switch,0.0
Seasonal_Storage_System,2024-08-10T22:16:33.065Z,Water Plant,Drain,Drain High Level Switch,0.0
Seasonal_Storage_System,2024-08-10T22:17:33.078Z,Water Plant,Drain,Drain High Level Switch,0.0
Seasonal_Storage_System,2024-08-10T22:18:33.109Z,Water Plant,Drain,Drain High Level Switch,0.0
Seasonal_Storage_System,2024-08-10T22:19:33.129Z,Water Plant,Drain,Drain High Level Switch,0.0
Seasonal_Storage_System,2024-08-10T22:20:33.129Z,Water Plant,Drain,Drain High Level Switch,0.0
Seasonal_Storage_System,2024-08-10T22:21:33.139Z,Water Plant,Drain,Drain High Level Switch,0.0
Seasonal_Storage_System,2024-08-10T22:22:33.164Z,Water Plant,Drain,Drain High Level Switch,0.0
Seasonal_Storage_System,2024-08-10T22:23:33.18Z,Water Plant,Drain,Drain High Level Switch,0.0
Seasonal_Storage_System,2024-08-10T22:24:33.19Z,Water Plant,Drain,Drain High Level Switch,0.0
Seasonal_Storage_System,2024-08-10T22:25:33.206Z,Water Plant,Drain,Drain High Level Switch,0.0
Seasonal_Storage_System,2024-08-10T22:26:33.213Z,Water Plant,Drain,Drain High Level Switch,0.0
Seasonal_Storage_System,2024-08-10T22:27:33.228Z,Water Plant,Drain,Drain High Level Switch,0.0
Seasonal_Storage_System,2024-08-10T22:28:33.232Z,Water Plant,Drain,Drain High Level Switch,0.0
Seasonal_Storage_System,2024-08-10T22:29:33.254Z,Water Plant,Drain,Drain High Level Switch,0.0
Seasonal_Storage_System,2024-08-10T22:30:33.283Z,Water Plant,Drain,Drain High Level Switch,0.0
Seasonal_Storage_System,2024-08-10T22:31:33.312Z,Water Plant,Drain,Drain High Level Switch,0.0
Seasonal_Storage_System,2024-08-10T22:32:33.338Z,Water Plant,Drain,Drain High Level Switch,0.0
Seasonal_Storage_System,2024-08-10T22:33:33.389Z,Water Plant,Drain,Drain High Level Switch,0.0
Seasonal_Storage_System,2024-08-10T22:34:33.405Z,Water Plant,Drain,Drain High Level Switch,0.0
Seasonal_Storage_System,2024-08-10T22:35:33.399Z,Water Plant,Drain,Drain High Level Switch,0.0
Seasonal_Storage_System,2024-08-10T22:36:33.427Z,Water Plant,Drain,Drain High Level Switch,0.0
Seasonal_Storage_System,2024-08-10T22:37:33.429Z,Water Plant,Drain,Drain High Level Switch,0.0
Seasonal_Storage_System,2024-08-10T22:38:33.448Z,Water Plant,Drain,Drain High Level Switch,0.0
Seasonal_Storage_System,2024-08-10T22:39:33.454Z,Water Plant,Drain,Drain High Level Switch,0.0
Seasonal_Storage_System,2024-08-10T22:40:33.483Z,Water Plant,Drain,Drain High Level Switch,0.0
Seasonal_Storage_System,2024-08-10T22:41:33.501Z,Water Plant,Drain,Drain High Level Switch,0.0
Seasonal_Storage_System,2024-08-10T22:42:33.539Z,Water Plant,Drain,Drain High Level Switch,0.0
Seasonal_Storage_System,2024-08-10T22:43:33.56Z,Water Plant,Drain,Drain High Level Switch,0.0
Seasonal_Storage_System,2024-08-10T22:44:33.569Z,Water Plant,Drain,Drain High Level Switch,0.0
Seasonal_Storage_System,2024-08-10T22:45:33.588Z,Water Plant,Drain,Drain High Level Switch,0.0
Seasonal_Storage_System,2024-08-10T22:46:33.599Z,Water Plant,Drain,Drain High Level Switch,0.0
Seasonal_Storage_System,2024-08-10T22:47:33.616Z,Water Plant,Drain,Drain High Level Switch,0.0
Seasonal_Storage_System,2024-08-10T22:48:33.622Z,Water Plant,Drain,Drain High Level Switch,0.0
Seasonal_Storage_System,2024-08-10T22:49:33.666Z,Water Plant,Drain,Drain High Level Switch,0.0
Seasonal_Storage_System,2024-08-10T22:50:33.669Z,Water Plant,Drain,Drain High Level Switch,0.0
Seasonal_Storage_System,2024-08-10T22:51:33.685Z,Water Plant,Drain,Drain High Level Switch,0.0
Seasonal_Storage_System,2024-08-10T22:52:33.698Z,Water Plant,Drain,Drain High Level Switch,0.0
Seasonal_Storage_System,2024-08-10T22:53:33.751Z,Water Plant,Drain,Drain High Level Switch,0.0
Seasonal_Storage_System,2024-08-10T22:54:33.687Z,Water Plant,Drain,Drain High Level Switch,0.0
Seasonal_Storage_System,2024-08-10T22:55:33.687Z,Water Plant,Drain,Drain High Level Switch,0.0
Seasonal_Storage_System,2024-08-10T22:56:33.687Z,Water Plant,Drain,Drain High Level Switch,0.0
Seasonal_Storage_System,2024-08-10T22:57:33.688Z,Water Plant,Drain,Drain High Level Switch,0.0
Seasonal_Storage_System,2024-08-10T22:58:33.687Z,Water Plant,Drain,Drain High Level Switch,0.0
Seasonal_Storage_System,2024-08-10T22:59:33.687Z,Water Plant,Drain,Drain High Level Switch,0.0
Seasonal_Storage_System,2024-08-10T23:00:33.688Z,Water Plant,Drain,Drain High Level Switch,0.0
Seasonal_Storage_System,2024-08-10T23:01:33.687Z,Water Plant,Drain,Drain High Level Switch,0.0
Seasonal_Storage_System,2024-08-10T23:02:33.687Z,Water Plant,Drain,Drain High Level Switch,0.0
Seasonal_Storage_System,2024-08-10T23:03:33.764Z,Water Plant,Drain,Drain High Level Switch,0.0
Seasonal_Storage_System,2024-08-10T23:04:33.758Z,Water Plant,Drain,Drain High Level Switch,0.0
Seasonal_Storage_System,2024-08-10T23:05:33.759Z,Water Plant,Drain,Drain High Level Switch,0.0
Seasonal_Storage_System,2024-08-10T23:06:33.762Z,Water Plant,Drain,Drain High Level Switch,0.0
Seasonal_Storage_System,2024-08-10T23:07:33.76Z,Water Plant,Drain,Drain High Level Switch,0.0
Seasonal_Storage_System,2024-08-10T23:08:33.76Z,Water Plant,Drain,Drain High Level Switch,0.0
Seasonal_Storage_System,2024-08-10T23:09:33.761Z,Water Plant,Drain,Drain High Level Switch,0.0
Seasonal_Storage_System,2024-08-10T23:10:33.754Z,Water Plant,Drain,Drain High Level Switch,0.0
Seasonal_Storage_System,2024-08-10T23:11:33.753Z,Water Plant,Drain,Drain High Level Switch,0.0
Seasonal_Storage_System,2024-08-10T23:12:33.691Z,Water Plant,Drain,Drain High Level Switch,0.0
Seasonal_Storage_System,2024-08-10T23:13:33.694Z,Water Plant,Drain,Drain High Level Switch,0.0
Seasonal_Storage_System,2024-08-10T23:14:33.692Z,Water Plant,Drain,Drain High Level Switch,0.0
Seasonal_Storage_System,2024-08-10T23:15:33.693Z,Water Plant,Drain,Drain High Level Switch,0.0
Seasonal_Storage_System,2024-08-10T23:16:33.694Z,Water Plant,Drain,Drain High Level Switch,0.0
Seasonal_Storage_System,2024-08-10T23:17:33.694Z,Water Plant,Drain,Drain High Level Switch,0.0
Seasonal_Storage_System,2024-08-10T23:18:33.693Z,Water Plant,Drain,Drain High Level Switch,0.0
Seasonal_Storage_System,2024-08-10T23:19:33.694Z,Water Plant,Drain,Drain High Level Switch,0.0
Seasonal_Storage_System,2024-08-10T23:20:33.695Z,Water Plant,Drain,Drain High Level Switch,0.0
Seasonal_Storage_System,2024-08-10T23:21:33.694Z,Water Plant,Drain,Drain High Level Switch,0.0
Seasonal_Storage_System,2024-08-10T23:22:33.695Z,Water Plant,Drain,Drain High Level Switch,0.0
Seasonal_Storage_System,2024-08-10T23:23:33.695Z,Water Plant,Drain,Drain High Level Switch,0.0
Seasonal_Storage_System,2024-08-10T23:24:33.695Z,Water Plant,Drain,Drain High Level Switch,0.0
Seasonal_Storage_System,2024-08-10T23:25:33.764Z,Water Plant,Drain,Drain High Level Switch,0.0
Seasonal_Storage_System,2024-08-10T23:26:33.78Z,Water Plant,Drain,Drain High Level Switch,0.0
Seasonal_Storage_System,2024-08-10T23:27:33.826Z,Water Plant,Drain,Drain High Level Switch,0.0
Seasonal_Storage_System,2024-08-10T23:28:33.846Z,Water Plant,Drain,Drain High Level Switch,0.0
Seasonal_Storage_System,2024-08-10T23:29:33.89Z,Water Plant,Drain,Drain High Level Switch,0.0
Seasonal_Storage_System,2024-08-10T23:30:33.89Z,Water Plant,Drain,Drain High Level Switch,0.0
Seasonal_Storage_System,2024-08-10T23:31:33.92Z,Water Plant,Drain,Drain High Level Switch,0.0
Seasonal_Storage_System,2024-08-10T23:32:33.93Z,Water Plant,Drain,Drain High Level Switch,0.0
Seasonal_Storage_System,2024-08-10T23:33:33.968Z,Water Plant,Drain,Drain High Level Switch,0.0
Seasonal_Storage_System,2024-08-10T23:34:33.984Z,Water Plant,Drain,Drain High Level Switch,0.0
Seasonal_Storage_System,2024-08-10T23:35:34.031Z,Water Plant,Drain,Drain High Level Switch,0.0
Seasonal_Storage_System,2024-08-10T23:36:34.037Z,Water Plant,Drain,Drain High Level Switch,0.0
Seasonal_Storage_System,2024-08-10T23:37:34.067Z,Water Plant,Drain,Drain High Level Switch,0.0
Seasonal_Storage_System,2024-08-10T23:38:34.08Z,Water Plant,Drain,Drain High Level Switch,0.0
Seasonal_Storage_System,2024-08-10T23:39:34.108Z,Water Plant,Drain,Drain High Level Switch,0.0
Seasonal_Storage_System,2024-08-10T23:40:34.152Z,Water Plant,Drain,Drain High Level Switch,0.0
Seasonal_Storage_System,2024-08-10T23:41:34.199Z,Water Plant,Drain,Drain High Level Switch,0.0
Seasonal_Storage_System,2024-08-10T23:42:34.238Z,Water Plant,Drain,Drain High Level Switch,0.0
Seasonal_Storage_System,2024-08-10T23:43:34.232Z,Water Plant,Drain,Drain High Level Switch,0.0
Seasonal_Storage_System,2024-08-10T23:44:34.295Z,Water Plant,Drain,Drain High Level Switch,0.0
Seasonal_Storage_System,2024-08-10T23:45:34.316Z,Water Plant,Drain,Drain High Level Switch,0.0
Seasonal_Storage_System,2024-08-10T23:46:34.361Z,Water Plant,Drain,Drain High Level Switch,0.0
Seasonal_Storage_System,2024-08-10T23:47:34.37Z,Water Plant,Drain,Drain High Level Switch,0.0
Seasonal_Storage_System,2024-08-10T23:48:34.394Z,Water Plant,Drain,Drain High Level Switch,0.0
Seasonal_Storage_System,2024-08-10T23:49:34.409Z,Water Plant,Drain,Drain High Level Switch,0.0
Seasonal_Storage_System,2024-08-10T23:50:34.411Z,Water Plant,Drain,Drain High Level Switch,0.0
Seasonal_Storage_System,2024-08-10T23:51:34.416Z,Water Plant,Drain,Drain High Level Switch,0.0
Seasonal_Storage_System,2024-08-10T23:52:34.434Z,Water Plant,Drain,Drain High Level Switch,0.0
Seasonal_Storage_System,2024-08-10T23:53:34.449Z,Water Plant,Drain,Drain High Level Switch,0.0
Seasonal_Storage_System,2024-08-10T23:54:34.471Z,Water Plant,Drain,Drain High Level Switch,0.0
Seasonal_Storage_System,2024-08-10T23:55:34.494Z,Water Plant,Drain,Drain High Level Switch,0.0
Seasonal_Storage_System,2024-08-10T23:56:34.499Z,Water Plant,Drain,Drain High Level Switch,0.0
Seasonal_Storage_System,2024-08-10T23:57:34.532Z,Water Plant,Drain,Drain High Level Switch,0.0
Seasonal_Storage_System,2024-08-10T23:58:34.553Z,Water Plant,Drain,Drain High Level Switch,0.0
Seasonal_Storage_System,2024-08-10T23:59:34.573Z,Water Plant,Drain,Drain High Level Switch,0.0
Seasonal_Storage_System,2024-08-11T00:00:34.579Z,Water Plant,Drain,Drain High Level Switch,0.0
Seasonal_Storage_System,2024-08-11T00:01:34.583Z,Water Plant,Drain,Drain High Level Switch,0.0
Seasonal_Storage_System,2024-08-11T00:02:34.586Z,Water Plant,Drain,Drain High Level Switch,0.0
Seasonal_Storage_System,2024-08-11T00:03:34.629Z,Water Plant,Drain,Drain High Level Switch,0.0
Seasonal_Storage_System,2024-08-11T00:04:34.654Z,Water Plant,Drain,Drain High Level Switch,0.0
Seasonal_Storage_System,2024-08-11T00:05:34.715Z,Water Plant,Drain,Drain High Level Switch,0.0
Seasonal_Storage_System,2024-08-11T00:06:34.644Z,Water Plant,Drain,Drain High Level Switch,0.0
Seasonal_Storage_System,2024-08-11T00:07:34.644Z,Water Plant,Drain,Drain High Level Switch,0.0
Seasonal_Storage_System,2024-08-11T00:08:34.645Z,Water Plant,Drain,Drain High Level Switch,0.0
Seasonal_Storage_System,2024-08-11T00:09:34.649Z,Water Plant,Drain,Drain High Level Switch,0.0
Seasonal_Storage_System,2024-08-11T00:10:34.653Z,Water Plant,Drain,Drain High Level Switch,0.0
Seasonal_Storage_System,2024-08-11T00:11:34.657Z,Water Plant,Drain,Drain High Level Switch,0.0
Seasonal_Storage_System,2024-08-11T00:12:34.653Z,Water Plant,Drain,Drain High Level Switch,0.0
Seasonal_Storage_System,2024-08-11T00:13:34.652Z,Water Plant,Drain,Drain High Level Switch,0.0
Seasonal_Storage_System,2024-08-11T00:14:34.65Z,Water Plant,Drain,Drain High Level Switch,0.0
Seasonal_Storage_System,2024-08-11T00:15:34.652Z,Water Plant,Drain,Drain High Level Switch,0.0
Seasonal_Storage_System,2024-08-11T00:16:34.656Z,Water Plant,Drain,Drain High Level Switch,0.0
Seasonal_Storage_System,2024-08-11T00:17:34.663Z,Water Plant,Drain,Drain High Level Switch,0.0
Seasonal_Storage_System,2024-08-11T00:18:34.716Z,Water Plant,Drain,Drain High Level Switch,0.0
Seasonal_Storage_System,2024-08-11T00:19:34.654Z,Water Plant,Drain,Drain High Level Switch,0.0
Seasonal_Storage_System,2024-08-11T00:20:34.661Z,Water Plant,Drain,Drain High Level Switch,0.0
Seasonal_Storage_System,2024-08-11T00:21:34.671Z,Water Plant,Drain,Drain High Level Switch,0.0
Seasonal_Storage_System,2024-08-11T00:22:34.652Z,Water Plant,Drain,Drain High Level Switch,0.0
Seasonal_Storage_System,2024-08-11T00:23:34.665Z,Water Plant,Drain,Drain High Level Switch,0.0
Seasonal_Storage_System,2024-08-11T00:24:34.665Z,Water Plant,Drain,Drain High Level Switch,0.0
Seasonal_Storage_System,2024-08-11T00:25:34.658Z,Water Plant,Drain,Drain High Level Switch,0.0
Seasonal_Storage_System,2024-08-11T00:26:34.67Z,Water Plant,Drain,Drain High Level Switch,0.0
Seasonal_Storage_System,2024-08-11T00:27:34.591Z,Water Plant,Drain,Drain High Level Switch,0.0
Seasonal_Storage_System,2024-08-11T00:28:34.591Z,Water Plant,Drain,Drain High Level Switch,0.0
Seasonal_Storage_System,2024-08-11T00:29:34.592Z,Water Plant,Drain,Drain High Level Switch,0.0
Seasonal_Storage_System,2024-08-11T00:30:34.592Z,Water Plant,Drain,Drain High Level Switch,0.0
Seasonal_Storage_System,2024-08-11T00:31:34.592Z,Water Plant,Drain,Drain High Level Switch,0.0
Seasonal_Storage_System,2024-08-11T00:32:34.592Z,Water Plant,Drain,Drain High Level Switch,0.0
Seasonal_Storage_System,2024-08-11T00:33:34.593Z,Water Plant,Drain,Drain High Level Switch,0.0
Seasonal_Storage_System,2024-08-11T00:34:34.598Z,Water Plant,Drain,Drain High Level Switch,0.0
Seasonal_Storage_System,2024-08-11T00:35:34.593Z,Water Plant,Drain,Drain High Level Switch,0.0
Seasonal_Storage_System,2024-08-11T00:36:34.594Z,Water Plant,Drain,Drain High Level Switch,0.0
Seasonal_Storage_System,2024-08-11T00:37:34.596Z,Water Plant,Drain,Drain High Level Switch,0.0
Seasonal_Storage_System,2024-08-11T00:38:34.595Z,Water Plant,Drain,Drain High Level Switch,0.0
Seasonal_Storage_System,2024-08-11T00:39:34.598Z,Water Plant,Drain,Drain High Level Switch,0.0
Seasonal_Storage_System,2024-08-11T00:40:34.595Z,Water Plant,Drain,Drain High Level Switch,0.0
Seasonal_Storage_System,2024-08-11T00:41:34.595Z,Water Plant,Drain,Drain High Level Switch,0.0
Seasonal_Storage_System,2024-08-11T00:42:34.596Z,Water Plant,Drain,Drain High Level Switch,0.0
Seasonal_Storage_System,2024-08-11T00:43:34.596Z,Water Plant,Drain,Drain High Level Switch,0.0
Seasonal_Storage_System,2024-08-11T00:44:34.595Z,Water Plant,Drain,Drain High Level Switch,0.0
Seasonal_Storage_System,2024-08-11T00:45:34.595Z,Water Plant,Drain,Drain High Level Switch,0.0
Seasonal_Storage_System,2024-08-11T00:46:34.687Z,Water Plant,Drain,Drain High Level Switch,0.0
Seasonal_Storage_System,2024-08-11T00:47:34.717Z,Water Plant,Drain,Drain High Level Switch,0.0
Seasonal_Storage_System,2024-08-11T00:48:34.748Z,Water Plant,Drain,Drain High Level Switch,0.0
Seasonal_Storage_System,2024-08-11T00:49:34.773Z,Water Plant,Drain,Drain High Level Switch,0.0
Seasonal_Storage_System,2024-08-11T00:50:34.779Z,Water Plant,Drain,Drain High Level Switch,0.0
Seasonal_Storage_System,2024-08-11T00:51:34.806Z,Water Plant,Drain,Drain High Level Switch,0.0
Seasonal_Storage_System,2024-08-11T00:52:34.851Z,Water Plant,Drain,Drain High Level Switch,0.0
Seasonal_Storage_System,2024-08-11T00:53:34.857Z,Water Plant,Drain,Drain High Level Switch,0.0
Seasonal_Storage_System,2024-08-11T00:54:34.855Z,Water Plant,Drain,Drain High Level Switch,0.0
Seasonal_Storage_System,2024-08-11T00:55:34.88Z,Water Plant,Drain,Drain High Level Switch,0.0
Seasonal_Storage_System,2024-08-11T00:56:34.898Z,Water Plant,Drain,Drain High Level Switch,0.0
Seasonal_Storage_System,2024-08-11T00:57:34.896Z,Water Plant,Drain,Drain High Level Switch,0.0
Seasonal_Storage_System,2024-08-11T00:58:34.896Z,Water Plant,Drain,Drain High Level Switch,0.0
Seasonal_Storage_System,2024-08-11T00:59:34.897Z,Water Plant,Drain,Drain High Level Switch,0.0
Seasonal_Storage_System,2024-08-11T01:00:34.828Z,Water Plant,Drain,Drain High Level Switch,0.0
Seasonal_Storage_System,2024-08-11T01:01:34.829Z,Water Plant,Drain,Drain High Level Switch,0.0
Seasonal_Storage_System,2024-08-11T01:02:34.828Z,Water Plant,Drain,Drain High Level Switch,0.0
Seasonal_Storage_System,2024-08-11T01:03:34.828Z,Water Plant,Drain,Drain High Level Switch,0.0
Seasonal_Storage_System,2024-08-11T01:04:34.828Z,Water Plant,Drain,Drain High Level Switch,0.0
Seasonal_Storage_System,2024-08-11T01:05:34.828Z,Water Plant,Drain,Drain High Level Switch,0.0
Seasonal_Storage_System,2024-08-11T01:06:34.828Z,Water Plant,Drain,Drain High Level Switch,0.0
Seasonal_Storage_System,2024-08-11T01:07:34.828Z,Water Plant,Drain,Drain High Level Switch,0.0
Seasonal_Storage_System,2024-08-11T01:08:35.142Z,Water Plant,Drain,Drain High Level Switch,0.0
Seasonal_Storage_System,2024-08-11T01:09:34.834Z,Water Plant,Drain,Drain High Level Switch,0.0
Seasonal_Storage_System,2024-08-11T01:10:34.834Z,Water Plant,Drain,Drain High Level Switch,0.0
Seasonal_Storage_System,2024-08-11T01:11:34.834Z,Water Plant,Drain,Drain High Level Switch,0.0
Seasonal_Storage_System,2024-08-11T01:12:34.834Z,Water Plant,Drain,Drain High Level Switch,0.0
Seasonal_Storage_System,2024-08-11T01:13:34.835Z,Water Plant,Drain,Drain High Level Switch,0.0
Seasonal_Storage_System,2024-08-11T01:14:34.837Z,Water Plant,Drain,Drain High Level Switch,0.0
Seasonal_Storage_System,2024-08-11T01:15:34.835Z,Water Plant,Drain,Drain High Level Switch,0.0
Seasonal_Storage_System,2024-08-11T01:16:34.835Z,Water Plant,Drain,Drain High Level Switch,0.0
Seasonal_Storage_System,2024-08-11T01:17:34.835Z,Water Plant,Drain,Drain High Level Switch,0.0
Seasonal_Storage_System,2024-08-11T01:18:34.837Z,Water Plant,Drain,Drain High Level Switch,0.0
Seasonal_Storage_System,2024-08-11T01:19:34.836Z,Water Plant,Drain,Drain High Level Switch,0.0
Seasonal_Storage_System,2024-08-11T01:20:34.835Z,Water Plant,Drain,Drain High Level Switch,0.0
Seasonal_Storage_System,2024-08-11T01:21:34.835Z,Water Plant,Drain,Drain High Level Switch,0.0
Seasonal_Storage_System,2024-08-11T01:22:34.836Z,Water Plant,Drain,Drain High Level Switch,0.0
Seasonal_Storage_System,2024-08-11T01:23:34.836Z,Water Plant,Drain,Drain High Level Switch,0.0
Seasonal_Storage_System,2024-08-11T01:24:34.836Z,Water Plant,Drain,Drain High Level Switch,0.0
Seasonal_Storage_System,2024-08-11T01:25:34.837Z,Water Plant,Drain,Drain High Level Switch,0.0
Seasonal_Storage_System,2024-08-11T01:26:34.836Z,Water Plant,Drain,Drain High Level Switch,0.0
Seasonal_Storage_System,2024-08-11T01:27:34.933Z,Water Plant,Drain,Drain High Level Switch,0.0
Seasonal_Storage_System,2024-08-11T01:28:34.96Z,Water Plant,Drain,Drain High Level Switch,0.0
Seasonal_Storage_System,2024-08-11T01:29:34.99Z,Water Plant,Drain,Drain High Level Switch,0.0
Seasonal_Storage_System,2024-08-11T01:30:35.012Z,Water Plant,Drain,Drain High Level Switch,0.0
Seasonal_Storage_System,2024-08-11T01:31:35.045Z,Water Plant,Drain,Drain High Level Switch,0.0
Seasonal_Storage_System,2024-08-11T01:32:35.065Z,Water Plant,Drain,Drain High Level Switch,0.0
Seasonal_Storage_System,2024-08-11T01:33:35.089Z,Water Plant,Drain,Drain High Level Switch,0.0
Seasonal_Storage_System,2024-08-11T01:34:35.106Z,Water Plant,Drain,Drain High Level Switch,0.0
Seasonal_Storage_System,2024-08-11T01:35:35.122Z,Water Plant,Drain,Drain High Level Switch,0.0
Seasonal_Storage_System,2024-08-11T01:36:35.128Z,Water Plant,Drain,Drain High Level Switch,0.0
Seasonal_Storage_System,2024-08-11T01:37:35.126Z,Water Plant,Drain,Drain High Level Switch,0.0
Seasonal_Storage_System,2024-08-11T01:38:35.164Z,Water Plant,Drain,Drain High Level Switch,0.0
Seasonal_Storage_System,2024-08-11T01:39:35.148Z,Water Plant,Drain,Drain High Level Switch,0.0
Seasonal_Storage_System,2024-08-11T01:40:35.141Z,Water Plant,Drain,Drain High Level Switch,0.0
Seasonal_Storage_System,2024-08-11T01:41:35.138Z,Water Plant,Drain,Drain High Level Switch,0.0
Seasonal_Storage_System,2024-08-11T01:42:35.133Z,Water Plant,Drain,Drain High Level Switch,0.0
Seasonal_Storage_System,2024-08-11T01:43:35.139Z,Water Plant,Drain,Drain High Level Switch,0.0
Seasonal_Storage_System,2024-08-11T01:44:35.136Z,Water Plant,Drain,Drain High Level Switch,0.0
Seasonal_Storage_System,2024-08-11T01:45:35.148Z,Water Plant,Drain,Drain High Level Switch,0.0
Seasonal_Storage_System,2024-08-11T01:46:35.137Z,Water Plant,Drain,Drain High Level Switch,0.0
Seasonal_Storage_System,2024-08-11T01:47:35.142Z,Water Plant,Drain,Drain High Level Switch,0.0
Seasonal_Storage_System,2024-08-11T01:48:35.144Z,Water Plant,Drain,Drain High Level Switch,0.0
Seasonal_Storage_System,2024-08-11T01:49:35.136Z,Water Plant,Drain,Drain High Level Switch,0.0
Seasonal_Storage_System,2024-08-11T01:50:35.145Z,Water Plant,Drain,Drain High Level Switch,0.0
Seasonal_Storage_System,2024-08-11T01:51:35.183Z,Water Plant,Drain,Drain High Level Switch,0.0
Seasonal_Storage_System,2024-08-11T01:52:35.138Z,Water Plant,Drain,Drain High Level Switch,0.0
Seasonal_Storage_System,2024-08-11T01:53:35.138Z,Water Plant,Drain,Drain High Level Switch,0.0
Seasonal_Storage_System,2024-08-11T01:54:35.143Z,Water Plant,Drain,Drain High Level Switch,0.0
Seasonal_Storage_System,2024-08-11T01:55:35.155Z,Water Plant,Drain,Drain High Level Switch,0.0
Seasonal_Storage_System,2024-08-11T01:56:35.139Z,Water Plant,Drain,Drain High Level Switch,0.0
Seasonal_Storage_System,2024-08-11T01:57:35.139Z,Water Plant,Drain,Drain High Level Switch,0.0
Seasonal_Storage_System,2024-08-11T01:58:35.139Z,Water Plant,Drain,Drain High Level Switch,0.0
Seasonal_Storage_System,2024-08-11T01:59:35.139Z,Water Plant,Drain,Drain High Level Switch,0.0
Seasonal_Storage_System,2024-08-11T02:00:35.141Z,Water Plant,Drain,Drain High Level Switch,0.0
Seasonal_Storage_System,2024-08-11T02:01:35.177Z,Water Plant,Drain,Drain High Level Switch,0.0
Seasonal_Storage_System,2024-08-11T02:02:35.195Z,Water Plant,Drain,Drain High Level Switch,0.0
Seasonal_Storage_System,2024-08-11T02:03:35.233Z,Water Plant,Drain,Drain High Level Switch,0.0
Seasonal_Storage_System,2024-08-11T02:04:35.249Z,Water Plant,Drain,Drain High Level Switch,0.0
Seasonal_Storage_System,2024-08-11T02:05:35.285Z,Water Plant,Drain,Drain High Level Switch,0.0
Seasonal_Storage_System,2024-08-11T02:06:35.216Z,Water Plant,Drain,Drain High Level Switch,0.0
Seasonal_Storage_System,2024-08-11T02:07:35.3Z,Water Plant,Drain,Drain High Level Switch,0.0
Seasonal_Storage_System,2024-08-11T02:08:35.342Z,Water Plant,Drain,Drain High Level Switch,0.0
Seasonal_Storage_System,2024-08-11T02:09:35.369Z,Water Plant,Drain,Drain High Level Switch,0.0
Seasonal_Storage_System,2024-08-11T02:10:35.372Z,Water Plant,Drain,Drain High Level Switch,0.0
Seasonal_Storage_System,2024-08-11T02:11:35.385Z,Water Plant,Drain,Drain High Level Switch,0.0
Seasonal_Storage_System,2024-08-11T02:12:35.396Z,Water Plant,Drain,Drain High Level Switch,0.0
Seasonal_Storage_System,2024-08-11T02:13:35.407Z,Water Plant,Drain,Drain High Level Switch,0.0
Seasonal_Storage_System,2024-08-11T02:14:35.464Z,Water Plant,Drain,Drain High Level Switch,0.0
Seasonal_Storage_System,2024-08-11T02:15:35.476Z,Water Plant,Drain,Drain High Level Switch,0.0
Seasonal_Storage_System,2024-08-11T02:16:35.483Z,Water Plant,Drain,Drain High Level Switch,0.0
Seasonal_Storage_System,2024-08-11T02:17:35.501Z,Water Plant,Drain,Drain High Level Switch,0.0
Seasonal_Storage_System,2024-08-11T02:18:35.514Z,Water Plant,Drain,Drain High Level Switch,0.0
Seasonal_Storage_System,2024-08-11T02:19:35.531Z,Water Plant,Drain,Drain High Level Switch,0.0
Seasonal_Storage_System,2024-08-11T02:20:35.551Z,Water Plant,Drain,Drain High Level Switch,0.0
Seasonal_Storage_System,2024-08-11T02:21:35.556Z,Water Plant,Drain,Drain High Level Switch,0.0
Seasonal_Storage_System,2024-08-11T02:22:35.612Z,Water Plant,Drain,Drain High Level Switch,0.0
Seasonal_Storage_System,2024-08-11T02:23:35.816Z,Water Plant,Drain,Drain High Level Switch,0.0
Seasonal_Storage_System,2024-08-11T02:24:35.684Z,Water Plant,Drain,Drain High Level Switch,0.0
Seasonal_Storage_System,2024-08-11T02:25:35.691Z,Water Plant,Drain,Drain High Level Switch,0.0
Seasonal_Storage_System,2024-08-11T02:26:35.685Z,Water Plant,Drain,Drain High Level Switch,0.0
Seasonal_Storage_System,2024-08-11T02:27:35.685Z,Water Plant,Drain,Drain High Level Switch,0.0
Seasonal_Storage_System,2024-08-11T02:28:35.688Z,Water Plant,Drain,Drain High Level Switch,0.0
Seasonal_Storage_System,2024-08-11T02:29:35.734Z,Water Plant,Drain,Drain High Level Switch,0.0
Seasonal_Storage_System,2024-08-11T02:30:35.737Z,Water Plant,Drain,Drain High Level Switch,0.0
Seasonal_Storage_System,2024-08-11T02:31:35.764Z,Water Plant,Drain,Drain High Level Switch,0.0
Seasonal_Storage_System,2024-08-11T02:32:35.761Z,Water Plant,Drain,Drain High Level Switch,0.0
Seasonal_Storage_System,2024-08-11T02:33:35.773Z,Water Plant,Drain,Drain High Level Switch,0.0
Seasonal_Storage_System,2024-08-11T02:34:35.781Z,Water Plant,Drain,Drain High Level Switch,0.0
Seasonal_Storage_System,2024-08-11T02:35:35.803Z,Water Plant,Drain,Drain High Level Switch,0.0
Seasonal_Storage_System,2024-08-11T02:36:35.809Z,Water Plant,Drain,Drain High Level Switch,0.0
Seasonal_Storage_System,2024-08-11T02:37:35.816Z,Water Plant,Drain,Drain High Level Switch,0.0
Seasonal_Storage_System,2024-08-11T02:38:35.834Z,Water Plant,Drain,Drain High Level Switch,0.0
Seasonal_Storage_System,2024-08-11T02:39:35.843Z,Water Plant,Drain,Drain High Level Switch,0.0
Seasonal_Storage_System,2024-08-11T02:40:35.865Z,Water Plant,Drain,Drain High Level Switch,0.0
Seasonal_Storage_System,2024-08-11T02:41:35.924Z,Water Plant,Drain,Drain High Level Switch,0.0
Seasonal_Storage_System,2024-08-11T02:42:35.922Z,Water Plant,Drain,Drain High Level Switch,0.0
Seasonal_Storage_System,2024-08-11T02:43:35.922Z,Water Plant,Drain,Drain High Level Switch,0.0
Seasonal_Storage_System,2024-08-11T02:44:35.922Z,Water Plant,Drain,Drain High Level Switch,0.0
Seasonal_Storage_System,2024-08-11T02:45:35.927Z,Water Plant,Drain,Drain High Level Switch,0.0
Seasonal_Storage_System,2024-08-11T02:46:35.942Z,Water Plant,Drain,Drain High Level Switch,0.0
Seasonal_Storage_System,2024-08-11T02:47:35.95Z,Water Plant,Drain,Drain High Level Switch,0.0
Seasonal_Storage_System,2024-08-11T02:48:35.969Z,Water Plant,Drain,Drain High Level Switch,0.0
Seasonal_Storage_System,2024-08-11T02:49:35.988Z,Water Plant,Drain,Drain High Level Switch,0.0
Seasonal_Storage_System,2024-08-11T02:50:36.06Z,Water Plant,Drain,Drain High Level Switch,0.0
Seasonal_Storage_System,2024-08-11T02:51:36.099Z,Water Plant,Drain,Drain High Level Switch,0.0
Seasonal_Storage_System,2024-08-11T02:52:36.119Z,Water Plant,Drain,Drain High Level Switch,0.0
Seasonal_Storage_System,2024-08-11T02:53:36.221Z,Water Plant,Drain,Drain High Level Switch,0.0
Seasonal_Storage_System,2024-08-11T02:54:36.173Z,Water Plant,Drain,Drain High Level Switch,0.0
Seasonal_Storage_System,2024-08-11T02:55:36.189Z,Water Plant,Drain,Drain High Level Switch,0.0
Seasonal_Storage_System,2024-08-11T02:56:36.2Z,Water Plant,Drain,Drain High Level Switch,0.0
Seasonal_Storage_System,2024-08-11T02:57:36.2Z,Water Plant,Drain,Drain High Level Switch,0.0
Seasonal_Storage_System,2024-08-11T02:58:36.223Z,Water Plant,Drain,Drain High Level Switch,0.0
Seasonal_Storage_System,2024-08-11T02:59:36.239Z,Water Plant,Drain,Drain High Level Switch,0.0
Seasonal_Storage_System,2024-08-11T03:00:36.26Z,Water Plant,Drain,Drain High Level Switch,0.0
Seasonal_Storage_System,2024-08-11T03:01:36.296Z,Water Plant,Drain,Drain High Level Switch,0.0
Seasonal_Storage_System,2024-08-11T03:02:36.315Z,Water Plant,Drain,Drain High Level Switch,0.0
Seasonal_Storage_System,2024-08-11T03:03:36.321Z,Water Plant,Drain,Drain High Level Switch,0.0
Seasonal_Storage_System,2024-08-11T03:04:36.329Z,Water Plant,Drain,Drain High Level Switch,0.0
Seasonal_Storage_System,2024-08-11T03:05:36.34Z,Water Plant,Drain,Drain High Level Switch,0.0
Seasonal_Storage_System,2024-08-11T03:06:36.359Z,Water Plant,Drain,Drain High Level Switch,0.0
Seasonal_Storage_System,2024-08-11T03:07:36.372Z,Water Plant,Drain,Drain High Level Switch,0.0
Seasonal_Storage_System,2024-08-11T03:08:36.411Z,Water Plant,Drain,Drain High Level Switch,0.0
Seasonal_Storage_System,2024-08-11T03:09:36.419Z,Water Plant,Drain,Drain High Level Switch,0.0
Seasonal_Storage_System,2024-08-11T03:10:36.464Z,Water Plant,Drain,Drain High Level Switch,0.0
Seasonal_Storage_System,2024-08-11T03:11:36.48Z,Water Plant,Drain,Drain High Level Switch,0.0
Seasonal_Storage_System,2024-08-11T03:12:36.533Z,Water Plant,Drain,Drain High Level Switch,0.0
Seasonal_Storage_System,2024-08-11T03:13:36.539Z,Water Plant,Drain,Drain High Level Switch,0.0
Seasonal_Storage_System,2024-08-11T03:14:36.549Z,Water Plant,Drain,Drain High Level Switch,0.0
Seasonal_Storage_System,2024-08-11T03:15:36.556Z,Water Plant,Drain,Drain High Level Switch,0.0
Seasonal_Storage_System,2024-08-11T03:16:36.56Z,Water Plant,Drain,Drain High Level Switch,0.0
Seasonal_Storage_System,2024-08-11T03:17:36.58Z,Water Plant,Drain,Drain High Level Switch,0.0
Seasonal_Storage_System,2024-08-11T03:18:36.614Z,Water Plant,Drain,Drain High Level Switch,0.0
Seasonal_Storage_System,2024-08-11T03:19:36.627Z,Water Plant,Drain,Drain High Level Switch,0.0
Seasonal_Storage_System,2024-08-11T03:20:36.656Z,Water Plant,Drain,Drain High Level Switch,0.0
Seasonal_Storage_System,2024-08-11T03:21:36.655Z,Water Plant,Drain,Drain High Level Switch,0.0
Seasonal_Storage_System,2024-08-11T03:22:36.655Z,Water Plant,Drain,Drain High Level Switch,0.0
Seasonal_Storage_System,2024-08-11T03:23:36.668Z,Water Plant,Drain,Drain High Level Switch,0.0
Seasonal_Storage_System,2024-08-11T03:24:36.682Z,Water Plant,Drain,Drain High Level Switch,0.0
Seasonal_Storage_System,2024-08-11T03:25:36.733Z,Water Plant,Drain,Drain High Level Switch,0.0
Seasonal_Storage_System,2024-08-11T03:26:36.738Z,Water Plant,Drain,Drain High Level Switch,0.0
Seasonal_Storage_System,2024-08-11T03:27:36.748Z,Water Plant,Drain,Drain High Level Switch,0.0
Seasonal_Storage_System,2024-08-11T03:28:36.759Z,Water Plant,Drain,Drain High Level Switch,0.0
Seasonal_Storage_System,2024-08-11T03:29:36.772Z,Water Plant,Drain,Drain High Level Switch,0.0
Seasonal_Storage_System,2024-08-11T03:30:36.769Z,Water Plant,Drain,Drain High Level Switch,0.0
Seasonal_Storage_System,2024-08-11T03:31:36.783Z,Water Plant,Drain,Drain High Level Switch,0.0
Seasonal_Storage_System,2024-08-11T03:32:36.799Z,Water Plant,Drain,Drain High Level Switch,0.0
Seasonal_Storage_System,2024-08-11T03:33:36.819Z,Water Plant,Drain,Drain High Level Switch,0.0
Seasonal_Storage_System,2024-08-11T03:34:36.831Z,Water Plant,Drain,Drain High Level Switch,0.0
Seasonal_Storage_System,2024-08-11T03:35:36.831Z,Water Plant,Drain,Drain High Level Switch,0.0
Seasonal_Storage_System,2024-08-11T03:36:36.844Z,Water Plant,Drain,Drain High Level Switch,0.0
Seasonal_Storage_System,2024-08-11T03:37:36.883Z,Water Plant,Drain,Drain High Level Switch,0.0
Seasonal_Storage_System,2024-08-11T03:38:36.882Z,Water Plant,Drain,Drain High Level Switch,0.0
Seasonal_Storage_System,2024-08-11T03:39:36.884Z,Water Plant,Drain,Drain High Level Switch,0.0
Seasonal_Storage_System,2024-08-11T03:40:36.905Z,Water Plant,Drain,Drain High Level Switch,0.0
Seasonal_Storage_System,2024-08-11T03:41:36.932Z,Water Plant,Drain,Drain High Level Switch,0.0
Seasonal_Storage_System,2024-08-11T03:42:36.938Z,Water Plant,Drain,Drain High Level Switch,0.0
Seasonal_Storage_System,2024-08-11T03:43:36.934Z,Water Plant,Drain,Drain High Level Switch,0.0
Seasonal_Storage_System,2024-08-11T03:44:36.962Z,Water Plant,Drain,Drain High Level Switch,0.0
Seasonal_Storage_System,2024-08-11T03:45:36.964Z,Water Plant,Drain,Drain High Level Switch,0.0
Seasonal_Storage_System,2024-08-11T03:46:36.964Z,Water Plant,Drain,Drain High Level Switch,0.0
Seasonal_Storage_System,2024-08-11T03:47:36.998Z,Water Plant,Drain,Drain High Level Switch,0.0
Seasonal_Storage_System,2024-08-11T03:48:36.977Z,Water Plant,Drain,Drain High Level Switch,0.0
Seasonal_Storage_System,2024-08-11T03:49:36.986Z,Water Plant,Drain,Drain High Level Switch,0.0
Seasonal_Storage_System,2024-08-11T03:50:36.914Z,Water Plant,Drain,Drain High Level Switch,0.0
Seasonal_Storage_System,2024-08-11T03:51:36.915Z,Water Plant,Drain,Drain High Level Switch,0.0
Seasonal_Storage_System,2024-08-11T03:52:36.914Z,Water Plant,Drain,Drain High Level Switch,0.0
Seasonal_Storage_System,2024-08-11T03:53:36.914Z,Water Plant,Drain,Drain High Level Switch,0.0
Seasonal_Storage_System,2024-08-11T03:54:36.914Z,Water Plant,Drain,Drain High Level Switch,0.0
Seasonal_Storage_System,2024-08-11T03:55:36.915Z,Water Plant,Drain,Drain High Level Switch,0.0
Seasonal_Storage_System,2024-08-11T03:56:36.913Z,Water Plant,Drain,Drain High Level Switch,0.0
Seasonal_Storage_System,2024-08-11T03:57:36.914Z,Water Plant,Drain,Drain High Level Switch,0.0
Seasonal_Storage_System,2024-08-11T03:58:36.914Z,Water Plant,Drain,Drain High Level Switch,0.0
Seasonal_Storage_System,2024-08-11T03:59:36.914Z,Water Plant,Drain,Drain High Level Switch,0.0
Seasonal_Storage_System,2024-08-11T04:00:36.915Z,Water Plant,Drain,Drain High Level Switch,0.0
Seasonal_Storage_System,2024-08-11T04:01:36.915Z,Water Plant,Drain,Drain High Level Switch,0.0
Seasonal_Storage_System,2024-08-11T04:02:36.917Z,Water Plant,Drain,Drain High Level Switch,0.0
Seasonal_Storage_System,2024-08-11T04:03:36.916Z,Water Plant,Drain,Drain High Level Switch,0.0
Seasonal_Storage_System,2024-08-11T04:04:36.916Z,Water Plant,Drain,Drain High Level Switch,0.0
Seasonal_Storage_System,2024-08-11T04:05:36.915Z,Water Plant,Drain,Drain High Level Switch,0.0
Seasonal_Storage_System,2024-08-11T04:06:36.916Z,Water Plant,Drain,Drain High Level Switch,0.0
Seasonal_Storage_System,2024-08-11T04:07:36.916Z,Water Plant,Drain,Drain High Level Switch,0.0
Seasonal_Storage_System,2024-08-11T04:08:36.916Z,Water Plant,Drain,Drain High Level Switch,0.0
Seasonal_Storage_System,2024-08-11T04:09:36.917Z,Water Plant,Drain,Drain High Level Switch,0.0
Seasonal_Storage_System,2024-08-11T04:10:36.918Z,Water Plant,Drain,Drain High Level Switch,0.0
Seasonal_Storage_System,2024-08-11T04:11:36.917Z,Water Plant,Drain,Drain High Level Switch,0.0
Seasonal_Storage_System,2024-08-11T04:12:36.918Z,Water Plant,Drain,Drain High Level Switch,0.0
Seasonal_Storage_System,2024-08-11T04:13:36.917Z,Water Plant,Drain,Drain High Level Switch,0.0
Seasonal_Storage_System,2024-08-11T04:14:36.918Z,Water Plant,Drain,Drain High Level Switch,0.0
Seasonal_Storage_System,2024-08-11T04:15:36.917Z,Water Plant,Drain,Drain High Level Switch,0.0
Seasonal_Storage_System,2024-08-11T04:16:36.917Z,Water Plant,Drain,Drain High Level Switch,0.0
Seasonal_Storage_System,2024-08-11T04:17:37.328Z,Water Plant,Drain,Drain High Level Switch,0.0
Seasonal_Storage_System,2024-08-11T04:18:37.196Z,Water Plant,Drain,Drain High Level Switch,0.0
Seasonal_Storage_System,2024-08-11T04:19:37.197Z,Water Plant,Drain,Drain High Level Switch,0.0
Seasonal_Storage_System,2024-08-11T04:20:37.192Z,Water Plant,Drain,Drain High Level Switch,0.0
Seasonal_Storage_System,2024-08-11T04:21:37.193Z,Water Plant,Drain,Drain High Level Switch,0.0
Seasonal_Storage_System,2024-08-11T04:22:37.198Z,Water Plant,Drain,Drain High Level Switch,0.0
Seasonal_Storage_System,2024-08-11T04:23:37.129Z,Water Plant,Drain,Drain High Level Switch,0.0
Seasonal_Storage_System,2024-08-11T04:24:37.13Z,Water Plant,Drain,Drain High Level Switch,0.0
Seasonal_Storage_System,2024-08-11T04:25:37.131Z,Water Plant,Drain,Drain High Level Switch,0.0
Seasonal_Storage_System,2024-08-11T04:26:37.129Z,Water Plant,Drain,Drain High Level Switch,0.0
Seasonal_Storage_System,2024-08-11T04:27:37.13Z,Water Plant,Drain,Drain High Level Switch,0.0
Seasonal_Storage_System,2024-08-11T04:28:37.13Z,Water Plant,Drain,Drain High Level Switch,0.0
Seasonal_Storage_System,2024-08-11T04:29:37.13Z,Water Plant,Drain,Drain High Level Switch,0.0
Seasonal_Storage_System,2024-08-11T04:30:37.131Z,Water Plant,Drain,Drain High Level Switch,0.0
Seasonal_Storage_System,2024-08-11T04:31:37.131Z,Water Plant,Drain,Drain High Level Switch,0.0
Seasonal_Storage_System,2024-08-11T04:32:37.131Z,Water Plant,Drain,Drain High Level Switch,0.0
Seasonal_Storage_System,2024-08-11T04:33:37.132Z,Water Plant,Drain,Drain High Level Switch,0.0
Seasonal_Storage_System,2024-08-11T04:34:37.132Z,Water Plant,Drain,Drain High Level Switch,0.0
Seasonal_Storage_System,2024-08-11T04:35:37.132Z,Water Plant,Drain,Drain High Level Switch,0.0
Seasonal_Storage_System,2024-08-11T04:36:37.132Z,Water Plant,Drain,Drain High Level Switch,0.0
Seasonal_Storage_System,2024-08-11T04:37:37.132Z,Water Plant,Drain,Drain High Level Switch,0.0
Seasonal_Storage_System,2024-08-11T04:38:37.133Z,Water Plant,Drain,Drain High Level Switch,0.0
Seasonal_Storage_System,2024-08-11T04:39:37.134Z,Water Plant,Drain,Drain High Level Switch,0.0
Seasonal_Storage_System,2024-08-11T04:40:37.135Z,Water Plant,Drain,Drain High Level Switch,0.0
Seasonal_Storage_System,2024-08-11T04:41:37.134Z,Water Plant,Drain,Drain High Level Switch,0.0
Seasonal_Storage_System,2024-08-11T04:42:37.135Z,Water Plant,Drain,Drain High Level Switch,0.0
Seasonal_Storage_System,2024-08-11T04:43:37.135Z,Water Plant,Drain,Drain High Level Switch,0.0
Seasonal_Storage_System,2024-08-11T04:44:37.136Z,Water Plant,Drain,Drain High Level Switch,0.0
Seasonal_Storage_System,2024-08-11T04:45:37.136Z,Water Plant,Drain,Drain High Level Switch,0.0
Seasonal_Storage_System,2024-08-11T04:46:37.137Z,Water Plant,Drain,Drain High Level Switch,0.0
Seasonal_Storage_System,2024-08-11T04:47:37.137Z,Water Plant,Drain,Drain High Level Switch,0.0
Seasonal_Storage_System,2024-08-11T04:48:37.138Z,Water Plant,Drain,Drain High Level Switch,0.0
Seasonal_Storage_System,2024-08-11T04:49:37.138Z,Water Plant,Drain,Drain High Level Switch,0.0
Seasonal_Storage_System,2024-08-11T04:50:37.139Z,Water Plant,Drain,Drain High Level Switch,0.0
Seasonal_Storage_System,2024-08-11T04:51:37.138Z,Water Plant,Drain,Drain High Level Switch,0.0
Seasonal_Storage_System,2024-08-11T04:52:37.138Z,Water Plant,Drain,Drain High Level Switch,0.0
Seasonal_Storage_System,2024-08-11T04:53:37.138Z,Water Plant,Drain,Drain High Level Switch,0.0
Seasonal_Storage_System,2024-08-11T04:54:37.138Z,Water Plant,Drain,Drain High Level Switch,0.0
Seasonal_Storage_System,2024-08-11T04:55:37.139Z,Water Plant,Drain,Drain High Level Switch,0.0
Seasonal_Storage_System,2024-08-11T04:56:37.143Z,Water Plant,Drain,Drain High Level Switch,0.0
Seasonal_Storage_System,2024-08-11T04:57:37.138Z,Water Plant,Drain,Drain High Level Switch,0.0
Seasonal_Storage_System,2024-08-11T04:58:37.155Z,Water Plant,Drain,Drain High Level Switch,0.0
Seasonal_Storage_System,2024-08-11T04:59:37.145Z,Water Plant,Drain,Drain High Level Switch,0.0
Seasonal_Storage_System,2024-08-11T05:00:37.143Z,Water Plant,Drain,Drain High Level Switch,0.0
Seasonal_Storage_System,2024-08-11T05:01:37.143Z,Water Plant,Drain,Drain High Level Switch,0.0
Seasonal_Storage_System,2024-08-11T05:02:37.144Z,Water Plant,Drain,Drain High Level Switch,0.0
Seasonal_Storage_System,2024-08-11T05:03:37.143Z,Water Plant,Drain,Drain High Level Switch,0.0
Seasonal_Storage_System,2024-08-11T05:04:37.144Z,Water Plant,Drain,Drain High Level Switch,0.0
Seasonal_Storage_System,2024-08-11T05:05:37.145Z,Water Plant,Drain,Drain High Level Switch,0.0
Seasonal_Storage_System,2024-08-11T05:06:37.144Z,Water Plant,Drain,Drain High Level Switch,0.0
Seasonal_Storage_System,2024-08-11T05:07:37.144Z,Water Plant,Drain,Drain High Level Switch,0.0
Seasonal_Storage_System,2024-08-11T05:08:37.144Z,Water Plant,Drain,Drain High Level Switch,0.0
Seasonal_Storage_System,2024-08-11T05:09:37.144Z,Water Plant,Drain,Drain High Level Switch,0.0
Seasonal_Storage_System,2024-08-11T05:10:37.144Z,Water Plant,Drain,Drain High Level Switch,0.0
Seasonal_Storage_System,2024-08-11T05:11:37.144Z,Water Plant,Drain,Drain High Level Switch,0.0
Seasonal_Storage_System,2024-08-11T05:12:37.144Z,Water Plant,Drain,Drain High Level Switch,0.0
Seasonal_Storage_System,2024-08-11T05:13:37.144Z,Water Plant,Drain,Drain High Level Switch,0.0
Seasonal_Storage_System,2024-08-11T05:14:37.144Z,Water Plant,Drain,Drain High Level Switch,0.0
Seasonal_Storage_System,2024-08-11T05:15:37.144Z,Water Plant,Drain,Drain High Level Switch,0.0
Seasonal_Storage_System,2024-08-11T05:16:37.144Z,Water Plant,Drain,Drain High Level Switch,0.0
Seasonal_Storage_System,2024-08-11T05:17:37.145Z,Water Plant,Drain,Drain High Level Switch,0.0
Seasonal_Storage_System,2024-08-11T05:18:37.227Z,Water Plant,Drain,Drain High Level Switch,0.0
Seasonal_Storage_System,2024-08-11T05:19:37.261Z,Water Plant,Drain,Drain High Level Switch,0.0
Seasonal_Storage_System,2024-08-11T05:20:37.275Z,Water Plant,Drain,Drain High Level Switch,0.0
Seasonal_Storage_System,2024-08-11T05:21:37.293Z,Water Plant,Drain,Drain High Level Switch,0.0
Seasonal_Storage_System,2024-08-11T05:22:37.357Z,Water Plant,Drain,Drain High Level Switch,0.0
Seasonal_Storage_System,2024-08-11T05:23:37.287Z,Water Plant,Drain,Drain High Level Switch,0.0
Seasonal_Storage_System,2024-08-11T05:24:37.56Z,Water Plant,Drain,Drain High Level Switch,0.0
Seasonal_Storage_System,2024-08-11T05:25:37.387Z,Water Plant,Drain,Drain High Level Switch,0.0
Seasonal_Storage_System,2024-08-11T05:26:37.386Z,Water Plant,Drain,Drain High Level Switch,0.0
Seasonal_Storage_System,2024-08-11T05:27:37.387Z,Water Plant,Drain,Drain High Level Switch,0.0
Seasonal_Storage_System,2024-08-11T05:28:37.381Z,Water Plant,Drain,Drain High Level Switch,0.0
Seasonal_Storage_System,2024-08-11T05:29:37.387Z,Water Plant,Drain,Drain High Level Switch,0.0
Seasonal_Storage_System,2024-08-11T05:30:37.389Z,Water Plant,Drain,Drain High Level Switch,0.0
Seasonal_Storage_System,2024-08-11T05:31:37.32Z,Water Plant,Drain,Drain High Level Switch,0.0
Seasonal_Storage_System,2024-08-11T05:32:37.32Z,Water Plant,Drain,Drain High Level Switch,0.0
Seasonal_Storage_System,2024-08-11T05:33:37.32Z,Water Plant,Drain,Drain High Level Switch,0.0
Seasonal_Storage_System,2024-08-11T05:34:37.32Z,Water Plant,Drain,Drain High Level Switch,0.0
Seasonal_Storage_System,2024-08-11T05:35:37.321Z,Water Plant,Drain,Drain High Level Switch,0.0
Seasonal_Storage_System,2024-08-11T05:36:37.321Z,Water Plant,Drain,Drain High Level Switch,0.0
Seasonal_Storage_System,2024-08-11T05:37:37.32Z,Water Plant,Drain,Drain High Level Switch,0.0
Seasonal_Storage_System,2024-08-11T05:38:37.32Z,Water Plant,Drain,Drain High Level Switch,0.0
Seasonal_Storage_System,2024-08-11T05:39:37.321Z,Water Plant,Drain,Drain High Level Switch,0.0
Seasonal_Storage_System,2024-08-11T05:40:37.321Z,Water Plant,Drain,Drain High Level Switch,0.0
Seasonal_Storage_System,2024-08-11T05:41:37.321Z,Water Plant,Drain,Drain High Level Switch,0.0
Seasonal_Storage_System,2024-08-11T05:42:37.321Z,Water Plant,Drain,Drain High Level Switch,0.0
Seasonal_Storage_System,2024-08-11T05:43:37.321Z,Water Plant,Drain,Drain High Level Switch,0.0
Seasonal_Storage_System,2024-08-11T05:44:37.321Z,Water Plant,Drain,Drain High Level Switch,0.0
Seasonal_Storage_System,2024-08-11T05:45:37.321Z,Water Plant,Drain,Drain High Level Switch,0.0
Seasonal_Storage_System,2024-08-11T05:46:37.321Z,Water Plant,Drain,Drain High Level Switch,0.0
Seasonal_Storage_System,2024-08-11T05:47:37.321Z,Water Plant,Drain,Drain High Level Switch,0.0
Seasonal_Storage_System,2024-08-11T05:48:37.321Z,Water Plant,Drain,Drain High Level Switch,0.0
Seasonal_Storage_System,2024-08-11T05:49:37.321Z,Water Plant,Drain,Drain High Level Switch,0.0
Seasonal_Storage_System,2024-08-11T05:50:37.52Z,Water Plant,Drain,Drain High Level Switch,0.0
Seasonal_Storage_System,2024-08-11T05:51:37.391Z,Water Plant,Drain,Drain High Level Switch,0.0
Seasonal_Storage_System,2024-08-11T05:52:37.328Z,Water Plant,Drain,Drain High Level Switch,0.0
Seasonal_Storage_System,2024-08-11T05:53:37.328Z,Water Plant,Drain,Drain High Level Switch,0.0
Seasonal_Storage_System,2024-08-11T05:54:37.329Z,Water Plant,Drain,Drain High Level Switch,0.0
Seasonal_Storage_System,2024-08-11T05:55:37.329Z,Water Plant,Drain,Drain High Level Switch,0.0
Seasonal_Storage_System,2024-08-11T05:56:37.329Z,Water Plant,Drain,Drain High Level Switch,0.0
Seasonal_Storage_System,2024-08-11T05:57:37.329Z,Water Plant,Drain,Drain High Level Switch,0.0
Seasonal_Storage_System,2024-08-11T05:58:37.33Z,Water Plant,Drain,Drain High Level Switch,0.0
Seasonal_Storage_System,2024-08-11T05:59:37.33Z,Water Plant,Drain,Drain High Level Switch,0.0
Seasonal_Storage_System,2024-08-11T06:00:37.331Z,Water Plant,Drain,Drain High Level Switch,0.0
Seasonal_Storage_System,2024-08-11T06:01:37.331Z,Water Plant,Drain,Drain High Level Switch,0.0
Seasonal_Storage_System,2024-08-11T06:02:37.414Z,Water Plant,Drain,Drain High Level Switch,0.0
Seasonal_Storage_System,2024-08-11T06:03:37.736Z,Water Plant,Drain,Drain High Level Switch,0.0
Seasonal_Storage_System,2024-08-11T06:04:37.582Z,Water Plant,Drain,Drain High Level Switch,0.0
Seasonal_Storage_System,2024-08-11T06:05:37.514Z,Water Plant,Drain,Drain High Level Switch,0.0
Seasonal_Storage_System,2024-08-11T06:06:37.513Z,Water Plant,Drain,Drain High Level Switch,0.0
Seasonal_Storage_System,2024-08-11T06:07:37.514Z,Water Plant,Drain,Drain High Level Switch,0.0
Seasonal_Storage_System,2024-08-11T06:08:37.514Z,Water Plant,Drain,Drain High Level Switch,0.0
Seasonal_Storage_System,2024-08-11T06:09:37.513Z,Water Plant,Drain,Drain High Level Switch,0.0
Seasonal_Storage_System,2024-08-11T06:10:37.513Z,Water Plant,Drain,Drain High Level Switch,0.0
Seasonal_Storage_System,2024-08-11T06:11:37.517Z,Water Plant,Drain,Drain High Level Switch,0.0
Seasonal_Storage_System,2024-08-11T06:12:37.514Z,Water Plant,Drain,Drain High Level Switch,0.0
Seasonal_Storage_System,2024-08-11T06:13:37.514Z,Water Plant,Drain,Drain High Level Switch,0.0
Seasonal_Storage_System,2024-08-11T06:14:37.592Z,Water Plant,Drain,Drain High Level Switch,0.0
Seasonal_Storage_System,2024-08-11T06:15:37.648Z,Water Plant,Drain,Drain High Level Switch,0.0
Seasonal_Storage_System,2024-08-11T06:16:37.655Z,Water Plant,Drain,Drain High Level Switch,0.0
Seasonal_Storage_System,2024-08-11T06:17:37.66Z,Water Plant,Drain,Drain High Level Switch,0.0
Seasonal_Storage_System,2024-08-11T06:18:37.727Z,Water Plant,Drain,Drain High Level Switch,0.0
Seasonal_Storage_System,2024-08-11T06:19:37.704Z,Water Plant,Drain,Drain High Level Switch,0.0
Seasonal_Storage_System,2024-08-11T06:20:37.735Z,Water Plant,Drain,Drain High Level Switch,0.0
Seasonal_Storage_System,2024-08-11T06:21:37.745Z,Water Plant,Drain,Drain High Level Switch,0.0
Seasonal_Storage_System,2024-08-11T06:22:37.756Z,Water Plant,Drain,Drain High Level Switch,0.0
Seasonal_Storage_System,2024-08-11T06:23:37.77Z,Water Plant,Drain,Drain High Level Switch,0.0
Seasonal_Storage_System,2024-08-11T06:24:37.803Z,Water Plant,Drain,Drain High Level Switch,0.0
Seasonal_Storage_System,2024-08-11T06:25:37.827Z,Water Plant,Drain,Drain High Level Switch,0.0
Seasonal_Storage_System,2024-08-11T06:26:37.861Z,Water Plant,Drain,Drain High Level Switch,0.0
Seasonal_Storage_System,2024-08-11T06:27:37.868Z,Water Plant,Drain,Drain High Level Switch,0.0
Seasonal_Storage_System,2024-08-11T06:28:37.898Z,Water Plant,Drain,Drain High Level Switch,0.0
Seasonal_Storage_System,2024-08-11T06:29:37.908Z,Water Plant,Drain,Drain High Level Switch,0.0
Seasonal_Storage_System,2024-08-11T06:30:37.917Z,Water Plant,Drain,Drain High Level Switch,0.0
Seasonal_Storage_System,2024-08-11T06:31:37.95Z,Water Plant,Drain,Drain High Level Switch,0.0
Seasonal_Storage_System,2024-08-11T06:32:37.952Z,Water Plant,Drain,Drain High Level Switch,0.0
Seasonal_Storage_System,2024-08-11T06:33:37.956Z,Water Plant,Drain,Drain High Level Switch,0.0
Seasonal_Storage_System,2024-08-11T06:34:38.018Z,Water Plant,Drain,Drain High Level Switch,0.0
Seasonal_Storage_System,2024-08-11T06:35:38.017Z,Water Plant,Drain,Drain High Level Switch,0.0
Seasonal_Storage_System,2024-08-11T06:36:38.023Z,Water Plant,Drain,Drain High Level Switch,0.0
Seasonal_Storage_System,2024-08-11T06:37:38.019Z,Water Plant,Drain,Drain High Level Switch,0.0
Seasonal_Storage_System,2024-08-11T06:38:38.04Z,Water Plant,Drain,Drain High Level Switch,0.0
Seasonal_Storage_System,2024-08-11T06:39:38.055Z,Water Plant,Drain,Drain High Level Switch,0.0
Seasonal_Storage_System,2024-08-11T06:40:38.075Z,Water Plant,Drain,Drain High Level Switch,0.0
Seasonal_Storage_System,2024-08-11T06:41:38.079Z,Water Plant,Drain,Drain High Level Switch,0.0
Seasonal_Storage_System,2024-08-11T06:42:38.091Z,Water Plant,Drain,Drain High Level Switch,0.0
Seasonal_Storage_System,2024-08-11T06:43:38.123Z,Water Plant,Drain,Drain High Level Switch,0.0
Seasonal_Storage_System,2024-08-11T06:44:38.132Z,Water Plant,Drain,Drain High Level Switch,0.0
Seasonal_Storage_System,2024-08-11T06:45:38.155Z,Water Plant,Drain,Drain High Level Switch,0.0
Seasonal_Storage_System,2024-08-11T06:46:38.162Z,Water Plant,Drain,Drain High Level Switch,0.0
Seasonal_Storage_System,2024-08-11T06:47:38.185Z,Water Plant,Drain,Drain High Level Switch,0.0
Seasonal_Storage_System,2024-08-11T06:48:38.237Z,Water Plant,Drain,Drain High Level Switch,0.0
Seasonal_Storage_System,2024-08-11T06:49:38.239Z,Water Plant,Drain,Drain High Level Switch,0.0
Seasonal_Storage_System,2024-08-11T06:50:38.285Z,Water Plant,Drain,Drain High Level Switch,0.0
Seasonal_Storage_System,2024-08-11T06:51:38.282Z,Water Plant,Drain,Drain High Level Switch,0.0
Seasonal_Storage_System,2024-08-11T06:52:38.35Z,Water Plant,Drain,Drain High Level Switch,0.0
Seasonal_Storage_System,2024-08-11T06:53:38.349Z,Water Plant,Drain,Drain High Level Switch,0.0
Seasonal_Storage_System,2024-08-11T06:54:38.284Z,Water Plant,Drain,Drain High Level Switch,0.0
Seasonal_Storage_System,2024-08-11T06:55:38.283Z,Water Plant,Drain,Drain High Level Switch,0.0
Seasonal_Storage_System,2024-08-11T06:56:38.284Z,Water Plant,Drain,Drain High Level Switch,0.0
Seasonal_Storage_System,2024-08-11T06:57:38.284Z,Water Plant,Drain,Drain High Level Switch,0.0
Seasonal_Storage_System,2024-08-11T06:58:38.215Z,Water Plant,Drain,Drain High Level Switch,0.0
Seasonal_Storage_System,2024-08-11T06:59:38.218Z,Water Plant,Drain,Drain High Level Switch,0.0
Seasonal_Storage_System,2024-08-11T07:00:38.216Z,Water Plant,Drain,Drain High Level Switch,0.0
Seasonal_Storage_System,2024-08-11T07:01:38.216Z,Water Plant,Drain,Drain High Level Switch,0.0
Seasonal_Storage_System,2024-08-11T07:02:38.215Z,Water Plant,Drain,Drain High Level Switch,0.0
Seasonal_Storage_System,2024-08-11T07:03:38.219Z,Water Plant,Drain,Drain High Level Switch,0.0
Seasonal_Storage_System,2024-08-11T07:04:38.215Z,Water Plant,Drain,Drain High Level Switch,0.0
Seasonal_Storage_System,2024-08-11T07:05:38.299Z,Water Plant,Drain,Drain High Level Switch,0.0
Seasonal_Storage_System,2024-08-11T07:06:38.295Z,Water Plant,Drain,Drain High Level Switch,0.0
Seasonal_Storage_System,2024-08-11T07:07:38.291Z,Water Plant,Drain,Drain High Level Switch,0.0
Seasonal_Storage_System,2024-08-11T07:08:38.291Z,Water Plant,Drain,Drain High Level Switch,0.0
Seasonal_Storage_System,2024-08-11T07:09:38.292Z,Water Plant,Drain,Drain High Level Switch,0.0
Seasonal_Storage_System,2024-08-11T07:10:38.222Z,Water Plant,Drain,Drain High Level Switch,0.0
Seasonal_Storage_System,2024-08-11T07:11:38.223Z,Water Plant,Drain,Drain High Level Switch,0.0
Seasonal_Storage_System,2024-08-11T07:12:38.29Z,Water Plant,Drain,Drain High Level Switch,0.0
Seasonal_Storage_System,2024-08-11T07:13:38.291Z,Water Plant,Drain,Drain High Level Switch,0.0
Seasonal_Storage_System,2024-08-11T07:14:38.29Z,Water Plant,Drain,Drain High Level Switch,0.0
Seasonal_Storage_System,2024-08-11T07:15:38.287Z,Water Plant,Drain,Drain High Level Switch,0.0
Seasonal_Storage_System,2024-08-11T07:16:38.287Z,Water Plant,Drain,Drain High Level Switch,0.0
Seasonal_Storage_System,2024-08-11T07:17:38.293Z,Water Plant,Drain,Drain High Level Switch,0.0
Seasonal_Storage_System,2024-08-11T07:18:38.304Z,Water Plant,Drain,Drain High Level Switch,0.0
Seasonal_Storage_System,2024-08-11T07:19:38.289Z,Water Plant,Drain,Drain High Level Switch,0.0
Seasonal_Storage_System,2024-08-11T07:20:38.304Z,Water Plant,Drain,Drain High Level Switch,0.0
Seasonal_Storage_System,2024-08-11T07:21:38.312Z,Water Plant,Drain,Drain High Level Switch,0.0
Seasonal_Storage_System,2024-08-11T07:22:38.32Z,Water Plant,Drain,Drain High Level Switch,0.0
Seasonal_Storage_System,2024-08-11T07:23:38.348Z,Water Plant,Drain,Drain High Level Switch,0.0
Seasonal_Storage_System,2024-08-11T07:24:38.393Z,Water Plant,Drain,Drain High Level Switch,0.0
Seasonal_Storage_System,2024-08-11T07:25:38.436Z,Water Plant,Drain,Drain High Level Switch,0.0
Seasonal_Storage_System,2024-08-11T07:26:38.441Z,Water Plant,Drain,Drain High Level Switch,0.0
Seasonal_Storage_System,2024-08-11T07:27:38.443Z,Water Plant,Drain,Drain High Level Switch,0.0
Seasonal_Storage_System,2024-08-11T07:28:38.492Z,Water Plant,Drain,Drain High Level Switch,0.0
Seasonal_Storage_System,2024-08-11T07:29:38.504Z,Water Plant,Drain,Drain High Level Switch,0.0
Seasonal_Storage_System,2024-08-11T07:30:38.548Z,Water Plant,Drain,Drain High Level Switch,0.0
Seasonal_Storage_System,2024-08-11T07:31:38.546Z,Water Plant,Drain,Drain High Level Switch,0.0
Seasonal_Storage_System,2024-08-11T07:32:38.55Z,Water Plant,Drain,Drain High Level Switch,0.0
Seasonal_Storage_System,2024-08-11T07:33:38.546Z,Water Plant,Drain,Drain High Level Switch,0.0
Seasonal_Storage_System,2024-08-11T07:34:38.548Z,Water Plant,Drain,Drain High Level Switch,0.0
Seasonal_Storage_System,2024-08-11T07:35:38.549Z,Water Plant,Drain,Drain High Level Switch,0.0
Seasonal_Storage_System,2024-08-11T07:36:38.542Z,Water Plant,Drain,Drain High Level Switch,0.0
Seasonal_Storage_System,2024-08-11T07:37:38.544Z,Water Plant,Drain,Drain High Level Switch,0.0
Seasonal_Storage_System,2024-08-11T07:38:38.546Z,Water Plant,Drain,Drain High Level Switch,0.0
Seasonal_Storage_System,2024-08-11T07:39:38.56Z,Water Plant,Drain,Drain High Level Switch,0.0
Seasonal_Storage_System,2024-08-11T07:40:38.554Z,Water Plant,Drain,Drain High Level Switch,0.0
Seasonal_Storage_System,2024-08-11T07:41:38.546Z,Water Plant,Drain,Drain High Level Switch,0.0
Seasonal_Storage_System,2024-08-11T07:42:38.548Z,Water Plant,Drain,Drain High Level Switch,0.0
Seasonal_Storage_System,2024-08-11T07:43:38.546Z,Water Plant,Drain,Drain High Level Switch,0.0
Seasonal_Storage_System,2024-08-11T07:44:38.547Z,Water Plant,Drain,Drain High Level Switch,0.0
Seasonal_Storage_System,2024-08-11T07:45:38.552Z,Water Plant,Drain,Drain High Level Switch,0.0
Seasonal_Storage_System,2024-08-11T07:46:38.483Z,Water Plant,Drain,Drain High Level Switch,0.0
Seasonal_Storage_System,2024-08-11T07:47:38.482Z,Water Plant,Drain,Drain High Level Switch,0.0
Seasonal_Storage_System,2024-08-11T07:48:38.554Z,Water Plant,Drain,Drain High Level Switch,0.0
Seasonal_Storage_System,2024-08-11T07:49:38.553Z,Water Plant,Drain,Drain High Level Switch,0.0
Seasonal_Storage_System,2024-08-11T07:50:38.483Z,Water Plant,Drain,Drain High Level Switch,0.0
Seasonal_Storage_System,2024-08-11T07:51:38.482Z,Water Plant,Drain,Drain High Level Switch,0.0
Seasonal_Storage_System,2024-08-11T07:52:38.482Z,Water Plant,Drain,Drain High Level Switch,0.0
Seasonal_Storage_System,2024-08-11T07:53:38.482Z,Water Plant,Drain,Drain High Level Switch,0.0
Seasonal_Storage_System,2024-08-11T07:54:38.554Z,Water Plant,Drain,Drain High Level Switch,0.0
Seasonal_Storage_System,2024-08-11T07:55:38.569Z,Water Plant,Drain,Drain High Level Switch,0.0
Seasonal_Storage_System,2024-08-11T07:56:38.639Z,Water Plant,Drain,Drain High Level Switch,0.0
Seasonal_Storage_System,2024-08-11T07:57:38.657Z,Water Plant,Drain,Drain High Level Switch,0.0
Seasonal_Storage_System,2024-08-11T07:58:38.656Z,Water Plant,Drain,Drain High Level Switch,0.0
Seasonal_Storage_System,2024-08-11T07:59:38.682Z,Water Plant,Drain,Drain High Level Switch,0.0
Seasonal_Storage_System,2024-08-11T08:00:38.678Z,Water Plant,Drain,Drain High Level Switch,0.0
Seasonal_Storage_System,2024-08-11T08:01:38.718Z,Water Plant,Drain,Drain High Level Switch,0.0
Seasonal_Storage_System,2024-08-11T08:02:38.733Z,Water Plant,Drain,Drain High Level Switch,0.0
Seasonal_Storage_System,2024-08-11T08:03:38.758Z,Water Plant,Drain,Drain High Level Switch,0.0
Seasonal_Storage_System,2024-08-11T08:04:38.806Z,Water Plant,Drain,Drain High Level Switch,0.0
Seasonal_Storage_System,2024-08-11T08:05:38.816Z,Water Plant,Drain,Drain High Level Switch,0.0
Seasonal_Storage_System,2024-08-11T08:06:38.838Z,Water Plant,Drain,Drain High Level Switch,0.0
Seasonal_Storage_System,2024-08-11T08:07:38.863Z,Water Plant,Drain,Drain High Level Switch,0.0
Seasonal_Storage_System,2024-08-11T08:08:38.894Z,Water Plant,Drain,Drain High Level Switch,0.0
Seasonal_Storage_System,2024-08-11T08:09:38.915Z,Water Plant,Drain,Drain High Level Switch,0.0
Seasonal_Storage_System,2024-08-11T08:10:38.948Z,Water Plant,Drain,Drain High Level Switch,0.0
Seasonal_Storage_System,2024-08-11T08:11:38.984Z,Water Plant,Drain,Drain High Level Switch,0.0
Seasonal_Storage_System,2024-08-11T08:12:39.017Z,Water Plant,Drain,Drain High Level Switch,0.0
Seasonal_Storage_System,2024-08-11T08:13:39.025Z,Water Plant,Drain,Drain High Level Switch,0.0
Seasonal_Storage_System,2024-08-11T08:14:39.054Z,Water Plant,Drain,Drain High Level Switch,0.0
Seasonal_Storage_System,2024-08-11T08:15:39.072Z,Water Plant,Drain,Drain High Level Switch,0.0
Seasonal_Storage_System,2024-08-11T08:16:39.106Z,Water Plant,Drain,Drain High Level Switch,0.0
Seasonal_Storage_System,2024-08-11T08:17:39.113Z,Water Plant,Drain,Drain High Level Switch,0.0
Seasonal_Storage_System,2024-08-11T08:18:39.144Z,Water Plant,Drain,Drain High Level Switch,0.0
Seasonal_Storage_System,2024-08-11T08:19:39.16Z,Water Plant,Drain,Drain High Level Switch,0.0
Seasonal_Storage_System,2024-08-11T08:20:39.199Z,Water Plant,Drain,Drain High Level Switch,0.0
Seasonal_Storage_System,2024-08-11T08:21:39.127Z,Water Plant,Drain,Drain High Level Switch,0.0
Seasonal_Storage_System,2024-08-11T08:22:39.245Z,Water Plant,Drain,Drain High Level Switch,0.0
Seasonal_Storage_System,2024-08-11T08:23:39.171Z,Water Plant,Drain,Drain High Level Switch,0.0
Seasonal_Storage_System,2024-08-11T08:24:39.245Z,Water Plant,Drain,Drain High Level Switch,0.0
Seasonal_Storage_System,2024-08-11T08:25:39.255Z,Water Plant,Drain,Drain High Level Switch,0.0
Seasonal_Storage_System,2024-08-11T08:26:39.261Z,Water Plant,Drain,Drain High Level Switch,0.0
Seasonal_Storage_System,2024-08-11T08:27:39.334Z,Water Plant,Drain,Drain High Level Switch,0.0
Seasonal_Storage_System,2024-08-11T08:28:39.259Z,Water Plant,Drain,Drain High Level Switch,0.0
Seasonal_Storage_System,2024-08-11T08:29:39.259Z,Water Plant,Drain,Drain High Level Switch,0.0
Seasonal_Storage_System,2024-08-11T08:30:39.196Z,Water Plant,Drain,Drain High Level Switch,0.0
Seasonal_Storage_System,2024-08-11T08:31:39.197Z,Water Plant,Drain,Drain High Level Switch,0.0
Seasonal_Storage_System,2024-08-11T08:32:39.196Z,Water Plant,Drain,Drain High Level Switch,0.0
Seasonal_Storage_System,2024-08-11T08:33:39.197Z,Water Plant,Drain,Drain High Level Switch,0.0
Seasonal_Storage_System,2024-08-11T08:34:39.196Z,Water Plant,Drain,Drain High Level Switch,0.0
Seasonal_Storage_System,2024-08-11T08:35:39.199Z,Water Plant,Drain,Drain High Level Switch,0.0
Seasonal_Storage_System,2024-08-11T08:36:39.198Z,Water Plant,Drain,Drain High Level Switch,0.0
Seasonal_Storage_System,2024-08-11T08:37:39.203Z,Water Plant,Drain,Drain High Level Switch,0.0
Seasonal_Storage_System,2024-08-11T08:38:39.2Z,Water Plant,Drain,Drain High Level Switch,0.0
Seasonal_Storage_System,2024-08-11T08:39:39.199Z,Water Plant,Drain,Drain High Level Switch,0.0
Seasonal_Storage_System,2024-08-11T08:40:39.204Z,Water Plant,Drain,Drain High Level Switch,0.0
Seasonal_Storage_System,2024-08-11T08:41:39.201Z,Water Plant,Drain,Drain High Level Switch,0.0
Seasonal_Storage_System,2024-08-11T08:42:39.202Z,Water Plant,Drain,Drain High Level Switch,0.0
Seasonal_Storage_System,2024-08-11T08:43:39.202Z,Water Plant,Drain,Drain High Level Switch,0.0
Seasonal_Storage_System,2024-08-11T08:44:39.202Z,Water Plant,Drain,Drain High Level Switch,0.0
Seasonal_Storage_System,2024-08-11T08:45:39.202Z,Water Plant,Drain,Drain High Level Switch,0.0
Seasonal_Storage_System,2024-08-11T08:46:39.205Z,Water Plant,Drain,Drain High Level Switch,0.0
Seasonal_Storage_System,2024-08-11T08:47:39.202Z,Water Plant,Drain,Drain High Level Switch,0.0
Seasonal_Storage_System,2024-08-11T08:48:39.202Z,Water Plant,Drain,Drain High Level Switch,0.0
Seasonal_Storage_System,2024-08-11T08:49:39.213Z,Water Plant,Drain,Drain High Level Switch,0.0
Seasonal_Storage_System,2024-08-11T08:50:39.208Z,Water Plant,Drain,Drain High Level Switch,0.0
Seasonal_Storage_System,2024-08-11T08:51:39.209Z,Water Plant,Drain,Drain High Level Switch,0.0
Seasonal_Storage_System,2024-08-11T08:52:39.21Z,Water Plant,Drain,Drain High Level Switch,0.0
Seasonal_Storage_System,2024-08-11T08:53:39.21Z,Water Plant,Drain,Drain High Level Switch,0.0
Seasonal_Storage_System,2024-08-11T08:54:39.209Z,Water Plant,Drain,Drain High Level Switch,0.0
Seasonal_Storage_System,2024-08-11T08:55:39.209Z,Water Plant,Drain,Drain High Level Switch,0.0
Seasonal_Storage_System,2024-08-11T08:56:39.21Z,Water Plant,Drain,Drain High Level Switch,0.0
Seasonal_Storage_System,2024-08-11T08:57:39.314Z,Water Plant,Drain,Drain High Level Switch,0.0
Seasonal_Storage_System,2024-08-11T08:58:39.31Z,Water Plant,Drain,Drain High Level Switch,0.0
Seasonal_Storage_System,2024-08-11T08:59:39.346Z,Water Plant,Drain,Drain High Level Switch,0.0
Seasonal_Storage_System,2024-08-11T09:00:39.357Z,Water Plant,Drain,Drain High Level Switch,0.0
Seasonal_Storage_System,2024-08-11T09:01:39.386Z,Water Plant,Drain,Drain High Level Switch,0.0
Seasonal_Storage_System,2024-08-11T09:02:39.39Z,Water Plant,Drain,Drain High Level Switch,0.0
Seasonal_Storage_System,2024-08-11T09:03:39.387Z,Water Plant,Drain,Drain High Level Switch,0.0
Seasonal_Storage_System,2024-08-11T09:04:39.394Z,Water Plant,Drain,Drain High Level Switch,0.0
Seasonal_Storage_System,2024-08-11T09:05:39.426Z,Water Plant,Drain,Drain High Level Switch,0.0
Seasonal_Storage_System,2024-08-11T09:06:39.442Z,Water Plant,Drain,Drain High Level Switch,0.0
Seasonal_Storage_System,2024-08-11T09:07:39.464Z,Water Plant,Drain,Drain High Level Switch,0.0
Seasonal_Storage_System,2024-08-11T09:08:39.491Z,Water Plant,Drain,Drain High Level Switch,0.0
Seasonal_Storage_System,2024-08-11T09:09:39.487Z,Water Plant,Drain,Drain High Level Switch,0.0
Seasonal_Storage_System,2024-08-11T09:10:39.528Z,Water Plant,Drain,Drain High Level Switch,0.0
Seasonal_Storage_System,2024-08-11T09:11:39.532Z,Water Plant,Drain,Drain High Level Switch,0.0
Seasonal_Storage_System,2024-08-11T09:12:39.545Z,Water Plant,Drain,Drain High Level Switch,0.0
Seasonal_Storage_System,2024-08-11T09:13:39.56Z,Water Plant,Drain,Drain High Level Switch,0.0
Seasonal_Storage_System,2024-08-11T09:14:39.57Z,Water Plant,Drain,Drain High Level Switch,0.0
Seasonal_Storage_System,2024-08-11T09:15:39.596Z,Water Plant,Drain,Drain High Level Switch,0.0
Seasonal_Storage_System,2024-08-11T09:16:39.63Z,Water Plant,Drain,Drain High Level Switch,0.0
Seasonal_Storage_System,2024-08-11T09:17:39.643Z,Water Plant,Drain,Drain High Level Switch,0.0
Seasonal_Storage_System,2024-08-11T09:18:39.676Z,Water Plant,Drain,Drain High Level Switch,0.0
Seasonal_Storage_System,2024-08-11T09:19:39.677Z,Water Plant,Drain,Drain High Level Switch,0.0
Seasonal_Storage_System,2024-08-11T09:20:39.693Z,Water Plant,Drain,Drain High Level Switch,0.0
Seasonal_Storage_System,2024-08-11T09:21:39.716Z,Water Plant,Drain,Drain High Level Switch,0.0
Seasonal_Storage_System,2024-08-11T09:22:39.729Z,Water Plant,Drain,Drain High Level Switch,0.0
Seasonal_Storage_System,2024-08-11T09:23:39.739Z,Water Plant,Drain,Drain High Level Switch,0.0
Seasonal_Storage_System,2024-08-11T09:24:39.75Z,Water Plant,Drain,Drain High Level Switch,0.0
Seasonal_Storage_System,2024-08-11T09:25:39.762Z,Water Plant,Drain,Drain High Level Switch,0.0
Seasonal_Storage_System,2024-08-11T09:26:39.766Z,Water Plant,Drain,Drain High Level Switch,0.0
Seasonal_Storage_System,2024-08-11T09:27:39.814Z,Water Plant,Drain,Drain High Level Switch,0.0
Seasonal_Storage_System,2024-08-11T09:28:39.828Z,Water Plant,Drain,Drain High Level Switch,0.0
Seasonal_Storage_System,2024-08-11T09:29:39.824Z,Water Plant,Drain,Drain High Level Switch,0.0
Seasonal_Storage_System,2024-08-11T09:30:39.824Z,Water Plant,Drain,Drain High Level Switch,0.0
Seasonal_Storage_System,2024-08-11T09:31:39.82Z,Water Plant,Drain,Drain High Level Switch,0.0
Seasonal_Storage_System,2024-08-11T09:32:39.818Z,Water Plant,Drain,Drain High Level Switch,0.0
Seasonal_Storage_System,2024-08-11T09:33:39.826Z,Water Plant,Drain,Drain High Level Switch,0.0
Seasonal_Storage_System,2024-08-11T09:34:39.845Z,Water Plant,Drain,Drain High Level Switch,0.0
Seasonal_Storage_System,2024-08-11T09:35:39.763Z,Water Plant,Drain,Drain High Level Switch,0.0
Seasonal_Storage_System,2024-08-11T09:36:39.762Z,Water Plant,Drain,Drain High Level Switch,0.0
Seasonal_Storage_System,2024-08-11T09:37:39.762Z,Water Plant,Drain,Drain High Level Switch,0.0
Seasonal_Storage_System,2024-08-11T09:38:39.762Z,Water Plant,Drain,Drain High Level Switch,0.0
Seasonal_Storage_System,2024-08-11T09:39:39.761Z,Water Plant,Drain,Drain High Level Switch,0.0
Seasonal_Storage_System,2024-08-11T09:40:39.762Z,Water Plant,Drain,Drain High Level Switch,0.0
Seasonal_Storage_System,2024-08-11T09:41:39.762Z,Water Plant,Drain,Drain High Level Switch,0.0
Seasonal_Storage_System,2024-08-11T09:42:39.762Z,Water Plant,Drain,Drain High Level Switch,0.0
Seasonal_Storage_System,2024-08-11T09:43:39.762Z,Water Plant,Drain,Drain High Level Switch,0.0
Seasonal_Storage_System,2024-08-11T09:44:39.762Z,Water Plant,Drain,Drain High Level Switch,0.0
Seasonal_Storage_System,2024-08-11T09:45:39.762Z,Water Plant,Drain,Drain High Level Switch,0.0
Seasonal_Storage_System,2024-08-11T09:46:39.764Z,Water Plant,Drain,Drain High Level Switch,0.0
Seasonal_Storage_System,2024-08-11T09:47:39.763Z,Water Plant,Drain,Drain High Level Switch,0.0
Seasonal_Storage_System,2024-08-11T09:48:39.764Z,Water Plant,Drain,Drain High Level Switch,0.0
Seasonal_Storage_System,2024-08-11T09:49:39.765Z,Water Plant,Drain,Drain High Level Switch,0.0
Seasonal_Storage_System,2024-08-11T09:50:39.764Z,Water Plant,Drain,Drain High Level Switch,0.0
Seasonal_Storage_System,2024-08-11T09:51:39.765Z,Water Plant,Drain,Drain High Level Switch,0.0
Seasonal_Storage_System,2024-08-11T09:52:39.766Z,Water Plant,Drain,Drain High Level Switch,0.0
Seasonal_Storage_System,2024-08-11T09:53:39.767Z,Water Plant,Drain,Drain High Level Switch,0.0
Seasonal_Storage_System,2024-08-11T09:54:39.767Z,Water Plant,Drain,Drain High Level Switch,0.0
Seasonal_Storage_System,2024-08-11T09:55:39.768Z,Water Plant,Drain,Drain High Level Switch,0.0
Seasonal_Storage_System,2024-08-11T09:56:39.767Z,Water Plant,Drain,Drain High Level Switch,0.0
Seasonal_Storage_System,2024-08-11T09:57:39.767Z,Water Plant,Drain,Drain High Level Switch,0.0
Seasonal_Storage_System,2024-08-11T09:58:39.87Z,Water Plant,Drain,Drain High Level Switch,0.0
Seasonal_Storage_System,2024-08-11T09:59:39.895Z,Water Plant,Drain,Drain High Level Switch,0.0
Seasonal_Storage_System,2024-08-11T10:00:39.911Z,Water Plant,Drain,Drain High Level Switch,0.0
Seasonal_Storage_System,2024-08-11T10:01:39.923Z,Water Plant,Drain,Drain High Level Switch,0.0
Seasonal_Storage_System,2024-08-11T10:02:39.973Z,Water Plant,Drain,Drain High Level Switch,0.0
Seasonal_Storage_System,2024-08-11T10:03:39.977Z,Water Plant,Drain,Drain High Level Switch,0.0
Seasonal_Storage_System,2024-08-11T10:04:39.993Z,Water Plant,Drain,Drain High Level Switch,0.0
Seasonal_Storage_System,2024-08-11T10:05:39.993Z,Water Plant,Drain,Drain High Level Switch,0.0
Seasonal_Storage_System,2024-08-11T10:06:40.015Z,Water Plant,Drain,Drain High Level Switch,0.0
Seasonal_Storage_System,2024-08-11T10:07:40.021Z,Water Plant,Drain,Drain High Level Switch,0.0
Seasonal_Storage_System,2024-08-11T10:08:40.033Z,Water Plant,Drain,Drain High Level Switch,0.0
Seasonal_Storage_System,2024-08-11T10:09:40.058Z,Water Plant,Drain,Drain High Level Switch,0.0
Seasonal_Storage_System,2024-08-11T10:10:40.07Z,Water Plant,Drain,Drain High Level Switch,0.0
Seasonal_Storage_System,2024-08-11T10:11:40.118Z,Water Plant,Drain,Drain High Level Switch,0.0
Seasonal_Storage_System,2024-08-11T10:12:40.135Z,Water Plant,Drain,Drain High Level Switch,0.0
Seasonal_Storage_System,2024-08-11T10:13:40.144Z,Water Plant,Drain,Drain High Level Switch,0.0
Seasonal_Storage_System,2024-08-11T10:14:40.15Z,Water Plant,Drain,Drain High Level Switch,0.0
Seasonal_Storage_System,2024-08-11T10:15:40.166Z,Water Plant,Drain,Drain High Level Switch,0.0
Seasonal_Storage_System,2024-08-11T10:16:40.202Z,Water Plant,Drain,Drain High Level Switch,0.0
Seasonal_Storage_System,2024-08-11T10:17:40.365Z,Water Plant,Drain,Drain High Level Switch,0.0
Seasonal_Storage_System,2024-08-11T10:18:40.291Z,Water Plant,Drain,Drain High Level Switch,0.0
Seasonal_Storage_System,2024-08-11T10:19:40.292Z,Water Plant,Drain,Drain High Level Switch,0.0
Seasonal_Storage_System,2024-08-11T10:20:40.297Z,Water Plant,Drain,Drain High Level Switch,0.0
Seasonal_Storage_System,2024-08-11T10:21:40.302Z,Water Plant,Drain,Drain High Level Switch,0.0
Seasonal_Storage_System,2024-08-11T10:22:40.33Z,Water Plant,Drain,Drain High Level Switch,0.0
Seasonal_Storage_System,2024-08-11T10:23:40.36Z,Water Plant,Drain,Drain High Level Switch,0.0
Seasonal_Storage_System,2024-08-11T10:24:40.364Z,Water Plant,Drain,Drain High Level Switch,0.0
Seasonal_Storage_System,2024-08-11T10:25:40.395Z,Water Plant,Drain,Drain High Level Switch,0.0
Seasonal_Storage_System,2024-08-11T10:26:40.414Z,Water Plant,Drain,Drain High Level Switch,0.0
Seasonal_Storage_System,2024-08-11T10:27:40.421Z,Water Plant,Drain,Drain High Level Switch,0.0
Seasonal_Storage_System,2024-08-11T10:28:40.433Z,Water Plant,Drain,Drain High Level Switch,0.0
Seasonal_Storage_System,2024-08-11T10:29:40.45Z,Water Plant,Drain,Drain High Level Switch,0.0
Seasonal_Storage_System,2024-08-11T10:30:40.504Z,Water Plant,Drain,Drain High Level Switch,0.0
Seasonal_Storage_System,2024-08-11T10:31:40.412Z,Water Plant,Drain,Drain High Level Switch,0.0
Seasonal_Storage_System,2024-08-11T10:32:40.414Z,Water Plant,Drain,Drain High Level Switch,0.0
Seasonal_Storage_System,2024-08-11T10:33:40.413Z,Water Plant,Drain,Drain High Level Switch,0.0
Seasonal_Storage_System,2024-08-11T10:34:40.516Z,Water Plant,Drain,Drain High Level Switch,0.0
Seasonal_Storage_System,2024-08-11T10:35:40.518Z,Water Plant,Drain,Drain High Level Switch,0.0
Seasonal_Storage_System,2024-08-11T10:36:40.554Z,Water Plant,Drain,Drain High Level Switch,0.0
Seasonal_Storage_System,2024-08-11T10:37:40.556Z,Water Plant,Drain,Drain High Level Switch,0.0
Seasonal_Storage_System,2024-08-11T10:38:40.578Z,Water Plant,Drain,Drain High Level Switch,0.0
Seasonal_Storage_System,2024-08-11T10:39:40.583Z,Water Plant,Drain,Drain High Level Switch,0.0
Seasonal_Storage_System,2024-08-11T10:40:40.585Z,Water Plant,Drain,Drain High Level Switch,0.0
Seasonal_Storage_System,2024-08-11T10:41:40.579Z,Water Plant,Drain,Drain High Level Switch,0.0
Seasonal_Storage_System,2024-08-11T10:42:40.58Z,Water Plant,Drain,Drain High Level Switch,0.0
Seasonal_Storage_System,2024-08-11T10:43:40.579Z,Water Plant,Drain,Drain High Level Switch,0.0
Seasonal_Storage_System,2024-08-11T10:44:40.518Z,Water Plant,Drain,Drain High Level Switch,0.0
Seasonal_Storage_System,2024-08-11T10:45:40.592Z,Water Plant,Drain,Drain High Level Switch,0.0
Seasonal_Storage_System,2024-08-11T10:46:40.584Z,Water Plant,Drain,Drain High Level Switch,0.0
Seasonal_Storage_System,2024-08-11T10:47:40.593Z,Water Plant,Drain,Drain High Level Switch,0.0
Seasonal_Storage_System,2024-08-11T10:48:40.595Z,Water Plant,Drain,Drain High Level Switch,0.0
Seasonal_Storage_System,2024-08-11T10:49:40.591Z,Water Plant,Drain,Drain High Level Switch,0.0
Seasonal_Storage_System,2024-08-11T10:50:40.59Z,Water Plant,Drain,Drain High Level Switch,0.0
Seasonal_Storage_System,2024-08-11T10:51:40.593Z,Water Plant,Drain,Drain High Level Switch,0.0
Seasonal_Storage_System,2024-08-11T10:52:40.592Z,Water Plant,Drain,Drain High Level Switch,0.0
Seasonal_Storage_System,2024-08-11T10:53:40.585Z,Water Plant,Drain,Drain High Level Switch,0.0
Seasonal_Storage_System,2024-08-11T10:54:40.596Z,Water Plant,Drain,Drain High Level Switch,0.0
Seasonal_Storage_System,2024-08-11T10:55:40.592Z,Water Plant,Drain,Drain High Level Switch,0.0
Seasonal_Storage_System,2024-08-11T10:56:40.592Z,Water Plant,Drain,Drain High Level Switch,0.0
Seasonal_Storage_System,2024-08-11T10:57:40.593Z,Water Plant,Drain,Drain High Level Switch,0.0
Seasonal_Storage_System,2024-08-11T10:58:40.525Z,Water Plant,Drain,Drain High Level Switch,0.0
Seasonal_Storage_System,2024-08-11T10:59:40.528Z,Water Plant,Drain,Drain High Level Switch,0.0
Seasonal_Storage_System,2024-08-11T11:00:40.525Z,Water Plant,Drain,Drain High Level Switch,0.0
Seasonal_Storage_System,2024-08-11T11:01:40.665Z,Water Plant,Drain,Drain High Level Switch,0.0
Seasonal_Storage_System,2024-08-11T11:02:40.677Z,Water Plant,Drain,Drain High Level Switch,0.0
Seasonal_Storage_System,2024-08-11T11:03:40.705Z,Water Plant,Drain,Drain High Level Switch,0.0
Seasonal_Storage_System,2024-08-11T11:04:40.753Z,Water Plant,Drain,Drain High Level Switch,0.0
Seasonal_Storage_System,2024-08-11T11:05:40.846Z,Water Plant,Drain,Drain High Level Switch,0.0
Seasonal_Storage_System,2024-08-11T11:06:40.989Z,Water Plant,Drain,Drain High Level Switch,0.0
Seasonal_Storage_System,2024-08-11T11:07:40.906Z,Water Plant,Drain,Drain High Level Switch,0.0
Seasonal_Storage_System,2024-08-11T11:08:41.134Z,Water Plant,Drain,Drain High Level Switch,0.0
Seasonal_Storage_System,2024-08-11T11:09:41.127Z,Water Plant,Drain,Drain High Level Switch,0.0
Seasonal_Storage_System,2024-08-11T11:10:41.044Z,Water Plant,Drain,Drain High Level Switch,0.0
Seasonal_Storage_System,2024-08-11T11:11:41.433Z,Water Plant,Drain,Drain High Level Switch,0.0
Seasonal_Storage_System,2024-08-11T11:12:41.427Z,Water Plant,Drain,Drain High Level Switch,0.0
Seasonal_Storage_System,2024-08-11T11:13:41.408Z,Water Plant,Drain,Drain High Level Switch,0.0
Seasonal_Storage_System,2024-08-11T11:14:41.452Z,Water Plant,Drain,Drain High Level Switch,0.0
Seasonal_Storage_System,2024-08-11T11:15:41.459Z,Water Plant,Drain,Drain High Level Switch,0.0
Seasonal_Storage_System,2024-08-11T11:16:41.488Z,Water Plant,Drain,Drain High Level Switch,0.0
Seasonal_Storage_System,2024-08-11T11:17:41.509Z,Water Plant,Drain,Drain High Level Switch,0.0
Seasonal_Storage_System,2024-08-11T11:18:41.509Z,Water Plant,Drain,Drain High Level Switch,0.0
Seasonal_Storage_System,2024-08-11T11:19:41.526Z,Water Plant,Drain,Drain High Level Switch,0.0
Seasonal_Storage_System,2024-08-11T11:20:41.556Z,Water Plant,Drain,Drain High Level Switch,0.0
Seasonal_Storage_System,2024-08-11T11:21:41.596Z,Water Plant,Drain,Drain High Level Switch,0.0
Seasonal_Storage_System,2024-08-11T11:22:41.64Z,Water Plant,Drain,Drain High Level Switch,0.0
Seasonal_Storage_System,2024-08-11T11:23:41.711Z,Water Plant,Drain,Drain High Level Switch,0.0
Seasonal_Storage_System,2024-08-11T11:24:41.641Z,Water Plant,Drain,Drain High Level Switch,0.0
Seasonal_Storage_System,2024-08-11T11:25:41.569Z,Water Plant,Drain,Drain High Level Switch,0.0
Seasonal_Storage_System,2024-08-11T11:26:41.649Z,Water Plant,Drain,Drain High Level Switch,0.0
Seasonal_Storage_System,2024-08-11T11:27:41.647Z,Water Plant,Drain,Drain High Level Switch,0.0
Seasonal_Storage_System,2024-08-11T11:28:41.642Z,Water Plant,Drain,Drain High Level Switch,0.0
Seasonal_Storage_System,2024-08-11T11:29:41.644Z,Water Plant,Drain,Drain High Level Switch,0.0
Seasonal_Storage_System,2024-08-11T11:30:41.578Z,Water Plant,Drain,Drain High Level Switch,0.0
Seasonal_Storage_System,2024-08-11T11:31:41.578Z,Water Plant,Drain,Drain High Level Switch,0.0
Seasonal_Storage_System,2024-08-11T11:32:41.663Z,Water Plant,Drain,Drain High Level Switch,0.0
Seasonal_Storage_System,2024-08-11T11:33:41.712Z,Water Plant,Drain,Drain High Level Switch,0.0
Seasonal_Storage_System,2024-08-11T11:34:41.735Z,Water Plant,Drain,Drain High Level Switch,0.0
Seasonal_Storage_System,2024-08-11T11:35:41.778Z,Water Plant,Drain,Drain High Level Switch,0.0
Seasonal_Storage_System,2024-08-11T11:36:41.832Z,Water Plant,Drain,Drain High Level Switch,0.0
Seasonal_Storage_System,2024-08-11T11:37:41.892Z,Water Plant,Drain,Drain High Level Switch,0.0
Seasonal_Storage_System,2024-08-11T11:38:41.963Z,Water Plant,Drain,Drain High Level Switch,0.0
Seasonal_Storage_System,2024-08-11T11:39:42.024Z,Water Plant,Drain,Drain High Level Switch,0.0
Seasonal_Storage_System,2024-08-11T11:40:41.961Z,Water Plant,Drain,Drain High Level Switch,0.0
Seasonal_Storage_System,2024-08-11T11:41:41.974Z,Water Plant,Drain,Drain High Level Switch,0.0
Seasonal_Storage_System,2024-08-11T11:42:41.963Z,Water Plant,Drain,Drain High Level Switch,0.0
Seasonal_Storage_System,2024-08-11T11:43:41.964Z,Water Plant,Drain,Drain High Level Switch,0.0
Seasonal_Storage_System,2024-08-11T11:44:41.891Z,Water Plant,Drain,Drain High Level Switch,0.0
Seasonal_Storage_System,2024-08-11T11:45:41.897Z,Water Plant,Drain,Drain High Level Switch,0.0
Seasonal_Storage_System,2024-08-11T11:46:41.894Z,Water Plant,Drain,Drain High Level Switch,0.0
Seasonal_Storage_System,2024-08-11T11:47:41.894Z,Water Plant,Drain,Drain High Level Switch,0.0
Seasonal_Storage_System,2024-08-11T11:48:41.971Z,Water Plant,Drain,Drain High Level Switch,0.0
Seasonal_Storage_System,2024-08-11T11:49:42.021Z,Water Plant,Drain,Drain High Level Switch,0.0
Seasonal_Storage_System,2024-08-11T11:50:42.022Z,Water Plant,Drain,Drain High Level Switch,0.0
Seasonal_Storage_System,2024-08-11T11:51:42.011Z,Water Plant,Drain,Drain High Level Switch,0.0
Seasonal_Storage_System,2024-08-11T11:52:42.023Z,Water Plant,Drain,Drain High Level Switch,0.0
Seasonal_Storage_System,2024-08-11T11:53:41.952Z,Water Plant,Drain,Drain High Level Switch,0.0
Seasonal_Storage_System,2024-08-11T11:54:41.951Z,Water Plant,Drain,Drain High Level Switch,0.0
Seasonal_Storage_System,2024-08-11T11:55:41.952Z,Water Plant,Drain,Drain High Level Switch,0.0
Seasonal_Storage_System,2024-08-11T11:56:41.949Z,Water Plant,Drain,Drain High Level Switch,0.0
Seasonal_Storage_System,2024-08-11T11:57:41.95Z,Water Plant,Drain,Drain High Level Switch,0.0
Seasonal_Storage_System,2024-08-11T11:58:41.95Z,Water Plant,Drain,Drain High Level Switch,0.0
Seasonal_Storage_System,2024-08-11T11:59:42.062Z,Water Plant,Drain,Drain High Level Switch,0.0
Seasonal_Storage_System,2024-08-11T12:00:42.162Z,Water Plant,Drain,Drain High Level Switch,0.0
Seasonal_Storage_System,2024-08-11T12:01:42.183Z,Water Plant,Drain,Drain High Level Switch,0.0
Seasonal_Storage_System,2024-08-11T12:02:42.236Z,Water Plant,Drain,Drain High Level Switch,0.0
Seasonal_Storage_System,2024-08-11T12:03:42.283Z,Water Plant,Drain,Drain High Level Switch,0.0
Seasonal_Storage_System,2024-08-11T12:04:42.349Z,Water Plant,Drain,Drain High Level Switch,0.0
Seasonal_Storage_System,2024-08-11T12:05:42.385Z,Water Plant,Drain,Drain High Level Switch,0.0
Seasonal_Storage_System,2024-08-11T12:06:42.433Z,Water Plant,Drain,Drain High Level Switch,0.0
Seasonal_Storage_System,2024-08-11T12:07:42.498Z,Water Plant,Drain,Drain High Level Switch,0.0
Seasonal_Storage_System,2024-08-11T12:08:42.634Z,Water Plant,Drain,Drain High Level Switch,0.0
Seasonal_Storage_System,2024-08-11T12:09:42.494Z,Water Plant,Drain,Drain High Level Switch,0.0
Seasonal_Storage_System,2024-08-11T12:10:42.502Z,Water Plant,Drain,Drain High Level Switch,0.0
Seasonal_Storage_System,2024-08-11T12:11:42.5Z,Water Plant,Drain,Drain High Level Switch,0.0
Seasonal_Storage_System,2024-08-11T12:12:42.503Z,Water Plant,Drain,Drain High Level Switch,0.0
Seasonal_Storage_System,2024-08-11T12:13:42.492Z,Water Plant,Drain,Drain High Level Switch,0.0
Seasonal_Storage_System,2024-08-11T12:14:42.499Z,Water Plant,Drain,Drain High Level Switch,0.0
Seasonal_Storage_System,2024-08-11T12:15:42.496Z,Water Plant,Drain,Drain High Level Switch,0.0
Seasonal_Storage_System,2024-08-11T12:16:42.496Z,Water Plant,Drain,Drain High Level Switch,0.0
Seasonal_Storage_System,2024-08-11T12:17:42.428Z,Water Plant,Drain,Drain High Level Switch,0.0
Seasonal_Storage_System,2024-08-11T12:18:42.427Z,Water Plant,Drain,Drain High Level Switch,0.0
Seasonal_Storage_System,2024-08-11T12:19:42.442Z,Water Plant,Drain,Drain High Level Switch,0.0
Seasonal_Storage_System,2024-08-11T12:20:42.43Z,Water Plant,Drain,Drain High Level Switch,0.0
Seasonal_Storage_System,2024-08-11T12:21:42.429Z,Water Plant,Drain,Drain High Level Switch,0.0
Seasonal_Storage_System,2024-08-11T12:22:42.432Z,Water Plant,Drain,Drain High Level Switch,0.0
Seasonal_Storage_System,2024-08-11T12:23:42.43Z,Water Plant,Drain,Drain High Level Switch,0.0
Seasonal_Storage_System,2024-08-11T12:24:42.439Z,Water Plant,Drain,Drain High Level Switch,0.0
Seasonal_Storage_System,2024-08-11T12:25:42.449Z,Water Plant,Drain,Drain High Level Switch,0.0
Seasonal_Storage_System,2024-08-11T12:26:42.44Z,Water Plant,Drain,Drain High Level Switch,0.0
Seasonal_Storage_System,2024-08-11T12:27:42.438Z,Water Plant,Drain,Drain High Level Switch,0.0
Seasonal_Storage_System,2024-08-11T12:28:42.439Z,Water Plant,Drain,Drain High Level Switch,0.0
Seasonal_Storage_System,2024-08-11T12:29:42.437Z,Water Plant,Drain,Drain High Level Switch,0.0
Seasonal_Storage_System,2024-08-11T12:30:42.447Z,Water Plant,Drain,Drain High Level Switch,0.0
Seasonal_Storage_System,2024-08-11T12:31:42.446Z,Water Plant,Drain,Drain High Level Switch,0.0
Seasonal_Storage_System,2024-08-11T12:32:42.452Z,Water Plant,Drain,Drain High Level Switch,0.0
Seasonal_Storage_System,2024-08-11T12:33:42.449Z,Water Plant,Drain,Drain High Level Switch,0.0
Seasonal_Storage_System,2024-08-11T12:34:42.449Z,Water Plant,Drain,Drain High Level Switch,0.0
Seasonal_Storage_System,2024-08-11T12:35:42.447Z,Water Plant,Drain,Drain High Level Switch,0.0
Seasonal_Storage_System,2024-08-11T12:36:42.447Z,Water Plant,Drain,Drain High Level Switch,0.0
Seasonal_Storage_System,2024-08-11T12:37:42.447Z,Water Plant,Drain,Drain High Level Switch,0.0
Seasonal_Storage_System,2024-08-11T12:38:42.447Z,Water Plant,Drain,Drain High Level Switch,0.0
Seasonal_Storage_System,2024-08-11T12:39:42.446Z,Water Plant,Drain,Drain High Level Switch,0.0
Seasonal_Storage_System,2024-08-11T12:40:42.45Z,Water Plant,Drain,Drain High Level Switch,0.0
Seasonal_Storage_System,2024-08-11T12:41:42.446Z,Water Plant,Drain,Drain High Level Switch,0.0
Seasonal_Storage_System,2024-08-11T12:42:42.515Z,Water Plant,Drain,Drain High Level Switch,0.0
Seasonal_Storage_System,2024-08-11T12:43:42.517Z,Water Plant,Drain,Drain High Level Switch,0.0
Seasonal_Storage_System,2024-08-11T12:44:42.517Z,Water Plant,Drain,Drain High Level Switch,0.0
Seasonal_Storage_System,2024-08-11T12:45:42.515Z,Water Plant,Drain,Drain High Level Switch,0.0
Seasonal_Storage_System,2024-08-11T12:46:42.515Z,Water Plant,Drain,Drain High Level Switch,0.0
Seasonal_Storage_System,2024-08-11T12:47:42.516Z,Water Plant,Drain,Drain High Level Switch,0.0
Seasonal_Storage_System,2024-08-11T12:48:42.523Z,Water Plant,Drain,Drain High Level Switch,0.0
Seasonal_Storage_System,2024-08-11T12:49:42.521Z,Water Plant,Drain,Drain High Level Switch,0.0
Seasonal_Storage_System,2024-08-11T12:50:42.519Z,Water Plant,Drain,Drain High Level Switch,0.0
Seasonal_Storage_System,2024-08-11T12:51:42.542Z,Water Plant,Drain,Drain High Level Switch,0.0
Seasonal_Storage_System,2024-08-11T12:52:42.538Z,Water Plant,Drain,Drain High Level Switch,0.0
Seasonal_Storage_System,2024-08-11T12:53:42.574Z,Water Plant,Drain,Drain High Level Switch,0.0
Seasonal_Storage_System,2024-08-11T12:54:42.6Z,Water Plant,Drain,Drain High Level Switch,0.0
Seasonal_Storage_System,2024-08-11T12:55:42.603Z,Water Plant,Drain,Drain High Level Switch,0.0
Seasonal_Storage_System,2024-08-11T12:56:42.601Z,Water Plant,Drain,Drain High Level Switch,0.0
Seasonal_Storage_System,2024-08-11T12:57:42.604Z,Water Plant,Drain,Drain High Level Switch,0.0
Seasonal_Storage_System,2024-08-11T12:58:42.6Z,Water Plant,Drain,Drain High Level Switch,0.0
Seasonal_Storage_System,2024-08-11T12:59:42.6Z,Water Plant,Drain,Drain High Level Switch,0.0
Seasonal_Storage_System,2024-08-11T13:00:42.606Z,Water Plant,Drain,Drain High Level Switch,0.0
Seasonal_Storage_System,2024-08-11T13:01:42.6Z,Water Plant,Drain,Drain High Level Switch,0.0
Seasonal_Storage_System,2024-08-11T13:02:42.606Z,Water Plant,Drain,Drain High Level Switch,0.0
Seasonal_Storage_System,2024-08-11T13:03:42.61Z,Water Plant,Drain,Drain High Level Switch,0.0
Seasonal_Storage_System,2024-08-11T13:04:42.626Z,Water Plant,Drain,Drain High Level Switch,0.0
Seasonal_Storage_System,2024-08-11T13:05:42.622Z,Water Plant,Drain,Drain High Level Switch,0.0
Seasonal_Storage_System,2024-08-11T13:06:42.641Z,Water Plant,Drain,Drain High Level Switch,0.0
Seasonal_Storage_System,2024-08-11T13:07:42.649Z,Water Plant,Drain,Drain High Level Switch,0.0
Seasonal_Storage_System,2024-08-11T13:08:42.672Z,Water Plant,Drain,Drain High Level Switch,0.0
Seasonal_Storage_System,2024-08-11T13:09:42.728Z,Water Plant,Drain,Drain High Level Switch,0.0
Seasonal_Storage_System,2024-08-11T13:10:42.727Z,Water Plant,Drain,Drain High Level Switch,0.0
Seasonal_Storage_System,2024-08-11T13:11:42.727Z,Water Plant,Drain,Drain High Level Switch,0.0
Seasonal_Storage_System,2024-08-11T13:12:42.727Z,Water Plant,Drain,Drain High Level Switch,0.0
Seasonal_Storage_System,2024-08-11T13:13:42.728Z,Water Plant,Drain,Drain High Level Switch,0.0
Seasonal_Storage_System,2024-08-11T13:14:42.727Z,Water Plant,Drain,Drain High Level Switch,0.0
Seasonal_Storage_System,2024-08-11T13:15:42.728Z,Water Plant,Drain,Drain High Level Switch,0.0
Seasonal_Storage_System,2024-08-11T13:16:42.73Z,Water Plant,Drain,Drain High Level Switch,0.0
Seasonal_Storage_System,2024-08-11T13:17:42.731Z,Water Plant,Drain,Drain High Level Switch,0.0
Seasonal_Storage_System,2024-08-11T13:18:42.739Z,Water Plant,Drain,Drain High Level Switch,0.0
Seasonal_Storage_System,2024-08-11T13:19:42.766Z,Water Plant,Drain,Drain High Level Switch,0.0
Seasonal_Storage_System,2024-08-11T13:20:42.856Z,Water Plant,Drain,Drain High Level Switch,0.0
Seasonal_Storage_System,2024-08-11T13:21:42.888Z,Water Plant,Drain,Drain High Level Switch,0.0
Seasonal_Storage_System,2024-08-11T13:22:42.944Z,Water Plant,Drain,Drain High Level Switch,0.0
Seasonal_Storage_System,2024-08-11T13:23:42.981Z,Water Plant,Drain,Drain High Level Switch,0.0
Seasonal_Storage_System,2024-08-11T13:24:42.983Z,Water Plant,Drain,Drain High Level Switch,0.0
Seasonal_Storage_System,2024-08-11T13:25:42.996Z,Water Plant,Drain,Drain High Level Switch,0.0
Seasonal_Storage_System,2024-08-11T13:26:42.99Z,Water Plant,Drain,Drain High Level Switch,0.0
Seasonal_Storage_System,2024-08-11T13:27:42.991Z,Water Plant,Drain,Drain High Level Switch,0.0
Seasonal_Storage_System,2024-08-11T13:28:42.991Z,Water Plant,Drain,Drain High Level Switch,0.0
Seasonal_Storage_System,2024-08-11T13:29:42.996Z,Water Plant,Drain,Drain High Level Switch,0.0
Seasonal_Storage_System,2024-08-11T13:30:42.994Z,Water Plant,Drain,Drain High Level Switch,0.0
Seasonal_Storage_System,2024-08-11T13:31:42.993Z,Water Plant,Drain,Drain High Level Switch,0.0
Seasonal_Storage_System,2024-08-11T13:32:42.994Z,Water Plant,Drain,Drain High Level Switch,0.0
Seasonal_Storage_System,2024-08-11T13:33:43.033Z,Water Plant,Drain,Drain High Level Switch,0.0
Seasonal_Storage_System,2024-08-11T13:34:43.031Z,Water Plant,Drain,Drain High Level Switch,0.0
Seasonal_Storage_System,2024-08-11T13:35:43.032Z,Water Plant,Drain,Drain High Level Switch,0.0
Seasonal_Storage_System,2024-08-11T13:36:43.031Z,Water Plant,Drain,Drain High Level Switch,0.0
Seasonal_Storage_System,2024-08-11T13:37:43.031Z,Water Plant,Drain,Drain High Level Switch,0.0
Seasonal_Storage_System,2024-08-11T13:38:43.035Z,Water Plant,Drain,Drain High Level Switch,0.0
Seasonal_Storage_System,2024-08-11T13:39:43.044Z,Water Plant,Drain,Drain High Level Switch,0.0
Seasonal_Storage_System,2024-08-11T13:40:43.042Z,Water Plant,Drain,Drain High Level Switch,0.0
Seasonal_Storage_System,2024-08-11T13:41:43.039Z,Water Plant,Drain,Drain High Level Switch,0.0
Seasonal_Storage_System,2024-08-11T13:42:43.038Z,Water Plant,Drain,Drain High Level Switch,0.0
Seasonal_Storage_System,2024-08-11T13:43:43.036Z,Water Plant,Drain,Drain High Level Switch,0.0
Seasonal_Storage_System,2024-08-11T13:44:43.036Z,Water Plant,Drain,Drain High Level Switch,0.0
Seasonal_Storage_System,2024-08-11T13:45:43.037Z,Water Plant,Drain,Drain High Level Switch,0.0
Seasonal_Storage_System,2024-08-11T13:46:43.036Z,Water Plant,Drain,Drain High Level Switch,0.0
Seasonal_Storage_System,2024-08-11T13:47:43.073Z,Water Plant,Drain,Drain High Level Switch,0.0
Seasonal_Storage_System,2024-08-11T13:48:43.071Z,Water Plant,Drain,Drain High Level Switch,0.0
Seasonal_Storage_System,2024-08-11T13:49:43.077Z,Water Plant,Drain,Drain High Level Switch,0.0
Seasonal_Storage_System,2024-08-11T13:50:43.071Z,Water Plant,Drain,Drain High Level Switch,0.0
Seasonal_Storage_System,2024-08-11T13:51:43.078Z,Water Plant,Drain,Drain High Level Switch,0.0
Seasonal_Storage_System,2024-08-11T13:52:43.075Z,Water Plant,Drain,Drain High Level Switch,0.0
Seasonal_Storage_System,2024-08-11T13:53:43.073Z,Water Plant,Drain,Drain High Level Switch,0.0
Seasonal_Storage_System,2024-08-11T13:54:43.073Z,Water Plant,Drain,Drain High Level Switch,0.0
Seasonal_Storage_System,2024-08-11T13:55:43.073Z,Water Plant,Drain,Drain High Level Switch,0.0
Seasonal_Storage_System,2024-08-11T13:56:43.136Z,Water Plant,Drain,Drain High Level Switch,0.0
Seasonal_Storage_System,2024-08-11T13:57:43.139Z,Water Plant,Drain,Drain High Level Switch,0.0
Seasonal_Storage_System,2024-08-11T13:58:43.14Z,Water Plant,Drain,Drain High Level Switch,0.0
Seasonal_Storage_System,2024-08-11T13:59:43.137Z,Water Plant,Drain,Drain High Level Switch,0.0
Seasonal_Storage_System,2024-08-11T14:00:43.138Z,Water Plant,Drain,Drain High Level Switch,0.0
Seasonal_Storage_System,2024-08-11T14:01:43.149Z,Water Plant,Drain,Drain High Level Switch,0.0
Seasonal_Storage_System,2024-08-11T14:02:43.137Z,Water Plant,Drain,Drain High Level Switch,0.0
Seasonal_Storage_System,2024-08-11T14:03:43.138Z,Water Plant,Drain,Drain High Level Switch,0.0
Seasonal_Storage_System,2024-08-11T14:04:43.137Z,Water Plant,Drain,Drain High Level Switch,0.0
Seasonal_Storage_System,2024-08-11T14:05:43.138Z,Water Plant,Drain,Drain High Level Switch,0.0
Seasonal_Storage_System,2024-08-11T14:06:43.15Z,Water Plant,Drain,Drain High Level Switch,0.0
Seasonal_Storage_System,2024-08-11T14:07:43.226Z,Water Plant,Drain,Drain High Level Switch,0.0
Seasonal_Storage_System,2024-08-11T14:08:43.406Z,Water Plant,Drain,Drain High Level Switch,0.0
Seasonal_Storage_System,2024-08-11T14:09:43.475Z,Water Plant,Drain,Drain High Level Switch,0.0
Seasonal_Storage_System,2024-08-11T14:10:43.418Z,Water Plant,Drain,Drain High Level Switch,0.0
Seasonal_Storage_System,2024-08-11T14:11:43.402Z,Water Plant,Drain,Drain High Level Switch,0.0
Seasonal_Storage_System,2024-08-11T14:12:43.419Z,Water Plant,Drain,Drain High Level Switch,0.0
Seasonal_Storage_System,2024-08-11T14:13:43.416Z,Water Plant,Drain,Drain High Level Switch,0.0
Seasonal_Storage_System,2024-08-11T14:14:43.408Z,Water Plant,Drain,Drain High Level Switch,0.0
Seasonal_Storage_System,2024-08-11T14:15:43.409Z,Water Plant,Drain,Drain High Level Switch,0.0
Seasonal_Storage_System,2024-08-11T14:16:43.404Z,Water Plant,Drain,Drain High Level Switch,0.0
Seasonal_Storage_System,2024-08-11T14:17:43.423Z,Water Plant,Drain,Drain High Level Switch,0.0
Seasonal_Storage_System,2024-08-11T14:18:43.488Z,Water Plant,Drain,Drain High Level Switch,0.0
Seasonal_Storage_System,2024-08-11T14:19:43.448Z,Water Plant,Drain,Drain High Level Switch,0.0
Seasonal_Storage_System,2024-08-11T14:20:43.438Z,Water Plant,Drain,Drain High Level Switch,0.0
Seasonal_Storage_System,2024-08-11T14:21:43.424Z,Water Plant,Drain,Drain High Level Switch,0.0
Seasonal_Storage_System,2024-08-11T14:22:43.417Z,Water Plant,Drain,Drain High Level Switch,0.0
Seasonal_Storage_System,2024-08-11T14:23:43.416Z,Water Plant,Drain,Drain High Level Switch,0.0
Seasonal_Storage_System,2024-08-11T14:24:43.353Z,Water Plant,Drain,Drain High Level Switch,0.0
Seasonal_Storage_System,2024-08-11T14:25:43.353Z,Water Plant,Drain,Drain High Level Switch,0.0
Seasonal_Storage_System,2024-08-11T14:26:43.354Z,Water Plant,Drain,Drain High Level Switch,0.0
Seasonal_Storage_System,2024-08-11T14:27:43.353Z,Water Plant,Drain,Drain High Level Switch,0.0
Seasonal_Storage_System,2024-08-11T14:28:43.446Z,Water Plant,Drain,Drain High Level Switch,0.0
Seasonal_Storage_System,2024-08-11T14:29:43.448Z,Water Plant,Drain,Drain High Level Switch,0.0
Seasonal_Storage_System,2024-08-11T14:30:43.433Z,Water Plant,Drain,Drain High Level Switch,0.0
Seasonal_Storage_System,2024-08-11T14:31:43.365Z,Water Plant,Drain,Drain High Level Switch,0.0
Seasonal_Storage_System,2024-08-11T14:32:43.365Z,Water Plant,Drain,Drain High Level Switch,0.0
Seasonal_Storage_System,2024-08-11T14:33:43.365Z,Water Plant,Drain,Drain High Level Switch,0.0
Seasonal_Storage_System,2024-08-11T14:34:43.365Z,Water Plant,Drain,Drain High Level Switch,0.0
Seasonal_Storage_System,2024-08-11T14:35:43.429Z,Water Plant,Drain,Drain High Level Switch,0.0
Seasonal_Storage_System,2024-08-11T14:36:43.434Z,Water Plant,Drain,Drain High Level Switch,0.0
Seasonal_Storage_System,2024-08-11T14:37:43.444Z,Water Plant,Drain,Drain High Level Switch,0.0
Seasonal_Storage_System,2024-08-11T14:38:43.437Z,Water Plant,Drain,Drain High Level Switch,0.0
Seasonal_Storage_System,2024-08-11T14:39:43.437Z,Water Plant,Drain,Drain High Level Switch,0.0
Seasonal_Storage_System,2024-08-11T14:40:43.432Z,Water Plant,Drain,Drain High Level Switch,0.0
Seasonal_Storage_System,2024-08-11T14:41:43.438Z,Water Plant,Drain,Drain High Level Switch,0.0
Seasonal_Storage_System,2024-08-11T14:42:43.433Z,Water Plant,Drain,Drain High Level Switch,0.0
Seasonal_Storage_System,2024-08-11T14:43:43.433Z,Water Plant,Drain,Drain High Level Switch,0.0
Seasonal_Storage_System,2024-08-11T14:44:43.434Z,Water Plant,Drain,Drain High Level Switch,0.0
Seasonal_Storage_System,2024-08-11T14:45:43.438Z,Water Plant,Drain,Drain High Level Switch,0.0
Seasonal_Storage_System,2024-08-11T14:46:43.435Z,Water Plant,Drain,Drain High Level Switch,0.0
Seasonal_Storage_System,2024-08-11T14:47:43.49Z,Water Plant,Drain,Drain High Level Switch,0.0
Seasonal_Storage_System,2024-08-11T14:48:43.537Z,Water Plant,Drain,Drain High Level Switch,0.0
Seasonal_Storage_System,2024-08-11T14:49:43.536Z,Water Plant,Drain,Drain High Level Switch,0.0
Seasonal_Storage_System,2024-08-11T14:50:43.538Z,Water Plant,Drain,Drain High Level Switch,0.0
Seasonal_Storage_System,2024-08-11T14:51:43.542Z,Water Plant,Drain,Drain High Level Switch,0.0
Seasonal_Storage_System,2024-08-11T14:52:43.535Z,Water Plant,Drain,Drain High Level Switch,0.0
Seasonal_Storage_System,2024-08-11T14:53:43.547Z,Water Plant,Drain,Drain High Level Switch,0.0
Seasonal_Storage_System,2024-08-11T14:54:43.545Z,Water Plant,Drain,Drain High Level Switch,0.0
Seasonal_Storage_System,2024-08-11T14:55:43.619Z,Water Plant,Drain,Drain High Level Switch,0.0
Seasonal_Storage_System,2024-08-11T14:56:43.549Z,Water Plant,Drain,Drain High Level Switch,0.0
Seasonal_Storage_System,2024-08-11T14:57:43.472Z,Water Plant,Drain,Drain High Level Switch,0.0
Seasonal_Storage_System,2024-08-11T14:58:43.552Z,Water Plant,Drain,Drain High Level Switch,0.0
Seasonal_Storage_System,2024-08-11T14:59:43.551Z,Water Plant,Drain,Drain High Level Switch,0.0
Seasonal_Storage_System,2024-08-11T15:00:43.547Z,Water Plant,Drain,Drain High Level Switch,0.0
Seasonal_Storage_System,2024-08-11T15:01:43.556Z,Water Plant,Drain,Drain High Level Switch,0.0
Seasonal_Storage_System,2024-08-11T15:02:43.574Z,Water Plant,Drain,Drain High Level Switch,0.0
Seasonal_Storage_System,2024-08-11T15:03:43.635Z,Water Plant,Drain,Drain High Level Switch,0.0
Seasonal_Storage_System,2024-08-11T15:04:43.64Z,Water Plant,Drain,Drain High Level Switch,0.0
Seasonal_Storage_System,2024-08-11T15:05:43.566Z,Water Plant,Drain,Drain High Level Switch,0.0
Seasonal_Storage_System,2024-08-11T15:06:43.498Z,Water Plant,Drain,Drain High Level Switch,0.0
Seasonal_Storage_System,2024-08-11T15:07:43.577Z,Water Plant,Drain,Drain High Level Switch,0.0
Seasonal_Storage_System,2024-08-11T15:08:43.585Z,Water Plant,Drain,Drain High Level Switch,0.0
Seasonal_Storage_System,2024-08-11T15:09:43.631Z,Water Plant,Drain,Drain High Level Switch,0.0
Seasonal_Storage_System,2024-08-11T15:10:43.579Z,Water Plant,Drain,Drain High Level Switch,0.0
Seasonal_Storage_System,2024-08-11T15:11:43.568Z,Water Plant,Drain,Drain High Level Switch,0.0
Seasonal_Storage_System,2024-08-11T15:12:43.567Z,Water Plant,Drain,Drain High Level Switch,0.0
Seasonal_Storage_System,2024-08-11T15:13:43.57Z,Water Plant,Drain,Drain High Level Switch,0.0
Seasonal_Storage_System,2024-08-11T15:14:43.573Z,Water Plant,Drain,Drain High Level Switch,0.0
Seasonal_Storage_System,2024-08-11T15:15:43.568Z,Water Plant,Drain,Drain High Level Switch,0.0
Seasonal_Storage_System,2024-08-11T15:16:43.576Z,Water Plant,Drain,Drain High Level Switch,0.0
Seasonal_Storage_System,2024-08-11T15:17:43.505Z,Water Plant,Drain,Drain High Level Switch,0.0
Seasonal_Storage_System,2024-08-11T15:18:43.669Z,Water Plant,Drain,Drain High Level Switch,0.0
Seasonal_Storage_System,2024-08-11T15:19:43.589Z,Water Plant,Drain,Drain High Level Switch,0.0
Seasonal_Storage_System,2024-08-11T15:20:43.6Z,Water Plant,Drain,Drain High Level Switch,0.0
Seasonal_Storage_System,2024-08-11T15:21:43.598Z,Water Plant,Drain,Drain High Level Switch,0.0
Seasonal_Storage_System,2024-08-11T15:22:43.586Z,Water Plant,Drain,Drain High Level Switch,0.0
Seasonal_Storage_System,2024-08-11T15:23:43.585Z,Water Plant,Drain,Drain High Level Switch,0.0
Seasonal_Storage_System,2024-08-11T15:24:43.658Z,Water Plant,Drain,Drain High Level Switch,0.0
Seasonal_Storage_System,2024-08-11T15:25:43.586Z,Water Plant,Drain,Drain High Level Switch,0.0
Seasonal_Storage_System,2024-08-11T15:26:43.585Z,Water Plant,Drain,Drain High Level Switch,0.0
Seasonal_Storage_System,2024-08-11T15:27:43.591Z,Water Plant,Drain,Drain High Level Switch,0.0
Seasonal_Storage_System,2024-08-11T15:28:43.59Z,Water Plant,Drain,Drain High Level Switch,0.0
Seasonal_Storage_System,2024-08-11T15:29:43.593Z,Water Plant,Drain,Drain High Level Switch,0.0
Seasonal_Storage_System,2024-08-11T15:30:43.523Z,Water Plant,Drain,Drain High Level Switch,0.0
Seasonal_Storage_System,2024-08-11T15:31:43.525Z,Water Plant,Drain,Drain High Level Switch,0.0
Seasonal_Storage_System,2024-08-11T15:32:43.613Z,Water Plant,Drain,Drain High Level Switch,0.0
Seasonal_Storage_System,2024-08-11T15:33:43.605Z,Water Plant,Drain,Drain High Level Switch,0.0
Seasonal_Storage_System,2024-08-11T15:34:43.67Z,Water Plant,Drain,Drain High Level Switch,0.0
Seasonal_Storage_System,2024-08-11T15:35:43.598Z,Water Plant,Drain,Drain High Level Switch,0.0
Seasonal_Storage_System,2024-08-11T15:36:43.596Z,Water Plant,Drain,Drain High Level Switch,0.0
Seasonal_Storage_System,2024-08-11T15:37:43.61Z,Water Plant,Drain,Drain High Level Switch,0.0
Seasonal_Storage_System,2024-08-11T15:38:43.601Z,Water Plant,Drain,Drain High Level Switch,0.0
Seasonal_Storage_System,2024-08-11T15:39:43.6Z,Water Plant,Drain,Drain High Level Switch,0.0
Seasonal_Storage_System,2024-08-11T15:40:43.605Z,Water Plant,Drain,Drain High Level Switch,0.0
Seasonal_Storage_System,2024-08-11T15:41:43.607Z,Water Plant,Drain,Drain High Level Switch,0.0
Seasonal_Storage_System,2024-08-11T15:42:43.602Z,Water Plant,Drain,Drain High Level Switch,0.0
Seasonal_Storage_System,2024-08-11T15:43:43.602Z,Water Plant,Drain,Drain High Level Switch,0.0
Seasonal_Storage_System,2024-08-11T15:44:43.605Z,Water Plant,Drain,Drain High Level Switch,0.0
Seasonal_Storage_System,2024-08-11T15:45:43.603Z,Water Plant,Drain,Drain High Level Switch,0.0
Seasonal_Storage_System,2024-08-11T15:46:43.6Z,Water Plant,Drain,Drain High Level Switch,0.0
Seasonal_Storage_System,2024-08-11T15:47:43.604Z,Water Plant,Drain,Drain High Level Switch,0.0
Seasonal_Storage_System,2024-08-11T15:48:43.664Z,Water Plant,Drain,Drain High Level Switch,0.0
Seasonal_Storage_System,2024-08-11T15:49:43.705Z,Water Plant,Drain,Drain High Level Switch,0.0
Seasonal_Storage_System,2024-08-11T15:50:43.635Z,Water Plant,Drain,Drain High Level Switch,0.0
Seasonal_Storage_System,2024-08-11T15:51:43.713Z,Water Plant,Drain,Drain High Level Switch,0.0
Seasonal_Storage_System,2024-08-11T15:52:43.7Z,Water Plant,Drain,Drain High Level Switch,0.0
Seasonal_Storage_System,2024-08-11T15:53:43.704Z,Water Plant,Drain,Drain High Level Switch,0.0
Seasonal_Storage_System,2024-08-11T15:54:43.705Z,Water Plant,Drain,Drain High Level Switch,0.0
Seasonal_Storage_System,2024-08-11T15:55:43.635Z,Water Plant,Drain,Drain High Level Switch,0.0
Seasonal_Storage_System,2024-08-11T15:56:43.705Z,Water Plant,Drain,Drain High Level Switch,0.0
Seasonal_Storage_System,2024-08-11T15:57:43.639Z,Water Plant,Drain,Drain High Level Switch,0.0
Seasonal_Storage_System,2024-08-11T15:58:43.638Z,Water Plant,Drain,Drain High Level Switch,0.0
Seasonal_Storage_System,2024-08-11T15:59:43.639Z,Water Plant,Drain,Drain High Level Switch,0.0
Seasonal_Storage_System,2024-08-11T16:00:43.638Z,Water Plant,Drain,Drain High Level Switch,0.0
Seasonal_Storage_System,2024-08-11T16:01:43.639Z,Water Plant,Drain,Drain High Level Switch,0.0
Seasonal_Storage_System,2024-08-11T16:02:43.638Z,Water Plant,Drain,Drain High Level Switch,0.0
Seasonal_Storage_System,2024-08-11T16:03:43.639Z,Water Plant,Drain,Drain High Level Switch,0.0
Seasonal_Storage_System,2024-08-11T16:04:43.638Z,Water Plant,Drain,Drain High Level Switch,0.0
Seasonal_Storage_System,2024-08-11T16:05:43.64Z,Water Plant,Drain,Drain High Level Switch,0.0
Seasonal_Storage_System,2024-08-11T16:06:43.641Z,Water Plant,Drain,Drain High Level Switch,0.0
Seasonal_Storage_System,2024-08-11T16:07:43.645Z,Water Plant,Drain,Drain High Level Switch,0.0
Seasonal_Storage_System,2024-08-11T16:08:43.803Z,Water Plant,Drain,Drain High Level Switch,0.0
Seasonal_Storage_System,2024-08-11T16:09:43.825Z,Water Plant,Drain,Drain High Level Switch,0.0
Seasonal_Storage_System,2024-08-11T16:10:43.86Z,Water Plant,Drain,Drain High Level Switch,0.0
Seasonal_Storage_System,2024-08-11T16:11:43.909Z,Water Plant,Drain,Drain High Level Switch,0.0
Seasonal_Storage_System,2024-08-11T16:12:43.966Z,Water Plant,Drain,Drain High Level Switch,0.0
Seasonal_Storage_System,2024-08-11T16:13:44.02Z,Water Plant,Drain,Drain High Level Switch,0.0
Seasonal_Storage_System,2024-08-11T16:14:44.057Z,Water Plant,Drain,Drain High Level Switch,0.0
Seasonal_Storage_System,2024-08-11T16:15:44.113Z,Water Plant,Drain,Drain High Level Switch,0.0
Seasonal_Storage_System,2024-08-11T16:16:44.17Z,Water Plant,Drain,Drain High Level Switch,0.0
Seasonal_Storage_System,2024-08-11T16:17:44.202Z,Water Plant,Drain,Drain High Level Switch,0.0
Seasonal_Storage_System,2024-08-11T16:18:44.203Z,Water Plant,Drain,Drain High Level Switch,0.0
Seasonal_Storage_System,2024-08-11T16:19:44.196Z,Water Plant,Drain,Drain High Level Switch,0.0
Seasonal_Storage_System,2024-08-11T16:20:44.206Z,Water Plant,Drain,Drain High Level Switch,0.0
Seasonal_Storage_System,2024-08-11T16:21:44.203Z,Water Plant,Drain,Drain High Level Switch,0.0
Seasonal_Storage_System,2024-08-11T16:22:44.206Z,Water Plant,Drain,Drain High Level Switch,0.0
Seasonal_Storage_System,2024-08-11T16:23:44.214Z,Water Plant,Drain,Drain High Level Switch,0.0
Seasonal_Storage_System,2024-08-11T16:24:44.136Z,Water Plant,Drain,Drain High Level Switch,0.0
Seasonal_Storage_System,2024-08-11T16:25:44.135Z,Water Plant,Drain,Drain High Level Switch,0.0
Seasonal_Storage_System,2024-08-11T16:26:44.135Z,Water Plant,Drain,Drain High Level Switch,0.0
Seasonal_Storage_System,2024-08-11T16:27:44.217Z,Water Plant,Drain,Drain High Level Switch,0.0
Seasonal_Storage_System,2024-08-11T16:28:44.244Z,Water Plant,Drain,Drain High Level Switch,0.0
Seasonal_Storage_System,2024-08-11T16:29:44.238Z,Water Plant,Drain,Drain High Level Switch,0.0
Seasonal_Storage_System,2024-08-11T16:30:44.238Z,Water Plant,Drain,Drain High Level Switch,0.0
Seasonal_Storage_System,2024-08-11T16:31:44.243Z,Water Plant,Drain,Drain High Level Switch,0.0
Seasonal_Storage_System,2024-08-11T16:32:44.262Z,Water Plant,Drain,Drain High Level Switch,0.0
Seasonal_Storage_System,2024-08-11T16:33:44.18Z,Water Plant,Drain,Drain High Level Switch,0.0
Seasonal_Storage_System,2024-08-11T16:34:44.179Z,Water Plant,Drain,Drain High Level Switch,0.0
Seasonal_Storage_System,2024-08-11T16:35:44.183Z,Water Plant,Drain,Drain High Level Switch,0.0
Seasonal_Storage_System,2024-08-11T16:36:44.258Z,Water Plant,Drain,Drain High Level Switch,0.0
Seasonal_Storage_System,2024-08-11T16:37:44.189Z,Water Plant,Drain,Drain High Level Switch,0.0
Seasonal_Storage_System,2024-08-11T16:38:44.259Z,Water Plant,Drain,Drain High Level Switch,0.0
Seasonal_Storage_System,2024-08-11T16:39:44.316Z,Water Plant,Drain,Drain High Level Switch,0.0
Seasonal_Storage_System,2024-08-11T16:40:44.379Z,Water Plant,Drain,Drain High Level Switch,0.0
Seasonal_Storage_System,2024-08-11T16:41:44.418Z,Water Plant,Drain,Drain High Level Switch,0.0
Seasonal_Storage_System,2024-08-11T16:42:44.5Z,Water Plant,Drain,Drain High Level Switch,0.0
Seasonal_Storage_System,2024-08-11T16:43:44.403Z,Water Plant,Drain,Drain High Level Switch,0.0
Seasonal_Storage_System,2024-08-11T16:44:44.403Z,Water Plant,Drain,Drain High Level Switch,0.0
Seasonal_Storage_System,2024-08-11T16:45:44.477Z,Water Plant,Drain,Drain High Level Switch,0.0
Seasonal_Storage_System,2024-08-11T16:46:44.485Z,Water Plant,Drain,Drain High Level Switch,0.0
Seasonal_Storage_System,2024-08-11T16:47:44.491Z,Water Plant,Drain,Drain High Level Switch,0.0
Seasonal_Storage_System,2024-08-11T16:48:44.667Z,Water Plant,Drain,Drain High Level Switch,0.0
Seasonal_Storage_System,2024-08-11T16:49:44.526Z,Water Plant,Drain,Drain High Level Switch,0.0
Seasonal_Storage_System,2024-08-11T16:50:44.525Z,Water Plant,Drain,Drain High Level Switch,0.0
Seasonal_Storage_System,2024-08-11T16:51:44.525Z,Water Plant,Drain,Drain High Level Switch,0.0
Seasonal_Storage_System,2024-08-11T16:52:44.526Z,Water Plant,Drain,Drain High Level Switch,0.0
Seasonal_Storage_System,2024-08-11T16:53:44.535Z,Water Plant,Drain,Drain High Level Switch,0.0
Seasonal_Storage_System,2024-08-11T16:54:44.62Z,Water Plant,Drain,Drain High Level Switch,0.0
Seasonal_Storage_System,2024-08-11T16:55:44.6Z,Water Plant,Drain,Drain High Level Switch,0.0
Seasonal_Storage_System,2024-08-11T16:56:44.604Z,Water Plant,Drain,Drain High Level Switch,0.0
Seasonal_Storage_System,2024-08-11T16:57:44.608Z,Water Plant,Drain,Drain High Level Switch,0.0
Seasonal_Storage_System,2024-08-11T16:58:44.617Z,Water Plant,Drain,Drain High Level Switch,0.0
Seasonal_Storage_System,2024-08-11T16:59:44.541Z,Water Plant,Drain,Drain High Level Switch,0.0
Seasonal_Storage_System,2024-08-11T17:00:44.729Z,Water Plant,Drain,Drain High Level Switch,0.0
Seasonal_Storage_System,2024-08-11T17:01:44.673Z,Water Plant,Drain,Drain High Level Switch,0.0
Seasonal_Storage_System,2024-08-11T17:02:44.703Z,Water Plant,Drain,Drain High Level Switch,0.0
Seasonal_Storage_System,2024-08-11T17:03:44.675Z,Water Plant,Drain,Drain High Level Switch,0.0
Seasonal_Storage_System,2024-08-11T17:04:44.674Z,Water Plant,Drain,Drain High Level Switch,0.0
Seasonal_Storage_System,2024-08-11T17:05:44.678Z,Water Plant,Drain,Drain High Level Switch,0.0
Seasonal_Storage_System,2024-08-11T17:06:44.611Z,Water Plant,Drain,Drain High Level Switch,0.0
Seasonal_Storage_System,2024-08-11T17:07:44.679Z,Water Plant,Drain,Drain High Level Switch,0.0
Seasonal_Storage_System,2024-08-11T17:08:44.674Z,Water Plant,Drain,Drain High Level Switch,0.0
Seasonal_Storage_System,2024-08-11T17:09:44.612Z,Water Plant,Drain,Drain High Level Switch,0.0
Seasonal_Storage_System,2024-08-11T17:10:44.612Z,Water Plant,Drain,Drain High Level Switch,0.0
Seasonal_Storage_System,2024-08-11T17:11:44.611Z,Water Plant,Drain,Drain High Level Switch,0.0
Seasonal_Storage_System,2024-08-11T17:12:44.611Z,Water Plant,Drain,Drain High Level Switch,0.0
Seasonal_Storage_System,2024-08-11T17:13:44.612Z,Water Plant,Drain,Drain High Level Switch,0.0
Seasonal_Storage_System,2024-08-11T17:14:44.612Z,Water Plant,Drain,Drain High Level Switch,0.0
Seasonal_Storage_System,2024-08-11T17:15:44.734Z,Water Plant,Drain,Drain High Level Switch,0.0
Seasonal_Storage_System,2024-08-11T17:16:44.803Z,Water Plant,Drain,Drain High Level Switch,0.0
Seasonal_Storage_System,2024-08-11T17:17:44.833Z,Water Plant,Drain,Drain High Level Switch,0.0
Seasonal_Storage_System,2024-08-11T17:18:44.762Z,Water Plant,Drain,Drain High Level Switch,0.0
Seasonal_Storage_System,2024-08-11T17:19:44.839Z,Water Plant,Drain,Drain High Level Switch,0.0
Seasonal_Storage_System,2024-08-11T17:20:44.834Z,Water Plant,Drain,Drain High Level Switch,0.0
Seasonal_Storage_System,2024-08-11T17:21:44.846Z,Water Plant,Drain,Drain High Level Switch,0.0
Seasonal_Storage_System,2024-08-11T17:22:44.834Z,Water Plant,Drain,Drain High Level Switch,0.0
Seasonal_Storage_System,2024-08-11T17:23:44.837Z,Water Plant,Drain,Drain High Level Switch,0.0
Seasonal_Storage_System,2024-08-11T17:24:44.768Z,Water Plant,Drain,Drain High Level Switch,0.0
Seasonal_Storage_System,2024-08-11T17:25:44.768Z,Water Plant,Drain,Drain High Level Switch,0.0
Seasonal_Storage_System,2024-08-11T17:26:44.767Z,Water Plant,Drain,Drain High Level Switch,0.0
Seasonal_Storage_System,2024-08-11T17:27:44.767Z,Water Plant,Drain,Drain High Level Switch,0.0
Seasonal_Storage_System,2024-08-11T17:28:44.854Z,Water Plant,Drain,Drain High Level Switch,0.0
Seasonal_Storage_System,2024-08-11T17:29:44.775Z,Water Plant,Drain,Drain High Level Switch,0.0
Seasonal_Storage_System,2024-08-11T17:30:44.775Z,Water Plant,Drain,Drain High Level Switch,0.0
Seasonal_Storage_System,2024-08-11T17:31:44.775Z,Water Plant,Drain,Drain High Level Switch,0.0
Seasonal_Storage_System,2024-08-11T17:32:44.776Z,Water Plant,Drain,Drain High Level Switch,0.0
Seasonal_Storage_System,2024-08-11T17:33:44.777Z,Water Plant,Drain,Drain High Level Switch,0.0
Seasonal_Storage_System,2024-08-11T17:34:44.776Z,Water Plant,Drain,Drain High Level Switch,0.0
Seasonal_Storage_System,2024-08-11T17:35:44.777Z,Water Plant,Drain,Drain High Level Switch,0.0
Seasonal_Storage_System,2024-08-11T17:36:44.777Z,Water Plant,Drain,Drain High Level Switch,0.0
Seasonal_Storage_System,2024-08-11T17:37:44.778Z,Water Plant,Drain,Drain High Level Switch,0.0
Seasonal_Storage_System,2024-08-11T17:38:44.777Z,Water Plant,Drain,Drain High Level Switch,0.0
Seasonal_Storage_System,2024-08-11T17:39:44.872Z,Water Plant,Drain,Drain High Level Switch,0.0
Seasonal_Storage_System,2024-08-11T17:40:44.877Z,Water Plant,Drain,Drain High Level Switch,0.0
Seasonal_Storage_System,2024-08-11T17:41:44.809Z,Water Plant,Drain,Drain High Level Switch,0.0
Seasonal_Storage_System,2024-08-11T17:42:44.813Z,Water Plant,Drain,Drain High Level Switch,0.0
Seasonal_Storage_System,2024-08-11T17:43:44.809Z,Water Plant,Drain,Drain High Level Switch,0.0
Seasonal_Storage_System,2024-08-11T17:44:44.808Z,Water Plant,Drain,Drain High Level Switch,0.0
Seasonal_Storage_System,2024-08-11T17:45:44.822Z,Water Plant,Drain,Drain High Level Switch,0.0
Seasonal_Storage_System,2024-08-11T17:46:44.811Z,Water Plant,Drain,Drain High Level Switch,0.0
Seasonal_Storage_System,2024-08-11T17:47:44.811Z,Water Plant,Drain,Drain High Level Switch,0.0
Seasonal_Storage_System,2024-08-11T17:48:44.93Z,Water Plant,Drain,Drain High Level Switch,0.0
Seasonal_Storage_System,2024-08-11T17:49:44.988Z,Water Plant,Drain,Drain High Level Switch,0.0
Seasonal_Storage_System,2024-08-11T17:50:44.989Z,Water Plant,Drain,Drain High Level Switch,0.0
Seasonal_Storage_System,2024-08-11T17:51:44.992Z,Water Plant,Drain,Drain High Level Switch,0.0
Seasonal_Storage_System,2024-08-11T17:52:44.993Z,Water Plant,Drain,Drain High Level Switch,0.0
Seasonal_Storage_System,2024-08-11T17:53:44.991Z,Water Plant,Drain,Drain High Level Switch,0.0
Seasonal_Storage_System,2024-08-11T17:54:44.993Z,Water Plant,Drain,Drain High Level Switch,0.0
Seasonal_Storage_System,2024-08-11T17:55:44.994Z,Water Plant,Drain,Drain High Level Switch,0.0
Seasonal_Storage_System,2024-08-11T17:56:44.923Z,Water Plant,Drain,Drain High Level Switch,0.0
Seasonal_Storage_System,2024-08-11T17:57:44.924Z,Water Plant,Drain,Drain High Level Switch,0.0
Seasonal_Storage_System,2024-08-11T17:58:44.924Z,Water Plant,Drain,Drain High Level Switch,0.0
Seasonal_Storage_System,2024-08-11T17:59:44.923Z,Water Plant,Drain,Drain High Level Switch,0.0
Seasonal_Storage_System,2024-08-11T18:00:44.924Z,Water Plant,Drain,Drain High Level Switch,0.0
Seasonal_Storage_System,2024-08-11T18:01:45.037Z,Water Plant,Drain,Drain High Level Switch,0.0
Seasonal_Storage_System,2024-08-11T18:02:45.008Z,Water Plant,Drain,Drain High Level Switch,0.0
Seasonal_Storage_System,2024-08-11T18:03:44.998Z,Water Plant,Drain,Drain High Level Switch,0.0
Seasonal_Storage_System,2024-08-11T18:04:45.017Z,Water Plant,Drain,Drain High Level Switch,0.0
Seasonal_Storage_System,2024-08-11T18:05:45.046Z,Water Plant,Drain,Drain High Level Switch,0.0
Seasonal_Storage_System,2024-08-11T18:06:45.049Z,Water Plant,Drain,Drain High Level Switch,0.0
Seasonal_Storage_System,2024-08-11T18:07:45.074Z,Water Plant,Drain,Drain High Level Switch,0.0
Seasonal_Storage_System,2024-08-11T18:08:45.14Z,Water Plant,Drain,Drain High Level Switch,0.0
Seasonal_Storage_System,2024-08-11T18:09:45.074Z,Water Plant,Drain,Drain High Level Switch,0.0
Seasonal_Storage_System,2024-08-11T18:10:45.072Z,Water Plant,Drain,Drain High Level Switch,0.0
Seasonal_Storage_System,2024-08-11T18:11:45.073Z,Water Plant,Drain,Drain High Level Switch,0.0
Seasonal_Storage_System,2024-08-11T18:12:45.07Z,Water Plant,Drain,Drain High Level Switch,0.0
Seasonal_Storage_System,2024-08-11T18:13:45.091Z,Water Plant,Drain,Drain High Level Switch,0.0
Seasonal_Storage_System,2024-08-11T18:14:45.097Z,Water Plant,Drain,Drain High Level Switch,0.0
Seasonal_Storage_System,2024-08-11T18:15:45.152Z,Water Plant,Drain,Drain High Level Switch,0.0
Seasonal_Storage_System,2024-08-11T18:16:45.247Z,Water Plant,Drain,Drain High Level Switch,0.0
Seasonal_Storage_System,2024-08-11T18:17:45.167Z,Water Plant,Drain,Drain High Level Switch,0.0
Seasonal_Storage_System,2024-08-11T18:18:45.169Z,Water Plant,Drain,Drain High Level Switch,0.0
Seasonal_Storage_System,2024-08-11T18:19:45.176Z,Water Plant,Drain,Drain High Level Switch,0.0
Seasonal_Storage_System,2024-08-11T18:20:45.176Z,Water Plant,Drain,Drain High Level Switch,0.0
Seasonal_Storage_System,2024-08-11T18:21:45.161Z,Water Plant,Drain,Drain High Level Switch,0.0
Seasonal_Storage_System,2024-08-11T18:22:45.167Z,Water Plant,Drain,Drain High Level Switch,0.0
Seasonal_Storage_System,2024-08-11T18:23:45.166Z,Water Plant,Drain,Drain High Level Switch,0.0
Seasonal_Storage_System,2024-08-11T18:24:45.18Z,Water Plant,Drain,Drain High Level Switch,0.0
Seasonal_Storage_System,2024-08-11T18:25:45.212Z,Water Plant,Drain,Drain High Level Switch,0.0
Seasonal_Storage_System,2024-08-11T18:26:45.274Z,Water Plant,Drain,Drain High Level Switch,0.0
Seasonal_Storage_System,2024-08-11T18:27:45.263Z,Water Plant,Drain,Drain High Level Switch,0.0
Seasonal_Storage_System,2024-08-11T18:28:45.267Z,Water Plant,Drain,Drain High Level Switch,0.0
Seasonal_Storage_System,2024-08-11T18:29:45.278Z,Water Plant,Drain,Drain High Level Switch,0.0
Seasonal_Storage_System,2024-08-11T18:30:45.275Z,Water Plant,Drain,Drain High Level Switch,0.0
Seasonal_Storage_System,2024-08-11T18:31:45.274Z,Water Plant,Drain,Drain High Level Switch,0.0
Seasonal_Storage_System,2024-08-11T18:32:45.271Z,Water Plant,Drain,Drain High Level Switch,0.0
Seasonal_Storage_System,2024-08-11T18:33:45.334Z,Water Plant,Drain,Drain High Level Switch,0.0
Seasonal_Storage_System,2024-08-11T18:34:45.385Z,Water Plant,Drain,Drain High Level Switch,0.0
Seasonal_Storage_System,2024-08-11T18:35:45.421Z,Water Plant,Drain,Drain High Level Switch,0.0
Seasonal_Storage_System,2024-08-11T18:36:45.48Z,Water Plant,Drain,Drain High Level Switch,0.0
Seasonal_Storage_System,2024-08-11T18:37:45.476Z,Water Plant,Drain,Drain High Level Switch,0.0
Seasonal_Storage_System,2024-08-11T18:38:45.473Z,Water Plant,Drain,Drain High Level Switch,0.0
Seasonal_Storage_System,2024-08-11T18:39:45.48Z,Water Plant,Drain,Drain High Level Switch,0.0
Seasonal_Storage_System,2024-08-11T18:40:45.41Z,Water Plant,Drain,Drain High Level Switch,0.0
Seasonal_Storage_System,2024-08-11T18:41:45.405Z,Water Plant,Drain,Drain High Level Switch,0.0
Seasonal_Storage_System,2024-08-11T18:42:45.405Z,Water Plant,Drain,Drain High Level Switch,0.0
Seasonal_Storage_System,2024-08-11T18:43:45.406Z,Water Plant,Drain,Drain High Level Switch,0.0
Seasonal_Storage_System,2024-08-11T18:44:45.409Z,Water Plant,Drain,Drain High Level Switch,0.0
Seasonal_Storage_System,2024-08-11T18:45:45.407Z,Water Plant,Drain,Drain High Level Switch,0.0
Seasonal_Storage_System,2024-08-11T18:46:45.499Z,Water Plant,Drain,Drain High Level Switch,0.0
Seasonal_Storage_System,2024-08-11T18:47:45.507Z,Water Plant,Drain,Drain High Level Switch,0.0
Seasonal_Storage_System,2024-08-11T18:48:45.498Z,Water Plant,Drain,Drain High Level Switch,0.0
Seasonal_Storage_System,2024-08-11T18:49:45.502Z,Water Plant,Drain,Drain High Level Switch,0.0
Seasonal_Storage_System,2024-08-11T18:50:45.498Z,Water Plant,Drain,Drain High Level Switch,0.0
Seasonal_Storage_System,2024-08-11T18:51:45.501Z,Water Plant,Drain,Drain High Level Switch,0.0
Seasonal_Storage_System,2024-08-11T18:52:45.501Z,Water Plant,Drain,Drain High Level Switch,0.0
Seasonal_Storage_System,2024-08-11T18:53:45.628Z,Water Plant,Drain,Drain High Level Switch,0.0
Seasonal_Storage_System,2024-08-11T18:54:45.548Z,Water Plant,Drain,Drain High Level Switch,0.0
Seasonal_Storage_System,2024-08-11T18:55:45.552Z,Water Plant,Drain,Drain High Level Switch,0.0
Seasonal_Storage_System,2024-08-11T18:56:45.546Z,Water Plant,Drain,Drain High Level Switch,0.0
Seasonal_Storage_System,2024-08-11T18:57:45.549Z,Water Plant,Drain,Drain High Level Switch,0.0
Seasonal_Storage_System,2024-08-11T18:58:45.552Z,Water Plant,Drain,Drain High Level Switch,0.0
Seasonal_Storage_System,2024-08-11T18:59:45.555Z,Water Plant,Drain,Drain High Level Switch,0.0
Seasonal_Storage_System,2024-08-11T19:00:45.574Z,Water Plant,Drain,Drain High Level Switch,0.0
Seasonal_Storage_System,2024-08-11T19:01:45.576Z,Water Plant,Drain,Drain High Level Switch,0.0
Seasonal_Storage_System,2024-08-11T19:02:45.492Z,Water Plant,Drain,Drain High Level Switch,0.0
Seasonal_Storage_System,2024-08-11T19:03:45.557Z,Water Plant,Drain,Drain High Level Switch,0.0
Seasonal_Storage_System,2024-08-11T19:04:45.582Z,Water Plant,Drain,Drain High Level Switch,0.0
Seasonal_Storage_System,2024-08-11T19:05:45.608Z,Water Plant,Drain,Drain High Level Switch,0.0
Seasonal_Storage_System,2024-08-11T19:06:45.644Z,Water Plant,Drain,Drain High Level Switch,0.0
Seasonal_Storage_System,2024-08-11T19:07:45.656Z,Water Plant,Drain,Drain High Level Switch,0.0
Seasonal_Storage_System,2024-08-11T19:08:45.689Z,Water Plant,Drain,Drain High Level Switch,0.0
Seasonal_Storage_System,2024-08-11T19:09:45.709Z,Water Plant,Drain,Drain High Level Switch,0.0
Seasonal_Storage_System,2024-08-11T19:10:45.722Z,Water Plant,Drain,Drain High Level Switch,0.0
Seasonal_Storage_System,2024-08-11T19:11:45.732Z,Water Plant,Drain,Drain High Level Switch,0.0
Seasonal_Storage_System,2024-08-11T19:12:45.751Z,Water Plant,Drain,Drain High Level Switch,0.0
Seasonal_Storage_System,2024-08-11T19:13:45.768Z,Water Plant,Drain,Drain High Level Switch,0.0
Seasonal_Storage_System,2024-08-11T19:14:45.81Z,Water Plant,Drain,Drain High Level Switch,0.0
Seasonal_Storage_System,2024-08-11T19:15:45.844Z,Water Plant,Drain,Drain High Level Switch,0.0
Seasonal_Storage_System,2024-08-11T19:16:45.853Z,Water Plant,Drain,Drain High Level Switch,0.0
Seasonal_Storage_System,2024-08-11T19:17:45.856Z,Water Plant,Drain,Drain High Level Switch,0.0
Seasonal_Storage_System,2024-08-11T19:18:45.784Z,Water Plant,Drain,Drain High Level Switch,0.0
Seasonal_Storage_System,2024-08-11T19:19:45.852Z,Water Plant,Drain,Drain High Level Switch,0.0
Seasonal_Storage_System,2024-08-11T19:20:45.848Z,Water Plant,Drain,Drain High Level Switch,0.0
Seasonal_Storage_System,2024-08-11T19:21:45.872Z,Water Plant,Drain,Drain High Level Switch,0.0
Seasonal_Storage_System,2024-08-11T19:22:45.854Z,Water Plant,Drain,Drain High Level Switch,0.0
Seasonal_Storage_System,2024-08-11T19:23:45.859Z,Water Plant,Drain,Drain High Level Switch,0.0
Seasonal_Storage_System,2024-08-11T19:24:45.902Z,Water Plant,Drain,Drain High Level Switch,0.0
Seasonal_Storage_System,2024-08-11T19:25:45.917Z,Water Plant,Drain,Drain High Level Switch,0.0
Seasonal_Storage_System,2024-08-11T19:26:45.975Z,Water Plant,Drain,Drain High Level Switch,0.0
Seasonal_Storage_System,2024-08-11T19:27:45.972Z,Water Plant,Drain,Drain High Level Switch,0.0
Seasonal_Storage_System,2024-08-11T19:28:45.966Z,Water Plant,Drain,Drain High Level Switch,0.0
Seasonal_Storage_System,2024-08-11T19:29:45.969Z,Water Plant,Drain,Drain High Level Switch,0.0
Seasonal_Storage_System,2024-08-11T19:30:45.96Z,Water Plant,Drain,Drain High Level Switch,0.0
Seasonal_Storage_System,2024-08-11T19:31:45.965Z,Water Plant,Drain,Drain High Level Switch,0.0
Seasonal_Storage_System,2024-08-11T19:32:45.96Z,Water Plant,Drain,Drain High Level Switch,0.0
Seasonal_Storage_System,2024-08-11T19:33:45.955Z,Water Plant,Drain,Drain High Level Switch,0.0
Seasonal_Storage_System,2024-08-11T19:34:45.892Z,Water Plant,Drain,Drain High Level Switch,0.0
Seasonal_Storage_System,2024-08-11T19:35:45.892Z,Water Plant,Drain,Drain High Level Switch,0.0
Seasonal_Storage_System,2024-08-11T19:36:45.964Z,Water Plant,Drain,Drain High Level Switch,0.0
Seasonal_Storage_System,2024-08-11T19:37:46Z,Water Plant,Drain,Drain High Level Switch,0.0
Seasonal_Storage_System,2024-08-11T19:38:46.031Z,Water Plant,Drain,Drain High Level Switch,0.0
Seasonal_Storage_System,2024-08-11T19:39:46.061Z,Water Plant,Drain,Drain High Level Switch,0.0
Seasonal_Storage_System,2024-08-11T19:40:46.112Z,Water Plant,Drain,Drain High Level Switch,0.0
Seasonal_Storage_System,2024-08-11T19:41:46.16Z,Water Plant,Drain,Drain High Level Switch,0.0
Seasonal_Storage_System,2024-08-11T19:42:46.228Z,Water Plant,Drain,Drain High Level Switch,0.0
Seasonal_Storage_System,2024-08-11T19:43:46.247Z,Water Plant,Drain,Drain High Level Switch,0.0
Seasonal_Storage_System,2024-08-11T19:44:46.253Z,Water Plant,Drain,Drain High Level Switch,0.0
Seasonal_Storage_System,2024-08-11T19:45:46.257Z,Water Plant,Drain,Drain High Level Switch,0.0
Seasonal_Storage_System,2024-08-11T19:46:46.188Z,Water Plant,Drain,Drain High Level Switch,0.0
Seasonal_Storage_System,2024-08-11T19:47:46.26Z,Water Plant,Drain,Drain High Level Switch,0.0
Seasonal_Storage_System,2024-08-11T19:48:46.263Z,Water Plant,Drain,Drain High Level Switch,0.0
Seasonal_Storage_System,2024-08-11T19:49:46.257Z,Water Plant,Drain,Drain High Level Switch,0.0
Seasonal_Storage_System,2024-08-11T19:50:46.275Z,Water Plant,Drain,Drain High Level Switch,0.0
Seasonal_Storage_System,2024-08-11T19:51:46.266Z,Water Plant,Drain,Drain High Level Switch,0.0
Seasonal_Storage_System,2024-08-11T19:52:46.282Z,Water Plant,Drain,Drain High Level Switch,0.0
Seasonal_Storage_System,2024-08-11T19:53:46.36Z,Water Plant,Drain,Drain High Level Switch,0.0
Seasonal_Storage_System,2024-08-11T19:54:46.337Z,Water Plant,Drain,Drain High Level Switch,0.0
Seasonal_Storage_System,2024-08-11T19:55:46.268Z,Water Plant,Drain,Drain High Level Switch,0.0
Seasonal_Storage_System,2024-08-11T19:56:46.269Z,Water Plant,Drain,Drain High Level Switch,0.0
Seasonal_Storage_System,2024-08-11T19:57:46.268Z,Water Plant,Drain,Drain High Level Switch,0.0
Seasonal_Storage_System,2024-08-11T19:58:46.268Z,Water Plant,Drain,Drain High Level Switch,0.0
Seasonal_Storage_System,2024-08-11T19:59:46.268Z,Water Plant,Drain,Drain High Level Switch,0.0
Seasonal_Storage_System,2024-08-11T20:00:46.268Z,Water Plant,Drain,Drain High Level Switch,0.0
Seasonal_Storage_System,2024-08-11T20:01:46.269Z,Water Plant,Drain,Drain High Level Switch,0.0
Seasonal_Storage_System,2024-08-11T20:02:46.269Z,Water Plant,Drain,Drain High Level Switch,0.0
Seasonal_Storage_System,2024-08-11T20:03:46.27Z,Water Plant,Drain,Drain High Level Switch,0.0
Seasonal_Storage_System,2024-08-11T20:04:46.27Z,Water Plant,Drain,Drain High Level Switch,0.0
Seasonal_Storage_System,2024-08-11T20:05:46.27Z,Water Plant,Drain,Drain High Level Switch,0.0
Seasonal_Storage_System,2024-08-11T20:06:46.27Z,Water Plant,Drain,Drain High Level Switch,0.0
Seasonal_Storage_System,2024-08-11T20:07:46.27Z,Water Plant,Drain,Drain High Level Switch,0.0
Seasonal_Storage_System,2024-08-11T20:08:46.273Z,Water Plant,Drain,Drain High Level Switch,0.0
Seasonal_Storage_System,2024-08-11T20:09:46.354Z,Water Plant,Drain,Drain High Level Switch,0.0
Seasonal_Storage_System,2024-08-11T20:10:46.353Z,Water Plant,Drain,Drain High Level Switch,0.0
Seasonal_Storage_System,2024-08-11T20:11:46.382Z,Water Plant,Drain,Drain High Level Switch,0.0
Seasonal_Storage_System,2024-08-11T20:12:46.406Z,Water Plant,Drain,Drain High Level Switch,0.0
Seasonal_Storage_System,2024-08-11T20:13:46.418Z,Water Plant,Drain,Drain High Level Switch,0.0
Seasonal_Storage_System,2024-08-11T20:14:46.472Z,Water Plant,Drain,Drain High Level Switch,0.0
Seasonal_Storage_System,2024-08-11T20:15:46.553Z,Water Plant,Drain,Drain High Level Switch,0.0
Seasonal_Storage_System,2024-08-11T20:16:46.579Z,Water Plant,Drain,Drain High Level Switch,0.0
Seasonal_Storage_System,2024-08-11T20:17:46.569Z,Water Plant,Drain,Drain High Level Switch,0.0
Seasonal_Storage_System,2024-08-11T20:18:46.576Z,Water Plant,Drain,Drain High Level Switch,0.0
Seasonal_Storage_System,2024-08-11T20:19:46.566Z,Water Plant,Drain,Drain High Level Switch,0.0
Seasonal_Storage_System,2024-08-11T20:20:46.559Z,Water Plant,Drain,Drain High Level Switch,0.0
Seasonal_Storage_System,2024-08-11T20:21:46.561Z,Water Plant,Drain,Drain High Level Switch,0.0
Seasonal_Storage_System,2024-08-11T20:22:46.566Z,Water Plant,Drain,Drain High Level Switch,0.0
Seasonal_Storage_System,2024-08-11T20:23:46.561Z,Water Plant,Drain,Drain High Level Switch,0.0
Seasonal_Storage_System,2024-08-11T20:24:46.564Z,Water Plant,Drain,Drain High Level Switch,0.0
Seasonal_Storage_System,2024-08-11T20:25:46.567Z,Water Plant,Drain,Drain High Level Switch,0.0
Seasonal_Storage_System,2024-08-11T20:26:46.565Z,Water Plant,Drain,Drain High Level Switch,0.0
Seasonal_Storage_System,2024-08-11T20:27:46.564Z,Water Plant,Drain,Drain High Level Switch,0.0
Seasonal_Storage_System,2024-08-11T20:28:46.565Z,Water Plant,Drain,Drain High Level Switch,0.0
Seasonal_Storage_System,2024-08-11T20:29:46.563Z,Water Plant,Drain,Drain High Level Switch,0.0
Seasonal_Storage_System,2024-08-11T20:30:46.588Z,Water Plant,Drain,Drain High Level Switch,0.0
Seasonal_Storage_System,2024-08-11T20:31:46.595Z,Water Plant,Drain,Drain High Level Switch,0.0
Seasonal_Storage_System,2024-08-11T20:32:46.634Z,Water Plant,Drain,Drain High Level Switch,0.0
Seasonal_Storage_System,2024-08-11T20:33:46.644Z,Water Plant,Drain,Drain High Level Switch,0.0
Seasonal_Storage_System,2024-08-11T20:34:46.65Z,Water Plant,Drain,Drain High Level Switch,0.0
Seasonal_Storage_System,2024-08-11T20:35:46.568Z,Water Plant,Drain,Drain High Level Switch,0.0
Seasonal_Storage_System,2024-08-11T20:36:46.655Z,Water Plant,Drain,Drain High Level Switch,0.0
Seasonal_Storage_System,2024-08-11T20:37:46.637Z,Water Plant,Drain,Drain High Level Switch,0.0
Seasonal_Storage_System,2024-08-11T20:38:46.643Z,Water Plant,Drain,Drain High Level Switch,0.0
Seasonal_Storage_System,2024-08-11T20:39:46.636Z,Water Plant,Drain,Drain High Level Switch,0.0
Seasonal_Storage_System,2024-08-11T20:40:46.637Z,Water Plant,Drain,Drain High Level Switch,0.0
Seasonal_Storage_System,2024-08-11T20:41:46.642Z,Water Plant,Drain,Drain High Level Switch,0.0
Seasonal_Storage_System,2024-08-11T20:42:46.639Z,Water Plant,Drain,Drain High Level Switch,0.0
Seasonal_Storage_System,2024-08-11T20:43:46.642Z,Water Plant,Drain,Drain High Level Switch,0.0
Seasonal_Storage_System,2024-08-11T20:44:46.642Z,Water Plant,Drain,Drain High Level Switch,0.0
Seasonal_Storage_System,2024-08-11T20:45:46.642Z,Water Plant,Drain,Drain High Level Switch,0.0
Seasonal_Storage_System,2024-08-11T20:46:46.637Z,Water Plant,Drain,Drain High Level Switch,0.0
Seasonal_Storage_System,2024-08-11T20:47:46.643Z,Water Plant,Drain,Drain High Level Switch,0.0
Seasonal_Storage_System,2024-08-11T20:48:46.575Z,Water Plant,Drain,Drain High Level Switch,0.0
Seasonal_Storage_System,2024-08-11T20:49:46.575Z,Water Plant,Drain,Drain High Level Switch,0.0
Seasonal_Storage_System,2024-08-11T20:50:46.585Z,Water Plant,Drain,Drain High Level Switch,0.0
Seasonal_Storage_System,2024-08-11T20:51:46.586Z,Water Plant,Drain,Drain High Level Switch,0.0
Seasonal_Storage_System,2024-08-11T20:52:46.666Z,Water Plant,Drain,Drain High Level Switch,0.0
Seasonal_Storage_System,2024-08-11T20:53:46.714Z,Water Plant,Drain,Drain High Level Switch,0.0
Seasonal_Storage_System,2024-08-11T20:54:46.745Z,Water Plant,Drain,Drain High Level Switch,0.0
Seasonal_Storage_System,2024-08-11T20:55:46.831Z,Water Plant,Drain,Drain High Level Switch,0.0
Seasonal_Storage_System,2024-08-11T20:56:46.833Z,Water Plant,Drain,Drain High Level Switch,0.0
Seasonal_Storage_System,2024-08-11T20:57:46.879Z,Water Plant,Drain,Drain High Level Switch,0.0
Seasonal_Storage_System,2024-08-11T20:58:46.804Z,Water Plant,Drain,Drain High Level Switch,0.0
Seasonal_Storage_System,2024-08-11T20:59:46.74Z,Water Plant,Drain,Drain High Level Switch,0.0
Seasonal_Storage_System,2024-08-11T21:00:46.737Z,Water Plant,Drain,Drain High Level Switch,0.0
Seasonal_Storage_System,2024-08-11T21:01:46.737Z,Water Plant,Drain,Drain High Level Switch,0.0
Seasonal_Storage_System,2024-08-11T21:02:46.737Z,Water Plant,Drain,Drain High Level Switch,0.0
Seasonal_Storage_System,2024-08-11T21:03:46.738Z,Water Plant,Drain,Drain High Level Switch,0.0
Seasonal_Storage_System,2024-08-11T21:04:46.737Z,Water Plant,Drain,Drain High Level Switch,0.0
Seasonal_Storage_System,2024-08-11T21:05:46.737Z,Water Plant,Drain,Drain High Level Switch,0.0
Seasonal_Storage_System,2024-08-11T21:06:46.871Z,Water Plant,Drain,Drain High Level Switch,0.0
Seasonal_Storage_System,2024-08-11T21:07:46.878Z,Water Plant,Drain,Drain High Level Switch,0.0
Seasonal_Storage_System,2024-08-11T21:08:46.905Z,Water Plant,Drain,Drain High Level Switch,0.0
Seasonal_Storage_System,2024-08-11T21:09:46.957Z,Water Plant,Drain,Drain High Level Switch,0.0
Seasonal_Storage_System,2024-08-11T21:10:46.974Z,Water Plant,Drain,Drain High Level Switch,0.0
Seasonal_Storage_System,2024-08-11T21:11:46.963Z,Water Plant,Drain,Drain High Level Switch,0.0
Seasonal_Storage_System,2024-08-11T21:12:47.02Z,Water Plant,Drain,Drain High Level Switch,0.0
Seasonal_Storage_System,2024-08-11T21:13:47.077Z,Water Plant,Drain,Drain High Level Switch,0.0
Seasonal_Storage_System,2024-08-11T21:14:47.12Z,Water Plant,Drain,Drain High Level Switch,0.0
Seasonal_Storage_System,2024-08-11T21:15:47.132Z,Water Plant,Drain,Drain High Level Switch,0.0
Seasonal_Storage_System,2024-08-11T21:16:47.183Z,Water Plant,Drain,Drain High Level Switch,0.0
Seasonal_Storage_System,2024-08-11T21:17:47.219Z,Water Plant,Drain,Drain High Level Switch,0.0
Seasonal_Storage_System,2024-08-11T21:18:47.263Z,Water Plant,Drain,Drain High Level Switch,0.0
Seasonal_Storage_System,2024-08-11T21:19:47.287Z,Water Plant,Drain,Drain High Level Switch,0.0
Seasonal_Storage_System,2024-08-11T21:20:47.345Z,Water Plant,Drain,Drain High Level Switch,0.0
Seasonal_Storage_System,2024-08-11T21:21:47.367Z,Water Plant,Drain,Drain High Level Switch,0.0
Seasonal_Storage_System,2024-08-11T21:22:47.397Z,Water Plant,Drain,Drain High Level Switch,0.0
Seasonal_Storage_System,2024-08-11T21:23:47.422Z,Water Plant,Drain,Drain High Level Switch,0.0
Seasonal_Storage_System,2024-08-11T21:24:47.453Z,Water Plant,Drain,Drain High Level Switch,0.0
Seasonal_Storage_System,2024-08-11T21:25:47.49Z,Water Plant,Drain,Drain High Level Switch,0.0
Seasonal_Storage_System,2024-08-11T21:26:47.515Z,Water Plant,Drain,Drain High Level Switch,0.0
Seasonal_Storage_System,2024-08-11T21:27:47.566Z,Water Plant,Drain,Drain High Level Switch,0.0
Seasonal_Storage_System,2024-08-11T21:28:47.606Z,Water Plant,Drain,Drain High Level Switch,0.0
Seasonal_Storage_System,2024-08-11T21:29:47.635Z,Water Plant,Drain,Drain High Level Switch,0.0
Seasonal_Storage_System,2024-08-11T21:30:47.646Z,Water Plant,Drain,Drain High Level Switch,0.0
Seasonal_Storage_System,2024-08-11T21:31:47.654Z,Water Plant,Drain,Drain High Level Switch,0.0
Seasonal_Storage_System,2024-08-11T21:32:47.673Z,Water Plant,Drain,Drain High Level Switch,0.0
Seasonal_Storage_System,2024-08-11T21:33:47.707Z,Water Plant,Drain,Drain High Level Switch,0.0
Seasonal_Storage_System,2024-08-11T21:34:47.733Z,Water Plant,Drain,Drain High Level Switch,0.0
Seasonal_Storage_System,2024-08-11T21:35:47.779Z,Water Plant,Drain,Drain High Level Switch,0.0
Seasonal_Storage_System,2024-08-11T21:36:47.874Z,Water Plant,Drain,Drain High Level Switch,0.0
Seasonal_Storage_System,2024-08-11T21:37:47.852Z,Water Plant,Drain,Drain High Level Switch,0.0
Seasonal_Storage_System,2024-08-11T21:38:47.872Z,Water Plant,Drain,Drain High Level Switch,0.0
Seasonal_Storage_System,2024-08-11T21:39:47.892Z,Water Plant,Drain,Drain High Level Switch,0.0
Seasonal_Storage_System,2024-08-11T21:40:47.96Z,Water Plant,Drain,Drain High Level Switch,0.0
Seasonal_Storage_System,2024-08-11T21:41:47.896Z,Water Plant,Drain,Drain High Level Switch,0.0
Seasonal_Storage_System,2024-08-11T21:42:47.898Z,Water Plant,Drain,Drain High Level Switch,0.0
Seasonal_Storage_System,2024-08-11T21:43:47.829Z,Water Plant,Drain,Drain High Level Switch,0.0
Seasonal_Storage_System,2024-08-11T21:44:47.829Z,Water Plant,Drain,Drain High Level Switch,0.0
Seasonal_Storage_System,2024-08-11T21:45:47.914Z,Water Plant,Drain,Drain High Level Switch,0.0
Seasonal_Storage_System,2024-08-11T21:46:47.914Z,Water Plant,Drain,Drain High Level Switch,0.0
Seasonal_Storage_System,2024-08-11T21:47:47.904Z,Water Plant,Drain,Drain High Level Switch,0.0
Seasonal_Storage_System,2024-08-11T21:48:47.915Z,Water Plant,Drain,Drain High Level Switch,0.0
Seasonal_Storage_System,2024-08-11T21:49:47.907Z,Water Plant,Drain,Drain High Level Switch,0.0
Seasonal_Storage_System,2024-08-11T21:50:47.917Z,Water Plant,Drain,Drain High Level Switch,0.0
Seasonal_Storage_System,2024-08-11T21:51:47.902Z,Water Plant,Drain,Drain High Level Switch,0.0
Seasonal_Storage_System,2024-08-11T21:52:47.84Z,Water Plant,Drain,Drain High Level Switch,0.0
Seasonal_Storage_System,2024-08-11T21:53:47.844Z,Water Plant,Drain,Drain High Level Switch,0.0
Seasonal_Storage_System,2024-08-11T21:54:47.84Z,Water Plant,Drain,Drain High Level Switch,0.0
Seasonal_Storage_System,2024-08-11T21:55:47.84Z,Water Plant,Drain,Drain High Level Switch,0.0
Seasonal_Storage_System,2024-08-11T21:56:47.965Z,Water Plant,Drain,Drain High Level Switch,0.0
Seasonal_Storage_System,2024-08-11T21:57:48.019Z,Water Plant,Drain,Drain High Level Switch,0.0
Seasonal_Storage_System,2024-08-11T21:58:48.013Z,Water Plant,Drain,Drain High Level Switch,0.0
Seasonal_Storage_System,2024-08-11T21:59:48.012Z,Water Plant,Drain,Drain High Level Switch,0.0
Seasonal_Storage_System,2024-08-11T22:00:48.021Z,Water Plant,Drain,Drain High Level Switch,0.0
Seasonal_Storage_System,2024-08-11T22:01:48.019Z,Water Plant,Drain,Drain High Level Switch,0.0
Seasonal_Storage_System,2024-08-11T22:02:48.021Z,Water Plant,Drain,Drain High Level Switch,0.0
Seasonal_Storage_System,2024-08-11T22:03:48.023Z,Water Plant,Drain,Drain High Level Switch,0.0
Seasonal_Storage_System,2024-08-11T22:04:48.022Z,Water Plant,Drain,Drain High Level Switch,0.0
Seasonal_Storage_System,2024-08-11T22:05:48.036Z,Water Plant,Drain,Drain High Level Switch,0.0
Seasonal_Storage_System,2024-08-11T22:06:48.03Z,Water Plant,Drain,Drain High Level Switch,0.0
Seasonal_Storage_System,2024-08-11T22:07:47.952Z,Water Plant,Drain,Drain High Level Switch,0.0
Seasonal_Storage_System,2024-08-11T22:08:47.952Z,Water Plant,Drain,Drain High Level Switch,0.0
Seasonal_Storage_System,2024-08-11T22:09:47.953Z,Water Plant,Drain,Drain High Level Switch,0.0
Seasonal_Storage_System,2024-08-11T22:10:47.953Z,Water Plant,Drain,Drain High Level Switch,0.0
Seasonal_Storage_System,2024-08-11T22:11:48.042Z,Water Plant,Drain,Drain High Level Switch,0.0
Seasonal_Storage_System,2024-08-11T22:12:48.051Z,Water Plant,Drain,Drain High Level Switch,0.0
Seasonal_Storage_System,2024-08-11T22:13:48.056Z,Water Plant,Drain,Drain High Level Switch,0.0
Seasonal_Storage_System,2024-08-11T22:14:48.058Z,Water Plant,Drain,Drain High Level Switch,0.0
Seasonal_Storage_System,2024-08-11T22:15:48.056Z,Water Plant,Drain,Drain High Level Switch,0.0
Seasonal_Storage_System,2024-08-11T22:16:48.055Z,Water Plant,Drain,Drain High Level Switch,0.0
Seasonal_Storage_System,2024-08-11T22:17:48.051Z,Water Plant,Drain,Drain High Level Switch,0.0
Seasonal_Storage_System,2024-08-11T22:18:47.988Z,Water Plant,Drain,Drain High Level Switch,0.0
Seasonal_Storage_System,2024-08-11T22:19:47.988Z,Water Plant,Drain,Drain High Level Switch,0.0
Seasonal_Storage_System,2024-08-11T22:20:48.084Z,Water Plant,Drain,Drain High Level Switch,0.0
Seasonal_Storage_System,2024-08-11T22:21:48.063Z,Water Plant,Drain,Drain High Level Switch,0.0
Seasonal_Storage_System,2024-08-11T22:22:48.065Z,Water Plant,Drain,Drain High Level Switch,0.0
Seasonal_Storage_System,2024-08-11T22:23:48.057Z,Water Plant,Drain,Drain High Level Switch,0.0
Seasonal_Storage_System,2024-08-11T22:24:48.056Z,Water Plant,Drain,Drain High Level Switch,0.0
Seasonal_Storage_System,2024-08-11T22:25:48.084Z,Water Plant,Drain,Drain High Level Switch,0.0
Seasonal_Storage_System,2024-08-11T22:26:48.152Z,Water Plant,Drain,Drain High Level Switch,0.0
Seasonal_Storage_System,2024-08-11T22:27:48.079Z,Water Plant,Drain,Drain High Level Switch,0.0
Seasonal_Storage_System,2024-08-11T22:28:48.166Z,Water Plant,Drain,Drain High Level Switch,0.0
Seasonal_Storage_System,2024-08-11T22:29:48.076Z,Water Plant,Drain,Drain High Level Switch,0.0
Seasonal_Storage_System,2024-08-11T22:30:48.076Z,Water Plant,Drain,Drain High Level Switch,0.0
Seasonal_Storage_System,2024-08-11T22:31:48.084Z,Water Plant,Drain,Drain High Level Switch,0.0
Seasonal_Storage_System,2024-08-11T22:32:48.078Z,Water Plant,Drain,Drain High Level Switch,0.0
Seasonal_Storage_System,2024-08-11T22:33:48.08Z,Water Plant,Drain,Drain High Level Switch,0.0
Seasonal_Storage_System,2024-08-11T22:34:48.077Z,Water Plant,Drain,Drain High Level Switch,0.0
Seasonal_Storage_System,2024-08-11T22:35:48.113Z,Water Plant,Drain,Drain High Level Switch,0.0
Seasonal_Storage_System,2024-08-11T22:36:48.115Z,Water Plant,Drain,Drain High Level Switch,0.0
Seasonal_Storage_System,2024-08-11T22:37:48.122Z,Water Plant,Drain,Drain High Level Switch,0.0
Seasonal_Storage_System,2024-08-11T22:38:48.114Z,Water Plant,Drain,Drain High Level Switch,0.0
Seasonal_Storage_System,2024-08-11T22:39:48.128Z,Water Plant,Drain,Drain High Level Switch,0.0
Seasonal_Storage_System,2024-08-11T22:40:48.168Z,Water Plant,Drain,Drain High Level Switch,0.0
Seasonal_Storage_System,2024-08-11T22:41:48.194Z,Water Plant,Drain,Drain High Level Switch,0.0
Seasonal_Storage_System,2024-08-11T22:42:48.242Z,Water Plant,Drain,Drain High Level Switch,0.0
Seasonal_Storage_System,2024-08-11T22:43:48.209Z,Water Plant,Drain,Drain High Level Switch,0.0
Seasonal_Storage_System,2024-08-11T22:44:48.225Z,Water Plant,Drain,Drain High Level Switch,0.0
Seasonal_Storage_System,2024-08-11T22:45:48.276Z,Water Plant,Drain,Drain High Level Switch,0.0
Seasonal_Storage_System,2024-08-11T22:46:48.305Z,Water Plant,Drain,Drain High Level Switch,0.0
Seasonal_Storage_System,2024-08-11T22:47:48.378Z,Water Plant,Drain,Drain High Level Switch,0.0
Seasonal_Storage_System,2024-08-11T22:48:48.286Z,Water Plant,Drain,Drain High Level Switch,0.0
Seasonal_Storage_System,2024-08-11T22:49:48.44Z,Water Plant,Drain,Drain High Level Switch,0.0
Seasonal_Storage_System,2024-08-11T22:50:48.486Z,Water Plant,Drain,Drain High Level Switch,0.0
Seasonal_Storage_System,2024-08-11T22:51:48.482Z,Water Plant,Drain,Drain High Level Switch,0.0
Seasonal_Storage_System,2024-08-11T22:52:48.49Z,Water Plant,Drain,Drain High Level Switch,0.0
Seasonal_Storage_System,2024-08-11T22:53:48.584Z,Water Plant,Drain,Drain High Level Switch,0.0
Seasonal_Storage_System,2024-08-11T22:54:48.58Z,Water Plant,Drain,Drain High Level Switch,0.0
Seasonal_Storage_System,2024-08-11T22:55:48.634Z,Water Plant,Drain,Drain High Level Switch,0.0
Seasonal_Storage_System,2024-08-11T22:56:48.65Z,Water Plant,Drain,Drain High Level Switch,0.0
Seasonal_Storage_System,2024-08-11T22:57:48.634Z,Water Plant,Drain,Drain High Level Switch,0.0
Seasonal_Storage_System,2024-08-11T22:58:48.634Z,Water Plant,Drain,Drain High Level Switch,0.0
Seasonal_Storage_System,2024-08-11T22:59:48.56Z,Water Plant,Drain,Drain High Level Switch,0.0
Seasonal_Storage_System,2024-08-11T23:00:48.56Z,Water Plant,Drain,Drain High Level Switch,0.0
Seasonal_Storage_System,2024-08-11T23:01:48.56Z,Water Plant,Drain,Drain High Level Switch,0.0
Seasonal_Storage_System,2024-08-11T23:02:48.562Z,Water Plant,Drain,Drain High Level Switch,0.0
Seasonal_Storage_System,2024-08-11T23:03:48.562Z,Water Plant,Drain,Drain High Level Switch,0.0
Seasonal_Storage_System,2024-08-11T23:04:48.561Z,Water Plant,Drain,Drain High Level Switch,0.0
Seasonal_Storage_System,2024-08-11T23:05:48.56Z,Water Plant,Drain,Drain High Level Switch,0.0
Seasonal_Storage_System,2024-08-11T23:06:48.56Z,Water Plant,Drain,Drain High Level Switch,0.0
Seasonal_Storage_System,2024-08-11T23:07:48.56Z,Water Plant,Drain,Drain High Level Switch,0.0
Seasonal_Storage_System,2024-08-11T23:08:48.56Z,Water Plant,Drain,Drain High Level Switch,0.0
Seasonal_Storage_System,2024-08-11T23:09:48.562Z,Water Plant,Drain,Drain High Level Switch,0.0
Seasonal_Storage_System,2024-08-11T23:10:48.562Z,Water Plant,Drain,Drain High Level Switch,0.0
Seasonal_Storage_System,2024-08-11T23:11:48.673Z,Water Plant,Drain,Drain High Level Switch,0.0
Seasonal_Storage_System,2024-08-11T23:12:48.745Z,Water Plant,Drain,Drain High Level Switch,0.0
Seasonal_Storage_System,2024-08-11T23:13:48.774Z,Water Plant,Drain,Drain High Level Switch,0.0
Seasonal_Storage_System,2024-08-11T23:14:48.825Z,Water Plant,Drain,Drain High Level Switch,0.0
Seasonal_Storage_System,2024-08-11T23:15:48.873Z,Water Plant,Drain,Drain High Level Switch,0.0
Seasonal_Storage_System,2024-08-11T23:16:48.894Z,Water Plant,Drain,Drain High Level Switch,0.0
Seasonal_Storage_System,2024-08-11T23:17:48.932Z,Water Plant,Drain,Drain High Level Switch,0.0
Seasonal_Storage_System,2024-08-11T23:18:48.926Z,Water Plant,Drain,Drain High Level Switch,0.0
Seasonal_Storage_System,2024-08-11T23:19:48.927Z,Water Plant,Drain,Drain High Level Switch,0.0
Seasonal_Storage_System,2024-08-11T23:20:48.94Z,Water Plant,Drain,Drain High Level Switch,0.0
Seasonal_Storage_System,2024-08-11T23:21:48.962Z,Water Plant,Drain,Drain High Level Switch,0.0
Seasonal_Storage_System,2024-08-11T23:22:48.988Z,Water Plant,Drain,Drain High Level Switch,0.0
Seasonal_Storage_System,2024-08-11T23:23:48.982Z,Water Plant,Drain,Drain High Level Switch,0.0
Seasonal_Storage_System,2024-08-11T23:24:49.009Z,Water Plant,Drain,Drain High Level Switch,0.0
Seasonal_Storage_System,2024-08-11T23:25:48.996Z,Water Plant,Drain,Drain High Level Switch,0.0
Seasonal_Storage_System,2024-08-11T23:26:48.992Z,Water Plant,Drain,Drain High Level Switch,0.0
Seasonal_Storage_System,2024-08-11T23:27:48.983Z,Water Plant,Drain,Drain High Level Switch,0.0
Seasonal_Storage_System,2024-08-11T23:28:48.983Z,Water Plant,Drain,Drain High Level Switch,0.0
Seasonal_Storage_System,2024-08-11T23:29:48.987Z,Water Plant,Drain,Drain High Level Switch,0.0
Seasonal_Storage_System,2024-08-11T23:30:48.983Z,Water Plant,Drain,Drain High Level Switch,0.0
Seasonal_Storage_System,2024-08-11T23:31:48.92Z,Water Plant,Drain,Drain High Level Switch,0.0
Seasonal_Storage_System,2024-08-11T23:32:48.92Z,Water Plant,Drain,Drain High Level Switch,0.0
Seasonal_Storage_System,2024-08-11T23:33:48.996Z,Water Plant,Drain,Drain High Level Switch,0.0
Seasonal_Storage_System,2024-08-11T23:34:49.045Z,Water Plant,Drain,Drain High Level Switch,0.0
Seasonal_Storage_System,2024-08-11T23:35:49.094Z,Water Plant,Drain,Drain High Level Switch,0.0
Seasonal_Storage_System,2024-08-11T23:36:49.113Z,Water Plant,Drain,Drain High Level Switch,0.0
Seasonal_Storage_System,2024-08-11T23:37:49.138Z,Water Plant,Drain,Drain High Level Switch,0.0
Seasonal_Storage_System,2024-08-11T23:38:49.19Z,Water Plant,Drain,Drain High Level Switch,0.0
Seasonal_Storage_System,2024-08-11T23:39:49.208Z,Water Plant,Drain,Drain High Level Switch,0.0
Seasonal_Storage_System,2024-08-11T23:40:49.249Z,Water Plant,Drain,Drain High Level Switch,0.0
Seasonal_Storage_System,2024-08-11T23:41:49.249Z,Water Plant,Drain,Drain High Level Switch,0.0
Seasonal_Storage_System,2024-08-11T23:42:49.285Z,Water Plant,Drain,Drain High Level Switch,0.0
Seasonal_Storage_System,2024-08-11T23:43:49.328Z,Water Plant,Drain,Drain High Level Switch,0.0
Seasonal_Storage_System,2024-08-11T23:44:49.329Z,Water Plant,Drain,Drain High Level Switch,0.0
Seasonal_Storage_System,2024-08-11T23:45:49.33Z,Water Plant,Drain,Drain High Level Switch,0.0
Seasonal_Storage_System,2024-08-11T23:46:49.327Z,Water Plant,Drain,Drain High Level Switch,0.0
Seasonal_Storage_System,2024-08-11T23:47:49.339Z,Water Plant,Drain,Drain High Level Switch,0.0
Seasonal_Storage_System,2024-08-11T23:48:49.329Z,Water Plant,Drain,Drain High Level Switch,0.0
Seasonal_Storage_System,2024-08-11T23:49:49.329Z,Water Plant,Drain,Drain High Level Switch,0.0
Seasonal_Storage_System,2024-08-11T23:50:49.329Z,Water Plant,Drain,Drain High Level Switch,0.0
Seasonal_Storage_System,2024-08-11T23:51:49.33Z,Water Plant,Drain,Drain High Level Switch,0.0
Seasonal_Storage_System,2024-08-11T23:52:49.356Z,Water Plant,Drain,Drain High Level Switch,0.0
Seasonal_Storage_System,2024-08-11T23:53:49.267Z,Water Plant,Drain,Drain High Level Switch,0.0
Seasonal_Storage_System,2024-08-11T23:54:49.267Z,Water Plant,Drain,Drain High Level Switch,0.0
Seasonal_Storage_System,2024-08-11T23:55:49.267Z,Water Plant,Drain,Drain High Level Switch,0.0
Seasonal_Storage_System,2024-08-11T23:56:49.266Z,Water Plant,Drain,Drain High Level Switch,0.0
Seasonal_Storage_System,2024-08-11T23:57:49.267Z,Water Plant,Drain,Drain High Level Switch,0.0
Seasonal_Storage_System,2024-08-11T23:58:49.266Z,Water Plant,Drain,Drain High Level Switch,0.0
