time,value_float,name,application_id,device_id,measurement_id
2024-08-05 00:00:00+00:00,0.33010018214936254,Seasonal_Storage_System,Ventilation,Ventilation 1,Emergency Ventilation 1 Control Signal
2024-08-05 00:01:00+00:00,0.4497267759562841,Seasonal_Storage_System,Ventilation,Ventilation 1,Emergency Ventilation 1 Control Signal
2024-08-05 00:02:00+00:00,0.7178779599271404,Seasonal_Storage_System,Ventilation,Ventilation 1,Emergency Ventilation 1 Control Signal
2024-08-05 00:03:00+00:00,0.559790528233151,Seasonal_Storage_System,Ventilation,Ventilation 1,Emergency Ventilation 1 Control Signal
2024-08-05 00:04:00+00:00,0.4568943533697626,Seasonal_Storage_System,Ventilation,Ventilation 1,Emergency Ventilation 1 Control Signal
2024-08-05 00:05:00+00:00,0.7611384335154825,Seasonal_Storage_System,Ventilation,Ventilation 1,Emergency Ventilation 1 Control Signal
2024-08-05 00:06:00+00:00,0.5128233151183964,Seasonal_Storage_System,Ventilation,Ventilation 1,Emergency Ventilation 1 Control Signal
2024-08-05 00:07:00+00:00,0.6034608378870671,Seasonal_Storage_System,Ventilation,Ventilation 1,Emergency Ventilation 1 Control Signal
2024-08-05 00:08:00+00:00,1.0412204007285972,Seasonal_Storage_System,Ventilation,Ventilation 1,Emergency Ventilation 1 Control Signal
2024-08-05 00:09:00+00:00,1.104854280510018,Seasonal_Storage_System,Ventilation,Ventilation 1,Emergency Ventilation 1 Control Signal
2024-08-05 00:10:00+00:00,0.5008652094717665,Seasonal_Storage_System,Ventilation,Ventilation 1,Emergency Ventilation 1 Control Signal
2024-08-05 00:11:00+00:00,0.9575683060109285,Seasonal_Storage_System,Ventilation,Ventilation 1,Emergency Ventilation 1 Control Signal
2024-08-05 00:12:00+00:00,0.7545537340619302,Seasonal_Storage_System,Ventilation,Ventilation 1,Emergency Ventilation 1 Control Signal
2024-08-05 00:13:00+00:00,0.5167213114754095,Seasonal_Storage_System,Ventilation,Ventilation 1,Emergency Ventilation 1 Control Signal
2024-08-05 00:14:00+00:00,0.5919854280510014,Seasonal_Storage_System,Ventilation,Ventilation 1,Emergency Ventilation 1 Control Signal
2024-08-05 00:15:00+00:00,0.838424408014572,Seasonal_Storage_System,Ventilation,Ventilation 1,Emergency Ventilation 1 Control Signal
2024-08-05 00:16:00+00:00,0.2872222222222217,Seasonal_Storage_System,Ventilation,Ventilation 1,Emergency Ventilation 1 Control Signal
2024-08-05 00:17:00+00:00,0.7917668488160287,Seasonal_Storage_System,Ventilation,Ventilation 1,Emergency Ventilation 1 Control Signal
2024-08-05 00:18:00+00:00,0.6603005464480868,Seasonal_Storage_System,Ventilation,Ventilation 1,Emergency Ventilation 1 Control Signal
2024-08-05 00:19:00+00:00,0.23212204007285908,Seasonal_Storage_System,Ventilation,Ventilation 1,Emergency Ventilation 1 Control Signal
2024-08-05 00:20:00+00:00,0.9607194899817848,Seasonal_Storage_System,Ventilation,Ventilation 1,Emergency Ventilation 1 Control Signal
2024-08-05 00:21:00+00:00,0.6836429872495441,Seasonal_Storage_System,Ventilation,Ventilation 1,Emergency Ventilation 1 Control Signal
2024-08-05 00:22:00+00:00,0.46562841530054594,Seasonal_Storage_System,Ventilation,Ventilation 1,Emergency Ventilation 1 Control Signal
2024-08-05 00:23:00+00:00,0.33704918032786796,Seasonal_Storage_System,Ventilation,Ventilation 1,Emergency Ventilation 1 Control Signal
2024-08-05 00:24:00+00:00,0.677617295308187,Seasonal_Storage_System,Ventilation,Ventilation 1,Emergency Ventilation 1 Control Signal
2024-08-05 00:25:00+00:00,0.7582604735883421,Seasonal_Storage_System,Battery System,Battery,Current
2024-08-05 00:26:00+00:00,0.7832969034608376,Seasonal_Storage_System,Battery System,Battery,Current
2024-08-05 00:27:00+00:00,0.14253187613843285,Seasonal_Storage_System,PV System,PV Inverter,Active Power
2024-08-05 00:28:00+00:00,0.45160291438979894,Seasonal_Storage_System,PV System,PV Inverter,Active Power
2024-08-05 00:29:00+00:00,1.152030965391621,Seasonal_Storage_System,Battery System,Battery,Current
2024-08-05 00:30:00+00:00,0.43925318761384274,Seasonal_Storage_System,Battery System,Battery,Current
2024-08-05 00:31:00+00:00,0.4654371584699445,Seasonal_Storage_System,Battery System,Battery,Current
2024-08-05 00:32:00+00:00,0.5820400728597446,Seasonal_Storage_System,PV System,PV Inverter,Active Power
2024-08-05 00:33:00+00:00,-0.9293351548269586,Seasonal_Storage_System,PV System,PV Inverter,Active Power
2024-08-05 00:34:00+00:00,0.08793260473588257,Seasonal_Storage_System,Battery System,Battery,Current
2024-08-05 00:35:00+00:00,0.6754918032786882,Seasonal_Storage_System,Battery System,Battery,Current
2024-08-05 00:36:00+00:00,0.7246539162112933,Seasonal_Storage_System,Battery System,Battery,Current
2024-08-05 00:37:00+00:00,0.9272040072859743,Seasonal_Storage_System,Battery System,Battery,Current
2024-08-05 00:38:00+00:00,0.5735701275045538,Seasonal_Storage_System,Battery System,Battery,Current
2024-08-05 00:39:00+00:00,0.18972677595628396,Seasonal_Storage_System,PV System,PV Inverter,Active Power
2024-08-05 00:40:00+00:00,0.4037887067395264,Seasonal_Storage_System,Battery System,Battery,Current
2024-08-05 00:41:00+00:00,0.05145719489981755,Seasonal_Storage_System,Battery System,Battery,Current
2024-08-05 00:42:00+00:00,0.7211475409836064,Seasonal_Storage_System,Battery System,Battery,Current
2024-08-05 00:43:00+00:00,0.20333333333333323,Seasonal_Storage_System,PV System,PV Inverter,Active Power
2024-08-05 00:44:00+00:00,0.35110200364298727,Seasonal_Storage_System,PV System,PV Inverter,Active Power
2024-08-05 00:45:00+00:00,0.956193078324226,Seasonal_Storage_System,PV System,PV Inverter,Active Power
2024-08-05 00:46:00+00:00,0.4983515482695811,Seasonal_Storage_System,PV System,PV Inverter,Active Power
2024-08-05 00:47:00+00:00,0.4894080145719489,Seasonal_Storage_System,Battery System,Battery,Current
2024-08-05 00:48:00+00:00,0.7585832566697335,Seasonal_Storage_System,Battery System,Battery,Current
2024-08-05 00:49:00+00:00,0.3643715846994536,Seasonal_Storage_System,Battery System,Battery,Current
2024-08-05 00:50:00+00:00,0.14206739526411633,Seasonal_Storage_System,Battery System,Battery,Current
2024-08-05 00:51:00+00:00,0.027540983606557188,Seasonal_Storage_System,Battery System,Battery,Current
2024-08-05 00:52:00+00:00,0.08267759562841503,Seasonal_Storage_System,Battery System,Battery,Current
2024-08-05 00:53:00+00:00,0.8056739526411659,Seasonal_Storage_System,Battery System,Battery,Current
2024-08-05 00:54:00+00:00,0.6001001821493627,Seasonal_Storage_System,Battery System,Battery,Current
2024-08-05 00:55:00+00:00,0.2059016393442621,Seasonal_Storage_System,Battery System,Battery,Current
2024-08-05 00:56:00+00:00,0.006357012750455394,Seasonal_Storage_System,Battery System,Battery,Current
2024-08-05 00:57:00+00:00,0.6252823315118398,Seasonal_Storage_System,Battery System,Battery,Current
2024-08-05 00:58:00+00:00,0.23604735883424383,Seasonal_Storage_System,PV System,PV Inverter,Active Power
2024-08-05 00:59:00+00:00,0.1761566484517303,Seasonal_Storage_System,PV System,PV Inverter,Active Power
2024-08-05 01:00:00+00:00,-0.11048269581056504,Seasonal_Storage_System,PV System,PV Inverter,Active Power
2024-08-05 01:01:00+00:00,0.3245173041894353,Seasonal_Storage_System,PV System,PV Inverter,Active Power
2024-08-05 01:02:00+00:00,0.28870673952641135,Seasonal_Storage_System,PV System,PV Inverter,Active Power
2024-08-05 01:03:00+00:00,0.6986794171220402,Seasonal_Storage_System,PV System,PV Inverter,Active Power
2024-08-05 01:04:00+00:00,0.5807749766573296,Seasonal_Storage_System,Battery System,Battery,Current
2024-08-05 01:05:00+00:00,0.4705373406193079,Seasonal_Storage_System,Ventilation,Ventilation 1,Emergency Ventilation 1 Control Signal
2024-08-05 01:06:00+00:00,0.7752914389799638,Seasonal_Storage_System,Ventilation,Ventilation 1,Emergency Ventilation 1 Control Signal
2024-08-05 01:07:00+00:00,0.6452094717668491,Seasonal_Storage_System,Ventilation,Ventilation 1,Emergency Ventilation 1 Control Signal
2024-08-05 01:08:00+00:00,-0.023970856102003845,Seasonal_Storage_System,Ventilation,Ventilation 1,Emergency Ventilation 1 Control Signal
2024-08-05 01:09:00+00:00,0.5381967213114756,Seasonal_Storage_System,Ventilation,Ventilation 1,Emergency Ventilation 1 Control Signal
2024-08-05 01:10:00+00:00,0.12189435336976326,Seasonal_Storage_System,Ventilation,Ventilation 1,Emergency Ventilation 1 Control Signal
2024-08-05 01:11:00+00:00,0.4594080145719491,Seasonal_Storage_System,Ventilation,Ventilation 1,Emergency Ventilation 1 Control Signal
2024-08-05 01:12:00+00:00,0.7585610200364301,Seasonal_Storage_System,Ventilation,Ventilation 1,Emergency Ventilation 1 Control Signal
2024-08-05 01:13:00+00:00,0.26824225865209467,Seasonal_Storage_System,Ventilation,Ventilation 1,Emergency Ventilation 1 Control Signal
2024-08-05 01:14:00+00:00,0.2089253187613844,Seasonal_Storage_System,Ventilation,Ventilation 1,Emergency Ventilation 1 Control Signal
2024-08-05 01:15:00+00:00,0.502768670309654,Seasonal_Storage_System,Ventilation,Ventilation 1,Emergency Ventilation 1 Control Signal
2024-08-05 01:16:00+00:00,0.6375500910746813,Seasonal_Storage_System,Ventilation,Ventilation 1,Emergency Ventilation 1 Control Signal
2024-08-05 01:17:00+00:00,0.5096630236794172,Seasonal_Storage_System,Ventilation,Ventilation 1,Emergency Ventilation 1 Control Signal
2024-08-05 01:18:00+00:00,0.6016099356025759,Seasonal_Storage_System,Ventilation,Ventilation 1,Emergency Ventilation 1 Control Signal
2024-08-05 01:19:00+00:00,0.8628051001821493,Seasonal_Storage_System,Battery System,Battery,Current
2024-08-05 01:20:00+00:00,0.7605646630236794,Seasonal_Storage_System,PV System,PV Inverter,Active Power
2024-08-05 01:21:00+00:00,1.3640619307832424,Seasonal_Storage_System,Battery System,Battery,Current
2024-08-05 01:22:00+00:00,0.22235883424408,Seasonal_Storage_System,Battery System,Battery,Current
2024-08-05 01:23:00+00:00,0.5088615664845173,Seasonal_Storage_System,PV System,PV Inverter,Active Power
2024-08-05 01:24:00+00:00,1.5171766848816033,Seasonal_Storage_System,Battery System,Battery,Current
2024-08-05 01:25:00+00:00,0.6495537340619311,Seasonal_Storage_System,PV System,PV Inverter,Active Power
2024-08-05 01:26:00+00:00,0.29188524590163933,Seasonal_Storage_System,Battery System,Battery,Current
2024-08-05 01:27:00+00:00,0.9156102003642989,Seasonal_Storage_System,PV System,PV Inverter,Active Power
2024-08-05 01:28:00+00:00,0.877049180327869,Seasonal_Storage_System,PV System,PV Inverter,Active Power
2024-08-05 01:29:00+00:00,0.5116211293260474,Seasonal_Storage_System,PV System,PV Inverter,Active Power
2024-08-05 01:30:00+00:00,-0.09826047358834228,Seasonal_Storage_System,PV System,PV Inverter,Active Power
2024-08-05 01:31:00+00:00,0.4438615664845174,Seasonal_Storage_System,PV System,PV Inverter,Active Power
2024-08-05 01:32:00+00:00,0.14058287795992713,Seasonal_Storage_System,PV System,PV Inverter,Active Power
2024-08-05 01:33:00+00:00,0.7314116575591988,Seasonal_Storage_System,Battery System,Battery,Current
2024-08-05 01:34:00+00:00,0.3641347905282332,Seasonal_Storage_System,Battery System,Battery,Current
2024-08-05 01:35:00+00:00,0.44503642987249564,Seasonal_Storage_System,Battery System,Battery,Current
2024-08-05 01:36:00+00:00,0.6811566484517307,Seasonal_Storage_System,Battery System,Battery,Current
2024-08-05 01:37:00+00:00,0.481539162112933,Seasonal_Storage_System,PV System,PV Inverter,Active Power
2024-08-05 01:38:00+00:00,0.43632058287796005,Seasonal_Storage_System,Battery System,Battery,Current
2024-08-05 01:39:00+00:00,0.43256830601092916,Seasonal_Storage_System,PV System,PV Inverter,Active Power
2024-08-05 01:40:00+00:00,0.2641074681238619,Seasonal_Storage_System,Ventilation,Ventilation 1,Emergency Ventilation 1 Control Signal
2024-08-05 01:41:00+00:00,0.5041894353369767,Seasonal_Storage_System,Ventilation,Ventilation 1,Emergency Ventilation 1 Control Signal
2024-08-05 01:42:00+00:00,0.46663023679417154,Seasonal_Storage_System,Ventilation,Ventilation 1,Emergency Ventilation 1 Control Signal
2024-08-05 01:43:00+00:00,0.48461748633879825,Seasonal_Storage_System,Ventilation,Ventilation 1,Emergency Ventilation 1 Control Signal
2024-08-05 01:44:00+00:00,0.4444626593806926,Seasonal_Storage_System,Ventilation,Ventilation 1,Emergency Ventilation 1 Control Signal
2024-08-05 01:45:00+00:00,0.6884153005464486,Seasonal_Storage_System,Ventilation,Ventilation 1,Emergency Ventilation 1 Control Signal
2024-08-05 01:46:00+00:00,0.27047358834244123,Seasonal_Storage_System,Ventilation,Ventilation 1,Emergency Ventilation 1 Control Signal
2024-08-05 01:47:00+00:00,0.5118579234972681,Seasonal_Storage_System,Ventilation,Ventilation 1,Emergency Ventilation 1 Control Signal
2024-08-05 01:48:00+00:00,0.6749908925318767,Seasonal_Storage_System,Ventilation,Ventilation 1,Emergency Ventilation 1 Control Signal
2024-08-05 01:49:00+00:00,0.512586520947177,Seasonal_Storage_System,Ventilation,Ventilation 1,Emergency Ventilation 1 Control Signal
2024-08-05 01:50:00+00:00,0.3489617486338803,Seasonal_Storage_System,Ventilation,Ventilation 1,Emergency Ventilation 1 Control Signal
2024-08-05 01:51:00+00:00,0.49082877959927196,Seasonal_Storage_System,Ventilation,Ventilation 1,Emergency Ventilation 1 Control Signal
2024-08-05 01:52:00+00:00,0.3720856102003648,Seasonal_Storage_System,Ventilation,Ventilation 1,Emergency Ventilation 1 Control Signal
2024-08-05 01:53:00+00:00,0.45037718491260403,Seasonal_Storage_System,Ventilation,Ventilation 1,Emergency Ventilation 1 Control Signal
2024-08-05 01:54:00+00:00,0.36908925318761415,Seasonal_Storage_System,Battery System,Battery,Current
2024-08-05 01:55:00+00:00,0.9495264116575598,Seasonal_Storage_System,Battery System,Battery,Current
2024-08-05 01:56:00+00:00,0.3016211293260476,Seasonal_Storage_System,Battery System,Battery,Current
2024-08-05 01:57:00+00:00,0.5673770491803283,Seasonal_Storage_System,Battery System,Battery,Current
2024-08-05 01:58:00+00:00,0.45689435336976353,Seasonal_Storage_System,Battery System,Battery,Current
2024-08-05 01:59:00+00:00,0.1037340619307839,Seasonal_Storage_System,Battery System,Battery,Current
2024-08-05 02:00:00+00:00,0.08305100182149405,Seasonal_Storage_System,PV System,PV Inverter,Active Power
2024-08-05 02:01:00+00:00,0.5067213114754101,Seasonal_Storage_System,Battery System,Battery,Current
2024-08-05 02:02:00+00:00,0.30602914389799674,Seasonal_Storage_System,PV System,PV Inverter,Active Power
2024-08-05 02:03:00+00:00,0.629626593806922,Seasonal_Storage_System,Battery System,Battery,Current
2024-08-05 02:04:00+00:00,0.4416575591985432,Seasonal_Storage_System,PV System,PV Inverter,Active Power
2024-08-05 02:05:00+00:00,0.6274134790528237,Seasonal_Storage_System,PV System,PV Inverter,Active Power
2024-08-05 02:06:00+00:00,0.3143260473588346,Seasonal_Storage_System,Battery System,Battery,Current
2024-08-05 02:07:00+00:00,0.6399544626593809,Seasonal_Storage_System,Battery System,Battery,Current
2024-08-05 02:08:00+00:00,0.5119034608378875,Seasonal_Storage_System,PV System,PV Inverter,Active Power
2024-08-05 02:09:00+00:00,0.38053734061930816,Seasonal_Storage_System,Battery System,Battery,Current
2024-08-05 02:10:00+00:00,0.21756830601092952,Seasonal_Storage_System,Battery System,Battery,Current
2024-08-05 02:11:00+00:00,0.45131147540983635,Seasonal_Storage_System,PV System,PV Inverter,Active Power
2024-08-05 02:12:00+00:00,0.17850637522768711,Seasonal_Storage_System,Battery System,Battery,Current
2024-08-05 02:13:00+00:00,0.46132058287796024,Seasonal_Storage_System,PV System,PV Inverter,Active Power
2024-08-05 02:14:00+00:00,0.37955373406193105,Seasonal_Storage_System,PV System,PV Inverter,Active Power
2024-08-05 02:15:00+00:00,0.8829599271402554,Seasonal_Storage_System,Battery System,Battery,Current
2024-08-05 02:16:00+00:00,0.7303005464480878,Seasonal_Storage_System,Battery System,Battery,Current
2024-08-05 02:17:00+00:00,0.6058834244080149,Seasonal_Storage_System,Battery System,Battery,Current
2024-08-05 02:18:00+00:00,0.48347905282331566,Seasonal_Storage_System,PV System,PV Inverter,Active Power
2024-08-05 02:19:00+00:00,0.41438979963570166,Seasonal_Storage_System,Battery System,Battery,Current
2024-08-05 02:20:00+00:00,0.24602003642987297,Seasonal_Storage_System,Battery System,Battery,Current
2024-08-05 02:21:00+00:00,0.7617486338797818,Seasonal_Storage_System,PV System,PV Inverter,Active Power
2024-08-05 02:22:00+00:00,0.26451730418943575,Seasonal_Storage_System,Battery System,Battery,Current
2024-08-05 02:23:00+00:00,0.40015482695810606,Seasonal_Storage_System,Battery System,Battery,Current
2024-08-05 02:24:00+00:00,0.432987249544627,Seasonal_Storage_System,PV System,PV Inverter,Active Power
2024-08-05 02:25:00+00:00,0.500291438979964,Seasonal_Storage_System,Battery System,Battery,Current
2024-08-05 02:26:00+00:00,0.11295081967213157,Seasonal_Storage_System,PV System,PV Inverter,Active Power
2024-08-05 02:27:00+00:00,0.5382513661202188,Seasonal_Storage_System,PV System,PV Inverter,Active Power
2024-08-05 02:28:00+00:00,0.5504098360655741,Seasonal_Storage_System,Battery System,Battery,Current
2024-08-05 02:29:00+00:00,0.48331511839708585,Seasonal_Storage_System,Battery System,Battery,Current
2024-08-05 02:30:00+00:00,0.21066484517304235,Seasonal_Storage_System,Battery System,Battery,Current
2024-08-05 02:31:00+00:00,0.22969034608378924,Seasonal_Storage_System,Battery System,Battery,Current
2024-08-05 02:32:00+00:00,0.37960837887067445,Seasonal_Storage_System,Battery System,Battery,Current
2024-08-05 02:33:00+00:00,0.1515209471766854,Seasonal_Storage_System,PV System,PV Inverter,Active Power
2024-08-05 02:34:00+00:00,0.15519125683060161,Seasonal_Storage_System,PV System,PV Inverter,Active Power
2024-08-05 02:35:00+00:00,0.2599362477231336,Seasonal_Storage_System,Battery System,Battery,Current
2024-08-05 02:36:00+00:00,0.6943260473588347,Seasonal_Storage_System,Battery System,Battery,Current
2024-08-05 02:37:00+00:00,0.5244262295081971,Seasonal_Storage_System,Battery System,Battery,Current
2024-08-05 02:38:00+00:00,0.7803005464480879,Seasonal_Storage_System,Battery System,Battery,Current
2024-08-05 02:39:00+00:00,0.621389144434223,Seasonal_Storage_System,PV System,PV Inverter,Active Power
2024-08-05 02:40:00+00:00,-0.050402930402929966,Seasonal_Storage_System,Battery System,Battery,Current
2024-08-05 02:41:00+00:00,0.3500546448087437,Seasonal_Storage_System,Ventilation,Ventilation 1,Emergency Ventilation 1 Control Signal
2024-08-05 02:42:00+00:00,0.7171402550091078,Seasonal_Storage_System,Ventilation,Ventilation 1,Emergency Ventilation 1 Control Signal
2024-08-05 02:43:00+00:00,0.20054644808743236,Seasonal_Storage_System,Ventilation,Ventilation 1,Emergency Ventilation 1 Control Signal
2024-08-05 02:44:00+00:00,0.5070856102003647,Seasonal_Storage_System,Ventilation,Ventilation 1,Emergency Ventilation 1 Control Signal
2024-08-05 02:45:00+00:00,0.02288706739526467,Seasonal_Storage_System,Ventilation,Ventilation 1,Emergency Ventilation 1 Control Signal
2024-08-05 02:46:00+00:00,0.36187613843351596,Seasonal_Storage_System,Ventilation,Ventilation 1,Emergency Ventilation 1 Control Signal
2024-08-05 02:47:00+00:00,0.4959653916211299,Seasonal_Storage_System,Ventilation,Ventilation 1,Emergency Ventilation 1 Control Signal
2024-08-05 02:48:00+00:00,0.28249544626593853,Seasonal_Storage_System,Ventilation,Ventilation 1,Emergency Ventilation 1 Control Signal
2024-08-05 02:49:00+00:00,0.4852276867030969,Seasonal_Storage_System,Ventilation,Ventilation 1,Emergency Ventilation 1 Control Signal
2024-08-05 02:50:00+00:00,0.3154098360655743,Seasonal_Storage_System,Ventilation,Ventilation 1,Emergency Ventilation 1 Control Signal
2024-08-05 02:51:00+00:00,0.12229508196721371,Seasonal_Storage_System,Ventilation,Ventilation 1,Emergency Ventilation 1 Control Signal
2024-08-05 02:52:00+00:00,0.3428142076502738,Seasonal_Storage_System,Ventilation,Ventilation 1,Emergency Ventilation 1 Control Signal
2024-08-05 02:53:00+00:00,0.6555282331511845,Seasonal_Storage_System,Ventilation,Ventilation 1,Emergency Ventilation 1 Control Signal
2024-08-05 02:54:00+00:00,0.4086538461538467,Seasonal_Storage_System,Ventilation,Ventilation 1,Emergency Ventilation 1 Control Signal
2024-08-05 02:55:00+00:00,0.4395537340619313,Seasonal_Storage_System,Water Plant,Water Tank,Water Feed Tank Low Level Switch
2024-08-05 02:56:00+00:00,0.28282331511839764,Seasonal_Storage_System,Water Plant,Water Tank,Water Feed Tank Low Level Switch
2024-08-05 02:57:00+00:00,0.21682149362477285,Seasonal_Storage_System,Water Plant,Water Tank,Water Feed Tank Low Level Switch
2024-08-05 02:58:00+00:00,0.6919125683060116,Seasonal_Storage_System,Water Plant,Water Tank,Water Feed Tank Low Level Switch
2024-08-05 02:59:00+00:00,0.20343351548269636,Seasonal_Storage_System,Water Plant,Water Tank,Water Feed Tank Low Level Switch
2024-08-05 03:00:00+00:00,0.2854462659380697,Seasonal_Storage_System,Water Plant,Water Tank,Water Feed Tank Low Level Switch
2024-08-05 03:01:00+00:00,0.1438888888888894,Seasonal_Storage_System,Water Plant,Water Tank,Water Feed Tank Low Level Switch
2024-08-05 03:02:00+00:00,0.31307832422586573,Seasonal_Storage_System,Water Plant,Water Tank,Water Feed Tank Low Level Switch
2024-08-05 03:03:00+00:00,-0.025373406193077847,Seasonal_Storage_System,Water Plant,Water Tank,Water Feed Tank Low Level Switch
2024-08-05 03:04:00+00:00,0.13978142076502795,Seasonal_Storage_System,Water Plant,Water Tank,Water Feed Tank Low Level Switch
2024-08-05 03:05:00+00:00,0.008615664845173626,Seasonal_Storage_System,Water Plant,Water Tank,Water Feed Tank Low Level Switch
2024-08-05 03:06:00+00:00,-0.09724954462659337,Seasonal_Storage_System,Water Plant,Water Tank,Water Feed Tank Low Level Switch
2024-08-05 03:07:00+00:00,0.10730418943533748,Seasonal_Storage_System,Water Plant,Water Tank,Water Feed Tank Low Level Switch
2024-08-05 03:08:00+00:00,0.3162568306010935,Seasonal_Storage_System,Water Plant,Water Tank,Water Feed Tank Low Level Switch
2024-08-05 03:09:00+00:00,-0.1519125683060104,Seasonal_Storage_System,Water Plant,Water Tank,Water Feed Tank Low Level Switch
2024-08-05 03:10:00+00:00,0.1690528233151189,Seasonal_Storage_System,Water Plant,Water Tank,Water Feed Tank Low Level Switch
2024-08-05 03:11:00+00:00,0.52464480874317,Seasonal_Storage_System,Water Plant,Drain,Drain High Level Switch
2024-08-05 03:12:00+00:00,0.6253916211293267,Seasonal_Storage_System,Water Plant,Water Tank,Water Feed Tank Low Level Switch
2024-08-05 03:13:00+00:00,0.3286885245901645,Seasonal_Storage_System,Water Plant,Water Tank,Water Feed Tank Low Level Switch
2024-08-05 03:14:00+00:00,0.3767122040072865,Seasonal_Storage_System,Water Plant,Water Tank,Water Feed Tank Low Level Switch
2024-08-05 03:15:00+00:00,0.36142076502732295,Seasonal_Storage_System,Water Plant,Water Tank,Water Feed Tank Low Level Switch
2024-08-05 03:16:00+00:00,-0.1045537340619304,Seasonal_Storage_System,Water Plant,Water Tank,Water Feed Tank Low Level Switch
2024-08-05 03:17:00+00:00,-0.09755009107468078,Seasonal_Storage_System,Water Plant,Water Tank,Water Feed Tank Low Level Switch
2024-08-05 03:18:00+00:00,0.2821766848816034,Seasonal_Storage_System,Water Plant,Water Tank,Water Feed Tank Low Level Switch
2024-08-05 03:19:00+00:00,0.3722586520947181,Seasonal_Storage_System,Water Plant,Water Tank,Water Feed Tank Low Level Switch
2024-08-05 03:20:00+00:00,0.2566575591985434,Seasonal_Storage_System,Water Plant,Water Tank,Water Feed Tank Low Level Switch
2024-08-05 03:21:00+00:00,0.1529690346083794,Seasonal_Storage_System,Water Plant,Drain,Drain High Level Switch
2024-08-05 03:22:00+00:00,-0.17139344262295036,Seasonal_Storage_System,Water Plant,Water Tank,Water Feed Tank Low Level Switch
2024-08-05 03:23:00+00:00,-0.33233151183970816,Seasonal_Storage_System,Water Plant,Drain,Drain High Level Switch
2024-08-05 03:24:00+00:00,0.37417122040072914,Seasonal_Storage_System,Water Plant,Water Tank,Water Feed Tank Low Level Switch
2024-08-05 03:25:00+00:00,-0.12135701275045481,Seasonal_Storage_System,Water Plant,Water Tank,Water Feed Tank Low Level Switch
2024-08-05 03:26:00+00:00,0.4062659380692173,Seasonal_Storage_System,Water Plant,Water Tank,Water Feed Tank Low Level Switch
2024-08-05 03:27:00+00:00,0.2613063477460904,Seasonal_Storage_System,Water Plant,Water Tank,Water Feed Tank Low Level Switch
2024-08-05 03:28:00+00:00,0.5370947176684887,Seasonal_Storage_System,PV System,PV Inverter,Active Power
2024-08-05 03:29:00+00:00,0.13613843351548327,Seasonal_Storage_System,PV System,PV Inverter,Active Power
2024-08-05 03:30:00+00:00,0.32134790528233187,Seasonal_Storage_System,PV System,PV Inverter,Active Power
2024-08-05 03:31:00+00:00,-0.17766848816029104,Seasonal_Storage_System,PV System,PV Inverter,Active Power
2024-08-05 03:32:00+00:00,0.6241165755919859,Seasonal_Storage_System,Battery System,Battery,Current
2024-08-05 03:33:00+00:00,-0.35058287795992654,Seasonal_Storage_System,Battery System,Battery,Current
2024-08-05 03:34:00+00:00,-0.2106284153005459,Seasonal_Storage_System,PV System,PV Inverter,Active Power
2024-08-05 03:35:00+00:00,-0.2542440801457189,Seasonal_Storage_System,Battery System,Battery,Current
2024-08-05 03:36:00+00:00,0.10904371584699496,Seasonal_Storage_System,Battery System,Battery,Current
2024-08-05 03:37:00+00:00,-0.03402550091074633,Seasonal_Storage_System,Water Plant,Water Tank,Water Feed Tank Low Level Switch
2024-08-05 03:38:00+00:00,-0.11762295081967157,Seasonal_Storage_System,Water Plant,Drain,Drain High Level Switch
2024-08-05 03:39:00+00:00,0.211930783242259,Seasonal_Storage_System,Water Plant,Water Tank,Water Feed Tank Low Level Switch
2024-08-05 03:40:00+00:00,-0.39489071038251317,Seasonal_Storage_System,Water Plant,Water Tank,Water Feed Tank Low Level Switch
2024-08-05 03:41:00+00:00,0.18903460837887104,Seasonal_Storage_System,Water Plant,Drain,Drain High Level Switch
2024-08-05 03:42:00+00:00,0.31500000000000045,Seasonal_Storage_System,Water Plant,Water Tank,Water Feed Tank Low Level Switch
2024-08-05 03:43:00+00:00,0.06395264116575627,Seasonal_Storage_System,Water Plant,Drain,Drain High Level Switch
2024-08-05 03:44:00+00:00,0.1464213431462743,Seasonal_Storage_System,Water Plant,Water Tank,Water Feed Tank Low Level Switch
2024-08-05 03:45:00+00:00,-0.11504553734061888,Seasonal_Storage_System,Battery System,Battery,Current
2024-08-05 03:46:00+00:00,0.1526775956284157,Seasonal_Storage_System,Battery System,Battery,Current
2024-08-05 03:47:00+00:00,0.15907103825136643,Seasonal_Storage_System,Battery System,Battery,Current
2024-08-05 03:48:00+00:00,0.1971220400728599,Seasonal_Storage_System,Battery System,Battery,Current
2024-08-05 03:49:00+00:00,0.3537522768670315,Seasonal_Storage_System,Battery System,Battery,Current
2024-08-05 03:50:00+00:00,0.16290528233151222,Seasonal_Storage_System,Battery System,Battery,Current
2024-08-05 03:51:00+00:00,-0.013761384335154407,Seasonal_Storage_System,Battery System,Battery,Current
2024-08-05 03:52:00+00:00,-0.05107468123861519,Seasonal_Storage_System,Battery System,Battery,Current
2024-08-05 03:53:00+00:00,-0.20120218579234916,Seasonal_Storage_System,Battery System,Battery,Current
2024-08-05 03:54:00+00:00,0.34999089253187665,Seasonal_Storage_System,Battery System,Battery,Current
2024-08-05 03:55:00+00:00,0.07234972677595657,Seasonal_Storage_System,Battery System,Battery,Current
2024-08-05 03:56:00+00:00,0.36358834244080185,Seasonal_Storage_System,Battery System,Battery,Current
2024-08-05 03:57:00+00:00,0.4050819672131152,Seasonal_Storage_System,PV System,PV Inverter,Active Power
2024-08-05 03:58:00+00:00,-0.004380692167576982,Seasonal_Storage_System,Battery System,Battery,Current
2024-08-05 03:59:00+00:00,0.9017304189435342,Seasonal_Storage_System,Battery System,Battery,Current
2024-08-05 04:00:00+00:00,0.4235428051001826,Seasonal_Storage_System,Battery System,Battery,Current
2024-08-05 04:01:00+00:00,-0.18342440801457158,Seasonal_Storage_System,Battery System,Battery,Current
2024-08-05 04:02:00+00:00,-0.31182149362477213,Seasonal_Storage_System,Battery System,Battery,Current
2024-08-05 04:03:00+00:00,-0.6099089253187613,Seasonal_Storage_System,Battery System,Battery,Current
2024-08-05 04:04:00+00:00,-0.2901092896174862,Seasonal_Storage_System,PV System,PV Inverter,Active Power
2024-08-05 04:05:00+00:00,-0.18943533697632028,Seasonal_Storage_System,PV System,PV Inverter,Active Power
2024-08-05 04:06:00+00:00,-0.27407103825136575,Seasonal_Storage_System,PV System,PV Inverter,Active Power
2024-08-05 04:07:00+00:00,-0.21329690346083757,Seasonal_Storage_System,PV System,PV Inverter,Active Power
2024-08-05 04:08:00+00:00,-0.25904371584699454,Seasonal_Storage_System,PV System,PV Inverter,Active Power
2024-08-05 04:09:00+00:00,2.2530236794171223,Seasonal_Storage_System,Water Plant,Water Tank,Water Feed Tank Low Level Switch
2024-08-05 04:10:00+00:00,-1.0114845173041893,Seasonal_Storage_System,Water Plant,Water Tank,Water Feed Tank Low Level Switch
2024-08-05 04:11:00+00:00,-0.11090163934426218,Seasonal_Storage_System,Water Plant,Water Tank,Water Feed Tank Low Level Switch
2024-08-05 04:12:00+00:00,0.2822495446265941,Seasonal_Storage_System,Water Plant,Drain,Drain High Level Switch
2024-08-05 04:13:00+00:00,0.14218951241950334,Seasonal_Storage_System,Water Plant,Water Tank,Water Feed Tank Low Level Switch
2024-08-05 04:14:00+00:00,0.45308743169398924,Seasonal_Storage_System,Battery System,Battery,Current
2024-08-05 04:15:00+00:00,0.162504553734062,Seasonal_Storage_System,PV System,PV Inverter,Active Power
2024-08-05 04:16:00+00:00,0.2727868852459019,Seasonal_Storage_System,Battery System,Battery,Current
2024-08-05 04:17:00+00:00,0.6812271062271065,Seasonal_Storage_System,PV System,PV Inverter,Active Power
2024-08-05 04:18:00+00:00,0.35306010928961773,Seasonal_Storage_System,Ventilation,Ventilation 1,Emergency Ventilation 1 Control Signal
2024-08-05 04:19:00+00:00,0.6057832422586521,Seasonal_Storage_System,Ventilation,Ventilation 1,Emergency Ventilation 1 Control Signal
2024-08-05 04:20:00+00:00,0.2397996357012751,Seasonal_Storage_System,Ventilation,Ventilation 1,Emergency Ventilation 1 Control Signal
2024-08-05 04:21:00+00:00,-0.15183970856101983,Seasonal_Storage_System,Ventilation,Ventilation 1,Emergency Ventilation 1 Control Signal
2024-08-05 04:22:00+00:00,0.11258652094717678,Seasonal_Storage_System,Ventilation,Ventilation 1,Emergency Ventilation 1 Control Signal
2024-08-05 04:23:00+00:00,0.1542805100182148,Seasonal_Storage_System,Ventilation,Ventilation 1,Emergency Ventilation 1 Control Signal
2024-08-05 04:24:00+00:00,0.43141165755919875,Seasonal_Storage_System,Ventilation,Ventilation 1,Emergency Ventilation 1 Control Signal
2024-08-05 04:25:00+00:00,-0.34325136612021845,Seasonal_Storage_System,Ventilation,Ventilation 1,Emergency Ventilation 1 Control Signal
2024-08-05 04:26:00+00:00,0.22106557377049182,Seasonal_Storage_System,Ventilation,Ventilation 1,Emergency Ventilation 1 Control Signal
2024-08-05 04:27:00+00:00,0.47680327868852457,Seasonal_Storage_System,Ventilation,Ventilation 1,Emergency Ventilation 1 Control Signal
2024-08-05 04:28:00+00:00,0.4590983606557377,Seasonal_Storage_System,Ventilation,Ventilation 1,Emergency Ventilation 1 Control Signal
2024-08-05 04:29:00+00:00,0.7770491803278688,Seasonal_Storage_System,Ventilation,Ventilation 1,Emergency Ventilation 1 Control Signal
2024-08-05 04:30:00+00:00,1.0469489981785065,Seasonal_Storage_System,Ventilation,Ventilation 1,Emergency Ventilation 1 Control Signal
2024-08-05 04:31:00+00:00,1.315327868852459,Seasonal_Storage_System,Ventilation,Ventilation 1,Emergency Ventilation 1 Control Signal
2024-08-05 04:32:00+00:00,1.8746994535519126,Seasonal_Storage_System,Ventilation,Ventilation 1,Emergency Ventilation 1 Control Signal
2024-08-05 04:33:00+00:00,0.5871493624772315,Seasonal_Storage_System,Ventilation,Ventilation 1,Emergency Ventilation 1 Control Signal
2024-08-05 04:34:00+00:00,2.3203825136612024,Seasonal_Storage_System,Ventilation,Ventilation 1,Emergency Ventilation 1 Control Signal
2024-08-05 04:35:00+00:00,3.666020036429873,Seasonal_Storage_System,Ventilation,Ventilation 1,Emergency Ventilation 1 Control Signal
2024-08-05 04:36:00+00:00,4.569171220400729,Seasonal_Storage_System,Ventilation,Ventilation 1,Emergency Ventilation 1 Control Signal
2024-08-05 04:37:00+00:00,6.176056466302367,Seasonal_Storage_System,Ventilation,Ventilation 1,Emergency Ventilation 1 Control Signal
2024-08-05 04:38:00+00:00,7.4023588342440805,Seasonal_Storage_System,Ventilation,Ventilation 1,Emergency Ventilation 1 Control Signal
2024-08-05 04:39:00+00:00,8.336903460837886,Seasonal_Storage_System,Ventilation,Ventilation 1,Emergency Ventilation 1 Control Signal
2024-08-05 04:40:00+00:00,8.118023679417123,Seasonal_Storage_System,Ventilation,Ventilation 1,Emergency Ventilation 1 Control Signal
2024-08-05 04:41:00+00:00,8.147204007285973,Seasonal_Storage_System,Ventilation,Ventilation 1,Emergency Ventilation 1 Control Signal
2024-08-05 04:42:00+00:00,8.961703096539162,Seasonal_Storage_System,Ventilation,Ventilation 1,Emergency Ventilation 1 Control Signal
2024-08-05 04:43:00+00:00,10.484972677595628,Seasonal_Storage_System,Ventilation,Ventilation 1,Emergency Ventilation 1 Control Signal
2024-08-05 04:44:00+00:00,11.560009107468124,Seasonal_Storage_System,Ventilation,Ventilation 1,Emergency Ventilation 1 Control Signal
2024-08-05 04:45:00+00:00,12.94863387978142,Seasonal_Storage_System,Ventilation,Ventilation 1,Emergency Ventilation 1 Control Signal
2024-08-05 04:46:00+00:00,14.819617486338798,Seasonal_Storage_System,Ventilation,Ventilation 1,Emergency Ventilation 1 Control Signal
2024-08-05 04:47:00+00:00,15.06483606557377,Seasonal_Storage_System,Ventilation,Ventilation 1,Emergency Ventilation 1 Control Signal
2024-08-05 04:48:00+00:00,15.971545538178473,Seasonal_Storage_System,Ventilation,Ventilation 1,Emergency Ventilation 1 Control Signal
2024-08-05 04:49:00+00:00,16.283014571949,Seasonal_Storage_System,Battery System,Battery,Current
2024-08-05 04:50:00+00:00,17.433306010928963,Seasonal_Storage_System,Battery System,Battery,Current
2024-08-05 04:51:00+00:00,18.26704918032787,Seasonal_Storage_System,PV System,PV Inverter,Active Power
2024-08-05 04:52:00+00:00,18.360983606557376,Seasonal_Storage_System,Battery System,Battery,Current
2024-08-05 04:53:00+00:00,19.455546448087432,Seasonal_Storage_System,Battery System,Battery,Current
2024-08-05 04:54:00+00:00,19.63770491803279,Seasonal_Storage_System,PV System,PV Inverter,Active Power
2024-08-05 04:55:00+00:00,20.332887067395262,Seasonal_Storage_System,PV System,PV Inverter,Active Power
2024-08-05 04:56:00+00:00,20.751803278688524,Seasonal_Storage_System,Battery System,Battery,Current
2024-08-05 04:57:00+00:00,21.939398907103826,Seasonal_Storage_System,Battery System,Battery,Current
2024-08-05 04:58:00+00:00,22.990318761384334,Seasonal_Storage_System,PV System,PV Inverter,Active Power
2024-08-05 04:59:00+00:00,23.56917122040073,Seasonal_Storage_System,Battery System,Battery,Current
2024-08-05 05:00:00+00:00,23.7521766848816,Seasonal_Storage_System,PV System,PV Inverter,Active Power
2024-08-05 05:01:00+00:00,24.075127504553734,Seasonal_Storage_System,Battery System,Battery,Current
2024-08-05 05:02:00+00:00,23.77556466302368,Seasonal_Storage_System,PV System,PV Inverter,Active Power
2024-08-05 05:03:00+00:00,23.886375227686706,Seasonal_Storage_System,PV System,PV Inverter,Active Power
2024-08-05 05:04:00+00:00,23.340109289617484,Seasonal_Storage_System,Battery System,Battery,Current
2024-08-05 05:05:00+00:00,23.243779599271406,Seasonal_Storage_System,PV System,PV Inverter,Active Power
2024-08-05 05:06:00+00:00,23.705910746812386,Seasonal_Storage_System,PV System,PV Inverter,Active Power
2024-08-05 05:07:00+00:00,23.697340619307834,Seasonal_Storage_System,PV System,PV Inverter,Active Power
2024-08-05 05:08:00+00:00,24.137404371584697,Seasonal_Storage_System,PV System,PV Inverter,Active Power
2024-08-05 05:09:00+00:00,24.65681238615665,Seasonal_Storage_System,PV System,PV Inverter,Active Power
2024-08-05 05:10:00+00:00,25.123160291438978,Seasonal_Storage_System,Battery System,Battery,Current
2024-08-05 05:11:00+00:00,25.846065573770492,Seasonal_Storage_System,Battery System,Battery,Current
2024-08-05 05:12:00+00:00,26.40274134790528,Seasonal_Storage_System,Battery System,Battery,Current
2024-08-05 05:13:00+00:00,27.194298724954464,Seasonal_Storage_System,Battery System,Battery,Current
2024-08-05 05:14:00+00:00,27.37889799635701,Seasonal_Storage_System,Battery System,Battery,Current
2024-08-05 05:15:00+00:00,27.539681238615664,Seasonal_Storage_System,PV System,PV Inverter,Active Power
2024-08-05 05:16:00+00:00,27.030537340619308,Seasonal_Storage_System,Battery System,Battery,Current
2024-08-05 05:17:00+00:00,27.71363387978142,Seasonal_Storage_System,Battery System,Battery,Current
2024-08-05 05:18:00+00:00,27.25523679417122,Seasonal_Storage_System,Battery System,Battery,Current
2024-08-05 05:19:00+00:00,27.853579234972678,Seasonal_Storage_System,PV System,PV Inverter,Active Power
2024-08-05 05:20:00+00:00,27.70632058287796,Seasonal_Storage_System,PV System,PV Inverter,Active Power
2024-08-05 05:21:00+00:00,27.6211839708561,Seasonal_Storage_System,Battery System,Battery,Current
2024-08-05 05:22:00+00:00,27.549826958105644,Seasonal_Storage_System,Battery System,Battery,Current
2024-08-05 05:23:00+00:00,28.1906102003643,Seasonal_Storage_System,PV System,PV Inverter,Active Power
2024-08-05 05:24:00+00:00,27.727267759562842,Seasonal_Storage_System,PV System,PV Inverter,Active Power
2024-08-05 05:25:00+00:00,27.687828886844528,Seasonal_Storage_System,Battery System,Battery,Current
2024-08-05 05:26:00+00:00,28.004681238615664,Seasonal_Storage_System,PV System,PV Inverter,Active Power
2024-08-05 05:27:00+00:00,28.06719489981785,Seasonal_Storage_System,Battery System,Battery,Current
2024-08-05 05:28:00+00:00,28.15103825136612,Seasonal_Storage_System,Battery System,Battery,Current
2024-08-05 05:29:00+00:00,27.811812386156646,Seasonal_Storage_System,Battery System,Battery,Current
2024-08-05 05:30:00+00:00,28.20265027322404,Seasonal_Storage_System,Battery System,Battery,Current
2024-08-05 05:31:00+00:00,28.187522768670313,Seasonal_Storage_System,Battery System,Battery,Current
2024-08-05 05:32:00+00:00,28.752122040072862,Seasonal_Storage_System,PV System,PV Inverter,Active Power
2024-08-05 05:33:00+00:00,29.372295081967213,Seasonal_Storage_System,PV System,PV Inverter,Active Power
2024-08-05 05:34:00+00:00,30.791721311475406,Seasonal_Storage_System,PV System,PV Inverter,Active Power
2024-08-05 05:35:00+00:00,30.845910746812383,Seasonal_Storage_System,Battery System,Battery,Current
2024-08-05 05:36:00+00:00,32.15588342440802,Seasonal_Storage_System,PV System,PV Inverter,Active Power
2024-08-05 05:37:00+00:00,33.30879781420765,Seasonal_Storage_System,Battery System,Battery,Current
2024-08-05 05:38:00+00:00,34.8897723132969,Seasonal_Storage_System,Battery System,Battery,Current
2024-08-05 05:39:00+00:00,35.85751366120219,Seasonal_Storage_System,Battery System,Battery,Current
2024-08-05 05:40:00+00:00,36.61878870673953,Seasonal_Storage_System,Battery System,Battery,Current
2024-08-05 05:41:00+00:00,39.270200364298724,Seasonal_Storage_System,PV System,PV Inverter,Active Power
2024-08-05 05:42:00+00:00,39.599854280510016,Seasonal_Storage_System,Battery System,Battery,Current
2024-08-05 05:43:00+00:00,39.80657381615599,Seasonal_Storage_System,Battery System,Battery,Current
2024-08-05 05:44:00+00:00,40.282805100182145,Seasonal_Storage_System,Heat Management,Indoor Convector,Indoor Convector Feed Temperature
2024-08-05 05:45:00+00:00,41.39631147540984,Seasonal_Storage_System,Heat Management,Indoor Convector,Indoor Convector Feed Temperature
2024-08-05 05:46:00+00:00,44.16689435336976,Seasonal_Storage_System,Heat Management,Indoor Convector,Indoor Convector Feed Temperature
2024-08-05 05:47:00+00:00,44.367295081967214,Seasonal_Storage_System,Heat Management,Indoor Convector,Indoor Convector Feed Temperature
2024-08-05 05:48:00+00:00,43.307021857923495,Seasonal_Storage_System,Heat Management,Indoor Convector,Indoor Convector Feed Temperature
2024-08-05 05:49:00+00:00,43.59117486338798,Seasonal_Storage_System,Heat Management,Indoor Convector,Indoor Convector Feed Temperature
2024-08-05 05:50:00+00:00,44.846675774134795,Seasonal_Storage_System,Heat Management,Indoor Convector,Indoor Convector Feed Temperature
2024-08-05 05:51:00+00:00,45.54158469945356,Seasonal_Storage_System,Heat Management,Indoor Convector,Indoor Convector Feed Temperature
2024-08-05 05:52:00+00:00,46.641967213114754,Seasonal_Storage_System,Heat Management,Indoor Convector,Indoor Convector Feed Temperature
2024-08-05 05:53:00+00:00,47.73418032786885,Seasonal_Storage_System,Heat Management,Indoor Convector,Indoor Convector Feed Temperature
2024-08-05 05:54:00+00:00,49.35618397085611,Seasonal_Storage_System,Heat Management,Indoor Convector,Indoor Convector Feed Temperature
2024-08-05 05:55:00+00:00,50.76789617486339,Seasonal_Storage_System,Heat Management,Indoor Convector,Indoor Convector Feed Temperature
2024-08-05 05:56:00+00:00,52.15908003679853,Seasonal_Storage_System,Heat Management,Indoor Convector,Indoor Convector Feed Temperature
2024-08-05 05:57:00+00:00,54.12811475409836,Seasonal_Storage_System,Heat Management,Indoor Convector,Indoor Convector Feed Temperature
2024-08-05 05:58:00+00:00,55.518734061930786,Seasonal_Storage_System,Heat Management,Indoor Convector,Indoor Convector Feed Temperature
2024-08-05 05:59:00+00:00,56.46177595628415,Seasonal_Storage_System,Heat Management,Indoor Convector,Indoor Convector Feed Temperature
2024-08-05 06:00:00+00:00,58.267058287796,Seasonal_Storage_System,Heat Management,Indoor Convector,Indoor Convector Feed Temperature
2024-08-05 06:01:00+00:00,59.48214936247723,Seasonal_Storage_System,Heat Management,Indoor Convector,Indoor Convector Feed Temperature
2024-08-05 06:02:00+00:00,61.28344262295082,Seasonal_Storage_System,Heat Management,Indoor Convector,Indoor Convector Feed Temperature
2024-08-05 06:03:00+00:00,61.73329690346084,Seasonal_Storage_System,Heat Management,Indoor Convector,Indoor Convector Feed Temperature
2024-08-05 06:04:00+00:00,61.584526411657556,Seasonal_Storage_System,Heat Management,Indoor Convector,Indoor Convector Feed Temperature
2024-08-05 06:05:00+00:00,61.93547358834243,Seasonal_Storage_System,Heat Management,Indoor Convector,Indoor Convector Feed Temperature
2024-08-05 06:06:00+00:00,62.34965391621129,Seasonal_Storage_System,Heat Management,Indoor Convector,Indoor Convector Feed Temperature
2024-08-05 06:07:00+00:00,62.69756830601092,Seasonal_Storage_System,Heat Management,Indoor Convector,Indoor Convector Feed Temperature
2024-08-05 06:08:00+00:00,63.411857923497266,Seasonal_Storage_System,Heat Management,Indoor Convector,Indoor Convector Feed Temperature
2024-08-05 06:09:00+00:00,64.23841575091576,Seasonal_Storage_System,Heat Management,Indoor Convector,Indoor Convector Feed Temperature
2024-08-05 06:10:00+00:00,64.04464480874317,Seasonal_Storage_System,Ventilation,Ventilation 1,Emergency Ventilation 1 Control Signal
2024-08-05 06:11:00+00:00,64.24120218579235,Seasonal_Storage_System,Ventilation,Ventilation 1,Emergency Ventilation 1 Control Signal
2024-08-05 06:12:00+00:00,64.618014571949,Seasonal_Storage_System,Ventilation,Ventilation 1,Emergency Ventilation 1 Control Signal
2024-08-05 06:13:00+00:00,64.62581967213114,Seasonal_Storage_System,Ventilation,Ventilation 1,Emergency Ventilation 1 Control Signal
2024-08-05 06:14:00+00:00,68.70892531876137,Seasonal_Storage_System,Ventilation,Ventilation 1,Emergency Ventilation 1 Control Signal
2024-08-05 06:15:00+00:00,65.49822404371585,Seasonal_Storage_System,Ventilation,Ventilation 1,Emergency Ventilation 1 Control Signal
2024-08-05 06:16:00+00:00,65.21962659380692,Seasonal_Storage_System,Ventilation,Ventilation 1,Emergency Ventilation 1 Control Signal
2024-08-05 06:17:00+00:00,65.76151183970856,Seasonal_Storage_System,Ventilation,Ventilation 1,Emergency Ventilation 1 Control Signal
2024-08-05 06:18:00+00:00,66.35768670309655,Seasonal_Storage_System,Ventilation,Ventilation 1,Emergency Ventilation 1 Control Signal
2024-08-05 06:19:00+00:00,67.11395264116575,Seasonal_Storage_System,Ventilation,Ventilation 1,Emergency Ventilation 1 Control Signal
2024-08-05 06:20:00+00:00,66.42638433515482,Seasonal_Storage_System,Ventilation,Ventilation 1,Emergency Ventilation 1 Control Signal
2024-08-05 06:21:00+00:00,66.66401639344262,Seasonal_Storage_System,Ventilation,Ventilation 1,Emergency Ventilation 1 Control Signal
2024-08-05 06:22:00+00:00,67.95044626593807,Seasonal_Storage_System,Ventilation,Ventilation 1,Emergency Ventilation 1 Control Signal
2024-08-05 06:23:00+00:00,68.04300546448087,Seasonal_Storage_System,Ventilation,Ventilation 1,Emergency Ventilation 1 Control Signal
2024-08-05 06:24:00+00:00,67.82904323827047,Seasonal_Storage_System,Ventilation,Ventilation 1,Emergency Ventilation 1 Control Signal
2024-08-05 06:25:00+00:00,68.45611111111111,Seasonal_Storage_System,Battery System,Battery,Current
2024-08-05 06:26:00+00:00,68.62056466302369,Seasonal_Storage_System,Battery System,Battery,Current
2024-08-05 06:27:00+00:00,69.45147540983606,Seasonal_Storage_System,PV System,PV Inverter,Active Power
2024-08-05 06:28:00+00:00,70.3694262295082,Seasonal_Storage_System,PV System,PV Inverter,Active Power
2024-08-05 06:29:00+00:00,69.43384335154828,Seasonal_Storage_System,PV System,PV Inverter,Active Power
2024-08-05 06:30:00+00:00,69.39530054644808,Seasonal_Storage_System,PV System,PV Inverter,Active Power
2024-08-05 06:31:00+00:00,68.92479052823315,Seasonal_Storage_System,PV System,PV Inverter,Active Power
2024-08-05 06:32:00+00:00,68.97705828779598,Seasonal_Storage_System,PV System,PV Inverter,Active Power
2024-08-05 06:33:00+00:00,67.30836976320583,Seasonal_Storage_System,Battery System,Battery,Current
2024-08-05 06:34:00+00:00,66.56884335154827,Seasonal_Storage_System,PV System,PV Inverter,Active Power
2024-08-05 06:35:00+00:00,68.63592896174863,Seasonal_Storage_System,Battery System,Battery,Current
2024-08-05 06:36:00+00:00,68.54010018214936,Seasonal_Storage_System,Battery System,Battery,Current
2024-08-05 06:37:00+00:00,66.11001821493625,Seasonal_Storage_System,Battery System,Battery,Current
2024-08-05 06:38:00+00:00,62.939371584699444,Seasonal_Storage_System,Battery System,Battery,Current
2024-08-05 06:39:00+00:00,63.82083788706739,Seasonal_Storage_System,Battery System,Battery,Current
2024-08-05 06:40:00+00:00,57.96561930783242,Seasonal_Storage_System,Battery System,Battery,Current
2024-08-05 06:41:00+00:00,57.88315118397085,Seasonal_Storage_System,Battery System,Battery,Current
2024-08-05 06:42:00+00:00,53.78931693989071,Seasonal_Storage_System,PV System,PV Inverter,Active Power
2024-08-05 06:43:00+00:00,50.27204918032787,Seasonal_Storage_System,Battery System,Battery,Current
2024-08-05 06:44:00+00:00,50.27539162112932,Seasonal_Storage_System,PV System,PV Inverter,Active Power
2024-08-05 06:45:00+00:00,52.815810564663025,Seasonal_Storage_System,Battery System,Battery,Current
2024-08-05 06:46:00+00:00,58.76117486338798,Seasonal_Storage_System,PV System,PV Inverter,Active Power
2024-08-05 06:47:00+00:00,63.3381693989071,Seasonal_Storage_System,Battery System,Battery,Current
2024-08-05 06:48:00+00:00,63.59145719489982,Seasonal_Storage_System,PV System,PV Inverter,Active Power
2024-08-05 06:49:00+00:00,62.76726775956285,Seasonal_Storage_System,PV System,PV Inverter,Active Power
2024-08-05 06:50:00+00:00,61.847923497267765,Seasonal_Storage_System,PV System,PV Inverter,Active Power
2024-08-05 06:51:00+00:00,61.478169398907106,Seasonal_Storage_System,PV System,PV Inverter,Active Power
2024-08-05 06:52:00+00:00,59.6998451730419,Seasonal_Storage_System,PV System,PV Inverter,Active Power
2024-08-05 06:53:00+00:00,54.89804189435337,Seasonal_Storage_System,Battery System,Battery,Current
2024-08-05 06:54:00+00:00,47.7923679417122,Seasonal_Storage_System,Battery System,Battery,Current
2024-08-05 06:55:00+00:00,44.359681238615664,Seasonal_Storage_System,Battery System,Battery,Current
2024-08-05 06:56:00+00:00,41.62186703096539,Seasonal_Storage_System,PV System,PV Inverter,Active Power
2024-08-05 06:57:00+00:00,40.50218579234973,Seasonal_Storage_System,Battery System,Battery,Current
2024-08-05 06:58:00+00:00,38.83364298724954,Seasonal_Storage_System,Battery System,Battery,Current
2024-08-05 06:59:00+00:00,37.345910746812386,Seasonal_Storage_System,PV System,PV Inverter,Active Power
2024-08-05 07:00:00+00:00,36.763433515482696,Seasonal_Storage_System,PV System,PV Inverter,Active Power
2024-08-05 07:01:00+00:00,35.365746812386156,Seasonal_Storage_System,PV System,PV Inverter,Active Power
2024-08-05 07:02:00+00:00,36.35673952641166,Seasonal_Storage_System,Battery System,Battery,Current
2024-08-05 07:03:00+00:00,37.73270491803279,Seasonal_Storage_System,PV System,PV Inverter,Active Power
2024-08-05 07:04:00+00:00,39.039535519125685,Seasonal_Storage_System,Battery System,Battery,Current
2024-08-05 07:05:00+00:00,41.42149362477232,Seasonal_Storage_System,Battery System,Battery,Current
2024-08-05 07:06:00+00:00,38.91553734061931,Seasonal_Storage_System,Battery System,Battery,Current
2024-08-05 07:07:00+00:00,35.57158469945355,Seasonal_Storage_System,PV System,PV Inverter,Active Power
2024-08-05 07:08:00+00:00,36.19400728597449,Seasonal_Storage_System,Battery System,Battery,Current
2024-08-05 07:09:00+00:00,36.00257741347905,Seasonal_Storage_System,Battery System,Battery,Current
2024-08-05 07:10:00+00:00,37.70569216757741,Seasonal_Storage_System,Battery System,Battery,Current
2024-08-05 07:11:00+00:00,38.1264480874317,Seasonal_Storage_System,Battery System,Battery,Current
2024-08-05 07:12:00+00:00,37.52474499089253,Seasonal_Storage_System,Battery System,Battery,Current
2024-08-05 07:13:00+00:00,38.3535883424408,Seasonal_Storage_System,Battery System,Battery,Current
2024-08-05 07:14:00+00:00,39.08208561020036,Seasonal_Storage_System,Battery System,Battery,Current
2024-08-05 07:15:00+00:00,47.123788706739525,Seasonal_Storage_System,Battery System,Battery,Current
2024-08-05 07:16:00+00:00,49.92678506375228,Seasonal_Storage_System,Battery System,Battery,Current
2024-08-05 07:17:00+00:00,51.09288706739526,Seasonal_Storage_System,Battery System,Battery,Current
2024-08-05 07:18:00+00:00,51.86255009107468,Seasonal_Storage_System,Battery System,Battery,Current
2024-08-05 07:19:00+00:00,52.16203096539162,Seasonal_Storage_System,Battery System,Battery,Current
2024-08-05 07:20:00+00:00,53.17478142076502,Seasonal_Storage_System,Battery System,Battery,Current
2024-08-05 07:21:00+00:00,54.078014571949,Seasonal_Storage_System,Battery System,Battery,Current
2024-08-05 07:22:00+00:00,54.8778233151184,Seasonal_Storage_System,Battery System,Battery,Current
2024-08-05 07:23:00+00:00,54.93928961748634,Seasonal_Storage_System,Battery System,Battery,Current
2024-08-05 07:24:00+00:00,55.03653916211294,Seasonal_Storage_System,Battery System,Battery,Current
2024-08-05 07:25:00+00:00,55.59488160291439,Seasonal_Storage_System,Battery System,Battery,Current
2024-08-05 07:26:00+00:00,54.397295081967215,Seasonal_Storage_System,PV System,PV Inverter,Active Power
2024-08-05 07:27:00+00:00,53.47623861566485,Seasonal_Storage_System,Battery System,Battery,Current
2024-08-05 07:28:00+00:00,53.2061269549218,Seasonal_Storage_System,PV System,PV Inverter,Active Power
2024-08-05 07:29:00+00:00,53.630938069216754,Seasonal_Storage_System,PV System,PV Inverter,Active Power
2024-08-05 07:30:00+00:00,53.75668488160291,Seasonal_Storage_System,Battery System,Battery,Current
2024-08-05 07:31:00+00:00,54.327240437158466,Seasonal_Storage_System,Battery System,Battery,Current
2024-08-05 07:32:00+00:00,55.092795992714024,Seasonal_Storage_System,Battery System,Battery,Current
2024-08-05 07:33:00+00:00,55.673214936247724,Seasonal_Storage_System,Battery System,Battery,Current
2024-08-05 07:34:00+00:00,56.26237704918033,Seasonal_Storage_System,PV System,PV Inverter,Active Power
2024-08-05 07:35:00+00:00,56.302905282331515,Seasonal_Storage_System,Battery System,Battery,Current
2024-08-05 07:36:00+00:00,56.557204007285975,Seasonal_Storage_System,PV System,PV Inverter,Active Power
2024-08-05 07:37:00+00:00,56.13720400728597,Seasonal_Storage_System,Battery System,Battery,Current
2024-08-05 07:38:00+00:00,53.27234972677596,Seasonal_Storage_System,Battery System,Battery,Current
2024-08-05 07:39:00+00:00,44.68254098360656,Seasonal_Storage_System,Battery System,Battery,Current
2024-08-05 07:40:00+00:00,45.59395264116576,Seasonal_Storage_System,Battery System,Battery,Current
2024-08-05 07:41:00+00:00,44.73604735883424,Seasonal_Storage_System,Battery System,Battery,Current
2024-08-05 07:42:00+00:00,51.5106102003643,Seasonal_Storage_System,Battery System,Battery,Current
2024-08-05 07:43:00+00:00,55.37439890710383,Seasonal_Storage_System,Battery System,Battery,Current
2024-08-05 07:44:00+00:00,55.70172131147541,Seasonal_Storage_System,Battery System,Battery,Current
2024-08-05 07:45:00+00:00,55.726584699453554,Seasonal_Storage_System,Battery System,Battery,Current
2024-08-05 07:46:00+00:00,57.75939890710382,Seasonal_Storage_System,Battery System,Battery,Current
2024-08-05 07:47:00+00:00,57.61913479052823,Seasonal_Storage_System,Battery System,Battery,Current
2024-08-05 07:48:00+00:00,59.91373406193078,Seasonal_Storage_System,Battery System,Battery,Current
2024-08-05 07:49:00+00:00,62.70847905282332,Seasonal_Storage_System,Battery System,Battery,Current
2024-08-05 07:50:00+00:00,59.87993624772313,Seasonal_Storage_System,Battery System,Battery,Current
2024-08-05 07:51:00+00:00,58.61713114754098,Seasonal_Storage_System,Battery System,Battery,Current
2024-08-05 07:52:00+00:00,59.918351548269584,Seasonal_Storage_System,Battery System,Battery,Current
2024-08-05 07:53:00+00:00,64.57819672131147,Seasonal_Storage_System,PV System,PV Inverter,Active Power
2024-08-05 07:54:00+00:00,67.61482695810565,Seasonal_Storage_System,Battery System,Battery,Current
2024-08-05 07:55:00+00:00,70.63672131147541,Seasonal_Storage_System,PV System,PV Inverter,Active Power
2024-08-05 07:56:00+00:00,70.40044626593807,Seasonal_Storage_System,Battery System,Battery,Current
2024-08-05 07:57:00+00:00,66.09412568306011,Seasonal_Storage_System,Battery System,Battery,Current
2024-08-05 07:58:00+00:00,68.26543715846994,Seasonal_Storage_System,Battery System,Battery,Current
2024-08-05 07:59:00+00:00,76.35375227686703,Seasonal_Storage_System,Battery System,Battery,Current
2024-08-05 08:00:00+00:00,84.62418943533697,Seasonal_Storage_System,Battery System,Battery,Current
2024-08-05 08:01:00+00:00,78.3577868852459,Seasonal_Storage_System,Battery System,Battery,Current
2024-08-05 08:02:00+00:00,72.83313296903461,Seasonal_Storage_System,Battery System,Battery,Current
2024-08-05 08:03:00+00:00,76.33525500910747,Seasonal_Storage_System,PV System,PV Inverter,Active Power
2024-08-05 08:04:00+00:00,74.77905282331511,Seasonal_Storage_System,Battery System,Battery,Current
2024-08-05 08:05:00+00:00,74.24663934426229,Seasonal_Storage_System,PV System,PV Inverter,Active Power
2024-08-05 08:06:00+00:00,77.99627504553735,Seasonal_Storage_System,Battery System,Battery,Current
2024-08-05 08:07:00+00:00,91.60691605839415,Seasonal_Storage_System,Battery System,Battery,Current
2024-08-05 08:08:00+00:00,89.72703397612489,Seasonal_Storage_System,User Control,Mode Selector,Mode Selector Battery
2024-08-05 08:09:00+00:00,81.75520036429873,Seasonal_Storage_System,PV System,PV Inverter,Active Power
2024-08-05 08:10:00+00:00,96.97508196721311,Seasonal_Storage_System,Battery System,Battery,Current
2024-08-05 08:11:00+00:00,102.51975409836066,Seasonal_Storage_System,PV System,PV Inverter,Active Power
2024-08-05 08:12:00+00:00,101.89521857923496,Seasonal_Storage_System,Battery System,Battery,Current
2024-08-05 08:13:00+00:00,113.25517399267399,Seasonal_Storage_System,Battery System,Battery,Current
2024-08-05 08:14:00+00:00,112.24712204007285,Seasonal_Storage_System,Ventilation,Ventilation 1,Emergency Ventilation 1 Control Signal
2024-08-05 08:15:00+00:00,94.19570127504554,Seasonal_Storage_System,Ventilation,Ventilation 1,Emergency Ventilation 1 Control Signal
2024-08-05 08:16:00+00:00,72.26976320582878,Seasonal_Storage_System,Ventilation,Ventilation 1,Emergency Ventilation 1 Control Signal
2024-08-05 08:17:00+00:00,66.59803278688524,Seasonal_Storage_System,Ventilation,Ventilation 1,Emergency Ventilation 1 Control Signal
2024-08-05 08:18:00+00:00,73.07033697632058,Seasonal_Storage_System,Ventilation,Ventilation 1,Emergency Ventilation 1 Control Signal
2024-08-05 08:19:00+00:00,88.34652094717669,Seasonal_Storage_System,Ventilation,Ventilation 1,Emergency Ventilation 1 Control Signal
2024-08-05 08:20:00+00:00,93.81739526411657,Seasonal_Storage_System,Ventilation,Ventilation 1,Emergency Ventilation 1 Control Signal
2024-08-05 08:21:00+00:00,84.85003642987249,Seasonal_Storage_System,Ventilation,Ventilation 1,Emergency Ventilation 1 Control Signal
2024-08-05 08:22:00+00:00,96.38647540983607,Seasonal_Storage_System,Ventilation,Ventilation 1,Emergency Ventilation 1 Control Signal
2024-08-05 08:23:00+00:00,95.6522131147541,Seasonal_Storage_System,Ventilation,Ventilation 1,Emergency Ventilation 1 Control Signal
2024-08-05 08:24:00+00:00,78.27074681238615,Seasonal_Storage_System,Ventilation,Ventilation 1,Emergency Ventilation 1 Control Signal
2024-08-05 08:25:00+00:00,72.49876138433515,Seasonal_Storage_System,Ventilation,Ventilation 1,Emergency Ventilation 1 Control Signal
2024-08-05 08:26:00+00:00,81.63134790528234,Seasonal_Storage_System,Ventilation,Ventilation 1,Emergency Ventilation 1 Control Signal
2024-08-05 08:27:00+00:00,93.50133879781421,Seasonal_Storage_System,Ventilation,Ventilation 1,Emergency Ventilation 1 Control Signal
2024-08-05 08:28:00+00:00,81.45497267759562,Seasonal_Storage_System,Ventilation,Ventilation 1,Emergency Ventilation 1 Control Signal
2024-08-05 08:29:00+00:00,74.05712204007285,Seasonal_Storage_System,Ventilation,Ventilation 1,Emergency Ventilation 1 Control Signal
2024-08-05 08:30:00+00:00,72.27646630236794,Seasonal_Storage_System,Ventilation,Ventilation 1,Emergency Ventilation 1 Control Signal
2024-08-05 08:31:00+00:00,92.19318761384335,Seasonal_Storage_System,Ventilation,Ventilation 1,Emergency Ventilation 1 Control Signal
2024-08-05 08:32:00+00:00,88.67826958105647,Seasonal_Storage_System,Ventilation,Ventilation 1,Emergency Ventilation 1 Control Signal
2024-08-05 08:33:00+00:00,92.96425318761385,Seasonal_Storage_System,Ventilation,Ventilation 1,Emergency Ventilation 1 Control Signal
2024-08-05 08:34:00+00:00,92.79948998178506,Seasonal_Storage_System,Ventilation,Ventilation 1,Emergency Ventilation 1 Control Signal
2024-08-05 08:35:00+00:00,96.15073770491803,Seasonal_Storage_System,Ventilation,Ventilation 1,Emergency Ventilation 1 Control Signal
2024-08-05 08:36:00+00:00,79.92793260473587,Seasonal_Storage_System,Ventilation,Ventilation 1,Emergency Ventilation 1 Control Signal
2024-08-05 08:37:00+00:00,87.61429872495447,Seasonal_Storage_System,Ventilation,Ventilation 1,Emergency Ventilation 1 Control Signal
2024-08-05 08:38:00+00:00,105.78275956284153,Seasonal_Storage_System,Ventilation,Ventilation 1,Emergency Ventilation 1 Control Signal
2024-08-05 08:39:00+00:00,117.98284153005464,Seasonal_Storage_System,Ventilation,Ventilation 1,Emergency Ventilation 1 Control Signal
2024-08-05 08:40:00+00:00,138.13982695810566,Seasonal_Storage_System,Ventilation,Ventilation 1,Emergency Ventilation 1 Control Signal
2024-08-05 08:41:00+00:00,144.2466757741348,Seasonal_Storage_System,Ventilation,Ventilation 1,Emergency Ventilation 1 Control Signal
2024-08-05 08:42:00+00:00,150.62477231329692,Seasonal_Storage_System,Ventilation,Ventilation 1,Emergency Ventilation 1 Control Signal
2024-08-05 08:43:00+00:00,152.67801457194898,Seasonal_Storage_System,Ventilation,Ventilation 1,Emergency Ventilation 1 Control Signal
2024-08-05 08:44:00+00:00,154.5086703096539,Seasonal_Storage_System,Ventilation,Ventilation 1,Emergency Ventilation 1 Control Signal
2024-08-05 08:45:00+00:00,147.46703096539161,Seasonal_Storage_System,Ventilation,Ventilation 1,Emergency Ventilation 1 Control Signal
2024-08-05 08:46:00+00:00,140.2140892531876,Seasonal_Storage_System,Ventilation,Ventilation 1,Emergency Ventilation 1 Control Signal
2024-08-05 08:47:00+00:00,138.2722495446266,Seasonal_Storage_System,Ventilation,Ventilation 1,Emergency Ventilation 1 Control Signal
2024-08-05 08:48:00+00:00,139.17010928961747,Seasonal_Storage_System,Ventilation,Ventilation 1,Emergency Ventilation 1 Control Signal
2024-08-05 08:49:00+00:00,141.9530510018215,Seasonal_Storage_System,Ventilation,Ventilation 1,Emergency Ventilation 1 Control Signal
2024-08-05 08:50:00+00:00,151.31228597449908,Seasonal_Storage_System,Ventilation,Ventilation 1,Emergency Ventilation 1 Control Signal
2024-08-05 08:51:00+00:00,164.8538524590164,Seasonal_Storage_System,Ventilation,Ventilation 1,Emergency Ventilation 1 Control Signal
2024-08-05 08:52:00+00:00,179.34646630236796,Seasonal_Storage_System,Ventilation,Ventilation 1,Emergency Ventilation 1 Control Signal
2024-08-05 08:53:00+00:00,195.63030965391619,Seasonal_Storage_System,Ventilation,Ventilation 1,Emergency Ventilation 1 Control Signal
2024-08-05 08:54:00+00:00,199.7358469945355,Seasonal_Storage_System,Ventilation,Ventilation 1,Emergency Ventilation 1 Control Signal
2024-08-05 08:55:00+00:00,192.86846083788708,Seasonal_Storage_System,Ventilation,Ventilation 1,Emergency Ventilation 1 Control Signal
2024-08-05 08:56:00+00:00,183.8419398907104,Seasonal_Storage_System,Ventilation,Ventilation 1,Emergency Ventilation 1 Control Signal
2024-08-05 08:57:00+00:00,175.14761384335154,Seasonal_Storage_System,Ventilation,Ventilation 1,Emergency Ventilation 1 Control Signal
2024-08-05 08:58:00+00:00,169.6781876724931,Seasonal_Storage_System,Ventilation,Ventilation 1,Emergency Ventilation 1 Control Signal
2024-08-05 08:59:00+00:00,165.21857012750453,Seasonal_Storage_System,PV System,PV Inverter,Active Power
2024-08-05 09:00:00+00:00,124.7022131147541,Seasonal_Storage_System,PV System,PV Inverter,Active Power
2024-08-05 09:01:00+00:00,106.05824225865209,Seasonal_Storage_System,Battery System,Battery,Current
2024-08-05 09:02:00+00:00,123.0624408014572,Seasonal_Storage_System,PV System,PV Inverter,Active Power
2024-08-05 09:03:00+00:00,116.76408014571949,Seasonal_Storage_System,PV System,PV Inverter,Active Power
2024-08-05 09:04:00+00:00,133.11772313296905,Seasonal_Storage_System,Battery System,Battery,Current
2024-08-05 09:05:00+00:00,144.2375227686703,Seasonal_Storage_System,PV System,PV Inverter,Active Power
2024-08-05 09:06:00+00:00,165.68449908925317,Seasonal_Storage_System,Battery System,Battery,Current
2024-08-05 09:07:00+00:00,190.43084699453553,Seasonal_Storage_System,PV System,PV Inverter,Active Power
2024-08-05 09:08:00+00:00,211.59934426229506,Seasonal_Storage_System,Battery System,Battery,Current
2024-08-05 09:09:00+00:00,226.84441712204008,Seasonal_Storage_System,Battery System,Battery,Current
2024-08-05 09:10:00+00:00,235.1540528233151,Seasonal_Storage_System,PV System,PV Inverter,Active Power
2024-08-05 09:11:00+00:00,213.45152094717668,Seasonal_Storage_System,Battery System,Battery,Current
2024-08-05 09:12:00+00:00,190.36067395264115,Seasonal_Storage_System,PV System,PV Inverter,Active Power
2024-08-05 09:13:00+00:00,147.42215846994534,Seasonal_Storage_System,PV System,PV Inverter,Active Power
2024-08-05 09:14:00+00:00,136.90326958105646,Seasonal_Storage_System,Battery System,Battery,Current
2024-08-05 09:15:00+00:00,185.16836065573773,Seasonal_Storage_System,PV System,PV Inverter,Active Power
2024-08-05 09:16:00+00:00,112.2338524590164,Seasonal_Storage_System,Battery System,Battery,Current
2024-08-05 09:17:00+00:00,93.55833333333334,Seasonal_Storage_System,PV System,PV Inverter,Active Power
2024-08-05 09:18:00+00:00,88.86468123861566,Seasonal_Storage_System,PV System,PV Inverter,Active Power
2024-08-05 09:19:00+00:00,104.92742258652095,Seasonal_Storage_System,Battery System,Battery,Current
2024-08-05 09:20:00+00:00,75.12521857923498,Seasonal_Storage_System,Battery System,Battery,Current
2024-08-05 09:21:00+00:00,92.01416211293261,Seasonal_Storage_System,Battery System,Battery,Current
2024-08-05 09:22:00+00:00,169.60571948998177,Seasonal_Storage_System,Battery System,Battery,Current
2024-08-05 09:23:00+00:00,180.12014571948998,Seasonal_Storage_System,Battery System,Battery,Current
2024-08-05 09:24:00+00:00,173.75197632058288,Seasonal_Storage_System,Battery System,Battery,Current
2024-08-05 09:25:00+00:00,146.0977413479053,Seasonal_Storage_System,Battery System,Battery,Current
2024-08-05 09:26:00+00:00,167.54399817850637,Seasonal_Storage_System,Battery System,Battery,Current
2024-08-05 09:27:00+00:00,157.87166666666667,Seasonal_Storage_System,Battery System,Battery,Current
2024-08-05 09:28:00+00:00,227.81088342440802,Seasonal_Storage_System,Battery System,Battery,Current
2024-08-05 09:29:00+00:00,217.8990072859745,Seasonal_Storage_System,PV System,PV Inverter,Active Power
2024-08-05 09:30:00+00:00,115.92071038251366,Seasonal_Storage_System,Battery System,Battery,Current
2024-08-05 09:31:00+00:00,172.56325136612023,Seasonal_Storage_System,PV System,PV Inverter,Active Power
2024-08-05 09:32:00+00:00,196.54410746812385,Seasonal_Storage_System,PV System,PV Inverter,Active Power
2024-08-05 09:33:00+00:00,132.82413479052823,Seasonal_Storage_System,Battery System,Battery,Current
2024-08-05 09:34:00+00:00,119.63284153005466,Seasonal_Storage_System,Battery System,Battery,Current
2024-08-05 09:35:00+00:00,125.10552823315118,Seasonal_Storage_System,Battery System,Battery,Current
2024-08-05 09:36:00+00:00,147.14392531876138,Seasonal_Storage_System,PV System,PV Inverter,Active Power
2024-08-05 09:37:00+00:00,226.12478142076503,Seasonal_Storage_System,PV System,PV Inverter,Active Power
2024-08-05 09:38:00+00:00,282.81893442622953,Seasonal_Storage_System,Battery System,Battery,Current
2024-08-05 09:39:00+00:00,348.762868852459,Seasonal_Storage_System,Battery System,Battery,Current
2024-08-05 09:40:00+00:00,209.17189435336977,Seasonal_Storage_System,Battery System,Battery,Current
2024-08-05 09:41:00+00:00,307.234781420765,Seasonal_Storage_System,PV System,PV Inverter,Active Power
2024-08-05 09:42:00+00:00,219.34011839708563,Seasonal_Storage_System,PV System,PV Inverter,Active Power
2024-08-05 09:43:00+00:00,266.4948816029144,Seasonal_Storage_System,PV System,PV Inverter,Active Power
2024-08-05 09:44:00+00:00,290.0335610200364,Seasonal_Storage_System,Battery System,Battery,Current
2024-08-05 09:45:00+00:00,194.7499635701275,Seasonal_Storage_System,PV System,PV Inverter,Active Power
2024-08-05 09:46:00+00:00,286.73060109289617,Seasonal_Storage_System,PV System,PV Inverter,Active Power
2024-08-05 09:47:00+00:00,383.37720400728597,Seasonal_Storage_System,Battery System,Battery,Current
2024-08-05 09:48:00+00:00,365.9112204007286,Seasonal_Storage_System,Battery System,Battery,Current
2024-08-05 09:49:00+00:00,373.1622222222222,Seasonal_Storage_System,PV System,PV Inverter,Active Power
2024-08-05 09:50:00+00:00,345.4132695810565,Seasonal_Storage_System,Battery System,Battery,Current
2024-08-05 09:51:00+00:00,185.04180327868852,Seasonal_Storage_System,PV System,PV Inverter,Active Power
2024-08-05 09:52:00+00:00,207.1003977798335,Seasonal_Storage_System,Battery System,Battery,Current
2024-08-05 09:53:00+00:00,365.2824225865209,Seasonal_Storage_System,PV System,PV Inverter,Active Power
2024-08-05 09:54:00+00:00,282.2273406193078,Seasonal_Storage_System,PV System,PV Inverter,Active Power
2024-08-05 09:55:00+00:00,349.55963570127506,Seasonal_Storage_System,PV System,PV Inverter,Active Power
2024-08-05 09:56:00+00:00,227.04743169398907,Seasonal_Storage_System,PV System,PV Inverter,Active Power
2024-08-05 09:57:00+00:00,205.38142076502731,Seasonal_Storage_System,Battery System,Battery,Current
2024-08-05 09:58:00+00:00,132.00433515482698,Seasonal_Storage_System,Battery System,Battery,Current
2024-08-05 09:59:00+00:00,123.84951730418942,Seasonal_Storage_System,PV System,PV Inverter,Active Power
2024-08-05 10:00:00+00:00,213.34798724954462,Seasonal_Storage_System,Battery System,Battery,Current
2024-08-05 10:01:00+00:00,343.19502732240437,Seasonal_Storage_System,Battery System,Battery,Current
2024-08-05 10:02:00+00:00,351.4351183970856,Seasonal_Storage_System,Battery System,Battery,Current
2024-08-05 10:03:00+00:00,362.2696721311475,Seasonal_Storage_System,Battery System,Battery,Current
2024-08-05 10:04:00+00:00,391.511912568306,Seasonal_Storage_System,Battery System,Battery,Current
2024-08-05 10:05:00+00:00,316.0207012750455,Seasonal_Storage_System,Battery System,Battery,Current
2024-08-05 10:06:00+00:00,326.7624772313297,Seasonal_Storage_System,PV System,PV Inverter,Active Power
2024-08-05 10:07:00+00:00,323.8433515482696,Seasonal_Storage_System,Battery System,Battery,Current
2024-08-05 10:08:00+00:00,384.15470856102,Seasonal_Storage_System,PV System,PV Inverter,Active Power
2024-08-05 10:09:00+00:00,259.25853369763206,Seasonal_Storage_System,Battery System,Battery,Current
2024-08-05 10:10:00+00:00,310.34787795992713,Seasonal_Storage_System,Battery System,Battery,Current
2024-08-05 10:11:00+00:00,292.85653916211294,Seasonal_Storage_System,PV System,PV Inverter,Active Power
2024-08-05 10:12:00+00:00,266.78562674094707,Seasonal_Storage_System,PV System,PV Inverter,Active Power
2024-08-05 10:13:00+00:00,276.53071038251363,Seasonal_Storage_System,Heat Management,Indoor Convector,Indoor Convector Feed Temperature
2024-08-05 10:14:00+00:00,177.54941712204007,Seasonal_Storage_System,Heat Management,Indoor Convector,Indoor Convector Feed Temperature
2024-08-05 10:15:00+00:00,386.19642987249546,Seasonal_Storage_System,Heat Management,Indoor Convector,Indoor Convector Feed Temperature
2024-08-05 10:16:00+00:00,144.20545537340618,Seasonal_Storage_System,Heat Management,Indoor Convector,Indoor Convector Feed Temperature
2024-08-05 10:17:00+00:00,159.74490892531875,Seasonal_Storage_System,Heat Management,Indoor Convector,Indoor Convector Feed Temperature
2024-08-05 10:18:00+00:00,353.45542805100183,Seasonal_Storage_System,Heat Management,Indoor Convector,Indoor Convector Feed Temperature
2024-08-05 10:19:00+00:00,403.9575956284153,Seasonal_Storage_System,Heat Management,Indoor Convector,Indoor Convector Feed Temperature
2024-08-05 10:20:00+00:00,329.1481238615665,Seasonal_Storage_System,Heat Management,Indoor Convector,Indoor Convector Feed Temperature
2024-08-05 10:21:00+00:00,431.64147540983606,Seasonal_Storage_System,Heat Management,Indoor Convector,Indoor Convector Feed Temperature
2024-08-05 10:22:00+00:00,250.4131693989071,Seasonal_Storage_System,Heat Management,Indoor Convector,Indoor Convector Feed Temperature
2024-08-05 10:23:00+00:00,111.30979963570128,Seasonal_Storage_System,Heat Management,Indoor Convector,Indoor Convector Feed Temperature
2024-08-05 10:24:00+00:00,171.43192167577413,Seasonal_Storage_System,Heat Management,Indoor Convector,Indoor Convector Feed Temperature
2024-08-05 10:25:00+00:00,189.36857012750457,Seasonal_Storage_System,Heat Management,Indoor Convector,Indoor Convector Feed Temperature
2024-08-05 10:26:00+00:00,299.37073770491804,Seasonal_Storage_System,Heat Management,Indoor Convector,Indoor Convector Feed Temperature
2024-08-05 10:27:00+00:00,420.98530054644806,Seasonal_Storage_System,Heat Management,Indoor Convector,Indoor Convector Feed Temperature
2024-08-05 10:28:00+00:00,416.27670309653917,Seasonal_Storage_System,Heat Management,Indoor Convector,Indoor Convector Feed Temperature
2024-08-05 10:29:00+00:00,408.7275227686703,Seasonal_Storage_System,Heat Management,Indoor Convector,Indoor Convector Feed Temperature
2024-08-05 10:30:00+00:00,435.47417122040076,Seasonal_Storage_System,Heat Management,Indoor Convector,Indoor Convector Feed Temperature
2024-08-05 10:31:00+00:00,404.25323315118396,Seasonal_Storage_System,Heat Management,Indoor Convector,Indoor Convector Feed Temperature
2024-08-05 10:32:00+00:00,429.973752276867,Seasonal_Storage_System,Heat Management,Indoor Convector,Indoor Convector Feed Temperature
2024-08-05 10:33:00+00:00,273.6687249544627,Seasonal_Storage_System,Heat Management,Indoor Convector,Indoor Convector Feed Temperature
2024-08-05 10:34:00+00:00,444.71250455373405,Seasonal_Storage_System,Heat Management,Indoor Convector,Indoor Convector Feed Temperature
2024-08-05 10:35:00+00:00,214.89439845189827,Seasonal_Storage_System,Heat Management,Indoor Convector,Indoor Convector Feed Temperature
2024-08-05 10:36:00+00:00,150.62369814575248,Seasonal_Storage_System,Heat Management,Indoor Convector,Indoor Convector Feed Temperature
2024-08-05 10:37:00+00:00,167.90638486416557,Seasonal_Storage_System,Heat Management,Indoor Convector,Indoor Convector Feed Temperature
2024-08-05 10:38:00+00:00,180.60722482486864,Seasonal_Storage_System,Heat Management,Indoor Convector,Indoor Convector Feed Temperature
2024-08-05 10:39:00+00:00,162.97166558861576,Seasonal_Storage_System,Hydrogen Plant,Compressor,Anode Dewpoint
2024-08-05 10:40:00+00:00,161.31157697283314,Seasonal_Storage_System,Hydrogen Plant,Electrolyser,Downstream Temperature
2024-08-05 10:41:00+00:00,149.98548878827083,Seasonal_Storage_System,Hydrogen Plant,Compressor,Anode Dewpoint
2024-08-05 10:42:00+00:00,143.50692971108236,Seasonal_Storage_System,Hydrogen Plant,Electrolyser,Downstream Temperature
2024-08-05 10:43:00+00:00,168.5647229409228,Seasonal_Storage_System,Heat Management,Indoor Convector,Indoor Convector Feed Temperature
2024-08-05 10:44:00+00:00,170.3170539257981,Seasonal_Storage_System,Heat Management,Indoor Convector,Indoor Convector Feed Temperature
2024-08-05 10:45:00+00:00,176.7789115998275,Seasonal_Storage_System,User Control,Mode Selector,Mode Selector Battery
2024-08-05 10:46:00+00:00,188.58089090125054,Seasonal_Storage_System,User Control,Mode Selector,Mode Selector Battery
2024-08-05 10:47:00+00:00,201.8487726477024,Seasonal_Storage_System,User Control,Mode Selector,Mode Selector Battery
2024-08-05 10:48:00+00:00,209.8171701164295,Seasonal_Storage_System,Hydrogen Plant,Electrolyser,Downstream Temperature
2024-08-05 10:49:00+00:00,210.57666558861578,Seasonal_Storage_System,Hydrogen Plant,Electrolyser,Downstream Temperature
2024-08-05 10:50:00+00:00,184.17361470461404,Seasonal_Storage_System,Hydrogen Plant,Electrolyser,Downstream Temperature
2024-08-05 10:51:00+00:00,231.06904376886592,Seasonal_Storage_System,Hydrogen Plant,Compressor,Anode Dewpoint
2024-08-05 10:52:00+00:00,234.82431371280722,Seasonal_Storage_System,Hydrogen Plant,Compressor,Anode Dewpoint
2024-08-05 10:53:00+00:00,221.23430746011212,Seasonal_Storage_System,Hydrogen Plant,Electrolyser,Downstream Temperature
2024-08-05 10:54:00+00:00,236.7256774471755,Seasonal_Storage_System,Hydrogen Plant,Compressor,Anode Dewpoint
2024-08-05 10:55:00+00:00,192.54155799913758,Seasonal_Storage_System,Hydrogen Plant,Electrolyser,Downstream Temperature
2024-08-05 10:56:00+00:00,243.60588881692573,Seasonal_Storage_System,Hydrogen Plant,Compressor,Anode Dewpoint
2024-08-05 10:57:00+00:00,248.6071159982751,Seasonal_Storage_System,Ventilation,Ventilation 1,Emergency Ventilation 1 Control Signal
2024-08-05 10:58:00+00:00,255.0141410090556,Seasonal_Storage_System,Ventilation,Ventilation 1,Emergency Ventilation 1 Control Signal
2024-08-05 10:59:00+00:00,240.0684566623545,Seasonal_Storage_System,Ventilation,Ventilation 1,Emergency Ventilation 1 Control Signal
2024-08-05 11:00:00+00:00,166.3352907001951,Seasonal_Storage_System,Ventilation,Ventilation 1,Emergency Ventilation 1 Control Signal
2024-08-05 11:01:00+00:00,173.24088874374047,Seasonal_Storage_System,Electrical System,Electrolyser Energy Meter,Active Power
2024-08-05 11:02:00+00:00,203.22963410952997,Seasonal_Storage_System,Hydrogen Plant,Compressor,Anode Dewpoint
2024-08-05 11:03:00+00:00,196.63930638206122,Seasonal_Storage_System,Hydrogen Plant,Electrolyser,Downstream Temperature
2024-08-05 11:04:00+00:00,168.88945321259163,Seasonal_Storage_System,Hydrogen Plant,Electrolyser,Downstream Temperature
2024-08-05 11:05:00+00:00,209.06210263044414,Seasonal_Storage_System,Hydrogen Plant,Electrolyser,Downstream Temperature
2024-08-05 11:06:00+00:00,186.95691720569212,Seasonal_Storage_System,Hydrogen Plant,Electrolyser,Downstream Temperature
2024-08-05 11:07:00+00:00,208.17527037516172,Seasonal_Storage_System,Hydrogen Plant,Electrolyser,Downstream Temperature
2024-08-05 11:08:00+00:00,206.6442751185856,Seasonal_Storage_System,Hydrogen Plant,Electrolyser,Downstream Temperature
2024-08-05 11:09:00+00:00,183.99205457290768,Seasonal_Storage_System,Hydrogen Plant,Electrolyser,Downstream Temperature
2024-08-05 11:10:00+00:00,174.1199142857143,Seasonal_Storage_System,User Control,Mode Selector,Mode Selector Battery
2024-08-05 11:11:00+00:00,183.6587326411421,Seasonal_Storage_System,Hydrogen Plant,Compressor,Anode Dewpoint
2024-08-05 11:12:00+00:00,201.00266192324278,Seasonal_Storage_System,Hydrogen Plant,Compressor,Anode Dewpoint
2024-08-05 11:13:00+00:00,184.71614920224235,Seasonal_Storage_System,Hydrogen Plant,Compressor,Anode Dewpoint
2024-08-05 11:14:00+00:00,214.35241720569212,Seasonal_Storage_System,Hydrogen Plant,Electrolyser,Downstream Temperature
2024-08-05 11:15:00+00:00,193.5730920655455,Seasonal_Storage_System,Hydrogen Plant,Electrolyser,Downstream Temperature
2024-08-05 11:16:00+00:00,177.4770580122592,Seasonal_Storage_System,Hydrogen Plant,Electrolyser,Downstream Temperature
2024-08-05 11:17:00+00:00,170.67115868909013,Seasonal_Storage_System,Hydrogen Plant,Compressor,Anode Dewpoint
2024-08-05 11:18:00+00:00,168.15356080206985,Seasonal_Storage_System,Hydrogen Plant,Compressor,Anode Dewpoint
2024-08-05 11:19:00+00:00,181.32761966364814,Seasonal_Storage_System,Hydrogen Plant,Electrolyser,Downstream Temperature
2024-08-05 11:20:00+00:00,171.68406317378182,Seasonal_Storage_System,Hydrogen Plant,Electrolyser,Downstream Temperature
2024-08-05 11:21:00+00:00,182.78273479948254,Seasonal_Storage_System,Hydrogen Plant,Electrolyser,Downstream Temperature
2024-08-05 11:22:00+00:00,168.3199376886589,Seasonal_Storage_System,Hydrogen Plant,Electrolyser,Downstream Temperature
2024-08-05 11:23:00+00:00,237.9005131522208,Seasonal_Storage_System,Hydrogen Plant,Electrolyser,Downstream Temperature
2024-08-05 11:24:00+00:00,261.7683652849741,Seasonal_Storage_System,Hydrogen Plant,Compressor,Anode Dewpoint
2024-08-05 11:25:00+00:00,253.36008150064683,Seasonal_Storage_System,Ventilation,Ventilation 1,Emergency Ventilation 1 Control Signal
2024-08-05 11:26:00+00:00,221.99368935616735,Seasonal_Storage_System,Ventilation,Ventilation 1,Emergency Ventilation 1 Control Signal
2024-08-05 11:27:00+00:00,168.77079207489658,Seasonal_Storage_System,Electrical System,Compressor Energy Meter,Active Power
2024-08-05 11:28:00+00:00,174.56021323846485,Seasonal_Storage_System,Hydrogen Plant,Compressor,Anode Dewpoint
2024-08-05 11:29:00+00:00,193.8821338939198,Seasonal_Storage_System,Hydrogen Plant,Compressor,Anode Dewpoint
2024-08-05 11:30:00+00:00,192.1258943510134,Seasonal_Storage_System,Hydrogen Plant,Electrolyser,Downstream Temperature
2024-08-05 11:31:00+00:00,226.55246205260886,Seasonal_Storage_System,Hydrogen Plant,Electrolyser,Downstream Temperature
2024-08-05 11:32:00+00:00,235.91356382061232,Seasonal_Storage_System,Hydrogen Plant,Compressor,Anode Dewpoint
2024-08-05 11:33:00+00:00,260.3470347132385,Seasonal_Storage_System,Ventilation,Ventilation 1,Emergency Ventilation 1 Control Signal
2024-08-05 11:34:00+00:00,205.61431220353603,Seasonal_Storage_System,Ventilation,Ventilation 1,Emergency Ventilation 1 Control Signal
2024-08-05 11:35:00+00:00,171.44587904269082,Seasonal_Storage_System,Ventilation,Ventilation 1,Emergency Ventilation 1 Control Signal
2024-08-05 11:36:00+00:00,203.0931934023286,Seasonal_Storage_System,Ventilation,Ventilation 1,Emergency Ventilation 1 Control Signal
2024-08-05 11:37:00+00:00,243.92971978984238,Seasonal_Storage_System,Ventilation,Ventilation 1,Emergency Ventilation 1 Control Signal
2024-08-05 11:38:00+00:00,270.65210758947825,Seasonal_Storage_System,Hydrogen Plant,Electrolyser,Downstream Temperature
2024-08-05 11:39:00+00:00,271.2695959465287,Seasonal_Storage_System,Hydrogen Plant,Electrolyser,Downstream Temperature
2024-08-05 11:40:00+00:00,271.4160763260026,Seasonal_Storage_System,Hydrogen Plant,Electrolyser,Downstream Temperature
2024-08-05 11:41:00+00:00,272.17483786114707,Seasonal_Storage_System,Hydrogen Plant,Compressor,Anode Dewpoint
2024-08-05 11:42:00+00:00,278.7600204829668,Seasonal_Storage_System,Hydrogen Plant,Electrolyser,Downstream Temperature
2024-08-05 11:43:00+00:00,280.55624622682194,Seasonal_Storage_System,Hydrogen Plant,Electrolyser,Downstream Temperature
2024-08-05 11:44:00+00:00,248.26164941785254,Seasonal_Storage_System,Hydrogen Plant,Electrolyser,Downstream Temperature
2024-08-05 11:45:00+00:00,286.3914100905563,Seasonal_Storage_System,Hydrogen Plant,Electrolyser,Downstream Temperature
2024-08-05 11:46:00+00:00,209.58927298598948,Seasonal_Storage_System,Hydrogen Plant,Electrolyser,Downstream Temperature
2024-08-05 11:47:00+00:00,182.27564359637776,Seasonal_Storage_System,Hydrogen Plant,Electrolyser,Downstream Temperature
2024-08-05 11:48:00+00:00,240.06260651142733,Seasonal_Storage_System,Hydrogen Plant,Electrolyser,Downstream Temperature
2024-08-05 11:49:00+00:00,291.3942188443295,Seasonal_Storage_System,Hydrogen Plant,Electrolyser,Downstream Temperature
2024-08-05 11:50:00+00:00,288.914341105354,Seasonal_Storage_System,Hydrogen Plant,Compressor,Anode Dewpoint
2024-08-05 11:51:00+00:00,283.53639823199654,Seasonal_Storage_System,Ventilation,Ventilation 1,Emergency Ventilation 1 Control Signal
2024-08-05 11:52:00+00:00,286.50767141009055,Seasonal_Storage_System,Ventilation,Ventilation 1,Emergency Ventilation 1 Control Signal
2024-08-05 11:53:00+00:00,226.23345364381197,Seasonal_Storage_System,Ventilation,Ventilation 1,Emergency Ventilation 1 Control Signal
2024-08-05 11:54:00+00:00,300.3987833117723,Seasonal_Storage_System,Ventilation,Ventilation 1,Emergency Ventilation 1 Control Signal
2024-08-05 11:55:00+00:00,270.9317846054334,Seasonal_Storage_System,Ventilation,Ventilation 1,Emergency Ventilation 1 Control Signal
2024-08-05 11:56:00+00:00,216.0499989219491,Seasonal_Storage_System,Ventilation,Ventilation 1,Emergency Ventilation 1 Control Signal
2024-08-05 11:57:00+00:00,193.7727136602452,Seasonal_Storage_System,Ventilation,Ventilation 1,Emergency Ventilation 1 Control Signal
2024-08-05 11:58:00+00:00,196.39283505821476,Seasonal_Storage_System,Hydrogen Plant,Compressor,Anode Dewpoint
2024-08-05 11:59:00+00:00,203.46392690815006,Seasonal_Storage_System,Hydrogen Plant,Electrolyser,Downstream Temperature
2024-08-05 12:00:00+00:00,218.31326326002588,Seasonal_Storage_System,Hydrogen Plant,Electrolyser,Downstream Temperature
2024-08-05 12:01:00+00:00,304.7415409659336,Seasonal_Storage_System,Hydrogen Plant,Electrolyser,Downstream Temperature
2024-08-05 12:02:00+00:00,305.8775677015955,Seasonal_Storage_System,Hydrogen Plant,Compressor,Anode Dewpoint
2024-08-05 12:03:00+00:00,231.77162828805518,Seasonal_Storage_System,Hydrogen Plant,Electrolyser,Downstream Temperature
2024-08-05 12:04:00+00:00,250.74190426908152,Seasonal_Storage_System,Hydrogen Plant,Electrolyser,Downstream Temperature
2024-08-05 12:05:00+00:00,252.80344501940493,Seasonal_Storage_System,Hydrogen Plant,Electrolyser,Downstream Temperature
2024-08-05 12:06:00+00:00,257.6815269512721,Seasonal_Storage_System,Hydrogen Plant,Compressor,Anode Dewpoint
2024-08-05 12:07:00+00:00,305.9874191461837,Seasonal_Storage_System,Hydrogen Plant,Compressor,Anode Dewpoint
2024-08-05 12:08:00+00:00,290.6478372143165,Seasonal_Storage_System,Hydrogen Plant,Electrolyser,Downstream Temperature
2024-08-05 12:09:00+00:00,233.7528188874515,Seasonal_Storage_System,Hydrogen Plant,Compressor,Anode Dewpoint
2024-08-05 12:10:00+00:00,224.90358581436075,Seasonal_Storage_System,Hydrogen Plant,Compressor,Anode Dewpoint
2024-08-05 12:11:00+00:00,294.8932208549223,Seasonal_Storage_System,Hydrogen Plant,Electrolyser,Downstream Temperature
2024-08-05 12:12:00+00:00,204.12962591634323,Seasonal_Storage_System,Ventilation,Ventilation 1,Emergency Ventilation 1 Control Signal
2024-08-05 12:13:00+00:00,202.06807740405347,Seasonal_Storage_System,Ventilation,Ventilation 1,Emergency Ventilation 1 Control Signal
2024-08-05 12:14:00+00:00,194.2570120741699,Seasonal_Storage_System,Ventilation,Ventilation 1,Emergency Ventilation 1 Control Signal
2024-08-05 12:15:00+00:00,253.26105109961188,Seasonal_Storage_System,Ventilation,Ventilation 1,Emergency Ventilation 1 Control Signal
2024-08-05 12:16:00+00:00,205.18659767141008,Seasonal_Storage_System,Ventilation,Ventilation 1,Emergency Ventilation 1 Control Signal
2024-08-05 12:17:00+00:00,187.10169081500646,Seasonal_Storage_System,Ventilation,Ventilation 1,Emergency Ventilation 1 Control Signal
2024-08-05 12:18:00+00:00,192.50531651573957,Seasonal_Storage_System,Ventilation,Ventilation 1,Emergency Ventilation 1 Control Signal
2024-08-05 12:19:00+00:00,249.1102330746011,Seasonal_Storage_System,Ventilation,Ventilation 1,Emergency Ventilation 1 Control Signal
2024-08-05 12:20:00+00:00,313.8822796463993,Seasonal_Storage_System,Ventilation,Ventilation 1,Emergency Ventilation 1 Control Signal
2024-08-05 12:21:00+00:00,312.1145998275118,Seasonal_Storage_System,Ventilation,Ventilation 1,Emergency Ventilation 1 Control Signal
2024-08-05 12:22:00+00:00,311.012318377912,Seasonal_Storage_System,Ventilation,Ventilation 1,Emergency Ventilation 1 Control Signal
2024-08-05 12:23:00+00:00,278.74755886214444,Seasonal_Storage_System,User Control,Mode Selector,Mode Selector Battery
2024-08-05 12:24:00+00:00,316.1339053471324,Seasonal_Storage_System,Hydrogen Plant,Compressor,Anode Dewpoint
2024-08-05 12:25:00+00:00,262.04489758516604,Seasonal_Storage_System,Hydrogen Plant,Electrolyser,Downstream Temperature
2024-08-05 12:26:00+00:00,233.36808473479945,Seasonal_Storage_System,Ventilation,Ventilation 1,Emergency Ventilation 1 Control Signal
2024-08-05 12:27:00+00:00,270.7010834411384,Seasonal_Storage_System,Ventilation,Ventilation 1,Emergency Ventilation 1 Control Signal
2024-08-05 12:28:00+00:00,306.1292363087538,Seasonal_Storage_System,Ventilation,Ventilation 1,Emergency Ventilation 1 Control Signal
2024-08-05 12:29:00+00:00,217.7904498686515,Seasonal_Storage_System,Ventilation,Ventilation 1,Emergency Ventilation 1 Control Signal
2024-08-05 12:30:00+00:00,209.0590045278137,Seasonal_Storage_System,Hydrogen Plant,Electrolyser,Downstream Temperature
2024-08-05 12:31:00+00:00,239.68608947822338,Seasonal_Storage_System,Hydrogen Plant,Electrolyser,Downstream Temperature
2024-08-05 12:32:00+00:00,319.70935661923244,Seasonal_Storage_System,Hydrogen Plant,Electrolyser,Downstream Temperature
2024-08-05 12:33:00+00:00,314.8486271372205,Seasonal_Storage_System,Hydrogen Plant,Compressor,Anode Dewpoint
2024-08-05 12:34:00+00:00,311.2146013367831,Seasonal_Storage_System,Hydrogen Plant,Compressor,Anode Dewpoint
2024-08-05 12:35:00+00:00,309.439918283743,Seasonal_Storage_System,Ventilation,Ventilation 1,Emergency Ventilation 1 Control Signal
2024-08-05 12:36:00+00:00,310.2050836567486,Seasonal_Storage_System,Ventilation,Ventilation 1,Emergency Ventilation 1 Control Signal
2024-08-05 12:37:00+00:00,313.0383430357913,Seasonal_Storage_System,Ventilation,Ventilation 1,Emergency Ventilation 1 Control Signal
2024-08-05 12:38:00+00:00,311.13618542475206,Seasonal_Storage_System,Ventilation,Ventilation 1,Emergency Ventilation 1 Control Signal
2024-08-05 12:39:00+00:00,267.4074570935748,Seasonal_Storage_System,Ventilation,Ventilation 1,Emergency Ventilation 1 Control Signal
2024-08-05 12:40:00+00:00,219.89298469167747,Seasonal_Storage_System,Ventilation,Ventilation 1,Emergency Ventilation 1 Control Signal
2024-08-05 12:41:00+00:00,235.26752738249243,Seasonal_Storage_System,Ventilation,Ventilation 1,Emergency Ventilation 1 Control Signal
2024-08-05 12:42:00+00:00,288.37255823117334,Seasonal_Storage_System,Ventilation,Ventilation 1,Emergency Ventilation 1 Control Signal
2024-08-05 12:43:00+00:00,312.327412246658,Seasonal_Storage_System,Hydrogen Plant,Electrolyser,Downstream Temperature
2024-08-05 12:44:00+00:00,308.43422186287194,Seasonal_Storage_System,Hydrogen Plant,Electrolyser,Downstream Temperature
2024-08-05 12:45:00+00:00,308.4210722294092,Seasonal_Storage_System,Hydrogen Plant,Electrolyser,Downstream Temperature
2024-08-05 12:46:00+00:00,289.6257839586028,Seasonal_Storage_System,Hydrogen Plant,Electrolyser,Downstream Temperature
2024-08-05 12:47:00+00:00,300.3166727037516,Seasonal_Storage_System,Hydrogen Plant,Compressor,Anode Dewpoint
2024-08-05 12:48:00+00:00,308.04327037516174,Seasonal_Storage_System,Hydrogen Plant,Electrolyser,Downstream Temperature
2024-08-05 12:49:00+00:00,307.2484626994394,Seasonal_Storage_System,Hydrogen Plant,Electrolyser,Downstream Temperature
2024-08-05 12:50:00+00:00,303.67491393442623,Seasonal_Storage_System,Hydrogen Plant,Electrolyser,Downstream Temperature
2024-08-05 12:51:00+00:00,308.2419062095731,Seasonal_Storage_System,User Control,Mode Selector,Mode Selector Battery
2024-08-05 12:52:00+00:00,304.8140542669584,Seasonal_Storage_System,User Control,Mode Selector,Mode Selector Battery
2024-08-05 12:53:00+00:00,307.69364359637774,Seasonal_Storage_System,Hydrogen Plant,Compressor,Anode Dewpoint
2024-08-05 12:54:00+00:00,311.8986257007331,Seasonal_Storage_System,Hydrogen Plant,Electrolyser,Downstream Temperature
2024-08-05 12:55:00+00:00,313.4359294954722,Seasonal_Storage_System,Hydrogen Plant,Electrolyser,Downstream Temperature
2024-08-05 12:56:00+00:00,283.52746959896507,Seasonal_Storage_System,Hydrogen Plant,Electrolyser,Downstream Temperature
2024-08-05 12:57:00+00:00,315.4207319965502,Seasonal_Storage_System,Hydrogen Plant,Compressor,Anode Dewpoint
2024-08-05 12:58:00+00:00,323.5439027598103,Seasonal_Storage_System,Hydrogen Plant,Electrolyser,Downstream Temperature
2024-08-05 12:59:00+00:00,309.178497591944,Seasonal_Storage_System,Hydrogen Plant,Electrolyser,Downstream Temperature
2024-08-05 13:00:00+00:00,319.360424320828,Seasonal_Storage_System,Hydrogen Plant,Electrolyser,Downstream Temperature
2024-08-05 13:01:00+00:00,286.7414417852523,Seasonal_Storage_System,Hydrogen Plant,Electrolyser,Downstream Temperature
2024-08-05 13:02:00+00:00,226.3560595084088,Seasonal_Storage_System,Hydrogen Plant,Electrolyser,Downstream Temperature
2024-08-05 13:03:00+00:00,317.5932850366537,Seasonal_Storage_System,Hydrogen Plant,Electrolyser,Downstream Temperature
2024-08-05 13:04:00+00:00,316.78189435101336,Seasonal_Storage_System,Hydrogen Plant,Compressor,Anode Dewpoint
2024-08-05 13:05:00+00:00,311.7442606727038,Seasonal_Storage_System,Hydrogen Plant,Compressor,Anode Dewpoint
2024-08-05 13:06:00+00:00,308.0421582578698,Seasonal_Storage_System,Hydrogen Plant,Electrolyser,Downstream Temperature
2024-08-05 13:07:00+00:00,304.79833786114705,Seasonal_Storage_System,Hydrogen Plant,Compressor,Anode Dewpoint
2024-08-05 13:08:00+00:00,304.82698296679604,Seasonal_Storage_System,Hydrogen Plant,Electrolyser,Downstream Temperature
2024-08-05 13:09:00+00:00,305.0975204829668,Seasonal_Storage_System,Hydrogen Plant,Electrolyser,Downstream Temperature
2024-08-05 13:10:00+00:00,304.92757287623976,Seasonal_Storage_System,Hydrogen Plant,Electrolyser,Downstream Temperature
2024-08-05 13:11:00+00:00,305.55470418283744,Seasonal_Storage_System,Hydrogen Plant,Electrolyser,Downstream Temperature
2024-08-05 13:12:00+00:00,301.54214936050295,Seasonal_Storage_System,Hydrogen Plant,Compressor,Anode Dewpoint
2024-08-05 13:13:00+00:00,303.85297645519944,Seasonal_Storage_System,Electrical System,Compressor Energy Meter,Active Power
2024-08-05 13:14:00+00:00,302.54503212591635,Seasonal_Storage_System,Ventilation,Ventilation 1,Emergency Ventilation 1 Control Signal
2024-08-05 13:15:00+00:00,302.43120957309185,Seasonal_Storage_System,Ventilation,Ventilation 1,Emergency Ventilation 1 Control Signal
2024-08-05 13:16:00+00:00,298.952685424752,Seasonal_Storage_System,Ventilation,Ventilation 1,Emergency Ventilation 1 Control Signal
2024-08-05 13:17:00+00:00,303.40018930573524,Seasonal_Storage_System,Ventilation,Ventilation 1,Emergency Ventilation 1 Control Signal
2024-08-05 13:18:00+00:00,303.32842043984476,Seasonal_Storage_System,Ventilation,Ventilation 1,Emergency Ventilation 1 Control Signal
2024-08-05 13:19:00+00:00,249.91149956877962,Seasonal_Storage_System,Ventilation,Ventilation 1,Emergency Ventilation 1 Control Signal
2024-08-05 13:20:00+00:00,249.49248576972832,Seasonal_Storage_System,Ventilation,Ventilation 1,Emergency Ventilation 1 Control Signal
2024-08-05 13:21:00+00:00,250.82666580422594,Seasonal_Storage_System,Ventilation,Ventilation 1,Emergency Ventilation 1 Control Signal
2024-08-05 13:22:00+00:00,256.2285620957309,Seasonal_Storage_System,Ventilation,Ventilation 1,Emergency Ventilation 1 Control Signal
2024-08-05 13:23:00+00:00,256.1839495472186,Seasonal_Storage_System,Ventilation,Ventilation 1,Emergency Ventilation 1 Control Signal
2024-08-05 13:24:00+00:00,254.4191297973264,Seasonal_Storage_System,Ventilation,Ventilation 1,Emergency Ventilation 1 Control Signal
2024-08-05 13:25:00+00:00,253.28873436826217,Seasonal_Storage_System,Ventilation,Ventilation 1,Emergency Ventilation 1 Control Signal
2024-08-05 13:26:00+00:00,253.22962893488574,Seasonal_Storage_System,Ventilation,Ventilation 1,Emergency Ventilation 1 Control Signal
2024-08-05 13:27:00+00:00,253.64098814144026,Seasonal_Storage_System,Ventilation,Ventilation 1,Emergency Ventilation 1 Control Signal
2024-08-05 13:28:00+00:00,253.42748576972832,Seasonal_Storage_System,Ventilation,Ventilation 1,Emergency Ventilation 1 Control Signal
2024-08-05 13:29:00+00:00,253.7730840114361,Seasonal_Storage_System,Ventilation,Ventilation 1,Emergency Ventilation 1 Control Signal
2024-08-05 13:30:00+00:00,251.8466429495472,Seasonal_Storage_System,Heat Management,Indoor Convector,Indoor Convector Feed Temperature
2024-08-05 13:31:00+00:00,253.08225528244932,Seasonal_Storage_System,Heat Management,Indoor Convector,Indoor Convector Feed Temperature
2024-08-05 13:32:00+00:00,253.6306543768866,Seasonal_Storage_System,Heat Management,Indoor Convector,Indoor Convector Feed Temperature
2024-08-05 13:33:00+00:00,254.1017613195343,Seasonal_Storage_System,Heat Management,Indoor Convector,Indoor Convector Feed Temperature
2024-08-05 13:34:00+00:00,254.02478805519618,Seasonal_Storage_System,Heat Management,Indoor Convector,Indoor Convector Feed Temperature
2024-08-05 13:35:00+00:00,253.67727727468738,Seasonal_Storage_System,Heat Management,Indoor Convector,Indoor Convector Feed Temperature
2024-08-05 13:36:00+00:00,251.9554415696421,Seasonal_Storage_System,Heat Management,Indoor Convector,Indoor Convector Feed Temperature
2024-08-05 13:37:00+00:00,251.847421949116,Seasonal_Storage_System,Heat Management,Indoor Convector,Indoor Convector Feed Temperature
2024-08-05 13:38:00+00:00,252.16303924105216,Seasonal_Storage_System,Heat Management,Indoor Convector,Indoor Convector Feed Temperature
2024-08-05 13:39:00+00:00,251.1775989526511,Seasonal_Storage_System,Heat Management,Indoor Convector,Indoor Convector Feed Temperature
2024-08-05 13:40:00+00:00,252.86793229504653,Seasonal_Storage_System,Hydrogen Plant,Compressor,Anode Dewpoint
2024-08-05 13:41:00+00:00,251.91597930142302,Seasonal_Storage_System,Hydrogen Plant,Electrolyser,Downstream Temperature
2024-08-05 13:42:00+00:00,252.248910952997,Seasonal_Storage_System,Hydrogen Plant,Electrolyser,Downstream Temperature
2024-08-05 13:43:00+00:00,252.7543678309616,Seasonal_Storage_System,Hydrogen Plant,Compressor,Anode Dewpoint
2024-08-05 13:44:00+00:00,252.70282406209574,Seasonal_Storage_System,Hydrogen Plant,Electrolyser,Downstream Temperature
2024-08-05 13:45:00+00:00,252.50021453212594,Seasonal_Storage_System,Hydrogen Plant,Electrolyser,Downstream Temperature
2024-08-05 13:46:00+00:00,252.1897787839586,Seasonal_Storage_System,Heat Management,Indoor Convector,Indoor Convector Feed Temperature
2024-08-05 13:47:00+00:00,251.99193747304872,Seasonal_Storage_System,Heat Management,Indoor Convector,Indoor Convector Feed Temperature
2024-08-05 13:48:00+00:00,252.62285211571674,Seasonal_Storage_System,Heat Management,Indoor Convector,Indoor Convector Feed Temperature
2024-08-05 13:49:00+00:00,252.2986425183269,Seasonal_Storage_System,Ventilation,Ventilation 1,Emergency Ventilation 1 Control Signal
2024-08-05 13:50:00+00:00,252.3770931435964,Seasonal_Storage_System,Ventilation,Ventilation 1,Emergency Ventilation 1 Control Signal
2024-08-05 13:51:00+00:00,252.07299321366023,Seasonal_Storage_System,Ventilation,Ventilation 1,Emergency Ventilation 1 Control Signal
2024-08-05 13:52:00+00:00,252.4346737818025,Seasonal_Storage_System,Hydrogen Plant,Electrolyser,Downstream Temperature
2024-08-05 13:53:00+00:00,252.38724881414404,Seasonal_Storage_System,Hydrogen Plant,Electrolyser,Downstream Temperature
2024-08-05 13:54:00+00:00,252.30712462268218,Seasonal_Storage_System,Hydrogen Plant,Electrolyser,Downstream Temperature
2024-08-05 13:55:00+00:00,252.33974191461837,Seasonal_Storage_System,Hydrogen Plant,Electrolyser,Downstream Temperature
2024-08-05 13:56:00+00:00,250.97512677878396,Seasonal_Storage_System,Hydrogen Plant,Compressor,Anode Dewpoint
2024-08-05 13:57:00+00:00,250.42564382661996,Seasonal_Storage_System,Ventilation,Ventilation 1,Emergency Ventilation 1 Control Signal
2024-08-05 13:58:00+00:00,244.91562462268217,Seasonal_Storage_System,Hydrogen Plant,Electrolyser,Downstream Temperature
2024-08-05 13:59:00+00:00,236.31975981026306,Seasonal_Storage_System,Hydrogen Plant,Electrolyser,Downstream Temperature
2024-08-05 14:00:00+00:00,265.9472757654161,Seasonal_Storage_System,Hydrogen Plant,Compressor,Anode Dewpoint
2024-08-05 14:01:00+00:00,251.25414618369987,Seasonal_Storage_System,Hydrogen Plant,Electrolyser,Downstream Temperature
2024-08-05 14:02:00+00:00,251.39309034066406,Seasonal_Storage_System,Hydrogen Plant,Compressor,Anode Dewpoint
2024-08-05 14:03:00+00:00,252.53256942647693,Seasonal_Storage_System,Hydrogen Plant,Electrolyser,Downstream Temperature
2024-08-05 14:04:00+00:00,252.94053794739114,Seasonal_Storage_System,Hydrogen Plant,Compressor,Anode Dewpoint
2024-08-05 14:05:00+00:00,252.7921058645968,Seasonal_Storage_System,Hydrogen Plant,Electrolyser,Downstream Temperature
2024-08-05 14:06:00+00:00,252.6304144027598,Seasonal_Storage_System,Hydrogen Plant,Electrolyser,Downstream Temperature
2024-08-05 14:07:00+00:00,252.8035269512721,Seasonal_Storage_System,Hydrogen Plant,Electrolyser,Downstream Temperature
2024-08-05 14:08:00+00:00,252.61943423889608,Seasonal_Storage_System,Hydrogen Plant,Electrolyser,Downstream Temperature
2024-08-05 14:09:00+00:00,252.80684540750323,Seasonal_Storage_System,Hydrogen Plant,Electrolyser,Downstream Temperature
2024-08-05 14:10:00+00:00,252.4690805604203,Seasonal_Storage_System,Hydrogen Plant,Compressor,Anode Dewpoint
2024-08-05 14:11:00+00:00,252.86970941278065,Seasonal_Storage_System,Hydrogen Plant,Electrolyser,Downstream Temperature
2024-08-05 14:12:00+00:00,252.57563971539457,Seasonal_Storage_System,Ventilation,Ventilation 1,Emergency Ventilation 1 Control Signal
2024-08-05 14:13:00+00:00,252.68113281586892,Seasonal_Storage_System,Ventilation,Ventilation 1,Emergency Ventilation 1 Control Signal
2024-08-05 14:14:00+00:00,252.67230163863735,Seasonal_Storage_System,Ventilation,Ventilation 1,Emergency Ventilation 1 Control Signal
2024-08-05 14:15:00+00:00,247.76196334626997,Seasonal_Storage_System,Ventilation,Ventilation 1,Emergency Ventilation 1 Control Signal
2024-08-05 14:16:00+00:00,232.4839189305735,Seasonal_Storage_System,Ventilation,Ventilation 1,Emergency Ventilation 1 Control Signal
2024-08-05 14:17:00+00:00,192.29755390254422,Seasonal_Storage_System,Ventilation,Ventilation 1,Emergency Ventilation 1 Control Signal
2024-08-05 14:18:00+00:00,298.9295476498491,Seasonal_Storage_System,Ventilation,Ventilation 1,Emergency Ventilation 1 Control Signal
2024-08-05 14:19:00+00:00,273.2947014667817,Seasonal_Storage_System,Ventilation,Ventilation 1,Emergency Ventilation 1 Control Signal
2024-08-05 14:20:00+00:00,252.40176739606127,Seasonal_Storage_System,User Control,Mode Selector,Mode Selector Battery
2024-08-05 14:21:00+00:00,252.05926886589046,Seasonal_Storage_System,Hydrogen Plant,Compressor,Anode Dewpoint
2024-08-05 14:22:00+00:00,252.69461254851225,Seasonal_Storage_System,Hydrogen Plant,Electrolyser,Downstream Temperature
2024-08-05 14:23:00+00:00,253.15231090987496,Seasonal_Storage_System,Hydrogen Plant,Electrolyser,Downstream Temperature
2024-08-05 14:24:00+00:00,252.9390444156964,Seasonal_Storage_System,Hydrogen Plant,Electrolyser,Downstream Temperature
2024-08-05 14:25:00+00:00,252.2473497197068,Seasonal_Storage_System,Hydrogen Plant,Electrolyser,Downstream Temperature
2024-08-05 14:26:00+00:00,252.2103641655886,Seasonal_Storage_System,Hydrogen Plant,Electrolyser,Downstream Temperature
2024-08-05 14:27:00+00:00,252.751790211298,Seasonal_Storage_System,Hydrogen Plant,Compressor,Anode Dewpoint
2024-08-05 14:28:00+00:00,252.90067054764987,Seasonal_Storage_System,Hydrogen Plant,Electrolyser,Downstream Temperature
2024-08-05 14:29:00+00:00,252.9382227253126,Seasonal_Storage_System,Hydrogen Plant,Compressor,Anode Dewpoint
2024-08-05 14:30:00+00:00,252.5940882224168,Seasonal_Storage_System,Hydrogen Plant,Compressor,Anode Dewpoint
2024-08-05 14:31:00+00:00,252.74239586028463,Seasonal_Storage_System,Hydrogen Plant,Compressor,Anode Dewpoint
2024-08-05 14:32:00+00:00,252.6120045278137,Seasonal_Storage_System,Hydrogen Plant,Electrolyser,Downstream Temperature
2024-08-05 14:33:00+00:00,252.3682669253989,Seasonal_Storage_System,Hydrogen Plant,Electrolyser,Downstream Temperature
2024-08-05 14:34:00+00:00,252.48227188443295,Seasonal_Storage_System,Hydrogen Plant,Electrolyser,Downstream Temperature
2024-08-05 14:35:00+00:00,252.29234066407932,Seasonal_Storage_System,Hydrogen Plant,Electrolyser,Downstream Temperature
2024-08-05 14:36:00+00:00,251.0297082794308,Seasonal_Storage_System,Hydrogen Plant,Electrolyser,Downstream Temperature
2024-08-05 14:37:00+00:00,251.3261558861578,Seasonal_Storage_System,Hydrogen Plant,Electrolyser,Downstream Temperature
2024-08-05 14:38:00+00:00,252.35173229706388,Seasonal_Storage_System,Hydrogen Plant,Compressor,Anode Dewpoint
2024-08-05 14:39:00+00:00,252.34241030616644,Seasonal_Storage_System,Ventilation,Ventilation 1,Emergency Ventilation 1 Control Signal
2024-08-05 14:40:00+00:00,252.16835554118157,Seasonal_Storage_System,Ventilation,Ventilation 1,Emergency Ventilation 1 Control Signal
2024-08-05 14:41:00+00:00,252.11474471755068,Seasonal_Storage_System,Ventilation,Ventilation 1,Emergency Ventilation 1 Control Signal
2024-08-05 14:42:00+00:00,252.0921617076326,Seasonal_Storage_System,Ventilation,Ventilation 1,Emergency Ventilation 1 Control Signal
2024-08-05 14:43:00+00:00,252.2845064710958,Seasonal_Storage_System,Ventilation,Ventilation 1,Emergency Ventilation 1 Control Signal
2024-08-05 14:44:00+00:00,251.6441225382932,Seasonal_Storage_System,User Control,Mode Selector,Mode Selector Battery
2024-08-05 14:45:00+00:00,252.439918283743,Seasonal_Storage_System,Hydrogen Plant,Electrolyser,Downstream Temperature
2024-08-05 14:46:00+00:00,251.93378137128073,Seasonal_Storage_System,Hydrogen Plant,Compressor,Anode Dewpoint
2024-08-05 14:47:00+00:00,251.94282837429927,Seasonal_Storage_System,Hydrogen Plant,Compressor,Anode Dewpoint
2024-08-05 14:48:00+00:00,251.9057119448038,Seasonal_Storage_System,Hydrogen Plant,Compressor,Anode Dewpoint
2024-08-05 14:49:00+00:00,251.98842604570936,Seasonal_Storage_System,Hydrogen Plant,Electrolyser,Downstream Temperature
2024-08-05 14:50:00+00:00,252.09411599827513,Seasonal_Storage_System,Hydrogen Plant,Electrolyser,Downstream Temperature
2024-08-05 14:51:00+00:00,252.04132990367773,Seasonal_Storage_System,Hydrogen Plant,Electrolyser,Downstream Temperature
2024-08-05 14:52:00+00:00,251.9112554980595,Seasonal_Storage_System,Hydrogen Plant,Compressor,Anode Dewpoint
2024-08-05 14:53:00+00:00,251.91554139715393,Seasonal_Storage_System,Hydrogen Plant,Compressor,Anode Dewpoint
2024-08-05 14:54:00+00:00,252.09217464424322,Seasonal_Storage_System,Hydrogen Plant,Compressor,Anode Dewpoint
2024-08-05 14:55:00+00:00,251.95149115998277,Seasonal_Storage_System,Hydrogen Plant,Electrolyser,Downstream Temperature
2024-08-05 14:56:00+00:00,250.66356576110394,Seasonal_Storage_System,Hydrogen Plant,Electrolyser,Downstream Temperature
2024-08-05 14:57:00+00:00,250.4659357481673,Seasonal_Storage_System,Hydrogen Plant,Electrolyser,Downstream Temperature
2024-08-05 14:58:00+00:00,251.429698792583,Seasonal_Storage_System,Hydrogen Plant,Compressor,Anode Dewpoint
2024-08-05 14:59:00+00:00,251.92222540983605,Seasonal_Storage_System,Hydrogen Plant,Electrolyser,Downstream Temperature
2024-08-05 15:00:00+00:00,249.72599739978335,Seasonal_Storage_System,User Control,Mode Selector,Mode Selector Battery
2024-08-05 15:01:00+00:00,252.80088025255824,Seasonal_Storage_System,Electrical System,Electrolyser Energy Meter,Active Power
2024-08-05 15:02:00+00:00,251.6904952565761,Seasonal_Storage_System,Hydrogen Plant,Electrolyser,Downstream Temperature
2024-08-05 15:03:00+00:00,251.84603428201808,Seasonal_Storage_System,Hydrogen Plant,Electrolyser,Downstream Temperature
2024-08-05 15:04:00+00:00,251.74579495472184,Seasonal_Storage_System,Hydrogen Plant,Electrolyser,Downstream Temperature
2024-08-05 15:05:00+00:00,251.50602199223803,Seasonal_Storage_System,Hydrogen Plant,Compressor,Anode Dewpoint
2024-08-05 15:06:00+00:00,251.3261558861578,Seasonal_Storage_System,Hydrogen Plant,Electrolyser,Downstream Temperature
2024-08-05 15:07:00+00:00,250.69923642732047,Seasonal_Storage_System,Hydrogen Plant,Compressor,Anode Dewpoint
2024-08-05 15:08:00+00:00,250.82671496334626,Seasonal_Storage_System,Hydrogen Plant,Electrolyser,Downstream Temperature
2024-08-05 15:09:00+00:00,252.10165278681413,Seasonal_Storage_System,Hydrogen Plant,Compressor,Anode Dewpoint
2024-08-05 15:10:00+00:00,251.4646338939198,Seasonal_Storage_System,Heat Management,Indoor Convector,Indoor Convector Feed Temperature
2024-08-05 15:11:00+00:00,251.39682751185856,Seasonal_Storage_System,Ventilation,Ventilation 1,Emergency Ventilation 1 Control Signal
2024-08-05 15:12:00+00:00,251.26637214316514,Seasonal_Storage_System,Ventilation,Ventilation 1,Emergency Ventilation 1 Control Signal
2024-08-05 15:13:00+00:00,251.24973523070292,Seasonal_Storage_System,Heat Management,Indoor Convector,Indoor Convector Feed Temperature
2024-08-05 15:14:00+00:00,251.18741569642086,Seasonal_Storage_System,Heat Management,Indoor Convector,Indoor Convector Feed Temperature
2024-08-05 15:15:00+00:00,250.98420267356622,Seasonal_Storage_System,Heat Management,Indoor Convector,Indoor Convector Feed Temperature
2024-08-05 15:16:00+00:00,249.73814165588615,Seasonal_Storage_System,Heat Management,Indoor Convector,Indoor Convector Feed Temperature
2024-08-05 15:17:00+00:00,250.14433505821475,Seasonal_Storage_System,Heat Management,Indoor Convector,Indoor Convector Feed Temperature
2024-08-05 15:18:00+00:00,250.59356231134112,Seasonal_Storage_System,Heat Management,Indoor Convector,Indoor Convector Feed Temperature
2024-08-05 15:19:00+00:00,250.44894570928196,Seasonal_Storage_System,Heat Management,Indoor Convector,Indoor Convector Feed Temperature
2024-08-05 15:20:00+00:00,250.74957373868048,Seasonal_Storage_System,Hydrogen Plant,Electrolyser,Downstream Temperature
2024-08-05 15:21:00+00:00,251.0264564467443,Seasonal_Storage_System,Hydrogen Plant,Compressor,Anode Dewpoint
2024-08-05 15:22:00+00:00,251.13528956446746,Seasonal_Storage_System,Hydrogen Plant,Compressor,Anode Dewpoint
2024-08-05 15:23:00+00:00,251.29280077619663,Seasonal_Storage_System,Hydrogen Plant,Electrolyser,Downstream Temperature
2024-08-05 15:24:00+00:00,251.30310715825786,Seasonal_Storage_System,Hydrogen Plant,Compressor,Anode Dewpoint
2024-08-05 15:25:00+00:00,251.12907589478226,Seasonal_Storage_System,Hydrogen Plant,Electrolyser,Downstream Temperature
2024-08-05 15:26:00+00:00,250.87744739111687,Seasonal_Storage_System,Hydrogen Plant,Compressor,Anode Dewpoint
2024-08-05 15:27:00+00:00,250.71519900819322,Seasonal_Storage_System,Hydrogen Plant,Electrolyser,Downstream Temperature
2024-08-05 15:28:00+00:00,250.53263303147907,Seasonal_Storage_System,Hydrogen Plant,Electrolyser,Downstream Temperature
2024-08-05 15:29:00+00:00,250.58938809831824,Seasonal_Storage_System,Hydrogen Plant,Electrolyser,Downstream Temperature
2024-08-05 15:30:00+00:00,250.7595388098318,Seasonal_Storage_System,Hydrogen Plant,Electrolyser,Downstream Temperature
2024-08-05 15:31:00+00:00,250.75241785252263,Seasonal_Storage_System,Hydrogen Plant,Compressor,Anode Dewpoint
2024-08-05 15:32:00+00:00,251.15299870633893,Seasonal_Storage_System,Hydrogen Plant,Compressor,Anode Dewpoint
2024-08-05 15:33:00+00:00,250.93818498248686,Seasonal_Storage_System,Hydrogen Plant,Electrolyser,Downstream Temperature
2024-08-05 15:34:00+00:00,250.76166817593793,Seasonal_Storage_System,Hydrogen Plant,Electrolyser,Downstream Temperature
2024-08-05 15:35:00+00:00,250.8747420120898,Seasonal_Storage_System,Hydrogen Plant,Electrolyser,Downstream Temperature
2024-08-05 15:36:00+00:00,249.30755864596807,Seasonal_Storage_System,Ventilation,Ventilation 1,Emergency Ventilation 1 Control Signal
2024-08-05 15:37:00+00:00,249.74127770590775,Seasonal_Storage_System,Ventilation,Ventilation 1,Emergency Ventilation 1 Control Signal
2024-08-05 15:38:00+00:00,250.23732492453644,Seasonal_Storage_System,Ventilation,Ventilation 1,Emergency Ventilation 1 Control Signal
2024-08-05 15:39:00+00:00,250.58110974557997,Seasonal_Storage_System,Ventilation,Ventilation 1,Emergency Ventilation 1 Control Signal
2024-08-05 15:40:00+00:00,250.7770797757654,Seasonal_Storage_System,Ventilation,Ventilation 1,Emergency Ventilation 1 Control Signal
2024-08-05 15:41:00+00:00,250.03768804728546,Seasonal_Storage_System,Ventilation,Ventilation 1,Emergency Ventilation 1 Control Signal
2024-08-05 15:42:00+00:00,250.23707395429068,Seasonal_Storage_System,Hydrogen Plant,Electrolyser,Downstream Temperature
2024-08-05 15:43:00+00:00,250.13098598533853,Seasonal_Storage_System,Hydrogen Plant,Electrolyser,Downstream Temperature
2024-08-05 15:44:00+00:00,250.20898749460974,Seasonal_Storage_System,Hydrogen Plant,Electrolyser,Downstream Temperature
2024-08-05 15:45:00+00:00,250.28003514445882,Seasonal_Storage_System,Hydrogen Plant,Compressor,Anode Dewpoint
2024-08-05 15:46:00+00:00,250.53429840448467,Seasonal_Storage_System,Hydrogen Plant,Compressor,Anode Dewpoint
2024-08-05 15:47:00+00:00,250.62154506252696,Seasonal_Storage_System,Ventilation,Ventilation 1,Emergency Ventilation 1 Control Signal
2024-08-05 15:48:00+00:00,250.32415868909015,Seasonal_Storage_System,Ventilation,Ventilation 1,Emergency Ventilation 1 Control Signal
2024-08-05 15:49:00+00:00,250.50982104355327,Seasonal_Storage_System,Ventilation,Ventilation 1,Emergency Ventilation 1 Control Signal
2024-08-05 15:50:00+00:00,250.6656523642732,Seasonal_Storage_System,Ventilation,Ventilation 1,Emergency Ventilation 1 Control Signal
2024-08-05 15:51:00+00:00,251.88840038809835,Seasonal_Storage_System,Hydrogen Plant,Electrolyser,Downstream Temperature
2024-08-05 15:52:00+00:00,252.16149310047433,Seasonal_Storage_System,Hydrogen Plant,Electrolyser,Downstream Temperature
2024-08-05 15:53:00+00:00,252.21537818025013,Seasonal_Storage_System,Hydrogen Plant,Compressor,Anode Dewpoint
2024-08-05 15:54:00+00:00,251.92271043553254,Seasonal_Storage_System,Hydrogen Plant,Electrolyser,Downstream Temperature
2024-08-05 15:55:00+00:00,249.2285049590341,Seasonal_Storage_System,Hydrogen Plant,Electrolyser,Downstream Temperature
2024-08-05 15:56:00+00:00,263.095396291505,Seasonal_Storage_System,Hydrogen Plant,Electrolyser,Downstream Temperature
2024-08-05 15:57:00+00:00,249.2393859422165,Seasonal_Storage_System,Hydrogen Plant,Compressor,Anode Dewpoint
2024-08-05 15:58:00+00:00,250.0983152220785,Seasonal_Storage_System,Hydrogen Plant,Electrolyser,Downstream Temperature
2024-08-05 15:59:00+00:00,249.552031694696,Seasonal_Storage_System,Hydrogen Plant,Electrolyser,Downstream Temperature
2024-08-05 16:00:00+00:00,249.8919480379474,Seasonal_Storage_System,Hydrogen Plant,Electrolyser,Downstream Temperature
2024-08-05 16:01:00+00:00,250.10599417852524,Seasonal_Storage_System,Hydrogen Plant,Electrolyser,Downstream Temperature
2024-08-05 16:02:00+00:00,250.44234124245037,Seasonal_Storage_System,Hydrogen Plant,Electrolyser,Downstream Temperature
2024-08-05 16:03:00+00:00,250.1093680525164,Seasonal_Storage_System,User Control,Mode Selector,Mode Selector Battery
2024-08-05 16:04:00+00:00,250.2041282880552,Seasonal_Storage_System,Hydrogen Plant,Electrolyser,Downstream Temperature
2024-08-05 16:05:00+00:00,250.0914853195164,Seasonal_Storage_System,Hydrogen Plant,Electrolyser,Downstream Temperature
2024-08-05 16:06:00+00:00,249.62026951272102,Seasonal_Storage_System,Ventilation,Ventilation 1,Emergency Ventilation 1 Control Signal
2024-08-05 16:07:00+00:00,250.04866213885296,Seasonal_Storage_System,Ventilation,Ventilation 1,Emergency Ventilation 1 Control Signal
2024-08-05 16:08:00+00:00,250.33504872789996,Seasonal_Storage_System,Ventilation,Ventilation 1,Emergency Ventilation 1 Control Signal
2024-08-05 16:09:00+00:00,250.25152630444154,Seasonal_Storage_System,Ventilation,Ventilation 1,Emergency Ventilation 1 Control Signal
2024-08-05 16:10:00+00:00,250.08214898663218,Seasonal_Storage_System,Ventilation,Ventilation 1,Emergency Ventilation 1 Control Signal
2024-08-05 16:11:00+00:00,249.94510780508838,Seasonal_Storage_System,Ventilation,Ventilation 1,Emergency Ventilation 1 Control Signal
2024-08-05 16:12:00+00:00,249.52908796895213,Seasonal_Storage_System,Ventilation,Ventilation 1,Emergency Ventilation 1 Control Signal
2024-08-05 16:13:00+00:00,248.4894158008658,Seasonal_Storage_System,Ventilation,Ventilation 1,Emergency Ventilation 1 Control Signal
2024-08-05 16:14:00+00:00,249.99327169646753,Seasonal_Storage_System,Electrical System,Compressor Energy Meter,Active Power
2024-08-05 16:15:00+00:00,249.42889995687796,Seasonal_Storage_System,Hydrogen Plant,Electrolyser,Downstream Temperature
2024-08-05 16:16:00+00:00,248.56339090125053,Seasonal_Storage_System,Hydrogen Plant,Electrolyser,Downstream Temperature
2024-08-05 16:17:00+00:00,248.33004139715396,Seasonal_Storage_System,Hydrogen Plant,Compressor,Anode Dewpoint
2024-08-05 16:18:00+00:00,249.20205735230704,Seasonal_Storage_System,Hydrogen Plant,Compressor,Anode Dewpoint
2024-08-05 16:19:00+00:00,249.3251080206986,Seasonal_Storage_System,Hydrogen Plant,Electrolyser,Downstream Temperature
2024-08-05 16:20:00+00:00,249.30640103492885,Seasonal_Storage_System,Hydrogen Plant,Compressor,Anode Dewpoint
2024-08-05 16:21:00+00:00,248.95316041397152,Seasonal_Storage_System,Ventilation,Ventilation 1,Emergency Ventilation 1 Control Signal
2024-08-05 16:22:00+00:00,248.96252975420438,Seasonal_Storage_System,Ventilation,Ventilation 1,Emergency Ventilation 1 Control Signal
2024-08-05 16:23:00+00:00,249.9378183417638,Seasonal_Storage_System,Ventilation,Ventilation 1,Emergency Ventilation 1 Control Signal
2024-08-05 16:24:00+00:00,248.0229132861129,Seasonal_Storage_System,Heat Management,Indoor Convector,Indoor Convector Feed Temperature
2024-08-05 16:25:00+00:00,250.1772453974442,Seasonal_Storage_System,Hydrogen Plant,Compressor,Anode Dewpoint
2024-08-05 16:26:00+00:00,249.00104075032343,Seasonal_Storage_System,Heat Management,Indoor Convector,Indoor Convector Feed Temperature
2024-08-05 16:27:00+00:00,248.90445817162572,Seasonal_Storage_System,Heat Management,Indoor Convector,Indoor Convector Feed Temperature
2024-08-05 16:28:00+00:00,249.0041655886158,Seasonal_Storage_System,Heat Management,Indoor Convector,Indoor Convector Feed Temperature
2024-08-05 16:29:00+00:00,248.71625118585598,Seasonal_Storage_System,Heat Management,Indoor Convector,Indoor Convector Feed Temperature
2024-08-05 16:30:00+00:00,248.58646528676155,Seasonal_Storage_System,Heat Management,Indoor Convector,Indoor Convector Feed Temperature
2024-08-05 16:31:00+00:00,248.45515653298838,Seasonal_Storage_System,Heat Management,Indoor Convector,Indoor Convector Feed Temperature
2024-08-05 16:32:00+00:00,248.33186869340233,Seasonal_Storage_System,Heat Management,Indoor Convector,Indoor Convector Feed Temperature
2024-08-05 16:33:00+00:00,247.9624054290718,Seasonal_Storage_System,Heat Management,Indoor Convector,Indoor Convector Feed Temperature
2024-08-05 16:34:00+00:00,248.6208555699482,Seasonal_Storage_System,Hydrogen Plant,Electrolyser,Downstream Temperature
2024-08-05 16:35:00+00:00,248.2273680465718,Seasonal_Storage_System,Ventilation,Ventilation 1,Emergency Ventilation 1 Control Signal
2024-08-05 16:36:00+00:00,246.73974471755068,Seasonal_Storage_System,Ventilation,Ventilation 1,Emergency Ventilation 1 Control Signal
2024-08-05 16:37:00+00:00,247.0017992669254,Seasonal_Storage_System,Ventilation,Ventilation 1,Emergency Ventilation 1 Control Signal
2024-08-05 16:38:00+00:00,247.83343639499782,Seasonal_Storage_System,Ventilation,Ventilation 1,Emergency Ventilation 1 Control Signal
2024-08-05 16:39:00+00:00,247.9831811125485,Seasonal_Storage_System,Ventilation,Ventilation 1,Emergency Ventilation 1 Control Signal
2024-08-05 16:40:00+00:00,247.9018579128935,Seasonal_Storage_System,Ventilation,Ventilation 1,Emergency Ventilation 1 Control Signal
2024-08-05 16:41:00+00:00,247.87745687796465,Seasonal_Storage_System,Ventilation,Ventilation 1,Emergency Ventilation 1 Control Signal
2024-08-05 16:42:00+00:00,247.85265243639498,Seasonal_Storage_System,Ventilation,Ventilation 1,Emergency Ventilation 1 Control Signal
2024-08-05 16:43:00+00:00,247.72918499353167,Seasonal_Storage_System,Heat Management,Indoor Convector,Indoor Convector Feed Temperature
2024-08-05 16:44:00+00:00,247.81767033203965,Seasonal_Storage_System,Heat Management,Indoor Convector,Indoor Convector Feed Temperature
2024-08-05 16:45:00+00:00,247.8332386804657,Seasonal_Storage_System,Heat Management,Indoor Convector,Indoor Convector Feed Temperature
2024-08-05 16:46:00+00:00,247.57142140980736,Seasonal_Storage_System,Heat Management,Indoor Convector,Indoor Convector Feed Temperature
2024-08-05 16:47:00+00:00,247.75448296679602,Seasonal_Storage_System,Hydrogen Plant,Electrolyser,Downstream Temperature
2024-08-05 16:48:00+00:00,247.65749590340664,Seasonal_Storage_System,Hydrogen Plant,Electrolyser,Downstream Temperature
2024-08-05 16:49:00+00:00,247.4788932729625,Seasonal_Storage_System,Hydrogen Plant,Electrolyser,Downstream Temperature
2024-08-05 16:50:00+00:00,247.33253579128933,Seasonal_Storage_System,Hydrogen Plant,Compressor,Anode Dewpoint
2024-08-05 16:51:00+00:00,247.21802307028895,Seasonal_Storage_System,Hydrogen Plant,Compressor,Anode Dewpoint
2024-08-05 16:52:00+00:00,247.2077894736842,Seasonal_Storage_System,Hydrogen Plant,Electrolyser,Downstream Temperature
2024-08-05 16:53:00+00:00,246.72975536105034,Seasonal_Storage_System,User Control,Mode Selector,Mode Selector Battery
2024-08-05 16:54:00+00:00,247.1245409659336,Seasonal_Storage_System,Hydrogen Plant,Electrolyser,Downstream Temperature
2024-08-05 16:55:00+00:00,247.51338277202075,Seasonal_Storage_System,Hydrogen Plant,Electrolyser,Downstream Temperature
2024-08-05 16:56:00+00:00,245.87379711082366,Seasonal_Storage_System,Ventilation,Ventilation 1,Emergency Ventilation 1 Control Signal
2024-08-05 16:57:00+00:00,245.72430823117335,Seasonal_Storage_System,Ventilation,Ventilation 1,Emergency Ventilation 1 Control Signal
2024-08-05 16:58:00+00:00,246.6910448469168,Seasonal_Storage_System,Hydrogen Plant,Compressor,Anode Dewpoint
2024-08-05 16:59:00+00:00,246.85481996550237,Seasonal_Storage_System,Hydrogen Plant,Electrolyser,Downstream Temperature
2024-08-05 17:00:00+00:00,246.82361815437687,Seasonal_Storage_System,Hydrogen Plant,Compressor,Anode Dewpoint
2024-08-05 17:01:00+00:00,246.57453018542478,Seasonal_Storage_System,Hydrogen Plant,Compressor,Anode Dewpoint
2024-08-05 17:02:00+00:00,246.41045493747305,Seasonal_Storage_System,Hydrogen Plant,Compressor,Anode Dewpoint
2024-08-05 17:03:00+00:00,245.9694575247952,Seasonal_Storage_System,Hydrogen Plant,Electrolyser,Downstream Temperature
2024-08-05 17:04:00+00:00,246.12906597671412,Seasonal_Storage_System,Hydrogen Plant,Electrolyser,Downstream Temperature
2024-08-05 17:05:00+00:00,246.28625420439846,Seasonal_Storage_System,Hydrogen Plant,Electrolyser,Downstream Temperature
2024-08-05 17:06:00+00:00,246.30388982319968,Seasonal_Storage_System,Hydrogen Plant,Compressor,Anode Dewpoint
2024-08-05 17:07:00+00:00,246.05355100700527,Seasonal_Storage_System,Hydrogen Plant,Compressor,Anode Dewpoint
2024-08-05 17:08:00+00:00,246.29375334195777,Seasonal_Storage_System,Hydrogen Plant,Electrolyser,Downstream Temperature
2024-08-05 17:09:00+00:00,246.0647753341958,Seasonal_Storage_System,Hydrogen Plant,Electrolyser,Downstream Temperature
2024-08-05 17:10:00+00:00,246.1507725312635,Seasonal_Storage_System,Hydrogen Plant,Compressor,Anode Dewpoint
2024-08-05 17:11:00+00:00,245.80686114704616,Seasonal_Storage_System,Hydrogen Plant,Compressor,Anode Dewpoint
2024-08-05 17:12:00+00:00,245.8407815868909,Seasonal_Storage_System,Hydrogen Plant,Electrolyser,Downstream Temperature
2024-08-05 17:13:00+00:00,244.90914941785252,Seasonal_Storage_System,Hydrogen Plant,Electrolyser,Downstream Temperature
2024-08-05 17:14:00+00:00,243.7799728331177,Seasonal_Storage_System,Hydrogen Plant,Compressor,Anode Dewpoint
2024-08-05 17:15:00+00:00,243.32359680896937,Seasonal_Storage_System,Hydrogen Plant,Compressor,Anode Dewpoint
2024-08-05 17:16:00+00:00,242.0475166019836,Seasonal_Storage_System,Hydrogen Plant,Electrolyser,Downstream Temperature
2024-08-05 17:17:00+00:00,241.60093380767574,Seasonal_Storage_System,Hydrogen Plant,Electrolyser,Downstream Temperature
2024-08-05 17:18:00+00:00,241.25529395002192,Seasonal_Storage_System,Hydrogen Plant,Compressor,Anode Dewpoint
2024-08-05 17:19:00+00:00,240.7370178956447,Seasonal_Storage_System,Ventilation,Ventilation 1,Emergency Ventilation 1 Control Signal
2024-08-05 17:20:00+00:00,239.62315243639503,Seasonal_Storage_System,Ventilation,Ventilation 1,Emergency Ventilation 1 Control Signal
2024-08-05 17:21:00+00:00,238.45252652005175,Seasonal_Storage_System,Ventilation,Ventilation 1,Emergency Ventilation 1 Control Signal
2024-08-05 17:22:00+00:00,236.9474993531695,Seasonal_Storage_System,Ventilation,Ventilation 1,Emergency Ventilation 1 Control Signal
2024-08-05 17:23:00+00:00,236.56913755929278,Seasonal_Storage_System,Ventilation,Ventilation 1,Emergency Ventilation 1 Control Signal
2024-08-05 17:24:00+00:00,236.2177427770591,Seasonal_Storage_System,Ventilation,Ventilation 1,Emergency Ventilation 1 Control Signal
2024-08-05 17:25:00+00:00,235.16646830530402,Seasonal_Storage_System,Ventilation,Ventilation 1,Emergency Ventilation 1 Control Signal
2024-08-05 17:26:00+00:00,234.07603686934024,Seasonal_Storage_System,Ventilation,Ventilation 1,Emergency Ventilation 1 Control Signal
2024-08-05 17:27:00+00:00,233.85588335489436,Seasonal_Storage_System,Ventilation,Ventilation 1,Emergency Ventilation 1 Control Signal
2024-08-05 17:28:00+00:00,232.83031630012937,Seasonal_Storage_System,Ventilation,Ventilation 1,Emergency Ventilation 1 Control Signal
2024-08-05 17:29:00+00:00,231.99994614711034,Seasonal_Storage_System,Ventilation,Ventilation 1,Emergency Ventilation 1 Control Signal
2024-08-05 17:30:00+00:00,232.05812721000433,Seasonal_Storage_System,Hydrogen Plant,Electrolyser,Downstream Temperature
2024-08-05 17:31:00+00:00,231.1747984044847,Seasonal_Storage_System,Hydrogen Plant,Compressor,Anode Dewpoint
2024-08-05 17:32:00+00:00,230.35919361793876,Seasonal_Storage_System,Hydrogen Plant,Electrolyser,Downstream Temperature
2024-08-05 17:33:00+00:00,228.76611492022423,Seasonal_Storage_System,Hydrogen Plant,Compressor,Anode Dewpoint
2024-08-05 17:34:00+00:00,227.13660888313927,Seasonal_Storage_System,Hydrogen Plant,Electrolyser,Downstream Temperature
2024-08-05 17:35:00+00:00,226.83215178956448,Seasonal_Storage_System,Hydrogen Plant,Electrolyser,Downstream Temperature
2024-08-05 17:36:00+00:00,225.91163303147908,Seasonal_Storage_System,Hydrogen Plant,Compressor,Anode Dewpoint
2024-08-05 17:37:00+00:00,224.967347563605,Seasonal_Storage_System,Hydrogen Plant,Electrolyser,Downstream Temperature
2024-08-05 17:38:00+00:00,224.19129991243432,Seasonal_Storage_System,Hydrogen Plant,Electrolyser,Downstream Temperature
2024-08-05 17:39:00+00:00,223.9423781802501,Seasonal_Storage_System,Hydrogen Plant,Electrolyser,Downstream Temperature
2024-08-05 17:40:00+00:00,223.13243725743854,Seasonal_Storage_System,Hydrogen Plant,Compressor,Anode Dewpoint
2024-08-05 17:41:00+00:00,222.5294943941354,Seasonal_Storage_System,Hydrogen Plant,Electrolyser,Downstream Temperature
2024-08-05 17:42:00+00:00,221.4784909443726,Seasonal_Storage_System,Hydrogen Plant,Electrolyser,Downstream Temperature
2024-08-05 17:43:00+00:00,220.0289497628288,Seasonal_Storage_System,Hydrogen Plant,Compressor,Anode Dewpoint
2024-08-05 17:44:00+00:00,219.44344372574386,Seasonal_Storage_System,Hydrogen Plant,Electrolyser,Downstream Temperature
2024-08-05 17:45:00+00:00,219.3198598877375,Seasonal_Storage_System,Hydrogen Plant,Electrolyser,Downstream Temperature
2024-08-05 17:46:00+00:00,218.08025592927984,Seasonal_Storage_System,Ventilation,Ventilation 1,Emergency Ventilation 1 Control Signal
2024-08-05 17:47:00+00:00,217.54454398447606,Seasonal_Storage_System,Ventilation,Ventilation 1,Emergency Ventilation 1 Control Signal
2024-08-05 17:48:00+00:00,217.2011339754816,Seasonal_Storage_System,Ventilation,Ventilation 1,Emergency Ventilation 1 Control Signal
2024-08-05 17:49:00+00:00,216.76473372143164,Seasonal_Storage_System,Hydrogen Plant,Compressor,Anode Dewpoint
2024-08-05 17:50:00+00:00,215.46560595446584,Seasonal_Storage_System,Ventilation,Ventilation 1,Emergency Ventilation 1 Control Signal
2024-08-05 17:51:00+00:00,214.93105153083224,Seasonal_Storage_System,Hydrogen Plant,Electrolyser,Downstream Temperature
2024-08-05 17:52:00+00:00,214.54423997412678,Seasonal_Storage_System,Hydrogen Plant,Electrolyser,Downstream Temperature
2024-08-05 17:53:00+00:00,213.15766860715826,Seasonal_Storage_System,Hydrogen Plant,Electrolyser,Downstream Temperature
2024-08-05 17:54:00+00:00,212.37905605864597,Seasonal_Storage_System,Hydrogen Plant,Compressor,Anode Dewpoint
2024-08-05 17:55:00+00:00,211.3005948684778,Seasonal_Storage_System,Hydrogen Plant,Electrolyser,Downstream Temperature
2024-08-05 17:56:00+00:00,208.03866637762843,Seasonal_Storage_System,Hydrogen Plant,Electrolyser,Downstream Temperature
2024-08-05 17:57:00+00:00,208.31742325277597,Seasonal_Storage_System,Electrical System,Electrolyser Energy Meter,Active Power
2024-08-05 17:58:00+00:00,206.72881630012935,Seasonal_Storage_System,Hydrogen Plant,Electrolyser,Downstream Temperature
2024-08-05 17:59:00+00:00,206.29272617507547,Seasonal_Storage_System,Hydrogen Plant,Electrolyser,Downstream Temperature
2024-08-05 18:00:00+00:00,205.76392712376025,Seasonal_Storage_System,Hydrogen Plant,Compressor,Anode Dewpoint
2024-08-05 18:01:00+00:00,204.81883613626562,Seasonal_Storage_System,Hydrogen Plant,Electrolyser,Downstream Temperature
2024-08-05 18:02:00+00:00,204.47903686934023,Seasonal_Storage_System,Hydrogen Plant,Electrolyser,Downstream Temperature
2024-08-05 18:03:00+00:00,203.684854894351,Seasonal_Storage_System,Hydrogen Plant,Electrolyser,Downstream Temperature
2024-08-05 18:04:00+00:00,201.87841354031912,Seasonal_Storage_System,Hydrogen Plant,Compressor,Anode Dewpoint
2024-08-05 18:05:00+00:00,198.89742820181112,Seasonal_Storage_System,Hydrogen Plant,Electrolyser,Downstream Temperature
2024-08-05 18:06:00+00:00,193.7246657167909,Seasonal_Storage_System,Hydrogen Plant,Electrolyser,Downstream Temperature
2024-08-05 18:07:00+00:00,189.10030444156965,Seasonal_Storage_System,Ventilation,Ventilation 1,Emergency Ventilation 1 Control Signal
2024-08-05 18:08:00+00:00,182.5705308322553,Seasonal_Storage_System,Ventilation,Ventilation 1,Emergency Ventilation 1 Control Signal
2024-08-05 18:09:00+00:00,176.98033139284175,Seasonal_Storage_System,Ventilation,Ventilation 1,Emergency Ventilation 1 Control Signal
2024-08-05 18:10:00+00:00,170.5517322121604,Seasonal_Storage_System,Ventilation,Ventilation 1,Emergency Ventilation 1 Control Signal
2024-08-05 18:11:00+00:00,165.09197303710096,Seasonal_Storage_System,Ventilation,Ventilation 1,Emergency Ventilation 1 Control Signal
2024-08-05 18:12:00+00:00,161.6168178094006,Seasonal_Storage_System,User Control,Mode Selector,Mode Selector Battery
2024-08-05 18:13:00+00:00,157.81223741794312,Seasonal_Storage_System,User Control,Mode Selector,Mode Selector Battery
2024-08-05 18:14:00+00:00,156.13702371711943,Seasonal_Storage_System,Hydrogen Plant,Compressor,Anode Dewpoint
2024-08-05 18:15:00+00:00,155.19773738680468,Seasonal_Storage_System,Hydrogen Plant,Compressor,Anode Dewpoint
2024-08-05 18:16:00+00:00,153.93801724881413,Seasonal_Storage_System,Hydrogen Plant,Electrolyser,Downstream Temperature
2024-08-05 18:17:00+00:00,153.49323824924537,Seasonal_Storage_System,Hydrogen Plant,Compressor,Anode Dewpoint
2024-08-05 18:18:00+00:00,153.8685409659336,Seasonal_Storage_System,Hydrogen Plant,Electrolyser,Downstream Temperature
2024-08-05 18:19:00+00:00,153.83145599824869,Seasonal_Storage_System,Hydrogen Plant,Electrolyser,Downstream Temperature
2024-08-05 18:20:00+00:00,153.73092906425182,Seasonal_Storage_System,Hydrogen Plant,Electrolyser,Downstream Temperature
2024-08-05 18:21:00+00:00,153.5783391548081,Seasonal_Storage_System,Hydrogen Plant,Electrolyser,Downstream Temperature
2024-08-05 18:22:00+00:00,153.4552936610608,Seasonal_Storage_System,Hydrogen Plant,Electrolyser,Downstream Temperature
2024-08-05 18:23:00+00:00,152.56439003880982,Seasonal_Storage_System,Hydrogen Plant,Electrolyser,Downstream Temperature
2024-08-05 18:24:00+00:00,149.76865157395432,Seasonal_Storage_System,Hydrogen Plant,Electrolyser,Downstream Temperature
2024-08-05 18:25:00+00:00,149.31610004312205,Seasonal_Storage_System,Hydrogen Plant,Electrolyser,Downstream Temperature
2024-08-05 18:26:00+00:00,147.77826994394135,Seasonal_Storage_System,Hydrogen Plant,Electrolyser,Downstream Temperature
2024-08-05 18:27:00+00:00,145.1236519070583,Seasonal_Storage_System,Hydrogen Plant,Compressor,Anode Dewpoint
2024-08-05 18:28:00+00:00,144.6443691246227,Seasonal_Storage_System,Hydrogen Plant,Electrolyser,Downstream Temperature
2024-08-05 18:29:00+00:00,143.0771867184131,Seasonal_Storage_System,Ventilation,Ventilation 1,Emergency Ventilation 1 Control Signal
2024-08-05 18:30:00+00:00,140.80555799913756,Seasonal_Storage_System,Ventilation,Ventilation 1,Emergency Ventilation 1 Control Signal
2024-08-05 18:31:00+00:00,140.43426821905996,Seasonal_Storage_System,Ventilation,Ventilation 1,Emergency Ventilation 1 Control Signal
2024-08-05 18:32:00+00:00,139.1456785252264,Seasonal_Storage_System,Ventilation,Ventilation 1,Emergency Ventilation 1 Control Signal
2024-08-05 18:33:00+00:00,135.98136158681984,Seasonal_Storage_System,Ventilation,Ventilation 1,Emergency Ventilation 1 Control Signal
2024-08-05 18:34:00+00:00,136.438757892445,Seasonal_Storage_System,Electrical System,Electrolyser Energy Meter,Active Power
2024-08-05 18:35:00+00:00,135.8567593790427,Seasonal_Storage_System,Hydrogen Plant,Electrolyser,Downstream Temperature
2024-08-05 18:36:00+00:00,132.25622380336353,Seasonal_Storage_System,Hydrogen Plant,Electrolyser,Downstream Temperature
2024-08-05 18:37:00+00:00,131.04452630444158,Seasonal_Storage_System,Hydrogen Plant,Electrolyser,Downstream Temperature
2024-08-05 18:38:00+00:00,131.53424040534713,Seasonal_Storage_System,Hydrogen Plant,Compressor,Anode Dewpoint
2024-08-05 18:39:00+00:00,129.52846147110333,Seasonal_Storage_System,Hydrogen Plant,Electrolyser,Downstream Temperature
2024-08-05 18:40:00+00:00,127.55433053040103,Seasonal_Storage_System,Hydrogen Plant,Electrolyser,Downstream Temperature
2024-08-05 18:41:00+00:00,127.28168434670117,Seasonal_Storage_System,Hydrogen Plant,Compressor,Anode Dewpoint
2024-08-05 18:42:00+00:00,127.14897304872791,Seasonal_Storage_System,Hydrogen Plant,Electrolyser,Downstream Temperature
2024-08-05 18:43:00+00:00,124.19433786114705,Seasonal_Storage_System,Hydrogen Plant,Compressor,Anode Dewpoint
2024-08-05 18:44:00+00:00,123.58003880983182,Seasonal_Storage_System,Hydrogen Plant,Electrolyser,Downstream Temperature
2024-08-05 18:45:00+00:00,123.43497360897294,Seasonal_Storage_System,Hydrogen Plant,Compressor,Anode Dewpoint
2024-08-05 18:46:00+00:00,122.73154980595083,Seasonal_Storage_System,Heat Management,Indoor Convector,Indoor Convector Feed Temperature
2024-08-05 18:47:00+00:00,119.80200582147476,Seasonal_Storage_System,Heat Management,Indoor Convector,Indoor Convector Feed Temperature
2024-08-05 18:48:00+00:00,119.39981112548513,Seasonal_Storage_System,Heat Management,Indoor Convector,Indoor Convector Feed Temperature
2024-08-05 18:49:00+00:00,118.98340965933592,Seasonal_Storage_System,Heat Management,Indoor Convector,Indoor Convector Feed Temperature
2024-08-05 18:50:00+00:00,118.15269965502372,Seasonal_Storage_System,Heat Management,Indoor Convector,Indoor Convector Feed Temperature
2024-08-05 18:51:00+00:00,115.3638095446585,Seasonal_Storage_System,Heat Management,Indoor Convector,Indoor Convector Feed Temperature
2024-08-05 18:52:00+00:00,115.59903238341968,Seasonal_Storage_System,Hydrogen Plant,Electrolyser,Downstream Temperature
2024-08-05 18:53:00+00:00,115.03692173350582,Seasonal_Storage_System,Ventilation,Ventilation 1,Emergency Ventilation 1 Control Signal
2024-08-05 18:54:00+00:00,114.60137667097888,Seasonal_Storage_System,Ventilation,Ventilation 1,Emergency Ventilation 1 Control Signal
2024-08-05 18:55:00+00:00,111.71673005605865,Seasonal_Storage_System,Ventilation,Ventilation 1,Emergency Ventilation 1 Control Signal
2024-08-05 18:56:00+00:00,110.78960025873222,Seasonal_Storage_System,Ventilation,Ventilation 1,Emergency Ventilation 1 Control Signal
2024-08-05 18:57:00+00:00,110.44751854247521,Seasonal_Storage_System,Ventilation,Ventilation 1,Emergency Ventilation 1 Control Signal
2024-08-05 18:58:00+00:00,110.30175027097333,Seasonal_Storage_System,Hydrogen Plant,Electrolyser,Downstream Temperature
2024-08-05 18:59:00+00:00,110.48602264315262,Seasonal_Storage_System,Electrical System,Compressor Energy Meter,Active Power
2024-08-05 19:00:00+00:00,110.09085446313065,Seasonal_Storage_System,Hydrogen Plant,Compressor,Anode Dewpoint
2024-08-05 19:01:00+00:00,109.98379732643382,Seasonal_Storage_System,Hydrogen Plant,Electrolyser,Downstream Temperature
2024-08-05 19:02:00+00:00,109.80967981888745,Seasonal_Storage_System,Hydrogen Plant,Electrolyser,Downstream Temperature
2024-08-05 19:03:00+00:00,109.56414165588616,Seasonal_Storage_System,Hydrogen Plant,Compressor,Anode Dewpoint
2024-08-05 19:04:00+00:00,109.62450711513583,Seasonal_Storage_System,Hydrogen Plant,Electrolyser,Downstream Temperature
2024-08-05 19:05:00+00:00,109.08769001751314,Seasonal_Storage_System,Hydrogen Plant,Electrolyser,Downstream Temperature
2024-08-05 19:06:00+00:00,109.16140728762397,Seasonal_Storage_System,Hydrogen Plant,Compressor,Anode Dewpoint
2024-08-05 19:07:00+00:00,109.28217572229408,Seasonal_Storage_System,Hydrogen Plant,Electrolyser,Downstream Temperature
2024-08-05 19:08:00+00:00,108.98670741699009,Seasonal_Storage_System,Hydrogen Plant,Compressor,Anode Dewpoint
2024-08-05 19:09:00+00:00,109.00318177892919,Seasonal_Storage_System,Hydrogen Plant,Electrolyser,Downstream Temperature
2024-08-05 19:10:00+00:00,108.5903335489435,Seasonal_Storage_System,Ventilation,Ventilation 1,Emergency Ventilation 1 Control Signal
2024-08-05 19:11:00+00:00,108.58603320396723,Seasonal_Storage_System,Hydrogen Plant,Electrolyser,Downstream Temperature
2024-08-05 19:12:00+00:00,108.5540418283743,Seasonal_Storage_System,Hydrogen Plant,Compressor,Anode Dewpoint
2024-08-05 19:13:00+00:00,92.36545235015093,Seasonal_Storage_System,Hydrogen Plant,Electrolyser,Downstream Temperature
2024-08-05 19:14:00+00:00,57.263207201379906,Seasonal_Storage_System,Hydrogen Plant,Electrolyser,Downstream Temperature
2024-08-05 19:15:00+00:00,42.232011211729194,Seasonal_Storage_System,Hydrogen Plant,Electrolyser,Downstream Temperature
2024-08-05 19:16:00+00:00,42.79185230702889,Seasonal_Storage_System,Hydrogen Plant,Compressor,Anode Dewpoint
2024-08-05 19:17:00+00:00,40.67595446880269,Seasonal_Storage_System,Hydrogen Plant,Electrolyser,Downstream Temperature
2024-08-05 19:18:00+00:00,3.1084972677595624,Seasonal_Storage_System,PV System,PV Inverter,Active Power
2024-08-05 19:19:00+00:00,2.5587887067395267,Seasonal_Storage_System,Battery System,Battery,Current
2024-08-05 19:20:00+00:00,2.0443624772313296,Seasonal_Storage_System,Battery System,Battery,Current
2024-08-05 19:21:00+00:00,2.3822768670309658,Seasonal_Storage_System,Battery System,Battery,Current
2024-08-05 19:22:00+00:00,2.422980680772769,Seasonal_Storage_System,Battery System,Battery,Current
2024-08-05 19:23:00+00:00,2.363014571948998,Seasonal_Storage_System,Battery System,Battery,Current
2024-08-05 19:24:00+00:00,2.362449908925319,Seasonal_Storage_System,Battery System,Battery,Current
2024-08-05 19:25:00+00:00,2.10459927140255,Seasonal_Storage_System,Battery System,Battery,Current
2024-08-05 19:26:00+00:00,2.2296448087431693,Seasonal_Storage_System,PV System,PV Inverter,Active Power
2024-08-05 19:27:00+00:00,2.4383333333333335,Seasonal_Storage_System,PV System,PV Inverter,Active Power
2024-08-05 19:28:00+00:00,2.7303734061930784,Seasonal_Storage_System,Battery System,Battery,Current
2024-08-05 19:29:00+00:00,2.225947176684882,Seasonal_Storage_System,Battery System,Battery,Current
2024-08-05 19:30:00+00:00,2.250455373406193,Seasonal_Storage_System,PV System,PV Inverter,Active Power
2024-08-05 19:31:00+00:00,1.9360746812386156,Seasonal_Storage_System,PV System,PV Inverter,Active Power
2024-08-05 19:32:00+00:00,2.3412568306010932,Seasonal_Storage_System,PV System,PV Inverter,Active Power
2024-08-05 19:33:00+00:00,2.704744990892532,Seasonal_Storage_System,PV System,PV Inverter,Active Power
2024-08-05 19:34:00+00:00,2.560983606557377,Seasonal_Storage_System,Battery System,Battery,Current
2024-08-05 19:35:00+00:00,2.3335154826958107,Seasonal_Storage_System,Battery System,Battery,Current
2024-08-05 19:36:00+00:00,2.2500182149362478,Seasonal_Storage_System,PV System,PV Inverter,Active Power
2024-08-05 19:37:00+00:00,2.2384426229508194,Seasonal_Storage_System,PV System,PV Inverter,Active Power
2024-08-05 19:38:00+00:00,2.986010928961749,Seasonal_Storage_System,PV System,PV Inverter,Active Power
2024-08-05 19:39:00+00:00,2.7353005464480877,Seasonal_Storage_System,Battery System,Battery,Current
2024-08-05 19:40:00+00:00,2.4951821493624773,Seasonal_Storage_System,Battery System,Battery,Current
2024-08-05 19:41:00+00:00,2.692859744990893,Seasonal_Storage_System,PV System,PV Inverter,Active Power
2024-08-05 19:42:00+00:00,2.297030965391621,Seasonal_Storage_System,Battery System,Battery,Current
2024-08-05 19:43:00+00:00,2.285947176684882,Seasonal_Storage_System,Battery System,Battery,Current
2024-08-05 19:44:00+00:00,2.4054280510018216,Seasonal_Storage_System,Battery System,Battery,Current
2024-08-05 19:45:00+00:00,1.8911475409836065,Seasonal_Storage_System,PV System,PV Inverter,Active Power
2024-08-05 19:46:00+00:00,2.535810564663024,Seasonal_Storage_System,Battery System,Battery,Current
2024-08-05 19:47:00+00:00,2.261539162112933,Seasonal_Storage_System,Battery System,Battery,Current
2024-08-05 19:48:00+00:00,2.7890346083788704,Seasonal_Storage_System,Battery System,Battery,Current
2024-08-05 19:49:00+00:00,2.1612932604735886,Seasonal_Storage_System,PV System,PV Inverter,Active Power
2024-08-05 19:50:00+00:00,2.6450546448087433,Seasonal_Storage_System,Battery System,Battery,Current
2024-08-05 19:51:00+00:00,2.3407832422586523,Seasonal_Storage_System,PV System,PV Inverter,Active Power
2024-08-05 19:52:00+00:00,2.134553734061931,Seasonal_Storage_System,Battery System,Battery,Current
2024-08-05 19:53:00+00:00,2.5045992714025505,Seasonal_Storage_System,Battery System,Battery,Current
2024-08-05 19:54:00+00:00,2.6798451730418944,Seasonal_Storage_System,Battery System,Battery,Current
2024-08-05 19:55:00+00:00,2.209216757741348,Seasonal_Storage_System,Battery System,Battery,Current
2024-08-05 19:56:00+00:00,2.6962204007285973,Seasonal_Storage_System,PV System,PV Inverter,Active Power
2024-08-05 19:57:00+00:00,2.0932149362477235,Seasonal_Storage_System,Battery System,Battery,Current
2024-08-05 19:58:00+00:00,2.594626593806922,Seasonal_Storage_System,Battery System,Battery,Current
2024-08-05 19:59:00+00:00,2.241584699453552,Seasonal_Storage_System,PV System,PV Inverter,Active Power
2024-08-05 20:00:00+00:00,2.5138979963570134,Seasonal_Storage_System,PV System,PV Inverter,Active Power
2024-08-05 20:01:00+00:00,2.310009107468124,Seasonal_Storage_System,PV System,PV Inverter,Active Power
2024-08-05 20:02:00+00:00,2.5719489981785064,Seasonal_Storage_System,Battery System,Battery,Current
2024-08-05 20:03:00+00:00,2.4331420765027323,Seasonal_Storage_System,PV System,PV Inverter,Active Power
2024-08-05 20:04:00+00:00,2.2484153005464482,Seasonal_Storage_System,Battery System,Battery,Current
2024-08-05 20:05:00+00:00,2.587404371584699,Seasonal_Storage_System,Battery System,Battery,Current
2024-08-05 20:06:00+00:00,2.286730418943534,Seasonal_Storage_System,PV System,PV Inverter,Active Power
2024-08-05 20:07:00+00:00,2.2537522768670315,Seasonal_Storage_System,Battery System,Battery,Current
2024-08-05 20:08:00+00:00,2.1824590163934428,Seasonal_Storage_System,PV System,PV Inverter,Active Power
2024-08-05 20:09:00+00:00,2.3898540145985403,Seasonal_Storage_System,PV System,PV Inverter,Active Power
2024-08-05 20:10:00+00:00,2.3984756657483937,Seasonal_Storage_System,User Control,Mode Selector,Mode Selector Battery
2024-08-05 20:11:00+00:00,2.2021675774134795,Seasonal_Storage_System,Battery System,Battery,Current
2024-08-05 20:12:00+00:00,2.14735883424408,Seasonal_Storage_System,Battery System,Battery,Current
2024-08-05 20:13:00+00:00,2.5989253187613843,Seasonal_Storage_System,PV System,PV Inverter,Active Power
2024-08-05 20:14:00+00:00,2.0910164835164835,Seasonal_Storage_System,PV System,PV Inverter,Active Power
2024-08-05 20:15:00+00:00,2.2684608378870674,Seasonal_Storage_System,Ventilation,Ventilation 1,Emergency Ventilation 1 Control Signal
2024-08-05 20:16:00+00:00,2.216311475409836,Seasonal_Storage_System,Ventilation,Ventilation 1,Emergency Ventilation 1 Control Signal
2024-08-05 20:17:00+00:00,2.2025409836065575,Seasonal_Storage_System,Ventilation,Ventilation 1,Emergency Ventilation 1 Control Signal
2024-08-05 20:18:00+00:00,2.3834153005464485,Seasonal_Storage_System,Ventilation,Ventilation 1,Emergency Ventilation 1 Control Signal
2024-08-05 20:19:00+00:00,2.619817850637523,Seasonal_Storage_System,Ventilation,Ventilation 1,Emergency Ventilation 1 Control Signal
2024-08-05 20:20:00+00:00,1.974344262295082,Seasonal_Storage_System,Ventilation,Ventilation 1,Emergency Ventilation 1 Control Signal
2024-08-05 20:21:00+00:00,2.465191256830601,Seasonal_Storage_System,Ventilation,Ventilation 1,Emergency Ventilation 1 Control Signal
2024-08-05 20:22:00+00:00,2.66643897996357,Seasonal_Storage_System,Ventilation,Ventilation 1,Emergency Ventilation 1 Control Signal
2024-08-05 20:23:00+00:00,2.0354371584699456,Seasonal_Storage_System,Ventilation,Ventilation 1,Emergency Ventilation 1 Control Signal
2024-08-05 20:24:00+00:00,2.4295264116575597,Seasonal_Storage_System,Ventilation,Ventilation 1,Emergency Ventilation 1 Control Signal
2024-08-05 20:25:00+00:00,2.397950819672131,Seasonal_Storage_System,Ventilation,Ventilation 1,Emergency Ventilation 1 Control Signal
2024-08-05 20:26:00+00:00,2.00728597449909,Seasonal_Storage_System,Ventilation,Ventilation 1,Emergency Ventilation 1 Control Signal
2024-08-05 20:27:00+00:00,2.4568761384335156,Seasonal_Storage_System,Ventilation,Ventilation 1,Emergency Ventilation 1 Control Signal
2024-08-05 20:28:00+00:00,2.390883424408014,Seasonal_Storage_System,Ventilation,Ventilation 1,Emergency Ventilation 1 Control Signal
2024-08-05 20:29:00+00:00,1.9373041894353373,Seasonal_Storage_System,Ventilation,Ventilation 1,Emergency Ventilation 1 Control Signal
2024-08-05 20:30:00+00:00,2.269298724954463,Seasonal_Storage_System,Ventilation,Ventilation 1,Emergency Ventilation 1 Control Signal
2024-08-05 20:31:00+00:00,2.34896174863388,Seasonal_Storage_System,Ventilation,Ventilation 1,Emergency Ventilation 1 Control Signal
2024-08-05 20:32:00+00:00,1.7795719489981787,Seasonal_Storage_System,Ventilation,Ventilation 1,Emergency Ventilation 1 Control Signal
2024-08-05 20:33:00+00:00,2.7038524590163933,Seasonal_Storage_System,Ventilation,Ventilation 1,Emergency Ventilation 1 Control Signal
2024-08-05 20:34:00+00:00,1.0911020036429875,Seasonal_Storage_System,Ventilation,Ventilation 1,Emergency Ventilation 1 Control Signal
2024-08-05 20:35:00+00:00,2.246976320582878,Seasonal_Storage_System,Ventilation,Ventilation 1,Emergency Ventilation 1 Control Signal
2024-08-05 20:36:00+00:00,2.2731967213114754,Seasonal_Storage_System,Ventilation,Ventilation 1,Emergency Ventilation 1 Control Signal
2024-08-05 20:37:00+00:00,2.1254918032786887,Seasonal_Storage_System,Ventilation,Ventilation 1,Emergency Ventilation 1 Control Signal
2024-08-05 20:38:00+00:00,2.5620127504553736,Seasonal_Storage_System,Ventilation,Ventilation 1,Emergency Ventilation 1 Control Signal
2024-08-05 20:39:00+00:00,2.363187613843351,Seasonal_Storage_System,Ventilation,Ventilation 1,Emergency Ventilation 1 Control Signal
2024-08-05 20:40:00+00:00,2.2685792349726777,Seasonal_Storage_System,Ventilation,Ventilation 1,Emergency Ventilation 1 Control Signal
2024-08-05 20:41:00+00:00,2.168214936247723,Seasonal_Storage_System,Ventilation,Ventilation 1,Emergency Ventilation 1 Control Signal
2024-08-05 20:42:00+00:00,2.3141347905282332,Seasonal_Storage_System,Ventilation,Ventilation 1,Emergency Ventilation 1 Control Signal
2024-08-05 20:43:00+00:00,2.1505191256830605,Seasonal_Storage_System,Ventilation,Ventilation 1,Emergency Ventilation 1 Control Signal
2024-08-05 20:44:00+00:00,2.018151183970856,Seasonal_Storage_System,Ventilation,Ventilation 1,Emergency Ventilation 1 Control Signal
2024-08-05 20:45:00+00:00,2.329408014571949,Seasonal_Storage_System,Ventilation,Ventilation 1,Emergency Ventilation 1 Control Signal
2024-08-05 20:46:00+00:00,2.254408014571949,Seasonal_Storage_System,Ventilation,Ventilation 1,Emergency Ventilation 1 Control Signal
2024-08-05 20:47:00+00:00,2.298806921675774,Seasonal_Storage_System,Ventilation,Ventilation 1,Emergency Ventilation 1 Control Signal
2024-08-05 20:48:00+00:00,2.05596539162113,Seasonal_Storage_System,Ventilation,Ventilation 1,Emergency Ventilation 1 Control Signal
2024-08-05 20:49:00+00:00,2.4789708561020034,Seasonal_Storage_System,Ventilation,Ventilation 1,Emergency Ventilation 1 Control Signal
2024-08-05 20:50:00+00:00,1.699735883424408,Seasonal_Storage_System,Ventilation,Ventilation 1,Emergency Ventilation 1 Control Signal
2024-08-05 20:51:00+00:00,2.322950819672131,Seasonal_Storage_System,Ventilation,Ventilation 1,Emergency Ventilation 1 Control Signal
2024-08-05 20:52:00+00:00,1.9993989071038252,Seasonal_Storage_System,Ventilation,Ventilation 1,Emergency Ventilation 1 Control Signal
2024-08-05 20:53:00+00:00,1.9721159153633856,Seasonal_Storage_System,Ventilation,Ventilation 1,Emergency Ventilation 1 Control Signal
2024-08-05 20:54:00+00:00,1.845355191256831,Seasonal_Storage_System,Battery System,Battery,Current
2024-08-05 20:55:00+00:00,2.4690801457194897,Seasonal_Storage_System,PV System,PV Inverter,Active Power
2024-08-05 20:56:00+00:00,2.211265938069216,Seasonal_Storage_System,PV System,PV Inverter,Active Power
2024-08-05 20:57:00+00:00,2.255309653916212,Seasonal_Storage_System,Battery System,Battery,Current
2024-08-05 20:58:00+00:00,1.901047358834244,Seasonal_Storage_System,Battery System,Battery,Current
2024-08-05 20:59:00+00:00,2.5080054644808745,Seasonal_Storage_System,PV System,PV Inverter,Active Power
2024-08-05 21:00:00+00:00,2.0744717668488164,Seasonal_Storage_System,Battery System,Battery,Current
2024-08-05 21:01:00+00:00,2.1217668488160295,Seasonal_Storage_System,Battery System,Battery,Current
2024-08-05 21:02:00+00:00,2.0197905282331514,Seasonal_Storage_System,PV System,PV Inverter,Active Power
2024-08-05 21:03:00+00:00,1.9275136612021857,Seasonal_Storage_System,Battery System,Battery,Current
2024-08-05 21:04:00+00:00,1.8019216757741348,Seasonal_Storage_System,Battery System,Battery,Current
2024-08-05 21:05:00+00:00,2.135473588342441,Seasonal_Storage_System,Battery System,Battery,Current
2024-08-05 21:06:00+00:00,2.532049180327869,Seasonal_Storage_System,Battery System,Battery,Current
2024-08-05 21:07:00+00:00,1.9605373406193078,Seasonal_Storage_System,Battery System,Battery,Current
2024-08-05 21:08:00+00:00,2.292049180327869,Seasonal_Storage_System,PV System,PV Inverter,Active Power
2024-08-05 21:09:00+00:00,1.9759927140255011,Seasonal_Storage_System,Battery System,Battery,Current
2024-08-05 21:10:00+00:00,1.8470127504553735,Seasonal_Storage_System,Battery System,Battery,Current
2024-08-05 21:11:00+00:00,1.8385610200364302,Seasonal_Storage_System,Battery System,Battery,Current
2024-08-05 21:12:00+00:00,2.058123861566485,Seasonal_Storage_System,Battery System,Battery,Current
2024-08-05 21:13:00+00:00,2.02544626593807,Seasonal_Storage_System,Battery System,Battery,Current
2024-08-05 21:14:00+00:00,1.8300546448087434,Seasonal_Storage_System,Battery System,Battery,Current
2024-08-05 21:15:00+00:00,1.8704826958105651,Seasonal_Storage_System,Battery System,Battery,Current
2024-08-05 21:16:00+00:00,2.328797814207651,Seasonal_Storage_System,Battery System,Battery,Current
2024-08-05 21:17:00+00:00,2.1132149362477235,Seasonal_Storage_System,PV System,PV Inverter,Active Power
2024-08-05 21:18:00+00:00,2.185145719489982,Seasonal_Storage_System,Battery System,Battery,Current
2024-08-05 21:19:00+00:00,1.9962021857923498,Seasonal_Storage_System,Battery System,Battery,Current
2024-08-05 21:20:00+00:00,2.570109289617486,Seasonal_Storage_System,Battery System,Battery,Current
2024-08-05 21:21:00+00:00,1.8954826958105653,Seasonal_Storage_System,Battery System,Battery,Current
2024-08-05 21:22:00+00:00,2.103242258652095,Seasonal_Storage_System,Battery System,Battery,Current
2024-08-05 21:23:00+00:00,2.1056739526411663,Seasonal_Storage_System,Battery System,Battery,Current
2024-08-05 21:24:00+00:00,2.130081967213115,Seasonal_Storage_System,Battery System,Battery,Current
2024-08-05 21:25:00+00:00,1.8784790528233153,Seasonal_Storage_System,Battery System,Battery,Current
2024-08-05 21:26:00+00:00,2.1088251366120225,Seasonal_Storage_System,PV System,PV Inverter,Active Power
2024-08-05 21:27:00+00:00,2.4779872495446265,Seasonal_Storage_System,Battery System,Battery,Current
2024-08-05 21:28:00+00:00,2.477914389799636,Seasonal_Storage_System,PV System,PV Inverter,Active Power
2024-08-05 21:29:00+00:00,1.1378961748633878,Seasonal_Storage_System,PV System,PV Inverter,Active Power
2024-08-05 21:30:00+00:00,1.6229690346083792,Seasonal_Storage_System,PV System,PV Inverter,Active Power
2024-08-05 21:31:00+00:00,1.5587340619307835,Seasonal_Storage_System,Battery System,Battery,Current
2024-08-05 21:32:00+00:00,1.7789435336976323,Seasonal_Storage_System,PV System,PV Inverter,Active Power
2024-08-05 21:33:00+00:00,2.2210027598896045,Seasonal_Storage_System,PV System,PV Inverter,Active Power
2024-08-05 21:34:00+00:00,1.4838888888888893,Seasonal_Storage_System,PV System,PV Inverter,Active Power
2024-08-05 21:35:00+00:00,1.9005737704918035,Seasonal_Storage_System,PV System,PV Inverter,Active Power
2024-08-05 21:36:00+00:00,1.8551092896174866,Seasonal_Storage_System,PV System,PV Inverter,Active Power
2024-08-05 21:37:00+00:00,2.081693989071038,Seasonal_Storage_System,PV System,PV Inverter,Active Power
2024-08-05 21:38:00+00:00,2.332140255009107,Seasonal_Storage_System,Battery System,Battery,Current
2024-08-05 21:39:00+00:00,2.012103825136612,Seasonal_Storage_System,Battery System,Battery,Current
2024-08-05 21:40:00+00:00,1.6317213114754099,Seasonal_Storage_System,PV System,PV Inverter,Active Power
2024-08-05 21:41:00+00:00,2.565765027322404,Seasonal_Storage_System,Battery System,Battery,Current
2024-08-05 21:42:00+00:00,2.102076502732241,Seasonal_Storage_System,Battery System,Battery,Current
2024-08-05 21:43:00+00:00,1.692850637522769,Seasonal_Storage_System,PV System,PV Inverter,Active Power
2024-08-05 21:44:00+00:00,1.902969034608379,Seasonal_Storage_System,Battery System,Battery,Current
2024-08-05 21:45:00+00:00,1.6983697632058292,Seasonal_Storage_System,Battery System,Battery,Current
2024-08-05 21:46:00+00:00,1.823123861566485,Seasonal_Storage_System,PV System,PV Inverter,Active Power
2024-08-05 21:47:00+00:00,1.3868214936247725,Seasonal_Storage_System,Battery System,Battery,Current
2024-08-05 21:48:00+00:00,1.813970856102004,Seasonal_Storage_System,PV System,PV Inverter,Active Power
2024-08-05 21:49:00+00:00,1.883387978142077,Seasonal_Storage_System,PV System,PV Inverter,Active Power
2024-08-05 21:50:00+00:00,1.9073406193078326,Seasonal_Storage_System,PV System,PV Inverter,Active Power
2024-08-05 21:51:00+00:00,2.190018214936248,Seasonal_Storage_System,Battery System,Battery,Current
2024-08-05 21:52:00+00:00,1.8458925318761386,Seasonal_Storage_System,Battery System,Battery,Current
2024-08-05 21:53:00+00:00,1.9630327868852462,Seasonal_Storage_System,PV System,PV Inverter,Active Power
2024-08-05 21:54:00+00:00,1.6518123861566485,Seasonal_Storage_System,PV System,PV Inverter,Active Power
2024-08-05 21:55:00+00:00,1.5705519779208834,Seasonal_Storage_System,PV System,PV Inverter,Active Power
2024-08-05 21:56:00+00:00,1.892449908925319,Seasonal_Storage_System,PV System,PV Inverter,Active Power
2024-08-05 21:57:00+00:00,1.251575591985428,Seasonal_Storage_System,Battery System,Battery,Current
2024-08-05 21:58:00+00:00,1.7879963570127506,Seasonal_Storage_System,PV System,PV Inverter,Active Power
2024-08-05 21:59:00+00:00,2.3827504553734054,Seasonal_Storage_System,Battery System,Battery,Current
2024-08-05 22:00:00+00:00,1.1880783242258655,Seasonal_Storage_System,Battery System,Battery,Current
2024-08-05 22:01:00+00:00,1.359626593806922,Seasonal_Storage_System,Battery System,Battery,Current
2024-08-05 22:02:00+00:00,1.0794080145719491,Seasonal_Storage_System,Battery System,Battery,Current
2024-08-05 22:03:00+00:00,1.3637522768670312,Seasonal_Storage_System,PV System,PV Inverter,Active Power
2024-08-05 22:04:00+00:00,1.1284517304189436,Seasonal_Storage_System,PV System,PV Inverter,Active Power
2024-08-05 22:05:00+00:00,1.4654918032786886,Seasonal_Storage_System,PV System,PV Inverter,Active Power
2024-08-05 22:06:00+00:00,1.8927049180327868,Seasonal_Storage_System,PV System,PV Inverter,Active Power
2024-08-05 22:07:00+00:00,1.7653096539162114,Seasonal_Storage_System,Battery System,Battery,Current
2024-08-05 22:08:00+00:00,1.6893989071038256,Seasonal_Storage_System,PV System,PV Inverter,Active Power
2024-08-05 22:09:00+00:00,1.8721857923497272,Seasonal_Storage_System,Battery System,Battery,Current
2024-08-05 22:10:00+00:00,1.8272404371584698,Seasonal_Storage_System,Battery System,Battery,Current
2024-08-05 22:11:00+00:00,1.2216939890710385,Seasonal_Storage_System,PV System,PV Inverter,Active Power
2024-08-05 22:12:00+00:00,1.5038615664845174,Seasonal_Storage_System,Battery System,Battery,Current
2024-08-05 22:13:00+00:00,1.4555737704918037,Seasonal_Storage_System,Battery System,Battery,Current
2024-08-05 22:14:00+00:00,1.928882783882784,Seasonal_Storage_System,PV System,PV Inverter,Active Power
2024-08-05 22:15:00+00:00,1.415273224043716,Seasonal_Storage_System,Ventilation,Ventilation 1,Emergency Ventilation 1 Control Signal
2024-08-05 22:16:00+00:00,1.5759016393442626,Seasonal_Storage_System,Ventilation,Ventilation 1,Emergency Ventilation 1 Control Signal
2024-08-05 22:17:00+00:00,1.6956557377049186,Seasonal_Storage_System,Ventilation,Ventilation 1,Emergency Ventilation 1 Control Signal
2024-08-05 22:18:00+00:00,1.7516848816029147,Seasonal_Storage_System,Ventilation,Ventilation 1,Emergency Ventilation 1 Control Signal
2024-08-05 22:19:00+00:00,2.110965391621129,Seasonal_Storage_System,Ventilation,Ventilation 1,Emergency Ventilation 1 Control Signal
2024-08-05 22:20:00+00:00,1.5806557377049184,Seasonal_Storage_System,Ventilation,Ventilation 1,Emergency Ventilation 1 Control Signal
2024-08-05 22:21:00+00:00,2.0113205828779597,Seasonal_Storage_System,Ventilation,Ventilation 1,Emergency Ventilation 1 Control Signal
2024-08-05 22:22:00+00:00,1.559626593806922,Seasonal_Storage_System,Ventilation,Ventilation 1,Emergency Ventilation 1 Control Signal
2024-08-05 22:23:00+00:00,2.24615664845173,Seasonal_Storage_System,Ventilation,Ventilation 1,Emergency Ventilation 1 Control Signal
2024-08-05 22:24:00+00:00,1.7103460837887068,Seasonal_Storage_System,Ventilation,Ventilation 1,Emergency Ventilation 1 Control Signal
2024-08-05 22:25:00+00:00,1.8967213114754098,Seasonal_Storage_System,Ventilation,Ventilation 1,Emergency Ventilation 1 Control Signal
2024-08-05 22:26:00+00:00,1.6637795992714024,Seasonal_Storage_System,Ventilation,Ventilation 1,Emergency Ventilation 1 Control Signal
2024-08-05 22:27:00+00:00,1.6267030965391622,Seasonal_Storage_System,Ventilation,Ventilation 1,Emergency Ventilation 1 Control Signal
2024-08-05 22:28:00+00:00,1.3653096539162115,Seasonal_Storage_System,Ventilation,Ventilation 1,Emergency Ventilation 1 Control Signal
2024-08-05 22:29:00+00:00,1.2634244080145725,Seasonal_Storage_System,Ventilation,Ventilation 1,Emergency Ventilation 1 Control Signal
2024-08-05 22:30:00+00:00,1.685992714025501,Seasonal_Storage_System,Ventilation,Ventilation 1,Emergency Ventilation 1 Control Signal
2024-08-05 22:31:00+00:00,1.2496994535519128,Seasonal_Storage_System,Ventilation,Ventilation 1,Emergency Ventilation 1 Control Signal
2024-08-05 22:32:00+00:00,1.520719489981785,Seasonal_Storage_System,Ventilation,Ventilation 1,Emergency Ventilation 1 Control Signal
2024-08-05 22:33:00+00:00,1.856010928961749,Seasonal_Storage_System,Ventilation,Ventilation 1,Emergency Ventilation 1 Control Signal
2024-08-05 22:34:00+00:00,1.6155919854280512,Seasonal_Storage_System,Ventilation,Ventilation 1,Emergency Ventilation 1 Control Signal
2024-08-05 22:35:00+00:00,1.261912568306011,Seasonal_Storage_System,Ventilation,Ventilation 1,Emergency Ventilation 1 Control Signal
2024-08-05 22:36:00+00:00,2.1438160291438977,Seasonal_Storage_System,Ventilation,Ventilation 1,Emergency Ventilation 1 Control Signal
2024-08-05 22:37:00+00:00,1.4116120218579238,Seasonal_Storage_System,Ventilation,Ventilation 1,Emergency Ventilation 1 Control Signal
2024-08-05 22:38:00+00:00,2.0007650273224042,Seasonal_Storage_System,Ventilation,Ventilation 1,Emergency Ventilation 1 Control Signal
2024-08-05 22:39:00+00:00,1.7155646630236792,Seasonal_Storage_System,Ventilation,Ventilation 1,Emergency Ventilation 1 Control Signal
2024-08-05 22:40:00+00:00,1.5347814207650279,Seasonal_Storage_System,Ventilation,Ventilation 1,Emergency Ventilation 1 Control Signal
2024-08-05 22:41:00+00:00,1.7086065573770493,Seasonal_Storage_System,Ventilation,Ventilation 1,Emergency Ventilation 1 Control Signal
2024-08-05 22:42:00+00:00,2.0143624772313293,Seasonal_Storage_System,Ventilation,Ventilation 1,Emergency Ventilation 1 Control Signal
2024-08-05 22:43:00+00:00,1.6000637522768668,Seasonal_Storage_System,Ventilation,Ventilation 1,Emergency Ventilation 1 Control Signal
2024-08-05 22:44:00+00:00,1.5936612021857925,Seasonal_Storage_System,Ventilation,Ventilation 1,Emergency Ventilation 1 Control Signal
2024-08-05 22:45:00+00:00,1.841693989071038,Seasonal_Storage_System,Ventilation,Ventilation 1,Emergency Ventilation 1 Control Signal
2024-08-05 22:46:00+00:00,1.8661930783242262,Seasonal_Storage_System,Ventilation,Ventilation 1,Emergency Ventilation 1 Control Signal
2024-08-05 22:47:00+00:00,1.6891985428051002,Seasonal_Storage_System,Ventilation,Ventilation 1,Emergency Ventilation 1 Control Signal
2024-08-05 22:48:00+00:00,1.6721402550091078,Seasonal_Storage_System,Ventilation,Ventilation 1,Emergency Ventilation 1 Control Signal
2024-08-05 22:49:00+00:00,1.6512051517939286,Seasonal_Storage_System,Ventilation,Ventilation 1,Emergency Ventilation 1 Control Signal
2024-08-05 22:50:00+00:00,1.5826229508196719,Seasonal_Storage_System,Battery System,Battery,Current
2024-08-05 22:51:00+00:00,1.5212295081967213,Seasonal_Storage_System,Battery System,Battery,Current
2024-08-05 22:52:00+00:00,1.9282149362477234,Seasonal_Storage_System,PV System,PV Inverter,Active Power
2024-08-05 22:53:00+00:00,1.4467030965391623,Seasonal_Storage_System,Battery System,Battery,Current
2024-08-05 22:54:00+00:00,2.5998178506375225,Seasonal_Storage_System,Battery System,Battery,Current
2024-08-05 22:55:00+00:00,1.7109562841530053,Seasonal_Storage_System,Battery System,Battery,Current
2024-08-05 22:56:00+00:00,1.4614936247723134,Seasonal_Storage_System,PV System,PV Inverter,Active Power
2024-08-05 22:57:00+00:00,1.5259380692167583,Seasonal_Storage_System,Battery System,Battery,Current
2024-08-05 22:58:00+00:00,1.1402367941712204,Seasonal_Storage_System,PV System,PV Inverter,Active Power
2024-08-05 22:59:00+00:00,1.6017668488160293,Seasonal_Storage_System,PV System,PV Inverter,Active Power
2024-08-05 23:00:00+00:00,1.4430692167577415,Seasonal_Storage_System,Battery System,Battery,Current
2024-08-05 23:01:00+00:00,1.4535428051001824,Seasonal_Storage_System,Battery System,Battery,Current
2024-08-05 23:02:00+00:00,1.671985428051002,Seasonal_Storage_System,PV System,PV Inverter,Active Power
2024-08-05 23:03:00+00:00,1.364162112932605,Seasonal_Storage_System,PV System,PV Inverter,Active Power
2024-08-05 23:04:00+00:00,1.6969307832422589,Seasonal_Storage_System,Battery System,Battery,Current
2024-08-05 23:05:00+00:00,1.4448069852941179,Seasonal_Storage_System,PV System,PV Inverter,Active Power
2024-08-05 23:06:00+00:00,1.4732816773017323,Seasonal_Storage_System,Battery System,Battery,Current
2024-08-05 23:07:00+00:00,1.9609198542805102,Seasonal_Storage_System,PV System,PV Inverter,Active Power
2024-08-05 23:08:00+00:00,1.4843078324225865,Seasonal_Storage_System,Battery System,Battery,Current
2024-08-05 23:09:00+00:00,1.3450819672131151,Seasonal_Storage_System,PV System,PV Inverter,Active Power
2024-08-05 23:10:00+00:00,1.6184608378870677,Seasonal_Storage_System,Battery System,Battery,Current
2024-08-05 23:11:00+00:00,1.3116848816029145,Seasonal_Storage_System,Battery System,Battery,Current
2024-08-05 23:12:00+00:00,1.4476958105646633,Seasonal_Storage_System,Battery System,Battery,Current
2024-08-05 23:13:00+00:00,2.0809471766848815,Seasonal_Storage_System,Battery System,Battery,Current
2024-08-05 23:14:00+00:00,2.1188888888888884,Seasonal_Storage_System,Battery System,Battery,Current
2024-08-05 23:15:00+00:00,1.8035245901639345,Seasonal_Storage_System,Battery System,Battery,Current
2024-08-05 23:16:00+00:00,1.4454918032786885,Seasonal_Storage_System,Battery System,Battery,Current
2024-08-05 23:17:00+00:00,1.5680783242258656,Seasonal_Storage_System,Battery System,Battery,Current
2024-08-05 23:18:00+00:00,1.1685336976320584,Seasonal_Storage_System,Battery System,Battery,Current
2024-08-05 23:19:00+00:00,1.589162112932605,Seasonal_Storage_System,Battery System,Battery,Current
2024-08-05 23:20:00+00:00,1.3216848816029145,Seasonal_Storage_System,PV System,PV Inverter,Active Power
2024-08-05 23:21:00+00:00,1.7299271402550094,Seasonal_Storage_System,PV System,PV Inverter,Active Power
2024-08-05 23:22:00+00:00,1.8998816029143895,Seasonal_Storage_System,Battery System,Battery,Current
2024-08-05 23:23:00+00:00,1.015318761384335,Seasonal_Storage_System,Battery System,Battery,Current
2024-08-05 23:24:00+00:00,1.7015391621129328,Seasonal_Storage_System,PV System,PV Inverter,Active Power
2024-08-05 23:25:00+00:00,1.398515482695811,Seasonal_Storage_System,PV System,PV Inverter,Active Power
2024-08-05 23:26:00+00:00,1.5720309653916213,Seasonal_Storage_System,PV System,PV Inverter,Active Power
2024-08-05 23:27:00+00:00,1.911785063752277,Seasonal_Storage_System,Battery System,Battery,Current
2024-08-05 23:28:00+00:00,1.7119034608378874,Seasonal_Storage_System,Battery System,Battery,Current
2024-08-05 23:29:00+00:00,1.2357923497267758,Seasonal_Storage_System,PV System,PV Inverter,Active Power
2024-08-05 23:30:00+00:00,1.2871857923497274,Seasonal_Storage_System,Battery System,Battery,Current
2024-08-05 23:31:00+00:00,1.6969763205828778,Seasonal_Storage_System,PV System,PV Inverter,Active Power
2024-08-05 23:32:00+00:00,1.4829508196721315,Seasonal_Storage_System,Battery System,Battery,Current
2024-08-05 23:33:00+00:00,1.6078051001821496,Seasonal_Storage_System,PV System,PV Inverter,Active Power
2024-08-05 23:34:00+00:00,1.9244342226310949,Seasonal_Storage_System,PV System,PV Inverter,Active Power
2024-08-05 23:35:00+00:00,1.4173041894353369,Seasonal_Storage_System,PV System,PV Inverter,Active Power
2024-08-05 23:36:00+00:00,1.7874681238615664,Seasonal_Storage_System,Battery System,Battery,Current
2024-08-05 23:37:00+00:00,1.4566666666666672,Seasonal_Storage_System,PV System,PV Inverter,Active Power
2024-08-05 23:38:00+00:00,1.2373041894353374,Seasonal_Storage_System,Ventilation,Ventilation 1,Emergency Ventilation 1 Control Signal
2024-08-05 23:39:00+00:00,1.3458561020036433,Seasonal_Storage_System,Ventilation,Ventilation 1,Emergency Ventilation 1 Control Signal
2024-08-05 23:40:00+00:00,1.1599089253187613,Seasonal_Storage_System,Ventilation,Ventilation 1,Emergency Ventilation 1 Control Signal
2024-08-05 23:41:00+00:00,1.3036338797814209,Seasonal_Storage_System,Ventilation,Ventilation 1,Emergency Ventilation 1 Control Signal
2024-08-05 23:42:00+00:00,1.5566211293260477,Seasonal_Storage_System,Ventilation,Ventilation 1,Emergency Ventilation 1 Control Signal
2024-08-05 23:43:00+00:00,1.519817850637523,Seasonal_Storage_System,Ventilation,Ventilation 1,Emergency Ventilation 1 Control Signal
2024-08-05 23:44:00+00:00,1.493296903460838,Seasonal_Storage_System,Ventilation,Ventilation 1,Emergency Ventilation 1 Control Signal
2024-08-05 23:45:00+00:00,1.2485792349726779,Seasonal_Storage_System,Ventilation,Ventilation 1,Emergency Ventilation 1 Control Signal
2024-08-05 23:46:00+00:00,1.533017641597029,Seasonal_Storage_System,Ventilation,Ventilation 1,Emergency Ventilation 1 Control Signal
2024-08-05 23:47:00+00:00,1.2182058287795992,Seasonal_Storage_System,Heat Management,Indoor Convector,Indoor Convector Feed Temperature
2024-08-05 23:48:00+00:00,1.5448542805100185,Seasonal_Storage_System,Heat Management,Indoor Convector,Indoor Convector Feed Temperature
2024-08-05 23:49:00+00:00,1.7750364298724954,Seasonal_Storage_System,Heat Management,Indoor Convector,Indoor Convector Feed Temperature
2024-08-05 23:50:00+00:00,1.644225865209472,Seasonal_Storage_System,Heat Management,Indoor Convector,Indoor Convector Feed Temperature
2024-08-05 23:51:00+00:00,2.033998178506375,Seasonal_Storage_System,Heat Management,Indoor Convector,Indoor Convector Feed Temperature
2024-08-05 23:52:00+00:00,1.3022768670309652,Seasonal_Storage_System,Heat Management,Indoor Convector,Indoor Convector Feed Temperature
2024-08-05 23:53:00+00:00,1.099089253187614,Seasonal_Storage_System,Heat Management,Indoor Convector,Indoor Convector Feed Temperature
2024-08-05 23:54:00+00:00,2.230300546448087,Seasonal_Storage_System,Heat Management,Indoor Convector,Indoor Convector Feed Temperature
2024-08-05 23:55:00+00:00,1.9545173041894353,Seasonal_Storage_System,Heat Management,Indoor Convector,Indoor Convector Feed Temperature
2024-08-05 23:56:00+00:00,1.1936612021857924,Seasonal_Storage_System,Heat Management,Indoor Convector,Indoor Convector Feed Temperature
2024-08-05 23:57:00+00:00,1.3167759562841532,Seasonal_Storage_System,Heat Management,Indoor Convector,Indoor Convector Feed Temperature
2024-08-05 23:58:00+00:00,1.6026958105646634,Seasonal_Storage_System,Heat Management,Indoor Convector,Indoor Convector Feed Temperature
2024-08-05 23:59:00+00:00,1.0939799635701277,Seasonal_Storage_System,Heat Management,Indoor Convector,Indoor Convector Feed Temperature
2024-08-06 00:00:00+00:00,0.8610200364298725,Seasonal_Storage_System,Heat Management,Indoor Convector,Indoor Convector Feed Temperature
2024-08-06 00:01:00+00:00,1.0781238615664845,Seasonal_Storage_System,Heat Management,Indoor Convector,Indoor Convector Feed Temperature
2024-08-06 00:02:00+00:00,1.1614936247723135,Seasonal_Storage_System,Heat Management,Indoor Convector,Indoor Convector Feed Temperature
2024-08-06 00:03:00+00:00,1.4645173041894355,Seasonal_Storage_System,Heat Management,Indoor Convector,Indoor Convector Feed Temperature
2024-08-06 00:04:00+00:00,1.4183424408014575,Seasonal_Storage_System,Heat Management,Indoor Convector,Indoor Convector Feed Temperature
2024-08-06 00:05:00+00:00,1.3827322404371587,Seasonal_Storage_System,Heat Management,Indoor Convector,Indoor Convector Feed Temperature
2024-08-06 00:06:00+00:00,1.8111748633879785,Seasonal_Storage_System,Heat Management,Indoor Convector,Indoor Convector Feed Temperature
2024-08-06 00:07:00+00:00,1.229744990892532,Seasonal_Storage_System,Heat Management,Indoor Convector,Indoor Convector Feed Temperature
2024-08-06 00:08:00+00:00,1.4679417122040075,Seasonal_Storage_System,Heat Management,Indoor Convector,Indoor Convector Feed Temperature
2024-08-06 00:09:00+00:00,1.000856102003643,Seasonal_Storage_System,Heat Management,Indoor Convector,Indoor Convector Feed Temperature
2024-08-06 00:10:00+00:00,1.4543442622950822,Seasonal_Storage_System,Heat Management,Indoor Convector,Indoor Convector Feed Temperature
2024-08-06 00:11:00+00:00,1.6489253187613844,Seasonal_Storage_System,Heat Management,Indoor Convector,Indoor Convector Feed Temperature
2024-08-06 00:12:00+00:00,1.5903005464480875,Seasonal_Storage_System,Heat Management,Indoor Convector,Indoor Convector Feed Temperature
2024-08-06 00:13:00+00:00,1.5044990892531878,Seasonal_Storage_System,Heat Management,Indoor Convector,Indoor Convector Feed Temperature
2024-08-06 00:14:00+00:00,1.271065573770492,Seasonal_Storage_System,Heat Management,Indoor Convector,Indoor Convector Feed Temperature
2024-08-06 00:15:00+00:00,1.3682240437158473,Seasonal_Storage_System,Heat Management,Indoor Convector,Indoor Convector Feed Temperature
2024-08-06 00:16:00+00:00,1.3468214936247724,Seasonal_Storage_System,Heat Management,Indoor Convector,Indoor Convector Feed Temperature
2024-08-06 00:17:00+00:00,1.662322404371585,Seasonal_Storage_System,Heat Management,Indoor Convector,Indoor Convector Feed Temperature
2024-08-06 00:18:00+00:00,1.227969034608379,Seasonal_Storage_System,Heat Management,Indoor Convector,Indoor Convector Feed Temperature
2024-08-06 00:19:00+00:00,1.2520164233576645,Seasonal_Storage_System,Heat Management,Indoor Convector,Indoor Convector Feed Temperature
2024-08-06 00:20:00+00:00,1.0455371900826447,Seasonal_Storage_System,User Control,Mode Selector,Mode Selector Battery
2024-08-06 00:21:00+00:00,1.33924408014572,Seasonal_Storage_System,PV System,PV Inverter,Active Power
2024-08-06 00:22:00+00:00,1.0799726775956289,Seasonal_Storage_System,PV System,PV Inverter,Active Power
2024-08-06 00:23:00+00:00,1.6238524590163936,Seasonal_Storage_System,Battery System,Battery,Current
2024-08-06 00:24:00+00:00,1.369107468123862,Seasonal_Storage_System,Battery System,Battery,Current
2024-08-06 00:25:00+00:00,1.7010473588342439,Seasonal_Storage_System,Battery System,Battery,Current
2024-08-06 00:26:00+00:00,1.6647449908925323,Seasonal_Storage_System,Battery System,Battery,Current
2024-08-06 00:27:00+00:00,1.797495446265938,Seasonal_Storage_System,Battery System,Battery,Current
2024-08-06 00:28:00+00:00,1.828488160291439,Seasonal_Storage_System,PV System,PV Inverter,Active Power
2024-08-06 00:29:00+00:00,2.0326138433515477,Seasonal_Storage_System,Battery System,Battery,Current
2024-08-06 00:30:00+00:00,1.3429508196721316,Seasonal_Storage_System,PV System,PV Inverter,Active Power
2024-08-06 00:31:00+00:00,1.0731967213114755,Seasonal_Storage_System,Battery System,Battery,Current
2024-08-06 00:32:00+00:00,1.717449908925319,Seasonal_Storage_System,Battery System,Battery,Current
2024-08-06 00:33:00+00:00,1.1303278688524592,Seasonal_Storage_System,Battery System,Battery,Current
2024-08-06 00:34:00+00:00,1.2414663023679422,Seasonal_Storage_System,PV System,PV Inverter,Active Power
2024-08-06 00:35:00+00:00,1.61936247723133,Seasonal_Storage_System,Battery System,Battery,Current
2024-08-06 00:36:00+00:00,1.1820309653916214,Seasonal_Storage_System,PV System,PV Inverter,Active Power
2024-08-06 00:37:00+00:00,1.2187704918032787,Seasonal_Storage_System,Battery System,Battery,Current
2024-08-06 00:38:00+00:00,1.2171675774134791,Seasonal_Storage_System,Battery System,Battery,Current
2024-08-06 00:39:00+00:00,1.5504462659380696,Seasonal_Storage_System,Battery System,Battery,Current
2024-08-06 00:40:00+00:00,1.189672131147541,Seasonal_Storage_System,Battery System,Battery,Current
2024-08-06 00:41:00+00:00,1.4232331511839713,Seasonal_Storage_System,Battery System,Battery,Current
2024-08-06 00:42:00+00:00,1.3513296903460843,Seasonal_Storage_System,PV System,PV Inverter,Active Power
2024-08-06 00:43:00+00:00,1.317577413479053,Seasonal_Storage_System,Battery System,Battery,Current
2024-08-06 00:44:00+00:00,1.4266939890710384,Seasonal_Storage_System,Battery System,Battery,Current
2024-08-06 00:45:00+00:00,1.1534335154826958,Seasonal_Storage_System,Battery System,Battery,Current
2024-08-06 00:46:00+00:00,1.42976320582878,Seasonal_Storage_System,PV System,PV Inverter,Active Power
2024-08-06 00:47:00+00:00,1.4467122040072864,Seasonal_Storage_System,PV System,PV Inverter,Active Power
2024-08-06 00:48:00+00:00,1.4421493624772317,Seasonal_Storage_System,Battery System,Battery,Current
2024-08-06 00:49:00+00:00,1.8905646630236796,Seasonal_Storage_System,PV System,PV Inverter,Active Power
2024-08-06 00:50:00+00:00,1.252577413479053,Seasonal_Storage_System,PV System,PV Inverter,Active Power
2024-08-06 00:51:00+00:00,1.4064389799635701,Seasonal_Storage_System,Battery System,Battery,Current
2024-08-06 00:52:00+00:00,1.5124772313296908,Seasonal_Storage_System,Battery System,Battery,Current
2024-08-06 00:53:00+00:00,1.3238888888888891,Seasonal_Storage_System,PV System,PV Inverter,Active Power
2024-08-06 00:54:00+00:00,1.6248269581056467,Seasonal_Storage_System,PV System,PV Inverter,Active Power
2024-08-06 00:55:00+00:00,1.8994535519125681,Seasonal_Storage_System,PV System,PV Inverter,Active Power
2024-08-06 00:56:00+00:00,1.4385974499089254,Seasonal_Storage_System,PV System,PV Inverter,Active Power
2024-08-06 00:57:00+00:00,1.6294717668488163,Seasonal_Storage_System,Battery System,Battery,Current
2024-08-06 00:58:00+00:00,1.5423588342440804,Seasonal_Storage_System,Battery System,Battery,Current
2024-08-06 00:59:00+00:00,1.45780510018215,Seasonal_Storage_System,PV System,PV Inverter,Active Power
2024-08-06 01:00:00+00:00,1.0307650273224045,Seasonal_Storage_System,PV System,PV Inverter,Active Power
2024-08-06 01:01:00+00:00,1.5290619307832427,Seasonal_Storage_System,Battery System,Battery,Current
2024-08-06 01:02:00+00:00,1.262395264116576,Seasonal_Storage_System,Battery System,Battery,Current
2024-08-06 01:03:00+00:00,1.478488160291439,Seasonal_Storage_System,Battery System,Battery,Current
2024-08-06 01:04:00+00:00,1.1171038251366123,Seasonal_Storage_System,PV System,PV Inverter,Active Power
2024-08-06 01:05:00+00:00,1.2592622950819676,Seasonal_Storage_System,Battery System,Battery,Current
2024-08-06 01:06:00+00:00,1.564635701275046,Seasonal_Storage_System,PV System,PV Inverter,Active Power
2024-08-06 01:07:00+00:00,1.2895173041894357,Seasonal_Storage_System,PV System,PV Inverter,Active Power
2024-08-06 01:08:00+00:00,1.1388706739526413,Seasonal_Storage_System,Battery System,Battery,Current
2024-08-06 01:09:00+00:00,0.8629781420765028,Seasonal_Storage_System,Battery System,Battery,Current
2024-08-06 01:10:00+00:00,1.7311293260473588,Seasonal_Storage_System,PV System,PV Inverter,Active Power
2024-08-06 01:11:00+00:00,2.00632058287796,Seasonal_Storage_System,PV System,PV Inverter,Active Power
2024-08-06 01:12:00+00:00,2.0901379944802203,Seasonal_Storage_System,PV System,PV Inverter,Active Power
2024-08-06 01:13:00+00:00,1.6806193078324225,Seasonal_Storage_System,Battery System,Battery,Current
2024-08-06 01:14:00+00:00,1.99790293040293,Seasonal_Storage_System,Battery System,Battery,Current
2024-08-06 01:15:00+00:00,1.5676958105646635,Seasonal_Storage_System,Ventilation,Ventilation 1,Emergency Ventilation 1 Control Signal
2024-08-06 01:16:00+00:00,1.3979326047358838,Seasonal_Storage_System,Ventilation,Ventilation 1,Emergency Ventilation 1 Control Signal
2024-08-06 01:17:00+00:00,1.4707559198542806,Seasonal_Storage_System,Ventilation,Ventilation 1,Emergency Ventilation 1 Control Signal
2024-08-06 01:18:00+00:00,1.3027595628415305,Seasonal_Storage_System,Ventilation,Ventilation 1,Emergency Ventilation 1 Control Signal
2024-08-06 01:19:00+00:00,1.5117122040072863,Seasonal_Storage_System,Ventilation,Ventilation 1,Emergency Ventilation 1 Control Signal
2024-08-06 01:20:00+00:00,1.2133151183970856,Seasonal_Storage_System,Ventilation,Ventilation 1,Emergency Ventilation 1 Control Signal
2024-08-06 01:21:00+00:00,1.7519672131147543,Seasonal_Storage_System,Ventilation,Ventilation 1,Emergency Ventilation 1 Control Signal
2024-08-06 01:22:00+00:00,1.4400000000000004,Seasonal_Storage_System,Ventilation,Ventilation 1,Emergency Ventilation 1 Control Signal
2024-08-06 01:23:00+00:00,0.9266484517304189,Seasonal_Storage_System,Ventilation,Ventilation 1,Emergency Ventilation 1 Control Signal
2024-08-06 01:24:00+00:00,1.3890710382513667,Seasonal_Storage_System,Ventilation,Ventilation 1,Emergency Ventilation 1 Control Signal
2024-08-06 01:25:00+00:00,1.3941438979963574,Seasonal_Storage_System,Ventilation,Ventilation 1,Emergency Ventilation 1 Control Signal
2024-08-06 01:26:00+00:00,1.8334335154826957,Seasonal_Storage_System,Ventilation,Ventilation 1,Emergency Ventilation 1 Control Signal
2024-08-06 01:27:00+00:00,1.6934244080145722,Seasonal_Storage_System,Ventilation,Ventilation 1,Emergency Ventilation 1 Control Signal
2024-08-06 01:28:00+00:00,1.4174225865209473,Seasonal_Storage_System,Ventilation,Ventilation 1,Emergency Ventilation 1 Control Signal
2024-08-06 01:29:00+00:00,1.6197358834244082,Seasonal_Storage_System,Ventilation,Ventilation 1,Emergency Ventilation 1 Control Signal
2024-08-06 01:30:00+00:00,1.5670765027322404,Seasonal_Storage_System,Ventilation,Ventilation 1,Emergency Ventilation 1 Control Signal
2024-08-06 01:31:00+00:00,1.4398633879781426,Seasonal_Storage_System,Ventilation,Ventilation 1,Emergency Ventilation 1 Control Signal
2024-08-06 01:32:00+00:00,1.372577413479053,Seasonal_Storage_System,Ventilation,Ventilation 1,Emergency Ventilation 1 Control Signal
2024-08-06 01:33:00+00:00,1.7438433515482699,Seasonal_Storage_System,Ventilation,Ventilation 1,Emergency Ventilation 1 Control Signal
2024-08-06 01:34:00+00:00,1.4961566484517306,Seasonal_Storage_System,Ventilation,Ventilation 1,Emergency Ventilation 1 Control Signal
2024-08-06 01:35:00+00:00,1.2189799635701277,Seasonal_Storage_System,Ventilation,Ventilation 1,Emergency Ventilation 1 Control Signal
2024-08-06 01:36:00+00:00,1.4638160291438986,Seasonal_Storage_System,Ventilation,Ventilation 1,Emergency Ventilation 1 Control Signal
2024-08-06 01:37:00+00:00,1.2746721311475413,Seasonal_Storage_System,Ventilation,Ventilation 1,Emergency Ventilation 1 Control Signal
2024-08-06 01:38:00+00:00,1.1175045537340622,Seasonal_Storage_System,Ventilation,Ventilation 1,Emergency Ventilation 1 Control Signal
2024-08-06 01:39:00+00:00,1.1760109289617486,Seasonal_Storage_System,Ventilation,Ventilation 1,Emergency Ventilation 1 Control Signal
2024-08-06 01:40:00+00:00,1.1479143897996362,Seasonal_Storage_System,Ventilation,Ventilation 1,Emergency Ventilation 1 Control Signal
2024-08-06 01:41:00+00:00,1.5351730418943534,Seasonal_Storage_System,Ventilation,Ventilation 1,Emergency Ventilation 1 Control Signal
2024-08-06 01:42:00+00:00,1.3106921675774137,Seasonal_Storage_System,Ventilation,Ventilation 1,Emergency Ventilation 1 Control Signal
2024-08-06 01:43:00+00:00,1.3318306010928964,Seasonal_Storage_System,Ventilation,Ventilation 1,Emergency Ventilation 1 Control Signal
2024-08-06 01:44:00+00:00,1.4348087431693992,Seasonal_Storage_System,Ventilation,Ventilation 1,Emergency Ventilation 1 Control Signal
2024-08-06 01:45:00+00:00,1.2868943533697637,Seasonal_Storage_System,Ventilation,Ventilation 1,Emergency Ventilation 1 Control Signal
2024-08-06 01:46:00+00:00,1.3535883424408017,Seasonal_Storage_System,Ventilation,Ventilation 1,Emergency Ventilation 1 Control Signal
2024-08-06 01:47:00+00:00,1.2906466302367947,Seasonal_Storage_System,Ventilation,Ventilation 1,Emergency Ventilation 1 Control Signal
2024-08-06 01:48:00+00:00,1.2874333026678935,Seasonal_Storage_System,Ventilation,Ventilation 1,Emergency Ventilation 1 Control Signal
2024-08-06 01:49:00+00:00,1.5118579234972678,Seasonal_Storage_System,Battery System,Battery,Current
2024-08-06 01:50:00+00:00,1.4483879781420768,Seasonal_Storage_System,Battery System,Battery,Current
2024-08-06 01:51:00+00:00,1.1660473588342442,Seasonal_Storage_System,Battery System,Battery,Current
2024-08-06 01:52:00+00:00,1.2298178506375232,Seasonal_Storage_System,Battery System,Battery,Current
2024-08-06 01:53:00+00:00,1.343178506375228,Seasonal_Storage_System,Battery System,Battery,Current
2024-08-06 01:54:00+00:00,1.3225136612021862,Seasonal_Storage_System,Battery System,Battery,Current
2024-08-06 01:55:00+00:00,1.3350637522768671,Seasonal_Storage_System,Battery System,Battery,Current
2024-08-06 01:56:00+00:00,1.6664116575591985,Seasonal_Storage_System,PV System,PV Inverter,Active Power
2024-08-06 01:57:00+00:00,1.462367941712204,Seasonal_Storage_System,Battery System,Battery,Current
2024-08-06 01:58:00+00:00,1.2970400728597453,Seasonal_Storage_System,PV System,PV Inverter,Active Power
2024-08-06 01:59:00+00:00,1.346366120218579,Seasonal_Storage_System,Battery System,Battery,Current
2024-08-06 02:00:00+00:00,1.1251548269581058,Seasonal_Storage_System,PV System,PV Inverter,Active Power
2024-08-06 02:01:00+00:00,1.3105828779599273,Seasonal_Storage_System,Battery System,Battery,Current
2024-08-06 02:02:00+00:00,1.1231056466302372,Seasonal_Storage_System,PV System,PV Inverter,Active Power
2024-08-06 02:03:00+00:00,1.2010109289617488,Seasonal_Storage_System,Battery System,Battery,Current
2024-08-06 02:04:00+00:00,1.1948633879781425,Seasonal_Storage_System,Battery System,Battery,Current
2024-08-06 02:05:00+00:00,1.023888888888889,Seasonal_Storage_System,Battery System,Battery,Current
2024-08-06 02:06:00+00:00,1.61632058287796,Seasonal_Storage_System,Battery System,Battery,Current
2024-08-06 02:07:00+00:00,1.4225500910746818,Seasonal_Storage_System,Battery System,Battery,Current
2024-08-06 02:08:00+00:00,1.2029599271402553,Seasonal_Storage_System,PV System,PV Inverter,Active Power
2024-08-06 02:09:00+00:00,1.4466939890710384,Seasonal_Storage_System,Battery System,Battery,Current
2024-08-06 02:10:00+00:00,1.2974408014571952,Seasonal_Storage_System,PV System,PV Inverter,Active Power
2024-08-06 02:11:00+00:00,1.0694353369763208,Seasonal_Storage_System,Battery System,Battery,Current
2024-08-06 02:12:00+00:00,1.2169672131147544,Seasonal_Storage_System,Battery System,Battery,Current
2024-08-06 02:13:00+00:00,1.033360655737705,Seasonal_Storage_System,Battery System,Battery,Current
2024-08-06 02:14:00+00:00,1.459690346083789,Seasonal_Storage_System,Battery System,Battery,Current
2024-08-06 02:15:00+00:00,1.0786156648451735,Seasonal_Storage_System,PV System,PV Inverter,Active Power
2024-08-06 02:16:00+00:00,1.582185792349727,Seasonal_Storage_System,PV System,PV Inverter,Active Power
2024-08-06 02:17:00+00:00,1.5193169398907105,Seasonal_Storage_System,Battery System,Battery,Current
2024-08-06 02:18:00+00:00,1.3148724954462663,Seasonal_Storage_System,Battery System,Battery,Current
2024-08-06 02:19:00+00:00,1.5647996357012754,Seasonal_Storage_System,PV System,PV Inverter,Active Power
2024-08-06 02:20:00+00:00,1.3046812386156652,Seasonal_Storage_System,PV System,PV Inverter,Active Power
2024-08-06 02:21:00+00:00,0.8853825136612021,Seasonal_Storage_System,PV System,PV Inverter,Active Power
2024-08-06 02:22:00+00:00,1.2016302367941714,Seasonal_Storage_System,PV System,PV Inverter,Active Power
2024-08-06 02:23:00+00:00,1.3660473588342446,Seasonal_Storage_System,Battery System,Battery,Current
2024-08-06 02:24:00+00:00,1.0752276867030965,Seasonal_Storage_System,PV System,PV Inverter,Active Power
2024-08-06 02:25:00+00:00,1.0376411657559197,Seasonal_Storage_System,Battery System,Battery,Current
2024-08-06 02:26:00+00:00,1.1018397085610199,Seasonal_Storage_System,PV System,PV Inverter,Active Power
2024-08-06 02:27:00+00:00,0.853406193078324,Seasonal_Storage_System,Battery System,Battery,Current
2024-08-06 02:28:00+00:00,1.113989071038251,Seasonal_Storage_System,PV System,PV Inverter,Active Power
2024-08-06 02:29:00+00:00,1.4573861566484518,Seasonal_Storage_System,PV System,PV Inverter,Active Power
2024-08-06 02:30:00+00:00,1.272850637522769,Seasonal_Storage_System,PV System,PV Inverter,Active Power
2024-08-06 02:31:00+00:00,1.5853187613843356,Seasonal_Storage_System,PV System,PV Inverter,Active Power
2024-08-06 02:32:00+00:00,1.907959927140255,Seasonal_Storage_System,Battery System,Battery,Current
2024-08-06 02:33:00+00:00,1.0271493624772312,Seasonal_Storage_System,Battery System,Battery,Current
2024-08-06 02:34:00+00:00,1.2657285974499088,Seasonal_Storage_System,PV System,PV Inverter,Active Power
2024-08-06 02:35:00+00:00,1.285464480874317,Seasonal_Storage_System,PV System,PV Inverter,Active Power
2024-08-06 02:36:00+00:00,1.1549999999999998,Seasonal_Storage_System,PV System,PV Inverter,Active Power
2024-08-06 02:37:00+00:00,1.3568579234972682,Seasonal_Storage_System,Battery System,Battery,Current
2024-08-06 02:38:00+00:00,1.207249544626594,Seasonal_Storage_System,PV System,PV Inverter,Active Power
2024-08-06 02:39:00+00:00,1.3011407543698252,Seasonal_Storage_System,Battery System,Battery,Current
2024-08-06 02:40:00+00:00,1.117559198542805,Seasonal_Storage_System,PV System,PV Inverter,Active Power
2024-08-06 02:41:00+00:00,1.4554918032786888,Seasonal_Storage_System,PV System,PV Inverter,Active Power
2024-08-06 02:42:00+00:00,1.1673861566484516,Seasonal_Storage_System,PV System,PV Inverter,Active Power
2024-08-06 02:43:00+00:00,1.1354098360655738,Seasonal_Storage_System,Battery System,Battery,Current
2024-08-06 02:44:00+00:00,1.6003187613843357,Seasonal_Storage_System,Battery System,Battery,Current
2024-08-06 02:45:00+00:00,1.2613479052823318,Seasonal_Storage_System,PV System,PV Inverter,Active Power
2024-08-06 02:46:00+00:00,1.0894990892531875,Seasonal_Storage_System,PV System,PV Inverter,Active Power
2024-08-06 02:47:00+00:00,1.5703551912568305,Seasonal_Storage_System,Battery System,Battery,Current
2024-08-06 02:48:00+00:00,1.3868306010928961,Seasonal_Storage_System,Battery System,Battery,Current
2024-08-06 02:49:00+00:00,1.267495446265938,Seasonal_Storage_System,Battery System,Battery,Current
2024-08-06 02:50:00+00:00,1.1742714025500913,Seasonal_Storage_System,Battery System,Battery,Current
2024-08-06 02:51:00+00:00,0.9900728597449908,Seasonal_Storage_System,PV System,PV Inverter,Active Power
2024-08-06 02:52:00+00:00,1.1573315118397087,Seasonal_Storage_System,Battery System,Battery,Current
2024-08-06 02:53:00+00:00,1.1462204007285979,Seasonal_Storage_System,PV System,PV Inverter,Active Power
2024-08-06 02:54:00+00:00,1.1793260473588343,Seasonal_Storage_System,Battery System,Battery,Current
2024-08-06 02:55:00+00:00,1.2273497267759563,Seasonal_Storage_System,PV System,PV Inverter,Active Power
2024-08-06 02:56:00+00:00,1.1019581056466303,Seasonal_Storage_System,PV System,PV Inverter,Active Power
2024-08-06 02:57:00+00:00,1.106448087431694,Seasonal_Storage_System,Battery System,Battery,Current
2024-08-06 02:58:00+00:00,0.8339652014652011,Seasonal_Storage_System,Battery System,Battery,Current
2024-08-06 02:59:00+00:00,1.498870673952641,Seasonal_Storage_System,Ventilation,Ventilation 1,Emergency Ventilation 1 Control Signal
2024-08-06 03:00:00+00:00,1.1527595628415301,Seasonal_Storage_System,Ventilation,Ventilation 1,Emergency Ventilation 1 Control Signal
2024-08-06 03:01:00+00:00,0.7995719489981782,Seasonal_Storage_System,Ventilation,Ventilation 1,Emergency Ventilation 1 Control Signal
2024-08-06 03:02:00+00:00,0.8727140255009107,Seasonal_Storage_System,Ventilation,Ventilation 1,Emergency Ventilation 1 Control Signal
2024-08-06 03:03:00+00:00,1.100482695810565,Seasonal_Storage_System,Ventilation,Ventilation 1,Emergency Ventilation 1 Control Signal
2024-08-06 03:04:00+00:00,0.8834608378870674,Seasonal_Storage_System,Ventilation,Ventilation 1,Emergency Ventilation 1 Control Signal
2024-08-06 03:05:00+00:00,1.3107012750455374,Seasonal_Storage_System,Ventilation,Ventilation 1,Emergency Ventilation 1 Control Signal
2024-08-06 03:06:00+00:00,0.8774681238615661,Seasonal_Storage_System,Ventilation,Ventilation 1,Emergency Ventilation 1 Control Signal
2024-08-06 03:07:00+00:00,1.3671857923497268,Seasonal_Storage_System,Ventilation,Ventilation 1,Emergency Ventilation 1 Control Signal
2024-08-06 03:08:00+00:00,1.2213387978142078,Seasonal_Storage_System,Ventilation,Ventilation 1,Emergency Ventilation 1 Control Signal
2024-08-06 03:09:00+00:00,1.153579234972678,Seasonal_Storage_System,Ventilation,Ventilation 1,Emergency Ventilation 1 Control Signal
2024-08-06 03:10:00+00:00,0.7693351548269581,Seasonal_Storage_System,Ventilation,Ventilation 1,Emergency Ventilation 1 Control Signal
2024-08-06 03:11:00+00:00,1.207650273224044,Seasonal_Storage_System,Ventilation,Ventilation 1,Emergency Ventilation 1 Control Signal
2024-08-06 03:12:00+00:00,0.9558287795992711,Seasonal_Storage_System,Ventilation,Ventilation 1,Emergency Ventilation 1 Control Signal
2024-08-06 03:13:00+00:00,1.0504462659380693,Seasonal_Storage_System,Ventilation,Ventilation 1,Emergency Ventilation 1 Control Signal
2024-08-06 03:14:00+00:00,1.1742987249544625,Seasonal_Storage_System,Ventilation,Ventilation 1,Emergency Ventilation 1 Control Signal
2024-08-06 03:15:00+00:00,0.9450819672131145,Seasonal_Storage_System,Ventilation,Ventilation 1,Emergency Ventilation 1 Control Signal
2024-08-06 03:16:00+00:00,1.1393897996357016,Seasonal_Storage_System,Ventilation,Ventilation 1,Emergency Ventilation 1 Control Signal
2024-08-06 03:17:00+00:00,1.1865846994535518,Seasonal_Storage_System,Ventilation,Ventilation 1,Emergency Ventilation 1 Control Signal
2024-08-06 03:18:00+00:00,1.1194899817850636,Seasonal_Storage_System,Ventilation,Ventilation 1,Emergency Ventilation 1 Control Signal
2024-08-06 03:19:00+00:00,0.8910291438979964,Seasonal_Storage_System,Ventilation,Ventilation 1,Emergency Ventilation 1 Control Signal
2024-08-06 03:20:00+00:00,1.1999817850637522,Seasonal_Storage_System,Ventilation,Ventilation 1,Emergency Ventilation 1 Control Signal
2024-08-06 03:21:00+00:00,0.5934426229508196,Seasonal_Storage_System,Ventilation,Ventilation 1,Emergency Ventilation 1 Control Signal
2024-08-06 03:22:00+00:00,1.11172131147541,Seasonal_Storage_System,Ventilation,Ventilation 1,Emergency Ventilation 1 Control Signal
2024-08-06 03:23:00+00:00,1.3813570127504553,Seasonal_Storage_System,Ventilation,Ventilation 1,Emergency Ventilation 1 Control Signal
2024-08-06 03:24:00+00:00,0.8065961361545537,Seasonal_Storage_System,Ventilation,Ventilation 1,Emergency Ventilation 1 Control Signal
2024-08-06 03:25:00+00:00,0.4775409836065572,Seasonal_Storage_System,Battery System,Battery,Current
2024-08-06 03:26:00+00:00,1.3499908925318762,Seasonal_Storage_System,Battery System,Battery,Current
2024-08-06 03:27:00+00:00,0.8144353369763205,Seasonal_Storage_System,Battery System,Battery,Current
2024-08-06 03:28:00+00:00,1.3226502732240442,Seasonal_Storage_System,Battery System,Battery,Current
2024-08-06 03:29:00+00:00,0.9979781420765029,Seasonal_Storage_System,PV System,PV Inverter,Active Power
2024-08-06 03:30:00+00:00,0.6018761384335156,Seasonal_Storage_System,Battery System,Battery,Current
2024-08-06 03:31:00+00:00,0.9203551912568304,Seasonal_Storage_System,Battery System,Battery,Current
2024-08-06 03:32:00+00:00,1.2621038251366121,Seasonal_Storage_System,Battery System,Battery,Current
2024-08-06 03:33:00+00:00,0.8574043715846995,Seasonal_Storage_System,PV System,PV Inverter,Active Power
2024-08-06 03:34:00+00:00,1.306648451730419,Seasonal_Storage_System,PV System,PV Inverter,Active Power
2024-08-06 03:35:00+00:00,0.7878961748633877,Seasonal_Storage_System,PV System,PV Inverter,Active Power
2024-08-06 03:36:00+00:00,1.343406193078324,Seasonal_Storage_System,PV System,PV Inverter,Active Power
2024-08-06 03:37:00+00:00,0.9084608378870674,Seasonal_Storage_System,Battery System,Battery,Current
2024-08-06 03:38:00+00:00,0.8901092896174861,Seasonal_Storage_System,Battery System,Battery,Current
2024-08-06 03:39:00+00:00,0.7106375227686702,Seasonal_Storage_System,PV System,PV Inverter,Active Power
2024-08-06 03:40:00+00:00,1.3254371584699458,Seasonal_Storage_System,Battery System,Battery,Current
2024-08-06 03:41:00+00:00,0.5211930783242258,Seasonal_Storage_System,Battery System,Battery,Current
2024-08-06 03:42:00+00:00,0.7643715846994534,Seasonal_Storage_System,PV System,PV Inverter,Active Power
2024-08-06 03:43:00+00:00,0.7789708561020037,Seasonal_Storage_System,PV System,PV Inverter,Active Power
2024-08-06 03:44:00+00:00,0.9279690346083788,Seasonal_Storage_System,Battery System,Battery,Current
2024-08-06 03:45:00+00:00,0.7005919854280509,Seasonal_Storage_System,Battery System,Battery,Current
2024-08-06 03:46:00+00:00,0.8757559198542805,Seasonal_Storage_System,Battery System,Battery,Current
2024-08-06 03:47:00+00:00,1.2509744990892533,Seasonal_Storage_System,Battery System,Battery,Current
2024-08-06 03:48:00+00:00,0.7979690346083791,Seasonal_Storage_System,Ventilation,Ventilation 1,Emergency Ventilation 1 Control Signal
2024-08-06 03:49:00+00:00,0.6838251366120218,Seasonal_Storage_System,Ventilation,Ventilation 1,Emergency Ventilation 1 Control Signal
2024-08-06 03:50:00+00:00,1.054863387978142,Seasonal_Storage_System,Ventilation,Ventilation 1,Emergency Ventilation 1 Control Signal
2024-08-06 03:51:00+00:00,1.1937704918032788,Seasonal_Storage_System,Ventilation,Ventilation 1,Emergency Ventilation 1 Control Signal
2024-08-06 03:52:00+00:00,1.3990619307832424,Seasonal_Storage_System,Ventilation,Ventilation 1,Emergency Ventilation 1 Control Signal
2024-08-06 03:53:00+00:00,0.6710947562097515,Seasonal_Storage_System,Ventilation,Ventilation 1,Emergency Ventilation 1 Control Signal
2024-08-06 03:54:00+00:00,0.9347632058287795,Seasonal_Storage_System,Battery System,Battery,Current
2024-08-06 03:55:00+00:00,0.679408014571949,Seasonal_Storage_System,PV System,PV Inverter,Active Power
2024-08-06 03:56:00+00:00,0.5554826958105645,Seasonal_Storage_System,Battery System,Battery,Current
2024-08-06 03:57:00+00:00,1.9187158469945356,Seasonal_Storage_System,Battery System,Battery,Current
2024-08-06 03:58:00+00:00,0.7736429872495446,Seasonal_Storage_System,Battery System,Battery,Current
2024-08-06 03:59:00+00:00,1.3281420765027323,Seasonal_Storage_System,Battery System,Battery,Current
2024-08-06 04:00:00+00:00,0.9901183970856101,Seasonal_Storage_System,PV System,PV Inverter,Active Power
2024-08-06 04:01:00+00:00,1.084872495446266,Seasonal_Storage_System,Battery System,Battery,Current
2024-08-06 04:02:00+00:00,0.21481785063752284,Seasonal_Storage_System,Battery System,Battery,Current
2024-08-06 04:03:00+00:00,1.0611020036429875,Seasonal_Storage_System,Battery System,Battery,Current
2024-08-06 04:04:00+00:00,0.216657559198543,Seasonal_Storage_System,Battery System,Battery,Current
2024-08-06 04:05:00+00:00,0.7896630236794169,Seasonal_Storage_System,Battery System,Battery,Current
2024-08-06 04:06:00+00:00,0.7453551912568305,Seasonal_Storage_System,PV System,PV Inverter,Active Power
2024-08-06 04:07:00+00:00,1.2119216757741347,Seasonal_Storage_System,Battery System,Battery,Current
2024-08-06 04:08:00+00:00,0.5120673952641166,Seasonal_Storage_System,PV System,PV Inverter,Active Power
2024-08-06 04:09:00+00:00,0.6199271402550091,Seasonal_Storage_System,Battery System,Battery,Current
2024-08-06 04:10:00+00:00,0.7956921675774132,Seasonal_Storage_System,Battery System,Battery,Current
2024-08-06 04:11:00+00:00,1.116775956284153,Seasonal_Storage_System,Battery System,Battery,Current
2024-08-06 04:12:00+00:00,0.7899817850637518,Seasonal_Storage_System,Battery System,Battery,Current
2024-08-06 04:13:00+00:00,0.5772040072859744,Seasonal_Storage_System,Battery System,Battery,Current
2024-08-06 04:14:00+00:00,0.6184972677595626,Seasonal_Storage_System,PV System,PV Inverter,Active Power
2024-08-06 04:15:00+00:00,0.749207650273224,Seasonal_Storage_System,Battery System,Battery,Current
2024-08-06 04:16:00+00:00,0.6255555555555556,Seasonal_Storage_System,Battery System,Battery,Current
2024-08-06 04:17:00+00:00,0.7905009107468122,Seasonal_Storage_System,Battery System,Battery,Current
2024-08-06 04:18:00+00:00,0.9013661202185792,Seasonal_Storage_System,PV System,PV Inverter,Active Power
2024-08-06 04:19:00+00:00,0.7675865209471766,Seasonal_Storage_System,PV System,PV Inverter,Active Power
2024-08-06 04:20:00+00:00,1.3742531876138433,Seasonal_Storage_System,PV System,PV Inverter,Active Power
2024-08-06 04:21:00+00:00,0.8835336976320585,Seasonal_Storage_System,Battery System,Battery,Current
2024-08-06 04:22:00+00:00,1.6550273224043714,Seasonal_Storage_System,Battery System,Battery,Current
2024-08-06 04:23:00+00:00,0.7160018214936247,Seasonal_Storage_System,Battery System,Battery,Current
2024-08-06 04:24:00+00:00,1.1278870673952641,Seasonal_Storage_System,PV System,PV Inverter,Active Power
2024-08-06 04:25:00+00:00,0.41850637522768636,Seasonal_Storage_System,Battery System,Battery,Current
2024-08-06 04:26:00+00:00,1.296775956284153,Seasonal_Storage_System,Battery System,Battery,Current
2024-08-06 04:27:00+00:00,1.6372131147540983,Seasonal_Storage_System,PV System,PV Inverter,Active Power
2024-08-06 04:28:00+00:00,1.975965391621129,Seasonal_Storage_System,Battery System,Battery,Current
2024-08-06 04:29:00+00:00,2.3795719489981786,Seasonal_Storage_System,PV System,PV Inverter,Active Power
2024-08-06 04:30:00+00:00,2.788296903460838,Seasonal_Storage_System,Battery System,Battery,Current
2024-08-06 04:31:00+00:00,2.131238615664845,Seasonal_Storage_System,Battery System,Battery,Current
2024-08-06 04:32:00+00:00,1.5192987249544627,Seasonal_Storage_System,Battery System,Battery,Current
2024-08-06 04:33:00+00:00,3.585992714025501,Seasonal_Storage_System,Battery System,Battery,Current
2024-08-06 04:34:00+00:00,3.569466421343146,Seasonal_Storage_System,PV System,PV Inverter,Active Power
2024-08-06 04:35:00+00:00,3.622887067395264,Seasonal_Storage_System,Battery System,Battery,Current
2024-08-06 04:36:00+00:00,4.056520947176685,Seasonal_Storage_System,PV System,PV Inverter,Active Power
2024-08-06 04:37:00+00:00,3.5609065934065933,Seasonal_Storage_System,Battery System,Battery,Current
2024-08-06 04:38:00+00:00,2.390200364298725,Seasonal_Storage_System,Ventilation,Ventilation 1,Emergency Ventilation 1 Control Signal
2024-08-06 04:39:00+00:00,5.14523679417122,Seasonal_Storage_System,Ventilation,Ventilation 1,Emergency Ventilation 1 Control Signal
2024-08-06 04:40:00+00:00,5.540072859744991,Seasonal_Storage_System,Ventilation,Ventilation 1,Emergency Ventilation 1 Control Signal
2024-08-06 04:41:00+00:00,5.839890710382513,Seasonal_Storage_System,Ventilation,Ventilation 1,Emergency Ventilation 1 Control Signal
2024-08-06 04:42:00+00:00,6.335673952641166,Seasonal_Storage_System,Ventilation,Ventilation 1,Emergency Ventilation 1 Control Signal
2024-08-06 04:43:00+00:00,6.348752276867031,Seasonal_Storage_System,Ventilation,Ventilation 1,Emergency Ventilation 1 Control Signal
2024-08-06 04:44:00+00:00,6.480209471766849,Seasonal_Storage_System,Ventilation,Ventilation 1,Emergency Ventilation 1 Control Signal
2024-08-06 04:45:00+00:00,6.865500910746812,Seasonal_Storage_System,Ventilation,Ventilation 1,Emergency Ventilation 1 Control Signal
2024-08-06 04:46:00+00:00,7.270227686703096,Seasonal_Storage_System,Ventilation,Ventilation 1,Emergency Ventilation 1 Control Signal
2024-08-06 04:47:00+00:00,8.08495446265938,Seasonal_Storage_System,Ventilation,Ventilation 1,Emergency Ventilation 1 Control Signal
2024-08-06 04:48:00+00:00,8.067249544626595,Seasonal_Storage_System,Ventilation,Ventilation 1,Emergency Ventilation 1 Control Signal
2024-08-06 04:49:00+00:00,8.40424408014572,Seasonal_Storage_System,Ventilation,Ventilation 1,Emergency Ventilation 1 Control Signal
2024-08-06 04:50:00+00:00,8.612604735883425,Seasonal_Storage_System,Ventilation,Ventilation 1,Emergency Ventilation 1 Control Signal
2024-08-06 04:51:00+00:00,8.706493624772312,Seasonal_Storage_System,Ventilation,Ventilation 1,Emergency Ventilation 1 Control Signal
2024-08-06 04:52:00+00:00,9.274608378870674,Seasonal_Storage_System,Ventilation,Ventilation 1,Emergency Ventilation 1 Control Signal
2024-08-06 04:53:00+00:00,9.758196721311476,Seasonal_Storage_System,Ventilation,Ventilation 1,Emergency Ventilation 1 Control Signal
2024-08-06 04:54:00+00:00,10.26375227686703,Seasonal_Storage_System,Ventilation,Ventilation 1,Emergency Ventilation 1 Control Signal
2024-08-06 04:55:00+00:00,10.475555555555555,Seasonal_Storage_System,Ventilation,Ventilation 1,Emergency Ventilation 1 Control Signal
2024-08-06 04:56:00+00:00,11.001621129326049,Seasonal_Storage_System,Ventilation,Ventilation 1,Emergency Ventilation 1 Control Signal
2024-08-06 04:57:00+00:00,11.233907103825137,Seasonal_Storage_System,Ventilation,Ventilation 1,Emergency Ventilation 1 Control Signal
2024-08-06 04:58:00+00:00,11.283771849126035,Seasonal_Storage_System,Ventilation,Ventilation 1,Emergency Ventilation 1 Control Signal
2024-08-06 04:59:00+00:00,11.40530965391621,Seasonal_Storage_System,Battery System,Battery,Current
2024-08-06 05:00:00+00:00,12.163169398907105,Seasonal_Storage_System,Battery System,Battery,Current
2024-08-06 05:01:00+00:00,12.317449908925319,Seasonal_Storage_System,Battery System,Battery,Current
2024-08-06 05:02:00+00:00,12.722204007285974,Seasonal_Storage_System,Battery System,Battery,Current
2024-08-06 05:03:00+00:00,13.244162112932605,Seasonal_Storage_System,Ventilation,Ventilation 1,Emergency Ventilation 1 Control Signal
2024-08-06 05:04:00+00:00,13.46827868852459,Seasonal_Storage_System,Ventilation,Ventilation 1,Emergency Ventilation 1 Control Signal
2024-08-06 05:05:00+00:00,13.657030965391622,Seasonal_Storage_System,Ventilation,Ventilation 1,Emergency Ventilation 1 Control Signal
2024-08-06 05:06:00+00:00,16.101020036429873,Seasonal_Storage_System,Ventilation,Ventilation 1,Emergency Ventilation 1 Control Signal
2024-08-06 05:07:00+00:00,14.856857923497268,Seasonal_Storage_System,Ventilation,Ventilation 1,Emergency Ventilation 1 Control Signal
2024-08-06 05:08:00+00:00,15.416238615664843,Seasonal_Storage_System,Ventilation,Ventilation 1,Emergency Ventilation 1 Control Signal
2024-08-06 05:09:00+00:00,15.73224043715847,Seasonal_Storage_System,Ventilation,Ventilation 1,Emergency Ventilation 1 Control Signal
2024-08-06 05:10:00+00:00,15.863779599271403,Seasonal_Storage_System,Ventilation,Ventilation 1,Emergency Ventilation 1 Control Signal
2024-08-06 05:11:00+00:00,16.116985428051002,Seasonal_Storage_System,Ventilation,Ventilation 1,Emergency Ventilation 1 Control Signal
2024-08-06 05:12:00+00:00,16.76403460837887,Seasonal_Storage_System,Ventilation,Ventilation 1,Emergency Ventilation 1 Control Signal
2024-08-06 05:13:00+00:00,16.8902276867031,Seasonal_Storage_System,Ventilation,Ventilation 1,Emergency Ventilation 1 Control Signal
2024-08-06 05:14:00+00:00,17.277987249544626,Seasonal_Storage_System,Ventilation,Ventilation 1,Emergency Ventilation 1 Control Signal
2024-08-06 05:15:00+00:00,17.373032786885247,Seasonal_Storage_System,Ventilation,Ventilation 1,Emergency Ventilation 1 Control Signal
2024-08-06 05:16:00+00:00,17.661202185792348,Seasonal_Storage_System,Ventilation,Ventilation 1,Emergency Ventilation 1 Control Signal
2024-08-06 05:17:00+00:00,18.27449908925319,Seasonal_Storage_System,Ventilation,Ventilation 1,Emergency Ventilation 1 Control Signal
2024-08-06 05:18:00+00:00,18.113724954462658,Seasonal_Storage_System,Ventilation,Ventilation 1,Emergency Ventilation 1 Control Signal
2024-08-06 05:19:00+00:00,18.637012750455373,Seasonal_Storage_System,Ventilation,Ventilation 1,Emergency Ventilation 1 Control Signal
2024-08-06 05:20:00+00:00,18.964153005464482,Seasonal_Storage_System,Ventilation,Ventilation 1,Emergency Ventilation 1 Control Signal
2024-08-06 05:21:00+00:00,19.224362477231328,Seasonal_Storage_System,Ventilation,Ventilation 1,Emergency Ventilation 1 Control Signal
2024-08-06 05:22:00+00:00,20.149635701275045,Seasonal_Storage_System,Ventilation,Ventilation 1,Emergency Ventilation 1 Control Signal
2024-08-06 05:23:00+00:00,19.743287795992714,Seasonal_Storage_System,Ventilation,Ventilation 1,Emergency Ventilation 1 Control Signal
2024-08-06 05:24:00+00:00,20.480118397085608,Seasonal_Storage_System,Ventilation,Ventilation 1,Emergency Ventilation 1 Control Signal
2024-08-06 05:25:00+00:00,20.548288868445265,Seasonal_Storage_System,Ventilation,Ventilation 1,Emergency Ventilation 1 Control Signal
2024-08-06 05:26:00+00:00,21.128224043715846,Seasonal_Storage_System,Battery System,Battery,Current
2024-08-06 05:27:00+00:00,21.203934426229505,Seasonal_Storage_System,PV System,PV Inverter,Active Power
2024-08-06 05:28:00+00:00,21.740910746812386,Seasonal_Storage_System,Battery System,Battery,Current
2024-08-06 05:29:00+00:00,21.39459927140255,Seasonal_Storage_System,Battery System,Battery,Current
2024-08-06 05:30:00+00:00,21.572704918032784,Seasonal_Storage_System,Battery System,Battery,Current
2024-08-06 05:31:00+00:00,22.010154826958107,Seasonal_Storage_System,Battery System,Battery,Current
2024-08-06 05:32:00+00:00,22.491502732240434,Seasonal_Storage_System,Battery System,Battery,Current
2024-08-06 05:33:00+00:00,23.680418943533695,Seasonal_Storage_System,Battery System,Battery,Current
2024-08-06 05:34:00+00:00,23.56799635701275,Seasonal_Storage_System,Battery System,Battery,Current
2024-08-06 05:35:00+00:00,23.807941712204006,Seasonal_Storage_System,Battery System,Battery,Current
2024-08-06 05:36:00+00:00,23.87851548269581,Seasonal_Storage_System,Battery System,Battery,Current
2024-08-06 05:37:00+00:00,23.91219489981785,Seasonal_Storage_System,PV System,PV Inverter,Active Power
2024-08-06 05:38:00+00:00,24.335740570377187,Seasonal_Storage_System,PV System,PV Inverter,Active Power
2024-08-06 05:39:00+00:00,24.53183970856102,Seasonal_Storage_System,Battery System,Battery,Current
2024-08-06 05:40:00+00:00,25.24075591985428,Seasonal_Storage_System,Battery System,Battery,Current
2024-08-06 05:41:00+00:00,25.451703096539163,Seasonal_Storage_System,Battery System,Battery,Current
2024-08-06 05:42:00+00:00,26.38243169398907,Seasonal_Storage_System,PV System,PV Inverter,Active Power
2024-08-06 05:43:00+00:00,26.351757741347903,Seasonal_Storage_System,Battery System,Battery,Current
2024-08-06 05:44:00+00:00,26.25981785063752,Seasonal_Storage_System,PV System,PV Inverter,Active Power
2024-08-06 05:45:00+00:00,26.57459706959707,Seasonal_Storage_System,Battery System,Battery,Current
2024-08-06 05:46:00+00:00,26.58375227686703,Seasonal_Storage_System,Ventilation,Ventilation 1,Emergency Ventilation 1 Control Signal
2024-08-06 05:47:00+00:00,27.339581056466304,Seasonal_Storage_System,Ventilation,Ventilation 1,Emergency Ventilation 1 Control Signal
2024-08-06 05:48:00+00:00,28.16086520947177,Seasonal_Storage_System,Ventilation,Ventilation 1,Emergency Ventilation 1 Control Signal
2024-08-06 05:49:00+00:00,28.437122040072857,Seasonal_Storage_System,Ventilation,Ventilation 1,Emergency Ventilation 1 Control Signal
2024-08-06 05:50:00+00:00,28.625391621129328,Seasonal_Storage_System,Ventilation,Ventilation 1,Emergency Ventilation 1 Control Signal
2024-08-06 05:51:00+00:00,28.830856102003644,Seasonal_Storage_System,Ventilation,Ventilation 1,Emergency Ventilation 1 Control Signal
2024-08-06 05:52:00+00:00,28.932905282331514,Seasonal_Storage_System,Ventilation,Ventilation 1,Emergency Ventilation 1 Control Signal
2024-08-06 05:53:00+00:00,29.05568306010929,Seasonal_Storage_System,Ventilation,Ventilation 1,Emergency Ventilation 1 Control Signal
2024-08-06 05:54:00+00:00,28.926857923497266,Seasonal_Storage_System,Ventilation,Ventilation 1,Emergency Ventilation 1 Control Signal
2024-08-06 05:55:00+00:00,29.33244990892532,Seasonal_Storage_System,Ventilation,Ventilation 1,Emergency Ventilation 1 Control Signal
2024-08-06 05:56:00+00:00,29.93384335154827,Seasonal_Storage_System,Ventilation,Ventilation 1,Emergency Ventilation 1 Control Signal
2024-08-06 05:57:00+00:00,30.566876138433514,Seasonal_Storage_System,Ventilation,Ventilation 1,Emergency Ventilation 1 Control Signal
2024-08-06 05:58:00+00:00,30.017331511839707,Seasonal_Storage_System,Ventilation,Ventilation 1,Emergency Ventilation 1 Control Signal
2024-08-06 05:59:00+00:00,30.093032786885246,Seasonal_Storage_System,Ventilation,Ventilation 1,Emergency Ventilation 1 Control Signal
2024-08-06 06:00:00+00:00,30.592003642987248,Seasonal_Storage_System,Ventilation,Ventilation 1,Emergency Ventilation 1 Control Signal
2024-08-06 06:01:00+00:00,30.520828779599274,Seasonal_Storage_System,Ventilation,Ventilation 1,Emergency Ventilation 1 Control Signal
2024-08-06 06:02:00+00:00,31.50445355191257,Seasonal_Storage_System,Ventilation,Ventilation 1,Emergency Ventilation 1 Control Signal
2024-08-06 06:03:00+00:00,31.807325905292476,Seasonal_Storage_System,Ventilation,Ventilation 1,Emergency Ventilation 1 Control Signal
2024-08-06 06:04:00+00:00,31.22112932604736,Seasonal_Storage_System,Heat Management,Indoor Convector,Indoor Convector Feed Temperature
2024-08-06 06:05:00+00:00,31.815346083788707,Seasonal_Storage_System,Heat Management,Indoor Convector,Indoor Convector Feed Temperature
2024-08-06 06:06:00+00:00,31.640455373406194,Seasonal_Storage_System,Heat Management,Indoor Convector,Indoor Convector Feed Temperature
2024-08-06 06:07:00+00:00,32.80472677595629,Seasonal_Storage_System,Heat Management,Indoor Convector,Indoor Convector Feed Temperature
2024-08-06 06:08:00+00:00,32.66489981785064,Seasonal_Storage_System,Heat Management,Indoor Convector,Indoor Convector Feed Temperature
2024-08-06 06:09:00+00:00,33.01510018214936,Seasonal_Storage_System,Heat Management,Indoor Convector,Indoor Convector Feed Temperature
2024-08-06 06:10:00+00:00,33.163533697632054,Seasonal_Storage_System,Heat Management,Indoor Convector,Indoor Convector Feed Temperature
2024-08-06 06:11:00+00:00,33.13938069216758,Seasonal_Storage_System,Heat Management,Indoor Convector,Indoor Convector Feed Temperature
2024-08-06 06:12:00+00:00,33.35170309653916,Seasonal_Storage_System,Heat Management,Indoor Convector,Indoor Convector Feed Temperature
2024-08-06 06:13:00+00:00,33.967003642987244,Seasonal_Storage_System,Heat Management,Indoor Convector,Indoor Convector Feed Temperature
2024-08-06 06:14:00+00:00,33.67684881602914,Seasonal_Storage_System,Heat Management,Indoor Convector,Indoor Convector Feed Temperature
2024-08-06 06:15:00+00:00,33.794544626593805,Seasonal_Storage_System,Heat Management,Indoor Convector,Indoor Convector Feed Temperature
2024-08-06 06:16:00+00:00,34.04913479052823,Seasonal_Storage_System,Heat Management,Indoor Convector,Indoor Convector Feed Temperature
2024-08-06 06:17:00+00:00,34.42292349726776,Seasonal_Storage_System,Heat Management,Indoor Convector,Indoor Convector Feed Temperature
2024-08-06 06:18:00+00:00,34.254289617486336,Seasonal_Storage_System,Heat Management,Indoor Convector,Indoor Convector Feed Temperature
2024-08-06 06:19:00+00:00,34.35312386156649,Seasonal_Storage_System,Heat Management,Indoor Convector,Indoor Convector Feed Temperature
2024-08-06 06:20:00+00:00,34.657504553734064,Seasonal_Storage_System,Heat Management,Indoor Convector,Indoor Convector Feed Temperature
2024-08-06 06:21:00+00:00,34.82489071038252,Seasonal_Storage_System,Heat Management,Indoor Convector,Indoor Convector Feed Temperature
2024-08-06 06:22:00+00:00,35.298114754098364,Seasonal_Storage_System,Heat Management,Indoor Convector,Indoor Convector Feed Temperature
2024-08-06 06:23:00+00:00,35.79119307832423,Seasonal_Storage_System,Heat Management,Indoor Convector,Indoor Convector Feed Temperature
2024-08-06 06:24:00+00:00,35.94293260473588,Seasonal_Storage_System,Heat Management,Indoor Convector,Indoor Convector Feed Temperature
2024-08-06 06:25:00+00:00,35.97112021857924,Seasonal_Storage_System,Heat Management,Indoor Convector,Indoor Convector Feed Temperature
2024-08-06 06:26:00+00:00,36.6948087431694,Seasonal_Storage_System,Heat Management,Indoor Convector,Indoor Convector Feed Temperature
2024-08-06 06:27:00+00:00,36.97028233151184,Seasonal_Storage_System,Heat Management,Indoor Convector,Indoor Convector Feed Temperature
2024-08-06 06:28:00+00:00,37.14833333333333,Seasonal_Storage_System,Heat Management,Indoor Convector,Indoor Convector Feed Temperature
2024-08-06 06:29:00+00:00,36.74011959521619,Seasonal_Storage_System,Heat Management,Indoor Convector,Indoor Convector Feed Temperature
2024-08-06 06:30:00+00:00,37.20389799635701,Seasonal_Storage_System,Battery System,Battery,Current
2024-08-06 06:31:00+00:00,37.57237704918033,Seasonal_Storage_System,Battery System,Battery,Current
2024-08-06 06:32:00+00:00,37.43275045537341,Seasonal_Storage_System,Battery System,Battery,Current
2024-08-06 06:33:00+00:00,38.63321493624772,Seasonal_Storage_System,PV System,PV Inverter,Active Power
2024-08-06 06:34:00+00:00,38.15645719489982,Seasonal_Storage_System,Battery System,Battery,Current
2024-08-06 06:35:00+00:00,38.5659927140255,Seasonal_Storage_System,PV System,PV Inverter,Active Power
2024-08-06 06:36:00+00:00,38.010382513661206,Seasonal_Storage_System,PV System,PV Inverter,Active Power
2024-08-06 06:37:00+00:00,38.80817850637523,Seasonal_Storage_System,PV System,PV Inverter,Active Power
2024-08-06 06:38:00+00:00,39.265400728597456,Seasonal_Storage_System,Battery System,Battery,Current
2024-08-06 06:39:00+00:00,39.43727686703096,Seasonal_Storage_System,Battery System,Battery,Current
2024-08-06 06:40:00+00:00,39.3581693989071,Seasonal_Storage_System,PV System,PV Inverter,Active Power
2024-08-06 06:41:00+00:00,39.57523679417122,Seasonal_Storage_System,Battery System,Battery,Current
2024-08-06 06:42:00+00:00,40.17113843351548,Seasonal_Storage_System,Battery System,Battery,Current
2024-08-06 06:43:00+00:00,39.87451730418944,Seasonal_Storage_System,Battery System,Battery,Current
2024-08-06 06:44:00+00:00,40.30591074681239,Seasonal_Storage_System,Battery System,Battery,Current
2024-08-06 06:45:00+00:00,40.75554644808743,Seasonal_Storage_System,PV System,PV Inverter,Active Power
2024-08-06 06:46:00+00:00,40.71366120218579,Seasonal_Storage_System,Battery System,Battery,Current
2024-08-06 06:47:00+00:00,40.98398907103825,Seasonal_Storage_System,PV System,PV Inverter,Active Power
2024-08-06 06:48:00+00:00,41.2983606557377,Seasonal_Storage_System,PV System,PV Inverter,Active Power
2024-08-06 06:49:00+00:00,41.73817850637523,Seasonal_Storage_System,PV System,PV Inverter,Active Power
2024-08-06 06:50:00+00:00,43.46025500910747,Seasonal_Storage_System,PV System,PV Inverter,Active Power
2024-08-06 06:51:00+00:00,41.78374316939891,Seasonal_Storage_System,PV System,PV Inverter,Active Power
2024-08-06 06:52:00+00:00,43.38105646630237,Seasonal_Storage_System,Heat Management,Indoor Convector,Indoor Convector Feed Temperature
2024-08-06 06:53:00+00:00,43.781384335154826,Seasonal_Storage_System,Heat Management,Indoor Convector,Indoor Convector Feed Temperature
2024-08-06 06:54:00+00:00,43.65644808743169,Seasonal_Storage_System,Heat Management,Indoor Convector,Indoor Convector Feed Temperature
2024-08-06 06:55:00+00:00,43.03066484517304,Seasonal_Storage_System,Heat Management,Indoor Convector,Indoor Convector Feed Temperature
2024-08-06 06:56:00+00:00,45.07061930783242,Seasonal_Storage_System,Heat Management,Indoor Convector,Indoor Convector Feed Temperature
2024-08-06 06:57:00+00:00,44.06016393442623,Seasonal_Storage_System,Heat Management,Indoor Convector,Indoor Convector Feed Temperature
2024-08-06 06:58:00+00:00,44.80455373406193,Seasonal_Storage_System,Heat Management,Indoor Convector,Indoor Convector Feed Temperature
2024-08-06 06:59:00+00:00,44.79851548269581,Seasonal_Storage_System,Heat Management,Indoor Convector,Indoor Convector Feed Temperature
2024-08-06 07:00:00+00:00,44.866484517304194,Seasonal_Storage_System,Heat Management,Indoor Convector,Indoor Convector Feed Temperature
2024-08-06 07:01:00+00:00,45.63388888888889,Seasonal_Storage_System,Heat Management,Indoor Convector,Indoor Convector Feed Temperature
2024-08-06 07:02:00+00:00,46.601609935602575,Seasonal_Storage_System,Heat Management,Indoor Convector,Indoor Convector Feed Temperature
2024-08-06 07:03:00+00:00,47.57552823315118,Seasonal_Storage_System,PV System,PV Inverter,Active Power
2024-08-06 07:04:00+00:00,48.313360655737704,Seasonal_Storage_System,PV System,PV Inverter,Active Power
2024-08-06 07:05:00+00:00,48.661475409836065,Seasonal_Storage_System,Battery System,Battery,Current
2024-08-06 07:06:00+00:00,49.78955373406193,Seasonal_Storage_System,Battery System,Battery,Current
2024-08-06 07:07:00+00:00,50.46357012750455,Seasonal_Storage_System,Battery System,Battery,Current
2024-08-06 07:08:00+00:00,50.62509107468124,Seasonal_Storage_System,Battery System,Battery,Current
2024-08-06 07:09:00+00:00,50.89049180327869,Seasonal_Storage_System,PV System,PV Inverter,Active Power
2024-08-06 07:10:00+00:00,51.05754098360656,Seasonal_Storage_System,Battery System,Battery,Current
2024-08-06 07:11:00+00:00,51.367750455373404,Seasonal_Storage_System,Battery System,Battery,Current
2024-08-06 07:12:00+00:00,51.78300546448087,Seasonal_Storage_System,Battery System,Battery,Current
2024-08-06 07:13:00+00:00,51.037495446265936,Seasonal_Storage_System,Battery System,Battery,Current
2024-08-06 07:14:00+00:00,52.413788706739524,Seasonal_Storage_System,Battery System,Battery,Current
2024-08-06 07:15:00+00:00,49.98276867030965,Seasonal_Storage_System,Battery System,Battery,Current
2024-08-06 07:16:00+00:00,50.24804189435337,Seasonal_Storage_System,Battery System,Battery,Current
2024-08-06 07:17:00+00:00,50.50130236794171,Seasonal_Storage_System,PV System,PV Inverter,Active Power
2024-08-06 07:18:00+00:00,51.09742673992674,Seasonal_Storage_System,Battery System,Battery,Current
2024-08-06 07:19:00+00:00,49.891948998178506,Seasonal_Storage_System,Ventilation,Ventilation 1,Emergency Ventilation 1 Control Signal
2024-08-06 07:20:00+00:00,51.00984517304189,Seasonal_Storage_System,Ventilation,Ventilation 1,Emergency Ventilation 1 Control Signal
2024-08-06 07:21:00+00:00,50.188014571949,Seasonal_Storage_System,Ventilation,Ventilation 1,Emergency Ventilation 1 Control Signal
2024-08-06 07:22:00+00:00,48.01379781420765,Seasonal_Storage_System,Ventilation,Ventilation 1,Emergency Ventilation 1 Control Signal
2024-08-06 07:23:00+00:00,46.757040072859745,Seasonal_Storage_System,Ventilation,Ventilation 1,Emergency Ventilation 1 Control Signal
2024-08-06 07:24:00+00:00,46.88101092896175,Seasonal_Storage_System,Ventilation,Ventilation 1,Emergency Ventilation 1 Control Signal
2024-08-06 07:25:00+00:00,45.26893442622951,Seasonal_Storage_System,Ventilation,Ventilation 1,Emergency Ventilation 1 Control Signal
2024-08-06 07:26:00+00:00,43.77639344262295,Seasonal_Storage_System,Ventilation,Ventilation 1,Emergency Ventilation 1 Control Signal
2024-08-06 07:27:00+00:00,45.81302367941712,Seasonal_Storage_System,Ventilation,Ventilation 1,Emergency Ventilation 1 Control Signal
2024-08-06 07:28:00+00:00,46.94946265938069,Seasonal_Storage_System,Ventilation,Ventilation 1,Emergency Ventilation 1 Control Signal
2024-08-06 07:29:00+00:00,47.41515482695811,Seasonal_Storage_System,Ventilation,Ventilation 1,Emergency Ventilation 1 Control Signal
2024-08-06 07:30:00+00:00,49.334043715846995,Seasonal_Storage_System,Ventilation,Ventilation 1,Emergency Ventilation 1 Control Signal
2024-08-06 07:31:00+00:00,50.45503642987249,Seasonal_Storage_System,Ventilation,Ventilation 1,Emergency Ventilation 1 Control Signal
2024-08-06 07:32:00+00:00,50.469763205828784,Seasonal_Storage_System,Ventilation,Ventilation 1,Emergency Ventilation 1 Control Signal
2024-08-06 07:33:00+00:00,47.83007285974499,Seasonal_Storage_System,Ventilation,Ventilation 1,Emergency Ventilation 1 Control Signal
2024-08-06 07:34:00+00:00,47.041211293260474,Seasonal_Storage_System,Ventilation,Ventilation 1,Emergency Ventilation 1 Control Signal
2024-08-06 07:35:00+00:00,46.493060109289615,Seasonal_Storage_System,Ventilation,Ventilation 1,Emergency Ventilation 1 Control Signal
2024-08-06 07:36:00+00:00,48.128269581056465,Seasonal_Storage_System,Ventilation,Ventilation 1,Emergency Ventilation 1 Control Signal
2024-08-06 07:37:00+00:00,50.42248633879781,Seasonal_Storage_System,Ventilation,Ventilation 1,Emergency Ventilation 1 Control Signal
2024-08-06 07:38:00+00:00,49.704426229508194,Seasonal_Storage_System,Ventilation,Ventilation 1,Emergency Ventilation 1 Control Signal
2024-08-06 07:39:00+00:00,48.48265027322404,Seasonal_Storage_System,Ventilation,Ventilation 1,Emergency Ventilation 1 Control Signal
2024-08-06 07:40:00+00:00,49.506429872495445,Seasonal_Storage_System,Ventilation,Ventilation 1,Emergency Ventilation 1 Control Signal
2024-08-06 07:41:00+00:00,52.45735883424408,Seasonal_Storage_System,Ventilation,Ventilation 1,Emergency Ventilation 1 Control Signal
2024-08-06 07:42:00+00:00,56.023743169398905,Seasonal_Storage_System,Ventilation,Ventilation 1,Emergency Ventilation 1 Control Signal
2024-08-06 07:43:00+00:00,61.27983606557377,Seasonal_Storage_System,Ventilation,Ventilation 1,Emergency Ventilation 1 Control Signal
2024-08-06 07:44:00+00:00,63.20338797814208,Seasonal_Storage_System,Ventilation,Ventilation 1,Emergency Ventilation 1 Control Signal
2024-08-06 07:45:00+00:00,63.6391985428051,Seasonal_Storage_System,Ventilation,Ventilation 1,Emergency Ventilation 1 Control Signal
2024-08-06 07:46:00+00:00,64.12634774609015,Seasonal_Storage_System,Ventilation,Ventilation 1,Emergency Ventilation 1 Control Signal
2024-08-06 07:47:00+00:00,66.3306466302368,Seasonal_Storage_System,Battery System,Battery,Current
2024-08-06 07:48:00+00:00,66.69887978142076,Seasonal_Storage_System,Battery System,Battery,Current
2024-08-06 07:49:00+00:00,68.66228597449908,Seasonal_Storage_System,PV System,PV Inverter,Active Power
2024-08-06 07:50:00+00:00,69.82251366120218,Seasonal_Storage_System,PV System,PV Inverter,Active Power
2024-08-06 07:51:00+00:00,70.43451730418944,Seasonal_Storage_System,PV System,PV Inverter,Active Power
2024-08-06 07:52:00+00:00,72.31579234972678,Seasonal_Storage_System,Battery System,Battery,Current
2024-08-06 07:53:00+00:00,73.95098360655737,Seasonal_Storage_System,Battery System,Battery,Current
2024-08-06 07:54:00+00:00,75.02637522768671,Seasonal_Storage_System,Battery System,Battery,Current
2024-08-06 07:55:00+00:00,76.08771402550092,Seasonal_Storage_System,Battery System,Battery,Current
2024-08-06 07:56:00+00:00,76.63181238615664,Seasonal_Storage_System,Battery System,Battery,Current
2024-08-06 07:57:00+00:00,78.44743169398907,Seasonal_Storage_System,PV System,PV Inverter,Active Power
2024-08-06 07:58:00+00:00,80.08572859744991,Seasonal_Storage_System,Battery System,Battery,Current
2024-08-06 07:59:00+00:00,81.75644808743169,Seasonal_Storage_System,PV System,PV Inverter,Active Power
2024-08-06 08:00:00+00:00,81.64232240437158,Seasonal_Storage_System,PV System,PV Inverter,Active Power
2024-08-06 08:01:00+00:00,83.15490892531876,Seasonal_Storage_System,Battery System,Battery,Current
2024-08-06 08:02:00+00:00,84.55110200364298,Seasonal_Storage_System,Battery System,Battery,Current
2024-08-06 08:03:00+00:00,83.97142076502732,Seasonal_Storage_System,Battery System,Battery,Current
2024-08-06 08:04:00+00:00,83.21747723132968,Seasonal_Storage_System,Battery System,Battery,Current
2024-08-06 08:05:00+00:00,81.65242258652094,Seasonal_Storage_System,PV System,PV Inverter,Active Power
2024-08-06 08:06:00+00:00,84.95411657559198,Seasonal_Storage_System,PV System,PV Inverter,Active Power
2024-08-06 08:07:00+00:00,86.5261839708561,Seasonal_Storage_System,Battery System,Battery,Current
2024-08-06 08:08:00+00:00,87.71859744990893,Seasonal_Storage_System,PV System,PV Inverter,Active Power
2024-08-06 08:09:00+00:00,88.37077413479052,Seasonal_Storage_System,Battery System,Battery,Current
2024-08-06 08:10:00+00:00,88.9356102003643,Seasonal_Storage_System,Battery System,Battery,Current
2024-08-06 08:11:00+00:00,89.20476320582878,Seasonal_Storage_System,Battery System,Battery,Current
2024-08-06 08:12:00+00:00,90.60816029143898,Seasonal_Storage_System,PV System,PV Inverter,Active Power
2024-08-06 08:13:00+00:00,91.81238615664846,Seasonal_Storage_System,Battery System,Battery,Current
2024-08-06 08:14:00+00:00,92.47954462659382,Seasonal_Storage_System,Battery System,Battery,Current
2024-08-06 08:15:00+00:00,92.83923497267759,Seasonal_Storage_System,Battery System,Battery,Current
2024-08-06 08:16:00+00:00,92.40667577413478,Seasonal_Storage_System,PV System,PV Inverter,Active Power
2024-08-06 08:17:00+00:00,90.6816029143898,Seasonal_Storage_System,PV System,PV Inverter,Active Power
2024-08-06 08:18:00+00:00,90.73673952641165,Seasonal_Storage_System,Battery System,Battery,Current
2024-08-06 08:19:00+00:00,93.3095810564663,Seasonal_Storage_System,PV System,PV Inverter,Active Power
2024-08-06 08:20:00+00:00,89.94377959927141,Seasonal_Storage_System,PV System,PV Inverter,Active Power
2024-08-06 08:21:00+00:00,89.83615664845173,Seasonal_Storage_System,PV System,PV Inverter,Active Power
2024-08-06 08:22:00+00:00,92.46233151183971,Seasonal_Storage_System,PV System,PV Inverter,Active Power
2024-08-06 08:23:00+00:00,94.44519125683061,Seasonal_Storage_System,Battery System,Battery,Current
2024-08-06 08:24:00+00:00,95.33979052823315,Seasonal_Storage_System,PV System,PV Inverter,Active Power
2024-08-06 08:25:00+00:00,98.31197632058289,Seasonal_Storage_System,PV System,PV Inverter,Active Power
2024-08-06 08:26:00+00:00,103.03164845173042,Seasonal_Storage_System,Battery System,Battery,Current
2024-08-06 08:27:00+00:00,106.34774134790527,Seasonal_Storage_System,Battery System,Battery,Current
2024-08-06 08:28:00+00:00,103.28987249544626,Seasonal_Storage_System,Battery System,Battery,Current
2024-08-06 08:29:00+00:00,101.48851548269582,Seasonal_Storage_System,Battery System,Battery,Current
2024-08-06 08:30:00+00:00,105.78047358834245,Seasonal_Storage_System,PV System,PV Inverter,Active Power
2024-08-06 08:31:00+00:00,111.93745901639345,Seasonal_Storage_System,Battery System,Battery,Current
2024-08-06 08:32:00+00:00,113.80489071038252,Seasonal_Storage_System,Battery System,Battery,Current
2024-08-06 08:33:00+00:00,117.82540983606557,Seasonal_Storage_System,Battery System,Battery,Current
2024-08-06 08:34:00+00:00,120.99734061930782,Seasonal_Storage_System,PV System,PV Inverter,Active Power
2024-08-06 08:35:00+00:00,122.86415300546447,Seasonal_Storage_System,PV System,PV Inverter,Active Power
2024-08-06 08:36:00+00:00,124.86713114754097,Seasonal_Storage_System,Battery System,Battery,Current
2024-08-06 08:37:00+00:00,123.49719411223552,Seasonal_Storage_System,Battery System,Battery,Current
2024-08-06 08:38:00+00:00,123.69516393442623,Seasonal_Storage_System,Battery System,Battery,Current
2024-08-06 08:39:00+00:00,124.25985347985349,Seasonal_Storage_System,PV System,PV Inverter,Active Power
2024-08-06 08:40:00+00:00,123.39418032786885,Seasonal_Storage_System,Ventilation,Ventilation 1,Emergency Ventilation 1 Control Signal
2024-08-06 08:41:00+00:00,119.81448087431693,Seasonal_Storage_System,Ventilation,Ventilation 1,Emergency Ventilation 1 Control Signal
2024-08-06 08:42:00+00:00,121.48581967213114,Seasonal_Storage_System,Ventilation,Ventilation 1,Emergency Ventilation 1 Control Signal
2024-08-06 08:43:00+00:00,120.86769581056467,Seasonal_Storage_System,Ventilation,Ventilation 1,Emergency Ventilation 1 Control Signal
2024-08-06 08:44:00+00:00,122.82432604735882,Seasonal_Storage_System,Ventilation,Ventilation 1,Emergency Ventilation 1 Control Signal
2024-08-06 08:45:00+00:00,121.02574681238615,Seasonal_Storage_System,Ventilation,Ventilation 1,Emergency Ventilation 1 Control Signal
2024-08-06 08:46:00+00:00,122.29328779599271,Seasonal_Storage_System,Ventilation,Ventilation 1,Emergency Ventilation 1 Control Signal
2024-08-06 08:47:00+00:00,126.64240437158469,Seasonal_Storage_System,Ventilation,Ventilation 1,Emergency Ventilation 1 Control Signal
2024-08-06 08:48:00+00:00,126.17928961748633,Seasonal_Storage_System,Ventilation,Ventilation 1,Emergency Ventilation 1 Control Signal
2024-08-06 08:49:00+00:00,129.49715846994536,Seasonal_Storage_System,Ventilation,Ventilation 1,Emergency Ventilation 1 Control Signal
2024-08-06 08:50:00+00:00,132.4070673952641,Seasonal_Storage_System,Ventilation,Ventilation 1,Emergency Ventilation 1 Control Signal
2024-08-06 08:51:00+00:00,129.60516393442623,Seasonal_Storage_System,Ventilation,Ventilation 1,Emergency Ventilation 1 Control Signal
2024-08-06 08:52:00+00:00,130.68346083788708,Seasonal_Storage_System,Ventilation,Ventilation 1,Emergency Ventilation 1 Control Signal
2024-08-06 08:53:00+00:00,134.71437158469945,Seasonal_Storage_System,Ventilation,Ventilation 1,Emergency Ventilation 1 Control Signal
2024-08-06 08:54:00+00:00,134.24579234972677,Seasonal_Storage_System,Ventilation,Ventilation 1,Emergency Ventilation 1 Control Signal
2024-08-06 08:55:00+00:00,136.4398087431694,Seasonal_Storage_System,Ventilation,Ventilation 1,Emergency Ventilation 1 Control Signal
2024-08-06 08:56:00+00:00,132.6393989071038,Seasonal_Storage_System,Ventilation,Ventilation 1,Emergency Ventilation 1 Control Signal
2024-08-06 08:57:00+00:00,135.64210382513662,Seasonal_Storage_System,Ventilation,Ventilation 1,Emergency Ventilation 1 Control Signal
2024-08-06 08:58:00+00:00,133.1292714025501,Seasonal_Storage_System,Ventilation,Ventilation 1,Emergency Ventilation 1 Control Signal
2024-08-06 08:59:00+00:00,126.56106557377048,Seasonal_Storage_System,Ventilation,Ventilation 1,Emergency Ventilation 1 Control Signal
2024-08-06 09:00:00+00:00,131.6766393442623,Seasonal_Storage_System,Ventilation,Ventilation 1,Emergency Ventilation 1 Control Signal
2024-08-06 09:01:00+00:00,144.068014571949,Seasonal_Storage_System,Ventilation,Ventilation 1,Emergency Ventilation 1 Control Signal
2024-08-06 09:02:00+00:00,144.33070127504553,Seasonal_Storage_System,Ventilation,Ventilation 1,Emergency Ventilation 1 Control Signal
2024-08-06 09:03:00+00:00,145.63006375227687,Seasonal_Storage_System,Ventilation,Ventilation 1,Emergency Ventilation 1 Control Signal
2024-08-06 09:04:00+00:00,146.11928961748634,Seasonal_Storage_System,Ventilation,Ventilation 1,Emergency Ventilation 1 Control Signal
2024-08-06 09:05:00+00:00,156.41700729927007,Seasonal_Storage_System,Ventilation,Ventilation 1,Emergency Ventilation 1 Control Signal
2024-08-06 09:06:00+00:00,157.8424334251607,Seasonal_Storage_System,User Control,Mode Selector,Mode Selector Battery
2024-08-06 09:07:00+00:00,162.21803278688523,Seasonal_Storage_System,PV System,PV Inverter,Active Power
2024-08-06 09:08:00+00:00,163.72631147540983,Seasonal_Storage_System,PV System,PV Inverter,Active Power
2024-08-06 09:09:00+00:00,164.4151183970856,Seasonal_Storage_System,PV System,PV Inverter,Active Power
2024-08-06 09:10:00+00:00,169.83631147540981,Seasonal_Storage_System,PV System,PV Inverter,Active Power
2024-08-06 09:11:00+00:00,172.20071038251368,Seasonal_Storage_System,Battery System,Battery,Current
2024-08-06 09:12:00+00:00,169.00800546448087,Seasonal_Storage_System,PV System,PV Inverter,Active Power
2024-08-06 09:13:00+00:00,183.60803278688525,Seasonal_Storage_System,PV System,PV Inverter,Active Power
2024-08-06 09:14:00+00:00,182.8369034608379,Seasonal_Storage_System,Battery System,Battery,Current
2024-08-06 09:15:00+00:00,183.31616575591985,Seasonal_Storage_System,Battery System,Battery,Current
2024-08-06 09:16:00+00:00,189.49611111111113,Seasonal_Storage_System,Battery System,Battery,Current
2024-08-06 09:17:00+00:00,180.12903460837887,Seasonal_Storage_System,PV System,PV Inverter,Active Power
2024-08-06 09:18:00+00:00,162.51026411657557,Seasonal_Storage_System,PV System,PV Inverter,Active Power
2024-08-06 09:19:00+00:00,167.72636612021856,Seasonal_Storage_System,Battery System,Battery,Current
2024-08-06 09:20:00+00:00,183.67376138433517,Seasonal_Storage_System,Battery System,Battery,Current
2024-08-06 09:21:00+00:00,175.6112204007286,Seasonal_Storage_System,Battery System,Battery,Current
2024-08-06 09:22:00+00:00,141.7263023679417,Seasonal_Storage_System,PV System,PV Inverter,Active Power
2024-08-06 09:23:00+00:00,130.11494535519125,Seasonal_Storage_System,PV System,PV Inverter,Active Power
2024-08-06 09:24:00+00:00,141.40249544626593,Seasonal_Storage_System,Battery System,Battery,Current
2024-08-06 09:25:00+00:00,170.74146630236794,Seasonal_Storage_System,PV System,PV Inverter,Active Power
2024-08-06 09:26:00+00:00,182.323897996357,Seasonal_Storage_System,Battery System,Battery,Current
2024-08-06 09:27:00+00:00,182.4813296903461,Seasonal_Storage_System,Battery System,Battery,Current
2024-08-06 09:28:00+00:00,189.8417122040073,Seasonal_Storage_System,PV System,PV Inverter,Active Power
2024-08-06 09:29:00+00:00,194.9276775956284,Seasonal_Storage_System,PV System,PV Inverter,Active Power
2024-08-06 09:30:00+00:00,202.9951092896175,Seasonal_Storage_System,Battery System,Battery,Current
2024-08-06 09:31:00+00:00,207.46571297148114,Seasonal_Storage_System,PV System,PV Inverter,Active Power
2024-08-06 09:32:00+00:00,194.73893442622952,Seasonal_Storage_System,Battery System,Battery,Current
2024-08-06 09:33:00+00:00,181.98882513661204,Seasonal_Storage_System,Battery System,Battery,Current
2024-08-06 09:34:00+00:00,163.96170309653917,Seasonal_Storage_System,Battery System,Battery,Current
2024-08-06 09:35:00+00:00,181.16340619307834,Seasonal_Storage_System,Battery System,Battery,Current
2024-08-06 09:36:00+00:00,201.09401639344264,Seasonal_Storage_System,Battery System,Battery,Current
2024-08-06 09:37:00+00:00,215.30364468864468,Seasonal_Storage_System,Battery System,Battery,Current
2024-08-06 09:38:00+00:00,201.85608378870674,Seasonal_Storage_System,Ventilation,Ventilation 1,Emergency Ventilation 1 Control Signal
2024-08-06 09:39:00+00:00,217.32818761384337,Seasonal_Storage_System,Ventilation,Ventilation 1,Emergency Ventilation 1 Control Signal
2024-08-06 09:40:00+00:00,227.4897723132969,Seasonal_Storage_System,Ventilation,Ventilation 1,Emergency Ventilation 1 Control Signal
2024-08-06 09:41:00+00:00,229.19941712204007,Seasonal_Storage_System,Ventilation,Ventilation 1,Emergency Ventilation 1 Control Signal
2024-08-06 09:42:00+00:00,233.9887795992714,Seasonal_Storage_System,Ventilation,Ventilation 1,Emergency Ventilation 1 Control Signal
2024-08-06 09:43:00+00:00,231.63773224043717,Seasonal_Storage_System,Ventilation,Ventilation 1,Emergency Ventilation 1 Control Signal
2024-08-06 09:44:00+00:00,236.8208378870674,Seasonal_Storage_System,Ventilation,Ventilation 1,Emergency Ventilation 1 Control Signal
2024-08-06 09:45:00+00:00,247.34885245901637,Seasonal_Storage_System,Ventilation,Ventilation 1,Emergency Ventilation 1 Control Signal
2024-08-06 09:46:00+00:00,248.97960837887067,Seasonal_Storage_System,Ventilation,Ventilation 1,Emergency Ventilation 1 Control Signal
2024-08-06 09:47:00+00:00,245.99272313296905,Seasonal_Storage_System,Ventilation,Ventilation 1,Emergency Ventilation 1 Control Signal
2024-08-06 09:48:00+00:00,250.73285063752274,Seasonal_Storage_System,Ventilation,Ventilation 1,Emergency Ventilation 1 Control Signal
2024-08-06 09:49:00+00:00,256.5997723132969,Seasonal_Storage_System,Ventilation,Ventilation 1,Emergency Ventilation 1 Control Signal
2024-08-06 09:50:00+00:00,261.76696721311475,Seasonal_Storage_System,Ventilation,Ventilation 1,Emergency Ventilation 1 Control Signal
2024-08-06 09:51:00+00:00,275.89292349726776,Seasonal_Storage_System,Ventilation,Ventilation 1,Emergency Ventilation 1 Control Signal
2024-08-06 09:52:00+00:00,279.4908469945355,Seasonal_Storage_System,Ventilation,Ventilation 1,Emergency Ventilation 1 Control Signal
2024-08-06 09:53:00+00:00,280.3025683060109,Seasonal_Storage_System,Ventilation,Ventilation 1,Emergency Ventilation 1 Control Signal
2024-08-06 09:54:00+00:00,283.05428961748635,Seasonal_Storage_System,Ventilation,Ventilation 1,Emergency Ventilation 1 Control Signal
2024-08-06 09:55:00+00:00,281.78841530054643,Seasonal_Storage_System,Ventilation,Ventilation 1,Emergency Ventilation 1 Control Signal
2024-08-06 09:56:00+00:00,215.94112014134276,Seasonal_Storage_System,Ventilation,Ventilation 1,Emergency Ventilation 1 Control Signal
2024-08-06 09:57:00+00:00,110.88909659335921,Seasonal_Storage_System,Ventilation,Ventilation 1,Emergency Ventilation 1 Control Signal
2024-08-06 09:58:00+00:00,113.12859697898423,Seasonal_Storage_System,Ventilation,Ventilation 1,Emergency Ventilation 1 Control Signal
2024-08-06 09:59:00+00:00,141.77402522639068,Seasonal_Storage_System,Hydrogen Plant,Electrolyser,Downstream Temperature
2024-08-06 10:00:00+00:00,140.44072531263475,Seasonal_Storage_System,Hydrogen Plant,Compressor,Anode Dewpoint
2024-08-06 10:01:00+00:00,139.75842259594654,Seasonal_Storage_System,Hydrogen Plant,Electrolyser,Downstream Temperature
2024-08-06 10:02:00+00:00,140.01608689090125,Seasonal_Storage_System,Hydrogen Plant,Electrolyser,Downstream Temperature
2024-08-06 10:03:00+00:00,141.4783781802501,Seasonal_Storage_System,Hydrogen Plant,Compressor,Anode Dewpoint
2024-08-06 10:04:00+00:00,143.67215114273395,Seasonal_Storage_System,Hydrogen Plant,Electrolyser,Downstream Temperature
2024-08-06 10:05:00+00:00,144.7599769297111,Seasonal_Storage_System,Hydrogen Plant,Electrolyser,Downstream Temperature
2024-08-06 10:06:00+00:00,156.9833354894351,Seasonal_Storage_System,Hydrogen Plant,Electrolyser,Downstream Temperature
2024-08-06 10:07:00+00:00,166.9116004743424,Seasonal_Storage_System,Hydrogen Plant,Compressor,Anode Dewpoint
2024-08-06 10:08:00+00:00,182.54352048296678,Seasonal_Storage_System,Hydrogen Plant,Electrolyser,Downstream Temperature
2024-08-06 10:09:00+00:00,172.13066990081933,Seasonal_Storage_System,Hydrogen Plant,Electrolyser,Downstream Temperature
2024-08-06 10:10:00+00:00,177.3066030616645,Seasonal_Storage_System,Hydrogen Plant,Electrolyser,Downstream Temperature
2024-08-06 10:11:00+00:00,179.86063799051314,Seasonal_Storage_System,Hydrogen Plant,Compressor,Anode Dewpoint
2024-08-06 10:12:00+00:00,180.33615017513134,Seasonal_Storage_System,Hydrogen Plant,Electrolyser,Downstream Temperature
2024-08-06 10:13:00+00:00,184.4245731865285,Seasonal_Storage_System,Hydrogen Plant,Electrolyser,Downstream Temperature
2024-08-06 10:14:00+00:00,187.13252199223803,Seasonal_Storage_System,Ventilation,Ventilation 1,Emergency Ventilation 1 Control Signal
2024-08-06 10:15:00+00:00,190.33561319534283,Seasonal_Storage_System,Ventilation,Ventilation 1,Emergency Ventilation 1 Control Signal
2024-08-06 10:16:00+00:00,193.08816300129368,Seasonal_Storage_System,Ventilation,Ventilation 1,Emergency Ventilation 1 Control Signal
2024-08-06 10:17:00+00:00,194.6692243313201,Seasonal_Storage_System,Ventilation,Ventilation 1,Emergency Ventilation 1 Control Signal
2024-08-06 10:18:00+00:00,195.05762795232937,Seasonal_Storage_System,User Control,Mode Selector,Mode Selector Battery
2024-08-06 10:19:00+00:00,200.2351088613107,Seasonal_Storage_System,Electrical System,Compressor Energy Meter,Active Power
2024-08-06 10:20:00+00:00,200.13250495903407,Seasonal_Storage_System,Hydrogen Plant,Electrolyser,Downstream Temperature
2024-08-06 10:21:00+00:00,195.7634152652005,Seasonal_Storage_System,Hydrogen Plant,Compressor,Anode Dewpoint
2024-08-06 10:22:00+00:00,196.4395808538163,Seasonal_Storage_System,Hydrogen Plant,Electrolyser,Downstream Temperature
2024-08-06 10:23:00+00:00,197.33659120310477,Seasonal_Storage_System,Hydrogen Plant,Compressor,Anode Dewpoint
2024-08-06 10:24:00+00:00,197.86566709788704,Seasonal_Storage_System,Hydrogen Plant,Compressor,Anode Dewpoint
2024-08-06 10:25:00+00:00,198.62521388529538,Seasonal_Storage_System,Hydrogen Plant,Electrolyser,Downstream Temperature
2024-08-06 10:26:00+00:00,200.2696151358344,Seasonal_Storage_System,Hydrogen Plant,Compressor,Anode Dewpoint
2024-08-06 10:27:00+00:00,200.41051660198363,Seasonal_Storage_System,Hydrogen Plant,Electrolyser,Downstream Temperature
2024-08-06 10:28:00+00:00,197.81904894351013,Seasonal_Storage_System,Hydrogen Plant,Compressor,Anode Dewpoint
2024-08-06 10:29:00+00:00,192.6185418283743,Seasonal_Storage_System,Hydrogen Plant,Electrolyser,Downstream Temperature
2024-08-06 10:30:00+00:00,200.88511211729195,Seasonal_Storage_System,Hydrogen Plant,Electrolyser,Downstream Temperature
2024-08-06 10:31:00+00:00,202.96404090609192,Seasonal_Storage_System,Hydrogen Plant,Electrolyser,Downstream Temperature
2024-08-06 10:32:00+00:00,202.93894739111687,Seasonal_Storage_System,Heat Management,Indoor Convector,Indoor Convector Feed Temperature
2024-08-06 10:33:00+00:00,207.54631780940062,Seasonal_Storage_System,Heat Management,Indoor Convector,Indoor Convector Feed Temperature
2024-08-06 10:34:00+00:00,208.88519667530224,Seasonal_Storage_System,Heat Management,Indoor Convector,Indoor Convector Feed Temperature
2024-08-06 10:35:00+00:00,209.40086675291073,Seasonal_Storage_System,Ventilation,Ventilation 1,Emergency Ventilation 1 Control Signal
2024-08-06 10:36:00+00:00,210.38286977145322,Seasonal_Storage_System,Ventilation,Ventilation 1,Emergency Ventilation 1 Control Signal
2024-08-06 10:37:00+00:00,210.16494394135404,Seasonal_Storage_System,Ventilation,Ventilation 1,Emergency Ventilation 1 Control Signal
2024-08-06 10:38:00+00:00,210.5510567054765,Seasonal_Storage_System,Heat Management,Indoor Convector,Indoor Convector Feed Temperature
2024-08-06 10:39:00+00:00,212.23718822768436,Seasonal_Storage_System,Heat Management,Indoor Convector,Indoor Convector Feed Temperature
2024-08-06 10:40:00+00:00,212.85035726606296,Seasonal_Storage_System,Heat Management,Indoor Convector,Indoor Convector Feed Temperature
2024-08-06 10:41:00+00:00,213.6296131953428,Seasonal_Storage_System,Heat Management,Indoor Convector,Indoor Convector Feed Temperature
2024-08-06 10:42:00+00:00,213.83833203967228,Seasonal_Storage_System,Heat Management,Indoor Convector,Indoor Convector Feed Temperature
2024-08-06 10:43:00+00:00,215.5418430385289,Seasonal_Storage_System,Heat Management,Indoor Convector,Indoor Convector Feed Temperature
2024-08-06 10:44:00+00:00,218.87462591634326,Seasonal_Storage_System,Hydrogen Plant,Compressor,Anode Dewpoint
2024-08-06 10:45:00+00:00,220.16700646830532,Seasonal_Storage_System,Hydrogen Plant,Electrolyser,Downstream Temperature
2024-08-06 10:46:00+00:00,221.11048339801638,Seasonal_Storage_System,Hydrogen Plant,Compressor,Anode Dewpoint
2024-08-06 10:47:00+00:00,221.96605347132385,Seasonal_Storage_System,Hydrogen Plant,Electrolyser,Downstream Temperature
2024-08-06 10:48:00+00:00,223.13483721431652,Seasonal_Storage_System,Hydrogen Plant,Electrolyser,Downstream Temperature
2024-08-06 10:49:00+00:00,225.03356274256146,Seasonal_Storage_System,Hydrogen Plant,Compressor,Anode Dewpoint
2024-08-06 10:50:00+00:00,227.64868456231133,Seasonal_Storage_System,Hydrogen Plant,Electrolyser,Downstream Temperature
2024-08-06 10:51:00+00:00,231.36830810694264,Seasonal_Storage_System,Heat Management,Indoor Convector,Indoor Convector Feed Temperature
2024-08-06 10:52:00+00:00,235.38377588070023,Seasonal_Storage_System,Heat Management,Indoor Convector,Indoor Convector Feed Temperature
2024-08-06 10:53:00+00:00,239.84097182791004,Seasonal_Storage_System,PV System,PV Inverter,Active Power
2024-08-06 10:54:00+00:00,207.25650409659335,Seasonal_Storage_System,Hydrogen Plant,Electrolyser,Downstream Temperature
2024-08-06 10:55:00+00:00,174.66121410090557,Seasonal_Storage_System,Hydrogen Plant,Electrolyser,Downstream Temperature
2024-08-06 10:56:00+00:00,177.73163971539455,Seasonal_Storage_System,Hydrogen Plant,Electrolyser,Downstream Temperature
2024-08-06 10:57:00+00:00,185.87180336351875,Seasonal_Storage_System,Hydrogen Plant,Compressor,Anode Dewpoint
2024-08-06 10:58:00+00:00,198.88398447606727,Seasonal_Storage_System,Hydrogen Plant,Electrolyser,Downstream Temperature
2024-08-06 10:59:00+00:00,202.33235834411386,Seasonal_Storage_System,Hydrogen Plant,Electrolyser,Downstream Temperature
2024-08-06 11:00:00+00:00,230.33489176369122,Seasonal_Storage_System,Hydrogen Plant,Electrolyser,Downstream Temperature
2024-08-06 11:01:00+00:00,231.193432945235,Seasonal_Storage_System,Hydrogen Plant,Compressor,Anode Dewpoint
2024-08-06 11:02:00+00:00,240.13529387667097,Seasonal_Storage_System,Hydrogen Plant,Electrolyser,Downstream Temperature
2024-08-06 11:03:00+00:00,241.97740367775833,Seasonal_Storage_System,Hydrogen Plant,Electrolyser,Downstream Temperature
2024-08-06 11:04:00+00:00,240.2743268566494,Seasonal_Storage_System,Hydrogen Plant,Compressor,Anode Dewpoint
2024-08-06 11:05:00+00:00,238.38759163432513,Seasonal_Storage_System,Ventilation,Ventilation 1,Emergency Ventilation 1 Control Signal
2024-08-06 11:06:00+00:00,238.28637020267357,Seasonal_Storage_System,Ventilation,Ventilation 1,Emergency Ventilation 1 Control Signal
2024-08-06 11:07:00+00:00,239.17249547218628,Seasonal_Storage_System,Ventilation,Ventilation 1,Emergency Ventilation 1 Control Signal
2024-08-06 11:08:00+00:00,239.91820655454939,Seasonal_Storage_System,Ventilation,Ventilation 1,Emergency Ventilation 1 Control Signal
2024-08-06 11:09:00+00:00,239.7375836567486,Seasonal_Storage_System,Ventilation,Ventilation 1,Emergency Ventilation 1 Control Signal
2024-08-06 11:10:00+00:00,239.09126455368693,Seasonal_Storage_System,Ventilation,Ventilation 1,Emergency Ventilation 1 Control Signal
2024-08-06 11:11:00+00:00,243.10748253557566,Seasonal_Storage_System,Ventilation,Ventilation 1,Emergency Ventilation 1 Control Signal
2024-08-06 11:12:00+00:00,252.31320784821045,Seasonal_Storage_System,Ventilation,Ventilation 1,Emergency Ventilation 1 Control Signal
2024-08-06 11:13:00+00:00,253.46150754635622,Seasonal_Storage_System,Ventilation,Ventilation 1,Emergency Ventilation 1 Control Signal
2024-08-06 11:14:00+00:00,252.731994089317,Seasonal_Storage_System,Ventilation,Ventilation 1,Emergency Ventilation 1 Control Signal
2024-08-06 11:15:00+00:00,255.47253212591636,Seasonal_Storage_System,Hydrogen Plant,Compressor,Anode Dewpoint
2024-08-06 11:16:00+00:00,256.33075592927986,Seasonal_Storage_System,Hydrogen Plant,Electrolyser,Downstream Temperature
2024-08-06 11:17:00+00:00,256.44955368693405,Seasonal_Storage_System,Hydrogen Plant,Compressor,Anode Dewpoint
2024-08-06 11:18:00+00:00,255.94079581716258,Seasonal_Storage_System,Hydrogen Plant,Electrolyser,Downstream Temperature
2024-08-06 11:19:00+00:00,256.47344825355754,Seasonal_Storage_System,Hydrogen Plant,Compressor,Anode Dewpoint
2024-08-06 11:20:00+00:00,256.457364596809,Seasonal_Storage_System,Hydrogen Plant,Electrolyser,Downstream Temperature
2024-08-06 11:21:00+00:00,257.07413669685207,Seasonal_Storage_System,Hydrogen Plant,Electrolyser,Downstream Temperature
2024-08-06 11:22:00+00:00,257.60827057793347,Seasonal_Storage_System,Hydrogen Plant,Electrolyser,Downstream Temperature
2024-08-06 11:23:00+00:00,258.38546313065973,Seasonal_Storage_System,Hydrogen Plant,Compressor,Anode Dewpoint
2024-08-06 11:24:00+00:00,262.09764812419144,Seasonal_Storage_System,Hydrogen Plant,Electrolyser,Downstream Temperature
2024-08-06 11:25:00+00:00,263.6926709788702,Seasonal_Storage_System,Hydrogen Plant,Compressor,Anode Dewpoint
2024-08-06 11:26:00+00:00,264.15176175075464,Seasonal_Storage_System,Hydrogen Plant,Electrolyser,Downstream Temperature
2024-08-06 11:27:00+00:00,263.23669340232857,Seasonal_Storage_System,Hydrogen Plant,Compressor,Anode Dewpoint
2024-08-06 11:28:00+00:00,263.26350970245795,Seasonal_Storage_System,Hydrogen Plant,Compressor,Anode Dewpoint
2024-08-06 11:29:00+00:00,265.5411839154808,Seasonal_Storage_System,Hydrogen Plant,Electrolyser,Downstream Temperature
2024-08-06 11:30:00+00:00,265.6702835273825,Seasonal_Storage_System,Hydrogen Plant,Compressor,Anode Dewpoint
2024-08-06 11:31:00+00:00,266.2141755066839,Seasonal_Storage_System,Hydrogen Plant,Compressor,Anode Dewpoint
2024-08-06 11:32:00+00:00,265.870261821366,Seasonal_Storage_System,Hydrogen Plant,Electrolyser,Downstream Temperature
2024-08-06 11:33:00+00:00,269.41939917962003,Seasonal_Storage_System,Hydrogen Plant,Electrolyser,Downstream Temperature
2024-08-06 11:34:00+00:00,272.20767874083657,Seasonal_Storage_System,Ventilation,Ventilation 1,Emergency Ventilation 1 Control Signal
2024-08-06 11:35:00+00:00,273.1563620094868,Seasonal_Storage_System,Ventilation,Ventilation 1,Emergency Ventilation 1 Control Signal
2024-08-06 11:36:00+00:00,274.10913195342823,Seasonal_Storage_System,Ventilation,Ventilation 1,Emergency Ventilation 1 Control Signal
2024-08-06 11:37:00+00:00,274.1363874514877,Seasonal_Storage_System,Ventilation,Ventilation 1,Emergency Ventilation 1 Control Signal
2024-08-06 11:38:00+00:00,273.513407287624,Seasonal_Storage_System,Ventilation,Ventilation 1,Emergency Ventilation 1 Control Signal
2024-08-06 11:39:00+00:00,274.50620353600686,Seasonal_Storage_System,Hydrogen Plant,Compressor,Anode Dewpoint
2024-08-06 11:40:00+00:00,274.94659357481675,Seasonal_Storage_System,Ventilation,Ventilation 1,Emergency Ventilation 1 Control Signal
2024-08-06 11:41:00+00:00,274.86455799913756,Seasonal_Storage_System,Ventilation,Ventilation 1,Emergency Ventilation 1 Control Signal
2024-08-06 11:42:00+00:00,273.9745111646235,Seasonal_Storage_System,Ventilation,Ventilation 1,Emergency Ventilation 1 Control Signal
2024-08-06 11:43:00+00:00,275.54481845623116,Seasonal_Storage_System,Hydrogen Plant,Electrolyser,Downstream Temperature
2024-08-06 11:44:00+00:00,275.7467274687365,Seasonal_Storage_System,Hydrogen Plant,Electrolyser,Downstream Temperature
2024-08-06 11:45:00+00:00,276.39154592496766,Seasonal_Storage_System,Hydrogen Plant,Compressor,Anode Dewpoint
2024-08-06 11:46:00+00:00,276.83506727037513,Seasonal_Storage_System,Hydrogen Plant,Compressor,Anode Dewpoint
2024-08-06 11:47:00+00:00,277.7920118585597,Seasonal_Storage_System,Hydrogen Plant,Compressor,Anode Dewpoint
2024-08-06 11:48:00+00:00,278.14095687796464,Seasonal_Storage_System,Hydrogen Plant,Electrolyser,Downstream Temperature
2024-08-06 11:49:00+00:00,277.7014881414403,Seasonal_Storage_System,Hydrogen Plant,Compressor,Anode Dewpoint
2024-08-06 11:50:00+00:00,277.08715761103923,Seasonal_Storage_System,Hydrogen Plant,Compressor,Anode Dewpoint
2024-08-06 11:51:00+00:00,277.4007880551962,Seasonal_Storage_System,Hydrogen Plant,Compressor,Anode Dewpoint
2024-08-06 11:52:00+00:00,277.6446000862813,Seasonal_Storage_System,Hydrogen Plant,Compressor,Anode Dewpoint
2024-08-06 11:53:00+00:00,277.52520153172867,Seasonal_Storage_System,User Control,Mode Selector,Mode Selector Battery
2024-08-06 11:54:00+00:00,278.90310327727474,Seasonal_Storage_System,Hydrogen Plant,Electrolyser,Downstream Temperature
2024-08-06 11:55:00+00:00,279.9894128934885,Seasonal_Storage_System,Hydrogen Plant,Electrolyser,Downstream Temperature
2024-08-06 11:56:00+00:00,279.57617680034497,Seasonal_Storage_System,Hydrogen Plant,Electrolyser,Downstream Temperature
2024-08-06 11:57:00+00:00,279.89182319965505,Seasonal_Storage_System,Hydrogen Plant,Compressor,Anode Dewpoint
2024-08-06 11:58:00+00:00,279.8744156964209,Seasonal_Storage_System,Hydrogen Plant,Electrolyser,Downstream Temperature
2024-08-06 11:59:00+00:00,280.5216515739543,Seasonal_Storage_System,Hydrogen Plant,Electrolyser,Downstream Temperature
2024-08-06 12:00:00+00:00,280.9100446313066,Seasonal_Storage_System,Hydrogen Plant,Compressor,Anode Dewpoint
2024-08-06 12:01:00+00:00,281.4843080241588,Seasonal_Storage_System,Hydrogen Plant,Compressor,Anode Dewpoint
2024-08-06 12:02:00+00:00,280.9490985977213,Seasonal_Storage_System,User Control,Mode Selector,Mode Selector Battery
2024-08-06 12:03:00+00:00,281.15549417852526,Seasonal_Storage_System,Ventilation,Ventilation 1,Emergency Ventilation 1 Control Signal
2024-08-06 12:04:00+00:00,281.95014575247956,Seasonal_Storage_System,Ventilation,Ventilation 1,Emergency Ventilation 1 Control Signal
2024-08-06 12:05:00+00:00,283.53261836998706,Seasonal_Storage_System,Ventilation,Ventilation 1,Emergency Ventilation 1 Control Signal
2024-08-06 12:06:00+00:00,284.871463721031,Seasonal_Storage_System,Ventilation,Ventilation 1,Emergency Ventilation 1 Control Signal
2024-08-06 12:07:00+00:00,284.1264971970677,Seasonal_Storage_System,Heat Management,Indoor Convector,Indoor Convector Feed Temperature
2024-08-06 12:08:00+00:00,284.0332688658905,Seasonal_Storage_System,Heat Management,Indoor Convector,Indoor Convector Feed Temperature
2024-08-06 12:09:00+00:00,283.19950539025444,Seasonal_Storage_System,Heat Management,Indoor Convector,Indoor Convector Feed Temperature
2024-08-06 12:10:00+00:00,283.7278635187581,Seasonal_Storage_System,Heat Management,Indoor Convector,Indoor Convector Feed Temperature
2024-08-06 12:11:00+00:00,283.8576808969383,Seasonal_Storage_System,Heat Management,Indoor Convector,Indoor Convector Feed Temperature
2024-08-06 12:12:00+00:00,283.0804351013368,Seasonal_Storage_System,Heat Management,Indoor Convector,Indoor Convector Feed Temperature
2024-08-06 12:13:00+00:00,283.3896783096162,Seasonal_Storage_System,Heat Management,Indoor Convector,Indoor Convector Feed Temperature
2024-08-06 12:14:00+00:00,283.73806523642736,Seasonal_Storage_System,Heat Management,Indoor Convector,Indoor Convector Feed Temperature
2024-08-06 12:15:00+00:00,284.43475722294096,Seasonal_Storage_System,Hydrogen Plant,Electrolyser,Downstream Temperature
2024-08-06 12:16:00+00:00,284.6355187580854,Seasonal_Storage_System,Hydrogen Plant,Compressor,Anode Dewpoint
2024-08-06 12:17:00+00:00,283.16638055196205,Seasonal_Storage_System,Hydrogen Plant,Electrolyser,Downstream Temperature
2024-08-06 12:18:00+00:00,282.3097054764985,Seasonal_Storage_System,Hydrogen Plant,Electrolyser,Downstream Temperature
2024-08-06 12:19:00+00:00,285.06343251401466,Seasonal_Storage_System,Hydrogen Plant,Compressor,Anode Dewpoint
2024-08-06 12:20:00+00:00,286.4367339370418,Seasonal_Storage_System,Hydrogen Plant,Compressor,Anode Dewpoint
2024-08-06 12:21:00+00:00,287.53376153514444,Seasonal_Storage_System,Hydrogen Plant,Compressor,Anode Dewpoint
2024-08-06 12:22:00+00:00,288.2874616213885,Seasonal_Storage_System,Hydrogen Plant,Compressor,Anode Dewpoint
2024-08-06 12:23:00+00:00,288.6281352889667,Seasonal_Storage_System,Hydrogen Plant,Electrolyser,Downstream Temperature
2024-08-06 12:24:00+00:00,289.1648326865028,Seasonal_Storage_System,Hydrogen Plant,Compressor,Anode Dewpoint
2024-08-06 12:25:00+00:00,290.746854894351,Seasonal_Storage_System,Hydrogen Plant,Electrolyser,Downstream Temperature
2024-08-06 12:26:00+00:00,292.7859777921518,Seasonal_Storage_System,Hydrogen Plant,Compressor,Anode Dewpoint
2024-08-06 12:27:00+00:00,293.71489305735236,Seasonal_Storage_System,Hydrogen Plant,Compressor,Anode Dewpoint
2024-08-06 12:28:00+00:00,295.3033777490298,Seasonal_Storage_System,Hydrogen Plant,Compressor,Anode Dewpoint
2024-08-06 12:29:00+00:00,297.37199849072874,Seasonal_Storage_System,Hydrogen Plant,Electrolyser,Downstream Temperature
2024-08-06 12:30:00+00:00,299.4665239327296,Seasonal_Storage_System,Hydrogen Plant,Electrolyser,Downstream Temperature
2024-08-06 12:31:00+00:00,300.7526123329021,Seasonal_Storage_System,Hydrogen Plant,Electrolyser,Downstream Temperature
2024-08-06 12:32:00+00:00,302.59979991375593,Seasonal_Storage_System,Hydrogen Plant,Electrolyser,Downstream Temperature
2024-08-06 12:33:00+00:00,305.3615595084088,Seasonal_Storage_System,Hydrogen Plant,Compressor,Anode Dewpoint
2024-08-06 12:34:00+00:00,309.5885620957309,Seasonal_Storage_System,Hydrogen Plant,Electrolyser,Downstream Temperature
2024-08-06 12:35:00+00:00,299.23080228546786,Seasonal_Storage_System,Hydrogen Plant,Compressor,Anode Dewpoint
2024-08-06 12:36:00+00:00,265.4441402557988,Seasonal_Storage_System,Hydrogen Plant,Electrolyser,Downstream Temperature
2024-08-06 12:37:00+00:00,248.5334972784672,Seasonal_Storage_System,Electrical System,Compressor Energy Meter,Active Power
2024-08-06 12:38:00+00:00,232.9318234152652,Seasonal_Storage_System,Hydrogen Plant,Compressor,Anode Dewpoint
2024-08-06 12:39:00+00:00,245.96567141009055,Seasonal_Storage_System,Hydrogen Plant,Electrolyser,Downstream Temperature
2024-08-06 12:40:00+00:00,275.8399915912031,Seasonal_Storage_System,Hydrogen Plant,Electrolyser,Downstream Temperature
2024-08-06 12:41:00+00:00,279.1791219775475,Seasonal_Storage_System,Hydrogen Plant,Electrolyser,Downstream Temperature
2024-08-06 12:42:00+00:00,258.2428786114704,Seasonal_Storage_System,Ventilation,Ventilation 1,Emergency Ventilation 1 Control Signal
2024-08-06 12:43:00+00:00,235.9208904700302,Seasonal_Storage_System,Ventilation,Ventilation 1,Emergency Ventilation 1 Control Signal
2024-08-06 12:44:00+00:00,229.35665200517465,Seasonal_Storage_System,Ventilation,Ventilation 1,Emergency Ventilation 1 Control Signal
2024-08-06 12:45:00+00:00,271.1367208844133,Seasonal_Storage_System,Ventilation,Ventilation 1,Emergency Ventilation 1 Control Signal
2024-08-06 12:46:00+00:00,278.51108904700305,Seasonal_Storage_System,Hydrogen Plant,Compressor,Anode Dewpoint
2024-08-06 12:47:00+00:00,268.8996069426477,Seasonal_Storage_System,Hydrogen Plant,Electrolyser,Downstream Temperature
2024-08-06 12:48:00+00:00,272.52024687365247,Seasonal_Storage_System,Hydrogen Plant,Electrolyser,Downstream Temperature
2024-08-06 12:49:00+00:00,277.61103967227257,Seasonal_Storage_System,Hydrogen Plant,Compressor,Anode Dewpoint
2024-08-06 12:50:00+00:00,256.47607330746007,Seasonal_Storage_System,Hydrogen Plant,Electrolyser,Downstream Temperature
2024-08-06 12:51:00+00:00,249.11634476067272,Seasonal_Storage_System,Ventilation,Ventilation 1,Emergency Ventilation 1 Control Signal
2024-08-06 12:52:00+00:00,235.61652026735663,Seasonal_Storage_System,Ventilation,Ventilation 1,Emergency Ventilation 1 Control Signal
2024-08-06 12:53:00+00:00,247.07206501751313,Seasonal_Storage_System,Ventilation,Ventilation 1,Emergency Ventilation 1 Control Signal
2024-08-06 12:54:00+00:00,249.85947736093144,Seasonal_Storage_System,Hydrogen Plant,Electrolyser,Downstream Temperature
2024-08-06 12:55:00+00:00,247.7061940491591,Seasonal_Storage_System,Hydrogen Plant,Electrolyser,Downstream Temperature
2024-08-06 12:56:00+00:00,239.30742496765848,Seasonal_Storage_System,Hydrogen Plant,Compressor,Anode Dewpoint
2024-08-06 12:57:00+00:00,281.2112619663648,Seasonal_Storage_System,Hydrogen Plant,Electrolyser,Downstream Temperature
2024-08-06 12:58:00+00:00,275.9397925830099,Seasonal_Storage_System,Hydrogen Plant,Electrolyser,Downstream Temperature
2024-08-06 12:59:00+00:00,255.06005821474776,Seasonal_Storage_System,Hydrogen Plant,Electrolyser,Downstream Temperature
2024-08-06 13:00:00+00:00,247.20420030185426,Seasonal_Storage_System,Hydrogen Plant,Electrolyser,Downstream Temperature
2024-08-06 13:01:00+00:00,246.47420396722725,Seasonal_Storage_System,Hydrogen Plant,Electrolyser,Downstream Temperature
2024-08-06 13:02:00+00:00,248.80843531694697,Seasonal_Storage_System,Hydrogen Plant,Electrolyser,Downstream Temperature
2024-08-06 13:03:00+00:00,252.59667830961624,Seasonal_Storage_System,Hydrogen Plant,Compressor,Anode Dewpoint
2024-08-06 13:04:00+00:00,252.20454597197897,Seasonal_Storage_System,Hydrogen Plant,Compressor,Anode Dewpoint
2024-08-06 13:05:00+00:00,249.39436653730056,Seasonal_Storage_System,Hydrogen Plant,Compressor,Anode Dewpoint
2024-08-06 13:06:00+00:00,249.79315717981888,Seasonal_Storage_System,Hydrogen Plant,Electrolyser,Downstream Temperature
2024-08-06 13:07:00+00:00,250.67242173350584,Seasonal_Storage_System,Hydrogen Plant,Electrolyser,Downstream Temperature
2024-08-06 13:08:00+00:00,249.96893014230272,Seasonal_Storage_System,Hydrogen Plant,Electrolyser,Downstream Temperature
2024-08-06 13:09:00+00:00,245.7169803794739,Seasonal_Storage_System,Hydrogen Plant,Compressor,Anode Dewpoint
2024-08-06 13:10:00+00:00,244.71570978870204,Seasonal_Storage_System,Hydrogen Plant,Electrolyser,Downstream Temperature
2024-08-06 13:11:00+00:00,245.1703180250108,Seasonal_Storage_System,Hydrogen Plant,Electrolyser,Downstream Temperature
2024-08-06 13:12:00+00:00,246.53594006037085,Seasonal_Storage_System,Hydrogen Plant,Electrolyser,Downstream Temperature
2024-08-06 13:13:00+00:00,248.47649028497406,Seasonal_Storage_System,Hydrogen Plant,Compressor,Anode Dewpoint
2024-08-06 13:14:00+00:00,249.82683117723158,Seasonal_Storage_System,Ventilation,Ventilation 1,Emergency Ventilation 1 Control Signal
2024-08-06 13:15:00+00:00,250.76797110823634,Seasonal_Storage_System,Ventilation,Ventilation 1,Emergency Ventilation 1 Control Signal
2024-08-06 13:16:00+00:00,250.15111302847282,Seasonal_Storage_System,Ventilation,Ventilation 1,Emergency Ventilation 1 Control Signal
2024-08-06 13:17:00+00:00,248.70688874514877,Seasonal_Storage_System,User Control,Mode Selector,Mode Selector Battery
2024-08-06 13:18:00+00:00,246.91344113785559,Seasonal_Storage_System,User Control,Mode Selector,Mode Selector Battery
2024-08-06 13:19:00+00:00,249.89597412677878,Seasonal_Storage_System,Hydrogen Plant,Compressor,Anode Dewpoint
2024-08-06 13:20:00+00:00,248.0819887882708,Seasonal_Storage_System,Hydrogen Plant,Compressor,Anode Dewpoint
2024-08-06 13:21:00+00:00,248.361559724019,Seasonal_Storage_System,Hydrogen Plant,Electrolyser,Downstream Temperature
2024-08-06 13:22:00+00:00,243.04221927554983,Seasonal_Storage_System,Hydrogen Plant,Electrolyser,Downstream Temperature
2024-08-06 13:23:00+00:00,240.3977110823631,Seasonal_Storage_System,Hydrogen Plant,Compressor,Anode Dewpoint
2024-08-06 13:24:00+00:00,253.35103492884866,Seasonal_Storage_System,Hydrogen Plant,Electrolyser,Downstream Temperature
2024-08-06 13:25:00+00:00,232.25164119964973,Seasonal_Storage_System,Hydrogen Plant,Electrolyser,Downstream Temperature
2024-08-06 13:26:00+00:00,229.84943351741714,Seasonal_Storage_System,Hydrogen Plant,Electrolyser,Downstream Temperature
2024-08-06 13:27:00+00:00,236.43011880120744,Seasonal_Storage_System,Ventilation,Ventilation 1,Emergency Ventilation 1 Control Signal
2024-08-06 13:28:00+00:00,231.07609960595445,Seasonal_Storage_System,Ventilation,Ventilation 1,Emergency Ventilation 1 Control Signal
2024-08-06 13:29:00+00:00,242.42871755066838,Seasonal_Storage_System,Hydrogen Plant,Compressor,Anode Dewpoint
2024-08-06 13:30:00+00:00,268.1387468736524,Seasonal_Storage_System,Hydrogen Plant,Compressor,Anode Dewpoint
2024-08-06 13:31:00+00:00,256.50014790858125,Seasonal_Storage_System,Hydrogen Plant,Electrolyser,Downstream Temperature
2024-08-06 13:32:00+00:00,228.80466386373436,Seasonal_Storage_System,Hydrogen Plant,Electrolyser,Downstream Temperature
2024-08-06 13:33:00+00:00,233.637631737818,Seasonal_Storage_System,Hydrogen Plant,Electrolyser,Downstream Temperature
2024-08-06 13:34:00+00:00,223.5712406209573,Seasonal_Storage_System,Hydrogen Plant,Electrolyser,Downstream Temperature
2024-08-06 13:35:00+00:00,219.3563529538594,Seasonal_Storage_System,Hydrogen Plant,Electrolyser,Downstream Temperature
2024-08-06 13:36:00+00:00,217.91341397153946,Seasonal_Storage_System,Hydrogen Plant,Electrolyser,Downstream Temperature
2024-08-06 13:37:00+00:00,217.40119663648125,Seasonal_Storage_System,Hydrogen Plant,Electrolyser,Downstream Temperature
2024-08-06 13:38:00+00:00,217.55192238033635,Seasonal_Storage_System,Hydrogen Plant,Electrolyser,Downstream Temperature
2024-08-06 13:39:00+00:00,219.16401617076326,Seasonal_Storage_System,Hydrogen Plant,Electrolyser,Downstream Temperature
2024-08-06 13:40:00+00:00,221.70913626563174,Seasonal_Storage_System,Hydrogen Plant,Electrolyser,Downstream Temperature
2024-08-06 13:41:00+00:00,229.8568346269944,Seasonal_Storage_System,Hydrogen Plant,Compressor,Anode Dewpoint
2024-08-06 13:42:00+00:00,237.14556813281587,Seasonal_Storage_System,Hydrogen Plant,Compressor,Anode Dewpoint
2024-08-06 13:43:00+00:00,249.26397176007006,Seasonal_Storage_System,Hydrogen Plant,Compressor,Anode Dewpoint
2024-08-06 13:44:00+00:00,252.977939119171,Seasonal_Storage_System,Hydrogen Plant,Compressor,Anode Dewpoint
2024-08-06 13:45:00+00:00,292.54756619232427,Seasonal_Storage_System,Ventilation,Ventilation 1,Emergency Ventilation 1 Control Signal
2024-08-06 13:46:00+00:00,226.53906662354464,Seasonal_Storage_System,Ventilation,Ventilation 1,Emergency Ventilation 1 Control Signal
2024-08-06 13:47:00+00:00,233.0741263475636,Seasonal_Storage_System,Ventilation,Ventilation 1,Emergency Ventilation 1 Control Signal
2024-08-06 13:48:00+00:00,300.7129564467443,Seasonal_Storage_System,Ventilation,Ventilation 1,Emergency Ventilation 1 Control Signal
2024-08-06 13:49:00+00:00,325.3411905993963,Seasonal_Storage_System,Ventilation,Ventilation 1,Emergency Ventilation 1 Control Signal
2024-08-06 13:50:00+00:00,263.34583419577405,Seasonal_Storage_System,Ventilation,Ventilation 1,Emergency Ventilation 1 Control Signal
2024-08-06 13:51:00+00:00,277.3728641655886,Seasonal_Storage_System,Ventilation,Ventilation 1,Emergency Ventilation 1 Control Signal
2024-08-06 13:52:00+00:00,232.42830530401034,Seasonal_Storage_System,Ventilation,Ventilation 1,Emergency Ventilation 1 Control Signal
2024-08-06 13:53:00+00:00,246.2758493870403,Seasonal_Storage_System,Ventilation,Ventilation 1,Emergency Ventilation 1 Control Signal
2024-08-06 13:54:00+00:00,246.09198857266063,Seasonal_Storage_System,Hydrogen Plant,Electrolyser,Downstream Temperature
2024-08-06 13:55:00+00:00,242.79664920224232,Seasonal_Storage_System,Hydrogen Plant,Electrolyser,Downstream Temperature
2024-08-06 13:56:00+00:00,209.16856037084952,Seasonal_Storage_System,Hydrogen Plant,Electrolyser,Downstream Temperature
2024-08-06 13:57:00+00:00,217.7061114704614,Seasonal_Storage_System,Hydrogen Plant,Electrolyser,Downstream Temperature
2024-08-06 13:58:00+00:00,279.3180970245796,Seasonal_Storage_System,Hydrogen Plant,Compressor,Anode Dewpoint
2024-08-06 13:59:00+00:00,240.24314359637773,Seasonal_Storage_System,Hydrogen Plant,Electrolyser,Downstream Temperature
2024-08-06 14:00:00+00:00,205.8706373436826,Seasonal_Storage_System,Hydrogen Plant,Electrolyser,Downstream Temperature
2024-08-06 14:01:00+00:00,290.80539844760676,Seasonal_Storage_System,Hydrogen Plant,Compressor,Anode Dewpoint
2024-08-06 14:02:00+00:00,322.9255955153083,Seasonal_Storage_System,Hydrogen Plant,Compressor,Anode Dewpoint
2024-08-06 14:03:00+00:00,295.2245946528676,Seasonal_Storage_System,Hydrogen Plant,Electrolyser,Downstream Temperature
2024-08-06 14:04:00+00:00,252.79905713669686,Seasonal_Storage_System,Hydrogen Plant,Compressor,Anode Dewpoint
2024-08-06 14:05:00+00:00,252.3226246226822,Seasonal_Storage_System,Hydrogen Plant,Electrolyser,Downstream Temperature
2024-08-06 14:06:00+00:00,252.09430074528714,Seasonal_Storage_System,Hydrogen Plant,Compressor,Anode Dewpoint
2024-08-06 14:07:00+00:00,251.9470799913756,Seasonal_Storage_System,Ventilation,Ventilation 1,Emergency Ventilation 1 Control Signal
2024-08-06 14:08:00+00:00,251.40327598102633,Seasonal_Storage_System,Ventilation,Ventilation 1,Emergency Ventilation 1 Control Signal
2024-08-06 14:09:00+00:00,239.2236934023286,Seasonal_Storage_System,Ventilation,Ventilation 1,Emergency Ventilation 1 Control Signal
2024-08-06 14:10:00+00:00,230.6339943941354,Seasonal_Storage_System,Ventilation,Ventilation 1,Emergency Ventilation 1 Control Signal
2024-08-06 14:11:00+00:00,263.64698102630445,Seasonal_Storage_System,Ventilation,Ventilation 1,Emergency Ventilation 1 Control Signal
2024-08-06 14:12:00+00:00,251.82061750754636,Seasonal_Storage_System,Ventilation,Ventilation 1,Emergency Ventilation 1 Control Signal
2024-08-06 14:13:00+00:00,251.95127899956876,Seasonal_Storage_System,Ventilation,Ventilation 1,Emergency Ventilation 1 Control Signal
2024-08-06 14:14:00+00:00,252.74183074601123,Seasonal_Storage_System,Ventilation,Ventilation 1,Emergency Ventilation 1 Control Signal
2024-08-06 14:15:00+00:00,252.9149767141009,Seasonal_Storage_System,Ventilation,Ventilation 1,Emergency Ventilation 1 Control Signal
2024-08-06 14:16:00+00:00,252.83199741267788,Seasonal_Storage_System,Ventilation,Ventilation 1,Emergency Ventilation 1 Control Signal
2024-08-06 14:17:00+00:00,252.3981345407503,Seasonal_Storage_System,Ventilation,Ventilation 1,Emergency Ventilation 1 Control Signal
2024-08-06 14:18:00+00:00,250.1539728331177,Seasonal_Storage_System,Ventilation,Ventilation 1,Emergency Ventilation 1 Control Signal
2024-08-06 14:19:00+00:00,251.06475831873902,Seasonal_Storage_System,Ventilation,Ventilation 1,Emergency Ventilation 1 Control Signal
2024-08-06 14:20:00+00:00,251.6678324708926,Seasonal_Storage_System,Hydrogen Plant,Compressor,Anode Dewpoint
2024-08-06 14:21:00+00:00,251.39130832255285,Seasonal_Storage_System,Hydrogen Plant,Electrolyser,Downstream Temperature
2024-08-06 14:22:00+00:00,251.27069361793875,Seasonal_Storage_System,Hydrogen Plant,Electrolyser,Downstream Temperature
2024-08-06 14:23:00+00:00,251.27806899525655,Seasonal_Storage_System,Hydrogen Plant,Compressor,Anode Dewpoint
2024-08-06 14:24:00+00:00,251.54204808106945,Seasonal_Storage_System,Hydrogen Plant,Electrolyser,Downstream Temperature
2024-08-06 14:25:00+00:00,251.22237968952138,Seasonal_Storage_System,Hydrogen Plant,Electrolyser,Downstream Temperature
2024-08-06 14:26:00+00:00,251.06545127210006,Seasonal_Storage_System,Hydrogen Plant,Electrolyser,Downstream Temperature
2024-08-06 14:27:00+00:00,251.35480573523068,Seasonal_Storage_System,Hydrogen Plant,Electrolyser,Downstream Temperature
2024-08-06 14:28:00+00:00,251.16131759379044,Seasonal_Storage_System,Hydrogen Plant,Electrolyser,Downstream Temperature
2024-08-06 14:29:00+00:00,251.43793725743853,Seasonal_Storage_System,Hydrogen Plant,Electrolyser,Downstream Temperature
2024-08-06 14:30:00+00:00,251.24867356619234,Seasonal_Storage_System,Hydrogen Plant,Electrolyser,Downstream Temperature
2024-08-06 14:31:00+00:00,251.0821198792583,Seasonal_Storage_System,Hydrogen Plant,Electrolyser,Downstream Temperature
2024-08-06 14:32:00+00:00,251.652556773345,Seasonal_Storage_System,Hydrogen Plant,Electrolyser,Downstream Temperature
2024-08-06 14:33:00+00:00,251.90282514014663,Seasonal_Storage_System,Ventilation,Ventilation 1,Emergency Ventilation 1 Control Signal
2024-08-06 14:34:00+00:00,251.6896813281587,Seasonal_Storage_System,Ventilation,Ventilation 1,Emergency Ventilation 1 Control Signal
2024-08-06 14:35:00+00:00,251.58104161276412,Seasonal_Storage_System,Ventilation,Ventilation 1,Emergency Ventilation 1 Control Signal
2024-08-06 14:36:00+00:00,251.05174859853386,Seasonal_Storage_System,Ventilation,Ventilation 1,Emergency Ventilation 1 Control Signal
2024-08-06 14:37:00+00:00,250.20857179818884,Seasonal_Storage_System,Ventilation,Ventilation 1,Emergency Ventilation 1 Control Signal
2024-08-06 14:38:00+00:00,249.7589715394567,Seasonal_Storage_System,Ventilation,Ventilation 1,Emergency Ventilation 1 Control Signal
2024-08-06 14:39:00+00:00,250.9338531694696,Seasonal_Storage_System,Ventilation,Ventilation 1,Emergency Ventilation 1 Control Signal
2024-08-06 14:40:00+00:00,250.67761821366028,Seasonal_Storage_System,Ventilation,Ventilation 1,Emergency Ventilation 1 Control Signal
2024-08-06 14:41:00+00:00,251.42916127641223,Seasonal_Storage_System,Hydrogen Plant,Compressor,Anode Dewpoint
2024-08-06 14:42:00+00:00,251.35177447175508,Seasonal_Storage_System,Hydrogen Plant,Electrolyser,Downstream Temperature
2024-08-06 14:43:00+00:00,251.21185360068995,Seasonal_Storage_System,Hydrogen Plant,Electrolyser,Downstream Temperature
2024-08-06 14:44:00+00:00,251.4262212160414,Seasonal_Storage_System,Hydrogen Plant,Compressor,Anode Dewpoint
2024-08-06 14:45:00+00:00,251.3789663648124,Seasonal_Storage_System,Hydrogen Plant,Electrolyser,Downstream Temperature
2024-08-06 14:46:00+00:00,251.46053126347562,Seasonal_Storage_System,Hydrogen Plant,Compressor,Anode Dewpoint
2024-08-06 14:47:00+00:00,251.53104484691679,Seasonal_Storage_System,Hydrogen Plant,Electrolyser,Downstream Temperature
2024-08-06 14:48:00+00:00,251.36170612332904,Seasonal_Storage_System,Hydrogen Plant,Electrolyser,Downstream Temperature
2024-08-06 14:49:00+00:00,251.11843423889607,Seasonal_Storage_System,Hydrogen Plant,Electrolyser,Downstream Temperature
2024-08-06 14:50:00+00:00,250.97713303147907,Seasonal_Storage_System,Hydrogen Plant,Compressor,Anode Dewpoint
2024-08-06 14:51:00+00:00,250.52478605874617,Seasonal_Storage_System,Hydrogen Plant,Electrolyser,Downstream Temperature
2024-08-06 14:52:00+00:00,251.1820774040535,Seasonal_Storage_System,Ventilation,Ventilation 1,Emergency Ventilation 1 Control Signal
2024-08-06 14:53:00+00:00,252.70842971626598,Seasonal_Storage_System,Ventilation,Ventilation 1,Emergency Ventilation 1 Control Signal
2024-08-06 14:54:00+00:00,251.3990569210867,Seasonal_Storage_System,Heat Management,Indoor Convector,Indoor Convector Feed Temperature
2024-08-06 14:55:00+00:00,250.84540922811556,Seasonal_Storage_System,Heat Management,Indoor Convector,Indoor Convector Feed Temperature
2024-08-06 14:56:00+00:00,250.83645385942216,Seasonal_Storage_System,Heat Management,Indoor Convector,Indoor Convector Feed Temperature
2024-08-06 14:57:00+00:00,250.18591009055626,Seasonal_Storage_System,Heat Management,Indoor Convector,Indoor Convector Feed Temperature
2024-08-06 14:58:00+00:00,249.3388827080638,Seasonal_Storage_System,Heat Management,Indoor Convector,Indoor Convector Feed Temperature
2024-08-06 14:59:00+00:00,250.58469340232858,Seasonal_Storage_System,Heat Management,Indoor Convector,Indoor Convector Feed Temperature
2024-08-06 15:00:00+00:00,250.5212929071804,Seasonal_Storage_System,Heat Management,Indoor Convector,Indoor Convector Feed Temperature
2024-08-06 15:01:00+00:00,250.94756640793446,Seasonal_Storage_System,Hydrogen Plant,Compressor,Anode Dewpoint
2024-08-06 15:02:00+00:00,250.8596802501078,Seasonal_Storage_System,Hydrogen Plant,Electrolyser,Downstream Temperature
2024-08-06 15:03:00+00:00,250.68526433807676,Seasonal_Storage_System,Hydrogen Plant,Electrolyser,Downstream Temperature
2024-08-06 15:04:00+00:00,250.57290081931868,Seasonal_Storage_System,Hydrogen Plant,Electrolyser,Downstream Temperature
2024-08-06 15:05:00+00:00,250.6423400172488,Seasonal_Storage_System,Hydrogen Plant,Compressor,Anode Dewpoint
2024-08-06 15:06:00+00:00,250.51362376024147,Seasonal_Storage_System,Heat Management,Indoor Convector,Indoor Convector Feed Temperature
2024-08-06 15:07:00+00:00,250.67174277705908,Seasonal_Storage_System,Heat Management,Indoor Convector,Indoor Convector Feed Temperature
2024-08-06 15:08:00+00:00,250.61460823630878,Seasonal_Storage_System,Heat Management,Indoor Convector,Indoor Convector Feed Temperature
2024-08-06 15:09:00+00:00,251.04070569210867,Seasonal_Storage_System,Heat Management,Indoor Convector,Indoor Convector Feed Temperature
2024-08-06 15:10:00+00:00,249.5284900819319,Seasonal_Storage_System,Heat Management,Indoor Convector,Indoor Convector Feed Temperature
2024-08-06 15:11:00+00:00,250.83839564467445,Seasonal_Storage_System,Heat Management,Indoor Convector,Indoor Convector Feed Temperature
2024-08-06 15:12:00+00:00,251.76210629581715,Seasonal_Storage_System,Heat Management,Indoor Convector,Indoor Convector Feed Temperature
2024-08-06 15:13:00+00:00,251.86725970664364,Seasonal_Storage_System,Heat Management,Indoor Convector,Indoor Convector Feed Temperature
2024-08-06 15:14:00+00:00,251.63544617067836,Seasonal_Storage_System,User Control,Mode Selector,Mode Selector Battery
2024-08-06 15:15:00+00:00,251.8251420552677,Seasonal_Storage_System,Hydrogen Plant,Compressor,Anode Dewpoint
2024-08-06 15:16:00+00:00,251.35659249676584,Seasonal_Storage_System,Ventilation,Ventilation 1,Emergency Ventilation 1 Control Signal
2024-08-06 15:17:00+00:00,250.65263087537733,Seasonal_Storage_System,Ventilation,Ventilation 1,Emergency Ventilation 1 Control Signal
2024-08-06 15:18:00+00:00,249.69437882708067,Seasonal_Storage_System,Ventilation,Ventilation 1,Emergency Ventilation 1 Control Signal
2024-08-06 15:19:00+00:00,250.72896830530402,Seasonal_Storage_System,Ventilation,Ventilation 1,Emergency Ventilation 1 Control Signal
2024-08-06 15:20:00+00:00,250.6166498490729,Seasonal_Storage_System,Ventilation,Ventilation 1,Emergency Ventilation 1 Control Signal
2024-08-06 15:21:00+00:00,250.9236608451919,Seasonal_Storage_System,Ventilation,Ventilation 1,Emergency Ventilation 1 Control Signal
2024-08-06 15:22:00+00:00,251.1023949978439,Seasonal_Storage_System,Ventilation,Ventilation 1,Emergency Ventilation 1 Control Signal
2024-08-06 15:23:00+00:00,251.2958391548081,Seasonal_Storage_System,Ventilation,Ventilation 1,Emergency Ventilation 1 Control Signal
2024-08-06 15:24:00+00:00,250.6748778458844,Seasonal_Storage_System,Ventilation,Ventilation 1,Emergency Ventilation 1 Control Signal
2024-08-06 15:25:00+00:00,249.66973717119447,Seasonal_Storage_System,Hydrogen Plant,Electrolyser,Downstream Temperature
2024-08-06 15:26:00+00:00,248.32875485122895,Seasonal_Storage_System,Hydrogen Plant,Electrolyser,Downstream Temperature
2024-08-06 15:27:00+00:00,249.53228072445023,Seasonal_Storage_System,Hydrogen Plant,Electrolyser,Downstream Temperature
2024-08-06 15:28:00+00:00,248.6566338939198,Seasonal_Storage_System,Ventilation,Ventilation 1,Emergency Ventilation 1 Control Signal
2024-08-06 15:29:00+00:00,249.06390771884435,Seasonal_Storage_System,Ventilation,Ventilation 1,Emergency Ventilation 1 Control Signal
2024-08-06 15:30:00+00:00,248.99007222940924,Seasonal_Storage_System,Ventilation,Ventilation 1,Emergency Ventilation 1 Control Signal
2024-08-06 15:31:00+00:00,249.51997003018545,Seasonal_Storage_System,Ventilation,Ventilation 1,Emergency Ventilation 1 Control Signal
2024-08-06 15:32:00+00:00,249.1258410683012,Seasonal_Storage_System,Ventilation,Ventilation 1,Emergency Ventilation 1 Control Signal
2024-08-06 15:33:00+00:00,250.22453406640793,Seasonal_Storage_System,Hydrogen Plant,Electrolyser,Downstream Temperature
2024-08-06 15:34:00+00:00,250.31586869340234,Seasonal_Storage_System,Hydrogen Plant,Compressor,Anode Dewpoint
2024-08-06 15:35:00+00:00,250.15662246658044,Seasonal_Storage_System,Hydrogen Plant,Electrolyser,Downstream Temperature
2024-08-06 15:36:00+00:00,248.58417787839585,Seasonal_Storage_System,Hydrogen Plant,Compressor,Anode Dewpoint
2024-08-06 15:37:00+00:00,248.0503065976714,Seasonal_Storage_System,Hydrogen Plant,Compressor,Anode Dewpoint
2024-08-06 15:38:00+00:00,247.09631371280724,Seasonal_Storage_System,Hydrogen Plant,Electrolyser,Downstream Temperature
2024-08-06 15:39:00+00:00,247.42804139715395,Seasonal_Storage_System,Hydrogen Plant,Compressor,Anode Dewpoint
2024-08-06 15:40:00+00:00,246.7113507977577,Seasonal_Storage_System,Hydrogen Plant,Electrolyser,Downstream Temperature
2024-08-06 15:41:00+00:00,247.8133697714532,Seasonal_Storage_System,Hydrogen Plant,Electrolyser,Downstream Temperature
2024-08-06 15:42:00+00:00,248.4579346777729,Seasonal_Storage_System,Hydrogen Plant,Electrolyser,Downstream Temperature
2024-08-06 15:43:00+00:00,248.41788939197932,Seasonal_Storage_System,Ventilation,Ventilation 1,Emergency Ventilation 1 Control Signal
2024-08-06 15:44:00+00:00,248.0418139284174,Seasonal_Storage_System,Ventilation,Ventilation 1,Emergency Ventilation 1 Control Signal
2024-08-06 15:45:00+00:00,248.57109120310477,Seasonal_Storage_System,Ventilation,Ventilation 1,Emergency Ventilation 1 Control Signal
2024-08-06 15:46:00+00:00,249.34700323415268,Seasonal_Storage_System,Ventilation,Ventilation 1,Emergency Ventilation 1 Control Signal
2024-08-06 15:47:00+00:00,247.99399698145754,Seasonal_Storage_System,Ventilation,Ventilation 1,Emergency Ventilation 1 Control Signal
2024-08-06 15:48:00+00:00,232.38090017248814,Seasonal_Storage_System,Hydrogen Plant,Compressor,Anode Dewpoint
2024-08-06 15:49:00+00:00,215.2712897800776,Seasonal_Storage_System,Hydrogen Plant,Compressor,Anode Dewpoint
2024-08-06 15:50:00+00:00,249.98660651142734,Seasonal_Storage_System,Ventilation,Ventilation 1,Emergency Ventilation 1 Control Signal
2024-08-06 15:51:00+00:00,228.9405075463562,Seasonal_Storage_System,Ventilation,Ventilation 1,Emergency Ventilation 1 Control Signal
2024-08-06 15:52:00+00:00,247.40126855047453,Seasonal_Storage_System,Ventilation,Ventilation 1,Emergency Ventilation 1 Control Signal
2024-08-06 15:53:00+00:00,259.9791831509847,Seasonal_Storage_System,User Control,Mode Selector,Mode Selector Battery
2024-08-06 15:54:00+00:00,267.7609721862872,Seasonal_Storage_System,Hydrogen Plant,Compressor,Anode Dewpoint
2024-08-06 15:55:00+00:00,267.07350948684774,Seasonal_Storage_System,Hydrogen Plant,Electrolyser,Downstream Temperature
2024-08-06 15:56:00+00:00,245.0529898663217,Seasonal_Storage_System,Hydrogen Plant,Electrolyser,Downstream Temperature
2024-08-06 15:57:00+00:00,247.2786653730056,Seasonal_Storage_System,Hydrogen Plant,Electrolyser,Downstream Temperature
2024-08-06 15:58:00+00:00,239.32342000862442,Seasonal_Storage_System,Hydrogen Plant,Compressor,Anode Dewpoint
2024-08-06 15:59:00+00:00,226.36348490728764,Seasonal_Storage_System,Hydrogen Plant,Electrolyser,Downstream Temperature
2024-08-06 16:00:00+00:00,217.57317701595517,Seasonal_Storage_System,Hydrogen Plant,Electrolyser,Downstream Temperature
2024-08-06 16:01:00+00:00,207.72580810694265,Seasonal_Storage_System,Hydrogen Plant,Compressor,Anode Dewpoint
2024-08-06 16:02:00+00:00,207.3998351576182,Seasonal_Storage_System,Electrical System,Electrolyser Energy Meter,Active Power
2024-08-06 16:03:00+00:00,213.33507589478225,Seasonal_Storage_System,Hydrogen Plant,Electrolyser,Downstream Temperature
2024-08-06 16:04:00+00:00,218.22175700733075,Seasonal_Storage_System,Hydrogen Plant,Electrolyser,Downstream Temperature
2024-08-06 16:05:00+00:00,225.31503859422165,Seasonal_Storage_System,Hydrogen Plant,Electrolyser,Downstream Temperature
2024-08-06 16:06:00+00:00,231.72619771453213,Seasonal_Storage_System,Hydrogen Plant,Compressor,Anode Dewpoint
2024-08-06 16:07:00+00:00,223.74653579128935,Seasonal_Storage_System,Hydrogen Plant,Electrolyser,Downstream Temperature
2024-08-06 16:08:00+00:00,221.37977339370417,Seasonal_Storage_System,Hydrogen Plant,Compressor,Anode Dewpoint
2024-08-06 16:09:00+00:00,215.82012230371012,Seasonal_Storage_System,Hydrogen Plant,Electrolyser,Downstream Temperature
2024-08-06 16:10:00+00:00,206.93325065731815,Seasonal_Storage_System,User Control,Mode Selector,Mode Selector Battery
2024-08-06 16:11:00+00:00,211.26175528244931,Seasonal_Storage_System,Ventilation,Ventilation 1,Emergency Ventilation 1 Control Signal
2024-08-06 16:12:00+00:00,215.95056058645966,Seasonal_Storage_System,Ventilation,Ventilation 1,Emergency Ventilation 1 Control Signal
2024-08-06 16:13:00+00:00,213.94050258732213,Seasonal_Storage_System,Ventilation,Ventilation 1,Emergency Ventilation 1 Control Signal
2024-08-06 16:14:00+00:00,215.5048551099612,Seasonal_Storage_System,Ventilation,Ventilation 1,Emergency Ventilation 1 Control Signal
2024-08-06 16:15:00+00:00,213.07699266925397,Seasonal_Storage_System,Ventilation,Ventilation 1,Emergency Ventilation 1 Control Signal
2024-08-06 16:16:00+00:00,214.04093919793016,Seasonal_Storage_System,Ventilation,Ventilation 1,Emergency Ventilation 1 Control Signal
2024-08-06 16:17:00+00:00,223.3134214858133,Seasonal_Storage_System,Ventilation,Ventilation 1,Emergency Ventilation 1 Control Signal
2024-08-06 16:18:00+00:00,225.13493737895416,Seasonal_Storage_System,Heat Management,Indoor Convector,Indoor Convector Feed Temperature
2024-08-06 16:19:00+00:00,228.47214668394903,Seasonal_Storage_System,Heat Management,Heat Buffer,Heat Buffer Bottom Temperature
2024-08-06 16:20:00+00:00,239.32013518758086,Seasonal_Storage_System,Heat Management,Indoor Convector,Indoor Convector Feed Temperature
2024-08-06 16:21:00+00:00,255.64517162570075,Seasonal_Storage_System,Heat Management,Indoor Convector,Indoor Convector Feed Temperature
2024-08-06 16:22:00+00:00,265.43987947391116,Seasonal_Storage_System,Heat Management,Indoor Convector,Indoor Convector Feed Temperature
2024-08-06 16:23:00+00:00,257.4735810694265,Seasonal_Storage_System,Heat Management,Indoor Convector,Indoor Convector Feed Temperature
2024-08-06 16:24:00+00:00,253.96143936077058,Seasonal_Storage_System,Heat Management,Indoor Convector,Indoor Convector Feed Temperature
2024-08-06 16:25:00+00:00,244.94209163432515,Seasonal_Storage_System,Hydrogen Plant,Electrolyser,Downstream Temperature
2024-08-06 16:26:00+00:00,247.1721959896507,Seasonal_Storage_System,Heat Management,Indoor Convector,Indoor Convector Feed Temperature
2024-08-06 16:27:00+00:00,258.0791218197499,Seasonal_Storage_System,Heat Management,Indoor Convector,Indoor Convector Feed Temperature
2024-08-06 16:28:00+00:00,266.3758040103493,Seasonal_Storage_System,Heat Management,Indoor Convector,Indoor Convector Feed Temperature
2024-08-06 16:29:00+00:00,266.16350991806814,Seasonal_Storage_System,Heat Management,Indoor Convector,Indoor Convector Feed Temperature
2024-08-06 16:30:00+00:00,271.5685651142734,Seasonal_Storage_System,Heat Management,Indoor Convector,Indoor Convector Feed Temperature
2024-08-06 16:31:00+00:00,273.92044286330315,Seasonal_Storage_System,Heat Management,Indoor Convector,Indoor Convector Feed Temperature
2024-08-06 16:32:00+00:00,271.8028893919793,Seasonal_Storage_System,Heat Management,Indoor Convector,Indoor Convector Feed Temperature
2024-08-06 16:33:00+00:00,266.52285381630014,Seasonal_Storage_System,Hydrogen Plant,Electrolyser,Downstream Temperature
2024-08-06 16:34:00+00:00,269.8682973264338,Seasonal_Storage_System,Heat Management,Indoor Convector,Indoor Convector Feed Temperature
2024-08-06 16:35:00+00:00,263.13978094006035,Seasonal_Storage_System,Heat Management,Indoor Convector,Indoor Convector Feed Temperature
2024-08-06 16:36:00+00:00,256.83083139284173,Seasonal_Storage_System,Heat Management,Indoor Convector,Indoor Convector Feed Temperature
2024-08-06 16:37:00+00:00,252.07766177758322,Seasonal_Storage_System,Heat Management,Indoor Convector,Indoor Convector Feed Temperature
2024-08-06 16:38:00+00:00,245.98454420008628,Seasonal_Storage_System,Hydrogen Plant,Compressor,Anode Dewpoint
2024-08-06 16:39:00+00:00,242.53378094006035,Seasonal_Storage_System,Hydrogen Plant,Compressor,Anode Dewpoint
2024-08-06 16:40:00+00:00,243.85179948253557,Seasonal_Storage_System,Hydrogen Plant,Electrolyser,Downstream Temperature
2024-08-06 16:41:00+00:00,247.32846226821908,Seasonal_Storage_System,Hydrogen Plant,Electrolyser,Downstream Temperature
2024-08-06 16:42:00+00:00,251.2409467442863,Seasonal_Storage_System,Hydrogen Plant,Electrolyser,Downstream Temperature
2024-08-06 16:43:00+00:00,253.83832621819747,Seasonal_Storage_System,Hydrogen Plant,Electrolyser,Downstream Temperature
2024-08-06 16:44:00+00:00,257.7651785252264,Seasonal_Storage_System,Hydrogen Plant,Electrolyser,Downstream Temperature
2024-08-06 16:45:00+00:00,253.06262591634325,Seasonal_Storage_System,Hydrogen Plant,Electrolyser,Downstream Temperature
2024-08-06 16:46:00+00:00,246.58226057858374,Seasonal_Storage_System,Hydrogen Plant,Compressor,Anode Dewpoint
2024-08-06 16:47:00+00:00,245.47041979301423,Seasonal_Storage_System,Ventilation,Ventilation 1,Emergency Ventilation 1 Control Signal
2024-08-06 16:48:00+00:00,253.00727554980594,Seasonal_Storage_System,Ventilation,Ventilation 1,Emergency Ventilation 1 Control Signal
2024-08-06 16:49:00+00:00,246.41819220665496,Seasonal_Storage_System,Ventilation,Ventilation 1,Emergency Ventilation 1 Control Signal
2024-08-06 16:50:00+00:00,248.7188540319103,Seasonal_Storage_System,Hydrogen Plant,Compressor,Anode Dewpoint
2024-08-06 16:51:00+00:00,228.44522445019402,Seasonal_Storage_System,Hydrogen Plant,Electrolyser,Downstream Temperature
2024-08-06 16:52:00+00:00,227.45803730056062,Seasonal_Storage_System,Hydrogen Plant,Compressor,Anode Dewpoint
2024-08-06 16:53:00+00:00,224.11991526520052,Seasonal_Storage_System,Hydrogen Plant,Compressor,Anode Dewpoint
2024-08-06 16:54:00+00:00,228.00285920655455,Seasonal_Storage_System,Hydrogen Plant,Electrolyser,Downstream Temperature
2024-08-06 16:55:00+00:00,234.06574967658472,Seasonal_Storage_System,Hydrogen Plant,Compressor,Anode Dewpoint
2024-08-06 16:56:00+00:00,244.78454441569642,Seasonal_Storage_System,Hydrogen Plant,Electrolyser,Downstream Temperature
2024-08-06 16:57:00+00:00,239.50589154808105,Seasonal_Storage_System,Hydrogen Plant,Electrolyser,Downstream Temperature
2024-08-06 16:58:00+00:00,226.9118251401466,Seasonal_Storage_System,Ventilation,Ventilation 1,Emergency Ventilation 1 Control Signal
2024-08-06 16:59:00+00:00,229.7189118154377,Seasonal_Storage_System,Ventilation,Ventilation 1,Emergency Ventilation 1 Control Signal
2024-08-06 17:00:00+00:00,228.47282809451548,Seasonal_Storage_System,Ventilation,Ventilation 1,Emergency Ventilation 1 Control Signal
2024-08-06 17:01:00+00:00,228.5692617025909,Seasonal_Storage_System,Electrical System,Electrolyser Energy Meter,Active Power
2024-08-06 17:02:00+00:00,226.42559724018972,Seasonal_Storage_System,Hydrogen Plant,Electrolyser,Downstream Temperature
2024-08-06 17:03:00+00:00,225.76272358775333,Seasonal_Storage_System,Hydrogen Plant,Electrolyser,Downstream Temperature
2024-08-06 17:04:00+00:00,235.4111998706339,Seasonal_Storage_System,Hydrogen Plant,Electrolyser,Downstream Temperature
2024-08-06 17:05:00+00:00,229.92072423458384,Seasonal_Storage_System,Hydrogen Plant,Compressor,Anode Dewpoint
2024-08-06 17:06:00+00:00,218.30377705907716,Seasonal_Storage_System,Hydrogen Plant,Electrolyser,Downstream Temperature
2024-08-06 17:07:00+00:00,221.5551276412247,Seasonal_Storage_System,Hydrogen Plant,Electrolyser,Downstream Temperature
2024-08-06 17:08:00+00:00,231.79386394997846,Seasonal_Storage_System,Hydrogen Plant,Electrolyser,Downstream Temperature
2024-08-06 17:09:00+00:00,221.6176142733937,Seasonal_Storage_System,Hydrogen Plant,Electrolyser,Downstream Temperature
2024-08-06 17:10:00+00:00,209.53388033635187,Seasonal_Storage_System,Hydrogen Plant,Electrolyser,Downstream Temperature
2024-08-06 17:11:00+00:00,210.60634842604568,Seasonal_Storage_System,Hydrogen Plant,Electrolyser,Downstream Temperature
2024-08-06 17:12:00+00:00,220.48882514014662,Seasonal_Storage_System,Hydrogen Plant,Compressor,Anode Dewpoint
2024-08-06 17:13:00+00:00,208.9233047285464,Seasonal_Storage_System,Hydrogen Plant,Electrolyser,Downstream Temperature
2024-08-06 17:14:00+00:00,199.71063669685208,Seasonal_Storage_System,Hydrogen Plant,Electrolyser,Downstream Temperature
2024-08-06 17:15:00+00:00,206.18313906856403,Seasonal_Storage_System,Hydrogen Plant,Electrolyser,Downstream Temperature
2024-08-06 17:16:00+00:00,188.43454727979275,Seasonal_Storage_System,Hydrogen Plant,Compressor,Anode Dewpoint
2024-08-06 17:17:00+00:00,194.11707567917205,Seasonal_Storage_System,Ventilation,Ventilation 1,Emergency Ventilation 1 Control Signal
2024-08-06 17:18:00+00:00,209.43542345838722,Seasonal_Storage_System,Ventilation,Ventilation 1,Emergency Ventilation 1 Control Signal
2024-08-06 17:19:00+00:00,218.59168197498923,Seasonal_Storage_System,Ventilation,Ventilation 1,Emergency Ventilation 1 Control Signal
2024-08-06 17:20:00+00:00,222.2118253557568,Seasonal_Storage_System,Ventilation,Ventilation 1,Emergency Ventilation 1 Control Signal
2024-08-06 17:21:00+00:00,229.21170827943078,Seasonal_Storage_System,Ventilation,Ventilation 1,Emergency Ventilation 1 Control Signal
2024-08-06 17:22:00+00:00,221.0643775334196,Seasonal_Storage_System,Ventilation,Ventilation 1,Emergency Ventilation 1 Control Signal
2024-08-06 17:23:00+00:00,210.0971587127846,Seasonal_Storage_System,Ventilation,Ventilation 1,Emergency Ventilation 1 Control Signal
2024-08-06 17:24:00+00:00,216.17325312634756,Seasonal_Storage_System,Hydrogen Plant,Compressor,Anode Dewpoint
2024-08-06 17:25:00+00:00,224.0676962052609,Seasonal_Storage_System,Hydrogen Plant,Electrolyser,Downstream Temperature
2024-08-06 17:26:00+00:00,231.63825204829666,Seasonal_Storage_System,Hydrogen Plant,Electrolyser,Downstream Temperature
2024-08-06 17:27:00+00:00,233.6186791720569,Seasonal_Storage_System,Hydrogen Plant,Electrolyser,Downstream Temperature
2024-08-06 17:28:00+00:00,232.6594031910306,Seasonal_Storage_System,Hydrogen Plant,Electrolyser,Downstream Temperature
2024-08-06 17:29:00+00:00,232.24859249676587,Seasonal_Storage_System,Hydrogen Plant,Compressor,Anode Dewpoint
2024-08-06 17:30:00+00:00,224.2321526520052,Seasonal_Storage_System,Hydrogen Plant,Electrolyser,Downstream Temperature
2024-08-06 17:31:00+00:00,202.66707522219812,Seasonal_Storage_System,Hydrogen Plant,Electrolyser,Downstream Temperature
2024-08-06 17:32:00+00:00,228.9987282821685,Seasonal_Storage_System,Electrical System,Electrolyser Energy Meter,Active Power
2024-08-06 17:33:00+00:00,230.17501444588183,Seasonal_Storage_System,Hydrogen Plant,Electrolyser,Downstream Temperature
2024-08-06 17:34:00+00:00,219.4689553686934,Seasonal_Storage_System,Hydrogen Plant,Compressor,Anode Dewpoint
2024-08-06 17:35:00+00:00,215.7434469598965,Seasonal_Storage_System,Hydrogen Plant,Electrolyser,Downstream Temperature
2024-08-06 17:36:00+00:00,214.17600150927126,Seasonal_Storage_System,Hydrogen Plant,Electrolyser,Downstream Temperature
2024-08-06 17:37:00+00:00,205.0099320827943,Seasonal_Storage_System,Hydrogen Plant,Compressor,Anode Dewpoint
2024-08-06 17:38:00+00:00,199.08193941354034,Seasonal_Storage_System,Hydrogen Plant,Compressor,Anode Dewpoint
2024-08-06 17:39:00+00:00,203.38658638629957,Seasonal_Storage_System,Hydrogen Plant,Electrolyser,Downstream Temperature
2024-08-06 17:40:00+00:00,212.97569388199435,Seasonal_Storage_System,Electrical System,Electrolyser Energy Meter,Active Power
2024-08-06 17:41:00+00:00,218.56304678740835,Seasonal_Storage_System,Hydrogen Plant,Compressor,Anode Dewpoint
2024-08-06 17:42:00+00:00,212.11804786545923,Seasonal_Storage_System,Hydrogen Plant,Electrolyser,Downstream Temperature
2024-08-06 17:43:00+00:00,203.2939407072014,Seasonal_Storage_System,Hydrogen Plant,Compressor,Anode Dewpoint
2024-08-06 17:44:00+00:00,206.45480526770294,Seasonal_Storage_System,Hydrogen Plant,Compressor,Anode Dewpoint
2024-08-06 17:45:00+00:00,203.96161384217334,Seasonal_Storage_System,Ventilation,Ventilation 1,Emergency Ventilation 1 Control Signal
2024-08-06 17:46:00+00:00,199.13208430357912,Seasonal_Storage_System,Ventilation,Ventilation 1,Emergency Ventilation 1 Control Signal
2024-08-06 17:47:00+00:00,192.2150513152221,Seasonal_Storage_System,Ventilation,Ventilation 1,Emergency Ventilation 1 Control Signal
2024-08-06 17:48:00+00:00,196.99694566623546,Seasonal_Storage_System,Ventilation,Ventilation 1,Emergency Ventilation 1 Control Signal
2024-08-06 17:49:00+00:00,207.106684131091,Seasonal_Storage_System,Ventilation,Ventilation 1,Emergency Ventilation 1 Control Signal
2024-08-06 17:50:00+00:00,211.650692838654,Seasonal_Storage_System,Ventilation,Ventilation 1,Emergency Ventilation 1 Control Signal
2024-08-06 17:51:00+00:00,208.66587067833697,Seasonal_Storage_System,User Control,Mode Selector,Mode Selector Battery
2024-08-06 17:52:00+00:00,204.37941073738682,Seasonal_Storage_System,Hydrogen Plant,Compressor,Anode Dewpoint
2024-08-06 17:53:00+00:00,210.08706576110393,Seasonal_Storage_System,Hydrogen Plant,Electrolyser,Downstream Temperature
2024-08-06 17:54:00+00:00,207.51898835705046,Seasonal_Storage_System,Hydrogen Plant,Electrolyser,Downstream Temperature
2024-08-06 17:55:00+00:00,206.8061998706339,Seasonal_Storage_System,Hydrogen Plant,Compressor,Anode Dewpoint
2024-08-06 17:56:00+00:00,187.45684260457094,Seasonal_Storage_System,Hydrogen Plant,Compressor,Anode Dewpoint
2024-08-06 17:57:00+00:00,191.91522811556706,Seasonal_Storage_System,Hydrogen Plant,Compressor,Anode Dewpoint
2024-08-06 17:58:00+00:00,193.2431373436826,Seasonal_Storage_System,Hydrogen Plant,Compressor,Anode Dewpoint
2024-08-06 17:59:00+00:00,193.2495689952566,Seasonal_Storage_System,Hydrogen Plant,Electrolyser,Downstream Temperature
2024-08-06 18:00:00+00:00,195.32651617076326,Seasonal_Storage_System,Hydrogen Plant,Electrolyser,Downstream Temperature
2024-08-06 18:01:00+00:00,189.75996484037964,Seasonal_Storage_System,Hydrogen Plant,Electrolyser,Downstream Temperature
2024-08-06 18:02:00+00:00,184.43666958424507,Seasonal_Storage_System,User Control,Mode Selector,Mode Selector Battery
2024-08-06 18:03:00+00:00,184.8126729193618,Seasonal_Storage_System,Hydrogen Plant,Compressor,Anode Dewpoint
2024-08-06 18:04:00+00:00,187.61489176369125,Seasonal_Storage_System,Hydrogen Plant,Electrolyser,Downstream Temperature
2024-08-06 18:05:00+00:00,187.58379667960327,Seasonal_Storage_System,Hydrogen Plant,Compressor,Anode Dewpoint
2024-08-06 18:06:00+00:00,184.64027533419576,Seasonal_Storage_System,Hydrogen Plant,Compressor,Anode Dewpoint
2024-08-06 18:07:00+00:00,180.91849590340667,Seasonal_Storage_System,Hydrogen Plant,Electrolyser,Downstream Temperature
2024-08-06 18:08:00+00:00,174.1141151358344,Seasonal_Storage_System,Hydrogen Plant,Electrolyser,Downstream Temperature
2024-08-06 18:09:00+00:00,168.23496075894784,Seasonal_Storage_System,Hydrogen Plant,Electrolyser,Downstream Temperature
2024-08-06 18:10:00+00:00,161.44492152612182,Seasonal_Storage_System,Hydrogen Plant,Compressor,Anode Dewpoint
2024-08-06 18:11:00+00:00,158.22989295836058,Seasonal_Storage_System,Electrical System,Electrolyser Energy Meter,Active Power
2024-08-06 18:12:00+00:00,156.29400409659337,Seasonal_Storage_System,Ventilation,Ventilation 1,Emergency Ventilation 1 Control Signal
2024-08-06 18:13:00+00:00,150.66165976714103,Seasonal_Storage_System,Ventilation,Ventilation 1,Emergency Ventilation 1 Control Signal
2024-08-06 18:14:00+00:00,148.90664079344546,Seasonal_Storage_System,Ventilation,Ventilation 1,Emergency Ventilation 1 Control Signal
2024-08-06 18:15:00+00:00,148.49938723587752,Seasonal_Storage_System,Ventilation,Ventilation 1,Emergency Ventilation 1 Control Signal
2024-08-06 18:16:00+00:00,146.63846593359204,Seasonal_Storage_System,Ventilation,Ventilation 1,Emergency Ventilation 1 Control Signal
2024-08-06 18:17:00+00:00,144.99162289780077,Seasonal_Storage_System,Ventilation,Ventilation 1,Emergency Ventilation 1 Control Signal
2024-08-06 18:18:00+00:00,144.16005433376458,Seasonal_Storage_System,Ventilation,Ventilation 1,Emergency Ventilation 1 Control Signal
2024-08-06 18:19:00+00:00,144.45425420439844,Seasonal_Storage_System,Ventilation,Ventilation 1,Emergency Ventilation 1 Control Signal
2024-08-06 18:20:00+00:00,141.1440129366106,Seasonal_Storage_System,Ventilation,Ventilation 1,Emergency Ventilation 1 Control Signal
2024-08-06 18:21:00+00:00,139.6581897369556,Seasonal_Storage_System,Ventilation,Ventilation 1,Emergency Ventilation 1 Control Signal
2024-08-06 18:22:00+00:00,138.86090146614922,Seasonal_Storage_System,Ventilation,Ventilation 1,Emergency Ventilation 1 Control Signal
2024-08-06 18:23:00+00:00,137.58517852522638,Seasonal_Storage_System,Ventilation,Ventilation 1,Emergency Ventilation 1 Control Signal
2024-08-06 18:24:00+00:00,134.06577342381786,Seasonal_Storage_System,Ventilation,Ventilation 1,Emergency Ventilation 1 Control Signal
2024-08-06 18:25:00+00:00,134.19576735661923,Seasonal_Storage_System,Hydrogen Plant,Electrolyser,Downstream Temperature
2024-08-06 18:26:00+00:00,133.80134821043555,Seasonal_Storage_System,Hydrogen Plant,Electrolyser,Downstream Temperature
2024-08-06 18:27:00+00:00,133.1574553686934,Seasonal_Storage_System,Hydrogen Plant,Electrolyser,Downstream Temperature
2024-08-06 18:28:00+00:00,129.62938638353765,Seasonal_Storage_System,Hydrogen Plant,Compressor,Anode Dewpoint
2024-08-06 18:29:00+00:00,129.08072056921085,Seasonal_Storage_System,Hydrogen Plant,Electrolyser,Downstream Temperature
2024-08-06 18:30:00+00:00,128.45677749029753,Seasonal_Storage_System,Hydrogen Plant,Electrolyser,Downstream Temperature
2024-08-06 18:31:00+00:00,128.19405260888314,Seasonal_Storage_System,Hydrogen Plant,Electrolyser,Downstream Temperature
2024-08-06 18:32:00+00:00,124.66792324277705,Seasonal_Storage_System,Hydrogen Plant,Electrolyser,Downstream Temperature
2024-08-06 18:33:00+00:00,124.18880789133247,Seasonal_Storage_System,Hydrogen Plant,Compressor,Anode Dewpoint
2024-08-06 18:34:00+00:00,123.60127533419576,Seasonal_Storage_System,Hydrogen Plant,Electrolyser,Downstream Temperature
2024-08-06 18:35:00+00:00,123.08211836998706,Seasonal_Storage_System,Hydrogen Plant,Electrolyser,Downstream Temperature
2024-08-06 18:36:00+00:00,120.81245321259165,Seasonal_Storage_System,Hydrogen Plant,Electrolyser,Downstream Temperature
2024-08-06 18:37:00+00:00,119.58588788270806,Seasonal_Storage_System,Hydrogen Plant,Electrolyser,Downstream Temperature
2024-08-06 18:38:00+00:00,118.97546205260888,Seasonal_Storage_System,Hydrogen Plant,Electrolyser,Downstream Temperature
2024-08-06 18:39:00+00:00,119.51540944372576,Seasonal_Storage_System,Hydrogen Plant,Electrolyser,Downstream Temperature
2024-08-06 18:40:00+00:00,118.58172250970246,Seasonal_Storage_System,Hydrogen Plant,Electrolyser,Downstream Temperature
2024-08-06 18:41:00+00:00,115.50759292798621,Seasonal_Storage_System,Hydrogen Plant,Electrolyser,Downstream Temperature
2024-08-06 18:42:00+00:00,114.61169260784739,Seasonal_Storage_System,Hydrogen Plant,Electrolyser,Downstream Temperature
2024-08-06 18:43:00+00:00,114.8213895792457,Seasonal_Storage_System,Electrical System,Compressor Energy Meter,Active Power
2024-08-06 18:44:00+00:00,114.45522337214317,Seasonal_Storage_System,Ventilation,Ventilation 1,Emergency Ventilation 1 Control Signal
2024-08-06 18:45:00+00:00,114.29887408365674,Seasonal_Storage_System,Ventilation,Ventilation 1,Emergency Ventilation 1 Control Signal
2024-08-06 18:46:00+00:00,113.85146463993101,Seasonal_Storage_System,Ventilation,Ventilation 1,Emergency Ventilation 1 Control Signal
2024-08-06 18:47:00+00:00,113.3632015955153,Seasonal_Storage_System,Ventilation,Ventilation 1,Emergency Ventilation 1 Control Signal
2024-08-06 18:48:00+00:00,113.05602565761103,Seasonal_Storage_System,Ventilation,Ventilation 1,Emergency Ventilation 1 Control Signal
2024-08-06 18:49:00+00:00,112.55047067701595,Seasonal_Storage_System,Ventilation,Ventilation 1,Emergency Ventilation 1 Control Signal
2024-08-06 18:50:00+00:00,112.13797283311773,Seasonal_Storage_System,Ventilation,Ventilation 1,Emergency Ventilation 1 Control Signal
2024-08-06 18:51:00+00:00,111.79622250970246,Seasonal_Storage_System,Ventilation,Ventilation 1,Emergency Ventilation 1 Control Signal
2024-08-06 18:52:00+00:00,111.33641397153946,Seasonal_Storage_System,Ventilation,Ventilation 1,Emergency Ventilation 1 Control Signal
2024-08-06 18:53:00+00:00,111.21122552824492,Seasonal_Storage_System,Ventilation,Ventilation 1,Emergency Ventilation 1 Control Signal
2024-08-06 18:54:00+00:00,110.95963087537731,Seasonal_Storage_System,Ventilation,Ventilation 1,Emergency Ventilation 1 Control Signal
2024-08-06 18:55:00+00:00,110.69294855516637,Seasonal_Storage_System,Ventilation,Ventilation 1,Emergency Ventilation 1 Control Signal
2024-08-06 18:56:00+00:00,110.67474213022854,Seasonal_Storage_System,Hydrogen Plant,Electrolyser,Downstream Temperature
2024-08-06 18:57:00+00:00,110.50926929711082,Seasonal_Storage_System,Hydrogen Plant,Electrolyser,Downstream Temperature
2024-08-06 18:58:00+00:00,110.01533656748599,Seasonal_Storage_System,Hydrogen Plant,Electrolyser,Downstream Temperature
2024-08-06 18:59:00+00:00,110.82897530864197,Seasonal_Storage_System,Hydrogen Plant,Compressor,Anode Dewpoint
2024-08-06 19:00:00+00:00,110.46258624407072,Seasonal_Storage_System,Heat Management,Indoor Convector,Indoor Convector Feed Temperature
2024-08-06 19:01:00+00:00,110.81970181112548,Seasonal_Storage_System,Heat Management,Indoor Convector,Indoor Convector Feed Temperature
2024-08-06 19:02:00+00:00,110.60978848641656,Seasonal_Storage_System,Heat Management,Indoor Convector,Indoor Convector Feed Temperature
2024-08-06 19:03:00+00:00,110.64964014661493,Seasonal_Storage_System,Heat Management,Indoor Convector,Indoor Convector Feed Temperature
2024-08-06 19:04:00+00:00,110.46025569176882,Seasonal_Storage_System,Heat Management,Indoor Convector,Indoor Convector Feed Temperature
2024-08-06 19:05:00+00:00,110.43511492022424,Seasonal_Storage_System,Hydrogen Plant,Electrolyser,Downstream Temperature
2024-08-06 19:06:00+00:00,109.98301315222079,Seasonal_Storage_System,Hydrogen Plant,Electrolyser,Downstream Temperature
2024-08-06 19:07:00+00:00,109.66498210435532,Seasonal_Storage_System,Heat Management,Indoor Convector,Indoor Convector Feed Temperature
2024-08-06 19:08:00+00:00,109.03079107373868,Seasonal_Storage_System,Heat Management,Indoor Convector,Indoor Convector Feed Temperature
2024-08-06 19:09:00+00:00,108.89853234152652,Seasonal_Storage_System,Heat Management,Indoor Convector,Indoor Convector Feed Temperature
2024-08-06 19:10:00+00:00,108.65571625700733,Seasonal_Storage_System,Heat Management,Indoor Convector,Indoor Convector Feed Temperature
2024-08-06 19:11:00+00:00,84.49200086244072,Seasonal_Storage_System,Heat Management,Indoor Convector,Indoor Convector Feed Temperature
2024-08-06 19:12:00+00:00,50.94221582578698,Seasonal_Storage_System,Heat Management,Indoor Convector,Indoor Convector Feed Temperature
2024-08-06 19:13:00+00:00,41.90510157618213,Seasonal_Storage_System,Heat Management,Indoor Convector,Indoor Convector Feed Temperature
2024-08-06 19:14:00+00:00,42.648496545768566,Seasonal_Storage_System,Hydrogen Plant,Electrolyser,Downstream Temperature
2024-08-06 19:15:00+00:00,38.65951350566366,Seasonal_Storage_System,Ventilation,Ventilation 1,Emergency Ventilation 1 Control Signal
2024-08-06 19:16:00+00:00,4.553296903460837,Seasonal_Storage_System,Ventilation,Ventilation 1,Emergency Ventilation 1 Control Signal
2024-08-06 19:17:00+00:00,-0.12357923497267746,Seasonal_Storage_System,Ventilation,Ventilation 1,Emergency Ventilation 1 Control Signal
2024-08-06 19:18:00+00:00,2.7714480874316942,Seasonal_Storage_System,Ventilation,Ventilation 1,Emergency Ventilation 1 Control Signal
2024-08-06 19:19:00+00:00,2.630136612021858,Seasonal_Storage_System,Ventilation,Ventilation 1,Emergency Ventilation 1 Control Signal
2024-08-06 19:20:00+00:00,2.5454644808743168,Seasonal_Storage_System,Ventilation,Ventilation 1,Emergency Ventilation 1 Control Signal
2024-08-06 19:21:00+00:00,2.1498087431693986,Seasonal_Storage_System,Ventilation,Ventilation 1,Emergency Ventilation 1 Control Signal
2024-08-06 19:22:00+00:00,2.1736247723132966,Seasonal_Storage_System,Ventilation,Ventilation 1,Emergency Ventilation 1 Control Signal
2024-08-06 19:23:00+00:00,2.7852641165755916,Seasonal_Storage_System,Ventilation,Ventilation 1,Emergency Ventilation 1 Control Signal
2024-08-06 19:24:00+00:00,2.7298816029143897,Seasonal_Storage_System,Ventilation,Ventilation 1,Emergency Ventilation 1 Control Signal
2024-08-06 19:25:00+00:00,3.256484517304189,Seasonal_Storage_System,Ventilation,Ventilation 1,Emergency Ventilation 1 Control Signal
2024-08-06 19:26:00+00:00,2.871775956284153,Seasonal_Storage_System,Ventilation,Ventilation 1,Emergency Ventilation 1 Control Signal
2024-08-06 19:27:00+00:00,2.7993442622950817,Seasonal_Storage_System,Ventilation,Ventilation 1,Emergency Ventilation 1 Control Signal
2024-08-06 19:28:00+00:00,2.8273497267759566,Seasonal_Storage_System,Ventilation,Ventilation 1,Emergency Ventilation 1 Control Signal
2024-08-06 19:29:00+00:00,2.9207103825136613,Seasonal_Storage_System,Ventilation,Ventilation 1,Emergency Ventilation 1 Control Signal
2024-08-06 19:30:00+00:00,2.525464480874317,Seasonal_Storage_System,Ventilation,Ventilation 1,Emergency Ventilation 1 Control Signal
2024-08-06 19:31:00+00:00,2.6306921675774135,Seasonal_Storage_System,Ventilation,Ventilation 1,Emergency Ventilation 1 Control Signal
2024-08-06 19:32:00+00:00,2.868123861566484,Seasonal_Storage_System,Ventilation,Ventilation 1,Emergency Ventilation 1 Control Signal
2024-08-06 19:33:00+00:00,2.858633879781421,Seasonal_Storage_System,Ventilation,Ventilation 1,Emergency Ventilation 1 Control Signal
2024-08-06 19:34:00+00:00,2.8500091074681237,Seasonal_Storage_System,Ventilation,Ventilation 1,Emergency Ventilation 1 Control Signal
2024-08-06 19:35:00+00:00,2.3846448087431695,Seasonal_Storage_System,Ventilation,Ventilation 1,Emergency Ventilation 1 Control Signal
2024-08-06 19:36:00+00:00,2.7173497267759563,Seasonal_Storage_System,Ventilation,Ventilation 1,Emergency Ventilation 1 Control Signal
2024-08-06 19:37:00+00:00,2.6490710382513663,Seasonal_Storage_System,Ventilation,Ventilation 1,Emergency Ventilation 1 Control Signal
2024-08-06 19:38:00+00:00,3.0026593806921675,Seasonal_Storage_System,Ventilation,Ventilation 1,Emergency Ventilation 1 Control Signal
2024-08-06 19:39:00+00:00,2.540127504553734,Seasonal_Storage_System,Ventilation,Ventilation 1,Emergency Ventilation 1 Control Signal
2024-08-06 19:40:00+00:00,2.41356102003643,Seasonal_Storage_System,Ventilation,Ventilation 1,Emergency Ventilation 1 Control Signal
2024-08-06 19:41:00+00:00,2.5595901639344265,Seasonal_Storage_System,Ventilation,Ventilation 1,Emergency Ventilation 1 Control Signal
2024-08-06 19:42:00+00:00,3.168433515482696,Seasonal_Storage_System,Ventilation,Ventilation 1,Emergency Ventilation 1 Control Signal
2024-08-06 19:43:00+00:00,2.673979963570128,Seasonal_Storage_System,Ventilation,Ventilation 1,Emergency Ventilation 1 Control Signal
2024-08-06 19:44:00+00:00,2.7076448942042317,Seasonal_Storage_System,Ventilation,Ventilation 1,Emergency Ventilation 1 Control Signal
2024-08-06 19:45:00+00:00,2.791056466302368,Seasonal_Storage_System,Battery System,Battery,Current
2024-08-06 19:46:00+00:00,2.8458014571949,Seasonal_Storage_System,PV System,PV Inverter,Active Power
2024-08-06 19:47:00+00:00,2.6698269581056464,Seasonal_Storage_System,Battery System,Battery,Current
2024-08-06 19:48:00+00:00,2.71488160291439,Seasonal_Storage_System,Battery System,Battery,Current
2024-08-06 19:49:00+00:00,2.358333333333333,Seasonal_Storage_System,PV System,PV Inverter,Active Power
2024-08-06 19:50:00+00:00,2.840455373406193,Seasonal_Storage_System,PV System,PV Inverter,Active Power
2024-08-06 19:51:00+00:00,2.420792349726776,Seasonal_Storage_System,Battery System,Battery,Current
2024-08-06 19:52:00+00:00,3.1249089253187607,Seasonal_Storage_System,PV System,PV Inverter,Active Power
2024-08-06 19:53:00+00:00,2.943788706739526,Seasonal_Storage_System,Battery System,Battery,Current
2024-08-06 19:54:00+00:00,2.593989071038252,Seasonal_Storage_System,Battery System,Battery,Current
2024-08-06 19:55:00+00:00,2.410273224043716,Seasonal_Storage_System,PV System,PV Inverter,Active Power
2024-08-06 19:56:00+00:00,3.2785974499089248,Seasonal_Storage_System,PV System,PV Inverter,Active Power
2024-08-06 19:57:00+00:00,2.433123861566485,Seasonal_Storage_System,PV System,PV Inverter,Active Power
2024-08-06 19:58:00+00:00,2.5567486338797814,Seasonal_Storage_System,Battery System,Battery,Current
2024-08-06 19:59:00+00:00,2.774808743169399,Seasonal_Storage_System,Battery System,Battery,Current
2024-08-06 20:00:00+00:00,2.3865209471766846,Seasonal_Storage_System,Battery System,Battery,Current
2024-08-06 20:01:00+00:00,2.829699453551912,Seasonal_Storage_System,Battery System,Battery,Current
2024-08-06 20:02:00+00:00,2.5037158469945355,Seasonal_Storage_System,Battery System,Battery,Current
2024-08-06 20:03:00+00:00,2.1657377049180333,Seasonal_Storage_System,Battery System,Battery,Current
2024-08-06 20:04:00+00:00,2.4188979963570127,Seasonal_Storage_System,Battery System,Battery,Current
2024-08-06 20:05:00+00:00,2.412723132969035,Seasonal_Storage_System,Battery System,Battery,Current
2024-08-06 20:06:00+00:00,2.7826229508196723,Seasonal_Storage_System,Battery System,Battery,Current
2024-08-06 20:07:00+00:00,2.3109653916211292,Seasonal_Storage_System,PV System,PV Inverter,Active Power
2024-08-06 20:08:00+00:00,2.4681420765027324,Seasonal_Storage_System,Battery System,Battery,Current
2024-08-06 20:09:00+00:00,2.1685428051001825,Seasonal_Storage_System,Battery System,Battery,Current
2024-08-06 20:10:00+00:00,2.1822495446265937,Seasonal_Storage_System,Battery System,Battery,Current
2024-08-06 20:11:00+00:00,2.3089253187613847,Seasonal_Storage_System,Battery System,Battery,Current
2024-08-06 20:12:00+00:00,3.06823315118397,Seasonal_Storage_System,Battery System,Battery,Current
2024-08-06 20:13:00+00:00,2.669335154826958,Seasonal_Storage_System,PV System,PV Inverter,Active Power
2024-08-06 20:14:00+00:00,2.7439071038251366,Seasonal_Storage_System,Battery System,Battery,Current
2024-08-06 20:15:00+00:00,1.9329781420765026,Seasonal_Storage_System,PV System,PV Inverter,Active Power
2024-08-06 20:16:00+00:00,2.523588342440801,Seasonal_Storage_System,Battery System,Battery,Current
2024-08-06 20:17:00+00:00,2.485245901639344,Seasonal_Storage_System,PV System,PV Inverter,Active Power
2024-08-06 20:18:00+00:00,2.7762659380692165,Seasonal_Storage_System,PV System,PV Inverter,Active Power
2024-08-06 20:19:00+00:00,2.525601092896175,Seasonal_Storage_System,Battery System,Battery,Current
2024-08-06 20:20:00+00:00,2.6656921675774137,Seasonal_Storage_System,PV System,PV Inverter,Active Power
2024-08-06 20:21:00+00:00,2.961757741347905,Seasonal_Storage_System,Battery System,Battery,Current
2024-08-06 20:22:00+00:00,2.7973952641165756,Seasonal_Storage_System,Battery System,Battery,Current
2024-08-06 20:23:00+00:00,2.5443078324225867,Seasonal_Storage_System,PV System,PV Inverter,Active Power
2024-08-06 20:24:00+00:00,2.5764116575591984,Seasonal_Storage_System,PV System,PV Inverter,Active Power
2024-08-06 20:25:00+00:00,2.7619581056466305,Seasonal_Storage_System,Battery System,Battery,Current
2024-08-06 20:26:00+00:00,2.5487340619307832,Seasonal_Storage_System,Battery System,Battery,Current
2024-08-06 20:27:00+00:00,2.8588706739526413,Seasonal_Storage_System,Battery System,Battery,Current
2024-08-06 20:28:00+00:00,2.3268761384335153,Seasonal_Storage_System,PV System,PV Inverter,Active Power
2024-08-06 20:29:00+00:00,2.194699453551913,Seasonal_Storage_System,PV System,PV Inverter,Active Power
2024-08-06 20:30:00+00:00,2.0155737704918035,Seasonal_Storage_System,Battery System,Battery,Current
2024-08-06 20:31:00+00:00,2.605145719489982,Seasonal_Storage_System,Battery System,Battery,Current
2024-08-06 20:32:00+00:00,2.71068306010929,Seasonal_Storage_System,Battery System,Battery,Current
2024-08-06 20:33:00+00:00,2.2855100182149366,Seasonal_Storage_System,Battery System,Battery,Current
2024-08-06 20:34:00+00:00,1.4606010928961748,Seasonal_Storage_System,PV System,PV Inverter,Active Power
2024-08-06 20:35:00+00:00,2.4465027322404373,Seasonal_Storage_System,PV System,PV Inverter,Active Power
2024-08-06 20:36:00+00:00,2.8398269581056463,Seasonal_Storage_System,PV System,PV Inverter,Active Power
2024-08-06 20:37:00+00:00,2.4432750689972402,Seasonal_Storage_System,Battery System,Battery,Current
2024-08-06 20:38:00+00:00,2.625828779599271,Seasonal_Storage_System,Battery System,Battery,Current
2024-08-06 20:39:00+00:00,2.669344262295082,Seasonal_Storage_System,Battery System,Battery,Current
2024-08-06 20:40:00+00:00,2.63867941712204,Seasonal_Storage_System,Battery System,Battery,Current
2024-08-06 20:41:00+00:00,2.7523315118397083,Seasonal_Storage_System,PV System,PV Inverter,Active Power
2024-08-06 20:42:00+00:00,2.835409836065573,Seasonal_Storage_System,PV System,PV Inverter,Active Power
2024-08-06 20:43:00+00:00,2.3807012750455376,Seasonal_Storage_System,PV System,PV Inverter,Active Power
2024-08-06 20:44:00+00:00,2.814635701275045,Seasonal_Storage_System,Battery System,Battery,Current
2024-08-06 20:45:00+00:00,2.397686703096539,Seasonal_Storage_System,Battery System,Battery,Current
2024-08-06 20:46:00+00:00,2.9483970856101998,Seasonal_Storage_System,Battery System,Battery,Current
2024-08-06 20:47:00+00:00,2.3449726775956288,Seasonal_Storage_System,PV System,PV Inverter,Active Power
2024-08-06 20:48:00+00:00,2.4182149362477228,Seasonal_Storage_System,PV System,PV Inverter,Active Power
2024-08-06 20:49:00+00:00,2.1305646630236796,Seasonal_Storage_System,PV System,PV Inverter,Active Power
2024-08-06 20:50:00+00:00,2.0094535519125682,Seasonal_Storage_System,Battery System,Battery,Current
2024-08-06 20:51:00+00:00,2.2804462659380693,Seasonal_Storage_System,PV System,PV Inverter,Active Power
2024-08-06 20:52:00+00:00,2.1158743169398906,Seasonal_Storage_System,Battery System,Battery,Current
2024-08-06 20:53:00+00:00,1.9967030965391621,Seasonal_Storage_System,Battery System,Battery,Current
2024-08-06 20:54:00+00:00,2.7459927140255,Seasonal_Storage_System,Battery System,Battery,Current
2024-08-06 20:55:00+00:00,2.463533697632058,Seasonal_Storage_System,Battery System,Battery,Current
2024-08-06 20:56:00+00:00,2.1908469945355193,Seasonal_Storage_System,Battery System,Battery,Current
2024-08-06 20:57:00+00:00,2.0869489981785065,Seasonal_Storage_System,PV System,PV Inverter,Active Power
2024-08-06 20:58:00+00:00,2.6148087431693985,Seasonal_Storage_System,Battery System,Battery,Current
2024-08-06 20:59:00+00:00,2.1631238615664845,Seasonal_Storage_System,Battery System,Battery,Current
2024-08-06 21:00:00+00:00,2.381748633879781,Seasonal_Storage_System,Battery System,Battery,Current
2024-08-06 21:01:00+00:00,2.425792349726776,Seasonal_Storage_System,Battery System,Battery,Current
2024-08-06 21:02:00+00:00,2.0561475409836065,Seasonal_Storage_System,PV System,PV Inverter,Active Power
2024-08-06 21:03:00+00:00,2.5096357012750454,Seasonal_Storage_System,PV System,PV Inverter,Active Power
2024-08-06 21:04:00+00:00,2.44959927140255,Seasonal_Storage_System,Battery System,Battery,Current
2024-08-06 21:05:00+00:00,2.119590163934426,Seasonal_Storage_System,PV System,PV Inverter,Active Power
2024-08-06 21:06:00+00:00,1.8969945355191258,Seasonal_Storage_System,PV System,PV Inverter,Active Power
2024-08-06 21:07:00+00:00,1.8774681238615665,Seasonal_Storage_System,Battery System,Battery,Current
2024-08-06 21:08:00+00:00,2.339544626593807,Seasonal_Storage_System,Battery System,Battery,Current
2024-08-06 21:09:00+00:00,2.3485701275045536,Seasonal_Storage_System,Battery System,Battery,Current
2024-08-06 21:10:00+00:00,2.4192349726775952,Seasonal_Storage_System,PV System,PV Inverter,Active Power
2024-08-06 21:11:00+00:00,2.4197632058287795,Seasonal_Storage_System,Battery System,Battery,Current
2024-08-06 21:12:00+00:00,2.65143897996357,Seasonal_Storage_System,Battery System,Battery,Current
2024-08-06 21:13:00+00:00,2.2473597056117756,Seasonal_Storage_System,Battery System,Battery,Current
2024-08-06 21:14:00+00:00,2.3269489981785068,Seasonal_Storage_System,Battery System,Battery,Current
2024-08-06 21:15:00+00:00,2.4659198542805103,Seasonal_Storage_System,Battery System,Battery,Current
2024-08-06 21:16:00+00:00,2.4013205828779602,Seasonal_Storage_System,Battery System,Battery,Current
2024-08-06 21:17:00+00:00,1.9766575591985427,Seasonal_Storage_System,Battery System,Battery,Current
2024-08-06 21:18:00+00:00,2.4705464480874317,Seasonal_Storage_System,PV System,PV Inverter,Active Power
2024-08-06 21:19:00+00:00,2.284061930783243,Seasonal_Storage_System,Battery System,Battery,Current
2024-08-06 21:20:00+00:00,2.6642349726775953,Seasonal_Storage_System,Battery System,Battery,Current
2024-08-06 21:21:00+00:00,2.1024043715847,Seasonal_Storage_System,Battery System,Battery,Current
2024-08-06 21:22:00+00:00,2.3662477231329695,Seasonal_Storage_System,Battery System,Battery,Current
2024-08-06 21:23:00+00:00,2.1251639344262294,Seasonal_Storage_System,Battery System,Battery,Current
2024-08-06 21:24:00+00:00,2.2719216757741347,Seasonal_Storage_System,PV System,PV Inverter,Active Power
2024-08-06 21:25:00+00:00,1.8631876138433519,Seasonal_Storage_System,Battery System,Battery,Current
2024-08-06 21:26:00+00:00,2.302222222222222,Seasonal_Storage_System,Battery System,Battery,Current
2024-08-06 21:27:00+00:00,2.1742076502732237,Seasonal_Storage_System,Battery System,Battery,Current
2024-08-06 21:28:00+00:00,2.1280769230769234,Seasonal_Storage_System,Battery System,Battery,Current
2024-08-06 21:29:00+00:00,2.1396994535519127,Seasonal_Storage_System,Ventilation,Ventilation 1,Emergency Ventilation 1 Control Signal
2024-08-06 21:30:00+00:00,1.6863205828779602,Seasonal_Storage_System,Ventilation,Ventilation 1,Emergency Ventilation 1 Control Signal
2024-08-06 21:31:00+00:00,1.79200364298725,Seasonal_Storage_System,Ventilation,Ventilation 1,Emergency Ventilation 1 Control Signal
2024-08-06 21:32:00+00:00,2.2475528978840846,Seasonal_Storage_System,Ventilation,Ventilation 1,Emergency Ventilation 1 Control Signal
2024-08-06 21:33:00+00:00,1.7586247723132968,Seasonal_Storage_System,Battery System,Battery,Current
2024-08-06 21:34:00+00:00,2.6976502732240433,Seasonal_Storage_System,Battery System,Battery,Current
2024-08-06 21:35:00+00:00,2.3801639344262298,Seasonal_Storage_System,Battery System,Battery,Current
2024-08-06 21:36:00+00:00,2.186120218579235,Seasonal_Storage_System,PV System,PV Inverter,Active Power
2024-08-06 21:37:00+00:00,2.2594899817850638,Seasonal_Storage_System,Battery System,Battery,Current
2024-08-06 21:38:00+00:00,1.0576502732240434,Seasonal_Storage_System,PV System,PV Inverter,Active Power
2024-08-06 21:39:00+00:00,2.182413479052823,Seasonal_Storage_System,PV System,PV Inverter,Active Power
2024-08-06 21:40:00+00:00,1.495865209471767,Seasonal_Storage_System,PV System,PV Inverter,Active Power
2024-08-06 21:41:00+00:00,2.554134790528233,Seasonal_Storage_System,Battery System,Battery,Current
2024-08-06 21:42:00+00:00,2.3379234972677594,Seasonal_Storage_System,PV System,PV Inverter,Active Power
2024-08-06 21:43:00+00:00,2.2457468123861566,Seasonal_Storage_System,PV System,PV Inverter,Active Power
2024-08-06 21:44:00+00:00,2.4327595628415297,Seasonal_Storage_System,Battery System,Battery,Current
2024-08-06 21:45:00+00:00,2.0072222222222225,Seasonal_Storage_System,PV System,PV Inverter,Active Power
2024-08-06 21:46:00+00:00,2.3824408014571947,Seasonal_Storage_System,PV System,PV Inverter,Active Power
2024-08-06 21:47:00+00:00,2.0302550091074685,Seasonal_Storage_System,Battery System,Battery,Current
2024-08-06 21:48:00+00:00,1.8194262295081969,Seasonal_Storage_System,PV System,PV Inverter,Active Power
2024-08-06 21:49:00+00:00,1.7695810564663024,Seasonal_Storage_System,Battery System,Battery,Current
2024-08-06 21:50:00+00:00,2.202632058287796,Seasonal_Storage_System,Battery System,Battery,Current
2024-08-06 21:51:00+00:00,2.179854280510018,Seasonal_Storage_System,PV System,PV Inverter,Active Power
2024-08-06 21:52:00+00:00,2.1165300546448087,Seasonal_Storage_System,Battery System,Battery,Current
2024-08-06 21:53:00+00:00,2.1778415300546454,Seasonal_Storage_System,Battery System,Battery,Current
2024-08-06 21:54:00+00:00,1.8314298724954465,Seasonal_Storage_System,Battery System,Battery,Current
2024-08-06 21:55:00+00:00,1.9771584699453553,Seasonal_Storage_System,Battery System,Battery,Current
2024-08-06 21:56:00+00:00,2.131448087431694,Seasonal_Storage_System,Battery System,Battery,Current
2024-08-06 21:57:00+00:00,1.8970127504553735,Seasonal_Storage_System,Battery System,Battery,Current
2024-08-06 21:58:00+00:00,2.1833515482695813,Seasonal_Storage_System,Battery System,Battery,Current
2024-08-06 21:59:00+00:00,2.027750455373406,Seasonal_Storage_System,Battery System,Battery,Current
2024-08-06 22:00:00+00:00,1.700191256830601,Seasonal_Storage_System,Battery System,Battery,Current
2024-08-06 22:01:00+00:00,1.3162386156648453,Seasonal_Storage_System,PV System,PV Inverter,Active Power
2024-08-06 22:02:00+00:00,1.9607559198542803,Seasonal_Storage_System,Battery System,Battery,Current
2024-08-06 22:03:00+00:00,1.285191256830601,Seasonal_Storage_System,PV System,PV Inverter,Active Power
2024-08-06 22:04:00+00:00,2.0554280510018215,Seasonal_Storage_System,PV System,PV Inverter,Active Power
2024-08-06 22:05:00+00:00,1.8179417122040071,Seasonal_Storage_System,PV System,PV Inverter,Active Power
2024-08-06 22:06:00+00:00,1.4469398907103828,Seasonal_Storage_System,Battery System,Battery,Current
2024-08-06 22:07:00+00:00,1.93436247723133,Seasonal_Storage_System,Battery System,Battery,Current
2024-08-06 22:08:00+00:00,1.490355191256831,Seasonal_Storage_System,Battery System,Battery,Current
2024-08-06 22:09:00+00:00,2.2275318761384337,Seasonal_Storage_System,PV System,PV Inverter,Active Power
2024-08-06 22:10:00+00:00,1.8738888888888887,Seasonal_Storage_System,Battery System,Battery,Current
2024-08-06 22:11:00+00:00,2.248187613843352,Seasonal_Storage_System,PV System,PV Inverter,Active Power
2024-08-06 22:12:00+00:00,1.754690346083789,Seasonal_Storage_System,PV System,PV Inverter,Active Power
2024-08-06 22:13:00+00:00,1.8504280510018218,Seasonal_Storage_System,PV System,PV Inverter,Active Power
2024-08-06 22:14:00+00:00,1.7889435336976323,Seasonal_Storage_System,Ventilation,Ventilation 1,Emergency Ventilation 1 Control Signal
2024-08-06 22:15:00+00:00,1.6781511839708556,Seasonal_Storage_System,Ventilation,Ventilation 1,Emergency Ventilation 1 Control Signal
2024-08-06 22:16:00+00:00,1.8910291438979967,Seasonal_Storage_System,Ventilation,Ventilation 1,Emergency Ventilation 1 Control Signal
2024-08-06 22:17:00+00:00,1.572723132969035,Seasonal_Storage_System,Ventilation,Ventilation 1,Emergency Ventilation 1 Control Signal
2024-08-06 22:18:00+00:00,1.4832695810564664,Seasonal_Storage_System,Ventilation,Ventilation 1,Emergency Ventilation 1 Control Signal
2024-08-06 22:19:00+00:00,2.2829781420765025,Seasonal_Storage_System,Ventilation,Ventilation 1,Emergency Ventilation 1 Control Signal
2024-08-06 22:20:00+00:00,2.284826958105647,Seasonal_Storage_System,Ventilation,Ventilation 1,Emergency Ventilation 1 Control Signal
2024-08-06 22:21:00+00:00,1.6443806921675779,Seasonal_Storage_System,Ventilation,Ventilation 1,Emergency Ventilation 1 Control Signal
2024-08-06 22:22:00+00:00,2.149808743169399,Seasonal_Storage_System,Ventilation,Ventilation 1,Emergency Ventilation 1 Control Signal
2024-08-06 22:23:00+00:00,2.412040072859745,Seasonal_Storage_System,Ventilation,Ventilation 1,Emergency Ventilation 1 Control Signal
2024-08-06 22:24:00+00:00,2.1699635701275044,Seasonal_Storage_System,Ventilation,Ventilation 1,Emergency Ventilation 1 Control Signal
2024-08-06 22:25:00+00:00,2.1773315118397085,Seasonal_Storage_System,Ventilation,Ventilation 1,Emergency Ventilation 1 Control Signal
2024-08-06 22:26:00+00:00,1.618242258652095,Seasonal_Storage_System,Ventilation,Ventilation 1,Emergency Ventilation 1 Control Signal
2024-08-06 22:27:00+00:00,1.6841165755919858,Seasonal_Storage_System,Ventilation,Ventilation 1,Emergency Ventilation 1 Control Signal
2024-08-06 22:28:00+00:00,2.443229070837166,Seasonal_Storage_System,Ventilation,Ventilation 1,Emergency Ventilation 1 Control Signal
2024-08-06 22:29:00+00:00,1.4784972677595627,Seasonal_Storage_System,Battery System,Battery,Current
2024-08-06 22:30:00+00:00,1.611539162112933,Seasonal_Storage_System,Battery System,Battery,Current
2024-08-06 22:31:00+00:00,1.666657559198543,Seasonal_Storage_System,Battery System,Battery,Current
2024-08-06 22:32:00+00:00,1.9734608378870675,Seasonal_Storage_System,Battery System,Battery,Current
2024-08-06 22:33:00+00:00,2.0391347905282333,Seasonal_Storage_System,PV System,PV Inverter,Active Power
2024-08-06 22:34:00+00:00,2.0837431693989075,Seasonal_Storage_System,Battery System,Battery,Current
2024-08-06 22:35:00+00:00,2.3958469945355194,Seasonal_Storage_System,Battery System,Battery,Current
2024-08-06 22:36:00+00:00,2.0980783242258654,Seasonal_Storage_System,Battery System,Battery,Current
2024-08-06 22:37:00+00:00,2.3242896174863383,Seasonal_Storage_System,Battery System,Battery,Current
2024-08-06 22:38:00+00:00,1.408761384335155,Seasonal_Storage_System,Battery System,Battery,Current
2024-08-06 22:39:00+00:00,2.6730692167577406,Seasonal_Storage_System,Battery System,Battery,Current
2024-08-06 22:40:00+00:00,1.4241438979963572,Seasonal_Storage_System,PV System,PV Inverter,Active Power
2024-08-06 22:41:00+00:00,1.6672040072859748,Seasonal_Storage_System,PV System,PV Inverter,Active Power
2024-08-06 22:42:00+00:00,1.7678688524590167,Seasonal_Storage_System,Battery System,Battery,Current
2024-08-06 22:43:00+00:00,2.0695173041894352,Seasonal_Storage_System,PV System,PV Inverter,Active Power
2024-08-06 22:44:00+00:00,2.0566211293260475,Seasonal_Storage_System,Battery System,Battery,Current
2024-08-06 22:45:00+00:00,2.0204280510018213,Seasonal_Storage_System,Battery System,Battery,Current
2024-08-06 22:46:00+00:00,2.3366575591985423,Seasonal_Storage_System,PV System,PV Inverter,Active Power
2024-08-06 22:47:00+00:00,1.7431420765027326,Seasonal_Storage_System,Battery System,Battery,Current
2024-08-06 22:48:00+00:00,2.1032331511839706,Seasonal_Storage_System,Battery System,Battery,Current
2024-08-06 22:49:00+00:00,1.759981785063752,Seasonal_Storage_System,PV System,PV Inverter,Active Power
2024-08-06 22:50:00+00:00,1.9852823315118395,Seasonal_Storage_System,Battery System,Battery,Current
2024-08-06 22:51:00+00:00,1.9077959927140258,Seasonal_Storage_System,Battery System,Battery,Current
2024-08-06 22:52:00+00:00,1.8409380692167576,Seasonal_Storage_System,Battery System,Battery,Current
2024-08-06 22:53:00+00:00,1.5007103825136614,Seasonal_Storage_System,Battery System,Battery,Current
2024-08-06 22:54:00+00:00,2.3922040072859745,Seasonal_Storage_System,Battery System,Battery,Current
2024-08-06 22:55:00+00:00,1.5078324225865212,Seasonal_Storage_System,Battery System,Battery,Current
2024-08-06 22:56:00+00:00,1.3525500910746813,Seasonal_Storage_System,Battery System,Battery,Current
2024-08-06 22:57:00+00:00,1.6046630236794177,Seasonal_Storage_System,Battery System,Battery,Current
2024-08-06 22:58:00+00:00,1.49528233151184,Seasonal_Storage_System,Battery System,Battery,Current
2024-08-06 22:59:00+00:00,1.857996357012751,Seasonal_Storage_System,Battery System,Battery,Current
2024-08-06 23:00:00+00:00,1.472577413479053,Seasonal_Storage_System,PV System,PV Inverter,Active Power
2024-08-06 23:01:00+00:00,1.601675774134791,Seasonal_Storage_System,Battery System,Battery,Current
2024-08-06 23:02:00+00:00,1.858360655737705,Seasonal_Storage_System,PV System,PV Inverter,Active Power
2024-08-06 23:03:00+00:00,1.8451457194899825,Seasonal_Storage_System,Battery System,Battery,Current
2024-08-06 23:04:00+00:00,1.505027322404372,Seasonal_Storage_System,Battery System,Battery,Current
2024-08-06 23:05:00+00:00,1.5707923497267762,Seasonal_Storage_System,Battery System,Battery,Current
2024-08-06 23:06:00+00:00,1.7987522768670312,Seasonal_Storage_System,PV System,PV Inverter,Active Power
2024-08-06 23:07:00+00:00,1.9007650273224048,Seasonal_Storage_System,Battery System,Battery,Current
2024-08-06 23:08:00+00:00,1.8908652094717673,Seasonal_Storage_System,Battery System,Battery,Current
2024-08-06 23:09:00+00:00,1.5516302367941712,Seasonal_Storage_System,PV System,PV Inverter,Active Power
2024-08-06 23:10:00+00:00,1.9223497267759564,Seasonal_Storage_System,Battery System,Battery,Current
2024-08-06 23:11:00+00:00,1.699617486338798,Seasonal_Storage_System,Battery System,Battery,Current
2024-08-06 23:12:00+00:00,1.5896539162112935,Seasonal_Storage_System,Battery System,Battery,Current
2024-08-06 23:13:00+00:00,1.8457103825136614,Seasonal_Storage_System,PV System,PV Inverter,Active Power
2024-08-06 23:14:00+00:00,1.9750182149362479,Seasonal_Storage_System,PV System,PV Inverter,Active Power
2024-08-06 23:15:00+00:00,2.020774134790528,Seasonal_Storage_System,Battery System,Battery,Current
2024-08-06 23:16:00+00:00,2.168078324225865,Seasonal_Storage_System,Battery System,Battery,Current
2024-08-06 23:17:00+00:00,1.572978142076503,Seasonal_Storage_System,PV System,PV Inverter,Active Power
2024-08-06 23:18:00+00:00,1.7925045537340625,Seasonal_Storage_System,Battery System,Battery,Current
2024-08-06 23:19:00+00:00,1.6435401459854018,Seasonal_Storage_System,Battery System,Battery,Current
2024-08-06 23:20:00+00:00,1.9076216712580354,Seasonal_Storage_System,User Control,Mode Selector,Mode Selector Battery
2024-08-06 23:21:00+00:00,1.9054280510018218,Seasonal_Storage_System,Battery System,Battery,Current
2024-08-06 23:22:00+00:00,2.09827868852459,Seasonal_Storage_System,PV System,PV Inverter,Active Power
2024-08-06 23:23:00+00:00,2.113497267759563,Seasonal_Storage_System,Battery System,Battery,Current
2024-08-06 23:24:00+00:00,1.886393442622951,Seasonal_Storage_System,PV System,PV Inverter,Active Power
2024-08-06 23:25:00+00:00,1.860601092896175,Seasonal_Storage_System,Battery System,Battery,Current
2024-08-06 23:26:00+00:00,1.2061748633879783,Seasonal_Storage_System,Battery System,Battery,Current
2024-08-06 23:27:00+00:00,1.5474772313296907,Seasonal_Storage_System,Battery System,Battery,Current
2024-08-06 23:28:00+00:00,2.4378688524590157,Seasonal_Storage_System,Battery System,Battery,Current
2024-08-06 23:29:00+00:00,1.962422586520947,Seasonal_Storage_System,PV System,PV Inverter,Active Power
2024-08-06 23:30:00+00:00,1.3944080145719493,Seasonal_Storage_System,Battery System,Battery,Current
2024-08-06 23:31:00+00:00,1.9485531135531142,Seasonal_Storage_System,Battery System,Battery,Current
2024-08-06 23:32:00+00:00,1.7440437158469946,Seasonal_Storage_System,Ventilation,Ventilation 1,Emergency Ventilation 1 Control Signal
2024-08-06 23:33:00+00:00,2.0746721311475413,Seasonal_Storage_System,Ventilation,Ventilation 1,Emergency Ventilation 1 Control Signal
2024-08-06 23:34:00+00:00,1.7360564663023683,Seasonal_Storage_System,Ventilation,Ventilation 1,Emergency Ventilation 1 Control Signal
2024-08-06 23:35:00+00:00,1.6890619307832426,Seasonal_Storage_System,Ventilation,Ventilation 1,Emergency Ventilation 1 Control Signal
2024-08-06 23:36:00+00:00,1.7822495446265942,Seasonal_Storage_System,Ventilation,Ventilation 1,Emergency Ventilation 1 Control Signal
2024-08-06 23:37:00+00:00,1.506963788300836,Seasonal_Storage_System,Ventilation,Ventilation 1,Emergency Ventilation 1 Control Signal
2024-08-06 23:38:00+00:00,1.6830418943533703,Seasonal_Storage_System,Heat Management,Indoor Convector,Indoor Convector Feed Temperature
2024-08-06 23:39:00+00:00,1.7417759562841533,Seasonal_Storage_System,Heat Management,Indoor Convector,Indoor Convector Feed Temperature
2024-08-06 23:40:00+00:00,1.6946994535519126,Seasonal_Storage_System,Heat Management,Indoor Convector,Indoor Convector Feed Temperature
2024-08-06 23:41:00+00:00,1.9061657559198546,Seasonal_Storage_System,Ventilation,Ventilation 1,Emergency Ventilation 1 Control Signal
2024-08-06 23:42:00+00:00,1.8499726775956284,Seasonal_Storage_System,Ventilation,Ventilation 1,Emergency Ventilation 1 Control Signal
2024-08-06 23:43:00+00:00,2.115136612021858,Seasonal_Storage_System,Heat Management,Indoor Convector,Indoor Convector Feed Temperature
2024-08-06 23:44:00+00:00,2.0585610200364295,Seasonal_Storage_System,Ventilation,Ventilation 1,Emergency Ventilation 1 Control Signal
2024-08-06 23:45:00+00:00,2.3588160291438975,Seasonal_Storage_System,Ventilation,Ventilation 1,Emergency Ventilation 1 Control Signal
2024-08-06 23:46:00+00:00,1.8467395264116577,Seasonal_Storage_System,Ventilation,Ventilation 1,Emergency Ventilation 1 Control Signal
2024-08-06 23:47:00+00:00,1.9910200364298727,Seasonal_Storage_System,Heat Management,Indoor Convector,Indoor Convector Feed Temperature
2024-08-06 23:48:00+00:00,1.563688524590164,Seasonal_Storage_System,Heat Management,Indoor Convector,Indoor Convector Feed Temperature
2024-08-06 23:49:00+00:00,1.483779599271403,Seasonal_Storage_System,Heat Management,Indoor Convector,Indoor Convector Feed Temperature
2024-08-06 23:50:00+00:00,1.671994535519126,Seasonal_Storage_System,Heat Management,Indoor Convector,Indoor Convector Feed Temperature
2024-08-06 23:51:00+00:00,2.1035519125683058,Seasonal_Storage_System,Heat Management,Indoor Convector,Indoor Convector Feed Temperature
2024-08-06 23:52:00+00:00,2.241994535519125,Seasonal_Storage_System,Heat Management,Indoor Convector,Indoor Convector Feed Temperature
2024-08-06 23:53:00+00:00,1.7073045078196871,Seasonal_Storage_System,Heat Management,Indoor Convector,Indoor Convector Feed Temperature
2024-08-06 23:54:00+00:00,2.4948633879781417,Seasonal_Storage_System,Battery System,Battery,Current
2024-08-06 23:55:00+00:00,1.6230601092896175,Seasonal_Storage_System,Battery System,Battery,Current
2024-08-06 23:56:00+00:00,1.803852459016394,Seasonal_Storage_System,Battery System,Battery,Current
2024-08-06 23:57:00+00:00,2.064016393442623,Seasonal_Storage_System,Battery System,Battery,Current
2024-08-06 23:58:00+00:00,1.6983515482695815,Seasonal_Storage_System,Battery System,Battery,Current
2024-08-06 23:59:00+00:00,1.3540294388224474,Seasonal_Storage_System,PV System,PV Inverter,Active Power
